datetime,timestamp,open,high,low,close,volume,sma_7,sma_25,sma_99,rsi_14,macd,macd_signal,macd_hist,volume_sma_20,roc_12
2018-09-11 00:00:00,1536624000000,6311.99,6404.0,6169.68,6294.91,33104.88859,6409.455714285715,6527.766,5667.325757575758,94.23818054484882,0.0,0.0,0.0,34092.2044507,0.065622860374493
2018-09-12 00:00:00,1536710400000,6293.0,6360.0,6192.37,6338.62,31433.645939,6409.455714285715,6527.766,5667.325757575758,94.23818054484882,3.486837606837071,0.6973675213674142,2.789470085469657,34092.2044507,0.065622860374493
2018-09-13 00:00:00,1536796800000,6338.62,6535.0,6337.4,6487.38,40465.063107,6409.455714285715,6527.766,5667.325757575758,94.23818054484882,18.045848978496903,4.167063812793313,13.878785165703594,34092.2044507,0.065622860374493
2018-09-14 00:00:00,1536883200000,6487.39,6584.99,6385.62,6476.63,37173.339277,6409.455714285715,6527.766,5667.325757575758,94.23818054484882,28.38928126138217,9.011507302511085,19.37777395887108,34092.2044507,0.065622860374493
2018-09-15 00:00:00,1536969600000,6476.63,6565.45,6466.13,6514.96,25243.656612,6409.455714285715,6527.766,5667.325757575758,95.28201423594632,39.22724921792815,15.054655685594495,24.17259353233365,34092.2044507,0.065622860374493
2018-09-16 00:00:00,1537056000000,6514.96,6524.62,6370.0,6505.0,27568.132897,6409.455714285715,6527.766,5667.325757575758,90.68463251786258,46.47697056031757,21.33911866053912,25.13785189977845,34092.2044507,0.065622860374493
2018-09-17 00:00:00,1537142400000,6500.08,6533.84,6201.0,6248.69,35987.254738,6409.455714285715,6527.766,5667.325757575758,38.80084284066962,31.180917816488545,23.307478491729,7.873439324759545,34092.2044507,0.065622860374493
2018-09-18 00:00:00,1537228800000,6248.69,6390.0,6224.98,6336.45,32620.86667,6415.389999999999,6527.766,5667.325757575758,49.46255638427424,25.84229053495256,23.81444090037371,2.0278496345788426,34092.2044507,0.065622860374493
2018-09-19 00:00:00,1537315200000,6336.39,6517.7,6123.0,6391.89,39044.080082,6423.0,6527.766,5667.325757575758,54.81759055070449,25.787670407995392,24.20908680189805,1.5785836060973466,34092.2044507,0.065622860374493
2018-09-20 00:00:00,1537401600000,6392.0,6540.0,6325.0,6492.0,25189.024728,6423.659999999999,6527.766,5667.325757575758,62.53709394721869,33.43698318137103,26.05466607779265,7.382317103578387,34092.2044507,0.065622860374493
2018-09-21 00:00:00,1537488000000,6492.0,6784.86,6491.0,6759.02,51779.343463,6464.001428571429,6527.766,5667.325757575758,74.86996294341131,60.34972699890022,32.913678262014166,27.436048736886057,34092.2044507,0.065622860374493
2018-09-22 00:00:00,1537574400000,6759.01,6839.03,6627.0,6723.05,29349.690667,6493.728571428571,6527.766,5667.325757575758,71.45732107062925,77.8780621607948,41.9065550417703,35.9715071190245,34092.2044507,0.065622860374493
2018-09-23 00:00:00,1537660800000,6723.05,6788.23,6661.75,6708.0,30286.229773,6522.728571428571,6527.766,5667.325757575758,70.01924692618806,89.52301920033187,51.429847873482615,38.09317132684926,34092.2044507,0.065622860374493
2018-09-24 00:00:00,1537747200000,6706.81,6730.0,6557.0,6581.39,35305.73991,6570.257142857142,6527.766,5667.325757575758,59.221563114393845,87.52641267347008,58.64916083348011,28.877251839989967,34092.2044507,0.0383001347296414
2018-09-25 00:00:00,1537833600000,6581.42,6584.01,6325.02,6447.54,40301.029452,6586.127142857143,6527.766,5667.325757575758,50.37692834196625,74.28717493677141,61.77676365413837,12.510411282633036,34092.2044507,-0.0061411540560287
2018-09-26 00:00:00,1537920000000,6445.11,6557.99,6379.7,6465.12,33484.54207,6596.588571428571,6527.766,5667.325757575758,51.40350217207643,64.47036844862669,62.31548461303604,2.154883835590645,34092.2044507,-0.0017771588001784
2018-09-27 00:00:00,1538006400000,6467.84,6750.0,6434.0,6689.13,33087.428297,6624.75,6527.766,5667.325757575758,62.14881848460438,73.91417683029522,64.63522305648787,9.278953773807345,34092.2044507,0.0267338556184535
2018-09-28 00:00:00,1538092800000,6689.12,6814.8,6540.88,6634.58,42399.448523,6606.972857142857,6527.766,5667.325757575758,58.7425486422374,76.11927824806662,66.93203409480363,9.187244153262997,34092.2044507,0.0199200614911605
2018-09-29 00:00:00,1538179200000,6634.58,6636.0,6464.57,6596.38,30255.9597,6588.877142857143,6527.766,5667.325757575758,56.41090316560942,73.93217219933376,68.33206171570966,5.600110483624107,34092.2044507,0.0556420625763161
2018-09-30 00:00:00,1538265600000,6597.66,6662.0,6533.0,6626.57,27764.724519,6577.244285714286,6527.766,5667.325757575758,57.835338644346486,73.78441478566128,69.42253232969999,4.361882455961293,34092.2044507,0.045785889575393
2018-10-01 00:00:00,1538352000000,6626.57,6667.09,6510.0,6611.61,20621.506894,6581.561428571428,6527.766,5667.325757575758,56.84404336586859,71.63441208508448,69.86490828077689,1.7695038043075897,33468.0353659,0.0343748093286961
2018-10-02 00:00:00,1538438400000,6610.0,6640.0,6494.0,6525.79,28245.810088,6592.74,6527.766,5667.325757575758,51.40121386538417,62.28755057226681,68.34943673907487,-6.0618861668080655,33308.64357335,0.0052048675292668
2018-10-03 00:00:00,1538524800000,6525.79,6549.0,6430.0,6510.0,28451.969138,6599.151428571428,6527.766,5667.325757575758,50.44417603821532,52.9950801497198,65.27856542120387,-12.283485271484068,32707.9888749,-0.036842619196274
2018-10-04 00:00:00,1538611200000,6510.01,6643.46,6505.09,6593.79,20074.300818,6585.5314285714285,6527.766,5667.325757575758,55.20993591038305,51.794824631773736,62.581817263317845,-10.78699263154411,31853.03695195,-0.0192263927830375
2018-10-05 00:00:00,1538697600000,6591.69,6697.0,6543.08,6635.65,16096.552392,6585.684285714286,6527.766,5667.325757575758,57.41338149041473,53.60345834698092,60.78614548005046,-7.182687133069543,31395.68174095,-0.0107856290995826
2018-10-06 00:00:00,1538784000000,6635.65,6651.0,6566.77,6594.27,10939.505391,6585.382857142858,6539.740400000001,5667.325757575758,54.556182023311855,51.1086447808666,58.85064534021369,-7.74200055934709,30564.25036565,0.0019570333926419
2018-10-07 00:00:00,1538870400000,6596.44,6640.0,6525.0,6615.26,17406.831762,6583.767142857143,6550.806,5667.325757575758,55.75888971193647,50.24600002358784,57.12971627688852,-6.883716253300683,29635.229216850003,0.0260130220208016
2018-10-08 00:00:00,1538956800000,6615.26,6715.6,6587.0,6673.01,23123.419541,6592.538571428572,6558.2312,5667.325757575758,58.97587335875526,53.60437236448252,56.42464749440733,-2.820275129924809,29160.356860400003,0.0321556289751776
2018-10-09 00:00:00,1539043200000,6673.01,6685.38,6607.0,6656.61,15354.779469,6611.227142857143,6565.430399999999,5667.325757575758,57.69288812239677,54.316437618864256,56.00300551929872,-1.6865679004344614,27975.89182975,-0.0048616187755359
2018-10-10 00:00:00,1539129600000,6656.67,6659.95,6530.0,6631.0,15390.661444,6628.512857142858,6570.071999999999,5667.325757575758,55.65671246325137,52.21236979686819,55.244878374812615,-3.0325085779444265,27485.973665549995,-0.0005395970807496
2018-10-11 00:00:00,1539216000000,6630.21,6633.92,6205.0,6252.68,48712.400332,6579.782857142857,6559.979200000001,5667.325757575758,35.64376844097026,19.78949763095352,48.1538022260408,-28.36430459508728,27332.626509,-0.0521043360146019
2018-10-12 00:00:00,1539302400000,6252.71,6360.0,6209.0,6298.01,29004.071419,6531.5485714285705,6561.951999999999,5667.325757575758,38.49740068266748,-2.2224905062275866,38.07854367958713,-40.30103418581472,27315.3455466,-0.0495822122153692
2018-10-13 00:00:00,1539388800000,6298.0,6345.0,6285.07,6332.93,19098.070025,6494.214285714285,6561.8112,5667.325757575758,40.679552758529,-16.65738160508772,27.13135862265216,-43.78874022773988,26755.9375592,-0.0421500965725443
2018-10-14 00:00:00,1539475200000,6332.92,6416.0,6308.0,6339.34,15627.411314,6454.797142857143,6559.7092,5667.325757575758,41.09272293800501,-27.26560247621728,16.251966402878274,-43.51756887909556,25772.0211294,-0.0285712534421119
2018-10-15 00:00:00,1539561600000,6339.34,7680.0,6300.0,6752.5,90748.031246,6466.152857142857,6570.1292,5667.325757575758,60.29088587223742,-2.3075350393392,12.54006611443478,-14.84760115377398,28294.3712191,0.0372503840245774
2018-10-16 00:00:00,1539648000000,6752.5,6900.0,6670.0,6759.27,27557.957764,6480.818571428571,6570.1392000000005,5667.325757575758,60.51794842684807,17.81286007547351,13.594624906642526,4.218235168830983,27998.042003800005,0.0250963406477913
2018-10-17 00:00:00,1539734400000,6762.76,6811.12,6676.01,6740.89,26641.431379,6496.517142857142,6570.852800000001,5667.325757575758,59.5228172754156,31.90749601926745,17.257199129167514,14.65029689009994,27675.7421579,0.015859787662098
2018-10-18 00:00:00,1539820800000,6739.01,6796.0,6567.0,6618.96,20116.521941,6548.842857142858,6567.2912,5667.325757575758,53.26545221039399,32.8600740832735,20.377774119988715,12.482299963284788,26561.595828800004,0.0037441597022869
2018-10-19 00:00:00,1539907200000,6618.96,6648.14,6523.0,6528.88,20772.60077,6581.824285714286,6565.1908,5667.325757575758,49.15422608638767,26.04605320369592,21.51142993673016,4.534623266965763,26087.4278823,-0.0130576878308638
2018-10-20 00:00:00,1539993600000,6528.88,6617.65,6505.55,6588.4,19240.722247,6618.320000000001,6570.8252,5667.325757575758,51.8013822243173,25.158645925353994,22.24087313445492,2.917772790899072,25661.2277687,-0.0126794355171055
2018-10-21 00:00:00,1540080000000,6585.72,6663.9,6580.0,6590.11,6515.357792,6654.144285714286,6575.824799999999,5667.325757575758,51.8788958677728,24.313085853428674,22.65531567824967,1.657770175179003,24955.9203136,-0.0099900700206261
2018-10-22 00:00:00,1540166400000,6590.12,6639.0,6535.27,6581.2,16213.69266,6629.672857142857,6571.5076,5667.325757575758,51.41491617159347,22.66276857937464,22.656806258474667,0.0059623208999752,24354.3144422,-0.0075101794601116
2018-10-23 00:00:00,1540252800000,6581.2,6595.0,6515.45,6553.51,13856.601756,6600.278571428572,6568.2648,5667.325757575758,49.92068189097506,18.902630902216515,21.90597118722304,-3.003340285006523,23624.5460731,0.0481121695017177
2018-10-24 00:00:00,1540339200000,6553.51,6630.0,6547.53,6565.5,11951.543977,6575.222857142857,6567.029600000001,5667.325757575758,50.59029315643198,16.69770672891991,20.864318295562413,-4.166611566642501,23218.40823105,0.0424721459635661
2018-10-25 00:00:00,1540425600000,6566.81,6575.09,6502.8,6528.09,10342.701244,6562.241428571428,6563.0904,5667.325757575758,48.4150973242135,11.79564127429785,19.0505828913095,-7.254941617011649,22930.71567365,0.0308166993792762
2018-10-26 00:00:00,1540512000000,6528.13,6600.0,6515.01,6538.63,9443.504156,6563.634285714286,6560.1712,5667.325757575758,49.07939435751469,8.661366160000398,16.97273954504768,-8.311373385047283,22855.9156119,0.0314370265674344
2018-10-27 00:00:00,1540598400000,6538.63,6558.35,6463.04,6505.6,7776.907864,6551.805714285714,6559.3636,5667.325757575758,47.03523088375124,3.472160686861571,14.27262377341046,-10.800463086548888,22374.419417,-0.0365642354683449
2018-10-28 00:00:00,1540684800000,6505.6,6514.17,6453.0,6489.93,5743.933728,6537.494285714286,6558.560800000001,5667.325757575758,46.05519901483813,-1.883053409608692,11.04148833680663,-12.924541746415322,21505.44512635,-0.0398474983245232
2018-10-29 00:00:00,1540771200000,6489.93,6505.01,6315.0,6344.5,13827.224067,6503.68,6548.5892,5667.325757575758,38.11725204708344,-17.658528232657773,5.301485022913751,-22.960013255571525,21429.06735625,-0.0588038078057941
2018-10-30 00:00:00,1540857600000,6344.5,6395.0,6317.01,6330.87,8877.175385,6471.874285714285,6536.398,5667.325757575758,37.46549233872123,-30.904287387666955,-1.9396694592023904,-28.964617928464563,21103.3930533,-0.043524964647014
2018-10-31 00:00:00,1540944000000,6330.01,6428.0,6245.02,6371.93,12148.888216,6444.221428571429,6527.5044,5667.325757575758,40.752091367839846,-37.654391712671895,-9.082613909896292,-28.571777802775603,19275.2174475,-0.0240393451863106
2018-11-01 00:00:00,1541030400000,6369.52,6442.65,6348.66,6410.0,9099.035841,6427.351428571429,6519.294,5667.325757575758,43.70626273599314,-39.47690203325874,-15.161471534568784,-24.31543049868996,18279.9656686,-0.0270778944812093
2018-11-02 00:00:00,1541116800000,6410.0,6460.34,6388.2,6433.98,9739.440679,6412.401428571428,6509.732800000001,5667.325757575758,45.54799920230786,-38.54198103618728,-19.837573434892484,-18.7044076012948,17812.034201299997,-0.0236915620528337
2018-11-03 00:00:00,1541203200000,6432.8,6439.97,6345.0,6387.09,7661.241476,6395.471428571429,6498.952000000001,5667.325757575758,42.61225849032156,-41.11078104091848,-24.092214956097685,-17.018566084820797,17413.7257094,-0.0294946210417552
2018-11-04 00:00:00,1541289600000,6388.0,6525.0,6359.0,6485.85,10592.394943,6394.888571428572,6493.146000000001,5667.325757575758,49.93197679666279,-34.776584109687064,-26.229088786815563,-8.547495322871502,13405.943894250002,-0.0103242384615267
2018-11-05 00:00:00,1541376000000,6485.85,6504.39,6431.02,6468.99,8987.882156,6412.672857142857,6501.7984,5667.325757575758,48.78791710606784,-30.76253712242942,-27.135778453938336,-3.626758668491085,12477.44011385,-0.0146995659127256
2018-11-06 00:00:00,1541462400000,6468.99,6531.31,6445.18,6519.11,11926.565699,6439.564285714286,6510.6424,5667.325757575758,52.28768008825111,-23.268881652385065,-26.362399093627683,3.0935174412426214,11741.69682985,-0.0013755937801103
2018-11-07 00:00:00,1541548800000,6522.73,6615.15,6509.0,6578.46,14271.591117,6469.068571428572,6520.4636,5667.325757575758,56.11242213930864,-12.398138686937273,-23.569547012289604,11.171408325352331,11449.45028865,0.0060914901133724
2018-11-08 00:00:00,1541635200000,6578.46,6594.0,6468.22,6479.84,13259.789282,6479.045714285713,6526.0836,5667.325757575758,49.07291247699991,-11.607008002477414,-21.17703921032717,9.570031207849755,11073.80971425,-0.0039596655189375
2018-11-09 00:00:00,1541721600000,6479.84,6511.53,6391.01,6419.99,11787.616583,6477.047142857143,6512.7832,5667.325757575758,45.35426217468181,-15.629261648526152,-20.067483697966967,4.438222049440814,10701.15443105,-0.0107766955883962
2018-11-10 00:00:00,1541808000000,6419.99,6475.55,6411.0,6433.05,7714.829926,6483.612857142857,6499.7344,5667.325757575758,46.310349991362585,-17.560665369521303,-19.56612003227784,2.0054546627565344,10761.12803775,0.0139569706044606
2018-11-11 00:00:00,1541894400000,6435.16,6462.14,6355.0,6449.81,8213.507117,6478.464285714285,6488.0912,5667.325757575758,47.57791801790508,-17.536771813384803,-19.160250388499232,1.6234785751144294,10361.118760599998,0.0187873072737239
2018-11-12 00:00:00,1541980800000,6450.71,6497.0,6421.0,6453.07,10132.782567,6476.1900000000005,6481.455599999999,5667.325757575758,47.83589486679709,-17.058145559278273,-18.73982942265504,1.6816838633767688,10174.92780115,0.0127339754203199
2018-11-13 00:00:00,1542067200000,6451.68,6498.0,6391.15,6457.66,11790.564933,6467.411428571429,6478.6068,5667.325757575758,48.22225240602617,-16.122604812508143,-18.216384500625665,2.0937796881175217,10166.87884895,0.0074352574102964
2018-11-14 00:00:00,1542153600000,6458.98,6482.84,5656.87,5922.41,46478.964003,6373.6900000000005,6451.9672,5667.325757575758,24.983866647353462,-57.90390360278707,-26.15388832105795,-31.75001528172912,11973.6919869,-0.0795106605864487
2018-11-15 00:00:00,1542240000000,5917.2,5939.54,5403.42,5753.4,47700.829401,6269.912857142857,6418.4988,5667.325757575758,21.466204423971703,-103.46094506408554,-41.61529966966347,-61.845645394422064,13886.55824915,-0.0992141961362687
2018-11-16 00:00:00,1542326400000,5757.09,5782.89,5549.25,5655.94,38721.802274,6160.762857142857,6381.488399999999,5667.325757575758,19.740189714581703,-145.74932860141053,-62.44210545601289,-83.30722314539764,15433.802969649998,-0.1279570141153435
2018-11-17 00:00:00,1542412800000,5650.57,5656.6,5565.43,5628.29,26411.241413,6045.797142857143,6344.4796,5667.325757575758,19.266870833174863,-179.4259900212346,-85.83888236905725,-93.58710765217737,16467.1683539,-0.1299584633768177
2018-11-18 00:00:00,1542499200000,5630.49,5738.17,5617.0,5662.0,23844.999347,5933.252857142857,6308.339599999999,5667.325757575758,21.73087416582051,-201.0769812758417,-108.88650215041416,-92.19047912542756,16968.0571179,-0.1314765359075088
2018-11-19 00:00:00,1542585600000,5661.94,5664.0,4855.0,4910.03,70580.892856,5712.818571428571,6243.6172,5667.325757575758,12.53808670304518,-275.73474386818816,-142.25615049396896,-133.4785933742192,20053.24299145,-0.2536201481805772
2018-11-20 00:00:00,1542672000000,4913.4,5048.24,4326.0,4558.86,117380.95159,5441.561428571428,6164.426399999999,5667.325757575758,10.338549925709543,-359.0985778779386,-185.62463597076288,-173.47394190717574,25314.84616015,-0.2964548507370553
2018-11-21 00:00:00,1542758400000,4559.91,4787.2,4413.85,4661.07,61071.829475,5261.37,6090.6452,5667.325757575758,15.01180237652133,-412.1663272829801,-230.93297423320632,-181.23335304977377,27913.48584185,-0.2739755046347424
2018-11-22 00:00:00,1542844800000,4661.08,4721.77,4335.0,4370.0,34531.119143,5063.7414285714285,6005.847999999999,5667.325757575758,12.942925373475845,-472.2658309218823,-279.19954557094155,-193.0662853509408,29153.06976505,-0.3206954710440616
2018-11-23 00:00:00,1542931200000,4370.9,4484.0,4222.94,4420.61,49371.920322,4887.265714285714,5928.8924,5667.325757575758,15.133026277135698,-509.9331248734789,-325.346261431449,-184.58686344202985,31238.60370735,-0.3146139188596254
2018-11-24 00:00:00,1543017600000,4415.63,4527.0,3824.69,3932.44,61693.111006,4645.001428571429,5832.9552,5667.325757575758,11.997730084852163,-572.5756699936928,-374.7921431438978,-197.783526849795,33793.6395105,-0.3906094308600402
2018-11-25 00:00:00,1543104000000,3933.68,4233.0,3652.66,4085.78,101693.975588,4419.827142857143,5741.5092,5667.325757575758,17.761380800932855,-602.8972575380913,-420.41316602273656,-182.4840915153547,38428.9441821,-0.3672971323978035
2018-11-26 00:00:00,1543190400000,4088.69,4206.0,3701.0,3862.2,94504.865717,4270.137142857143,5639.5972,5667.325757575758,16.105115858217573,-637.6183046735823,-463.85419375290576,-173.76411092067656,42557.859183,-0.3478668312393097
2018-11-27 00:00:00,1543276800000,3864.45,3940.0,3689.12,3875.21,67480.607212,4172.472857142857,5537.2464,5667.325757575758,16.592517653189518,-656.5172640569608,-502.3868078137168,-154.130456243244,45218.309987750006,-0.3264487085897034
2018-11-28 00:00:00,1543363200000,3875.63,4394.47,3874.27,4264.85,91983.567949,4115.87,5452.3568,5667.325757575758,29.755004650856065,-632.7600696814652,-528.4614601872665,-104.29860949419869,49154.4989211,-0.2459520433385077
2018-11-29 00:00:00,1543449600000,4262.06,4450.38,4125.65,4295.84,73980.198669,4105.2757142857145,5364.7564,5667.325757575758,30.691833120721554,-604.4638054877705,-543.6619292473674,-60.80187624040309,52264.1280254,-0.2367415325080974
2018-11-30 00:00:00,1543536000000,4295.72,4341.36,3943.0,4041.32,67758.446283,4051.091428571429,5267.6496,5667.325757575758,27.45346056798512,-595.7094810569515,-554.0714396092842,-41.63804144766732,55266.30884325,-0.2862380784175202
2018-12-01 00:00:00,1543622400000,4041.27,4299.99,3963.01,4190.02,44840.073481,4087.888571428572,5174.486,5667.325757575758,31.969730687267884,-570.1998595677696,-557.2971236009813,-12.902735966788327,57097.63716145,-0.1466406518901105
2018-12-02 00:00:00,1543708800000,4190.98,4312.99,4103.04,4161.01,38912.15479,4098.635714285715,5077.7880000000005,5667.325757575758,31.556987240727608,-546.0298728219113,-555.0436734451673,9.013800623255976,58536.6057726,-0.0872696244236496
2018-12-03 00:00:00,1543795200000,4160.55,4179.0,3827.0,3884.01,49094.369163,4101.751428571429,4973.9548,5667.325757575758,27.85856363054848,-542.9675769632258,-552.628454148779,9.660877185553204,60401.795984100005,-0.1667127934143876
2018-12-04 00:00:00,1543881600000,3884.76,4085.0,3781.0,3951.64,48489.551613,4112.67,4875.2208,5667.325757575758,30.015162527657168,-528.9856918663845,-547.8999016923002,18.91420982591569,60502.3253646,-0.0957345537757436
2018-12-05 00:00:00,1543968000000,3950.98,3970.0,3745.0,3769.84,44004.799448,4041.9542857142856,4768.6924,5667.325757575758,27.62450040350521,-526.5054606153963,-543.6210134769194,17.115552861523156,60317.52386695,-0.147212714987298
2018-12-06 00:00:00,1544054400000,3768.44,3899.99,3500.0,3508.75,68378.796943,3929.512857142857,4651.05,5667.325757575758,24.594786615761866,-539.3898895712837,-542.7747886957923,3.3848991245085926,61800.37360040001,-0.1077422668877338
2018-12-07 00:00:00,1544140800000,3508.75,3549.99,3224.6,3403.55,95145.457442,3838.402857142857,4529.0692,5667.325757575758,23.477488681802043,-551.7296571057113,-544.5657623777761,-7.163894727935258,65237.08440185001,-0.1669766849903813
2018-12-08 00:00:00,1544227200000,3403.57,3495.0,3222.0,3410.93,55365.949949,3727.1042857142857,4407.2,5667.325757575758,23.739218073633083,-554.5213307340432,-546.5568760490296,-7.964454685013607,66813.13193194999,-0.1168427321215886
2018-12-09 00:00:00,1544313600000,3411.36,3658.0,3394.04,3545.37,45956.893296,3639.155714285715,4312.1184,5667.325757575758,28.534524814217875,-539.664649608274,-545.1784307608785,5.513781152604565,65581.93195395,-0.0851153872951401
2018-12-10 00:00:00,1544400000000,3548.49,3610.0,3370.11,3432.88,40989.244553,3574.708571428572,4219.2976,5667.325757575758,27.004423642235,-530.8483364800136,-542.3124119047056,11.464075424692057,61762.34660209999,-0.1950760284652449
2018-12-11 00:00:00,1544486400000,3434.01,3480.0,3324.32,3380.39,35920.864154,3493.1014285714286,4128.2756,5667.325757575758,26.295851488665903,-522.0786514196388,-538.2656598076924,16.187008388053528,60504.79833604999,-0.2131015121606019
2018-12-12 00:00:00,1544572800000,3379.23,3492.0,3350.0,3445.0,33922.931286,3446.695714285714,4040.944,5667.325757575758,28.7732735726874,-504.10412721085913,-531.4333532883257,27.32922607746661,60474.3889432,-0.1475557491116764
2018-12-13 00:00:00,1544659200000,3446.38,3460.0,3255.5,3302.06,40040.917013,3417.168571428572,3946.5464,5667.325757575758,26.63984328137816,-495.67936747793055,-524.2825561262467,28.603188648316177,60007.83877775,-0.2119226161211641
2018-12-14 00:00:00,1544745600000,3302.06,3335.39,3177.0,3224.17,44492.983807,3391.542857142857,3879.112,5667.325757575758,25.52904215357233,-489.6434518184801,-517.3547352646934,27.711283446213315,59147.8324178,-0.2251472599200674
2018-12-15 00:00:00,1544832000000,3225.19,3276.5,3156.26,3211.72,29796.041436,3363.0842857142857,3825.2264,5667.325757575758,25.347111677620774,-480.3276381044552,-509.9493158326458,29.621677728190605,55552.93571020001,-0.1730917273642448
2018-12-16 00:00:00,1544918400000,3211.71,3294.0,3186.0,3228.67,24628.808538,3317.841428571429,3767.9304,5667.325757575758,26.119060271620327,-466.2029676663501,-501.2000461993868,34.99707853303664,52059.13285125,-0.1829544189248008
2018-12-17 00:00:00,1545004800000,3229.22,3585.0,3216.0,3509.08,66762.216388,3328.727142857143,3733.4936,5667.325757575758,37.612450917459576,-427.4548872072496,-486.45101440095937,58.99612719370976,52023.21331005,-0.069170044352015
2018-12-18 00:00:00,1545091200000,3509.03,3678.59,3424.47,3652.98,61369.615257,3367.668571428572,3702.7884,5667.325757575758,42.55153234580489,-380.7462214662765,-465.3100558140228,84.56383434774636,50492.51567545,0.0411058069112932
2018-12-19 00:00:00,1545177600000,3653.0,3912.73,3622.55,3662.22,94137.341014,3398.7000000000003,3691.9796,5640.732929292929,42.86432137516892,-339.0750306838472,-440.0630507879877,100.9880201041405,51500.3727927,0.0760000587621747
2018-12-20 00:00:00,1545264000000,3660.01,4120.0,3635.0,4049.62,101543.835986,3505.494285714285,3690.5332,5617.611717171717,54.13868202840355,-271.65885521973496,-406.3822116743372,134.72335645460225,53189.64227785,0.1872480525838995
2018-12-21 00:00:00,1545350400000,4051.86,4139.99,3764.0,3838.66,82343.850112,3593.2785714285715,3689.5916,5590.856969696969,48.52352321683448,-232.5728048678548,-371.6203303130408,139.047525445186,55064.8311094,0.0827247931809656
2018-12-22 00:00:00,1545436800000,3840.25,3979.0,3785.0,3948.91,42822.350872,3698.591428571429,3692.5396,5565.324444444444,51.36266635183431,-190.50455681589392,-335.3971756136114,144.8926187977175,55260.3409135,0.1503198480576075
2018-12-23 00:00:00,1545523200000,3948.91,4021.53,3870.0,3929.71,40117.531529,3798.7399999999993,3679.134,5539.210808080808,50.83681365055744,-156.90573504508757,-299.6988874999067,142.7931524548191,54811.4990318,0.162501959833037
2018-12-24 00:00:00,1545609600000,3929.71,4198.0,3924.83,4008.01,64647.809129,3870.015714285714,3667.6208,5513.988686868687,52.95225308213798,-122.54761844351516,-264.2686336886284,141.72101524511322,55619.411907600006,0.1634281567489115
2018-12-25 00:00:00,1545696000000,4010.11,4020.0,3646.41,3745.79,62725.629432,3883.274285714286,3655.7996,5488.70686868687,45.83877056975185,-115.15014682184392,-234.4449363152715,119.29478949342756,56555.45340680001,0.1343797508222139
2018-12-26 00:00:00,1545782400000,3745.56,3837.15,3656.74,3777.74,42629.375817,3899.777142857143,3639.3084,5462.861313131313,46.77695299128384,-105.49343661316334,-208.65463637484987,103.16119976168652,55267.9823505,0.1716938002648742
2018-12-27 00:00:00,1545868800000,3777.74,3813.98,3535.0,3567.91,44097.392912,3830.961428571428,3615.5844,5434.3362626262615,41.67165676664937,-113.46400910934608,-189.61651092174912,76.15250181240305,52715.579124,0.1109031920590837
2018-12-28 00:00:00,1545955200000,3567.89,3887.25,3540.04,3839.26,45964.304987,3831.047142857143,3613.7944,5407.540909090909,49.36764005719032,-96.7695686535426,-171.04712246810783,74.27755381456524,52245.4968759,0.1891150225944429
2018-12-29 00:00:00,1546041600000,3839.0,3892.0,3670.0,3695.32,38874.373903,3794.82,3603.5416,5376.594444444444,45.90742001526416,-94.06948489297248,-155.65159495308075,61.58211006010831,51891.370906250006,0.0530737401256169
2018-12-30 00:00:00,1546128000000,3696.71,3903.5,3657.9,3801.91,33222.369262,3776.5628571428574,3604.8244,5347.087979797981,48.77092230463634,-82.37911174844612,-140.99709831215387,58.61798656370775,51503.0271417,0.040769453980038
2018-12-31 00:00:00,1546214400000,3803.12,3810.0,3630.33,3702.9,29991.77835,3732.975714285714,3612.590400000001,5316.733434343434,46.3181441453131,-80.17942781186912,-128.83356421209692,48.6541364002278,51206.5728515,0.0111080164490391
2019-01-01 00:00:00,1546300800000,3701.23,3810.16,3642.0,3797.14,23741.687033,3740.3114285714287,3628.334,5288.609696969696,48.9498377713913,-70.02458224546945,-117.07176781877143,47.04718557330199,50697.51063885,-0.062346590544298
2019-01-02 00:00:00,1546387200000,3796.45,3882.14,3750.45,3858.56,35156.463369,3751.857142857143,3646.2392,5262.458383838383,50.64797204818965,-56.37090458238754,-104.93159517149466,48.560690589107125,50453.287956650005,0.0051841007018074
2019-01-03 00:00:00,1546473600000,3857.57,3862.74,3730.0,3766.78,29406.948359,3780.267142857144,3655.0956,5235.202424242424,48.074538545309,-52.352656788435525,-94.41580749488284,42.06315070644732,49698.98618425,-0.0461215879825064
2019-01-04 00:00:00,1546560000000,3767.2,3823.64,3703.57,3792.01,29519.554671,3773.517142857144,3669.4608,5205.938585858586,48.844025274844384,-46.59519590384798,-84.85168517667587,38.25648927282789,49685.161846,-0.0350407536433985
2019-01-05 00:00:00,1546646400000,3790.09,3840.99,3751.0,3770.96,30490.667751,3784.3228571428567,3685.0836,5177.013131313131,48.20221407722348,-43.23256762214669,-76.52786166577003,33.29529404362334,49978.25480665,-0.0591440640118163
2019-01-06 00:00:00,1546732800000,3771.12,4027.71,3740.0,3987.6,36553.806709,3810.85,3706.7876,5150.6618181818185,54.78685094264577,-22.823527599478894,-65.78699485251181,42.96346725303292,48467.8343227,0.0645551405711477
2019-01-07 00:00:00,1546819200000,3987.62,4017.9,3921.53,3975.45,31869.846264,3849.785714285714,3733.7232,5123.882828282828,54.36940759165565,-7.54267256634057,-54.13813039527757,46.595457828937,46992.84587305,0.0523355233552336
2019-01-08 00:00:00,1546905600000,3976.76,4069.8,3903.0,3955.13,38901.423122,3872.3557142857135,3762.9616,5097.049696969698,53.633389377925496,2.894495024480875,-42.731605311325886,45.62610033580676,44231.049978450006,0.1085285223001701
2019-01-09 00:00:00,1546992000000,3955.45,4006.81,3930.04,3966.65,28989.439511,3887.797142857143,3793.1588,5071.199797979798,54.01347202384319,11.95775174065784,-31.79373390092914,43.75148564158698,40603.3301547,0.0331808733974776
2019-01-10 00:00:00,1547078400000,3966.06,3996.01,3540.0,3585.88,59402.22851,3861.9542857142856,3807.4472,5041.6632323232325,41.81294968360824,-11.452491592714978,-27.72548543928631,16.27299384657133,39456.2490746,-0.029615838411829
2019-01-11 00:00:00,1547164800000,3585.88,3658.0,3465.0,3601.31,38338.654733,3834.711428571428,3811.1364,5011.436161616161,42.3809263401557,-28.43245441410181,-27.86687923424941,-0.5655751798524022,39232.06426765,-0.0527629533576544
2019-01-12 00:00:00,1547251200000,3601.31,3618.19,3530.0,3583.13,21999.928354,3807.878571428572,3808.3424,4980.602626262626,41.86243528292933,-42.86208392471463,-30.865920172342456,-11.99616375237217,38326.1841089,-0.0323449188473898
2019-01-13 00:00:00,1547337600000,3584.1,3611.1,3441.3,3476.81,26385.757454,3734.908571428572,3800.926,4949.113131313132,38.86765518197214,-62.16025993531184,-37.12478812493633,-25.035471810375512,36413.08152515,-0.0843608610691204
2019-01-14 00:00:00,1547424000000,3477.56,3671.87,3467.02,3626.09,35235.211215,3685.0,3783.9848,4918.919494949495,44.834929078292696,-64.66315840589004,-42.63246218112708,-22.03069622476297,35038.5606143,-0.0602478644883064
2019-01-15 00:00:00,1547510400000,3626.08,3648.42,3516.62,3553.06,34137.997459,3627.5614285714287,3772.5608,4887.404848484849,42.64198916904376,-71.71297164174575,-48.448564073250814,-23.26440756849494,34613.9916964,-0.0567381158443021
2019-01-16 00:00:00,1547596800000,3553.06,3645.0,3543.51,3591.84,27480.179977,3574.0171428571425,3758.278,4856.447575757576,44.20267263303565,-73.32552649443369,-53.423956557487394,-19.90156993694629,33783.13104965,-0.052787308050348
2019-01-17 00:00:00,1547683200000,3591.84,3634.7,3530.39,3616.21,29755.440838,3578.3499999999995,3745.738,4825.995151515152,45.21155864505612,-71.80926005144602,-57.10101725627912,-14.708242795166896,32972.6878422,-0.0410372955427795
2019-01-18 00:00:00,1547769600000,3613.32,3620.0,3565.75,3594.87,22713.446755,3577.4300000000003,3729.2124,4799.148585858586,44.45357649149019,-71.50529904851919,-59.981873614727135,-11.523425433792056,32164.6414848,-0.0984878122178753
2019-01-19 00:00:00,1547856000000,3594.87,3720.0,3594.23,3665.3,22171.578123,3589.168571428572,3725.9928,4772.555555555556,47.57732889725977,-64.83393018242487,-60.952284928266685,-3.88164525415818,31612.10192785,-0.0780163251958896
2019-01-20 00:00:00,1547942400000,3665.75,3693.73,3475.0,3539.28,27901.938598,3598.092857142857,3716.4544,4744.336868686869,42.92570677401859,-68.92110351887595,-62.54604864638854,-6.375054872487411,31507.60994025,-0.1051419295952345
2019-01-21 00:00:00,1548028800000,3539.26,3559.51,3475.5,3526.9,19644.436839,3583.922857142857,3714.814,4715.928383838384,42.48624753519136,-72.3254575173055,-64.50193042057194,-7.823527096733557,31302.747430550004,-0.1108618103437409
2019-01-22 00:00:00,1548115200000,3526.88,3608.5,3434.85,3570.93,29336.442967,3586.4757142857147,3704.0808,4683.791313131313,44.65635685973966,-70.65610002300036,-65.73276434105762,-4.923335681942746,31011.746410450003,-0.0041691300322376
2019-01-23 00:00:00,1548201600000,3570.41,3607.98,3514.5,3552.82,24938.842698,3580.901428571429,3698.3808,4651.402929292929,43.92226719954806,-69.98767349586115,-66.58374617201832,-3.4039273238428223,30788.341127400003,-0.0134645448461808
2019-01-24 00:00:00,1548288000000,3552.97,3589.0,3529.22,3569.62,20826.25118,3574.2457142857143,3689.0892,4619.3698989898985,44.82832827927989,-67.32622623390489,-66.73224218439564,-0.5939840495092454,30353.675952850004,-0.0037704465090577
2019-01-25 00:00:00,1548374400000,3569.07,3587.15,3522.51,3565.29,17608.346671,3570.02,3683.5848,4588.524747474748,44.628185669848754,-64.81920941916496,-66.34963563134951,1.530426212184551,29709.55989885,0.0254486152536377
2019-01-26 00:00:00,1548460800000,3566.69,3662.94,3545.0,3565.25,19476.532344,3555.727142857143,3674.3092,4558.589090909091,44.62620353254814,-62.11953289001895,-65.5036150830834,3.384082193064458,28855.6961806,-0.0167784031835944
2019-01-27 00:00:00,1548547200000,3565.62,3579.0,3486.0,3550.84,22735.598162,3557.378571428572,3662.0004,4527.906666666667,43.87027021810356,-60.44600247100152,-64.49209256066703,4.046090089665512,28398.9837755,-0.000624813541004
2019-01-28 00:00:00,1548633600000,3550.05,3557.75,3380.27,3434.15,40405.111401,3544.128571428572,3648.6952,4496.0282828282825,38.223746710858514,-67.75459257039165,-65.14459256261196,-2.610000007779689,28474.16818945,-0.0439022896342821
2019-01-29 00:00:00,1548720000000,3434.0,3443.45,3349.92,3411.04,29544.928977,3521.2871428571425,3633.4564,4464.006464646464,37.202492505397856,-74.55209657908381,-67.02609336590633,-7.526003213177475,28501.94266275,-0.0567361961832969
2019-01-30 00:00:00,1548806400000,3410.04,3478.0,3387.1,3458.18,23968.260243,3507.7671428571425,3620.9452,4432.740505050505,40.683844334009805,-75.26772397530658,-68.67441948778638,-6.5933044875202,26730.244249399995,-0.0380236281145076
2019-01-31 00:00:00,1548892800000,3457.5,3489.2,3418.8,3434.1,29607.190253,3488.407142857143,3598.8052,4401.110202020202,39.47982808003172,-76.89156055097556,-70.31784770042421,-6.573712850551345,26293.6710254,-0.0630780563664639
2019-02-01 00:00:00,1548979200000,3434.1,3488.0,3401.2,3462.07,25260.476159,3473.6614285714286,3578.27,4370.140303030304,41.64027821039339,-75.05631501281323,-71.26554116290201,-3.7907738499112185,26456.698415650004,-0.0218151714473
2019-02-02 00:00:00,1549065600000,3462.2,3526.4,3440.29,3504.77,17920.802,3465.0214285714287,3560.2556,4339.495252525252,44.87553369931164,-69.35683414943469,-70.88379976020855,1.526965610773857,26033.45064295,-0.0062746321131872
2019-02-03 00:00:00,1549152000000,3504.06,3511.09,3426.0,3458.11,19867.33639,3451.7742857142853,3539.914,4308.712525252526,42.12725914460443,-67.82320288440133,-70.2716803850471,2.4484775006457795,25265.0569017,-0.031594010523869
2019-02-04 00:00:00,1549238400000,3458.11,3484.88,3433.31,3463.22,23131.981108,3455.9271428571424,3535.0076,4278.139696969697,42.54227032907828,-65.4410906068465,-69.30556242940699,3.864471822560489,24714.75608415,-0.0252194031783203
2019-02-05 00:00:00,1549324800000,3463.22,3478.97,3448.43,3471.59,25264.41503,3464.577142857143,3529.8188,4249.1204040404045,43.260005585239256,-62.16130360184661,-67.87671066389493,5.715407062048314,24603.9678368,-0.0274623069122202
2019-02-06 00:00:00,1549411200000,3471.57,3482.72,3380.0,3405.37,35310.244846,3457.032857142857,3522.7084000000004,4219.569898989899,39.098726600667305,-64.16578610674014,-67.13452575246397,2.9687396457238293,24881.7080372,-0.0448546962519178
2019-02-07 00:00:00,1549497600000,3407.0,3426.45,3390.0,3398.4,18665.538638,3451.932857142857,3519.572,4189.534242424242,38.67700928663381,-65.56102697402912,-66.819825996777,1.2587990227478798,24679.312631350003,-0.0467989622046139
2019-02-08 00:00:00,1549584000000,3398.4,3733.58,3373.1,3659.04,47968.058013,3480.0714285714284,3520.89,4161.746767676767,57.24719970473382,-45.11523532334149,-62.4789078620899,17.363672538748403,25969.13662585,0.0304716630431107
2019-02-09 00:00:00,1549670400000,3660.27,3680.02,3625.13,3665.18,24759.833719,3502.987142857143,3525.3748,4133.779090909091,57.57314584934519,-28.09251838535738,-55.6016299667434,27.509111581386023,25812.0313819,0.0672742891254021
2019-02-10 00:00:00,1549756800000,3665.18,3684.99,3609.76,3680.06,23250.602634,3534.694285714286,3528.9036,4106.435353535354,58.40086840558987,-13.24848068881238,-47.1310001111572,33.88251942234482,25992.33967165,0.0788674421877198
2019-02-11 00:00:00,1549843200000,3679.75,3684.9,3615.53,3631.05,24954.614571,3558.67,3529.4972,4077.5989898989897,54.62105388332806,-5.377186417288613,-38.78023737238348,33.40305095509487,25773.24825185,0.0499887223915471
2019-02-12 00:00:00,1549929600000,3631.05,3667.6,3582.34,3631.46,29479.59823,3581.5085714285715,3530.9608000000003,4048.937070707071,54.64749843866529,0.8837670594584779,-30.84743648601509,31.73120354547357,26000.28602845,0.0574706618910341
2019-02-13 00:00:00,1550016000000,3631.51,3670.0,3591.75,3609.4,25773.997648,3610.655714285714,3528.7248,4019.546060606061,52.86250773084927,4.01922899070496,-23.874103390671085,27.893332381376045,26247.67335185,0.0425554653718729
2019-02-14 00:00:00,1550102400000,3608.34,3626.4,3568.11,3590.56,21753.501261,3638.107142857143,3530.776,3989.365252525252,51.320741015851056,4.927078321560657,-18.113867048224737,23.0409453697854,26454.93108135,0.0244780684609831
2019-02-15 00:00:00,1550188800000,3590.57,3653.23,3573.45,3602.47,20777.872899,3630.0257142857145,3533.7988,3960.3009090909095,52.268486354357854,6.532292716714437,-13.184635095236905,19.71692781195134,26519.9981091,0.0417453464464692
2019-02-16 00:00:00,1550275200000,3602.49,3648.2,3597.91,3618.41,19565.992751,3623.344285714285,3535.698,3932.002121212121,53.57133840758495,8.987064191928766,-8.750295237803769,17.737359429732535,26361.51783855,0.0448108985279596
2019-02-17 00:00:00,1550361600000,3617.22,3700.11,3604.4,3667.58,25690.227779,3621.5614285714287,3540.2884000000004,3904.0680808080806,57.43125007734165,14.730294673171556,-4.054177255608703,18.78447192878026,25625.77365745,0.0564553993991225
2019-02-18 00:00:00,1550448000000,3667.62,3925.0,3655.0,3898.6,64042.730492,3659.782857142857,3553.4475999999995,3878.2982828282825,70.03581227980699,37.4910559371292,4.254869382938878,33.236186554190326,27350.663733200003,0.1448388868169978
2019-02-19 00:00:00,1550534400000,3897.35,3994.52,3856.0,3907.79,50207.172667,3699.258571428571,3567.1476,3852.588383838384,70.41114433217945,55.6294181133112,14.529779129013344,41.099638984297854,28662.6093544,0.1498911252354049
2019-02-20 00:00:00,1550620800000,3907.35,3986.98,3870.66,3969.74,36205.14085,3750.7357142857145,3583.3272,3827.457878787879,72.87748771238762,74.14831248937026,26.45348580108473,47.69482668828552,28992.50688425,0.0849129826402552
2019-02-21 00:00:00,1550707200000,3969.74,4016.48,3901.03,3937.31,31103.884728,3800.271428571428,3598.7860000000005,3807.406363636364,69.60659655341655,85.2254142086258,38.20787148259295,47.01754272603286,29284.6773127,0.0742473766636291
2019-02-22 00:00:00,1550793600000,3937.31,3988.0,3926.65,3962.0,23943.16375,3851.632857142857,3619.9,3789.3114141414144,70.68533572546337,94.9023980147822,49.5467767890308,45.35562122575139,29585.7954002,0.0766128813117177
2019-02-23 00:00:00,1550880000000,3962.0,4162.02,3933.15,4117.76,33657.942883,3922.968571428571,3648.1688,3773.774242424243,76.3807228451563,113.82787082000686,62.40299559522602,51.42487522478085,30275.32572485,0.1340411175830682
2019-02-24 00:00:00,1550966400000,4118.0,4198.0,3712.66,3743.56,62224.18689,3933.8228571428567,3659.584,3754.736565656565,50.83047880594998,97.5076244899692,69.42392137417465,28.08370311579455,32229.93601395,0.0308691270177834
2019-02-25 00:00:00,1551052800000,3743.56,3872.66,3740.0,3827.92,38102.966245,3923.725714285714,3675.3368,3736.210505050505,54.52376735353489,90.33948135971195,73.60703337128211,16.73244798842984,32871.8635747,0.0605419183243751
2019-02-26 00:00:00,1551139200000,3828.44,3841.51,3777.0,3809.23,28838.748036,3909.6457142857134,3689.2232,3725.0913131313127,53.56382260551517,82.20296487464202,75.32621967195409,6.876745202687928,32548.288734200003,0.0609013635755981
2019-02-27 00:00:00,1551225600000,3809.31,3838.85,3677.17,3818.07,31500.995466,3887.9785714285713,3701.7552,3717.6085858585857,53.97655367627809,75.59660050742559,75.3802958390484,0.2163046683771909,33190.0615756,0.0598478266300621
2019-02-28 00:00:00,1551312000000,3818.04,3888.0,3763.87,3813.69,32561.961044,3870.318571428572,3715.9784,3709.049191919192,53.721772367764814,69.20977257861068,74.14619118696086,-4.936418608350181,32419.75672715,0.053968455758192
2019-03-01 00:00:00,1551398400000,3814.26,3857.0,3813.01,3823.0,23174.57217,3850.461428571429,3730.3696,3703.523939393939,54.21646110701101,64.159810268814,72.1489150033315,-7.989104734517497,32340.493649700005,0.0423767170722928
2019-03-02 00:00:00,1551484800000,3822.17,3841.31,3772.25,3819.93,19445.838355,3807.9142857142856,3744.3032,3697.4564646464646,54.0114325379914,59.22722087773354,69.56457617821191,-10.337355300478364,32150.255435750005,-0.0201790386292515
2019-03-03 00:00:00,1551571200000,3819.97,3835.0,3781.32,3807.75,16718.16541,3817.0842857142857,3760.3984,3696.1969696969695,53.15261394592267,53.71607852429133,66.3948766474278,-12.67879812313646,31738.4329777,-0.0256001473978898
2019-03-04 00:00:00,1551657600000,3807.32,3830.0,3670.69,3715.3,34742.84166,3800.995714285714,3773.0744,3692.454747474748,47.03874932191462,41.411154133140826,61.3981321445704,-19.98697801142957,32001.5951492,-0.0640948777501799
2019-03-05 00:00:00,1551744000000,3716.1,3877.1,3703.55,3857.73,32962.536162,3807.924285714286,3781.022,3692.409595959596,55.52615746733788,42.6605591926882,57.65061755419397,-14.990058361505769,32361.022074900004,-0.0202117689488507
2019-03-06 00:00:00,1551830400000,3857.58,3907.0,3813.09,3861.84,24775.11883,3814.1771428571433,3788.8884,3692.274545454545,55.74654603310466,43.48114082973871,54.81672220930292,-11.33558137956421,32512.10295335,-0.0252801615345784
2019-03-07 00:00:00,1551916800000,3861.84,3905.4,3840.4,3873.64,26455.257661,3822.741428571429,3796.6316,3688.322929292929,56.4143557640122,44.56984563563583,52.76734689456951,-8.197501258933677,32795.97219145,-0.0592846596207647
2019-03-08 00:00:00,1552003200000,3873.63,3932.0,3800.0,3864.89,34730.366592,3828.725714285714,3805.9852,3683.9698989898993,55.742612044463,44.21689531962238,51.05725657958008,-6.840361259957703,33554.1908835,0.0324103259998505
2019-03-09 00:00:00,1552089600000,3864.88,3971.75,3854.75,3943.04,30979.747653,3846.3128571428574,3818.4484,3682.977171717172,60.29053999349119,49.67065908548511,50.77993708076109,-1.1092779952759813,33818.6668772,0.0300737737465777
2019-03-10 00:00:00,1552176000000,3943.43,3943.43,3881.69,3916.82,23187.561412,3861.894285714286,3830.7452,3680.217575757576,58.13213729100288,51.285879596226096,50.8811255838541,0.4047540123719955,31775.9084232,0.0282445533611779
2019-03-11 00:00:00,1552262400000,3915.99,3936.98,3830.0,3871.61,38066.885705,3884.2242857142855,3841.987200000001,3677.294343434343,54.50858358563515,48.360415556536736,50.37698357839064,-2.0165680218538995,31168.8940751,0.0140227916198498
2019-03-12 00:00:00,1552348800000,3871.61,3905.2,3826.06,3882.73,26921.008622,3887.7957142857135,3853.1976,3677.281414141415,55.24749223803717,46.40433500627887,49.58245386396828,-3.1781188576894124,30704.687463700004,0.0181032018858375
2019-03-13 00:00:00,1552435200000,3882.69,3893.56,3840.0,3866.0,24461.008757,3888.39,3863.1012,3676.416363636364,53.83082399803451,43.00838203948069,48.26763949907077,-5.259257459590074,30372.54366515,0.0112477112215536
2019-03-14 00:00:00,1552521600000,3866.0,3920.0,3810.43,3877.12,27048.74853,3888.887142857143,3871.4828,3677.5,54.66297499205879,40.7446766433909,46.7630469279348,-6.018370284543892,30527.82290415,0.014971478534947
2019-03-15 00:00:00,1552608000000,3877.12,3939.22,3872.2,3923.76,21740.061498,3897.297142857143,3872.4892,3681.69202020202,58.07608497165519,42.2273612858462,45.85590979951708,-3.628548513670879,29931.928834900005,0.0304668111089225
2019-03-16 00:00:00,1552694400000,3924.46,4056.98,3921.98,4005.98,28568.376124,3906.288571428572,3876.4168,3687.777171717172,63.31867495640426,49.46664570616485,46.57805698084664,2.8885887253182148,28249.1382966,0.0782386348343335
2019-03-17 00:00:00,1552780800000,4005.98,4012.0,3950.01,3981.14,18814.255577,3915.477142857143,3876.8728,3693.5368686868687,60.84321985926472,52.59318881944955,47.78108334856723,4.812105470882322,27284.7027632,0.0319903155482628
2019-03-18 00:00:00,1552867200000,3981.85,4037.0,3953.33,3987.81,22454.47801,3932.077142857143,3878.8928,3698.00595959596,61.280950400646006,54.97548682764182,49.21996404438215,5.755522783259664,26965.4892619,0.0326191659934125
2019-03-19 00:00:00,1552953600000,3987.83,4031.0,3970.0,4015.53,19893.741815,3951.048571428571,3881.034,3703.891313131313,63.12585499060047,58.42674040297607,51.061319316100935,7.365421086875131,26385.12657935,0.0366296300120816
2019-03-20 00:00:00,1553040000000,4017.48,4050.0,3980.5,4043.04,23432.300255,3976.34,3878.0452,3710.584747474748,64.91267783052427,62.65941211695099,53.38093787627095,9.27847424068004,25928.6435399,0.0460944554696252
2019-03-21 00:00:00,1553126400000,4043.04,4069.32,3880.01,3980.64,35997.682119,3991.128571428572,3887.5284,3715.995252525252,58.042268727450185,60.28376275192295,54.76150285140135,5.522259900521604,26569.79903735,0.0095357896445382
2019-03-22 00:00:00,1553212800000,3980.85,4008.0,3968.25,3986.93,20022.606318,4000.152857142857,3893.8888,3722.913131313132,58.51886912441693,58.23727093884463,55.45665646889001,2.780614469954621,26598.6374355,0.017899724776732
2019-03-23 00:00:00,1553299200000,3987.89,4018.83,3978.01,4006.01,17302.604318,4000.157142857143,3901.76,3730.810505050505,60.00303304594531,57.49227284097651,55.86377974330732,1.6284930976691925,26627.8593809,0.0347142403289588
2019-03-24 00:00:00,1553385600000,4006.01,4006.02,3950.0,3992.18,17179.850648,4001.7342857142858,3908.7244,3738.6939393939374,58.37272473922038,55.15015441283458,55.72105467721278,-0.5709002643781957,25749.7098303,0.0281889289237211
2019-03-25 00:00:00,1553472000000,3991.35,3999.3,3888.71,3936.12,33192.890217,3994.35,3913.6216,3745.839898989899,52.183384244305984,48.214646762150096,54.21977309420025,-6.005126332050153,25761.22753305,0.018137609932747
2019-03-26 00:00:00,1553558400000,3935.47,3958.98,3894.0,3948.55,29349.537627,3984.781428571429,3918.6436,3750.27898989899,53.36413216849802,43.2229567593381,52.02040982722782,-8.79745306788972,25989.9484729,0.0184234689666558
2019-03-27 00:00:00,1553644800000,3948.77,4048.0,3936.15,4038.05,32364.555852,3984.068571428571,3927.3684,3754.168585858586,60.85875208991619,45.95912035531956,50.80815193284617,-4.849031577526617,26285.413382449995,0.0291276734560728
2019-03-28 00:00:00,1553731200000,4039.58,4039.7,4002.0,4027.81,20089.293875,3990.807142857144,3936.1708,3757.861414141415,59.67707535225634,46.762221516212776,49.9989658495195,-3.2367443333067243,25553.3597466,0.0054493532169406
2019-03-29 00:00:00,1553817600000,4028.22,4123.71,4024.03,4103.25,30084.217444,4007.424285714286,3951.6888,3758.403131313131,65.05964182976302,52.8765347161584,50.574479622847285,2.302055093311118,25508.58323615,0.0306721190412797
2019-03-30 00:00:00,1553904000000,4104.24,4140.0,4052.0,4106.97,19509.292601,4021.847142857143,3961.6584,3761.1133333333337,65.30557832185784,57.36112158544756,51.93180801536735,5.429313570080218,25324.6697956,0.0298810625380849
2019-03-31 00:00:00,1553990400000,4106.99,4116.12,4082.57,4103.95,13525.087433,4037.8142857142857,3971.3428,3762.679393939394,64.9061579511824,59.98008712024148,53.541463836342174,6.438623283899304,24097.579882,0.0220195092553161
2019-04-01 00:00:00,1554076800000,4102.44,4158.7,4067.0,4144.56,25507.067641,4067.591428571429,3982.1796,3764.849595959596,67.76154436950355,64.58799359769819,55.75076978861338,8.837223809084804,24026.88283295,0.0251098183545055
2019-04-02 00:00:00,1554163200000,4144.54,4897.99,4140.54,4857.29,105383.639263,4197.4114285714295,4021.8756,3773.428181818182,87.29688406252997,124.31808564017592,69.46423295892589,54.85385268125003,28073.01435825,0.2202284054825354
2019-04-03 00:00:00,1554249600000,4857.19,5275.01,4753.5,4932.6,109890.125743,4325.204285714286,4061.458000000001,3785.416161616162,88.11631112547703,175.7060713071869,90.7126006285781,84.9934706786088,32215.0832189,0.2371925265806023
2019-04-04 00:00:00,1554336000000,4932.59,5039.08,4777.0,4898.66,61054.254168,4449.611428571429,4100.7316,3796.738585858586,85.44138259723009,211.25750086046173,114.82158067495484,96.4359201855069,34180.7928524,0.2228277013786783
2019-04-05 00:00:00,1554422400000,4898.64,5028.22,4880.62,5004.95,39768.552806,4578.425714285714,4146.0652,3811.254141414141,86.79348435527447,245.18266645507265,140.8937978309784,104.28886862409423,34740.8016865,0.2536884609411398
2019-04-06 00:00:00,1554508800000,5004.96,5205.0,4928.59,5043.89,41770.842313,4712.271428571429,4192.511600000001,3823.422121212121,87.26029094460654,272.0744324741554,167.1299247596138,104.9445077145416,35888.631023300004,0.2814370496834446
2019-04-07 00:00:00,1554595200000,5042.07,5234.0,5026.0,5170.27,37615.486804,4864.602857142857,4244.6824,3838.3206060606058,88.66112239112076,300.12451203355977,193.72884221440304,106.39566981915677,36646.681463,0.3094097833381874
2019-04-08 00:00:00,1554681600000,5170.27,5305.0,5039.0,5236.9,50178.430782,5020.651428571428,4299.073600000001,3852.815454545456,89.32742531751451,323.9960614087786,219.7822860532781,104.21377535550045,38160.915911350006,0.2968883495746708
2019-04-09 00:00:00,1554768000000,5238.38,5238.4,5076.68,5150.0,34067.012311,5062.467142857143,4348.1232,3867.432626262626,82.5169203972523,332.0743857180378,242.24070598623007,89.8336797318077,38692.65151415,0.2786104607714863
2019-04-10 00:00:00,1554854400000,5150.0,5422.0,5135.0,5308.25,40073.620471,5116.131428571428,4400.214,3882.696363636364,84.79099142352942,347.2431653253716,263.2411978540584,84.00196747131321,38896.44843175,0.2936696521050386
2019-04-11 00:00:00,1554940800000,5307.86,5332.67,4927.0,5017.37,54696.600686,5133.089999999999,4441.6632,3894.401515151515,67.42937838742394,331.9662471792608,276.9862077190989,54.98003946016189,40630.14815015,0.2216719381928769
2019-04-12 00:00:00,1555027200000,5017.37,5080.58,4861.22,5048.01,33276.678614,5139.2414285714285,4484.0712,3907.343232323232,68.1687347977924,318.6582771539124,285.3206216060616,33.33765554785083,41428.85186495,0.2300369156544306
2019-04-13 00:00:00,1555113600000,5047.0,5099.0,5004.0,5045.22,17292.456802,5139.431428571429,4525.2588,3920.001919191919,68.01732726468859,304.3778074513866,289.1320587751266,15.245748676260009,41434.48217265001,0.2173113671897619
2019-04-14 00:00:00,1555200000000,5047.45,5152.99,5000.0,5131.3,18281.607739,5133.864285714286,4568.7892,3933.742727272728,70.21537502363151,296.5874929271695,290.6231456055352,5.96434732163425,40688.918048750005,0.0564121145741762
2019-04-15 00:00:00,1555286400000,5131.28,5167.38,4950.0,5024.95,29057.191581,5103.585714285714,4610.5616,3944.22101010101,64.33270979034967,278.6202950187135,288.2225754881709,-9.602280469457412,40674.30074645,0.0187223776507317
2019-04-16 00:00:00,1555372800000,5024.95,5197.72,5003.94,5173.72,24242.229493,5106.9742857142855,4658.0332,3956.3247474747473,68.32989253520526,273.2359628110198,285.2252529527407,-11.989290141720858,40268.1844285,0.0561500491971274
2019-04-17 00:00:00,1555459200000,5173.72,5230.4,5146.8,5202.82,23307.536134,5091.912857142857,4705.9056,3968.927676767677,69.06029522394084,268.2250362914774,281.825209620488,-13.600173329010602,40429.09654145,0.0395348604881167
2019-04-18 00:00:00,1555545600000,5202.41,5287.0,5198.8,5258.44,22619.239001,5126.351428571428,4756.556,3981.976060606061,70.46249321176214,265.679324217288,278.596032539848,-12.916708322559998,40055.8476193,0.0425366136057683
2019-04-19 00:00:00,1555632000000,5258.44,5320.0,5175.0,5258.68,24611.236323,5156.447142857143,4809.4584,3998.87303030303,70.46871249729973,260.67628114814033,275.01208226150646,-14.33580111336613,40310.9448054,0.0170996872503756
2019-04-20 00:00:00,1555718400000,5258.68,5333.42,5230.1,5291.73,19168.908274,5191.662857142857,4863.1856,4015.94797979798,71.36292397492801,256.4223154256088,271.29412889432695,-14.871813468718187,40593.13584745,0.0104699345032366
2019-04-21 00:00:00,1555804800000,5292.91,5314.35,5165.0,5256.14,25549.570939,5209.497142857143,4911.9092,4032.847070707071,68.94199034681426,247.3281563503997,266.50093438554154,-19.17277803514185,40595.26101235,0.020609708737864
2019-04-22 00:00:00,1555891200000,5257.41,5400.0,5208.35,5357.14,29563.852309,5256.952857142857,4965.0824,4051.840303030303,71.85954762336377,245.4415285125524,262.28905321094373,-16.84752469839134,36804.27166465,0.009210191682758
2019-04-23 00:00:00,1555977600000,5357.14,5600.0,5332.41,5493.31,41262.103917,5302.608571428572,5020.6848,4070.701111111111,75.23703107510858,252.02891093574908,260.2370247559048,-8.208113820155745,33372.87057335,0.0948584617040402
2019-04-24 00:00:00,1556064000000,5490.91,5582.2,5333.35,5415.0,48224.152413,5332.92,5073.006,4089.508585858586,70.03137715972788,248.0708896327169,257.80379773126725,-9.732908098550354,32731.3654856,0.0726999352219983
2019-04-25 00:00:00,1556150400000,5415.0,5491.84,5102.0,5219.9,49636.089948,5327.414285714286,5117.644,4105.953636363637,59.06637568597148,226.57932434250503,251.55890305351485,-24.979578711009765,33224.7423427,0.0346228707568747
2019-04-26 00:00:00,1556236800000,5220.47,5510.0,5161.62,5314.1,48912.294513,5335.331428571429,5164.4256000000005,4123.1040404040405,62.14802285870449,214.6736327408571,244.1818489909833,-29.5082162501262,33581.814952700006,0.0356245006138795
2019-04-27 00:00:00,1556323200000,5315.0,5342.5,5257.67,5295.69,15422.896935,5335.897142857143,5181.9616,4140.284040404041,61.17865150107141,201.43078453169247,235.6316360991252,-34.20085156743261,32472.18545925,0.0538791430760505
2019-04-28 00:00:00,1556409600000,5295.69,5340.0,5259.48,5307.52,14371.433869,5343.237142857143,5196.9584,4156.872121212122,61.59321065510131,189.70352984324012,226.4460148479482,-36.742485004708016,30681.8356136,0.0258614691169989
2019-04-29 00:00:00,1556496000000,5309.81,5332.0,5178.8,5238.14,19918.135079,5326.237142857143,5210.5376,4174.032323232324,57.701527816834535,172.81905930564062,215.72062373948668,-42.90156443384606,29974.391752000003,0.0067886261681167
2019-04-30 00:00:00,1556582400000,5238.14,5339.98,5192.15,5320.81,22238.06823,5301.594285714286,5223.1720000000005,4192.152626262627,60.87380100805986,164.2157953880842,205.41965806920612,-41.20386268112199,29082.61413995,0.0118609321395699
2019-05-01 00:00:00,1556668800000,5321.94,5402.0,5316.2,5383.2,17217.473216,5297.051428571429,5236.7444000000005,4210.458383838384,63.12165966292695,160.58092143115937,196.45191074159683,-35.870989310437466,27208.65776645,0.023678946047297
2019-05-02 00:00:00,1556755200000,5383.2,5538.0,5370.0,5492.87,22795.787835,5336.047142857143,5249.6484,4230.054848484849,66.73903615061369,164.6517076879154,190.0918701308605,-25.440162442945137,26684.6132275,0.038010253735546
2019-05-03 00:00:00,1556841600000,5494.81,5844.0,5477.57,5772.69,46297.172849,5401.56,5271.08,4252.30808080808,73.8004513143255,188.28652076442813,189.7308002575741,-1.4442794931459275,28134.84902985,0.0982755406058437
2019-05-04 00:00:00,1556928000000,5770.62,5900.0,5587.45,5829.45,39682.408991,5477.811428571428,5298.257999999999,4275.178383838384,74.96166125306272,209.1859723683692,193.62183467973315,15.564137688636094,29204.88909245,0.0881645803544428
2019-05-05 00:00:00,1557014400000,5829.83,5839.9,5696.0,5775.62,23822.543775,5544.682857142857,5316.9528,4297.505353535354,71.71531012788046,218.882169808855,198.6739017055575,20.208268103297485,28943.15670215,0.0513916017847162
2019-05-06 00:00:00,1557100800000,5773.18,5805.0,5619.14,5747.79,25256.596325,5617.49,5346.169599999999,4319.696767676768,70.0268364083914,221.76446501369264,203.2920143671845,18.472450646508094,28993.87504375,0.0614570637119114
2019-05-07 00:00:00,1557187200000,5749.92,6028.41,5747.74,5846.34,39905.064422,5692.565714285714,5378.102800000001,4344.062323232323,72.49629491225082,229.35698159852475,208.5050078134526,20.85197378507212,29823.751458150004,0.1200099618766643
2019-05-08 00:00:00,1557273600000,5846.34,6014.72,5772.2,5987.29,23074.186907,5778.864285714286,5415.7856,4370.085050505051,75.59348622817193,243.93565434620177,215.59113712000243,28.344517226199343,29846.49885345,0.1266799646224194
2019-05-09 00:00:00,1557360000000,5986.66,6224.55,5983.71,6209.18,27453.011436,5881.194285714286,5458.900799999999,4397.87292929293,79.50603794667592,270.2784246830279,226.5285946326076,43.74983005042034,29988.5876091,0.1724968795378885
2019-05-10 00:00:00,1557446400000,6209.95,6468.92,6172.0,6373.33,36623.61079,5967.0,5512.835999999999,4427.5621212121205,81.82700364445151,300.9318381983985,241.40924334576573,59.52259485263278,30861.3227349,0.2008113017002291
2019-05-11 00:00:00,1557532800000,6375.16,7343.99,6372.85,7076.22,74022.424393,6145.11,5588.936,4464.068686868687,88.06171071509438,377.58961986202576,268.6453186490178,108.94430121300798,33284.9654076,0.3509031831909799
2019-05-12 00:00:00,1557619200000,7076.24,7521.78,6750.0,6967.31,86948.975339,6315.351428571429,5659.515600000001,4499.043838383838,83.29339342018683,424.6581425915128,299.8478834375168,124.81025915399609,36154.2215591,0.3094453664009802
2019-05-13 00:00:00,1557705600000,6968.24,8100.0,6870.0,7790.71,85804.735333,6607.197142857143,5760.8064,4542.807474747475,88.40515642610647,522.3801117659932,344.3543291032121,178.02578266278113,38381.3531299,0.4472265566949027
2019-05-14 00:00:00,1557792000000,7795.62,8366.0,7599.56,7947.56,76583.722603,6907.371428571429,5868.361599999999,4588.103838383839,89.08996168165997,605.5021091332819,396.58388510922606,208.91822402405583,39799.3316394,0.446886600265435
2019-05-15 00:00:00,1557878400000,7945.26,8249.0,7850.0,8169.87,37884.327211,7219.168571428571,5983.4872,4635.5612121212125,89.99215940920493,681.4600032628286,453.5591087399466,227.90089452288203,39211.74350255,0.4152622087796158
2019-05-16 00:00:00,1557964800000,8169.08,8320.0,7705.0,7866.59,69630.513996,7455.941428571428,6087.9052,4680.62404040404,80.24330235386067,709.0119715607598,504.6496813041093,204.36229025665045,40247.6544767,0.3494566382763382
2019-05-17 00:00:00,1558051200000,7868.67,7925.0,6913.0,7355.26,88752.008159,7596.217142857144,6167.83,4720.592323232323,67.05415020915129,681.7285054516096,540.0654461336094,141.66305931800025,43914.1100379,0.2735013730127675
2019-05-18 00:00:00,1558137600000,7355.28,7458.0,7156.61,7257.45,37054.944779,7622.107142857143,6238.395600000001,4756.939898989899,64.85811609201522,644.7810775261887,561.0085724121253,83.77250511406339,45048.2855834,0.2626505143716107
2019-05-19 00:00:00,1558224000000,7257.32,8275.09,7243.08,8148.48,65577.442058,7790.845714285714,6347.7348,4802.225757575758,73.40350121033961,679.5650462167996,584.7198671730603,94.84517904373934,47331.25093235,0.3937745666519565
2019-05-20 00:00:00,1558310400000,8147.94,8156.03,7553.0,7938.15,65859.208564,7811.908571428571,6456.464800000001,4845.236767676768,69.13015842402052,682.294650789594,604.2348238963671,78.05982689322695,49512.30794905,0.3258335574191329
2019-05-21 00:00:00,1558396800000,7937.16,8042.32,7771.0,7904.87,52301.752247,7805.809999999999,6560.095600000001,4888.406666666667,68.45111389484387,674.0029774401928,618.1884546051323,55.81452283506053,51266.5219006,0.2730940317401009
2019-05-22 00:00:00,1558483200000,7904.48,8016.0,7465.0,7628.43,49136.994589,7728.461428571428,6653.4052,4928.780101010101,62.92223481649899,637.7735128223976,622.1054662485853,15.668046573812262,52583.582238300005,0.1969300193148637
2019-05-23 00:00:00,1558569600000,7627.8,7940.98,7461.0,7851.51,49648.184701,7726.307142857143,6755.1648,4971.629696969697,65.35416990059652,619.9160859814192,621.6675901951521,-1.7515042137329146,52751.1328309,0.1095627326453954
2019-05-24 00:00:00,1558656000000,7849.95,8130.0,7766.0,7964.87,46664.785325,7813.394285714286,6864.234,5015.814646464647,66.55465825412656,607.903616678871,618.9147954918959,-11.011178813024912,53100.2516476,0.1431772089945759
2019-05-25 00:00:00,1558742400000,7964.52,8091.8,7908.34,8025.41,28414.328817,7923.102857142857,6972.418000000001,5060.490808080808,67.2081500808932,596.3938630466309,614.410609002843,-18.01674595621205,53329.84089969999,0.030125623980356
2019-05-26 00:00:00,1558828800000,8023.0,8740.0,7833.42,8614.43,49652.144567,7989.667142857143,7101.6672,5110.955656565657,72.7806980300884,627.5670889695584,617.0419049961861,10.52518397337235,54549.6183118,0.0839087720004629
2019-05-27 00:00:00,1558915200000,8612.54,8908.32,8589.0,8756.32,51886.768793,8106.54857142857,7232.2052,5162.35707070707,73.93000305982396,656.1576552741926,624.8650550517874,31.292600222405213,55148.70353035,0.0717820479395632
2019-05-28 00:00:00,1559001600000,8752.52,8798.49,8510.63,8715.64,31470.551534,8222.372857142856,7349.923199999999,5211.01404040404,72.97859319575326,667.8349632875188,633.4590366989337,34.37592658858512,55568.5217617,0.1079311366170092
2019-05-29 00:00:00,1559088000000,8716.87,8750.0,8406.6,8645.68,33880.865922,8367.694285714286,7462.5724,5258.871515151515,71.27969903795595,663.7923417790134,639.5256977149497,24.266644064063712,55889.914486,0.1754417926762617
2019-05-30 00:00:00,1559174400000,8646.5,9074.26,8005.0,8269.54,70379.998521,8427.412857142857,7562.329199999999,5302.303838383838,62.81316058995328,623.054990548374,636.2315562816347,-13.176565733260643,57577.73387255,0.1394553183280631
2019-05-31 00:00:00,1559260800000,8267.1,8594.0,8108.5,8555.0,44727.49162,8511.717142857142,7674.6176,5348.947171717172,66.10373902313226,606.8096584953264,630.347176724373,-23.537518229046555,56112.9872339,0.0498890590637763
2019-06-01 00:00:00,1559347200000,8555.0,8626.0,8442.36,8544.07,31868.234157,8585.81142857143,7782.526800000001,5395.230707070707,65.86342072196368,586.2947156219088,621.5366845038801,-35.241968881971275,53358.9501748,0.0763301272966623
2019-06-02 00:00:00,1559433600000,8545.1,8814.78,8524.0,8725.98,27835.133265,8601.747142857143,7892.0744,5441.778383838383,67.95169247797756,578.0516724518866,612.8396820934814,-34.78800964159484,50460.47007140001,0.1038739410009272
2019-06-03 00:00:00,1559520000000,8726.0,8800.95,8080.8,8115.82,45692.965104,8510.247142857143,7968.34,5485.942626262627,55.65373067228332,516.332232105553,593.5381920958957,-77.20595999034276,48915.93219645,0.0638912594072436
2019-06-04 00:00:00,1559606400000,8115.66,8115.66,7481.02,7687.03,74143.948941,8363.302857142857,8020.887999999999,5524.923535353536,48.94925870448861,427.8869471378503,560.4079431042867,-132.52099596643643,50728.91328295,-0.0209488365932158
2019-06-05 00:00:00,1559692800000,7687.04,7896.7,7572.78,7776.5,48679.656455,8239.134285714286,8048.899199999999,5564.99696969697,50.29477756936975,360.8532116544602,520.4969968143214,-159.64378515986118,49681.3704059,-0.0236501035170693
2019-06-06 00:00:00,1559779200000,7778.08,7868.13,7444.58,7786.7,36624.118747,8170.157142857142,8081.6748,5605.084141414141,50.45509993518985,305.03529112867545,477.4046556771922,-172.36936454851678,47074.9759353,-0.0297442747473337
2019-06-07 00:00:00,1559865600000,7787.57,8100.0,7737.49,7980.53,33942.225658,8088.089999999999,8089.2676,5647.173434343435,53.52296340471178,273.28933868108106,436.58159227797,-163.29225359688894,46919.33997925,-0.0735858321444368
2019-06-08 00:00:00,1559952000000,7978.94,8044.65,7751.0,7893.62,22657.329634,7995.168571428571,8087.11,5688.290808080808,51.96909004336524,238.3697538440092,396.9392245911778,-158.56947074716862,44773.33435805,-0.098523123869388
2019-06-09 00:00:00,1560038400000,7895.28,7935.0,7506.66,7628.13,31568.465157,7838.332857142856,8065.4404,5726.757474747475,47.43835950679031,187.1159508651736,354.974569845977,-167.85861898080344,43058.7971877,-0.1247768379602645
2019-06-10 00:00:00,1560124800000,7627.57,8020.0,7511.0,7982.75,36756.078468,7819.322857142856,8070.086799999999,5768.929191919192,53.29545144031872,173.11623684055758,318.60290324489307,-145.4866664043355,42281.513498750006,-0.0766776008364871
2019-06-11 00:00:00,1560211200000,7981.0,8010.0,7692.23,7884.9,30334.999427,7847.589999999999,8091.2724,5811.046363636365,51.58725490839926,152.36926731311723,285.3561760585379,-132.9869087454207,41341.41374065,-0.0465128652863401
2019-06-12 00:00:00,1560297600000,7884.9,8200.0,7788.99,8127.64,41597.082622,7897.752857142857,8126.08,5854.176767676768,55.405746104898746,153.7419918450296,259.0333392158363,-105.2913473708067,40938.8586367,-0.0499544126241963
2019-06-13 00:00:00,1560384000000,8127.64,8309.82,8010.03,8218.54,30467.764341,7959.444285714286,8128.882399999999,5898.183838383838,56.7804818487937,160.3167248333375,239.2900163393365,-78.97329150599904,40129.0075875,-0.0381001091985434
2019-06-14 00:00:00,1560470400000,8216.44,8684.41,8144.32,8650.0,39835.246255,8055.082857142857,8157.356399999999,5946.429898989898,62.66391049637328,198.0593592277856,231.0438849170264,-32.984525689240826,40700.053459400006,-0.0087073314401361
2019-06-15 00:00:00,1560556800000,8650.88,8864.99,8567.63,8808.7,31791.636039,8185.808571428572,8193.5096,5996.367373737375,64.57416710514022,238.03254162539724,232.4416162587005,5.590925366696695,39807.028033,0.0853739979447549
2019-06-16 00:00:00,1560643200000,8810.77,9333.0,8760.0,8953.33,63289.251219,8375.122857142856,8246.5056,6046.976363636364,66.26800205579549,278.1753763628376,241.588368279528,36.58700808330963,40377.1521543,0.1647320226407338
2019-06-17 00:00:00,1560729600000,8953.0,9444.0,8950.0,9313.96,47895.485374,8565.295714285714,8305.0036,6101.492929292928,70.10614459028528,335.22443062877755,260.3155807493779,74.90884987939967,41198.3988463,0.1977059088278787
2019-06-18 00:00:00,1560816000000,9312.13,9336.36,8950.0,9081.55,51554.569401,8736.245714285715,8349.6708,6154.118585858586,64.9751236129472,357.56093262484137,279.7646511244706,77.79628150037075,42082.08402025,0.1662899559505308
2019-06-19 00:00:00,1560902400000,9081.97,9304.0,8960.0,9255.49,32147.706495,8897.367142857143,8398.874,6208.388888888889,66.9261442886712,384.8618281189101,300.7840865233585,84.07774159555163,40170.46941895,0.159758813011166
2019-06-20 00:00:00,1560988800000,9253.76,9590.0,9175.2,9517.12,34556.053982,9082.878571428571,8434.981600000001,6265.470909090909,69.66345523401526,422.7362980573544,325.17452883015767,97.56176922719668,39661.89753705,0.2056724291263072
2019-06-21 00:00:00,1561075200000,9518.06,10174.99,9518.06,10159.86,50484.415892,9298.572857142855,8491.1232,6328.932929292929,75.11283633282129,498.8652269486447,359.91266845385513,138.95255849478957,40592.7066238,0.3318939241989846
2019-06-22 00:00:00,1561161600000,10159.86,11160.0,9921.72,10729.5,104169.447976,9572.972857142857,8571.6776,6397.677777777778,78.7552017252611,598.2666928669059,407.5834733364653,190.68321953044065,44409.42235935,0.3440856847577589
2019-06-23 00:00:00,1561248000000,10729.0,11392.64,10555.18,10906.07,57445.323945,9851.935714285715,8662.093200000001,6467.375656565656,79.74477140156228,683.4128363314467,462.7493459354616,220.66349039598504,44997.0403014,0.3831589493842662
2019-06-24 00:00:00,1561334400000,10905.95,11143.63,10620.8,11056.59,43101.045285,10100.882857142858,8773.5752,6538.844848484849,80.57540173796352,754.34189076855,521.0678549020793,233.2740358664708,43444.8951186,0.3603690616218238
2019-06-25 00:00:00,1561420800000,11056.59,11850.0,11026.0,11820.86,61276.686648,10492.212857142858,8904.2096,6617.966565656567,84.13330676402401,862.2840058885758,589.3110850993786,272.97292078919725,44074.74662825,0.4383162946216723
2019-06-26 00:00:00,1561507200000,11821.28,13970.0,11741.0,13093.8,155930.147386,11040.542857142858,9086.1988,6709.666262626262,88.05704417897108,1038.57251196964,679.1633704734309,359.40914149620903,50040.0480602,0.5137341040462426
2019-06-27 00:00:00,1561593600000,13098.38,13478.04,10525.1,11329.99,173894.820889,11299.524285714288,9190.3592,6783.271818181818,64.32153866971527,1024.1519111844957,748.1610786156439,275.9908325688516,57037.67782175,0.2862272526025404
2019-06-28 00:00:00,1561680000000,11329.99,12480.0,10982.88,12400.63,95795.203964,11619.634285714286,9361.7516,6868.322222222222,69.66638162058838,1086.5896523222343,815.846793356962,270.7428589652725,60694.571538250006,0.3850299274124822
2019-06-29 00:00:00,1561766400000,12407.06,12441.54,11475.02,11903.13,69642.074157,11787.295714285716,9530.3956,6948.283838383838,64.80799865229542,1083.438712731322,869.3651772318341,214.073535499488,62598.25198824999,0.2779880952892217
2019-06-30 00:00:00,1561852800000,11903.13,12180.0,10766.03,10854.1,84512.530443,11779.871428571429,9653.4996,7017.456464646465,55.94801922985277,984.9398431061744,892.4801104067022,92.45973269947228,64986.074587,0.195181439291751
2019-07-01 00:00:00,1561939200000,10854.1,11282.28,10030.0,10624.93,90962.268271,11718.205714285714,9767.0288,7084.4539393939385,54.20462739998184,878.2626108573404,889.6366104968299,-11.373999639489512,68017.4380292,0.1479597514556225
2019-07-02 00:00:00,1562025600000,10624.9,10938.75,9727.0,10842.85,109561.038728,11578.49,9881.5216,7154.218888888888,55.62079235754993,802.058823644069,872.1210531262777,-70.06222948220875,71415.6358345,0.1392994939645606
2019-07-03 00:00:00,1562112000000,10844.98,11991.89,10841.04,11940.0,96815.90029,11413.66142857143,10043.3768,7234.940606060606,61.993245277959375,820.7366675807498,861.8441760171722,-41.10750843642245,74733.04263195001,0.1752130442742321
2019-07-04 00:00:00,1562198400000,11940.0,12000.0,11055.0,11145.67,66512.221892,11387.330000000002,10184.0784,7306.734747474748,55.75153557053239,762.6518254504481,842.0057059038274,-79.35388045337936,76066.8914138,0.0387874551470246
2019-07-05 00:00:00,1562284800000,11145.67,11406.83,10796.44,10970.73,63534.350582,11183.058571428572,10303.5976,7376.865252525252,54.45124664916472,694.4972417249901,812.5040130680601,-118.00677134307,77654.02714095,0.0059288084525406
2019-07-06 00:00:00,1562371200000,10982.41,11665.0,10964.51,11256.49,51469.496331,11090.681428571426,10438.4612,7449.120202020201,56.246369287981466,655.9809468776948,781.1993998299871,-125.2184529522923,77063.03939655,0.0180797153552767
2019-07-07 00:00:00,1562457600000,11256.45,11538.0,11094.37,11406.24,38884.795599,11169.558571428572,10569.6052,7522.850202020201,57.19835014633112,630.2746651953112,751.014452903052,-120.7397877077408,76612.5049078,-0.0350752821706712
2019-07-08 00:00:00,1562544000000,11410.0,12338.03,11220.0,12238.6,52182.367215,11400.082857142856,10730.4076,7605.018383838385,62.13046463774671,669.3508870658607,734.6817397356137,-65.33085266975309,76643.8947985,-0.0653133544120116
2019-07-09 00:00:00,1562630400000,12238.6,12794.73,12068.0,12543.41,78442.130343,11643.020000000002,10886.144000000002,7689.855252525252,63.77659637272937,716.653557909558,731.0761033704026,-14.422545460844615,78958.6159909,0.1070980645172678
2019-07-10 00:00:00,1562716800000,12548.51,13147.08,11569.0,12108.37,109246.044997,11667.07285714286,11018.1308,7763.098484848485,59.78237235459336,710.843017312347,727.0294861587915,-16.18646884644454,82693.11554165,-0.0235681574242597
2019-07-11 00:00:00,1562803200000,12108.11,12111.73,11000.0,11342.89,87506.461058,11695.247142857144,11113.713199999998,7827.848888888888,53.44032457908641,637.1258927155286,709.048767470139,-71.92287475461035,84544.21779995,-0.047066611891158
2019-07-12 00:00:00,1562889600000,11342.88,11885.0,11073.0,11757.22,56321.858281,11807.602857142858,11211.4436,7897.127272727273,56.1517981021143,605.1615826443413,688.2713305049795,-83.10974786063821,82151.8383152,0.0832054246782321
2019-07-13 00:00:00,1562976000000,11757.22,11799.98,10830.0,11355.76,54245.594548,11821.784285714286,11302.412,7961.276868686868,52.93503406722652,541.1965923305142,658.8563828700865,-117.6597905395722,81991.85184535,0.068784453168162
2019-07-14 00:00:00,1563062400000,11355.78,11452.0,10103.0,10174.18,72517.579236,11645.775714285715,11339.1596,8013.097979797979,44.80032166645729,390.6569948785909,605.2165052717874,-214.55951039319643,83462.67854289999,-0.0616692105857776
2019-07-15 00:00:00,1563148800000,10174.18,11100.0,9860.0,10838.72,81922.426332,11445.792857142857,11392.0236,8070.355050505051,49.50064284921882,321.2726721469862,548.4277386468272,-227.15506649984093,84494.9655271,-0.0922345058626465
2019-07-16 00:00:00,1563235200000,10833.78,11028.0,9350.01,9439.59,97219.443413,11002.39,11363.2128,8112.806464646464,41.49017502747332,151.63899852938084,469.0699906233379,-317.43099209395706,81559.43032844999,-0.1530711029484992
2019-07-17 00:00:00,1563321600000,9430.17,9957.0,9060.0,9667.92,84942.672717,10653.754285714283,11320.7496,8158.44202020202,43.10820393719706,35.22140240699082,382.3002729800685,-347.0788705730777,77111.82291985,-0.1187532643680046
2019-07-18 00:00:00,1563408000000,9668.86,10788.0,9252.0,10627.16,80283.310252,10551.507142857145,11309.5932,8212.168383838385,49.43464576721685,20.130221371991865,309.8662626584532,-289.73604128646133,76336.22823425,-0.0559081916298952
2019-07-19 00:00:00,1563494400000,10628.64,10769.71,10121.84,10504.29,56546.932133,10372.517142857145,11287.5012,8267.59181818182,48.68779599796077,-1.724353186735243,247.54813948941552,-249.2724926761508,75681.47113305001,-0.0790751378192988
2019-07-20 00:00:00,1563580800000,10505.78,11068.99,10350.0,10740.23,47331.899848,10284.584285714283,11244.275999999998,8325.08898989899,50.24233706208079,-0.0058078616730199,198.03735001919785,-198.04315788087084,73822.4396033,-0.1224298530877715
2019-07-21 00:00:00,1563667200000,10740.27,10817.9,10288.0,10589.45,38834.287935,10343.908571428572,11144.102,8381.091313131314,49.21617435121092,-10.687337218256287,156.29241257170702,-166.9797497899633,71216.04058649999,-0.1557758217263087
2019-07-22 00:00:00,1563753600000,10590.15,10683.16,10100.0,10340.31,40467.954839,10272.707142857142,11104.5148,8433.707575757577,47.49019822925575,-38.80867973730892,117.27219410990384,-156.08087384721276,67761.38639204999,-0.1460196541731051
2019-07-23 00:00:00,1563840000000,10343.08,10343.97,9822.0,9864.91,47624.37071,10333.467142857144,11003.086,8482.59606060606,44.2978519160649,-98.32245316691116,74.15326465454085,-172.475717821452,65301.80991305,-0.1303001263346466
2019-07-24 00:00:00,1563926400000,9864.78,9937.0,9525.0,9763.28,43475.380377,10347.09,10917.492,8528.955252525251,43.62275436680305,-151.9368061027326,28.935250503086163,-180.8720566058188,64149.9678373,-0.1695928119062157
2019-07-25 00:00:00,1564012800000,9763.4,10175.0,9720.03,9879.87,37873.354728,10240.334285714283,10878.5228,8576.198181818181,44.664617900818975,-182.9102529202246,-13.433850181575991,-169.4764027386486,62866.91804460001,-0.1299684036999724
2019-07-26 00:00:00,1564099200000,9882.15,9889.98,9637.0,9824.0,27167.463217,10143.15,10846.4856,8622.314949494948,44.24267814788652,-209.5496172026451,-52.657003585789816,-156.89261361685527,61651.816388900006,-0.0344184985915326
2019-07-27 00:00:00,1564185600000,9824.0,10188.66,9333.0,9476.52,43809.778301,9962.62,10791.8324,8664.919393939394,41.6098711876217,-255.75208645864225,-93.2760201603603,-162.47606629828192,61898.065524,-0.1256790469723361
2019-07-28 00:00:00,1564272000000,9478.92,9594.99,9165.0,9541.54,29401.022937,9812.918571428572,10695.893999999998,8707.846767676769,42.30176897708531,-283.8492679388819,-131.39066971606462,-152.45859822281727,60758.9983101,0.0108002572145613
2019-07-29 00:00:00,1564358400000,9541.54,9729.0,9395.0,9507.64,29021.937411,9693.965714285716,10630.3728,8750.791212121212,42.02218098505099,-305.3322532246675,-166.1789864177852,-139.1532668068823,58287.9886635,-0.0165785401616894
2019-07-30 00:00:00,1564444800000,9509.07,9714.28,9402.0,9574.21,32536.368834,9652.437142857145,10574.512,8793.387878787878,42.82138409730459,-313.3736547651006,-195.61792008724828,-117.7557346778523,54452.50485535001,-0.0990810338792302
2019-07-31 00:00:00,1564531200000,9575.0,10109.8,9555.0,10080.53,39515.35456,9697.75857142857,10527.4736,8839.723434343434,48.62235509411676,-275.7124889661245,-211.63683386302355,-64.07565510310098,52052.94953045,-0.0403416128077195
2019-08-01 00:00:00,1564617600000,10080.53,10467.86,9863.46,10374.99,41727.637028,9768.49,10486.2236,8889.824343434344,51.69189288636233,-219.574168309191,-213.22430075225705,-6.349867556933987,51323.2384678,-0.0340067205264691
2019-08-02 00:00:00,1564704000000,10375.0,10670.0,10281.35,10523.75,42990.444221,9868.454285714284,10417.6296,8943.398585858587,53.21269045507909,-161.2219892382709,-202.8238384494598,41.60184921118889,50760.48095145,-0.0062042882302669
2019-08-03 00:00:00,1564790400000,10523.75,10904.77,10497.93,10816.86,33802.318824,10059.931428571426,10348.5676,8998.98202020202,56.1424052764131,-90.28518809451998,-180.31610837847185,90.03092028395187,48824.71793085,0.0460866260295871
2019-08-04 00:00:00,1564876800000,10816.86,11040.0,10552.0,10929.23,39924.745141,10258.172857142858,10301.402,9055.886464646464,57.24765805339295,-24.715042604750124,-149.19589522372752,124.4808526189774,46724.8338713,0.1078894789714248
2019-08-05 00:00:00,1564963200000,10929.99,11937.52,10927.8,11828.8,65153.673713,10589.767142857145,10320.8384,9121.75797979798,64.87830756630197,98.69980121321532,-99.61675593633896,198.31655714955428,45121.5453863,0.2115600494915641
2019-08-06 00:00:00,1565049600000,11830.0,12330.7,11226.7,11481.69,76705.389875,10862.264285714284,10309.8172,9184.82414141414,60.39864177909257,166.57787199694212,-46.37783034968275,212.9557023466249,44709.6812442,0.1621296636494205
2019-08-07 00:00:00,1565136000000,11481.69,12141.17,11382.84,11975.03,69173.390353,11132.907142857144,10334.588,9252.038484848485,64.18384302062499,257.21513119220253,14.340761958694308,242.87436923350825,44154.18524925,0.2189566368078177
2019-08-08 00:00:00,1565222400000,11975.04,12060.0,11521.0,11999.77,51207.257174,11365.018571428573,10407.6116,9318.872525252526,64.36777611204496,327.26956353957394,76.92652227487025,250.3430412647037,43887.2015013,0.2662633540582408
2019-08-09 00:00:00,1565308800000,11994.17,12045.68,11700.0,11879.99,39427.152588,11558.767142857145,10449.2624,9383.388888888889,62.68919295500275,368.8708474181185,135.3153873035199,233.5554601145986,43491.9641383,0.2450809827344431
2019-08-10 00:00:00,1565395200000,11879.98,11985.0,11270.0,11309.31,42633.087048,11629.117142857143,10524.051200000002,9439.314343434344,55.29105748064368,351.73645903329634,178.5996016494752,173.13685738382114,43681.90409395,0.1894970781392648
2019-08-11 00:00:00,1565481600000,11309.24,11600.0,11112.11,11549.97,26772.90691,11717.794285714286,10599.3332,9497.097373737372,57.56534923322024,353.5016366915333,213.5800086578868,139.92162803364653,42997.1516975,0.20636271817727
2019-08-12 00:00:00,1565568000000,11539.08,11577.89,11235.32,11396.08,17568.227075,11655.977142857144,10630.09,9553.869696969698,55.61707063422102,338.5799766039217,238.58000224709383,99.99997435682792,41494.34451575,0.1305040508782771
2019-08-13 00:00:00,1565654400000,11398.35,11456.16,10788.45,10892.71,33234.72968,11571.837142857144,10645.6268,9605.838585858586,49.692676811811445,282.87588420931024,247.43917863953715,35.436705569773096,40982.3119809,0.0499007709886949
2019-08-14 00:00:00,1565740800000,10893.36,10897.48,9928.1,10050.37,54451.847499,11296.885714285714,10618.0324,9648.303535353534,41.68973400987003,168.81420630231514,231.7141841720928,-62.899977869777615,41811.23661944999,-0.044982064378192
2019-08-15 00:00:00,1565827200000,10055.16,10460.0,9911.0,10293.93,38174.45112,11053.194285714286,10606.211600000002,9691.80494949495,44.47428213189102,96.95512297002642,204.76237193167952,-107.8072489616531,42361.5860146,-0.0483439741292759
2019-08-16 00:00:00,1565913600000,10296.77,10536.03,9750.0,10331.54,51758.142918,10831.987142857144,10605.8608,9733.44494949495,44.91175457026828,42.55059759037067,172.32001706341777,-129.7694194730471,42759.00424545,-0.0546872927004005
2019-08-17 00:00:00,1566000000000,10331.15,10465.14,10000.0,10216.02,29000.581201,10675.802857142857,10619.9052,9772.26,43.771027400963874,-9.774208306402215,135.90117198945376,-145.67538029585597,42738.98215865,-0.1363435006086838
2019-08-18 00:00:00,1566086400000,10216.05,10500.0,10080.0,10306.78,24085.395172,10498.204285714284,10641.6452,9804.89191919192,44.95398622548992,-43.41792565223295,100.03735246111644,-143.45527811334938,42492.1550467,-0.1023290125408367
2019-08-19 00:00:00,1566172800000,10306.17,10930.0,10258.6,10915.54,37243.319217,10429.555714285714,10683.072000000002,9844.773030303031,52.21558222718134,-20.720121001220832,75.88585776864899,-96.60597876986982,42727.50256585,-0.0884749349270941
2019-08-20 00:00:00,1566259200000,10914.73,10949.96,10560.0,10760.51,32298.921679,10410.67,10720.5324,9874.77101010101,50.39241825190833,-15.06787951109618,57.69511031269996,-72.76298982379615,42366.6809218,-0.1032736460782165
2019-08-21 00:00:00,1566345600000,10760.51,10804.13,9858.0,10142.57,47355.719282,10423.841428571428,10747.1744,9896.942828282828,43.82410434887975,-59.76213042896234,34.2036621643675,-93.96579259332984,42648.0850345,-0.1462475978515133
2019-08-22 00:00:00,1566432000000,10140.82,10242.0,9762.0,10099.88,34059.642738,10396.12,10769.508,9916.437878787878,43.40320809490699,-97.503413849754,7.862246961543203,-105.3656608112972,42201.54496035,-0.1069410954337621
2019-08-23 00:00:00,1566518400000,10099.9,10445.0,10019.79,10389.55,27550.336173,10404.407142857144,10804.7844,9941.922323232324,47.1147839615556,-102.85406708428128,-14.281015847621692,-88.57305123665958,41888.9458278,-0.1004695250290693
2019-08-24 00:00:00,1566604800000,10388.16,10419.42,9890.0,10134.35,27692.456844,10392.74,10827.19,9969.99393939394,44.35502477415392,-126.23188295652652,-36.67118926940266,-89.56069368712387,41277.33141295,-0.1107161409888312
2019-08-25 00:00:00,1566691200000,10134.61,10333.0,9906.97,10142.69,26271.657398,10369.298571428571,10829.676400000002,9999.137777777778,44.46950108444168,-142.44399644097393,-57.82575070371692,-84.61824573725701,39333.2305972,-0.0688552251918942
2019-08-26 00:00:00,1566777600000,10142.69,10604.0,10137.93,10372.25,41687.511599,10291.685714285715,10829.5668,10021.6001010101,47.66124407945812,-135.210022715788,-73.30260510613114,-61.90741760965686,37582.3366834,0.0320266816047567
2019-08-27 00:00:00,1566864000000,10373.6,10391.08,10051.08,10185.05,28402.775383,10209.477142857142,10816.018799999998,10044.29606060606,45.3710640929614,-142.9348578574136,-87.22905565638763,-55.70580220102596,35543.8059349,-0.0105771070912664
2019-08-28 00:00:00,1566950400000,10185.69,10299.0,9601.01,9721.0,42110.555375,10149.252857142856,10772.1844,10062.640808080809,40.21270949602668,-184.37642547142423,-106.65852961939495,-77.71789585202927,35088.97084495,-0.0590947719313869
2019-08-29 00:00:00,1567036800000,9721.0,9724.0,9320.0,9498.44,35532.69491,10063.332857142856,10714.9528,10081.529797979798,37.98231988101389,-232.4978083545211,-131.8263853664202,-100.67142298810091,34894.24796105,-0.0702406612359803
2019-08-30 00:00:00,1567123200000,9499.01,9696.0,9350.41,9584.54,26834.318104,9948.331428571428,10625.1824,10099.03515151515,39.38304285512312,-260.6818227688618,-157.59747284690854,-103.08434992195328,34104.30951385001,-0.0700742617966038
2019-08-31 00:00:00,1567209600000,9582.76,9684.51,9420.75,9587.47,17130.290074,9870.205714285714,10549.413600000002,10115.42505050505,39.433175508563735,-279.55885032689184,-181.9897483429052,-97.56910198398664,33622.178672049995,-0.121667824038023
2019-09-01 00:00:00,1567296000000,9588.74,9830.0,9520.0,9724.98,19545.404843,9810.532857142856,10459.4116,10132.592424242424,41.86329870546268,-280.19322974897113,-201.6304446241184,-78.56278512485272,33721.03756044999,-0.0962342862931218
2019-09-02 00:00:00,1567382400000,9723.59,10450.0,9712.5,10340.0,44740.248093,9805.925714285711,10393.0208,10150.022424242425,51.27893910118623,-228.43574092297783,-206.99150388389032,-21.44423703908754,34296.3134811,0.0194654806424801
2019-09-03 00:00:00,1567468800000,10340.0,10773.0,10272.0,10615.28,47998.376781,9867.387142857144,10342.4324,10168.799797979796,54.8070352664312,-163.3220873878181,-198.2576205846759,34.93553319685779,33973.639945200004,0.0510303092710013
2019-09-04 00:00:00,1567555200000,10611.85,10799.0,10369.89,10567.02,43943.889026,9988.247142857144,10312.7408,10187.500606060605,54.06783855288075,-114.29569687010007,-181.46523584176072,67.16953897166064,34262.111840499994,0.0170815867867233
2019-09-05 00:00:00,1567641600000,10565.92,10900.0,10450.0,10564.49,33970.960639,10140.54,10273.3216,10206.882525252526,54.02669990203074,-74.78401544601911,-160.1289917626124,85.34497631659329,33372.75272655,0.0424437679772258
2019-09-06 00:00:00,1567728000000,10563.13,10905.87,10150.0,10298.73,58799.640959,10242.567142857142,10229.4276,10227.379393939393,49.74501793703696,-64.17555831380378,-140.93830507285068,76.7627467590469,34862.70571445,0.0153844788709898
2019-09-07 00:00:00,1567814400000,10298.71,10558.0,10288.57,10455.88,27637.877392,10366.625714285712,10211.9544,10246.5802020202,52.15943196840299,-42.59656132060081,-121.26995632240072,78.6733950017999,35040.32982545,0.0080628600351899
2019-09-08 00:00:00,1567900800000,10455.9,10592.5,10208.0,10381.18,23984.672018,10460.368571428571,10225.1868,10265.13686868687,50.907430886456176,-31.163483205464217,-103.24866169901344,72.08517849354921,34377.3974655,0.019256655588338
2019-09-09 00:00:00,1567987200000,10381.24,10480.0,10068.5,10303.12,39835.727608,10455.1,10225.5544,10281.067575757575,49.56846368715555,-28.07781250892731,-88.2144918609962,60.136679352068896,34754.237761950004,0.0598827281143916
2019-09-10 00:00:00,1568073600000,10302.58,10384.99,9953.0,10098.15,28915.412225,10381.224285714286,10216.2188,10301.09111111111,46.13696220119344,-41.69117236196689,-78.90982796119035,37.21865559922345,33832.222409099995,0.0631377363019611
2019-09-11 00:00:00,1568160000000,10098.19,10293.0,9880.0,10158.33,31953.824562,10322.84,10213.9112,10326.053737373735,47.29071410507261,-47.08111330253087,-72.54408502945846,25.46297172692759,33726.9315003,0.0598662011948407
2019-09-12 00:00:00,1568246400000,10158.75,10448.81,10040.0,10415.01,34511.162755,10301.485714285713,10218.2404,10352.705353535352,52.01218279254192,-30.29156716419675,-64.09358145640613,33.80201429220938,34074.9728294,0.0863147420539518
2019-09-13 00:00:00,1568332800000,10415.01,10439.0,10153.0,10342.06,30280.339776,10307.675714285717,10195.3012,10378.51707070707,50.62425592364085,-22.611534524028684,-55.797172069930646,33.18563754590196,34204.366976,0.0634530867929805
2019-09-14 00:00:00,1568419200000,10344.13,10419.99,10222.33,10335.02,23621.533519,10290.41,10178.281599999998,10402.299797979796,50.484249020386606,-16.898329070632826,-48.01740347007109,31.11907439943826,34071.86078205,-0.0004816247582204
2019-09-15 00:00:00,1568505600000,10332.81,10360.0,10252.15,10302.01,18047.654013,10279.1,10184.6592,10426.626969696968,49.788934691514186,-14.862873754489556,-41.386497526954784,26.52362377246523,32889.86790275,-0.0295112328643238
2019-09-16 00:00:00,1568592000000,10303.34,10355.0,10078.0,10251.31,28971.401657,10271.698571428573,10190.7164,10453.123737373737,48.67995756552589,-17.143210771704616,-36.53784017590475,19.39462940420013,32918.29921645,-0.0298769189421427
2019-09-17 00:00:00,1568678400000,10249.68,10275.0,10128.01,10187.82,22914.324563,10284.50857142857,10182.6472,10475.397171717172,47.26034862294572,-23.79916472226796,-33.99010508517739,10.19094036290943,31958.48767585,-0.0356543477252569
2019-09-18 00:00:00,1568764800000,10187.48,10258.02,10100.0,10156.99,24250.249303,10284.317142857142,10183.5528,10498.347575757574,46.55045166416712,-31.20210112544555,-33.43250429323102,2.230403167785468,31394.3653955,-0.013762862022793
2019-09-19 00:00:00,1568851200000,10156.41,10325.0,9653.0,10244.29,44826.282579,10259.92857142857,10187.6168,10519.72787878788,48.89153376770259,-29.68244045984102,-32.68249152655302,3.000051066712004,32293.96361925,-0.0202364602501174
2019-09-20 00:00:00,1568937600000,10243.7,10281.0,10061.39,10168.59,25088.491069,10235.147142857142,10179.4704,10539.425353535353,46.97037629674614,-34.19230813824288,-32.984454848891,-1.2078532893518812,32691.873669000004,-0.0204784041891191
2019-09-21 00:00:00,1569024000000,10167.92,10176.7,9900.0,9986.39,20544.175196,10185.342857142856,10171.524,10552.924242424242,42.62859904382242,-51.870497252222776,-36.76166332955736,-15.108833922665418,32741.81218665,-0.0307411735474304
2019-09-22 00:00:00,1569110400000,9985.15,10089.0,9853.97,10028.87,22049.275256,10146.32285714286,10183.8388,10565.24919191919,43.92995241945899,-61.74109559221142,-41.75754978208818,-19.98354581012325,31607.2635448,-0.0068606625966141
2019-09-23 00:00:00,1569196800000,10028.05,10049.99,9615.77,9702.25,31937.232356,10067.885714285716,10191.9912,10572.81404040404,36.983665876679225,-94.82602482619404,-52.371244790909344,-42.4547800352847,30804.206323549995,-0.0448971435265441
2019-09-24 00:00:00,1569283200000,9702.2,9794.99,7800.0,8493.14,94007.345203,9825.78857142857,10148.3352,10564.522929292929,22.68413263776641,-216.11984659269,-85.12096515126548,-130.99888144142454,33307.3791324,-0.1845288674710826
2019-09-25 00:00:00,1569369600000,8497.55,8730.0,8215.64,8430.05,60783.892258,9579.082857142856,10102.0384,10557.94212121212,22.201764303434885,-313.72053491011684,-130.84087910303575,-182.87965580708104,34648.02571335,-0.1848770941185799
2019-09-26 00:00:00,1569456000000,8430.05,8465.99,7750.0,8063.73,67930.853749,9267.574285714283,10035.5884,10545.90414141414,19.59613928043497,-415.83525612849735,-187.83975450812807,-227.99550162036925,35104.586352850005,-0.2197663865188457
2019-09-27 00:00:00,1569542400000,8063.49,8265.0,7852.15,8177.91,43882.924625,8983.191428571428,9949.1048,10532.376767676767,22.64357741071817,-481.9924279533989,-246.67028919718229,-235.3221387562166,35916.8387145,-0.2061830652464907
2019-09-28 00:00:00,1569628800000,8177.47,8315.0,8001.09,8198.81,34473.605165,8727.822857142857,9852.446,10512.568181818182,23.217248018388844,-526.6649423124691,-302.6692198202397,-223.9957224922294,36441.28537185,-0.2002183135618764
2019-09-29 00:00:00,1569715200000,8199.38,8229.13,7890.0,8043.82,31544.211388,8444.244285714285,9751.518,10485.4401010101,21.91908080850249,-568.0267704591788,-355.74072994802754,-212.28604051115127,36026.70956085,-0.2104473773584535
2019-09-30 00:00:00,1569801600000,8043.04,8337.26,7710.0,8289.34,55865.48726,8242.4,9660.512,10459.008484848486,28.718396925715737,-574.373880597379,-399.46736007789787,-174.9065205194811,37374.2133126,-0.1838782946522542
2019-10-01 00:00:00,1569888000000,8289.97,8500.0,8173.05,8292.44,43479.58742,8213.728571428572,9580.2604,10431.087777777777,28.80269998632572,-572.5538229495614,-434.0846526522306,-138.46917029733083,37950.5014555,-0.1905305296901981
2019-10-02 00:00:00,1569974400000,8292.67,8373.91,8151.22,8359.94,26243.386644,8203.712857142858,9496.4228,10396.12898989899,30.723915046124503,-559.2184065821857,-459.11140343822166,-100.10700314396404,37537.11264995001,-0.1778663511853658
2019-10-03 00:00:00,1570060800000,8360.0,8393.0,8060.0,8223.96,30488.284058,8226.602857142858,9410.134,10346.938686868689,29.02474509361092,-553.2449788689191,-477.9381185243612,-75.30686034455795,37547.50986405001,-0.1764831936265257
2019-10-04 00:00:00,1570147200000,8224.43,8232.41,8005.0,8137.13,26476.330404,8220.777142857141,9323.4944,10314.687575757574,27.961342463298195,-549.1867665138634,-492.1878481222616,-56.99891839160176,37690.249708300005,-0.1886294268446994
2019-10-05 00:00:00,1570233600000,8137.09,8183.41,8012.98,8126.19,21907.615564,8210.402857142857,9244.616,10271.511414141412,27.82302853329413,-540.621423312452,-501.8745631602998,-38.74686015215218,37883.247785850006,-0.1624427323558969
2019-10-06 00:00:00,1570320000000,8127.55,8153.87,7785.0,7854.25,34676.104049,8183.321428571428,9152.4528,10230.613636363636,24.569565784047924,-549.4429758092101,-511.3882456900819,-38.05473011912824,38168.48290545,-0.0752242397982371
2019-10-07 00:00:00,1570406400000,7855.3,8299.92,7762.0,8190.09,52202.072297,8169.142857142857,9063.456,10203.704444444444,34.72163797556358,-523.3023348786464,-513.7710635277948,-9.531271350851624,39632.87029215,-0.0284648371006102
2019-10-08 00:00:00,1570492800000,8190.82,8325.0,8088.75,8168.39,35452.657423,8151.421428571428,8976.5092,10178.89090909091,34.399477739612806,-498.58927050423154,-510.7347049230822,12.14543441885064,40192.99069815,0.0129791052031753
2019-10-09 00:00:00,1570579200000,8170.79,8670.0,8115.0,8560.74,55038.704378,8180.107142857143,8905.538,10155.839292929291,44.437577531798205,-442.2466785242268,-497.0370996433111,54.79042111908427,40703.6117881,0.046812694196928
2019-10-10 00:00:00,1570665600000,8562.15,8644.0,8414.52,8558.03,39137.946167,8227.831428571428,8835.7788,10121.67797979798,44.38705549330647,-393.279956277509,-476.2856709701507,83.00571469264173,41406.084543,0.0438136753992348
2019-10-11 00:00:00,1570752000000,8557.82,8779.51,8212.38,8258.5,50405.284418,8245.17,8756.0664,10092.514646464646,39.096255194468,-374.3280233915903,-455.8941414544386,81.56611806284837,42899.1400041,0.0266888120320942
2019-10-12 00:00:00,1570838400000,8257.95,8400.0,8250.0,8300.09,21339.334098,8270.012857142856,8680.5572,10065.538484848485,40.16277700313499,-351.8960757072764,-435.09452830500624,83.19845259772984,42863.6429462,0.0012968463110452
2019-10-13 00:00:00,1570924800000,8301.98,8451.37,8160.0,8275.01,27840.739953,8330.121428571429,8605.278,10035.422525252528,39.71116891690632,-332.3116599921341,-414.5379546424318,82.22629465029775,42658.81832605,-0.0021019145149075
2019-10-14 00:00:00,1571011200000,8275.24,8388.85,8203.0,8348.2,29810.663253,8352.708571428573,8529.4344,10004.533232323232,41.76896063912202,-307.34219856298114,-393.09880342654174,85.7566048635606,39448.984228550005,-0.0014043162989207
2019-10-15 00:00:00,1571097600000,8346.86,8403.0,8090.0,8159.29,32773.062476,8351.408571428572,8449.0624,9963.32808080808,38.14951957233749,-299.3464985992523,-374.3483424610839,75.00184386183156,38048.44273945,-0.0078636082860323
2019-10-16 00:00:00,1571184000000,8159.3,8181.16,7917.0,7991.74,34733.593966,8270.122857142856,8369.276399999999,9917.351616161615,35.233330326226195,-303.03651716215063,-360.0859774012972,57.04946023914658,36388.5797503,-0.0178674790743174
2019-10-17 00:00:00,1571270400000,7995.02,8124.92,7929.03,8070.58,29656.949158,8200.487142857142,8290.9448,9876.565858585858,37.64856829776824,-296.18491897453714,-347.3057657159452,51.12084674140806,35677.28097695,-0.0068433054112689
2019-10-18 00:00:00,1571356800000,8070.71,8115.0,7816.01,7947.01,31353.181416,8155.988571428571,8220.735200000001,9842.26404040404,35.41912078318563,-297.2989669019116,-337.3044059531385,40.00543905122686,35521.2597895,0.0118101664703822
2019-10-19 00:00:00,1571443200000,7946.89,8098.1,7866.92,7948.01,26627.889388,8105.691428571429,8198.93,9803.787171717173,35.45243275210099,-294.7040019800333,-328.7843251585175,34.08032317848415,35275.4436895,-0.0295576727484069
2019-10-20 00:00:00,1571529600000,7949.87,8297.0,7870.0,8223.35,34286.452654,8098.311428571428,8190.661999999999,9772.146666666667,44.01530829340585,-267.34801519531266,-316.4970631658765,49.149047970563856,34196.4919592,0.0067283760936978
2019-10-21 00:00:00,1571616000000,8223.35,8333.0,8142.03,8197.27,30448.679539,8076.75,8196.0036,9752.17787878788,43.42764442622481,-244.94901682899035,-302.1874538984993,57.23843706950896,33544.94656515,-0.0424577781827271
2019-10-22 00:00:00,1571702400000,8197.28,8297.99,8000.0,8020.0,34651.828663,8056.851428571429,8189.687199999999,9723.70595959596,39.56123839503778,-238.74969882883488,-289.49990288456644,50.75020405573156,33965.3686661,-0.0628684405172687
2019-10-23 00:00:00,1571788800000,8020.06,8047.59,7300.0,7466.62,63897.457098,7981.834285714285,8160.399600000001,9703.77696969697,30.447998001936696,-275.31616251727337,-286.66315481110786,11.34699229383449,35635.8273181,-0.0958866622267966
2019-10-24 00:00:00,1571875200000,7468.47,7503.68,7337.99,7412.41,32714.383265,7887.81,8135.143199999999,9680.99404040404,29.72560377811503,-305.1520396234009,-290.36093177356645,-14.791107849834477,35947.72996115,-0.1069482379106733
2019-10-25 00:00:00,1571961600000,7412.41,8799.0,7361.0,8655.02,90748.218174,7988.954285714286,8149.7704,9661.073434343434,55.68167588658553,-225.924626648166,-277.4736707484864,51.54904410032043,39389.76009165,0.0459226031146791
2019-10-26 00:00:00,1572048000000,8655.88,10370.0,8470.38,9230.0,162588.585413,8172.095714285714,8187.272800000001,9648.201818181818,62.570678923912,-115.40987714736002,-245.0609120282612,129.6510348809011,45785.38415985,0.1056275604321888
2019-10-27 00:00:00,1572134400000,9230.0,9794.98,9074.34,9529.93,93833.541604,8358.75,8234.0724,9635.976565656563,65.57660693322913,-3.5829950353636377,-196.7653286296816,193.182333594318,47866.9576252,0.1679852045950076
2019-10-28 00:00:00,1572220800000,9528.23,9902.1,9160.0,9205.14,80174.217323,8502.731428571427,8273.319599999999,9621.993636363635,59.96092650318798,58.16231710406828,-145.77979948293165,203.942116587,50103.0356202,0.1518317662987034
2019-10-29 00:00:00,1572307200000,9204.45,9550.0,9072.0,9407.62,64158.462446,8700.962857142857,8324.1392,9612.572525252524,62.13775385041385,122.02770619218064,-92.2182983479092,214.2460045400898,50559.0235236,0.1656683906237224
2019-10-30 00:00:00,1572393600000,9407.62,9409.84,9001.01,9154.72,55241.786434,8942.119999999999,8365.2804,9605.398888888889,57.90332491733593,150.4997038402198,-43.6746979102834,194.1744017505032,51364.21553695,0.1519703636965348
2019-10-31 00:00:00,1572480000000,9154.02,9405.0,8913.0,9140.85,54376.024902,9189.04,8416.7444,9599.111717171718,57.67120594130107,169.9852894181422,-0.9427004445982804,170.92798986274047,51562.75256115,0.1500803345743149
2019-11-01 00:00:00,1572566400000,9140.86,9279.0,9030.0,9231.61,43594.814115,9271.41,8458.405200000001,9592.563636363637,58.83411905216721,190.5547335100382,37.356786346329024,153.1979471637092,52675.526562,0.1226093988459691
2019-11-02 00:00:00,1572652800000,9231.4,9373.74,9186.21,9289.52,28923.060828,9279.912857142856,8503.250399999999,9587.164848484848,59.5968482588492,209.11843206055528,71.70911548917428,137.409316571381,52729.64260574999,0.1332455805408385
2019-11-03 00:00:00,1572739200000,9289.85,9362.57,9066.14,9194.71,27894.378279,9232.024285714286,8528.6092,9584.318282828282,57.71154621527112,213.7163334085617,100.11055907305176,113.60577433550992,52633.82835705,0.1464725685785535
2019-11-04 00:00:00,1572825600000,9196.46,9513.68,9115.84,9393.35,45894.456277,9258.91142857143,8562.021999999999,9582.821414141414,60.52885599319636,230.7290899244236,126.23426524332612,104.4948246810974,53289.8980471,0.2580458092148792
2019-11-05 00:00:00,1572912000000,9392.4,9454.95,9175.76,9308.66,45935.873665,9244.774285714286,8604.0284,9580.811515151514,58.732303382836186,234.672883890702,147.9219889728013,86.7508949179007,53850.01203205,0.2558209813002789
2019-11-06 00:00:00,1572998400000,9307.73,9440.91,9250.01,9339.05,37336.170372,9271.107142857143,8645.586800000001,9578.43616161616,59.20027334528184,237.51268960341983,165.84012909892502,71.67256050449484,54233.97309274999,0.0790327463136999
2019-11-07 00:00:00,1573084800000,9339.16,9375.0,9101.0,9216.2,39117.470853,9281.871428571429,8683.2344,9569.705555555556,56.41522207243918,227.23091129169552,178.11828553747915,49.11262575421637,54622.1875646,-0.001495124593716
2019-11-08 00:00:00,1573171200000,9214.0,9261.0,8696.0,8773.73,62107.289243,9216.46,8700.2556,9553.531212121212,47.70945079291329,181.2891087820317,178.75245018638967,2.536658595642024,56396.15755735,-0.0793500057188248
2019-11-09 00:00:00,1573257600000,8773.74,8880.0,8724.88,8809.41,29469.481405,9147.872857142856,8726.260400000001,9536.214646464648,48.40092905511438,146.0751141230994,172.21698297373163,-26.14186885063222,56155.30899489999,-0.0429901120460959
2019-11-10 00:00:00,1573344000000,8809.18,9147.19,8750.0,9039.47,34422.029797,9125.695714285715,8768.169600000001,9518.261212121211,52.74048729283451,135.17349307552468,164.80828499409023,-29.63479191856556,56353.976507800005,-0.039133170770078
2019-11-11 00:00:00,1573430400000,9040.16,9072.32,8618.68,8733.27,44888.053545,9031.398571428572,8794.6772,9496.0797979798,47.06678053354732,100.66568749038196,151.9797654933486,-51.31407800296663,56865.7877519,-0.0460363615708616
2019-11-12 00:00:00,1573516800000,8733.36,8888.0,8567.6,8821.94,40366.629471,8961.867142857143,8829.6744,9465.707474747474,48.7849904121196,79.55586046509416,137.4949844876977,-57.93912402260355,55689.24637054999,-0.0348884403529211
2019-11-13 00:00:00,1573603200000,8821.91,8844.99,8702.0,8777.12,26810.116918,8881.59142857143,8862.8388,9438.388585858584,47.93794414167034,58.53481808955439,121.70295120806904,-63.168133118514646,55394.03305320001,-0.0492319324581519
2019-11-14 00:00:00,1573689600000,8777.54,8800.0,8582.6,8646.68,33468.468961,8800.23142857143,8879.771999999999,9404.76888888889,45.46387960091055,30.992806905418547,103.56092234753896,-72.5681154421204,52530.04559255,-0.0692005614929511
2019-11-15 00:00:00,1573776000000,8646.38,8790.0,8400.0,8471.73,46087.417751,8757.08857142857,8890.7504,9369.13212121212,42.30988257209805,-4.895011622385937,81.86973555355397,-86.7647471759399,46704.98720945,-0.0786299948557376
2019-11-16 00:00:00,1573862400000,8471.62,8543.0,8400.0,8491.02,20902.299752,8711.604285714286,8909.5912,9334.9001010101,42.78122475492473,-31.417661333656724,59.21225617611184,-90.62991750976856,43058.42511685,-0.0960605108933447
2019-11-17 00:00:00,1573948800000,8490.74,8635.0,8350.68,8502.4,27009.037082,8634.880000000001,8951.0224,9306.547474747476,43.076699033069225,-50.931672801649256,37.18347038055962,-88.11514318220887,40400.1661048,-0.0866139702169808
2019-11-18 00:00:00,1574035200000,8502.87,8503.52,8060.0,8187.17,43017.69094,8556.865714285716,8982.0128,9272.5797979798,37.32666660739291,-90.78656300817602,11.589463702812491,-102.37602671098853,39343.1275295,-0.1233401684325492
2019-11-19 00:00:00,1574121600000,8186.5,8218.63,8003.0,8133.64,43556.061025,8458.537142857143,8961.1576,9239.625858585858,36.43720477678199,-125.24749906163017,-15.77792885007604,-109.46957021155411,38758.84125905,-0.1174627286734228
2019-11-20 00:00:00,1574208000000,8133.83,8264.29,8038.4,8098.01,32466.23098,8361.521428571428,8915.877999999999,9211.396565656563,35.82527594663682,-153.6617652110708,-43.354696122274994,-110.30706908879584,37663.35156295,-0.0770162747201018
2019-11-21 00:00:00,1574294400000,8098.56,8134.73,7500.0,7627.74,58418.780261,8215.958571428571,8839.7904,9186.925555555556,28.921421430511785,-211.6869393713314,-77.02114477208627,-134.66579459924512,38404.54987025,-0.1341372464217241
2019-11-22 00:00:00,1574380800000,7627.79,7750.0,6790.0,7268.23,126603.140259,8044.03,8762.313999999998,9156.362929292927,24.96122785240064,-283.4147317832576,-118.29986217432054,-165.11486960893706,43288.5538418,-0.1959451162512846
2019-11-23 00:00:00,1574467200000,7268.23,7344.48,7080.01,7311.57,50449.894755,7875.5371428571425,8678.472,9125.858181818185,26.271895161262208,-332.9246006896592,-161.22480987738828,-171.69979081227092,44416.3296656,-0.1627912568831606
2019-11-24 00:00:00,1574553600000,7311.1,7330.39,6861.0,6903.28,67890.206483,7647.091428571429,8588.4144,9092.396161616163,22.31721577534121,-400.4905139275552,-209.0779506874217,-191.41256324013352,45516.1171759,-0.2174873100474499
2019-11-25 00:00:00,1574640000000,6900.23,7377.69,6515.0,7109.57,119645.735197,7493.148571428571,8507.1632,9060.101111111111,28.19819137743862,-432.4065939409784,-253.743679338133,-178.66291460284538,49201.6102525,-0.189988287729916
2019-11-26 00:00:00,1574726400000,7109.99,7340.0,7017.48,7156.14,65722.39769,7353.505714285714,8424.1444,9022.127373737374,29.49582525123756,-448.7693735077228,-292.74881817205096,-156.02055533567182,50620.9216184,-0.1723829261635679
2019-11-27 00:00:00,1574812800000,7154.75,7655.0,6840.0,7508.52,92452.87349,7269.292857142856,8352.904400000001,8989.27898989899,38.54599414787428,-428.3649486838594,-319.8720442744127,-108.49290440944674,53287.69175025,-0.113696966263089
2019-11-28 00:00:00,1574899200000,7507.9,7643.0,7360.0,7419.49,56933.981109,7239.542857142856,8281.8956,8961.773131313132,37.24516124014502,-414.59903238386505,-338.8174418963032,-75.78159048756186,53029.02634355,-0.1261956749601344
2019-11-29 00:00:00,1574985600000,7418.52,7850.0,7362.3,7739.68,60745.300873,7306.892857142857,8215.7488,8937.932727272728,44.49946161135818,-373.5467728054218,-345.7633080781269,-27.783464727294927,54592.81731694999,-0.0897064358298832
2019-11-30 00:00:00,1575072000000,7740.99,7810.0,7441.0,7541.89,46989.433619,7339.795714285715,8145.078,8909.168484848484,41.32179218918328,-352.90449794703545,-347.19154605190863,-5.712951895126821,55221.18750805,-0.0788160011334807
2019-12-01 00:00:00,1575158400000,7540.63,7541.85,7210.0,7390.89,60769.342313,7409.454285714287,8067.151599999999,8881.456767676767,39.03032608133464,-344.75565584491414,-346.70436801050977,1.948712165595623,56015.25194645,-0.0913182781632824
2019-12-02 00:00:00,1575244800000,7391.5,7420.56,7151.1,7294.28,46330.25604,7435.841428571429,7990.2748,8852.68494949495,37.59390571245836,-342.1491766384661,-345.79332973610104,3.644153097634955,56313.4332749,-0.0992503096439743
2019-12-03 00:00:00,1575331200000,7294.42,7400.0,7241.35,7292.71,33149.477487,7455.351428571428,7931.034000000001,8821.578484848485,37.56970771396799,-336.3331695492161,-343.9012976987241,7.56812814950797,56630.40130335001,-0.043922577329589
2019-12-04 00:00:00,1575417600000,7292.71,7750.0,7067.0,7194.32,83153.701586,7410.465714285715,7866.430399999999,8791.369090909091,36.00559522478275,-335.7923871340008,-342.27951558577945,6.487128451778631,59114.662934600005,-0.0101689132017011
2019-12-05 00:00:00,1575504000000,7194.59,7485.0,7150.0,7389.0,59306.678855,7406.110000000001,7800.411599999999,8767.813535353536,41.2201110420674,-316.0119748470488,-337.0260074380334,21.014032590984584,59775.625989800006,0.0105900647877268
2019-12-06 00:00:00,1575590400000,7389.0,7590.03,7305.0,7527.47,48189.087944,7375.794285714286,7752.179599999999,8747.904747474748,44.67334076527184,-285.8671848803815,-326.794242926503,40.92705804612149,61139.9653994,0.0904193368949253
2019-12-07 00:00:00,1575676800000,7527.8,7619.62,7470.16,7488.21,31498.684173,7368.125714285714,7698.830400000001,8726.729696969696,43.886108175296464,-262.12357809874266,-313.860109960951,51.73653186220832,61364.44775395001,0.0532577919621017
2019-12-08 00:00:00,1575763200000,7487.31,7564.0,7374.86,7510.11,29856.897631,7385.157142857142,7648.15,8705.746262626262,44.473909061662056,-238.78686534277224,-298.8454610373152,60.05859569454299,60706.40808849999,0.0494638170857473
2019-12-09 00:00:00,1575849600000,7510.11,7650.0,7273.0,7338.64,46621.887493,7391.494285714286,7595.828400000001,8681.641818181817,40.86451032800368,-231.46041671239345,-285.3684521723309,53.90803545993742,60859.6994119,-0.0226249647067597
2019-12-10 00:00:00,1575936000000,7338.64,7407.6,7157.1,7224.13,49723.76214,7381.697142857142,7545.924400000001,8650.168383838385,38.61089701542108,-232.2172969397334,-274.7382211258114,42.52092418607799,61722.575969900005,-0.0263306507590144
2019-12-11 00:00:00,1576022400000,7224.15,7275.5,7125.66,7210.0,30093.091944,7383.937142857142,7494.683600000001,8615.771616161617,38.3299947186342,-231.2911227937493,-266.048801459399,34.75767866564968,60306.29155405,-0.0684369379612593
2019-12-12 00:00:00,1576108800000,7210.0,7295.0,7080.3,7198.08,42288.600932,7356.662857142857,7442.5108,8581.741919191918,38.07831863946747,-228.88057469881915,-258.61515610728304,29.734581408463896,56090.56458769999,-0.0455867163270745
2019-12-13 00:00:00,1576195200000,7197.76,7309.05,7190.76,7258.48,27609.873795,7318.235714285714,7405.363200000001,8548.34787878788,40.22023615237512,-219.56540938571013,-250.80520676296845,31.2397973772583,54948.5635397,-0.0179152984282002
2019-12-14 00:00:00,1576281600000,7257.37,7271.77,7012.0,7064.05,29561.985967,7257.641428571428,7362.5796,8515.674343434344,35.91367276743169,-225.27511850637163,-245.6991891116491,20.42407060527745,53032.1525139,-0.0315630877893362
2019-12-15 00:00:00,1576368000000,7064.14,7200.3,7008.35,7118.59,26395.778137,7201.71,7323.4028,8481.964343434345,37.921668582637366,-222.8305302845956,-241.1254573462384,18.294927061642795,48369.65466089999,-0.0238758979857968
2019-12-16 00:00:00,1576454400000,7119.6,7150.0,6836.0,6891.72,43863.993059,7137.864285714286,7293.961999999999,8446.717272727274,33.25411383850388,-236.47376708765296,-240.19511929452133,3.7213522068683744,47276.73442934999,-0.0420609592011474
2019-12-17 00:00:00,1576540800000,6891.44,6942.21,6560.0,6623.82,53865.069929,7052.105714285715,7268.185600000001,8409.552626262626,28.75348859220713,-265.8389951574263,-245.32389446710235,-20.515100690323976,45347.3442513,-0.1035566382460414
2019-12-18 00:00:00,1576627200000,6623.84,7440.0,6435.0,7277.83,95636.651251,7061.795714285714,7266.835999999999,8381.064545454545,47.45114227477919,-233.64469811627987,-242.98805519693784,9.343357080657997,47282.4777584,-0.0331638651499109
2019-12-19 00:00:00,1576713600000,7277.83,7380.0,7038.31,7150.3,55509.049075,7054.97,7276.7168,8350.680404040404,44.97266584139668,-215.93196170949795,-237.57683649944988,21.644874789951928,47020.6651685,-0.0451256041163374
2019-12-20 00:00:00,1576800000000,7151.31,7220.0,7079.5,7187.83,32132.069205,7044.877142857143,7279.8472,8318.082626262627,45.86872618484921,-196.59985242544465,-229.38143968464885,32.78158725920423,46277.7969478,-0.0429128201850571
2019-12-21 00:00:00,1576886400000,7188.01,7190.58,7105.0,7132.75,19467.174028,7054.691428571429,7278.9116,8285.665353535354,44.71782120426125,-183.6070049530336,-220.22655273832572,36.61954778529224,44212.68853355,-0.0280556070334558
2019-12-22 00:00:00,1576972800000,7131.59,7518.54,7122.47,7501.44,39137.45515,7109.384285714285,7278.6284,8257.043333333333,53.18534997822257,-141.92386798800362,-204.56601578826132,62.64214780025776,43853.04848905,0.0383866292550105
2019-12-23 00:00:00,1577059200000,7500.71,7695.38,7265.84,7317.09,68051.997203,7170.151428571429,7274.5324,8226.892626262626,49.13296264601747,-122.35475648562442,-188.123763927734,65.76900744210957,45598.17447485,0.0148529819694869
2019-12-24 00:00:00,1577145600000,7317.3,7436.68,7157.04,7255.77,43629.494188,7260.43,7255.176000000001,8196.634646464647,47.827570674277545,-110.52009925173024,-172.60303099253323,62.08293174080299,43621.964104950006,0.0080146372365965
2019-12-25 00:00:00,1577232000000,7255.77,7271.77,7128.86,7204.63,27492.044323,7249.972857142858,7241.6856,8166.501414141414,46.71289623906875,-104.06798775222067,-158.89602234447074,54.82803459225005,42031.23237835,-0.0074189086420296
2019-12-26 00:00:00,1577318400000,7205.01,7435.0,7157.12,7202.0,36259.761076,7257.358571428572,7234.13,8136.65303030303,46.65267828334076,-98.03675523548644,-146.7241689226739,48.68741368718744,41434.76603495,0.0195284574712806
2019-12-27 00:00:00,1577404800000,7202.0,7275.86,7076.42,7254.74,33642.701861,7266.917142857143,7232.548400000001,8106.455555555555,48.09760451746629,-87.98702314704133,-134.9767397675474,46.98971662050607,41541.96691935,0.0191259785996944
2019-12-28 00:00:00,1577491200000,7254.77,7365.01,7238.67,7316.14,26848.982199,7293.115714285714,7233.485599999999,8077.64292929293,49.80223543782365,-74.21259460883448,-122.82391073580482,48.61131612697034,41391.57114775,0.0615840457824752
2019-12-29 00:00:00,1577577600000,7315.36,7528.45,7288.0,7388.24,31387.106085,7276.944285714286,7241.242400000001,8051.39898989899,51.80396696626113,-56.82336889247563,-109.623802367139,52.800433474663365,40629.83207735,0.1154047060457561
2019-12-30 00:00:00,1577664000000,7388.43,7408.24,7220.0,7246.0,29605.911782,7266.788571428571,7235.522400000001,8023.289191919192,47.75785903182637,-53.898552517636745,-98.47875239723857,44.58019987960181,39623.93955945,-0.0043735564034883
2019-12-31 00:00:00,1577750400000,7246.0,7320.0,7145.01,7195.23,25954.453533,7258.14,7222.232800000001,7997.965757575757,46.36584775326988,-55.0428296881455,-89.79156785541994,34.74873816727444,39417.0076389,0.0062836524341636
2020-01-01 00:00:00,1577836800000,7195.24,7255.0,7175.15,7200.85,16792.388165,7257.599999999999,7210.738399999999,7984.912323232324,46.55156265495445,-54.86375533810861,-82.80600535195768,27.94225001384908,38142.19700055,0.0018113950942078
2020-01-02 00:00:00,1577923200000,7200.77,7212.5,6924.74,6965.71,31951.483932,7223.844285714285,7188.9624,7970.12101010101,40.26882192125641,-72.85583377795956,-80.81597103715806,7.960137259198504,38359.2775074,-0.0234187375135817
2020-01-03 00:00:00,1578009600000,6965.49,7405.0,6871.04,7344.96,68428.500451,7236.732857142857,7189.215200000001,7962.860707070707,51.61203290092946,-55.868364364418994,-75.82644970261025,19.958085338191253,40302.6032316,-0.0208599948809827
2020-01-04 00:00:00,1578096000000,7345.0,7404.0,7272.21,7354.11,29987.974977,7242.157142857142,7194.4144,7954.539494949494,51.84961563493203,-41.192502409486224,-68.89966024398545,27.707157834499228,40482.2130736,0.0050593883634066
2020-01-05 00:00:00,1578182400000,7354.19,7495.0,7318.0,7358.75,38331.085604,7237.944285714286,7200.3644,7946.05404040404,51.97838005470176,-28.85474728913232,-60.89067765301483,32.035930363882514,40205.567700850006,0.0141928423861283
2020-01-06 00:00:00,1578268800000,7357.64,7795.34,7346.76,7758.0,54635.695316,7311.087142857143,7222.7612,7943.16696969697,61.51508376758497,12.989416948058532,-46.11465873280016,59.10407568085869,40244.09897020001,0.07680755292083
2020-01-07 00:00:00,1578355200000,7758.9,8207.68,7723.71,8145.28,91171.684661,7446.808571428571,7258.2332,7941.711818181818,68.12727628949627,76.51940981824464,-21.587845022591203,98.10725484083584,40020.8506407,0.1309747292418772
2020-01-08 00:00:00,1578441600000,8145.92,8455.0,7870.0,8055.98,112622.64264,7568.97,7297.910400000001,7939.323333333334,65.33959909282737,118.2979579664725,6.389315575221538,111.90864239125096,42876.530318950005,0.1104436547691578
2020-01-09 00:00:00,1578528000000,8054.72,8055.96,7750.0,7817.76,64239.51983,7690.691428571428,7325.8772,7933.846767676767,58.46667854280646,130.67900898897096,31.247254257971424,99.43175473099954,44481.9028502,0.068563477462159
2020-01-10 00:00:00,1578614400000,7817.74,8199.0,7672.0,8197.02,82406.777448,7812.414285714286,7378.0892,7933.574646464646,64.8126104889516,169.14440213777743,58.82668383393264,110.3177183038448,47628.8830212,0.1094685608480505
2020-01-11 00:00:00,1578700800000,8198.86,8286.34,8003.16,8020.01,54810.032667,7907.542857142857,7433.936799999999,7932.391616161616,60.19018548819987,183.23307879695312,83.70796282653674,99.52511597041638,48412.51189705,0.1068189345845984
2020-01-12 00:00:00,1578787200000,8020.01,8197.0,7960.0,8184.98,38131.494336,8025.575714285714,7470.2228,7932.985454545455,62.849483855653205,205.343089526541,108.0349881665376,97.3081013600034,46916.4867537,0.1375564088986731
2020-01-13 00:00:00,1578873600000,8184.97,8196.0,8055.89,8110.34,31159.755683,8075.910000000001,7508.6244,7935.572222222222,60.86832365969884,214.37146728303745,129.30228398983758,85.06918329319984,46292.99982845,0.1263031447676315
2020-01-14 00:00:00,1578960000000,8110.34,8880.0,8105.54,8810.01,120399.126742,8170.871428571429,7573.511600000001,7941.83404040404,70.31470631162927,274.8161339893195,158.40505398973397,116.41107999958552,50938.3539494,0.2647684155671137
2020-01-15 00:00:00,1579046400000,8814.64,8916.48,8564.0,8821.41,84816.297606,8280.218571428572,7641.058000000001,7948.430202020201,70.43991631352844,319.95066050860805,190.7141752935088,129.23648521509926,53366.1807759,0.201015390145079
2020-01-16 00:00:00,1579132800000,8820.01,8859.81,8586.0,8720.01,51991.074284,8409.11142857143,7689.8008,7950.03898989899,67.70444211320951,343.57741877290937,221.2868239893889,122.29059478352048,54283.59939705,0.1857328759020466
2020-01-17 00:00:00,1579219200000,8720.15,9041.65,8672.44,8913.28,70897.737377,8511.434285714286,7753.648400000001,7953.627373737375,70.08873573293744,373.5905493928267,251.74756907007648,121.8429803227502,56486.03715595,0.2112491931374216
2020-01-18 00:00:00,1579305600000,8913.27,8988.88,8806.38,8915.96,38294.746545,8639.427142857143,7820.056,7960.268383838385,70.12167608279542,393.06145743529487,280.0103467431202,113.05111069217467,56831.41917895,0.1492601185872646
2020-01-19 00:00:00,1579392000000,8915.09,9198.98,8466.0,8701.7,70676.889259,8713.244285714287,7879.9388,7964.32505050505,64.04878715793397,386.745143708622,301.3573061362206,85.3878375724014,58884.9680528,0.0683119548990336
2020-01-20 00:00:00,1579478400000,8701.72,8746.99,8521.28,8642.35,38896.639746,8789.245714285715,7937.5528,7968.035555555556,62.43576333578885,372.6546398634082,315.6167728816581,57.037866981750085,59532.07736345,0.0727869235027893
2020-01-21 00:00:00,1579564800000,8642.35,8789.0,8488.0,8736.03,36494.687659,8778.677142857143,7996.804399999999,7971.95303030303,63.97785531912505,364.8413432340985,325.4616869521462,39.37965628195235,60517.19233815,0.117459476883404
2020-01-22 00:00:00,1579651200000,8736.04,8818.0,8590.0,8682.36,29080.557138,8758.812857142857,8051.453200000001,7977.236565656565,62.39743769509047,350.2807109093228,330.4254917435815,19.85521916574129,60373.64599845001,0.0592093224122913
2020-01-23 00:00:00,1579737600000,8682.77,8691.81,8306.39,8404.52,48165.944597,8713.742857142857,8092.104399999999,7981.40606060606,54.844389567202775,312.7171304735675,326.88381948957874,-14.16668901601122,59360.51820575,0.0479438304939769
2020-01-24 00:00:00,1579824000000,8404.52,8528.02,8238.0,8439.0,41687.529529,8645.988571428572,8139.824399999999,7985.127474747474,55.56326689876087,282.47378818944344,318.0018132295517,-35.528025040108275,59945.49593335,0.0310348956258903
2020-01-25 00:00:00,1579910400000,8438.99,8451.26,8254.9,8340.58,25521.157932,8563.791428571429,8185.638400000001,7989.10292929293,52.97098682146241,247.70861929801504,303.9431744432444,-56.234555145229365,59304.999549750006,0.0283884522720379
2020-01-26 00:00:00,1579996800000,8340.01,8618.13,8293.66,8615.0,31130.485164,8551.405714285715,8242.2044,7995.840202020203,58.74978408335405,239.5391152457796,291.06236260375147,-51.523247357971854,58129.73904215,-0.0221350486548823
2020-01-27 00:00:00,1580083200000,8614.39,9000.0,8535.0,8907.57,53973.542996,8589.294285714286,8319.8788,8002.751515151515,63.84989756629568,253.7476335496304,283.5994167929273,-29.85178324329695,56269.8319589,0.0097671460684856
2020-01-28 00:00:00,1580169600000,8907.57,9400.0,8862.4,9374.21,74584.853765,8680.462857142857,8401.0488,8014.639797979798,70.18225312556268,299.21279594096995,286.72209262253585,12.4907033184341,54367.94251514999,0.0750228497444382
2020-01-29 00:00:00,1580256000000,9375.34,9449.24,9216.0,9301.53,53864.065122,8768.915714285715,8478.945600000001,8027.584545454545,68.17905288991915,325.6259824761692,294.5028705932625,31.12311188290664,53849.16977975,0.0435586002010484
2020-01-30 00:00:00,1580342400000,9301.57,9578.0,9204.44,9513.21,60626.744259,8927.3,8565.124,8048.257171717171,70.79375585204161,359.4953909299438,307.5013746605988,51.99401626934503,52760.1681203,0.0669866172571433
2020-01-31 00:00:00,1580428800000,9511.52,9530.22,9210.01,9352.89,45552.022352,9057.855714285712,8628.9196,8067.857979797979,66.34719361402301,369.1453788532162,319.83017549912233,49.31520335409391,52297.26760455,0.0748348023949341
2020-02-01 00:00:00,1580515200000,9351.71,9464.53,9281.0,9384.61,28578.067354,9207.002857142856,8678.4928,8075.227575757574,66.79162750708221,375.029496128107,330.8700396249193,44.1594565031877,51819.59625545,0.0858863619270222
2020-02-02 00:00:00,1580601600000,9384.41,9477.03,9120.0,9331.51,45690.91254,9309.361428571428,8729.514000000001,8076.252929292928,65.23839951667887,371.12982167250266,338.92199603443595,32.20782563806671,52546.15409830001,0.0681636853353295
2020-02-03 00:00:00,1580688000000,9331.59,9618.79,9234.0,9292.24,50892.133451,9364.314285714285,8788.4932,8073.85202020202,64.05209124262916,360.712471923267,343.28009121220214,17.432380711064866,49070.80443375,0.0702435743277172
2020-02-04 00:00:00,1580774400000,9291.35,9350.0,9093.01,9197.02,53308.175266,9339.00142857143,8828.493199999999,8073.769999999999,61.148522014739086,340.844149790124,342.7929029277865,-1.948753137662493,47495.39831675,0.0942944986745226
2020-02-05 00:00:00,1580860800000,9197.02,9744.45,9177.22,9612.04,64870.415615,9383.36,8892.1744,8075.834848484848,67.96485887973705,354.5005452722489,345.13443139667896,9.366113875569964,48139.3653833,0.1390022514515938
2020-02-06 00:00:00,1580947200000,9612.03,9862.57,9526.35,9772.0,64949.706588,9420.33,8955.655200000001,8082.070000000001,70.13940680726076,373.92045004858846,350.8916351270609,23.028814921527555,47841.96384385,0.1716211582407938
2020-02-07 00:00:00,1581033600000,9772.0,9885.0,9730.0,9813.73,43966.114632,9486.164285714289,9023.7908,8088.866767676767,70.69820910092685,388.2031623371895,358.35394056908666,29.84922176810284,48125.532248200005,0.1391445153801509
2020-02-08 00:00:00,1581120000000,9813.87,9940.0,9667.11,9895.05,43600.843666,9559.084285714283,9067.1924,8095.568181818182,71.80549039441163,401.4564194027644,366.9744363358223,34.48198306694212,46771.72996855,0.1108585169692744
2020-02-09 00:00:00,1581206400000,9895.04,10166.0,9880.75,10151.75,43408.475616,9676.261428571428,9120.406,8104.277575757575,75.01511561740121,427.7425163127973,379.1280523312173,48.61446398158006,46997.32176205,0.0829445894640723
2020-02-10 00:00:00,1581292800000,10151.72,10188.0,9756.0,9851.83,59573.084619,9756.202857142856,9165.6788,8110.915151515152,65.61643953434938,419.5372359282064,387.2098890506151,32.32734687759137,48151.24161005,0.0591623098565503
2020-02-11 00:00:00,1581379200000,9851.74,10323.59,9700.0,10223.08,62422.395224,9902.782857142856,9218.0708,8119.296262626262,70.53725253009554,437.9429309439456,397.3564974292812,40.58643351466441,49818.33351434999,0.0746193976586242
2020-02-12 00:00:00,1581465600000,10223.08,10450.0,10223.08,10326.46,61008.06393,10004.842857142856,9274.4908,8129.577070707071,71.74970239821927,455.6193822418154,409.0090743917881,46.61030785002731,50460.439481,0.1040929595023569
2020-02-13 00:00:00,1581552000000,10325.33,10500.0,10080.0,10229.63,79344.358759,10070.218571428572,9335.608,8138.572828282829,68.89010128215536,456.55187961488446,418.5176354364074,38.03424417847708,52343.2809425,0.0900431664182102
2020-02-14 00:00:00,1581638400000,10227.78,10381.56,10111.37,10344.36,47038.480173,10146.022857142858,9403.6884,8149.968383838383,70.39564279407114,461.23184901412606,427.0604781519512,34.17137086217491,53419.147054550005,0.1085408470869131
2020-02-15 00:00:00,1581724800000,10344.36,10375.0,9801.0,9904.72,57657.202947,10147.404285714289,9450.436,8161.392525252525,58.677233648730365,424.5712911472747,426.5626407510159,-1.9913496037412413,54745.4829437,0.0659130629428426
2020-02-16 00:00:00,1581811200000,9904.46,10050.0,9638.12,9917.27,60023.999537,10113.907142857144,9499.8324,8172.58303030303,58.8876244078476,392.0113521786898,419.6523830365508,-27.641030857860983,55048.00577075,0.0783134102133082
2020-02-17 00:00:00,1581897600000,9910.7,9964.16,9452.67,9706.0,70261.011901,10093.074285714283,9551.8916,8179.315656565656,53.91143445169588,345.18061535511333,404.7580295002633,-59.57741414514999,54831.81367755,0.0097752402195578
2020-02-18 00:00:00,1581984000000,9706.0,10250.0,9576.01,10164.71,70604.124019,10084.735714285713,9620.92,8193.774646464646,61.5154703381894,341.14843561749694,392.03611072371007,-50.88767510621312,55668.8166224,0.0401872697503069
2020-02-19 00:00:00,1582070400000,10164.78,10250.0,9350.0,9593.79,55162.586895,9980.068571428574,9671.0484,8201.571111111112,50.37533123658716,288.5581131949475,371.3405112179576,-82.7823980230101,55395.6087542,-0.0224114582324965
2020-02-20 00:00:00,1582156800000,9594.65,9699.0,9400.0,9596.42,60152.342914,9889.61,9710.3052,8209.84686868687,50.41987419558664,244.276258155116,345.9276606053893,-101.65140245027328,56125.6247823,-0.0301797363328127
2020-02-21 00:00:00,1582243200000,9597.21,9755.51,9550.21,9677.05,42181.554524,9794.28,9741.0844,8220.254646464646,51.84689828524779,213.23074485433244,319.3882774551779,-106.15753260084546,56805.7991408,-0.0467604107666166
2020-02-22 00:00:00,1582329600000,9677.05,9709.17,9560.02,9650.86,24636.757623,9758.014285714284,9752.1504,8232.16505050505,51.33010206349799,184.38812623002377,292.3882472101471,-108.00012098012331,55753.09139495,-0.0203992557727853
2020-02-23 00:00:00,1582416000000,9650.85,9990.0,9645.0,9936.4,37702.089843,9760.747142857144,9777.5452,8246.764848484849,56.42935630766952,182.4674634761632,270.4040904633503,-87.93662698718714,55093.58921455,-0.0280424294830912
2020-02-24 00:00:00,1582502400000,9936.4,9990.0,9473.56,9656.13,55796.59612,9753.622857142856,9783.262,8258.418686868687,50.80296851743439,156.52554862939178,247.62838209655865,-91.10283346716685,55218.01025725,-0.0649138233237721
2020-02-25 00:00:00,1582588800000,9655.52,9675.0,9250.0,9315.84,54379.344552,9632.355714285715,9781.78,8269.819393939393,44.9436135386334,107.27127860836843,219.5569613989206,-112.28568279055216,54693.4567041,-0.0893277664979084
2020-02-26 00:00:00,1582675200000,9316.48,9377.44,8633.63,8785.25,92130.345482,9516.85,9757.8056,8276.401313131313,37.65172311905223,25.133018294367503,180.67217277801,-155.5391544836425,56052.488648800005,-0.1507207792458886
2020-02-27 00:00:00,1582761600000,8786.0,8971.77,8531.0,8823.21,72483.578762,9406.391428571427,9737.4736,8283.726565656567,38.42147936901476,-36.47858757323411,137.2420207077612,-173.72060828099532,57478.361855300005,-0.1091913754250498
2020-02-28 00:00:00,1582848000000,8823.25,8900.0,8445.0,8692.91,71155.208977,9265.8,9713.5004,8294.485858585858,36.74451371481005,-94.72838034616144,90.84794049697668,-185.5763208431381,58856.080120850005,-0.1234573627621311
2020-02-29 00:00:00,1582934400000,8690.8,8790.0,8523.55,8523.61,36748.183035,9104.764285714286,9686.564,8307.166464646465,34.629590212843496,-152.79156977969615,42.12003844164212,-194.91160822133827,58523.0654918,-0.1218205233875951
2020-03-01 00:00:00,1583020800000,8523.61,8750.0,8411.0,8531.88,43892.201779,8904.118571428571,9643.3576,8319.492828282828,34.82692497948665,-195.8817430420968,-5.48031785510566,-190.4014251869912,57739.02134980001,-0.1606371455752303
2020-03-02 00:00:00,1583107200000,8530.3,8965.75,8498.0,8915.24,60401.31773,8798.277142857141,9609.0872,8339.815656565657,43.36215261206588,-196.82815522156125,-43.74988532839678,-153.07826989316447,57637.9674751,-0.0707280438700451
2020-03-03 00:00:00,1583193600000,8911.18,8919.65,8651.0,8760.07,55154.997282,8718.881428571429,9566.9408,8356.487373737375,41.02044376327819,-207.7048239636333,-76.5408730554441,-131.16395090818924,57345.31414270001,-0.0871522922089695
2020-03-04 00:00:00,1583280000000,8760.07,8848.29,8660.0,8750.87,38696.482578,8713.97,9521.1736,8372.595757575757,40.87948495173641,-214.59332712093965,-104.1513638685432,-110.44196325239643,55312.92033365,-0.0957089195570962
2020-03-05 00:00:00,1583366400000,8750.99,9159.42,8746.54,9054.68,58201.866355,8747.037142857143,9477.2908,8388.213535353536,47.31756848276311,-193.30923897215325,-121.98293888926524,-71.32630008288803,55871.089642750005,-0.0617748055613697
2020-03-06 00:00:00,1583452800000,9054.64,9170.0,8985.5,9131.88,43782.948044,8809.747142857143,9448.4928,8405.510404040404,48.84208165667574,-168.27231248552926,-131.24081360851804,-37.03149887701122,55177.3768976,-0.0809669498007327
2020-03-07 00:00:00,1583539200000,9130.89,9188.0,8835.0,8886.66,45422.204525,8861.611428571428,9395.036,8417.09606060606,44.44272362170109,-166.3005631015858,-138.2527635071316,-28.047799594454204,54447.287147,-0.0796872038798151
2020-03-08 00:00:00,1583625600000,8885.25,8886.76,8000.0,8033.31,77537.315166,8790.387142857142,9303.31,8422.059898989899,33.22671109163021,-230.93408636941967,-156.78902807958923,-74.14505828983044,54811.10231025,-0.1376719651690024
2020-03-09 00:00:00,1583712000000,8034.76,8179.31,7632.01,7929.87,116968.863268,8649.62,9211.3196,8427.504141414141,32.166983698009545,-287.19278310211666,-182.86977908409472,-104.32300401802196,57129.3392727,-0.0973654705329957
2020-03-10 00:00:00,1583798400000,7929.87,8149.0,7728.01,7894.56,86783.443875,8525.975714285714,9113.3276,8433.567575757575,31.79420705515972,-330.8140095097606,-212.4586251692279,-118.35538434053268,58710.3821217,-0.1052508100793246
2020-03-11 00:00:00,1583884800000,7894.57,7980.0,7590.0,7934.52,79942.411172,8409.354285714286,9034.5196,8440.050505050505,32.74411407478057,-358.03253151563695,-241.5734064385097,-116.45912507712724,59699.885534600005,-0.0872423618788184
2020-03-12 00:00:00,1583971200000,7934.58,7966.17,4410.0,4800.0,261505.608653,7801.542857142857,8829.8288,8415.865454545454,15.044424249623788,-625.3246210471298,-318.32364936023373,-307.00097168689604,70666.08824104999,-0.4368583264602674
2020-03-13 00:00:00,1584057600000,4800.01,5955.0,3782.13,5578.6,402201.673764,7293.931428571429,8664.7328,8397.578585858584,25.776891835356253,-765.5047524914944,-407.7598699864859,-357.7448825050085,89544.3340481,-0.346146453067788
2020-03-14 00:00:00,1584144000000,5576.05,5640.52,5055.13,5172.06,136910.135974,6763.274285714286,8465.0268,8373.786565656566,24.06724045282901,-899.039331230053,-506.0157622351993,-393.0235689948537,94504.73635465,-0.4198630659410177
2020-03-15 00:00:00,1584230400000,5172.48,5940.0,5093.1,5361.3,139916.146534,6381.558571428572,8295.7272,8352.302626262626,26.51064723513357,-978.3189090881252,-600.4763916057846,-377.84251748234055,98710.71387535,-0.3879843425908696
2020-03-16 00:00:00,1584316800000,5360.33,5365.42,4442.12,5028.97,227276.92276,5967.144285714286,8113.029200000001,8327.240606060606,24.98984927935892,-1055.794260297861,-691.5399653441998,-364.2542949536612,107355.59278575,-0.4253177112675654
2020-03-17 00:00:00,1584403200000,5028.86,5525.0,4921.45,5312.64,150089.926318,5598.298571428572,7938.452799999999,8306.77595959596,28.74719945789502,-1081.833532495827,-769.5986787745253,-312.23485372130176,110253.57182755,-0.4132713690599778
2020-03-18 00:00:00,1584489600000,5312.64,5436.17,5009.37,5393.04,137127.634894,5235.2300000000005,7768.14,8288.280101010101,29.82020278052363,-1083.4924092036829,-832.3774248603569,-251.11498434332577,113485.77463415,-0.4094271935242249
2020-03-19 00:00:00,1584576000000,5393.26,6400.0,5252.53,6162.37,199020.873439,5429.854285714287,7617.1788,8277.69797979798,39.2478266974646,-1011.073552958228,-868.1166504799312,-142.9569024782968,119879.05785724998,-0.3065594947933194
2020-03-20 00:00:00,1584662400000,6162.05,6900.0,5670.0,6208.36,219298.329514,5519.82,7479.268,8267.700808080808,39.76871867358727,-939.144209142466,-882.3221622124382,-56.8220469300278,129006.5651812,-0.2271728590083043
2020-03-21 00:00:00,1584748800000,6204.57,6456.98,5860.02,6186.98,128913.668363,5664.808571428572,7354.1136,8256.877575757575,39.5987393160966,-873.7923390971537,-880.6161975893814,6.823858492227714,133257.63851040002,-0.2197879662592199
2020-03-22 00:00:00,1584835200000,6187.04,6407.87,5734.01,5816.19,119115.990527,5729.7928571428565,7235.3512,8244.272929292929,36.67131257782858,-842.2116735163872,-872.9352927747826,30.723619258395388,136193.37215024998,-0.2632660971605765
2020-03-23 00:00:00,1584921600000,5816.05,6600.0,5688.0,6467.31,164674.215785,5935.27,7141.115199999999,8237.694343434343,44.43901089263554,-755.929936397365,-849.5342214992992,93.60428510193412,141669.3330754,-0.1849147774534565
2020-03-24 00:00:00,1585008000000,6465.25,6833.0,6371.33,6744.72,151138.009878,6139.852857142857,7063.1876,8236.209494949495,47.399267863333606,-657.5861259890444,-811.1446023972483,153.5584764082039,147291.4094404,0.4051500000000001
2020-03-25 00:00:00,1585094400000,6744.69,6957.96,6450.0,6677.43,132155.734989,6323.337142857143,6989.3404,8236.75101010101,46.7486268996379,-578.4101363416248,-764.5977091861237,186.18757284449885,150989.1028721,0.1969723586562937
2020-03-26 00:00:00,1585180800000,6677.42,6780.0,6510.0,6737.36,83026.555211,6405.478571428573,6917.5596,8231.291717171718,47.44061476471088,-505.0053565740836,-712.6792386637156,207.673882089632,152951.28323045,0.3026453676098111
2020-03-27 00:00:00,1585267200000,6737.27,6842.59,6261.0,6359.11,82914.968354,6427.0142857142855,6815.3144,8223.299898989899,43.590457758561776,-471.91323161006494,-664.5260372529855,192.6128056429205,154825.9214219,0.1861134426351816
2020-03-28 00:00:00,1585353600000,6359.11,6360.0,6024.0,6236.65,93159.693429,6434.11,6714.3776,8213.69202020202,42.39095477674891,-450.3773134005351,-621.6962924824954,171.31897908196038,155607.04033505,0.240144602174998
2020-03-29 00:00:00,1585440000000,6236.65,6266.0,5866.56,5881.42,63311.627714,6443.428571428572,6599.5996,8201.052323232323,39.035369636846255,-456.70937390987183,-588.6989087679708,131.98953485809898,152924.17855735,0.1070616491988916
2020-03-30 00:00:00,1585526400000,5880.5,6599.0,5857.76,6394.38,118889.549992,6433.01,6493.1876,8189.869898989898,45.71747957697343,-415.545838708812,-554.068294756139,138.52245604732707,154529.4838632,0.1856726447421119
2020-03-31 00:00:00,1585612800000,6394.45,6523.23,6321.4,6410.44,72337.595259,6385.255714285713,6384.33,8180.711818181819,45.91734625264554,-377.2785010018979,-518.7103360052909,141.43183500339296,154149.24306755,0.0402556159399711
2020-04-01 00:00:00,1585699200000,6412.14,6679.94,6150.11,6642.92,97500.7524,6380.325714285714,6294.580400000001,8174.521414141414,48.85313079105463,-324.4520854081402,-479.8586858858607,155.40660047772053,145949.00025490002,0.0699959409570321
2020-04-02 00:00:00,1585785600000,6643.36,7198.0,6551.0,6794.09,149299.906871,6388.429999999999,6245.011600000001,8170.374545454545,50.726171399896565,-267.30726310068803,-437.3484013288262,170.04113822813815,133303.91191025,0.0981270345144158
2020-04-03 00:00:00,1585872000000,6793.86,7048.0,6602.1,6734.1,104080.276939,6442.0,6197.180800000001,8165.648282828283,49.94451857488047,-224.2749691207673,-394.7337148872144,170.45874576644712,131662.4189585,0.1578198098755372
2020-04-04 00:00:00,1585958400000,6732.97,6990.41,6650.01,6856.99,72990.861139,6530.620000000001,6155.678000000001,8161.630606060607,51.590169596909945,-178.20117789295728,-351.427207488363,173.22602959540575,128316.15468875,0.0602537994931431
2020-04-05 00:00:00,1586044800000,6857.41,6895.54,6677.52,6772.78,49685.356983,6657.957142857144,6109.2084,8156.14212121212,50.36816171157333,-146.7903023966055,-310.4998264700116,163.70952407340604,119436.57639990002,0.0041602913093501
2020-04-06 00:00:00,1586131200000,6772.78,7355.14,6765.0,7329.9,118052.000832,6791.602857142857,6210.404399999999,8155.552828282828,57.5347224383021,-76.0651970658837,-263.612900589186,187.5477035233023,117834.6801256,0.0977127427767867
2020-04-07 00:00:00,1586217600000,7329.9,7459.69,7077.0,7197.32,103585.168918,6904.014285714286,6275.153200000001,8155.061111111111,55.481606836596576,-30.36313223906928,-216.96294691916265,186.59981468009337,116157.55682680002,0.0682700642388116
2020-04-08 00:00:00,1586304000000,7197.32,7420.0,7150.0,7361.28,76059.145838,7006.637142857143,6362.722,8156.738383838384,57.50138084281409,18.868777608026,-169.7966020137249,188.6653796217509,110009.47044675,0.157595952892779
2020-04-09 00:00:00,1586390400000,7360.26,7371.92,7108.08,7283.54,61094.872417,7076.558571428572,6439.6116,8157.573636363637,56.19945363944759,51.02427646135493,-125.63242631870897,176.65670278006388,102099.29759190002,0.1678609509913176
2020-04-10 00:00:00,1586476800000,7283.54,7295.75,6739.98,6858.92,104674.623375,7094.39,6512.8096,8156.49494949495,49.59432870299367,41.76303736967475,-92.1533335810322,133.91637095070695,100887.3453425,0.1662013595356224
2020-04-11 00:00:00,1586563200000,6858.92,6944.3,6760.0,6876.83,45470.293206,7097.224285714285,6575.377200000001,8151.766363636363,49.86199630276776,35.4598667152859,-66.63069352176859,102.09056023705448,97205.06047645,0.0754490662112667
2020-04-12 00:00:00,1586649600000,6876.84,7177.0,6780.0,6903.79,73868.666501,7115.94,6635.807199999999,8147.217676767677,50.28992343077508,32.268039373923784,-46.85094694263012,79.1189863165539,92664.78301225,0.0769603958542628
2020-04-13 00:00:00,1586736000000,6903.79,6903.79,6575.0,6837.91,96415.476573,7045.655714285714,6662.8288,8141.956666666668,49.1851949164649,24.144208387113395,-32.651915876681414,56.79612426379481,89928.65634700001,0.02935305558399
2020-04-14 00:00:00,1586822400000,6838.04,6978.0,6754.28,6868.7,69068.623285,6998.71,6689.2424,8132.9738383838385,49.7408819138776,19.96041820215305,-22.12944906091452,42.089867263067575,86774.3007618,0.0109816031286014
2020-04-15 00:00:00,1586908800000,6868.57,6933.0,6605.0,6621.24,61571.384994,6892.989999999999,6706.6128,8117.579494949495,45.43999296246265,-3.2853481046067827,-18.36062886965297,15.075280765046193,85701.54225095,-0.0167594778812314
2020-04-16 00:00:00,1586995200000,6621.25,7190.0,6468.27,7101.94,125009.857539,6867.047142857143,6758.0428,8107.942727272728,53.79729254934641,16.88603553658777,-11.311295988404826,28.197331524992595,87806.2867102,0.0357226713178815
2020-04-17 00:00:00,1587081600000,7101.99,7148.12,6972.98,7027.55,54126.509763,6891.137142857143,6780.4524,8099.960808080808,52.45814147803315,26.56314767100957,-3.7364072565219457,30.29955492753152,85854.6275269,0.0376167541245988
2020-04-18 00:00:00,1587168000000,7026.78,7293.08,7014.4,7248.6,49488.542819,6944.247142857143,6800.6076,8090.380808080808,55.96581945624732,51.47583498235508,7.306041191253461,44.16979379110162,85163.47328215,-0.0110915565014528
2020-04-19 00:00:00,1587254400000,7248.6,7266.15,7055.6,7120.74,45664.86393,6975.24,6818.34,8081.297272727272,53.506694769950464,60.208044870360936,17.88644192707496,42.32160294328598,81502.23897904999,-0.0106400715822
2020-04-20 00:00:00,1587340800000,7121.4,7220.0,6751.0,6826.83,90149.49137,6973.657142857142,6821.9188,8067.578585858586,48.25756365712766,42.91757632255576,22.89266880617112,20.02490751638464,82392.83378459999,-0.0726028625456441
2020-04-21 00:00:00,1587427200000,6828.98,6940.0,6762.0,6841.37,60109.710808,6969.7528571428575,6841.209199999999,8054.760707070707,48.52659132845275,30.041709781426107,24.32247700122212,5.719232780203988,80523.281705,-0.0607081172067428
2020-04-22 00:00:00,1587513600000,6841.36,7156.38,6818.0,7125.14,61486.377334,7041.738571428571,6876.7488,8037.741818181818,53.59742027718163,42.24834756508426,27.907651113994547,14.340696451089713,76132.60522815,0.0388136907851381
2020-04-23 00:00:00,1587600000000,7125.12,7738.0,7020.0,7482.39,102773.569561,7096.088571428571,6940.7876,8024.216363636364,59.06484610525248,79.82906551450105,38.29193399409585,41.5371315204052,76067.26985925001,0.0880580151028891
2020-04-24 00:00:00,1587686400000,7483.96,7615.96,7388.0,7505.0,60182.119939,7164.295714285714,6985.2124,8011.943535353535,59.390965365277104,110.16656173681348,52.66685954263938,57.49970219417411,75426.83279925,0.0870840509343418
2020-04-25 00:00:00,1587772800000,7505.0,7705.0,7431.07,7538.67,43874.427726,7205.734285714286,7030.341600000001,7998.0585858585855,59.90325594110388,135.3657218911976,69.20663201235102,66.15908987884659,75136.2863364,0.1024816062217841
2020-04-26 00:00:00,1587859200000,7539.03,7700.0,7480.0,7693.1,50522.616209,7287.5,7072.3488,7985.706464646464,62.25518511539158,165.88522660598574,88.54235093107798,77.34287567490776,71759.81710525,0.1200227117212864
2020-04-27 00:00:00,1587945600000,7693.1,7792.02,7606.0,7774.62,65441.339576,7422.898571428572,7111.57,7976.34202020202,63.47317650965956,194.4091094838841,109.7157026416392,84.69340684224488,69852.62563815,0.1741939576272722
2020-04-28 00:00:00,1588032000000,7773.51,7780.0,7659.12,7738.98,46302.752638,7551.12857142857,7151.765199999999,7967.217070707071,62.52325718563485,211.69831561917363,130.1122252371461,81.58609038202752,68364.80597815,0.0896994342390953
2020-04-29 00:00:00,1588118400000,7738.58,8952.89,7710.05,8778.57,183546.887514,7787.332857142857,7228.6284,7967.646767676768,74.50763888323152,305.76172993463933,165.24212617664477,140.51960375799456,74487.406733,0.2491650717533136
2020-04-30 00:00:00,1588204800000,8778.58,9460.0,8401.0,8620.0,206277.214124,7949.848571428572,7302.517199999999,7967.016868686869,70.78916935526969,363.3242143135976,204.8585438040353,158.46567050956227,79567.53627045,0.1891951549264685
2020-05-01 00:00:00,1588291200000,8620.0,9059.18,8613.56,8826.96,91468.815059,8138.699999999999,7362.3996,7971.283939393939,72.70392641333106,420.7922096040793,248.0452769640441,172.74693264003514,81867.4623631,0.2396127368784704
2020-05-02 00:00:00,1588377600000,8825.67,9010.0,8753.0,8972.05,59002.08755,8343.468571428572,7433.3888,7976.668282828283,73.99107285028106,472.59577047720177,292.9553756666757,179.64039481052606,81124.13341555001,0.3142336926509081
2020-05-03 00:00:00,1588464000000,8972.58,9200.0,8712.0,8894.16,90126.065643,8515.048571428571,7494.704000000001,7982.26,72.02746475598448,501.5834518395941,334.6809909012594,166.90246093833468,80809.66286905,0.3000553982608747
2020-05-04 00:00:00,1588550400000,8894.15,8950.0,8522.0,8871.96,84418.512331,8671.811428571427,7558.2408,7984.855555555555,71.44548718821159,516.8076073019865,371.10631418140485,145.70129312058168,81577.15732135,0.2451629020622749
2020-05-05 00:00:00,1588636800000,8871.92,9118.58,8760.0,9021.83,76480.765342,8855.075714285715,7644.7572,7986.009696969697,73.02979230107464,534.8012606437251,403.8453034738689,130.95595716985616,82322.62633875,0.2057417482916554
2020-05-06 00:00:00,1588723200000,9021.36,9395.0,8906.21,9142.92,105925.30242,8907.125714285712,7735.400799999999,7983.673434343435,74.27187486043711,552.463852171938,433.5690132134828,118.89483895845524,81368.3985828,0.2182438374417055
2020-05-07 00:00:00,1588809600000,9143.4,10067.0,9021.0,9986.4,147154.611378,9102.325714285713,7858.7052,7990.591313131314,80.87804390880058,627.2923343986349,472.3136774505133,154.97865694812168,86019.80366354999,0.3246898988813675
2020-05-08 00:00:00,1588896000000,9986.3,10035.96,9705.0,9800.01,100683.7964,9241.332857142856,7977.189200000001,7993.488282828283,76.22061237368948,663.9012895973447,510.6311998798796,153.2700897174651,88579.56634260001,0.2738700913805878
2020-05-09 00:00:00,1588982400000,9800.02,9914.25,9520.0,9539.4,81950.679567,9322.382857142857,8084.017199999999,7995.372222222222,70.1388733864237,664.2282910824051,541.3506181203848,122.87767296202036,90393.85712445,0.2269924446468123
2020-05-10 00:00:00,1589068800000,9539.1,9574.83,8117.0,8722.77,183865.182028,9297.898571428572,8168.078399999999,7988.68696969697,55.259592046761405,591.7706621481084,551.4346269259295,40.33603522217891,95079.64165735,0.1271214035958228
2020-05-11 00:00:00,1589155200000,8722.77,9168.0,8200.0,8561.52,168807.251832,9253.55,8226.4616,7980.909292929293,52.87437716197323,515.3947914770997,544.2266598361635,-28.83186835906384,100514.51870855,-0.0247249836818523
2020-05-12 00:00:00,1589241600000,8562.04,8978.26,8528.78,8810.79,86522.780066,9223.40142857143,8297.7912,7976.046161616162,56.03370490176175,469.5674877721558,529.294825423362,-59.7273376512062,101766.33884515,0.0221334106728539
2020-05-13 00:00:00,1589328000000,8810.99,9398.0,8792.99,9309.37,92466.274018,9247.179999999998,8380.222000000002,7977.18101010101,61.58157916901292,468.0844721882568,517.052754776341,-48.96828258808421,101250.974068,0.0546518846805696
2020-05-14 00:00:00,1589414400000,9309.35,9939.0,9256.76,9791.98,129565.37747,9219.405714285716,8487.0716,7978.998585858586,66.04762381460544,500.08707283120566,513.6596183873139,-13.572545556108253,104720.13694455,0.091387141177323
2020-05-15 00:00:00,1589500800000,9791.97,9845.62,9150.0,9316.42,115890.761516,9150.32142857143,8586.655200000001,7974.396767676768,58.79466581977715,481.5249272058081,507.2326801510128,-25.707752945204675,108320.95363405,0.0474760966746719
2020-05-16 00:00:00,1589587200000,9315.96,9588.0,9220.0,9381.27,59587.627862,9127.73142857143,8688.2512,7970.028484848485,59.44862834011263,466.6676914342788,499.119682407666,-32.45199097338718,108774.2042167,0.0574067060717138
2020-05-17 00:00:00,1589673600000,9380.81,9888.0,9322.1,9680.04,68647.764323,9264.484285714288,8790.4472,7967.856666666666,62.40867616925214,473.5427609416638,494.0042981144656,-20.4615371728018,108934.52545405,0.0729574820186149
2020-05-18 00:00:00,1589760000000,9681.11,9950.0,9464.23,9733.93,82006.603583,9431.971428571427,8880.5088,7963.636262626263,62.93423582297682,477.83163008914016,490.76976450940055,-12.938134420260385,110719.7180013,0.064641274341239
2020-05-19 00:00:00,1589846400000,9733.93,9897.21,9474.0,9775.53,78539.760454,9569.79142857143,8971.33,7962.865555555556,63.36008778492845,479.06499902133146,488.4288114117868,-9.363812390455337,105469.3616483,-0.0211157173756307
2020-05-20 00:00:00,1589932800000,9775.13,9842.0,9326.0,9511.43,74923.73809,9598.657142857144,9050.2404,7955.677171717172,58.74562668524592,453.5040772557095,481.44386458057136,-27.939787324861868,98901.6878466,-0.0294469087276441
2020-05-21 00:00:00,1590019200000,9511.43,9578.47,8815.0,9068.65,108928.780969,9495.324285714289,9105.2624,7942.97202020202,51.91858791776127,392.98809493500266,463.7527106514577,-70.76461571645501,99774.6861421,-0.0493479673774032
2020-05-22 00:00:00,1590105600000,9067.51,9271.0,8933.52,9170.0,58943.131024,9474.407142857144,9161.0776,7932.268686868687,53.25761133043368,349.1816917500055,440.8385068711672,-91.65681512116174,99771.7383158,0.0512715570856505
2020-05-23 00:00:00,1590192000000,9170.0,9307.85,9070.0,9179.15,43526.296966,9445.532857142856,9218.6844,7920.498888888889,53.383831730982,311.61107168483613,414.993019833901,-103.3819481490649,97441.74988195,0.0721402274362494
2020-05-24 00:00:00,1590278400000,9179.01,9298.0,8700.0,8720.34,70379.86645,9308.432857142858,9216.3552,7908.535454545455,46.59009501594686,242.0240494493355,380.399225756988,-138.37517630765245,96739.8175879,-0.0102658217935055
2020-05-25 00:00:00,1590364800000,8718.14,8979.66,8642.72,8900.35,62833.910949,9189.35,9227.5692,7898.263535353535,49.31544956120955,199.1059659377679,344.140573793144,-145.03460785537607,96057.47486825,-0.04393637807929
2020-05-26 00:00:00,1590451200000,8900.35,9017.67,8700.0,8841.18,58299.770138,9055.871428571429,9228.138,7889.52797979798,48.440467499442185,158.4915590163091,307.01077083777705,-148.51921182146793,93676.19825415,-0.0970998715275153
2020-05-27 00:00:00,1590537600000,8841.0,9225.0,8811.73,9204.07,68910.355514,9011.962857142857,9237.4188,7879.824545454546,53.848731800917705,153.81347314888262,276.3713112999982,-122.55783815111556,89763.98546095,-0.0120593532708916
2020-05-28 00:00:00,1590624000000,9204.07,9625.47,9110.0,9575.89,74110.787662,9084.425714285711,9264.688,7879.643737373737,58.63625822464414,178.05630076672242,256.70830919334304,-78.65200842662063,88435.33502405,0.020745592014727
2020-05-29 00:00:00,1590710400000,9575.87,9605.26,9330.0,9427.07,57374.362961,9121.15,9286.8924,7877.9331313131315,56.12662801894943,183.14915658392783,241.99647867146,-58.84732208753218,87206.51919375,-0.0261331564745601
2020-05-30 00:00:00,1590796800000,9426.6,9740.0,9331.23,9697.72,55665.27254,9195.231428571427,9313.928,7878.141919191919,59.51988417154947,206.64242930015644,234.9256687971993,-28.28323949704287,80796.52371935,-0.0037199774397392
2020-05-31 00:00:00,1590883200000,9697.72,9700.0,9381.41,9448.27,48333.786403,9299.221428571427,9326.142,7876.095555555556,55.27646392441908,202.7947947695629,228.49949399167204,-25.7046992221091,74772.8504479,-0.0334774687408253
2020-06-01 00:00:00,1590969600000,9448.27,10380.0,9421.67,10200.77,76649.12696,9484.995714285717,9334.7168,7878.765959595959,63.68700153926378,257.4977045274245,234.2991360988225,23.19856842860196,74279.1677926,0.0724749065072234
2020-06-02 00:00:00,1591056000000,10202.71,10228.99,9266.0,9518.04,108970.773151,9581.69,9323.438,7877.371111111111,53.80129875698257,242.95887081033288,236.03108304112465,6.9277877692082654,75104.39274925,0.0495542335408247
2020-06-03 00:00:00,1591142400000,9518.02,9690.0,9365.21,9666.24,46252.644939,9647.714285714286,9328.5116,7880.910505050505,55.418971725743454,240.6215068347192,236.9491677998436,3.67233903487562,70938.7561227,0.0541155943293347
2020-06-04 00:00:00,1591228800000,9666.32,9881.63,9450.0,9789.06,57456.100969,9678.167142857144,9371.1632,7891.050000000001,56.76996178689652,245.8457201662477,238.7284782731244,7.117241893123293,68017.02309535,0.0664451501500682
2020-06-05 00:00:00,1591315200000,9788.14,9854.75,9581.0,9621.16,47788.05005,9705.894285714288,9413.5488,7899.1101010101,54.345411261849534,233.74337197680688,237.7314570138609,-3.98808503705402,67427.04420475,0.1033010180795701
2020-06-06 00:00:00,1591401600000,9621.17,9735.0,9531.05,9666.3,32752.950893,9701.405714285716,9447.7692,7908.942323232323,54.903053061386,225.1986447973104,235.2248945705508,-10.026249773240409,65632.30353325,0.0860584134331794
2020-06-07 00:00:00,1591488000000,9666.85,9802.0,9372.46,9746.99,57952.848385,9744.08,9465.274,7921.299696969698,55.93907124158778,222.3745007701,232.65481581046063,-10.280315040360676,64429.61577335,0.1024535186479631
2020-06-08 00:00:00,1591574400000,9746.99,9800.0,9633.0,9782.01,40664.664125,9684.257142857145,9464.8752,7933.927272727273,56.40714752078987,220.4212882043903,230.2081102892466,-9.786822084856311,62535.8609569,0.0627917866769809
2020-06-09 00:00:00,1591660800000,9782.0,9877.0,9570.0,9772.43,46024.001289,9720.598571428573,9483.1156,7942.585757575757,56.23116314859432,215.61485342266133,227.2894589159296,-11.674605493268244,61090.874116850006,0.020524463000306
2020-06-10 00:00:00,1591747200000,9772.44,9992.72,9704.18,9885.0,47130.762982,9751.85,9503.2648,7953.948686868687,57.89354387876018,218.3719218595088,225.50595150464545,-7.134029645136621,58000.97321749999,0.048576068704274
2020-06-11 00:00:00,1591833600000,9885.22,9964.0,9113.0,9280.4,94418.98473,9679.184285714287,9487.2792,7959.297474747475,47.46607363292916,169.81324987288463,214.36741117829328,-44.554161305408655,59774.7659028,-0.0430327953374607
2020-06-12 00:00:00,1591920000000,9278.88,9557.12,9232.51,9465.13,50119.066932,9656.894285714285,9476.5272,7963.443434343433,50.40533212174735,144.56980885917255,200.40789071446915,-55.83808185529659,60104.40440109999,0.0017844536618871
2020-06-13 00:00:00,1592006400000,9464.96,9494.73,9351.0,9473.34,27759.784851,9629.32857142857,9464.4396,7966.892525252525,50.53778514938918,123.79959371898076,185.0862313153715,-61.28663759639073,57973.40032115,-0.0713112833639029
2020-06-14 00:00:00,1592092800000,9473.34,9480.99,9245.0,9342.1,30055.506608,9571.487142857144,9457.6664,7971.49292929293,48.31637381074695,95.64652380892583,167.19828981408236,-71.55176600515651,56334.4801041,-0.0184848981513
2020-06-15 00:00:00,1592179200000,9342.1,9495.0,8910.45,9426.02,86107.924707,9520.631428571429,9471.9612,7985.560707070707,49.83481893193113,79.1937593630555,149.59738372387702,-70.40362436082151,57724.88783255,-0.0248514417188068
2020-06-16 00:00:00,1592265600000,9426.05,9589.0,9373.09,9525.59,52052.446927,9485.368571428571,9486.1848,8001.67909090909,51.649880619779466,73.3438298471956,134.34667294854074,-61.00284310134515,56881.9924032,-0.0269147395153364
2020-06-17 00:00:00,1592352000000,9526.97,9565.0,9236.61,9465.14,48046.411152,9425.388571428572,9497.6244,8017.543535353536,50.456286230079314,63.10250239349261,120.09783883753111,-56.995336444038514,55578.773577700005,-0.016216339817652
2020-06-18 00:00:00,1592438400000,9465.13,9489.0,9280.0,9386.32,37381.953765,9440.52,9524.2636,8032.208181818181,48.87044908769613,48.07191817884086,105.69265470579307,-57.62073652695223,54579.1531179,-0.0289645469310904
2020-06-19 00:00:00,1592524800000,9386.32,9438.3,9215.79,9310.23,45330.983673,9418.391428571427,9540.6588,8077.76606060606,47.32412081994237,29.67813375791593,90.48975051621768,-60.81161675830174,54062.43867455,-0.0448097310041356
2020-06-20 00:00:00,1592611200000,9310.23,9395.0,9170.95,9358.95,30329.065384,9402.05,9561.3696,8115.951414141415,48.44887569836916,18.81533247362495,76.15486690769913,-57.33953443407418,53162.2026236,-0.0432487801586789
2020-06-21 00:00:00,1592697600000,9358.95,9422.0,9281.54,9294.69,24316.926234,9395.277142857143,9564.9944,8157.594141414141,47.02270399047659,4.9640171372302575,61.91669695360535,-56.952679816375095,50545.5925873,-0.0488865103152439
2020-06-22 00:00:00,1592784000000,9294.69,9780.0,9277.09,9685.69,57895.468343,9432.372857142856,9569.3864,8201.274848484849,55.58910430214868,25.246160196897108,54.58258960226371,-29.3364294053666,47991.8273469,-0.0201628730399594
2020-06-23 00:00:00,1592870400000,9685.69,9720.0,9577.03,9624.89,41031.02938,9446.558571428572,9577.2992,8247.698282828283,54.12353540364495,35.99888014168391,50.86584771014776,-14.866967568463842,47730.74656895,0.037120167234171
2020-06-24 00:00:00,1592956800000,9624.33,9670.0,9208.0,9296.49,61571.561464,9422.465714285716,9561.25,8287.939191919191,46.92699797395613,17.815981179433948,44.255874404005,-26.43989322457105,47936.5195937,-0.0178169766289527
2020-06-25 00:00:00,1593043200000,9298.33,9340.0,9009.69,9249.49,55831.619156,9402.918571428572,9553.2988,8326.893232323233,45.98461085864478,-0.3821987047140283,35.3282597822612,-35.71045848697523,48338.698049000006,-0.0236294696485084
2020-06-26 00:00:00,1593129600000,9249.49,9298.0,9045.45,9162.21,50292.298277,9381.772857142858,9511.7564,8357.194646464646,44.20911386892256,-21.598183528994923,23.94297112000997,-45.541154649004895,49215.665418200006,-0.0192558418342772
2020-06-27 00:00:00,1593216000000,9162.21,9196.24,8833.0,9012.0,46290.930113,9332.208571428571,9491.5148,8385.514242424242,41.256741446731965,-49.95682481834229,9.163011932339524,-59.119836750681806,48632.5695046,-0.0439230979777255
2020-06-28 00:00:00,1593302400000,9012.0,9191.0,8948.06,9116.35,30688.176421,9306.731428571427,9469.5192,8415.103838383837,44.0520012371887,-63.281608451667125,-5.325912144461807,-57.95569630720532,48133.7451194,-0.0429621682226507
2020-06-29 00:00:00,1593388800000,9116.16,9238.0,9024.67,9192.56,42120.293261,9236.284285714286,9445.6592,8449.208585858587,46.07034876445589,-66.92066561792853,-17.644862839155152,-49.27580277877338,47938.559718,-0.0287983062057191
2020-06-30 00:00:00,1593475200000,9192.93,9205.0,9064.89,9138.55,31463.162801,9166.807142857142,9426.3548,8476.190808080806,44.83586926129274,-73.31764014285727,-28.77941829989558,-44.53822184296169,47155.17970895,-0.0263969265910388
2020-07-01 00:00:00,1593561600000,9138.08,9292.0,9080.1,9232.0,38488.528699,9157.594285714284,9408.9828,8501.314848484848,47.459175999914805,-70.03928525335323,-37.03139169058711,-33.00789356276612,44358.6569074,-0.0084025851133644
2020-07-02 00:00:00,1593648000000,9231.99,9261.96,8940.0,9086.54,45725.168076,9134.315714285714,9382.5648,8525.649292929293,43.95527177822213,-78.27625181851909,-45.280363716173504,-32.99588810234558,44138.9619646,-0.0291068976754871
2020-07-03 00:00:00,1593734400000,9086.54,9125.0,9037.47,9058.26,28943.420177,9119.465714285714,9353.6148,8549.092727272726,43.2861555640974,-86.09363300982113,-53.44301757490303,-32.6506154349181,44198.1437309,-0.0254371044112283
2020-07-04 00:00:00,1593820800000,9057.79,9190.0,9040.04,9135.46,26441.968484,9137.102857142858,9328.136,8577.136666666665,45.71549952220932,-85.07883328209391,-59.77018071634121,-25.308652565752705,44017.46682469999,-0.056808549519962
2020-07-05 00:00:00,1593907200000,9135.0,9145.24,8893.03,9069.41,34073.653627,9130.397142857142,9295.5124,8605.750404040404,43.97972759160799,-88.58314878564488,-65.53277433020195,-23.05037445544293,41415.7532707,-0.0577128673678347
2020-07-06 00:00:00,1593993600000,9069.41,9375.0,9055.92,9344.2,54463.132277,9152.06,9298.0644,8640.72797979798,52.12412090279039,-68.3986307467112,-66.1059456135038,-2.2926851332073994,41536.2875382,0.0051320444597908
2020-07-07 00:00:00,1594080000000,9342.47,9379.42,9203.0,9257.39,34587.336678,9169.037142857143,9289.7548,8669.647272727272,49.66749355698166,-58.73009233163066,-64.63077495712918,5.900682625498519,40863.3338145,0.000854101145036
2020-07-08 00:00:00,1594166400000,9257.4,9470.0,9231.0,9436.06,56140.517781,9198.18857142857,9288.2636,8700.209090909091,54.42811943921239,-36.23286032743272,-58.95119203118989,22.718331703757173,41801.2620153,0.0298890769803354
2020-07-09 00:00:00,1594252800000,9436.06,9440.79,9160.0,9232.43,48044.450645,9219.03,9283.8768,8726.365757575757,48.76683619467262,-34.43790237169196,-54.04853409929031,19.610631727598346,41936.9353639,0.024459609409676
2020-07-10 00:00:00,1594339200000,9232.42,9317.48,9125.0,9288.34,38295.494006,9251.898571428572,9278.3696,8751.560202020202,50.29552628037176,-28.179084573072032,-48.87464419404666,20.695559620974628,42335.256795,0.0188661032101662
2020-07-11 00:00:00,1594425600000,9288.34,9299.28,9178.25,9234.03,22561.366,9265.98,9266.7072,8776.81202020202,48.77314298484556,-27.286744878165337,-44.5570643308704,17.27031945270506,42247.4787833,0.0045112569295171
2020-07-12 00:00:00,1594512000000,9234.02,9345.0,9157.5,9302.75,30872.702286,9299.314285714285,9260.2116,8801.516666666666,50.80235308729669,-20.794720959043843,-39.80459565650509,19.00987469746125,40896.34048045,0.0179678395369069
2020-07-13 00:00:00,1594598400000,9303.31,9343.82,9200.89,9242.62,42740.069115,9284.802857142857,9254.4636,8826.464545454546,48.97429401514718,-20.268095712335708,-35.897295667671216,15.629199955335508,40981.7924672,0.0011503466204507
2020-07-14 00:00:00,1594684800000,9242.61,9279.54,9113.0,9255.85,45772.552509,9284.582857142856,9252.2884,8845.918585858586,49.4056755211544,-18.56913751947468,-32.43166403803191,13.862526518557232,40191.84201945,0.0186330550462552
2020-07-15 00:00:00,1594771200000,9255.85,9276.49,9160.57,9197.6,39053.579665,9250.517142857145,9245.8344,8866.123434343433,47.50152691593832,-21.67315446216708,-30.279962122858947,8.60680766069187,39352.9400449,0.0153826452320864
2020-07-16 00:00:00,1594857600000,9197.6,9226.15,9047.25,9133.72,43375.571191,9236.415714285717,9239.3956,8884.02686868687,45.43351063158861,-28.95392950886708,-30.01475560006057,1.0608260911934977,39007.1036906,-0.000190466599383
2020-07-17 00:00:00,1594944000000,9133.72,9186.83,9089.81,9154.32,28054.358741,9217.27,9218.1408,8902.923636363637,46.24623313277122,-32.68497628894511,-30.548799737837484,-2.1361765511076243,38095.275122,0.0093622407631808
2020-07-18 00:00:00,1595030400000,9154.31,9219.3,9121.1,9170.28,22554.541457,9208.162857142856,9199.9564,8926.270707070706,46.90603235782273,-33.9625203327214,-31.231543856814262,-2.7309764759071307,37688.5933738,-0.0186126153121722
2020-07-19 00:00:00,1595116800000,9170.3,9232.27,9101.35,9208.99,26052.019417,9194.768571428573,9196.4564,8949.827878787879,48.55540069906093,-31.48843067661801,-31.282921220775016,-0.2055094558429928,36885.1796816,-0.0052282554802163
2020-07-20 00:00:00,1595203200000,9208.99,9221.52,9131.0,9160.78,35458.764082,9183.077142857142,9192.908,8972.625757575757,46.613260407931534,-33.03701079588973,-31.63373913579796,-1.403271660091768,37084.95974565,-0.0291731930487935
2020-07-21 00:00:00,1595289600000,9160.78,9437.73,9152.8,9390.0,60413.582486,9202.24142857143,9202.0196,8998.404444444444,55.68852546018182,-15.588439541235855,-28.424679216885544,12.836239675649686,38181.212435,0.0170670126932994
2020-07-22 00:00:00,1595376000000,9390.0,9544.0,9261.0,9518.16,48815.004107,9248.035714285714,9222.266,9025.166666666666,59.80291281852204,8.483329271284674,-21.0430775192515,29.52640679053617,38335.70423655,0.0247428496372872
2020-07-23 00:00:00,1595462400000,9518.16,9664.0,9440.33,9603.27,51856.2335,9315.114285714286,9241.7428,9055.28818181818,62.30598919047786,34.03570279367159,-10.027321456666884,44.06302425033847,39481.3449027,0.0399868746365346
2020-07-24 00:00:00,1595548800000,9603.27,9637.0,9463.44,9537.8,43931.136205,9369.897142857142,9255.5524,9079.892828282827,59.249581807607065,48.444819339203605,1.6671067025072157,46.77771263669639,40355.80328875,0.0252667222057991
2020-07-25 00:00:00,1595635200000,9538.1,9732.9,9513.0,9700.42,40679.545416,9445.631428571429,9278.0272,9106.891515151516,63.976553532536805,72.15447111317553,15.76457958464088,56.389891528534655,40686.0978782,0.0495314099248913
2020-07-26 00:00:00,1595721600000,9700.42,10111.0,9650.0,9931.54,65279.269319,9548.852857142858,9306.0088,9133.99191919192,69.4079103316672,108.34505901456942,34.28067547062659,74.06438354394282,41226.9047303,0.0730013991151543
2020-07-27 00:00:00,1595808000000,9931.54,11394.86,9917.21,11029.96,150188.933144,9815.878571428571,9383.7456,9173.478989898991,82.73274730184954,223.08805456107984,72.04215128871725,151.04590327236258,47006.9845536,0.1992215360528832
2020-07-28 00:00:00,1595894400000,11029.96,11242.23,10565.0,10906.27,97267.734187,10032.488571428572,9457.666,9214.685454545455,78.58199650345682,300.5770903361408,117.74913909820197,182.8279512379389,49063.3453739,0.1940666015599341
2020-07-29 00:00:00,1595980800000,10906.27,11342.82,10812.0,11100.53,76838.094233,10258.54142857143,9536.2688,9257.707272727272,80.25728486495565,373.3590176204634,168.87111480265426,204.4879028178092,50503.0275533,0.2126001712852512
2020-07-30 00:00:00,1596067200000,11100.52,11170.0,10831.0,11099.61,60794.826456,10472.304285714286,9617.4768,9297.853434343437,80.22528037162976,426.05370118942847,220.3076320800091,205.74606910941927,51627.9941758,0.2103894319475523
2020-07-31 00:00:00,1596153600000,11099.79,11444.0,10960.0,11335.46,70063.660974,10729.112857142858,9697.1272,9336.773333333333,82.18642782032983,481.29764186381,272.5056340367693,208.79200782704063,54003.10892449999,0.2309124019029229
2020-08-01 00:00:00,1596240000000,11335.46,11861.0,11220.0,11801.17,85087.485126,11029.22,9798.8784,9380.16898989899,85.28890903053562,556.2457134250617,329.2536499144278,226.9920635106339,56713.8480665,0.2882276400044536
2020-08-02 00:00:00,1596326400000,11801.17,12123.46,10518.5,11071.35,97553.077604,11192.05,9864.29,9415.852626262627,65.91465444520692,550.4074707630789,373.48441408415806,176.92305667892083,59454.49849095,0.1790575079872205
2020-08-03 00:00:00,1596412800000,11071.36,11473.0,10936.0,11219.81,56931.841475,11219.17142857143,9943.7852,9451.47595959596,67.53045241974112,551.4038621730579,409.068303701938,142.33555847111984,60012.46293924999,0.1787793018818761
2020-08-04 00:00:00,1596499200000,11219.68,11414.98,11000.0,11191.97,58629.113709,11259.985714285713,10019.9304,9485.994646464647,66.89009035117928,543.6798513156555,435.9906132246815,107.68923809097396,60991.23964145001,0.1654332326384657
2020-08-05 00:00:00,1596585600000,11191.99,11780.93,11093.0,11744.91,74970.256852,11352.04,10120.3656,9526.458585858583,72.47318899611668,575.5416678653746,463.9008241528202,111.64084371255444,62570.97392450001,0.2314066136844974
2020-08-06 00:00:00,1596672000000,11744.91,11900.0,11562.5,11762.46,63529.08502,11446.732857142855,10218.754,9556.59888888889,72.63093597377008,595.345750143757,490.1898093510076,105.1559407927494,64344.71023845,0.2125722391401607
2020-08-07 00:00:00,1596758400000,11762.47,11909.94,11322.0,11594.23,65755.926022,11483.7,10312.8184,9586.641616161616,68.57419858824726,590.6571450895681,510.28327649871966,80.37386859084842,66504.7794667,0.1674151239384826
2020-08-08 00:00:00,1596844800000,11594.36,11808.27,11512.0,11761.41,41858.16104,11478.02,10413.0408,9616.282525252524,70.34672793818294,593.5888973110486,526.9444006611855,66.64449664986319,67295.08654785,0.0663148370438333
2020-08-09 00:00:00,1596931200000,11761.02,11797.11,11521.97,11681.68,41493.067342,11565.21,10512.404,9643.652525252524,68.36624579068445,582.7610804212,538.1077366131883,44.65334380801164,67596.80171085,0.0710976346633633
2020-08-10 00:00:00,1597017600000,11681.69,12067.35,11450.0,11892.92,84952.337887,11661.368571428571,10622.772,9673.94303030303,70.71837553954173,584.4876503175165,547.3837193540539,37.10393096346252,68823.7394809,0.0713830781052795
2020-08-11 00:00:00,1597104000000,11892.9,11935.0,11125.0,11392.08,90748.284634,11689.955714285714,10712.2824,9699.398787878788,59.43453501403891,539.2264996628637,545.7522754158159,-6.5257757529522,70920.40350725,0.0263495744445074
2020-08-12 00:00:00,1597190400000,11392.09,11617.52,11150.0,11564.33,64909.613644,11664.158571428572,10808.0444,9725.080606060606,61.6980848494084,511.3611935982463,538.8740590523021,-27.512865454055827,71573.07251445,0.0201906230536741
2020-08-13 00:00:00,1597276800000,11564.34,11792.96,11270.36,11780.0,70132.491502,11666.664285714283,10910.8848,9751.717777777778,64.37826428371659,500.9063675521975,531.2805207522812,-30.374153200083697,72883.1402793,-0.0017938899278631
2020-08-14 00:00:00,1597363200000,11779.77,11850.0,11634.03,11760.54,59818.852697,11690.422857142856,11014.8752,9769.638383838384,63.9434764275967,485.45456517934326,522.1153296376935,-36.660764458350286,73840.10564335,0.0622498611280468
2020-08-15 00:00:00,1597449600000,11760.55,11980.0,11680.0,11852.4,56237.90505,11703.421428571428,11113.3712,9790.369595959595,65.14029984414974,475.1440696999907,512.721077650153,-37.57700795016228,73388.0374299,0.0563815251773425
2020-08-16 00:00:00,1597536000000,11852.4,11931.72,11686.0,11911.0,41368.236906,11736.18142857143,11209.0848,9814.325151515151,65.91750113563967,466.32594281787897,503.4420506836983,-37.11610786581929,67947.002618,0.0642451686342977
2020-08-17 00:00:00,1597622400000,11910.99,12468.0,11769.78,12281.13,84734.21154,11791.64,11316.1992,9850.268181818185,70.40558515242549,483.6289380775579,499.47942816247024,-15.850490084912336,67320.32648565,0.0456555222645382
2020-08-18 00:00:00,1597708800000,12281.15,12387.77,11817.93,11945.01,75923.835527,11870.63,11412.4876,9884.444848484847,62.37307217146128,464.860983502349,492.555739230446,-27.69475572809705,67274.61355035,0.0155197127131569
2020-08-19 00:00:00,1597795200000,11945.1,12020.08,11561.0,11754.59,73940.169606,11897.81,11494.6544,9914.1802020202,58.31405878709205,429.6689850915464,479.97838840266616,-50.30940331111981,67931.88070785001,0.0138310176699962
2020-08-20 00:00:00,1597881600000,11754.38,11888.0,11668.0,11853.55,46085.254351,11908.317142857142,11571.5348,9939.87898989899,59.77896037204453,405.0946389281926,465.0016385077715,-59.906999579578894,66732.96037670001,0.0078340947216362
2020-08-21 00:00:00,1597968000000,11853.54,11878.0,11485.81,11531.34,64448.306142,11875.574285714283,11591.59,9957.448282828283,53.2210391036601,355.5214088694029,443.1055925800978,-87.5841837106949,65701.0014275,-0.0128697242177495
2020-08-22 00:00:00,1598054400000,11531.23,11686.0,11376.81,11662.96,43678.701646,11848.511428571428,11621.8576,9981.150707070708,55.37464901091818,323.1300587222686,419.110485808532,-95.98042708626338,63007.282629600006,-0.0193358737803669
2020-08-23 00:00:00,1598140800000,11663.51,11718.07,11514.13,11648.13,37900.00469,11810.95857142857,11643.761600000002,10004.048282828282,55.06703077474534,292.88680651329014,393.8657499494837,-100.9789434361935,62055.69079035,0.0224761413192322
2020-08-24 00:00:00,1598227200000,11648.12,11824.9,11585.09,11748.2,46212.391867,11734.825714285716,11669.7052,10024.93878787879,56.810547901777845,273.83700143202987,369.8600002459929,-96.02299881396306,61434.85469825,0.0158997538119372
2020-08-25 00:00:00,1598313600000,11748.19,11767.85,11117.64,11318.42,69590.923272,11645.312857142855,11669.0236,10040.943737373736,48.16622983259109,221.50684643751447,340.18936948429723,-118.68252304678276,61165.88801924999,-0.0391833616298811
2020-08-26 00:00:00,1598400000000,11318.42,11539.32,11244.0,11461.43,53998.231231,11603.432857142858,11655.434,10057.97303030303,50.8463977251969,189.39134783568625,310.02976515457505,-120.6384173188888,60689.3453298,-0.0254333559513424
2020-08-27 00:00:00,1598486400000,11461.42,11592.2,11125.0,11330.38,63246.036383,11528.694285714286,11665.7952,10076.346262626264,48.37779841109411,151.61719539453043,278.3472512025661,-126.73005580803569,60563.85084785001,-0.0440434004927272
2020-08-28 00:00:00,1598572800000,11330.38,11542.65,11276.89,11526.91,45953.908365,11528.061428571427,11678.0792,10101.177171717172,52.13115538546088,135.97183726662115,249.8721684153772,-113.90033114875598,60768.6382141,-0.0322466627487196
2020-08-29 00:00:00,1598659200000,11526.9,11580.02,11417.04,11465.84,32973.7992,11499.901428571427,11689.034,10124.367474747474,50.89286083252878,117.29286053089164,223.35630683848007,-106.06344630758844,60342.67480700001,-0.066385585039813
2020-08-30 00:00:00,1598745600000,11465.84,11719.0,11458.0,11711.16,43177.879054,11508.905714285716,11687.684,10149.943333333333,55.46880465964452,120.89135043274472,202.863315557333,-81.97196512458828,58253.95186535,-0.0195772125766324
2020-08-31 00:00:00,1598832000000,11711.17,11800.77,11570.0,11649.51,55353.617744,11494.807142857142,11683.166,10179.530909090909,54.10436858991545,117.41505220277033,185.77366288642048,-68.35861068365017,56484.21852085,-0.0089394866175681
2020-09-01 00:00:00,1598918400000,11649.51,12050.85,11515.0,11921.97,78148.193668,11581.028571428573,11696.2756,10210.052323232325,58.91440456767696,135.08809430518158,175.6365491701727,-40.54845486499113,57146.14752205,0.0057721104647974
2020-09-02 00:00:00,1599004800000,11921.97,11954.57,11160.1,11388.54,87221.845602,11570.615714285714,11681.3608,10235.783232323232,48.25207026545395,104.84220883778109,161.47768110369438,-56.63547226591331,58000.61522705,-0.0123836431845734
2020-09-03 00:00:00,1599091200000,11388.54,11462.6,9960.8,10140.85,121950.106015,11400.682857142858,11619.7276,10245.245656565658,33.14302821501191,-19.58031919323548,125.2660810443084,-144.8464002375439,61107.17789295,-0.1305080356959124
2020-09-04 00:00:00,1599177600000,10138.29,10627.05,9875.5,10446.25,92733.599113,11246.302857142857,11561.8608,10254.037171717173,38.240683683282086,-92.47682612131575,81.71749961118358,-174.19432573249935,62931.96259610001,-0.1031822275335182
2020-09-05 00:00:00,1599264000000,10446.25,10565.68,9825.0,10166.69,90001.605568,11060.71,11512.8452,10261.50808080808,35.56727672374596,-170.83668965617835,31.2066617577112,-202.04335141388955,65363.6310292,-0.1346172179567933
2020-09-06 00:00:00,1599350400000,10166.69,10347.14,9994.86,10256.2,56368.788815,10852.858571428573,11460.52,10267.149292929293,37.08391606728513,-223.14248940963444,-19.66316847575793,-203.4793209338765,63945.35989295001,-0.0938487880817287
2020-09-07 00:00:00,1599436800000,10255.89,10410.75,9875.0,10373.44,62620.230676,10670.562857142855,11404.2576,10276.494444444445,39.10573004538602,-252.22740386707483,-66.17601555402132,-186.0513883130535,63280.17965040001,-0.0949262003083384
2020-09-08 00:00:00,1599523200000,10373.45,10438.0,9850.0,10126.65,73491.878418,10414.08857142857,11338.902000000002,10275.745757575758,36.45040152622683,-291.82729520703833,-111.30627148462472,-180.5210237224136,63257.765091,-0.1062391552622241
2020-09-09 00:00:00,1599609600000,10126.66,10343.0,9981.01,10219.2,49347.113776,10247.04,11273.574,10282.828181818182,38.14659361228624,-312.1442779354202,-151.4738727747838,-160.67040516063636,63420.85806225,-0.1134484436852546
2020-09-10 00:00:00,1599696000000,10219.29,10483.35,10070.83,10336.87,58253.75375,10275.042857142858,11210.608799999998,10289.602222222222,40.32737134917176,-315.11816152107167,-184.20273052404136,-130.91543099703028,63111.13044265,-0.0984637845984245
2020-09-11 00:00:00,1599782400000,10336.86,10397.6,10200.0,10387.89,43830.254467,10266.705714285714,11134.8792,10295.65101010101,41.29384672004088,-309.78706562355,-209.3195975439431,-100.4674680796069,63118.7080837,-0.112992222802865
2020-09-12 00:00:00,1599868800000,10387.89,10477.97,10269.25,10440.92,35379.153096,10305.881428571429,11074.7156,10303.931414141414,42.33919776657935,-297.84963076795793,-227.0256041887461,-70.82402657921185,62992.665504,-0.10374599446672
2020-09-13 00:00:00,1599955200000,10440.67,10580.11,10200.0,10332.83,43837.609865,10316.828571428572,11017.8452,10310.66404040404,40.74655630534832,-293.7252059578168,-240.36552454256025,-53.35968141525655,62873.92640389999,-0.1332950846210818
2020-09-14 00:00:00,1600041600000,10332.84,10750.0,10212.34,10671.77,67059.291361,10359.447142857143,10970.574,10320.005252525252,47.42501905938239,-260.1085744859665,-244.3141345312415,-15.79443995472502,62747.34480835,-0.0629378304857339
2020-09-15 00:00:00,1600128000000,10671.77,10930.04,10606.48,10785.31,61822.452786,10453.54142857143,10940.7328,10330.139595959596,49.479223563247466,-221.7492355893756,-239.8011547428683,18.051919153492776,63138.5558861,0.0635508857738749
2020-09-16 00:00:00,1600214400000,10785.23,11093.0,10661.22,10954.01,64991.51244,10558.514285714287,10912.3748,10342.074747474746,52.45190615854335,-175.7110158203741,-226.9831269583695,51.27211113799541,63225.82968895,0.0486069163575446
2020-09-17 00:00:00,1600300800000,10954.01,11045.46,10745.83,10939.99,55601.614529,10644.674285714284,10884.0492,10352.73121212121,52.17713171332027,-138.75718533673535,-209.33793863404267,70.58075329730733,63708.21499714999,0.0760621205131659
2020-09-18 00:00:00,1600387200000,10940.0,11038.03,10812.84,10933.39,47266.728275,10722.602857142858,10851.4568,10369.42808080808,52.03892663558278,-108.74997130725568,-189.2203451686853,80.47037386142961,64422.8614509,0.0660273785612604
2020-09-19 00:00:00,1600473600000,10933.4,11179.79,10887.37,11080.65,38440.036858,10813.992857142855,10841.946000000002,10385.746464646463,54.90879007134538,-72.25349340601133,-165.8269748161505,93.57348141013918,64185.9693411,0.0681750701792269
2020-09-20 00:00:00,1600560000000,11080.64,11080.64,10723.0,10920.28,39157.922565,10897.914285714283,10820.3,10400.36202020202,51.30813451507209,-55.62903358701988,-143.7873865703244,88.15835298330452,63376.18458215,0.0783704383976933
2020-09-21 00:00:00,1600646400000,10920.28,10988.86,10296.35,10417.22,70683.431179,10861.55,10783.7736,10411.221818181815,42.003373608993215,-82.1003652549116,-131.44998230724184,49.349617052330245,63002.9464577,0.0193772506654139
2020-09-22 00:00:00,1600732800000,10417.22,10572.71,10353.0,10529.61,43991.235476,10825.021428571428,10743.8816,10422.369191919192,44.428121760740616,-92.93881182941368,-123.7477482116762,30.80893638226253,60841.415951400006,0.0186458763629608
2020-09-23 00:00:00,1600819200000,10529.61,10537.15,10136.82,10241.46,51876.568079,10723.228571428572,10694.906400000002,10429.600202020203,39.83029062872751,-123.3576652786178,-123.66973162506451,0.3120663464467412,57337.7390546,-0.0140962216581038
2020-09-24 00:00:00,1600905600000,10241.46,10795.24,10190.93,10736.32,57676.619427,10694.132857142857,10655.9128,10442.440404040404,49.49666350863679,-106.30830356185652,-120.19744601242294,13.889142450566425,55584.89007029999,0.0282925259459894
2020-09-25 00:00:00,1600992000000,10736.33,10760.53,10556.24,10686.67,48101.117008,10658.887142857142,10617.3992,10455.575252525254,48.65214493127735,-95.699734654856,-115.29790374090956,19.59816908605356,53489.86564230001,0.0342442486714675
2020-09-26 00:00:00,1601078400000,10686.57,10820.94,10644.68,10728.6,28420.836659,10608.594285714284,10569.6644,10469.902222222225,49.436763248383,-82.95273924732464,-108.8288708421926,25.876131594867942,52092.4680345,0.005325264693673
2020-09-27 00:00:00,1601164800000,10728.59,10799.0,10594.82,10774.25,30549.483253,10587.732857142855,10545.0928,10484.19818181818,50.326701226973015,-68.37885123005617,-100.73886691976531,32.360015689709144,50488.93066335,-0.0010254689016819
2020-09-28 00:00:00,1601251200000,10774.26,10950.0,10626.0,10696.12,50095.251734,10627.575714285716,10567.3036,10498.35404040404,48.74538014373359,-62.41390932216564,-93.07387540024538,30.659966078079748,49319.09932915,-0.0235429764990171
2020-09-29 00:00:00,1601337600000,10696.11,10867.54,10635.87,10840.48,41874.898399,10671.985714285713,10583.0728,10510.018585858585,51.76137273060472,-45.51335472969004,-83.56177126613431,38.04841653644428,48945.4885603,-0.0090959863765871
2020-09-30 00:00:00,1601424000000,10840.58,10849.34,10665.13,10776.59,39596.027322,10748.432857142858,10607.4688,10521.651919191918,50.34928633114862,-36.8501469466446,-74.21944640223637,37.36929945559177,48012.6022389,-0.0143413890842638
2020-10-01 00:00:00,1601510400000,10776.59,10920.0,10437.0,10619.13,60866.332893,10731.691428571428,10621.986,10535.011919191918,46.94981478574051,-42.20370042777176,-67.81629720734345,25.61259677957169,48864.4061602,-0.0416509861786087
2020-10-02 00:00:00,1601596800000,10619.13,10664.64,10374.0,10570.4,50130.393705,10715.08142857143,10629.8644,10548.354444444443,45.91658127290474,-49.80441953204172,-64.2139216722831,14.409502140241386,49601.96819065,-0.0320394715153824
2020-10-03 00:00:00,1601683200000,10570.4,10603.56,10496.46,10542.06,22298.221341,10688.432857142858,10646.4808,10562.292323232325,45.29230455627403,-57.45256789542327,-62.861650916911145,5.409083021487874,48524.99876445,0.0119840034097389
2020-10-04 00:00:00,1601769600000,10542.07,10696.87,10517.87,10666.63,23212.001595,10673.058571428572,10664.378,10579.005757575758,48.600311277193065,-52.85276883088591,-60.8598744997061,8.007105668820195,46332.634276150005,0.0130128276355914
2020-10-05 00:00:00,1601856000000,10666.62,10798.0,10615.64,10792.21,34025.761653,10686.785714285714,10682.5916,10595.933636363636,51.76664804760277,-38.62884912128175,-56.41366942402124,17.78482030273949,44942.799719500006,0.0537765123332025
2020-10-06 00:00:00,1601942400000,10792.2,10800.0,10525.0,10599.66,48674.740471,10652.382857142857,10691.0624,10610.146767676768,46.98713842972651,-42.40465163801491,-53.611865866819976,11.207214228805064,44126.96112105,-0.0127287562218711
2020-10-07 00:00:00,1602028800000,10599.65,10681.87,10546.17,10666.39,32811.990279,10636.64,10700.0812,10625.579494949496,48.753028976342414,-39.556466696561984,-50.80078603276839,11.244319336206402,42987.47990855,-0.0018976912359042
2020-10-08 00:00:00,1602115200000,10666.4,10950.0,10530.41,10925.57,51959.691572,10680.417142857144,10723.7908,10642.686262626265,55.02011832989777,-16.19886918748489,-43.880402663711685,27.6815334762268,43222.1280734,0.01835933859031
2020-10-09 00:00:00,1602201600000,10925.44,11104.64,10829.0,11050.64,48240.073237,10749.022857142858,10738.9456,10662.525656565656,57.70789590163744,12.262939336007548,-32.65173426376784,44.91467359977539,43712.12989235,0.0256528296633176
2020-10-10 00:00:00,1602288000000,11050.64,11491.0,11050.51,11293.22,43648.036943,10856.331428571428,10759.262,10685.10101010101,62.40078527774244,53.77343958277743,-15.36669949445879,69.14013907723621,43936.63561125,0.0558239810323741
2020-10-11 00:00:00,1602374400000,11293.22,11445.0,11221.0,11369.02,29043.851339,10956.672857142856,10775.8624,10707.662222222223,63.75422017317474,91.72983220252354,6.052606844937674,85.67722535758587,41854.65661925,0.0487561436393961
2020-10-12 00:00:00,1602460800000,11369.02,11720.01,11172.0,11528.25,52825.28371,11061.82142857143,10799.3928,10732.49898989899,66.48355557500193,133.12450069716942,31.466985615384026,101.6575150817854,42296.35903095,0.0697493362928347
2020-10-13 00:00:00,1602547200000,11528.24,11557.0,11300.0,11420.56,42205.283709,11179.092857142856,10818.8796,10753.472323232323,63.02686631533914,155.44847743004175,56.26328397831557,99.18519345172618,41812.79481245,0.0754704010592204
2020-10-14 00:00:00,1602633600000,11420.57,11547.98,11280.0,11417.89,41415.106015,11286.45,10832.3692,10775.295555555556,62.939490770845296,170.9542885178489,79.20148488622223,91.75280363162668,40999.71914185,0.0801757738590782
2020-10-15 00:00:00,1602720000000,11417.89,11617.34,11250.83,11505.12,48760.717679,11369.242857142855,10855.7628,10796.195151515152,64.6630739333178,188.11303750666767,100.98379541031134,87.1292420963564,41032.6991754,0.0913540617298707
2020-10-16 00:00:00,1602806400000,11505.13,11541.15,11200.0,11319.32,48797.749502,11407.625714285712,10891.8468,10817.274848484847,58.42975373250366,184.59111107333047,117.70525854291516,66.88585253041529,42051.544817550006,0.0611898978402738
2020-10-17 00:00:00,1602892800000,11319.24,11402.42,11255.0,11360.2,22368.915241,11417.194285714286,10925.0704,10838.202727272728,59.35805184844316,182.989247217316,130.76205627779535,52.22719093952065,41642.51641695,0.0526296282225791
2020-10-18 00:00:00,1602979200000,11360.31,11505.0,11346.22,11503.14,23284.041191,11436.354285714287,10975.5376,10861.12303030303,62.51046077318923,191.05149921368684,142.81994486497365,48.23155434871319,40301.9558898,0.0852366962713897
2020-10-19 00:00:00,1603065600000,11503.14,11823.99,11407.96,11751.47,47414.534692,11468.24285714286,11016.1436,10885.857575757576,67.26148362623104,215.00065392066065,157.25608667611107,57.74456724454956,40578.93770445,0.1017288885930478
2020-10-20 00:00:00,1603152000000,11751.46,12038.38,11677.59,11909.99,62134.750663,11538.16142857143,11065.076399999998,10912.800707070708,69.88508704128964,243.9595568515288,174.5967807111946,69.36277614033415,41705.8738715,0.0901023928271018
2020-10-21 00:00:00,1603238400000,11910.0,13217.68,11886.95,12780.96,114584.456767,11732.885714285714,11147.1708,10948.407878787875,79.57174976110404,333.3470784429337,206.34684025754245,127.00023818539124,44391.7800652,0.1565809763054446
2020-10-22 00:00:00,1603324800000,12780.75,13185.0,12678.08,12968.52,70038.824144,11941.942857142856,11234.941599999998,10986.49797979798,80.98982839764267,414.5432611320066,247.9861244324353,166.5571366995713,45387.20158715,0.1483456445548745
2020-10-23 00:00:00,1603411200000,12968.84,13027.69,12720.08,12923.07,50386.999841,12171.05,11324.0196,11024.77424242424,79.54877201939101,469.8087232259277,292.3506441911338,177.45807903479383,46791.64051215,0.1366916409681748
2020-10-24 00:00:00,1603497600000,12923.06,13166.73,12870.0,13111.73,35952.20907,12421.26857142857,11414.8696,11064.748080808082,81.05559452994396,522.803729445086,338.4412612419243,184.3624682031617,47428.6508859,0.137356493830373
2020-10-25 00:00:00,1603584000000,13111.73,13350.0,12888.0,13028.83,38481.579504,12639.224285714285,11504.9592,11103.723333333335,78.32472487684427,551.753050791207,381.1036191517808,170.64943163942615,47651.44177845,0.1408223414613645
2020-10-26 00:00:00,1603670400000,13029.64,13238.81,12765.0,13052.19,60951.672986,12825.04142857143,11602.281599999998,11142.543535353536,78.54409016276239,570.0098347428248,418.8848622699896,151.1249724728351,48265.2884042,0.1431350275751475
2020-10-27 00:00:00,1603756800000,13052.15,13789.29,13019.87,13636.17,80811.01945,13071.638571428572,11724.9124,11187.749494949494,83.13833020527068,624.4030434258002,459.98849850115175,164.41454492464845,50665.23986275,0.1852262297133797
2020-10-28 00:00:00,1603843200000,13636.16,13859.48,12888.0,13266.4,94440.561226,13140.98714285714,11833.886,11226.90505050505,72.54584909317633,630.40577907855,494.0719546166314,136.3338244619186,52789.28334544999,0.1720138665573549
2020-10-29 00:00:00,1603929600000,13266.4,13642.91,12920.77,13455.7,74872.602132,13210.584285714289,11945.448799999998,11266.678181818184,74.34772900614797,643.0255203554498,523.8626677643952,119.16285259105462,54120.90979019999,0.1844597806376648
2020-10-30 00:00:00,1604016000000,13455.69,13669.98,13115.0,13560.1,70657.778881,13301.58857142857,12056.1644,11306.64616161616,75.31016228331431,653.9130610099382,549.8727464135038,104.04031459643444,55471.3968871,0.1788172620693133
2020-10-31 00:00:00,1604102400000,13560.1,14100.0,13411.5,13791.0,67339.238515,13398.627142857144,12183.817999999996,11349.607777777775,77.33550694100032,673.4105579784427,574.5803087264916,98.83024925195116,57386.1662459,0.1735553083997152
2020-11-01 00:00:00,1604188800000,13791.0,13895.0,13603.0,13761.5,36285.648526,13503.294285714286,12307.6224,11390.628787878786,76.47239296281344,678.6589039454648,595.3960277702863,83.26287617517846,56559.1844867,0.1554585688149192
2020-11-02 00:00:00,1604275200000,13761.49,13830.0,13195.05,13549.37,64566.421908,13574.320000000002,12412.5744,11427.172525252528,70.38883371379032,658.1148000285102,607.9397822219312,50.17501780657904,57677.24139665,0.060121461924613
2020-11-03 00:00:00,1604361600000,13549.63,14066.11,13284.99,14023.53,74115.630787,13629.657142857144,12531.49,11457.410606060605,75.14791752983041,672.3438377000857,620.820593317562,51.52324438252367,59312.26763525,0.0813516114406269
2020-11-04 00:00:00,1604448000000,14023.53,14259.0,13525.0,14144.01,93016.988262,13755.03,12645.5216,11490.115050505052,76.19483804198372,685.4408462724023,633.7446439085301,51.6962023638722,61525.0811644,0.0944775506129735
2020-11-05 00:00:00,1604534400000,14144.01,15750.0,14093.56,15590.02,143741.522673,14059.932857142858,12814.361600000002,11535.463434343435,84.58706587916558,803.2419687006004,667.6441088669442,135.59785983365623,66272.26982295,0.1890131965804666
2020-11-06 00:00:00,1604620800000,15590.02,15960.0,15166.0,15579.92,122618.197695,14348.478571428572,12976.4284,11580.71909090909,84.36335108304876,885.5768427545954,711.2306556444745,174.34618711012092,71284.73394565,0.1958034604795673
2020-11-07 00:00:00,1604707200000,15579.93,15753.52,14344.22,14818.3,101431.206553,14495.235714285716,13112.338,11615.899292929293,69.44747242847083,879.2361675233424,744.8317580202481,134.40440950309426,75192.09221375,0.1353113921878244
2020-11-08 00:00:00,1604793600000,14818.3,15650.0,14703.88,15475.1,65547.178574,14740.035714285714,13274.6264,11653.009696969695,73.75664478707995,916.642918638192,779.1939901438369,137.44892849435507,76098.72440785,0.1348567816329657
2020-11-09 00:00:00,1604880000000,15475.1,15840.0,14805.54,15328.41,108976.334134,14994.184285714286,13427.558,11696.010303030303,71.33666590475445,923.8023627465428,808.1156646643782,115.68669808216453,78440.80358139999,0.1554310136887173
2020-11-10 00:00:00,1604966400000,15328.41,15460.0,15072.46,15297.21,61681.919606,15176.138571428572,13586.673600000002,11737.19616161616,70.80454499009252,916.3950626861696,829.7715442687365,86.62351841743316,75795.67672335,0.1368572426555288
2020-11-11 00:00:00,1605052800000,15297.21,15965.0,15272.68,15684.24,78469.746458,15396.171428571428,13759.6352,11782.572626262625,73.45020156426831,931.0225619244992,850.0217477998891,81.0008141246102,76217.22283905,0.1566463374163906
2020-11-12 00:00:00,1605139200000,15684.25,16340.7,15440.64,16291.86,102196.356592,15496.434285714286,13951.184,11828.501414141416,76.97750429910502,980.344020736018,876.086202387115,104.25781834890311,78807.6906766,0.1813400043506634
2020-11-13 00:00:00,1605225600000,16291.85,16480.0,15952.35,16320.7,75691.881014,15602.26,14133.9532,11874.544242424245,77.13279394194443,1010.1148044688472,902.8919228034616,107.22288166538556,80794.6742738,0.1859680994077681
2020-11-14 00:00:00,1605312000000,16320.04,16326.99,15670.0,16070.45,59116.347179,15781.138571428572,14300.371600000002,11919.758585858586,72.55931406532366,1001.9652497926454,922.7065882012984,79.25866159134705,81826.41265755,0.1860662156247854
2020-11-15 00:00:00,1605398400000,16069.56,16180.0,15774.72,15957.0,43596.841513,15849.98142857143,14427.4132,11962.138282828282,70.51794077138932,975.111721202542,933.1876148015472,41.92410640099479,80958.6710839,0.1378732744180673
2020-11-16 00:00:00,1605484800000,15957.0,16880.0,15864.0,16713.57,81300.675924,16047.861428571428,14577.2152,12012.965454545456,75.47351391910502,1003.3134099572744,947.2127738326926,56.1006361245818,80983.1539076,0.1816712516464567
2020-11-17 00:00:00,1605571200000,16713.08,17858.82,16538.0,17659.38,115221.403102,16385.314285714285,14766.6676,12071.212525252526,79.999527059046,1089.4242098653158,975.6550610392172,113.76914882609844,82022.19600139999,0.1327361991838369
2020-11-18 00:00:00,1605657600000,17659.38,18476.93,17214.45,17776.12,149019.788134,16684.154285714285,14953.2432,12135.69777777778,80.47837423791496,1153.7874381708716,1011.2815364655482,142.50590170532337,85729.5553015,0.1409634966033202
2020-11-19 00:00:00,1605744000000,17777.75,18179.8,17335.65,17802.82,93009.561008,16900.005714285715,15144.2028,12198.712828282827,80.5928188583261,1193.1958086305422,1047.664390898547,145.53141773199513,86847.14440785,0.2014077188341443
2020-11-20 00:00:00,1605830400000,17802.81,18815.22,17740.04,18655.67,88423.018489,17233.572857142855,15368.342000000002,12268.16404040404,83.84972596414167,1278.5072577527262,1093.832964269383,184.6742934833433,87901.33340655,0.2055282356818371
2020-11-21 00:00:00,1605916800000,18655.66,18965.9,18308.58,18703.8,75577.458394,17609.765714285713,15571.0472,12338.29797979798,84.01278453500979,1334.6162591133816,1141.9896232381827,192.62663587519887,89865.92389995001,0.2202048353351717
2020-11-22 00:00:00,1606003200000,18703.8,18750.0,17610.86,18414.43,81645.737778,17960.827142857142,15776.968400000002,12404.58111111111,78.85776265478441,1340.2833540926586,1181.648369409078,158.63498468358057,90719.88969345,0.2037770286215592
2020-11-23 00:00:00,1606089600000,18413.88,18766.0,18000.0,18368.0,82961.506093,18197.174285714285,15973.4604,12469.803333333331,78.03043220479664,1325.745683730638,1210.46783227339,115.27785145724806,91162.18345875,0.1711118932125497
2020-11-24 00:00:00,1606176000000,18368.01,19418.97,18018.0,19160.01,113581.509241,18411.55,16197.456800000002,12539.286969696972,81.58044800145103,1362.4278430341185,1240.8598344255356,121.56800860858266,92190.4095077,0.1760480387138114
2020-11-25 00:00:00,1606262400000,19160.0,19484.21,18500.27,18719.11,93266.576887,18546.262857142858,16394.5812,12607.712222222222,74.37547070274303,1340.4696733370292,1260.7818022078343,79.68787112919472,89666.6622184,0.1469550938378867
2020-11-26 00:00:00,1606348800000,18718.83,18915.03,16188.0,17149.47,181005.246693,18452.92714285714,16530.1,12662.205959595958,55.56199606356029,1182.7765241631023,1245.1807465988882,-62.40422243578587,92586.0146683,0.0671431104916167
2020-11-27 00:00:00,1606435200000,17149.47,17457.62,16438.08,17139.52,85297.024787,18236.334285714285,16673.706,12715.599595959597,55.46621590989312,1044.9550936232663,1205.135616003764,-160.18052238049768,91779.30558,0.0741066616531929
2020-11-28 00:00:00,1606521600000,17139.53,17880.49,16865.56,17719.85,64910.69997,18095.77,16821.5588,12778.109797979796,59.81708262234388,971.3611512501956,1158.3807230530504,-187.01957180285467,91747.4816498,0.0602073644350069
2020-11-29 00:00:00,1606608000000,17719.84,18360.05,17517.0,18184.99,55329.016303,18062.992857142857,16983.198,12843.988888888887,62.94215241255594,939.7376220262776,1114.652102847696,-174.91448082141824,89065.11575825,0.0297637855915666
2020-11-30 00:00:00,1606694400000,18185.0,19863.16,18184.99,19695.87,115463.466888,18252.68857142857,17147.432,12925.279191919191,70.86762423814152,1024.778131927469,1096.6773086636506,-71.89917673618152,91754.19312235,0.107996008127758
2020-12-01 00:00:00,1606780800000,19695.87,19888.0,18001.12,18764.96,127698.762652,18196.25285714286,17274.833599999998,12996.155555555555,62.06070440894623,1005.4663019990294,1078.4351073307264,-72.96880533169701,94215.64393205,0.0540442469226785
2020-12-02 00:00:00,1606867200000,18764.96,19342.0,18330.0,19204.09,75911.013478,18265.53571428572,17450.2652,13075.808787878786,64.31363873665437,1013.9079588699168,1065.5296776385646,-51.621718768647725,92901.37677635,0.0293969608167383
2020-12-03 00:00:00,1606953600000,19204.08,19598.0,18867.2,19421.9,66689.391279,18590.16857142857,17608.1372,13156.217575757575,65.41079684470594,1026.3424426420388,1057.6922306392596,-31.3497879972208,92451.2522896,0.0383932676782259
2020-12-04 00:00:00,1607040000000,19422.34,19527.0,18565.31,18650.52,71283.6682,18806.02571428571,17741.0216,13230.158383838385,58.54583402746899,962.8537624903728,1038.7245370094822,-75.87077451910932,93059.61834065,0.0128209235909013
2020-12-05 00:00:00,1607126400000,18650.51,19177.0,18500.0,19147.66,42922.748573,19009.99857142857,17895.0396,13307.135656565655,61.36042993480757,941.7971183545632,1019.3390532784985,-77.54193492393517,93025.91369365,0.0424466463414634
2020-12-06 00:00:00,1607212800000,19147.66,19420.0,18857.0,19359.4,37043.091861,19177.77142857143,18042.046,13386.868585858583,62.52742831479922,931.457957070328,1001.7628340368644,-70.30487696653631,90813.0344905,0.0104065707690133
2020-12-07 00:00:00,1607299200000,19358.67,19420.91,18902.88,19166.9,41372.296293,19102.204285714288,18157.0476,13462.17909090909,60.73159845641971,897.3864437328775,980.8875559760672,-83.5011122431896,87120.57915004999,0.0239215432784998
2020-12-08 00:00:00,1607385600000,19166.9,19294.84,18200.0,18324.11,61626.947614,19039.22571428572,18237.184,13529.599292929292,53.48844161429947,793.2345008760931,943.3569449560724,-150.12244407997937,82750.93712405,0.0684942450116534
2020-12-09 00:00:00,1607472000000,18324.11,18639.57,17650.0,18541.28,79585.553801,18944.538571428573,18336.0172,13596.46101010101,54.97848337114711,719.9183689982601,898.66922976451,-178.75086076624984,82079.7367637,0.0817852541961501
2020-12-10 00:00:00,1607558400000,18541.29,18557.32,17911.12,18254.63,52890.675094,18777.78571428572,18427.9224,13665.815454545454,52.58391488461012,631.4060905298938,845.2166019175868,-213.8105113876929,80303.11959395,0.030179713710895
2020-12-11 00:00:00,1607644800000,18254.81,18292.73,17572.33,18036.53,72610.724259,18690.07285714286,18480.8408,13745.5697979798,50.77196217772471,537.4650622081826,783.666293975706,-246.20123176752332,80154.7828872,-0.0081638758118647
2020-12-12 00:00:00,1607731200000,18036.53,18948.66,18020.7,18808.69,49519.978432,18641.648571428574,18526.8132,13830.03888888889,56.488514355102005,519.3363925862359,730.800313697812,-211.46392111157616,78548.4949199,-0.0450439609928375
2020-12-13 00:00:00,1607817600000,18808.69,19411.0,18711.12,19174.99,56560.821744,18615.304285714286,18582.768,13921.031818181817,58.92526303267076,528.4351683230452,690.3272846228588,-161.89211629981355,77228.46070245,0.0218508326156838
2020-12-14 00:00:00,1607904000000,19174.99,19349.0,19000.0,19273.14,47257.201294,18630.481428571427,18641.5808,14012.11202020202,59.578480117317234,537.37141520148,659.736110738583,-122.364695537103,73912.2453051,0.0035955882314653
2020-12-15 00:00:00,1607990400000,19273.69,19570.0,19050.0,19426.43,61834.366011,18787.95571428572,18672.4112,14103.556363636364,60.63150766090308,550.4771195626308,637.8843125033925,-87.40719294076166,72340.63476130001,0.000233241855843
2020-12-16 00:00:00,1608076800000,19426.43,21560.0,19278.6,21335.52,114306.33557,19187.132857142857,18777.68,14216.777272727277,70.82521251232188,706.763957799285,651.660241562571,55.10371623671404,69005.68920514999,0.1439638144137536
2020-12-17 00:00:00,1608163200000,21335.52,23800.0,21230.0,22797.16,184882.476748,19836.06571428572,18952.9892,14343.827373737373,75.95799299772166,937.7546833943924,708.8791299289353,228.8755534654572,73984.9618032,0.1905977022779807
2020-12-18 00:00:00,1608249600000,22797.15,23285.18,22350.0,23107.39,79646.134315,20560.47428571429,19142.5648,14472.822525252524,76.88743273117213,1132.791352354725,793.6615744140933,339.1297779406317,74721.73352045,0.193600524809653
2020-12-19 00:00:00,1608336000000,23107.39,24171.47,22750.0,23821.61,86045.064677,21276.60571428572,19329.0288,14608.516666666666,78.9089676649817,1329.6633710290043,900.8619337370756,428.8014372919288,76257.53593915,0.242851478329829
2020-12-20 00:00:00,1608422400000,23821.6,24295.0,23060.0,23455.52,76690.145685,21888.110000000004,19518.4852,14739.977272727272,75.27465427607552,1439.551210491427,1008.599789087946,430.95142140348105,74318.86987899999,0.2800359744620611
2020-12-21 00:00:00,1608508800000,23455.54,24102.77,21815.0,22719.71,88030.297243,22380.477142857144,19741.294800000003,14865.097272727273,68.45069569825124,1450.5434355917168,1096.9885183887,353.5549172030169,72335.44660855,0.2253582276951753
2020-12-22 00:00:00,1608595200000,22719.88,23837.1,22353.4,23810.79,87033.12616,23006.81428571429,20008.1456,14997.814646464649,72.44036313326309,1529.6628890396132,1183.5233925188827,346.1394965207305,72891.55224265,0.3043699050597026
2020-12-23 00:00:00,1608681600000,23810.79,24100.0,22600.0,23232.76,119047.259733,23277.84857142857,20228.662,15123.546464646466,67.5656262140062,1528.108353831678,1252.440384781442,275.667969050236,75509.44566535,0.2880947721097129
2020-12-24 00:00:00,1608768000000,23232.39,23794.43,22703.42,23729.2,69013.834252,23410.997142857144,20450.4304,15252.588787878787,69.46606716900618,1549.0781242091434,1311.7679326669822,237.3101915421612,75395.95396795,0.2616083310427255
2020-12-25 00:00:00,1608854400000,23728.99,24789.86,23433.6,24712.47,79519.943569,23640.294285714284,20651.0944,15391.704747474749,72.85823724658486,1626.2916124056285,1374.6726686147117,251.6189437909165,77225.81371774999,0.2887865912837504
2020-12-26 00:00:00,1608940800000,24712.47,26867.03,24500.0,26493.39,97806.513386,24021.977142857144,20960.231600000003,15548.876464646464,77.69224227499755,1810.320965124749,1461.8023279167194,348.5186372080296,80263.984794,0.3746275905223539
2020-12-27 00:00:00,1609027200000,26493.4,28422.0,25700.0,26281.66,148455.586214,24425.711428571427,21243.3344,15702.42202020202,75.96012462860999,1916.98292562976,1552.8384474593277,364.1444781704322,85618.14929005,0.352881615407463
2020-12-28 00:00:00,1609113600000,26281.54,27500.0,26101.0,27079.41,79721.742496,25048.52571428571,21549.6348,15865.645555555557,77.95442369338117,2042.3422060752275,1650.7391991825075,391.6030068927196,86522.88903415,0.2692172489819793
2020-12-29 00:00:00,1609200000000,27079.42,27410.0,25880.0,27385.0,69411.592606,25559.12714285714,21899.014,16037.037272727272,78.68391890657968,2141.6611613407586,1748.923591614158,392.7375697266005,86014.1909744,0.2012461201307531
2020-12-30 00:00:00,1609286400000,27385.0,28996.0,27320.0,28875.54,95356.057826,26365.238571428574,22288.1292,16222.349696969695,81.84035824212248,2313.972238413862,1861.933320974099,452.0389174397633,88137.460111,0.2496236052622127
2020-12-31 00:00:00,1609372800000,28875.55,29300.0,27850.0,28923.63,75508.505152,27107.3,22670.6984,16411.058484848487,81.9333114679038,2426.4399798424893,1974.834652747777,451.60532709471227,88282.34915565,0.2141761199180072
2021-01-01 00:00:00,1609459200000,28923.63,29600.0,28624.57,29331.69,54182.925011,27767.18857142857,23077.29,16598.890505050505,82.74061426212597,2519.45578888381,2083.758879974984,435.6969089088261,88515.4964846,0.2505239704768855
2021-01-02 00:00:00,1609545600000,29331.7,33300.0,28946.53,32178.33,129993.873362,28579.32285714286,23631.4588,16815.97797979798,87.07839476855072,2790.702069028619,2225.147517785711,565.554551242908,92187.1490655,0.4163178139157588
2021-01-03 00:00:00,1609632000000,32176.45,34778.11,31962.99,33000.05,120957.56675,29539.09285714286,24209.8096,17040.94212121212,88.01479937036703,3036.964401688754,2387.51089456632,649.4535071224345,95872.1673383,0.3859283963278834
2021-01-04 00:00:00,1609718400000,33000.05,33600.0,28130.0,31988.71,140899.88569,30240.42142857143,24759.172800000004,17255.229595959598,80.3016855152393,3114.618999622602,2532.9325155775764,581.6864840450257,99825.44332225,0.3768794581444479
2021-01-05 00:00:00,1609804800000,31989.75,34360.0,29900.0,33949.53,116049.997038,31178.21142857143,25395.692800000004,17490.112525252523,83.34853923415714,3296.383952424083,2685.622802946878,610.761149477205,99912.62639565,0.4307068927734605
2021-01-06 00:00:00,1609891200000,33949.53,36939.21,33288.0,36769.36,127139.20131,32305.9,26114.1196,17752.020404040406,86.56650510632765,3626.170465844909,2873.7323355264843,752.4381303184246,97025.46262375,0.4878868846375939
2021-01-07 00:00:00,1609977600000,36769.36,40365.0,36300.0,39432.28,132825.700437,33807.13571428571,26924.411199999995,18041.471818181817,88.77304147478745,4055.652999541053,3110.1164683293982,945.5365312116546,99684.44092985,0.488381819012214
2021-01-08 00:00:00,1610064000000,39432.48,41950.0,36500.0,40582.81,139789.957499,35414.43857142857,27776.798,18344.13525252525,89.57016226853038,4437.704067256942,3375.633988114907,1062.070079142035,102371.68557095,0.5441494182635342
2021-01-09 00:00:00,1610150400000,40586.96,41380.0,38720.0,40088.22,75785.979675,36544.42285714285,28603.2696,18642.29505050505,86.71972187597893,4647.005227806345,3629.9082360531934,1017.0969917531502,102326.47727045,0.4803948830495199
2021-01-10 00:00:00,1610236800000,40088.22,41350.0,35111.11,38150.02,118209.544503,37280.13285714285,29275.8496,18921.16333333333,76.45197292889227,4603.416049002528,3824.609798643062,778.806250359466,103835.43963345,0.3930991418659848
2021-01-11 00:00:00,1610323200000,38150.02,38264.74,30420.0,35404.47,251156.138287,37768.09857142857,29780.142,19171.040505050507,64.75562415479638,4297.786167614897,3919.245072437429,378.5410951774679,112041.5902398,0.2261059013961297
2021-01-12 00:00:00,1610409600000,35410.37,36628.0,32531.0,34051.24,133948.151996,37782.62857142857,30217.896,19405.980202020204,59.89202728950773,3901.4049651873793,3915.67705098742,-14.27208580004026,112786.63485295002,0.1772809982702723
2021-01-13 00:00:00,1610496000000,34049.15,37850.0,32380.0,37371.38,124477.914938,37868.63142857143,30759.8868,19676.401616161616,66.53344183962263,3811.243909551151,3894.790422700166,-83.54651314901503,115559.83888725,0.2740956964975423
2021-01-14 00:00:00,1610582400000,37371.38,40100.0,36701.23,39144.5,102950.389421,37827.52,31387.446,19964.05929292929,69.44348918571502,3838.617396906793,3883.555817541492,-44.93842063469856,116731.36117985,0.2164863745259619
2021-01-15 00:00:00,1610668800000,39145.21,39747.76,34408.0,36742.22,118300.920916,37278.86428571429,31948.346399999995,20224.833535353537,61.62510738988665,3624.6840619642753,3831.7814664260486,-207.0974044617733,117756.08155635,0.1133989190925468
2021-01-16 00:00:00,1610755200000,36737.43,37950.0,35357.8,35994.98,86348.431508,36694.11571428571,32435.714000000004,20476.796565656565,59.38542527875492,3356.156644992629,3736.656502139365,-380.4998571467363,114650.72382105,0.1252401237811717
2021-01-17 00:00:00,1610841600000,35994.98,36852.5,33850.0,35828.61,80157.727384,36362.485714285714,32939.548,20724.628787878788,58.87239852915521,3094.253436311221,3608.175888973736,-513.9224526625153,114672.52306545,0.0553492198566518
2021-01-18 00:00:00,1610928000000,35824.99,37469.83,34800.0,36631.27,70698.11875,36537.74285714285,33455.6308,20979.803030303032,60.63911275530657,2917.826324822236,3470.105976143436,-552.2796513212006,114736.84937265,-0.0037555725745567
2021-01-19 00:00:00,1611014400000,36622.46,37850.0,35844.06,35891.49,79611.307769,36800.63571428571,33902.791600000004,21225.89636363636,58.15936104337348,2687.334584198994,3313.551697754548,-626.2171135555536,113949.6118698,-0.089794199067363
2021-01-20 00:00:00,1611100800000,35901.94,36415.31,33400.0,35468.23,89368.422918,36528.75714285715,34261.7852,21468.802121212124,56.72995015012444,2442.360661098741,3139.3134904233866,-696.9528293246458,114642.6077581,-0.1260282370787039
2021-01-21 00:00:00,1611187200000,35468.23,35600.0,30071.0,30850.13,135004.076658,35343.84714285714,34444.524,21665.087373737373,44.01808234135275,1854.200913244138,2882.290974987537,-1028.090061743399,118683.66534044998,-0.2304440057453286
2021-01-22 00:00:00,1611273600000,30851.99,33826.53,28850.0,32945.17,142971.684049,34801.41142857143,34679.15440000001,21881.653535353536,49.54192516183678,1539.3871972527122,2613.7102194405725,-1074.3230221878605,119332.5558748,-0.1364311211370269
2021-01-23 00:00:00,1611360000000,32950.0,33456.0,31390.16,32078.0,64595.287675,34241.84285714286,34866.8744,22091.33717171717,47.45469962778634,1206.019446008686,2332.172064754195,-1126.1526187455092,116514.44192105,-0.0939562151332868
2021-01-24 00:00:00,1611446400000,32078.0,33071.0,30900.0,32259.9,57978.037966,33732.02714285714,35002.2488,22302.445252525253,47.95006972801946,945.6006158772216,2054.8577749788005,-1109.257159101579,112368.34953485,-0.0526071884606844
2021-01-25 00:00:00,1611532800000,32259.45,34875.0,31910.0,32254.2,88499.226921,33106.73142857143,35135.471600000004,22512.05191919192,47.93481958741525,730.3379926588168,1789.953818514804,-1059.6158258559872,110990.811029,-0.1369277773526157
2021-01-26 00:00:00,1611619200000,32254.19,32921.88,30837.37,32467.77,84972.20691,32617.628571428573,35260.914800000006,22721.307474747475,48.59451601540936,570.3989232693639,1546.042839465716,-975.6439161963522,108882.461309,-0.1705662353587349
2021-01-27 00:00:00,1611705600000,32464.01,32557.29,29241.72,30366.15,95911.961711,31888.76,35188.427599999995,22907.733333333334,42.84191494148931,270.9396646506284,1291.0222045026987,-1020.0825398520705,107036.7743727,-0.1735352409299165
2021-01-28 00:00:00,1611792000000,30362.19,33783.98,29842.1,33364.86,92621.145617,32248.007142857143,35203.02,23115.65151515152,51.63897321080679,272.4462892125812,1087.3070214446752,-814.860732232094,104678.3337786,-0.0730690779658719
2021-01-29 00:00:00,1611878400000,33368.18,38531.9,31915.4,34252.2,231827.005626,32434.72571428572,35293.5596,23330.638181818184,53.89997662726907,341.30684931995347,938.1069870197308,-596.8001376997775,112480.38507615,-0.0439986368435728
2021-01-30 00:00:00,1611964800000,34246.28,34933.0,32825.0,34262.88,84889.68134,32746.85142857143,35306.0936,23546.191818181826,53.92789625515326,392.2198596682283,828.9295615494304,-436.7097018812021,110814.391918,-0.064654870005872
2021-01-31 00:00:00,1612051200000,34262.89,34342.69,32171.67,33092.98,68742.280384,32865.862857142856,35159.0384,23748.022626262624,50.331940602309466,334.3138722240837,730.0064236843612,-395.6925514602774,101693.69902285,-0.0779714077069521
2021-02-01 00:00:00,1612137600000,33092.97,34717.27,32296.16,33526.37,82718.276882,33047.601428571434,34922.802,23955.06848484849,51.61897669757018,319.70851029805635,647.9468410071003,-328.2383307090439,99132.20526715,-0.0547492784387605
2021-02-02 00:00:00,1612224000000,33517.09,35984.33,33418.0,35466.24,78056.65988,33475.95428571429,34718.1392,24181.47303030303,56.991147526322,459.3696254808092,610.2313979018421,-150.86177242103292,96811.14251425,0.1496301636330219
2021-02-03 00:00:00,1612310400000,35472.71,37662.63,35362.38,37618.87,80784.333663,34512.05714285714,34619.3652,24423.722525252524,62.029643176479205,735.2755177125364,635.240221863981,100.0352958485554,95702.83972635,0.1418629802183446
2021-02-04 00:00:00,1612396800000,37620.26,38708.27,36161.95,36936.66,92080.735898,35022.31428571428,34570.8308,24662.81606060606,59.64485718594508,888.6405840740044,685.9202943059856,202.7202897680188,94391.83047545,0.1514639316665629
2021-02-05 00:00:00,1612483200000,36936.65,38310.12,36570.0,38290.24,66681.334275,35599.177142857145,34686.2616,24913.67,62.70831997237202,1106.6493331141974,770.0661020676281,336.58323104656927,93408.4756138,0.1869299036884799
2021-02-06 00:00:00,1612569600000,38289.32,40955.51,38215.94,39186.94,98757.311183,36302.61428571429,34891.6896,25172.52696969697,64.62419834574955,1336.3741440931044,883.3277104727234,453.046433620381,94338.45480375,0.2149406898946493
2021-02-07 00:00:00,1612656000000,39181.01,39700.0,37351.0,38795.69,84363.679763,37117.287142857145,34948.662000000004,25425.0995959596,63.10090536612648,1469.9178091723809,1000.6457302126548,469.2720789597258,95021.7328544,0.1948985101225
2021-02-08 00:00:00,1612742400000,38795.69,46794.45,37988.89,46374.87,138597.536914,38952.787142857145,35237.8768,25754.527575757576,75.26449213685777,2162.4017882610133,1232.9969418223266,929.4048464386868,97971.04431165,0.5271896503178704
2021-02-09 00:00:00,1612828800000,46374.86,48142.19,44961.09,46420.42,115499.861712,40517.67,35625.0048,26086.558383838383,75.31715349229498,2683.937079133757,1523.1849692846126,1160.7521098491443,99277.61625135,0.3912967115701968
2021-02-10 00:00:00,1612915200000,46420.42,47310.0,43727.0,44807.58,97154.1822,41544.62857142858,35977.5088,26397.508383838383,69.66187557164193,2933.301571080956,1805.2082896438808,1128.093281437075,97385.12152845,0.3081664827368755
2021-02-11 00:00:00,1613001600000,44807.58,48678.9,43994.02,47969.51,89561.081454,43120.75,36463.1448,26739.1801010101,73.81321204138752,3347.4784058420846,2113.6623128835217,1233.8160929585629,94714.5913987,0.4000431370626172
2021-02-12 00:00:00,1613088000000,47968.66,48985.8,46125.0,47287.6,85870.035697,44406.08714285715,36889.398,27059.35767676768,71.53965659915691,3579.4306449758224,2406.815979301982,1172.61466567384,95778.3287998,0.428931453135982
2021-02-13 00:00:00,1613174400000,47298.15,48150.0,46202.53,47153.69,63768.097399,45544.19428571429,37339.886,27378.284646464646,71.07666922608202,3709.6860956364326,2667.390002568872,1042.2960930675604,96067.83177145,0.4064657163898149
2021-02-14 00:00:00,1613260800000,47156.78,49707.43,47014.17,48577.79,73735.475533,46941.63714285714,37864.2684,27719.2895959596,73.07252898761493,3883.065880676666,2910.525178190431,972.5407024862352,95329.64420205,0.3696910075609934
2021-02-15 00:00:00,1613347200000,48580.47,49010.92,45570.79,47911.1,79398.156784,47161.09857142857,38546.7072,28046.92595959596,70.6158301242414,3921.470032709025,3112.71414909415,808.7558836148751,95050.94169575,0.2735922158214745
2021-02-16 00:00:00,1613433600000,47911.1,50689.18,47003.62,49133.45,88813.266298,47548.67428571428,39194.2384,28388.39101010101,72.44500189909107,4004.379040338834,3291.0471273430867,713.3319129957472,94696.0069251,0.3302082538052979
2021-02-17 00:00:00,1613520000000,49133.45,52618.74,48947.0,52119.71,85743.637818,48593.26428571429,39995.9068,28760.335454545453,76.32282254042879,4261.922461811322,3485.222194236734,776.700267574588,94352.13153515,0.3611748059035409
2021-02-18 00:00:00,1613606400000,52117.67,52530.0,50901.9,51552.6,60758.046954,49105.13428571429,40767.6148,29122.64212121212,74.18760057080829,4369.893034625253,3662.1563623144384,707.7366723108144,85798.68360154999,0.3155556417520735
2021-02-19 00:00:00,1613692800000,51552.61,56368.0,50710.2,55906.0,79659.77802,50336.33428571428,41713.6868,29522.784949494948,79.03609354359364,4751.965785010812,3880.1182468537136,871.8475381570988,85537.18843555,0.441036362544396
2021-02-20 00:00:00,1613779200000,55906.0,57700.46,53863.93,55841.19,80948.205314,51577.40571428571,42648.62359999999,29921.98181818182,78.79879443944621,4991.987047734408,4102.492007029853,889.4950407045553,86147.48468205,0.2041260708655354
2021-02-21 00:00:00,1613865600000,55841.19,58352.8,55477.59,57408.57,58166.708511,52838.94571428571,43730.3204,30339.538585858583,80.33641866816328,5248.182315706072,4331.630068765096,916.5522469409752,84919.9062635,0.2367094050420053
2021-02-22 00:00:00,1613952000000,57412.35,57508.47,47622.0,54087.67,134019.434944,53721.31285714286,44559.23279999999,30724.69686868687,68.92966629725206,5124.181658809721,4490.140386774021,634.0412720356999,87718.04501670001,0.2071098238289146
2021-02-23 00:00:00,1614038400000,54087.67,54183.59,44892.56,48891.0,169375.025051,53686.677142857145,45144.7848,31049.72141414142,55.620806443369695,4554.085740628136,4502.929457544844,51.15628308329178,92147.5795861,0.0192099106286471
2021-02-24 00:00:00,1614124800000,48891.0,51374.99,46988.69,49676.2,91881.209252,53337.60428571428,45761.31760000001,31373.123636363634,56.97262789390635,4118.168018512901,4425.977169738456,-307.80915122555507,92137.6032538,0.0505121850125613
2021-02-25 00:00:00,1614211200000,49676.21,52041.73,46674.34,47073.73,83310.673121,52697.76571428571,46320.5476,31669.059090909093,51.38570855751747,3522.101905533585,4245.202116897482,-723.100211363896,92969.0701961,-0.0016957315535645
2021-02-26 00:00:00,1614297600000,47073.73,48424.11,44106.78,46276.87,109423.200663,51322.17571428571,46830.5676,31956.67575757576,49.77614408084687,2951.393447723196,3986.4403830626247,-1035.0469353394287,93502.3646701,-0.047365678842121
2021-02-27 00:00:00,1614384000000,46276.88,48394.0,45000.0,46106.43,66060.834292,49931.49571428572,47256.175200000005,32233.956161616163,49.41957863908044,2457.0267249632234,3680.557651442744,-1223.530926479521,92587.22239655,-0.0376670541899476
2021-02-28 00:00:00,1614470400000,46103.67,46638.46,43000.0,45135.66,83055.369042,48178.22285714286,47556.8468,32500.944646464646,47.3395393857521,1964.2617230861724,3337.29846577143,-1373.0367426852577,89810.11400295,-0.0813659533372884
2021-03-01 00:00:00,1614556800000,45134.11,49790.0,44950.53,49587.03,85086.111648,47535.274285714295,48062.8616,32815.8193939394,56.40122189208921,1910.9025709251,3052.019286802164,-1141.116715877064,88289.42649975,-0.0485935167329212
2021-03-02 00:00:00,1614643200000,49595.76,50200.0,47047.6,48440.65,64221.06214,47470.938571428575,48468.878,33119.58353535354,53.83209779848252,1755.87118309606,2792.7896660609435,-1036.9184829648834,86642.77049675,-0.0603645596924306
2021-03-03 00:00:00,1614729600000,48436.61,52640.0,48100.71,50349.37,81035.913705,47567.10571428571,48915.3752,33434.62757575758,57.31818135478891,1766.6604811434372,2587.5638290774423,-820.9033479340051,86216.5121093,-0.0993923729116731
2021-03-04 00:00:00,1614816000000,50349.37,51773.88,47500.0,48374.09,82649.716829,47752.87142857143,49298.51119999999,33734.172828282826,52.86909672283906,1597.4085581760737,2389.532774897169,-792.1242167210949,86055.4961659,-0.1337202878377055
2021-03-05 00:00:00,1614902400000,48374.09,49448.93,46300.0,48751.71,78192.496372,48106.41999999999,49393.5848,34053.38737373737,53.610423483343936,1476.7232218549034,2206.970864288716,-730.2476424338124,86776.71611455,-0.1507938623101046
2021-03-06 00:00:00,1614988800000,48746.81,49200.0,47070.0,48882.2,44399.234242,48502.95857142856,49492.056,34374.02050505051,53.88038169675924,1375.7498874510857,2040.72666892119,-664.9767814701042,85309.90405,-0.0962413429900013
2021-03-07 00:00:00,1615075200000,48882.2,51450.03,48882.2,50971.75,55235.028032,49336.68571428571,49738.622800000005,34709.89828282828,58.08657747164307,1447.6494130611973,1922.111217749192,-474.4618046879941,84101.74761240001,0.0425589576813727
2021-03-08 00:00:00,1615161600000,50959.11,52402.78,49274.67,52375.17,66987.359664,49734.99142857142,49914.8492,35055.25363636363,60.68035623425687,1599.437253205164,1857.576424840386,-258.13917163522206,83010.4522807,0.0543312491696224
2021-03-09 00:00:00,1615248000000,52375.18,54895.0,51789.41,54884.5,71656.737076,50655.54142857144,50218.72519999999,35410.69434343435,64.86686073596609,1900.3066179537927,1866.122463463068,34.184154490725405,82306.1072436,0.1659263032693605
2021-03-10 00:00:00,1615334400000,54874.67,57387.69,53005.0,55851.59,84749.238943,51441.572857142855,50566.6412,35785.30676767677,66.35372976028822,2191.521343976754,1931.2022395658048,260.3191044109494,83505.66684305001,0.2069007692179698
2021-03-11 00:00:00,1615420800000,55851.59,58150.0,54272.82,57773.16,81914.812859,52784.29714285714,50934.456,36174.89333333333,69.14767361439439,2547.9940627243486,2054.5606041975134,493.4334585268352,83618.418585,0.2530391097293805
2021-03-12 00:00:00,1615507200000,57773.15,58081.51,54962.84,57221.72,73405.406047,53994.298571428575,51306.8808,36556.709696969694,67.41753711711911,2754.2553202875715,2194.499547415525,559.7557728720467,83241.27862165001,0.2677718681858201
2021-03-13 00:00:00,1615593600000,57221.72,61844.0,56078.23,61188.39,83245.091346,55752.32571428572,51789.078400000006,36986.38515151515,72.70756099332534,3200.898011309612,2395.7792401943425,805.1187711152688,84495.1977634,0.2339595656364175
2021-03-14 00:00:00,1615680000000,61188.38,61724.79,58966.78,58968.31,52601.05275,56894.69142857143,52063.0224,37388.61393939394,66.22668140656637,3337.2538745170823,2584.0741670588905,753.1797074581918,80424.27865369999,0.21733110517716
2021-03-15 00:00:00,1615766400000,58976.08,60633.43,54600.0,55605.2,102771.427298,57356.124285714286,52225.12640000001,37754.73313131313,57.818901343765056,3137.771728887412,2694.8136794245947,442.95804946281714,77094.09876605,0.1043872048448668
2021-03-16 00:00:00,1615852800000,55605.2,56938.29,53271.34,56900.75,77986.694355,57644.16,52264.91640000001,38135.88313131313,59.92933954553162,3049.072934119009,2765.665530363478,283.40740375553105,76399.37302120001,0.1762650212128023
2021-03-17 00:00:00,1615939200000,56900.74,58974.73,54123.69,58912.97,70421.620841,58081.5,52387.78760000001,38545.87161616162,63.02378723447897,3105.3512808489686,2833.6026804605763,271.74860038839233,75754.92040720001,0.2084287915234153
2021-03-18 00:00:00,1616025600000,58912.97,60129.97,57023.0,57648.16,66580.406675,58063.642857142855,52397.3712,38940.8906060606,59.89290634624153,3013.1588598442468,2869.5139163373105,143.64494350693622,73612.7807078,0.1793282626395704
2021-03-19 00:00:00,1616112000000,57641.0,59468.0,56270.74,58030.01,52392.652961,58179.112857142856,52555.06479999999,39342.66212121212,60.53040158226111,2937.05130652323,2883.021394374495,54.02991214873509,72929.37164125,0.1384739586143304
2021-03-20 00:00:00,1616198400000,58030.01,59880.0,57820.17,58102.28,44476.941776,57738.24,52923.516,39747.36666666667,60.65785858158883,2849.7173396019425,2876.360583419985,-26.643243818042265,71000.45027795,0.1093478073674987
2021-03-21 00:00:00,1616284800000,58100.02,58589.1,55450.11,57351.56,48564.470274,57507.27571428572,53230.5304,40136.68858585859,58.54300357731046,2688.9313844402204,2838.874743624032,-149.94335918381148,69174.36820925001,0.0449500314296384
2021-03-22 00:00:00,1616371200000,57351.56,58430.73,53650.0,54083.25,62581.626169,57289.85428571428,53510.9112,40489.29727272727,50.31782520081276,2271.596503507936,2725.419095600813,-453.8225920928776,69092.39641069999,-0.0316614083860459
2021-03-23 00:00:00,1616457600000,54083.25,55830.9,53000.0,54340.89,59789.365427,56924.16,53833.472,40843.51696969697,50.90341878169283,1939.2900696891083,2568.1932904184723,-628.903220729364,68030.0689968,-0.0594094212606685
2021-03-24 00:00:00,1616544000000,54342.8,57200.0,51700.0,52303.65,83537.465021,55979.97142857143,54081.3608,41175.610101010105,46.26022278304416,1494.3209825696322,2353.4188288487044,-859.0978462790722,68074.45640639999,-0.0859476087052258
2021-03-25 00:00:00,1616630400000,52303.66,53287.0,50427.56,51293.78,87400.534538,55072.20285714286,54327.6856,41478.21878787879,44.11221009761701,1048.1097492701083,2092.357012932985,-1044.2472636628768,68534.8583147,-0.1617073108150092
2021-03-26 00:00:00,1616716800000,51293.78,55073.46,51214.6,55025.59,63813.774692,54643.0,54545.228,41803.75848484848,52.828768985624926,984.264028032354,1870.738415952859,-886.474387920505,69505.5853372,-0.0668616753642762
2021-03-27 00:00:00,1616803200000,55025.59,56700.36,53950.0,55817.14,50105.475055,54316.55142857142,54840.2876,42134.16,54.45149707061328,986.1693572274816,1693.8246042077835,-707.6552469803019,69249.10768834999,0.0038115140310619
2021-03-28 00:00:00,1616889600000,55817.14,56559.75,54691.84,55777.63,39050.387511,54091.70428571429,55057.418,42456.94808080808,54.350991675561566,973.2719444062532,1549.7140722474776,-576.4421278412244,67852.2590807,-0.0197382284064797
2021-03-29 00:00:00,1616976000000,55777.65,58405.82,54800.01,57635.47,67857.937398,54599.16428571428,55427.8732,42802.200101010094,58.253021310668096,1100.2794763052225,1459.8271530590266,-359.5476767538041,67662.3190968,-0.021684528890667
2021-03-30 00:00:00,1617062400000,57635.46,59368.0,57071.35,58746.57,55122.443122,55228.54714285714,55827.6676,43166.107777777775,60.43142872786365,1275.8827622510726,1423.038274897436,-147.15551264636338,66180.97930574999,0.0190536870561002
2021-03-31 00:00:00,1617148800000,58746.57,59800.0,56769.0,58740.55,60975.542666,56148.10428571428,56222.0016,43518.93363636363,60.413034873773306,1398.44348186961,1418.119316291871,-19.675834422261005,65134.0157961,0.012244354257392
2021-04-01 00:00:00,1617235200000,58739.46,59490.0,57935.45,58720.44,47415.61722,57209.055714285714,56531.9492,43877.39505050505,60.34695556321288,1476.925943315815,1429.88064169666,47.045301619155,63834.52635475,0.0106391694095309
2021-04-02 00:00:00,1617321600000,58720.45,60200.0,58428.57,58950.01,47382.418781,57769.68714285714,56794.9428,44233.16080808081,60.87309169733044,1539.8972627586772,1451.8839659090634,88.01329684961388,62041.39272650001,0.0278710814492231
2021-04-03 00:00:00,1617408000000,58950.01,59791.72,56880.0,57051.94,47409.852113,57946.08714285714,56881.6404,44559.82212121213,54.441301546354985,1420.2720883876027,1445.561590404771,-25.289502017168616,61781.83269465,0.0548911169354653
2021-04-04 00:00:00,1617494400000,57051.95,58492.85,56388.0,58202.01,41314.081973,58292.427142857145,56975.6572,44880.111212121206,57.37975731653754,1402.1067000525727,1436.8706123343316,-34.76391228175885,58708.96542839999,0.0710536761543656
2021-04-05 00:00:00,1617580800000,58202.01,59272.0,56777.77,59129.99,54258.01579,58505.93,57029.9304,45211.91252525253,59.64169084083208,1445.9230288493054,1438.6810956373265,7.241933211979131,57522.53150015,0.1305136448412298
2021-04-06 00:00:00,1617667200000,59129.99,59495.24,57413.02,57991.15,54201.000727,58398.01285714286,57060.7076,45524.15232323232,55.73254751572795,1372.926670740213,1425.5302106579038,-52.6035399176908,56711.50049445,0.1305688525977224
2021-04-07 00:00:00,1617753600000,57990.03,58655.0,55473.0,55953.45,71228.405659,57999.855714285724,56851.31,45812.72252525253,49.48298326296491,1137.538336942598,1367.9318359148426,-230.3934989722445,56943.90044364999,0.0168623362330144
2021-04-08 00:00:00,1617840000000,55953.44,58153.31,55700.0,58077.52,44283.147019,57908.01,56815.6784,46107.69202020203,55.1310522220242,1109.595359329738,1316.264540597822,-206.66918126808372,56538.42514655,0.0404961630065603
2021-04-09 00:00:00,1617926400000,58077.52,58894.9,57654.0,58142.54,40831.884911,57792.65714285715,56917.17199999999,46402.832525252525,55.29582036537122,1080.2445323187494,1269.0605389420075,-188.8160066232581,56356.1723033,0.0423988971922975
2021-04-10 00:00:00,1618012800000,58142.55,61500.0,57900.01,59769.13,69906.424117,58180.827142857146,57031.9072,46710.28141414142,59.32039433189973,1174.6948583663398,1250.187402826874,-75.49254446053419,57423.26999545,0.0370199115232336
2021-04-11 00:00:00,1618099200000,59769.13,60699.0,59232.52,60002.43,41156.715391,58438.030000000006,57075.48559999999,46991.33292929293,59.87831477445096,1253.9183917840635,1250.933600618312,2.9847911657516306,56352.02445655,0.0213775885128271
2021-04-12 00:00:00,1618185600000,59998.8,61300.0,59350.59,59860.0,56375.037117,58542.31714285714,57163.9592,47262.64555555556,59.34321101651189,1290.3365060938668,1258.814181713423,31.522324380443703,56181.30804105,0.0190575335096452
2021-04-13 00:00:00,1618272000000,59860.01,63777.77,59805.15,63575.0,82848.688746,59340.01,57385.7588,47581.69898989899,67.50111996644907,1600.5178035605786,1327.1549060828545,273.36289747772435,56146.869227300005,0.0826724050432863
2021-04-14 00:00:00,1618358400000,63575.01,64854.0,61301.0,62959.53,82616.343993,60340.87857142857,57580.0488,47874.729292929296,65.16812522659436,1776.2004975466334,1416.96402437561,359.23647317102336,55907.65970005,0.0680155949082959
2021-04-15 00:00:00,1618444800000,62959.53,63800.0,62020.0,63159.98,51649.70034,61066.94428571429,57812.3856,48141.301212121216,65.58531194468259,1909.5923461391576,1515.4896887283196,394.102657410838,55299.45598245,0.1070610394668436
2021-04-16 00:00:00,1618531200000,63158.74,63520.61,60000.0,61334.8,91764.139884,61522.98142857143,58102.4476,48362.53878787879,58.692157327280334,1846.741488527732,1581.7400486882025,265.0014398395299,57382.3892239,0.0538261479285682
2021-04-17 00:00:00,1618617600000,61334.81,62506.05,59580.91,60006.66,58912.256128,61556.91428571428,58329.0784,48558.73929292929,54.225925677218704,1670.5053865412556,1599.4931162588132,71.01227028244239,58375.48265475,0.0148261482878655
2021-04-18 00:00:00,1618704000000,60006.67,60499.0,50931.3,56150.01,124882.131824,61006.56857142857,58482.9328,48720.9795959596,43.8024873945305,1205.7385785855658,1520.742208724164,-315.00363013859806,61226.69237605001,-0.0317486375076196
2021-04-19 00:00:00,1618790400000,56150.01,57526.81,54221.58,55633.14,78229.042267,60402.73142857143,58656.50720000001,48897.57676767677,42.62006164160393,786.6326341349777,1373.9202938063268,-587.287659671349,62382.02233330001,-0.0057245799856845
2021-04-20 00:00:00,1618876800000,55633.14,57076.24,53329.96,56425.0,72744.482151,59381.30285714286,58712.48360000001,49109.90535353535,45.06666105298066,512.4771205724392,1201.6316591595494,-689.1545385871102,62970.46930755,-0.0284536943037512
2021-04-21 00:00:00,1618963200000,56425.0,56757.91,53536.02,53787.63,66984.756909,58071.03142857144,58631.3032,49309.26282828283,39.08860120555991,81.45422965510079,977.5961732586596,-896.141943603559,63948.92629199999,-0.0749005805387931
2021-04-22 00:00:00,1619049600000,53787.62,55521.48,50500.0,51690.96,104656.631337,56432.59999999999,58467.8364,49453.90505050505,35.10218426145566,-424.425747327492,697.1917891414294,-1121.6175364689211,66812.63691979999,-0.1351562252955664
2021-04-23 00:00:00,1619136000000,51690.95,52131.85,47500.0,51125.14,132230.780719,54974.07714285714,58207.423200000005,49574.921616161606,34.09173481822178,-861.0703361619744,385.5393640807487,-1246.6097002427232,71053.6833501,-0.1479488414052564
2021-04-24 00:00:00,1619222400000,51110.56,51166.22,48657.14,50047.84,55361.512573,53551.38857142858,57859.474,49709.321818181816,32.19167583895435,-1279.2964916743222,52.57219292973451,-1331.8686846040566,71756.0548801,-0.1639184764450384
2021-04-25 00:00:00,1619308800000,50047.84,50567.91,46930.0,49066.77,58255.645004,52539.49714285714,57472.52279999999,49841.360101010105,30.523286912887382,-1670.6496734384127,-292.07218034389496,-1378.5774930945176,71955.93634079999,-0.2282065277231616
2021-04-26 00:00:00,1619395200000,49066.76,54356.62,48753.44,54001.39,86310.802124,52306.39,57283.7608,50024.92353535353,45.75234612831178,-1564.581771134639,-546.5740985020439,-1018.0076726325952,73561.42641064999,-0.1422840990077276
2021-04-27 00:00:00,1619481600000,54001.38,55460.0,53222.0,55011.97,54064.034675,52104.52857142857,57126.2392,50210.58717171718,48.2539178165774,-1383.0340782056371,-713.8660944427626,-669.1679837628748,72703.20786145,-0.1290058989885684
2021-04-28 00:00:00,1619568000000,55011.97,56428.0,53813.16,54846.22,55130.459015,52255.75571428571,57038.0104,50402.049090909095,47.86405750479866,-1238.2570073557945,-818.744277025369,-419.5127303304255,73245.57346125001,-0.1057895354676301
2021-04-29 00:00:00,1619654400000,54846.23,55195.84,52330.94,53555.0,52486.019455,52522.04714285714,56852.13,50584.74373737373,44.82572592520799,-1213.719792218668,-897.7393800640289,-315.980412154639,73828.28018845001,-0.107515732420368
2021-04-30 00:00:00,1619740800000,53555.0,57963.0,53013.01,57694.27,68578.910045,53460.49428571429,56794.7012,50855.89666666666,54.74351131216766,-850.4657371429275,-888.2846514798086,37.81891433688111,73761.90448484999,0.0275023993762422
2021-05-01 00:00:00,1619827200000,57697.25,58458.07,56956.14,57800.37,42600.351836,54567.99857142857,56787.07,51106.95929292929,54.96696401722433,-547.7092468454939,-820.1695705529457,272.46032370745183,73834.08630709999,0.0389557375334199
2021-05-02 00:00:00,1619913600000,57797.35,57911.02,56035.25,56578.21,36812.878863,55641.06142857143,56812.0604,51354.43616161616,51.79457525914043,-401.7594126028271,-736.4875389629221,334.7281263600951,72855.97839440001,0.0027152857775807
2021-05-03 00:00:00,1620000000000,56578.21,58981.44,56435.0,57169.39,57649.931286,56093.63285714285,56775.7352,51606.04717171717,53.20156940957519,-235.673138907252,-636.3246589517881,400.65152004453614,71596.0405214,0.0628724485536915
2021-05-04 00:00:00,1620086400000,57169.39,57200.0,53046.69,53200.01,85324.625903,55834.78142857143,56578.03400000001,51817.621010101015,43.9301418217307,-419.5085297280166,-592.9614331070338,173.45290337901724,71731.4546169,0.0291936926688922
2021-05-05 00:00:00,1620172800000,53205.05,58069.82,52900.0,57436.11,77263.923439,56204.76571428571,56484.713200000006,52069.82646464647,53.28624774594557,-220.83587547388743,-518.5363215804045,297.7004461065171,73012.16577185,0.1234416179593835
2021-05-06 00:00:00,1620259200000,57436.11,58360.0,55200.0,56393.68,70181.671908,56610.29142857144,56340.3632,52332.730808080814,51.02965252282297,-145.8208229901793,-443.9932218623595,298.1723988721802,71933.04237305,0.1267954820827432
2021-05-07 00:00:00,1620345600000,56393.68,58650.0,55241.63,57314.75,74542.747829,56556.07428571429,56238.5532,52574.64888888889,52.9265546766877,-11.910900696784664,-357.5767576292446,345.6658569324599,72714.5669581,0.1680970644694974
2021-05-08 00:00:00,1620432000000,57315.49,59500.0,56900.0,58862.05,69709.906028,56707.74285714286,56050.035200000006,52823.23323232323,56.00931022124401,216.571356378634,-242.74713482766887,459.3184912063029,69955.9556683,0.0900099053005858
2021-05-09 00:00:00,1620518400000,58866.53,59300.0,56235.66,58240.84,69806.11991,56945.26142857142,55861.2876,53065.434848484845,54.4670918036988,343.55840843055194,-125.48602617602472,469.0444346065767,69534.80955045,0.0586939533341561
2021-05-10 00:00:00,1620604800000,58240.83,59500.0,53400.0,55816.14,89586.34925,56751.94,55567.53400000001,53294.96171717172,48.81693585540939,245.7111311671761,-51.24659470738455,296.9577258745606,70376.9029054,0.0176843545462201
2021-05-11 00:00:00,1620691200000,55816.14,56862.43,54370.0,56670.02,64329.54055,57247.65571428572,55380.9428,53528.73595959597,50.75432925959646,234.36581557715544,5.875887349523445,228.489928227632,70244.14208745,0.0581648772290168
2021-05-12 00:00:00,1620777600000,56670.02,58000.01,48600.0,49631.32,99842.789836,56132.68571428572,54965.9292,53671.81757575758,37.98905120403667,-338.6855378403998,-63.03639768846121,-275.6491401519386,70003.4500124,-0.1397530465330438
2021-05-13 00:00:00,1620864000000,49537.15,51367.19,46000.0,49670.97,147332.002121,55172.29857142857,54706.7676,53793.55595959596,38.08352227712622,-780.6347687192247,-206.55607189461392,-574.0786968246107,70758.51108250002,-0.140646158493449
2021-05-14 00:00:00,1620950400000,49671.92,51483.0,48799.75,49841.45,80082.204306,54104.68428571429,54475.1,53923.90737373738,38.51723165679787,-1104.3956217585437,-386.1239818673999,-718.2716398911439,71994.54566915,-0.119069868064048
2021-05-15 00:00:00,1621036800000,49844.16,50700.0,46555.0,46762.99,89437.449359,52376.24714285714,54088.6196,54009.49070707071,33.89948189617479,-1591.0438613562,-627.10795776516,-963.93590359104,73553.6358869,-0.1820274800903071
2021-05-16 00:00:00,1621123200000,46762.99,49795.89,43825.39,46431.5,114269.812775,50689.19857142858,53794.3744,54082.668080808086,33.434652333912666,-1980.633064900161,-897.8129791921602,-1082.820085708001,74951.58641945,-0.1272276076639835
2021-05-17 00:00:00,1621209600000,46426.83,46686.0,42001.0,43538.04,166657.172736,48935.18428571429,53468.2576,54130.57060606061,29.61717827925189,-2494.112776338872,-1217.0729386215028,-1277.0398377173694,80581.2433225,-0.2419744303714162
2021-05-18 00:00:00,1621296000000,43538.02,45799.29,42250.02,42849.78,116979.860784,46960.86428571429,53137.2432,54094.96363636363,28.7755456192148,-2922.8926895590776,-1558.2368888090175,-1364.6558007500598,83673.71341095,-0.2401669832506053
2021-05-19 00:00:00,1621382400000,42849.78,43584.9,30000.0,36690.09,354347.243161,45112.11714285713,52602.9332,53996.67747474747,22.58879093679652,-3716.893331659703,-1989.968177379155,-1726.9251542805482,98766.77459625,-0.3598490789892654
2021-05-20 00:00:00,1621468800000,36671.23,42451.67,34850.0,40526.64,203017.596923,43805.78428571428,52261.328,53953.435656565656,32.3454872855673,-3990.566275394842,-2390.0877969822923,-1600.4784784125495,105488.70894015,-0.3114979855441664
2021-05-21 00:00:00,1621555200000,40525.39,42200.0,33488.0,37252.01,202100.888258,42007.29285714286,51591.35279999999,53845.17808080808,28.987245618270805,-4420.729906236957,-2796.216218833225,-1624.5136874037316,113463.73576125,-0.3603799327070144
2021-05-22 00:00:00,1621641600000,37263.35,38829.0,35200.62,37449.73,126542.243689,40676.82714285714,50888.8632,53745.80565656567,29.463441421445324,-4691.601469931076,-3175.2932690527955,-1516.3082008782808,117950.20400255002,-0.3290519552229873
2021-05-23 00:00:00,1621728000000,37458.51,38270.64,31111.01,34655.25,217136.046593,38994.50571428571,50081.22439999999,53619.55878787879,26.73471582357874,-5073.278718182235,-3554.8903588786834,-1518.3883593035516,125924.5097679,-0.3884729527182097
2021-05-24 00:00:00,1621814400000,34681.44,39920.0,34031.0,38796.29,161630.893971,38317.11285714286,49490.876,53520.75575757575,36.16885219431015,-4984.159083983766,-3840.7441038997,-1143.4149800840664,129739.8231713,-0.2183103330719392
2021-05-25 00:00:00,1621900800000,38810.99,39791.77,36419.62,38324.72,111996.228404,37670.67571428571,48716.094,53423.92363636364,35.606568538581115,-4895.154594694563,-4051.626202058673,-843.5283926358898,131476.43841955002,-0.2284281945772349
2021-05-26 00:00:00,1621987200000,38324.72,40841.0,37800.44,39241.91,104780.773396,38035.22142857144,47973.7556,53324.00909090909,37.637259113785866,-4696.470341323315,-4180.595029911601,-515.8753114117135,133206.39349395,-0.2126651612262483
2021-05-27 00:00:00,1622073600000,39241.92,40411.14,37134.27,38529.98,86547.158794,37749.98428571429,47251.8264,53186.73909090909,36.67057936128779,-4544.077147470358,-4253.291453423352,-290.7856940470056,133806.6140422,-0.1760582460616824
2021-05-28 00:00:00,1622160000000,38529.99,38877.83,34684.0,35663.49,135377.62972,37523.05285714286,46391.5904,53026.24303030304,32.99587729548455,-4601.562284508975,-4322.945619640477,-278.61666486849754,137090.0002268,-0.2319117409517246
2021-05-29 00:00:00,1622246400000,35661.79,37338.58,33632.76,34605.15,112663.092689,37116.68428571429,45647.796,52811.08292929294,31.73156232488506,-4678.587023960783,-4394.073900504538,-284.513123456245,139232.84886574998,-0.2051743716529269
2021-05-30 00:00:00,1622332800000,34605.15,36488.0,33379.0,35641.27,73535.386967,37257.54428571429,44776.00239999999,52607.043333333335,34.38241371382476,-4602.963363714072,-4435.851793146445,-167.1115705676275,138430.3007516,-0.1682274681456941
2021-05-31 00:00:00,1622419200000,35641.26,37499.0,34153.84,37253.81,94160.735289,37037.19,44010.4076,52403.459898989895,38.39189673069989,-4362.622964789,-4421.2060274749565,58.583062685956975,139921.86048854998,0.0153643667813299
2021-06-01 00:00:00,1622505600000,37253.82,37894.81,35666.0,36693.09,81234.66377,36804.1,43185.5412,52227.75707070707,37.53307599943641,-4169.335381986857,-4370.831898377337,201.49651639047988,138991.45418525,-0.0945933341624176
2021-06-02 00:00:00,1622592000000,36694.85,38225.0,35920.0,37568.68,67587.372495,36565.06714285714,42333.8064,52113.3902020202,39.797797284162286,-3900.537812760253,-4276.77308125392,376.2352684936677,135004.22270395,0.008500749355538
2021-06-03 00:00:00,1622678400000,37568.68,39476.0,37170.0,39246.79,75889.106011,36667.46857142857,41574.0444,52008.04262626262,43.98903247030205,-3511.6245284629404,-4123.7433706957245,612.1188422327841,134794.56778920002,0.0479859267343181
2021-06-04 00:00:00,1622764800000,39246.78,39289.07,35555.15,36829.0,91317.799245,36833.97,40814.558800000006,51904.5605050505,39.70050215315727,-3359.774011951224,-3970.949498946824,611.1754869956007,134888.5852835,0.0627249839490409
2021-06-05 00:00:00,1622851200000,36829.15,37925.0,34800.0,35513.2,70459.62149,36963.69142857143,39968.286,51795.836565656566,37.5547248484771,-3307.478889191887,-3838.255376995837,530.7764878039502,132698.07571925,-0.0846238132563707
2021-06-06 00:00:00,1622937600000,35516.07,36480.0,35222.0,35796.31,47650.206637,36985.84,39414.8856,51691.69393939394,38.327108318037816,-3206.2305862984867,-3711.850418856367,505.6198325578803,126747.7274143,-0.0659733456630603
2021-06-07 00:00:00,1623024000000,35796.31,36900.0,33300.0,33552.79,77574.952573,36457.12285714286,38770.1584,51574.69525252526,34.66764691720857,-3269.337008974049,-3623.347736879904,354.0107279058548,124777.48200375,-0.1449756140819853
2021-06-08 00:00:00,1623110400000,33556.96,34068.01,31000.0,33380.81,123251.189037,35983.939999999995,38111.732800000005,51410.996060606056,34.396528876619314,-3295.2411633896627,-3557.726422181856,262.48525879219324,113222.67929755004,-0.1336406092087253
2021-06-09 00:00:00,1623196800000,33380.8,37534.79,32396.82,37388.05,136607.597517,35958.13571428572,37736.7352,51299.353636363645,45.15857555847556,-2958.317966269249,-3437.844730999335,479.5267647300857,109902.17932725,0.0483564564208383
2021-06-10 00:00:00,1623283200000,37388.05,38491.0,35782.0,36675.72,109527.284943,35590.840000000004,37346.504,51161.23595959597,43.78358432420542,-2717.457820761585,-3293.767348951785,576.3095281902001,105273.49916150002,0.0598341576326066
2021-06-11 00:00:00,1623369600000,36677.83,37680.4,35936.77,37331.98,78466.0053,35662.694285714286,37098.2616,51049.69949494949,45.432038236594494,-2445.4303241870657,-3124.0999439988414,678.6696198117756,102869.68724205,0.0474368618177749
2021-06-12 00:00:00,1623456000000,37331.98,37463.63,34600.36,35546.11,87717.54999,35667.39571428572,36806.1148,50916.30959595959,41.83677687261138,-2346.897780441373,-2968.6595112873483,621.7617308459749,96398.7624119,-0.0458396067408943
2021-06-13 00:00:00,1623542400000,35546.12,39380.0,34757.0,39020.57,86921.025555,36128.00428571429,36899.334,50816.69717171718,50.10884271008781,-1965.7897443962647,-2768.085557909132,802.295813512867,92663.2689911,0.0634310165756004
2021-06-14 00:00:00,1623628800000,39020.56,41064.05,38730.0,40516.29,108522.391949,37122.79,36898.92,50711.08646464647,53.19491585719034,-1525.481969780907,-2519.5648402834872,994.08287050258,92489.57716835,0.0784592378545108
2021-06-15 00:00:00,1623715200000,40516.28,41330.0,39506.4,40144.04,80679.622838,38088.96571428572,37014.601200000005,50587.5396969697,52.327393199321406,-1192.8222378767823,-2254.2163198021462,1061.394081925364,91284.51964045,0.022861742323385
2021-06-16 00:00:00,1623801600000,40143.8,40527.14,38116.01,38349.01,87771.976937,38226.24571428572,37050.572400000005,50420.51454545455,48.24179331913734,-1061.7912543293787,-2015.731306707593,953.9400523782142,91345.7605476,0.041272095359635
2021-06-17 00:00:00,1623888000000,38349.0,39559.88,37365.0,38092.97,79541.307119,38428.71,37188.0812,50241.13454545454,47.67006036577708,-967.4563099052976,-1806.076307347134,838.6199974418364,88553.94441755001,0.0726425667075905
2021-06-18 00:00:00,1623974400000,38092.97,38202.84,35129.29,35819.84,95228.042935,38212.69,37069.0232,50019.38383838384,42.8182899880985,-1063.8543299729718,-1657.6319118723018,593.77758189933,87682.19192985,0.0006573303225947
2021-06-19 00:00:00,1624060800000,35820.48,36457.0,34803.52,35483.72,68712.449461,38203.77714285714,36955.3832,49799.80808080808,42.13539121594872,-1154.0691396559268,-1556.9193574290268,402.8502177731,87441.04505454999,0.057549014552888
2021-06-20 00:00:00,1624147200000,35483.72,36137.72,33336.0,35600.16,89878.17085,37715.14714285714,36809.7132,49541.34111111111,42.47765121836817,-1202.309812317435,-1485.9974484067086,283.6876360892736,87226.91683259999,0.0664858042689797
2021-06-21 00:00:00,1624233600000,35600.17,35750.0,31251.23,31608.93,168778.873159,36442.66714285714,36532.8712,49264.98373737375,34.86519988579322,-1544.7923927523225,-1497.7564372758316,-47.035955476490926,91604.12730205,-0.1545713135614187
2021-06-22 00:00:00,1624320000000,31614.12,33298.78,28805.0,32509.56,204208.179762,35352.02714285714,36406.714,49031.694444444445,37.583442303270246,-1723.66960086795,-1542.9390699942555,-180.73053087369453,98435.1676654,-0.1135944979403267
2021-06-23 00:00:00,1624406400000,32509.56,34881.0,31683.0,33678.07,126966.100563,34684.75,36369.6308,48797.12191919192,41.02244541878796,-1750.9581302933802,-1584.5428820540806,-166.41524823929967,100989.017393,-0.0978761372956913
2021-06-24 00:00:00,1624492800000,33675.07,35298.0,32286.57,34663.09,86625.80426,34194.76714285714,36330.5036,48552.17363636363,43.83188627425731,-1673.8069994410107,-1602.3957055314668,-71.41129390954393,100754.41764375,-0.0248415368095131
2021-06-25 00:00:00,1624579200000,34663.08,35500.0,31275.0,31584.45,116061.130356,33589.71142857143,36103.7292,48288.90383838384,37.77515950895035,-1839.875748779573,-1649.8917141810882,-189.98403459848555,103034.49308705,-0.1905692305366118
2021-06-26 00:00:00,1624665600000,31576.09,32730.0,30151.0,32283.65,107820.375287,33132.55857142857,35927.3516,48028.8395959596,39.80940631848526,-1893.242709101476,-1698.561913165166,-194.68079593631,106043.00151955002,-0.2031933328545135
2021-06-27 00:00:00,1624752000000,32283.65,34749.0,31973.45,34700.34,96613.244211,33004.01285714286,35812.617999999995,47792.45636363637,46.339223377478,-1720.6946271986744,-1702.988455971868,-17.70617122680642,106994.91610145,-0.1356041893142794
2021-06-28 00:00:00,1624838400000,34702.49,35297.71,33862.72,34494.89,82222.267819,33416.29285714286,35622.541999999994,47561.58090909091,45.88350259515982,-1582.2875017511906,-1678.8482651277327,96.56076337654213,104943.47004055,-0.1005011602646327
2021-06-29 00:00:00,1624924800000,34494.89,36600.0,34225.43,35911.73,90788.79622,33902.317142857144,35585.8512,47378.03020202021,49.567030550173484,-1342.7928307966067,-1611.6371782615076,268.8443474649009,102652.5299757,-0.0572609591743568
2021-06-30 00:00:00,1625011200000,35911.72,36100.0,34017.55,35045.0,77152.197634,34097.59285714286,35567.1232,47183.12222222223,47.43975180159665,-1208.9929281307996,-1531.108328235366,322.11540010456656,101033.77561025,-0.0216315874107756
2021-07-01 00:00:00,1625097600000,35045.0,35057.57,32711.0,33504.69,71708.266112,33932.107142857145,35475.4584,46993.23373737373,43.83893915659667,-1213.2599795677745,-1467.5386585018475,254.27867893407347,100695.88865085,-0.0557729009247057
2021-07-02 00:00:00,1625184000000,33502.33,33977.04,32699.0,33786.55,56172.181378,34246.69285714286,35484.808800000006,46816.39303030302,44.66660574607749,-1180.292228077451,-1410.0893724169684,229.79714433951744,99118.62022025,-0.0509438721623722
2021-07-03 00:00:00,1625270400000,33786.54,34945.61,33316.73,34669.13,43044.578641,34587.47571428572,35536.3416,46610.772222222215,47.28629041633303,-1070.6069273021058,-1342.192883393996,271.58595609189024,96924.79787455,0.0968144128890158
2021-07-04 00:00:00,1625356800000,34669.12,35967.85,34357.15,35286.51,43703.475789,34671.21428571428,35452.28,46403.39212121213,49.10159311981021,-923.2208149874932,-1258.3984697126955,335.1776547252023,93683.85206655,0.085419488913415
2021-07-05 00:00:00,1625443200000,35288.13,35293.78,33125.55,33690.14,64123.874245,34556.25,35332.8568,46180.28616161616,44.80505946924188,-924.5720852254816,-1191.6331928152526,267.0611075897709,92856.0646369,0.0003583934590076
2021-07-06 00:00:00,1625529600000,33690.15,35118.88,33532.0,34220.01,58210.596349,34314.57571428572,35208.378,45943.766363636365,46.47910198384066,-872.8255068053695,-1127.871655613276,255.0461488079065,91377.9956075,-0.0127824726531879
2021-07-07 00:00:00,1625616000000,34220.02,35059.09,33777.77,33862.12,53807.521675,34145.59285714286,35141.0184,45692.408282828284,45.47584338372489,-850.8862159428245,-1072.4745676791858,221.5883517363613,90091.3063353,0.0721136508630038
2021-07-08 00:00:00,1625702400000,33862.11,33929.64,32077.0,32875.71,70136.48032,34055.73857142857,34895.224,45431.14727272727,42.73768395077928,-902.6885810397798,-1038.5173703513046,135.82878931152482,88836.72820455,0.0183393141729637
2021-07-09 00:00:00,1625788800000,32875.71,34100.0,32261.07,33815.81,47153.939899,34059.91857142857,34627.2048,45179.58535353535,46.07045872639687,-857.9936980697021,-1002.4126358949842,144.41893782528211,87758.80272645,-0.0254905283348808
2021-07-10 00:00:00,1625875200000,33815.81,34262.0,33004.78,33502.87,34761.175468,33893.31,34361.558,44922.54353535354,45.12886580766737,-838.162508300331,-969.5626103760536,131.40010207572266,85002.95295735,-0.0287584624853129
2021-07-11 00:00:00,1625961600000,33502.87,34666.0,33306.47,34258.99,31572.647448,33746.52142857143,34197.9572,44692.31171717171,47.89960709598277,-752.7562769049473,-926.2013436818324,173.44506677688514,78142.64167180001,-0.0460222885391488
2021-07-12 00:00:00,1626048000000,34259.0,34678.43,32658.34,33086.63,48181.403762,33660.305714285714,33997.7036,44438.62101010101,44.17497563124516,-770.7857391803045,-895.1182227815268,124.3324836012223,70341.3028718,-0.0558815808246541
2021-07-13 00:00:00,1626134400000,33086.94,33340.0,32202.25,32729.77,41126.361008,33447.41428571429,33874.1008,44171.95212121212,43.07693671819822,-804.594967582023,-877.0135717416262,72.4186041596032,66049.31589405,-0.0231287022801882
2021-07-14 00:00:00,1626220800000,32729.12,33114.03,31550.0,32820.02,46777.823484,33298.54285714286,33767.552800000005,43917.698282828285,43.45970286644305,-814.715075673601,-864.5538725280212,49.83879685442025,64056.91685525,-0.0286069456632892
2021-07-15 00:00:00,1626307200000,32820.03,33185.25,31133.0,31880.0,51639.576353,33156.29857142857,33618.7464,43674.53212121212,40.41162446410576,-888.3467834299736,-869.3124547084117,-19.034328721561906,60835.8391551,-0.0804499564886687
2021-07-16 00:00:00,1626393600000,31874.49,32249.18,31020.0,31383.87,48499.864154,32808.87857142857,33609.744,43404.89929292929,38.86240778571509,-975.4891552228072,-890.5477948112909,-84.94136041151637,57869.81359845,-0.1105986395367522
2021-07-17 00:00:00,1626480000000,31383.86,31955.92,31164.31,31520.07,34012.242132,32525.62142857143,33570.1644,43135.98545454546,39.54755832544532,-1021.7814504425696,-916.7945259375468,-104.9869245050229,54739.7634945,-0.0644126144919552
2021-07-18 00:00:00,1626566400000,31520.07,32435.0,31108.97,31778.56,35923.716186,32171.274285714284,33494.184,42853.25242424242,40.90121201088564,-1025.7858247550066,-938.5927857010388,-87.19303905396782,52424.83591285,-0.0713456834173923
2021-07-19 00:00:00,1626652800000,31778.57,31899.0,30407.44,30839.65,47340.468499,31850.277142857143,33341.2464,42558.67888888889,37.6071689934148,-1092.1320915268009,-969.3006468661912,-122.83144466060946,50252.4195268,-0.0892581444989268
2021-07-20 00:00:00,1626739200000,30839.65,31063.07,29278.0,29790.35,61034.049017,31430.36,33269.4824,42254.94505050505,34.28405203910782,-1215.3716784103815,-1018.5148531750292,-196.8568252353524,49446.51209595,-0.0938492278950021
2021-07-21 00:00:00,1626825600000,29790.34,32858.0,29482.61,32144.51,82796.265128,31333.858571428573,33263.9168,41937.46535353535,45.845901311329335,-1110.2802814854367,-1036.8679388371108,-73.41234264832588,50000.91204675,-0.0494236275872144
2021-07-22 00:00:00,1626912000000,32144.51,32591.35,31708.0,32287.83,46148.092433,31392.12,33167.4164,41627.6502020202,46.46343764368429,-1003.8580157295946,-1030.2659542156075,26.40793848601311,49499.707599500005,-0.0362667437147922
2021-07-23 00:00:00,1626998400000,32287.58,33650.0,31924.32,33634.09,50112.863626,31713.58,33132.9844,41329.40888888889,52.00044635754131,-801.6448101860697,-984.5417254097002,182.89691522363057,49853.12184875,-0.0182404676845406
2021-07-24 00:00:00,1627084800000,33634.1,34500.0,33401.14,34258.14,47977.550138,32104.73285714286,33066.8408,41055.90727272727,54.35698300431826,-584.2983407695137,-904.493048481663,320.19470771214924,50066.8255662,0.0354073533629748
2021-07-25 00:00:00,1627171200000,34261.51,35398.0,33851.12,35381.02,47852.928313,32619.37,33080.2816,40807.16343434344,58.32197881316528,-317.7795018731267,-787.1503391599558,469.3708372868291,49253.27826959999,0.0810042355934672
2021-07-26 00:00:00,1627257600000,35381.02,40550.0,35205.78,37237.6,152452.512724,33533.362857142856,33229.598,40616.12898989899,63.90512429194448,42.75622093029233,-621.1690271419062,663.9252480721985,53965.37408835,0.1346001617305534
2021-07-27 00:00:00,1627344000000,37241.33,39542.61,36383.0,39457.87,88397.267015,34914.43714285714,33456.4508,40452.74242424242,69.21607897702219,501.8555339992963,-396.5641149136657,898.419648912962,55694.86135535,0.2376998117942284
2021-07-28 00:00:00,1627430400000,39456.61,40900.0,38772.0,40019.56,101344.528441,36039.444285714286,33670.468,40287.03090909091,70.4025494467357,900.6367561017978,-137.12394071057304,1037.760696812371,57255.2637614,0.2751633243446394
2021-07-29 00:00:00,1627516800000,40019.57,40640.0,39200.0,40016.48,53998.439283,37143.537142857145,33859.6668,40147.92838383839,70.38652949300649,1202.562821782085,130.81341178795856,1071.7494099941264,57597.4887306,0.269555556190072
2021-07-30 00:00:00,1627603200000,40018.49,42316.71,38313.23,42206.37,73602.784805,38368.148571428566,34200.316,40052.124444444446,74.78057300506805,1600.1022427933422,424.6711779890353,1175.431064804307,59539.56919744999,0.3281397898457325
2021-07-31 00:00:00,1627689600000,42206.36,42448.0,41000.15,41461.83,44849.791012,39397.24714285714,34489.9888,39954.51525252525,70.92722331805595,1833.9364644654847,706.5242352843253,1127.41222918116,60203.42637565,0.3444325730026119
2021-08-01 00:00:00,1627776000000,41461.84,42599.0,39422.01,39845.44,53953.186326,40035.02142857143,34729.3216,39851.46070707071,63.30110202961783,1867.297561622116,938.6789005518834,928.6186610702322,60492.01550385001,0.3375284278298176
2021-08-02 00:00:00,1627862400000,39850.27,40480.01,38690.0,39147.82,50837.351954,40307.91,34980.206,39751.2692929293,60.28822967523516,1816.5048307719264,1114.244086595892,702.2607441760342,60977.56505115,0.2178695522190259
2021-08-03 00:00:00,1627948800000,39146.86,39780.0,37642.03,38207.05,57117.435853,40129.22142857143,35155.8556,39591.7305050505,56.39039160973685,1680.9618669346382,1227.5876426636414,453.3742242709968,61494.5456696,0.1833266589919484
2021-08-04 00:00:00,1628035200000,38207.04,39969.66,37508.56,39723.18,52329.35243,40086.88142857143,35404.668000000005,39437.29828282829,60.79010699624864,1676.5558198605795,1317.3812781030292,359.1745417575503,61529.03447345,0.1810392372738494
2021-08-05 00:00:00,1628121600000,39723.17,41350.0,37332.7,40862.46,84343.755621,40207.735714285714,35668.8068,39296.04818181818,63.7497045680582,1744.8804744907538,1402.8811173805743,341.9993571101795,63321.229046800014,0.1927810441547615
2021-08-06 00:00:00,1628208000000,40862.46,43392.43,39853.86,42836.87,75753.941347,40297.80714285715,36058.8164,39187.78424242424,68.2258347323714,1936.0293010586536,1509.5107541161904,426.5185469424634,65408.31400755,0.2107302163702462
2021-08-07 00:00:00,1628294400000,42836.87,44700.0,42446.41,44572.54,73396.740808,40742.194285714286,36532.5272,39055.24151515151,71.55140739399366,2202.184771434549,1648.045557579862,554.1392138546873,67281.96523865,0.1969767117107441
2021-08-08 00:00:00,1628380800000,44572.54,45310.0,43261.0,43794.37,69329.092698,41306.327142857146,36971.5012,38913.76676767677,68.10955422422637,2323.538775046043,1783.1442010730984,540.3945739729447,68381.3964486,0.109902029683812
2021-08-09 00:00:00,1628467200000,43794.36,46454.15,42779.0,46253.4,74587.884845,42321.41,37546.4372,38809.47575757576,72.59564245100745,2588.29956106592,1944.1752730716628,644.1242879942572,69059.08824,0.1557698285538373
2021-08-10 00:00:00,1628553600000,46248.87,46700.0,44589.46,45584.99,53814.643421,43375.40142857143,38114.482,38692.46161616162,69.72448931002886,2712.916478191852,2097.9235140957007,614.9929640961509,67610.00715465,0.1391554179677971
2021-08-11 00:00:00,1628640000000,45585.0,46743.47,45341.14,45511.0,52734.901977,44202.23285714286,38674.1192,38614.794848484846,69.39729696725259,2773.7320516871987,2233.085221614,540.6468300731985,67939.34763185,0.078296949015042
2021-08-12 00:00:00,1628726400000,45510.67,46218.12,43770.0,44399.0,55266.108781,44707.45285714285,39178.9368,38483.10686868687,64.49855863434232,2701.0635460019257,2326.680886491585,374.38265951034055,68197.0098896,0.0708403367627525
2021-08-13 00:00:00,1628812800000,44400.06,47886.0,44217.39,47800.0,48239.370431,45416.47142857143,39857.3508,38396.30202020202,71.195650885,2884.653023929408,2438.27531397915,446.3777099502581,68210.10090425001,0.199635391151409
2021-08-14 00:00:00,1628899200000,47799.99,48144.0,45971.03,47068.51,46114.359022,45773.03857142857,40548.4772,38292.80464646465,68.21502951011928,2937.2649166198244,2538.0732345072847,399.1916821125397,68123.17243969999,0.2023277413659305
2021-08-15 00:00:00,1628985600000,47068.5,47372.27,45500.0,46973.82,42110.711334,46227.24571428571,41141.6496,38172.72151515152,67.81921971084611,2937.4583377690724,2617.9502551596424,319.50808260942995,62606.0823702,0.2294542499355485
2021-08-16 00:00:00,1629072000000,46973.82,48053.83,45660.0,45901.29,52480.574014,46176.944285714286,41686.188,38048.0795959596,63.336413609505776,2818.5766211450464,2658.075528356723,160.50109278832315,60810.24772015,0.1555290890608456
2021-08-17 00:00:00,1629158400000,45901.3,47160.0,44376.0,44695.95,57039.341629,46049.938571428575,42128.6624,37935.75444444444,58.644907612423296,2597.162665144504,2645.892955714279,-48.73029056977521,58594.988379550006,0.093814469319762
2021-08-18 00:00:00,1629244800000,44695.95,46000.0,44203.28,44705.29,54099.415985,45934.83714285715,42546.5484,37814.89858585859,58.67045470168881,2394.837968390304,2595.6819582494845,-200.8439898591805,58600.03721465,0.0436170990084008
2021-08-19 00:00:00,1629331200000,44699.37,47033.0,43927.7,46760.62,53411.75392,46272.21142857144,43001.7324,37785.90161616162,63.948309443455145,2372.987816022884,2551.1431298041643,-178.1553137812807,57590.48567039999,0.0490903143504948
2021-08-20 00:00:00,1629417600000,46760.62,49382.99,46622.99,49322.47,56850.352228,46489.70714285714,43485.12720000001,37782.38141414142,69.22385984706472,2533.190257147864,2547.552555272905,-14.362298125040525,58190.5137312,0.1262285540355985
2021-08-21 00:00:00,1629504000000,49322.47,49757.04,48222.0,48821.87,46745.136584,46740.18714285714,43859.68720000001,37772.08262626262,67.15587207614696,2589.902822050368,2556.0226086283974,33.88021342197044,57830.11124409999,0.0555304042513631
2021-08-22 00:00:00,1629590400000,48821.88,49500.0,48050.0,49239.22,37007.887795,47063.81571428572,44228.473600000005,37797.09505050505,68.01379664420455,2638.114058688501,2572.4408986404183,65.67316004808299,57138.638036150005,0.0801630097977426
2021-08-23 00:00:00,1629676800000,49239.22,50500.0,49029.0,49488.85,52462.541954,47576.32428571429,44607.3684,37827.977373737376,68.54308044680533,2665.7359214826065,2591.099903208856,74.63601827375078,56905.8933412,0.0874041440530859
2021-08-24 00:00:00,1629763200000,49488.85,49860.0,47600.0,47674.01,51014.594748,48001.76142857143,44826.07399999999,37869.754848484845,60.68152237314057,2512.224663882749,2575.324855343634,-63.10019146088507,56840.1554571,0.0737631478186446
2021-08-25 00:00:00,1629849600000,47674.01,49264.3,47126.28,48973.32,44655.830342,48611.48,45126.5336,37931.6087878788,63.87600076219805,2466.971631132059,2553.6542105013195,-86.68257936926057,54855.75919315,0.0245464435146443
2021-08-26 00:00:00,1629936000000,48973.32,49352.84,46250.0,46843.87,49371.277774,48623.37285714286,45406.4708,38034.17222222222,55.86507033705232,2233.5326837503817,2489.6299051511323,-256.09722140075064,53536.626014500005,-0.0047726176163214
2021-08-27 00:00:00,1630022400000,46843.86,49149.93,46348.0,49069.9,42068.104965,48587.29142857144,45803.35400000001,38120.467777777776,61.325405052745545,2202.760600374422,2432.2560441957903,-229.4954438213681,51970.19422235,0.0446223023803471
2021-08-28 00:00:00,1630108800000,49069.9,49299.0,48346.88,48895.35,26681.063786,48597.78857142857,46230.886,38238.07727272727,60.69133529041501,2139.624516813492,2373.7297387193307,-234.1052219058388,49837.79277675001,0.065228232147724
2021-08-29 00:00:00,1630195200000,48895.35,49632.27,47762.54,48767.83,32652.283473,48530.44714285714,46592.672,38352.40151515151,60.20161522875896,2055.6032032906805,2310.104431633601,-254.5012283429205,47741.01270815,0.0911017664911475
2021-08-30 00:00:00,1630281600000,48767.84,48888.61,46853.0,46982.91,40288.35083,48172.45571428572,46837.49000000001,38476.92333333333,53.67325283708171,1823.9620806925668,2212.8759614453943,-388.9138807528275,47064.6980786,0.0509474382114512
2021-08-31 00:00:00,1630368000000,46982.91,48246.11,46700.0,47100.89,48645.52737,48090.58142857143,47008.0508,38560.80818181818,54.02811747007129,1631.1024879938414,2096.521266755084,-465.4187787612423,46860.22934825,0.0072768496226096
2021-09-01 00:00:00,1630454400000,47100.89,49156.0,46512.0,48810.52,49904.65528,48067.32428571429,47177.57,38666.72535353535,58.93677151001175,1597.794345702896,1996.7758825446465,-398.9815368417503,46592.1566732,-0.0103796504919564
2021-09-02 00:00:00,1630540800000,48810.51,50450.13,48584.06,49246.64,54410.770538,48410.577142857146,47395.6608,38767.78323232324,60.10696000803688,1588.2799396834453,1915.0766939724065,-326.796754288961,46900.72667855,0.0087004041426514
2021-09-03 00:00:00,1630627200000,49246.63,51000.0,48316.84,49999.14,59025.644157,48543.32571428571,47545.4904,38883.63333333334,62.11316911288608,1622.7540667088615,1856.6121685196968,-233.858101810836,47546.2909353,0.0154332257903353
2021-09-04 00:00:00,1630713600000,49998.0,50535.69,49370.0,49915.64,34664.65959,48689.08142857143,47718.7164,39027.59444444445,61.74212521517104,1624.6098178916363,1810.2116983940853,-185.6018805024489,47173.9883481,0.0086239627714121
2021-09-05 00:00:00,1630800000000,49917.54,51900.0,49450.0,51756.88,40544.835873,49116.08857142857,47968.5516,39200.844242424246,66.49503319699618,1754.429226164284,1799.0552039481252,-44.62597778384111,46577.20144105,0.0856414218145273
2021-09-06 00:00:00,1630886400000,51756.88,52780.0,50969.33,52663.9,49249.667081,49927.65857142857,48299.1476,39372.79,68.5666990206494,1908.50096511106,1820.944356180712,87.55660893034747,46187.71771365,0.0753589913855137
2021-09-07 00:00:00,1630972800000,52666.2,52920.0,42843.05,46863.73,123048.802719,49893.77857142857,48261.6968,39469.8598989899,48.08954092262263,1544.7715188145376,1765.7097887074772,-220.9382698929396,49635.18705035,0.0004239615556955
2021-09-08 00:00:00,1631059200000,46868.57,47340.99,44412.02,46048.31,65069.3152,49499.177142857145,48220.8888,39564.35707070707,46.00923697896934,1177.146322783752,1647.9970955227325,-470.85077273898014,50218.06511435,-0.0615772601941313
2021-09-09 00:00:00,1631145600000,46048.31,47399.97,45513.08,46395.14,50651.66002,49091.82,48197.7416,39653.51323232323,47.05828210586342,903.3734618162345,1499.072368781433,-595.6989069651986,49908.13050395,-0.0511339012810011
2021-09-10 00:00:00,1631232000000,46395.14,47033.0,44132.29,44850.91,49048.26618,48356.35857142857,48155.72640000001,39710.1205050505,43.04772315518776,555.3977620631413,1310.3374474377747,-754.9396853746334,50023.28698375,-0.0803177012387058
2021-09-11 00:00:00,1631318400000,44842.2,45987.93,44722.22,45173.69,30440.4081,47678.93714285714,48174.836,39794.4103030303,44.11975201130255,302.1867407516038,1108.7073061005406,-806.5205653489368,49694.91299900001,-0.0385080447337127
2021-09-12 00:00:00,1631404800000,45173.68,46460.0,44742.06,46025.24,32094.28052,46860.13142857143,48227.634000000005,39900.59252525253,46.95646912865451,168.2882284334337,920.6234905671192,-752.3352621336855,48676.4999273,-0.0228371480878599
2021-09-13 00:00:00,1631491200000,46025.23,46880.0,43370.0,44940.73,65429.15056,45756.82142857144,48154.8384,39992.96040404041,43.89993221464874,-25.049446213961343,731.4889032109031,-756.5383494248645,49397.2277179,-0.0792818843151024
2021-09-14 00:00:00,1631577600000,44940.72,47250.0,44594.44,47111.52,44855.85099,45792.22,48066.4004,40129.91727272728,50.80299483733842,-3.0709355107537704,584.5769354665719,-587.6478709773256,49407.2287503,-0.0433556482229041
2021-09-15 00:00:00,1631664000000,47103.28,48500.0,46682.32,48121.41,43204.71174,46088.37714285714,48038.38199999999,40278.81222222222,53.65977925507438,94.74471743918548,486.6104918610946,-391.8657744219091,49098.900448600005,-0.0375552459502303
2021-09-16 00:00:00,1631750400000,48121.4,48557.0,47021.1,47737.82,40725.08895,46280.188571428575,47978.326,40383.35535353536,52.41477617422623,139.70142881089123,417.228679251054,-277.52725044016273,49031.74964785,-0.0436300125571864
2021-09-17 00:00:00,1631836800000,47737.81,48150.0,46699.56,47299.98,34461.92776,46630.055714285714,47890.7712,40490.67111111111,50.96134240770334,138.40447699316428,361.463838799476,-223.05936180631176,49420.79284655,-0.0861122231479176
2021-09-18 00:00:00,1631923200000,47299.98,48843.2,47035.56,48292.74,30906.47038,47075.63428571429,47915.5204,40601.38585858586,54.071197485758695,215.0056175691061,332.17219455340205,-117.16657698429594,49333.5021919,-0.0830010690435004
2021-09-19 00:00:00,1632009600000,48292.75,48372.83,46829.18,47241.75,29847.24349,47249.42142857143,47846.2576,40719.52363636364,50.42542046771812,188.730891609288,303.48393396457925,-114.75304235529131,48811.446824900006,0.0080663660361648
2021-09-20 00:00:00,1632096000000,47241.75,47347.25,42500.0,43015.62,78003.524443,46974.40571428571,47693.12760000001,40759.87767676768,39.029568139557846,-171.13267877642647,208.5606114163781,-379.69329019280457,50279.34667855,-0.0658588773399065
2021-09-21 00:00:00,1632182400000,43016.64,43639.0,39600.0,40734.38,84534.080485,46063.38571428572,47359.7068,40762.080606060605,34.4974881359942,-633.1061008304605,40.22726896701037,-673.3333697974708,52010.817938800006,-0.1220119176275791
2021-09-22 00:00:00,1632268800000,40734.09,44000.55,40565.39,43543.61,58349.05542,45409.41428571428,47145.637200000005,40796.4196969697,43.23844730913611,-763.7380856211676,-120.56580195062524,-643.1722836705424,52207.7321829,-0.0291476806156218
2021-09-23 00:00:00,1632355200000,43546.37,44978.0,43069.09,44865.26,48699.57655,44999.04857142857,46989.5344,40862.2404040404,46.833095240020405,-751.9507450939855,-246.8427905792973,-505.1079545146882,51691.42880255,-0.0068276468006045
2021-09-24 00:00:00,1632441600000,44865.26,45200.0,40675.0,42810.57,84113.426292,44357.70428571429,46822.6408,40909.89292929293,42.34353562763742,-898.0533045659249,-377.08489337662286,-520.9684111893021,54163.86713764999,-0.0698458063445187
2021-09-25 00:00:00,1632528000000,42810.58,42966.84,41646.28,42670.64,33594.57189,43554.54714285715,46645.4308,40979.09292929293,42.04790836084335,-1013.4494032454533,-504.3577953503889,-509.0916078950642,53816.3539385,-0.050512975645923
2021-09-26 00:00:00,1632614400000,42670.63,43950.0,40750.0,43160.9,49879.99765,42971.56857142857,46419.446,41056.64020202021,43.535331264834205,-1053.2011112907276,-614.1264585384567,-439.0746527522708,53847.87046695,-0.0838567721865054
2021-09-27 00:00:00,1632700800000,43160.9,44350.0,42098.0,42147.35,39776.84383,42847.530000000006,46135.47440000001,41122.77343434344,41.182035268485365,-1153.196311482432,-721.9404291272518,-431.2558823551802,49684.2725225,-0.1241455726255735
2021-09-28 00:00:00,1632787200000,42147.35,42787.38,40888.0,41026.54,43372.2624,42889.26714285714,45776.5704,41217.900808080805,38.69134333929288,-1307.8076357183018,-839.1138704454618,-468.69376527284,48599.419882500006,-0.14058622702084
2021-09-29 00:00:00,1632873600000,41025.01,42590.0,40753.88,41524.28,33511.53487,42600.79142857143,45440.916000000005,41308.958585858585,40.41482110325875,-1374.3323184020337,-946.1575600367762,-428.1747583652575,47742.413625,-0.1221078740413844
2021-09-30 00:00:00,1632960000000,41524.29,44141.37,41410.17,43824.1,46381.22781,42452.05428571429,45123.6048,41411.44373737374,47.726859499647325,-1227.3294650243115,-1002.3919410342834,-224.93752399002813,47609.0617065,-0.0925323350880484
2021-10-01 00:00:00,1633046400000,43820.01,48495.0,43283.03,48141.61,66244.87492,43213.63142857143,44942.713200000006,41547.590404040406,58.11778146427216,-753.7528765941897,-952.6641281462648,198.911251552075,49399.2850475,0.0190479819227695
2021-10-02 00:00:00,1633132800000,48141.6,48336.59,47430.18,47634.9,30508.98131,43922.81142857143,44973.56,41709.71616161616,56.69342403756454,-414.5486221079773,-845.0410269386073,430.49240483063,49320.020087,0.1073861076511275
2021-10-03 00:00:00,1633219200000,47634.89,49228.08,47088.0,48200.01,30825.05601,44642.68428571429,45059.628,41870.48747474748,57.931715724593104,-98.98610224432925,-695.8300419997516,596.8439397554224,47589.8153595,0.1832758961840097
2021-10-04 00:00:00,1633305600000,48200.01,49536.12,46891.0,49224.94,46796.49372,45653.76857142857,45172.82,42017.20060606061,60.15691040954198,231.13833471146063,-510.4363666575092,741.5747013689698,47686.847496,0.1304744829379098
2021-10-05 00:00:00,1633392000000,49224.93,51886.3,49022.4,51471.99,52125.66793,47145.97571428572,45437.6632,42188.68646464647,64.58035536942421,666.4006333553261,-275.0689666549422,941.4696000102684,48132.8953055,0.1472571428316695
2021-10-06 00:00:00,1633478400000,51471.99,55750.0,50382.41,55315.0,79877.545181,49116.07857142857,45843.3156,42384.67909090909,70.59341687936185,1306.38869487567,41.22256565118025,1265.1661292244896,50090.51811705,0.2920874447595536
2021-10-07 00:00:00,1633564800000,55315.0,55332.31,53357.0,53785.22,54917.37766,50539.09571428572,46153.7148,42573.97424242424,65.80437779403114,1670.8824901423068,367.1545505494056,1303.7279395929013,51113.29061205,0.2604737121355573
2021-10-08 00:00:00,1633651200000,53785.22,56100.0,53617.61,53951.43,46160.25785,51369.07000000001,46514.1428,42780.50696969697,66.07367623225028,1950.6720734407645,683.8580551276773,1266.8140183130872,51875.97998555,0.2500070665810954
2021-10-09 00:00:00,1633737600000,53955.67,55489.0,53661.67,54949.72,55177.08013,52414.04428571429,46827.6708,42994.27636363637,67.71807449763025,2227.2862247607336,992.5436890542886,1234.7425357064449,53142.47181755,0.303752667724068
2021-10-10 00:00:00,1633824000000,54949.72,56561.31,54080.0,54659.0,89237.836128,53336.75714285714,47089.1744,43196.19424242424,66.70410327298978,2395.433195455749,1273.1215903345808,1122.3116051211684,53704.1874018,0.3322839313283547
2021-10-11 00:00:00,1633910400000,54659.01,57839.04,54415.06,57471.35,52933.165751,54514.81571428571,47478.515600000006,43420.28353535353,71.19710255467365,2724.2208996133268,1563.34145219033,1160.8794474229967,52124.1416651,0.3840420592482279
2021-10-12 00:00:00,1633996800000,57471.35,57680.0,53879.0,55996.93,53471.2855,55161.235714285714,47826.3936,43645.60464646465,66.15679950958308,2833.155301450592,1817.304222042383,1015.851079408209,51880.2531691,0.2777656586216259
2021-10-13 00:00:00,1634083200000,55996.91,57777.0,54167.19,57367.0,55808.44492,55454.37857142858,48189.364,43879.41262626263,68.3957574826847,2995.509430508835,2052.945263735673,942.564166773162,52235.6965876,0.1916302757635235
2021-10-14 00:00:00,1634169600000,57370.83,58532.54,56818.05,57347.94,43053.336781,55963.338571428576,48593.6116,44116.64313131313,68.32803415904725,3087.052643525873,2259.766739693713,827.2859038321594,50182.69211205,0.2039059597060137
2021-10-15 00:00:00,1634256000000,57347.94,62933.0,56850.0,61672.42,82512.908022,57066.33714285714,49339.8836,44407.51898989899,74.49795723709755,3468.56721049334,2501.526833853639,967.0403766397012,52628.60891865,0.2795105229231278
2021-10-16 00:00:00,1634342400000,61672.42,62378.42,60150.0,60875.57,35467.88096,57912.88714285714,50145.5312,44680.84989898989,71.72524906946529,3664.380421530608,2734.097551389033,930.2828701415752,51908.003084150005,0.2366814464375171
2021-10-17 00:00:00,1634428800000,60875.57,61718.39,58963.0,61528.33,39099.24124,58894.22000000001,50864.92,44963.93535353535,72.62410435027485,3828.10803221188,2952.899647553603,875.2083846582768,51874.12295465,0.195374999101453
2021-10-18 00:00:00,1634515200000,61528.32,62695.78,59844.45,62009.84,51798.44844,59542.57571428572,51550.7032,45244.24696969697,73.29842176931122,3951.17054163781,3152.5538263704443,798.6167152673656,52295.43225665,0.1210311850311849
2021-10-19 00:00:00,1634601600000,62005.6,64486.0,61322.22,64280.59,53628.107744,60725.95571428571,52409.504,45559.33747474747,76.26729696940177,4183.701903249152,3358.7834417461863,824.9184615029653,53301.26090035,0.195134834439647
2021-10-20 00:00:00,1634688000000,64280.59,67000.0,63481.4,66001.41,51428.934856,61959.44285714285,53342.7348,45895.41464646465,78.24167902335473,4455.480469716735,3578.122847340296,877.3576223764385,53553.64625265,0.223348667495931
2021-10-21 00:00:00,1634774400000,66001.4,66639.74,62000.0,62193.15,68538.64537,62651.61571428571,54104.02480000001,46192.11292929293,65.2954636013057,4313.844868291424,3725.2672515305217,588.5776167609024,53668.33477515,0.1318192340197548
2021-10-22 00:00:00,1634860800000,62193.15,63732.39,60000.0,60688.22,52119.35886,62511.01571428571,54845.6596,46483.10505050505,61.00001061345028,4033.664783205604,3786.9467578655385,246.71802534006565,54748.85365265,0.110306079511151
2021-10-23 00:00:00,1634947200000,60688.23,61747.64,59562.15,61286.75,27626.93678,62569.75571428571,55656.068,46785.15434343435,62.06876342107776,3815.928764597557,3792.7431592119424,23.185605385614053,54588.94769115001,0.0663878610820869
2021-10-24 00:00:00,1635033600000,61286.75,61500.0,59510.63,60852.22,31226.57676,62473.16857142857,56429.1856,47081.438686868685,60.766803259522376,3567.18813731664,3747.6321548328815,-180.44401751624264,53810.45184315,0.0867063605094065
2021-10-25 00:00:00,1635120000000,60852.22,63710.63,60650.0,63078.78,36853.83806,62625.874285714286,57199.372800000005,47397.60252525253,64.83695331008101,3509.2714847482057,3699.9600208159472,-190.68853606774155,53046.86034964999,0.0995656039186292
2021-10-26 00:00:00,1635206400000,63078.78,63293.48,59817.55,60328.81,40217.50083,62061.33428571429,57686.8608,47695.47282828282,56.97517761811204,3204.5326659581333,3600.8745498443845,-396.34188388625125,51063.8581321,0.051978676130302
2021-10-27 00:00:00,1635292800000,60328.81,61496.0,58000.0,58413.44,62124.49016,60977.33857142857,58118.002400000005,47984.59494949495,52.225240038876535,2776.4652419379054,3435.992688263089,-659.5274463251835,51424.213757100006,-0.0528433941784673
2021-10-28 00:00:00,1635379200000,58413.44,62499.0,57820.0,60575.89,61056.35301,60746.30142857142,58613.0376,48271.7806060606,56.62215682085151,2581.9472858885856,3265.1836077881885,-683.2363218996029,52169.0185151,-0.0049228286486681
2021-10-29 00:00:00,1635465600000,60575.9,62980.0,60174.81,62253.71,43973.90414,60969.94285714285,59134.18840000001,48574.46626262626,59.71975984349424,2533.966468062033,3118.9401798429576,-584.9737117809241,51608.8597156,0.01178936597174
2021-10-30 00:00:00,1635552000000,62253.7,62359.25,60673.0,61859.19,31478.12566,61051.72000000001,59549.6764,48859.56828282828,58.65903903193524,2436.025867564742,2982.3573173873147,-546.3314498225727,48720.8741922,-0.0024294531319544
2021-10-31 00:00:00,1635638400000,61859.19,62405.3,59945.36,61299.8,39267.63794,61115.66,59789.06840000001,49132.71636363636,57.11012780847867,2286.907096604584,2843.2672732307688,-556.360176626185,48037.59780165,-0.0463715407714832
2021-11-01 00:00:00,1635724800000,61299.81,62437.74,59405.0,60911.11,44687.66672,60805.99285714286,60074.10399999999,49390.59606060606,56.00355365811025,2113.0079216745,2697.215402919516,-584.2074812450155,47598.41686265,-0.0771241099243182
2021-11-02 00:00:00,1635811200000,60911.12,64270.0,60624.68,63219.99,46368.2841,61219.01857142857,60444.8464,49653.04444444445,60.85554798290721,2136.866426539251,2585.1456076434624,-448.2791811042116,47126.40882165,0.0165104999505572
2021-11-03 00:00:00,1635897600000,63220.57,63500.0,60382.76,62896.48,43336.09049,61859.45285714286,60762.7168,49889.79808080808,59.85944012374678,2105.4001676550542,2489.196519645781,-383.7963519907266,47140.54650710001,0.0363869627416986
2021-11-04 00:00:00,1635984000000,62896.49,63086.31,60677.01,61395.01,35930.93314,61976.47,61032.1572,50105.71171717172,55.33254466401503,1936.97856690357,2378.752929097339,-441.77436219376887,44811.447763,0.0017664503338812
2021-11-05 00:00:00,1636070400000,61395.01,62595.72,60721.0,60937.12,31604.48749,61788.38571428571,61170.788,50317.03131313131,53.99156282386684,1746.423653871454,2252.287074052162,-505.8634201807081,44618.2780895,0.0013951832817273
2021-11-06 00:00:00,1636156800000,60940.18,61560.49,60050.0,61470.61,25590.57408,61732.87428571429,61389.7352,50511.61959595959,55.34931402716783,1619.7838370642785,2125.7864266545857,-506.00258959030725,43942.8447315,-0.0254946275118193
2021-11-07 00:00:00,1636243200000,61470.62,63286.35,61322.78,63273.59,25515.6883,62014.84428571428,61625.9988,50731.9404040404,59.67996267256326,1645.9329966932492,2029.8157406623184,-383.8827439690692,42628.7067245,0.0488121678514792
2021-11-08 00:00:00,1636329600000,63273.58,67789.0,63273.58,67525.83,54442.094554,62959.80428571429,62033.114400000006,51011.54030303031,67.64926804183474,1986.873187323436,2021.2272299945416,-34.3540426711063,42669.406065,0.1559981743927425
2021-11-09 00:00:00,1636416000000,67525.82,68524.25,66222.4,66947.66,44661.378068,63492.32857142858,62244.124,51292.34676767677,65.7464625251231,2185.2273174488146,2054.0272474853964,131.20006996341817,42331.0282256,0.1051865684515738
2021-11-10 00:00:00,1636502400000,66947.67,69000.0,62822.9,64882.43,65171.504046,63776.035714285725,62404.3984,51561.79505050505,59.32723241284392,2150.982407234238,2073.4182794351645,77.5641277990735,42162.67115940001,0.0422259171381111
2021-11-11 00:00:00,1636588800000,64882.42,65600.07,64100.0,64774.26,37237.98058,64258.78571428572,62534.23559999999,51814.83626262626,59.00229289572965,2091.0107834794035,2076.9367802440124,14.074003235391046,41418.602245400005,0.0471242833926535
2021-11-12 00:00:00,1636675200000,64774.25,65450.7,62278.0,64122.23,44490.10816,64713.80142857144,62618.7312,52049.78343434344,56.97652433662616,1968.1814966802704,2055.185723531264,-87.00422685099375,42261.7608144,0.046043053974075
2021-11-13 00:00:00,1636761600000,64122.22,65000.0,63360.22,64380.0,22504.97383,65129.42857142857,62622.7076,52267.39080808081,57.59635576909803,1870.0811552088053,2018.1648098667724,-148.08365465796714,41825.6806679,0.0569500375218905
2021-11-14 00:00:00,1636848000000,64380.01,65550.51,63576.27,65519.1,25705.07347,65450.21571428572,62603.4152,52478.97222222222,60.317088001041895,1862.778823227367,1987.087612538892,-124.30878931152438,41268.2424384,0.0363668200516957
2021-11-15 00:00:00,1636934400000,65519.11,66401.82,63400.0,63606.74,37829.37124,64890.34571428572,62659.9588,52679.09717171717,54.0473485234708,1683.2764397863284,1926.325377988379,-243.0489382020505,41148.8359589,0.0112925238423515
2021-11-16 00:00:00,1637020800000,63606.73,63617.31,58574.07,60058.87,77455.15609,63906.23285714286,62634.7848,52818.54636363637,44.7530875620589,1240.437063132682,1789.1477150172398,-548.7106518845578,41915.3692554,-0.02176300647235
2021-11-17 00:00:00,1637107200000,60058.87,60840.23,58373.0,60344.87,46289.38491,63258.01,62597.1096,52967.63606060607,45.5657233487839,902.161915462355,1611.7505551062627,-709.5886396439078,41177.0208504,-0.0097190349658795
2021-11-18 00:00:00,1637193600000,60344.86,60976.0,56474.26,56891.62,62146.99931,62131.91857142858,62438.6856,53082.59181818183,38.24987600949009,351.37754716836207,1359.6759535186827,-1008.2984063503206,42085.675608900005,-0.0744907200367784
2021-11-19 00:00:00,1637280000000,56891.62,58320.0,55600.0,58052.24,50715.88726,61264.77714285714,62237.624,53220.50333333333,41.64127490314287,8.432101386249997,1089.4271830921962,-1080.9950817059462,43047.5636889,-0.0825202110390764
2021-11-20 00:00:00,1637366400000,58057.1,59845.0,57353.0,59707.51,33811.5901,60597.27857142857,62212.772,53340.78121212122,46.1811020539776,-128.30911227650358,845.8799240184563,-974.18903629496,42774.7612969,-0.1157826567996276
2021-11-21 00:00:00,1637452800000,59707.52,60029.76,58486.65,58622.02,31902.22785,59611.98142857143,62221.11520000001,53457.48333333333,43.77611677382911,-320.5721245504392,612.5895143046773,-933.1616388551164,42135.4893534,-0.1243604332100629
2021-11-22 00:00:00,1637539200000,58617.7,59444.0,55610.0,56247.18,51724.32047,58560.61571428572,62047.96680000001,53551.15363636363,38.99185201502994,-656.9982210664894,358.671967230444,-1015.6701882969334,42403.2911719,-0.1330907304180808
2021-11-23 00:00:00,1637625600000,56243.83,58009.99,55317.0,57541.27,49917.85017,58200.95857142857,61859.4692,53668.7291919192,42.6687707711388,-809.8605106894101,124.96547164647316,-934.8259823358832,42732.3791559,-0.1116645716986964
2021-11-24 00:00:00,1637712000000,57541.26,57735.0,55837.0,57138.29,39612.04964,57742.875714285714,61670.6332,53794.40939393939,41.823453431404864,-952.5417859131848,-90.53597986545844,-862.0058060477264,42916.4349809,-0.1089160498628947
2021-11-25 00:00:00,1637798400000,57138.29,59398.9,57000.0,58960.36,42153.51522,58038.41,61577.05559999999,53938.40000000001,46.941786218578144,-908.1236193687,-254.05350776610675,-654.0701116025932,43443.8863674,-0.0841820441130786
2021-11-26 00:00:00,1637884800000,58960.37,59150.0,53500.0,53726.53,65927.87066,57420.45142857143,61289.6724,54008.762727272726,36.89935992333199,-1280.4875786928824,-459.3403219514619,-821.1472567414205,45460.7511964,-0.1799867519547735
2021-11-27 00:00:00,1637971200000,53723.72,55280.0,53610.0,54721.03,29716.99957,56708.09714285714,60949.71400000001,54063.29363636364,39.545877729867065,-1478.2999390899786,-663.1322453791652,-815.1676937108134,45670.8167599,-0.1396976169506565
2021-11-28 00:00:00,1638057600000,54716.47,57445.05,53256.64,57274.88,36163.7137,56515.64857142857,60724.85,54148.67757575757,45.82909954551114,-1412.7084842547702,-813.0474931542863,-599.6609911004839,44756.8977172,-0.0463543519883075
2021-11-29 00:00:00,1638144000000,57274.89,58865.97,56666.67,57776.25,40125.28009,56734.08714285714,60580.0996,54234.910202020204,46.993843403277765,-1305.2245981672968,-911.4829141568885,-393.74168401040833,44530.0928183,-0.0425656729395556
2021-11-30 00:00:00,1638230400000,57776.25,59176.99,55875.55,56950.56,49161.05194,56649.7,60420.6372,54310.28101010101,45.26762612695308,-1272.0062304558378,-983.5875774166784,-288.4186530391595,43729.570213,0.0010360049511684
2021-12-01 00:00:00,1638316800000,56950.56,59053.55,56458.01,57184.07,44956.63656,56656.23999999999,60249.1756,54406.34222222222,45.87316257393466,-1212.857067941659,-1029.4414755216744,-183.41559241998448,44115.503012,-0.0149549784814504
2021-12-02 00:00:00,1638403200000,57184.07,57375.47,55777.77,56480.34,37574.05976,56301.95142857143,59977.4456,54482.1707070707,44.28308208630856,-1208.831404228942,-1065.319461263128,-143.51194296581411,43769.700592,-0.0540496497006826
2021-12-03 00:00:00,1638489600000,56484.26,57600.0,51680.0,53601.05,58927.69027,56284.02571428572,59420.4544,54550.42505050505,38.41583087011395,-1421.5884893061084,-1136.5732668717242,-285.0152224343842,45590.836414000005,-0.0856498974276218
2021-12-04 00:00:00,1638576000000,53601.05,53859.1,42000.3,49152.47,114203.373748,55488.51714285714,58708.6468,54551.25909090909,31.47667853237577,-1926.9505532348776,-1294.648724144355,-632.3018290905227,50015.7514279,-0.1261345013207773
2021-12-05 00:00:00,1638662400000,49152.46,49699.05,47727.21,49396.33,45580.82012,54363.01,58089.2028,54556.31949494949,32.19966781689341,-2281.47672237298,-1492.0143237900795,-789.4623985828998,50403.3238719,-0.1415495347947655
2021-12-06 00:00:00,1638748800000,49396.32,50891.11,47100.0,50441.92,58571.21575,53315.24857142857,57515.9092,54573.22949494949,35.3493856252056,-2449.8307668843263,-1683.577612408929,-766.2531544753972,49459.1268549,-0.117195841877662
2021-12-07 00:00:00,1638835200000,50441.91,51936.33,50039.74,50588.95,38253.46877,52406.44714285714,56974.57800000001,54609.65414141415,35.80103051502023,-2542.084895582572,-1855.2790690436573,-686.8058265389136,49057.3310479,-0.1419836988783651
2021-12-08 00:00:00,1638921600000,50588.95,51200.0,48600.0,50471.19,38425.92466,51447.46428571428,56418.225600000005,54643.69757575757,35.58659957024375,-2594.7881030175777,-2003.1808758384416,-591.6072271791359,47871.2773154,-0.0605909222129178
2021-12-09 00:00:00,1639008000000,50471.19,50797.76,47320.0,47545.59,37692.68665,50171.07142857143,55699.2852,54630.9205050505,30.67153452408587,-2839.8907515433675,-2170.522850979427,-669.3679005639406,47220.1172849,-0.1311276487302962
2021-12-10 00:00:00,1639094400000,47535.9,50125.0,46852.0,47140.54,44233.57391,49248.14142857143,55040.6372,54609.64676767677,30.05265795684265,-3031.870994672783,-2342.792479718098,-689.078514954685,47741.2164754,-0.1769421428731059
2021-12-11 00:00:00,1639180800000,47140.54,49485.71,46751.0,49389.99,28889.19358,49282.072857142855,54613.88199999999,54603.49373737373,37.58468842983328,-2968.2883248206417,-2467.891648738607,-500.3966760820349,47590.5647619,-0.1451506458103459
2021-12-12 00:00:00,1639267200000,49389.99,50777.0,48638.0,50053.9,26017.93421,49376.01142857143,54202.2432,54604.89030303031,39.650230372235725,-2831.684713684961,-2540.650261727878,-291.0344519570831,46305.2454489,-0.1210990725991104
2021-12-13 00:00:00,1639353600000,50053.9,50189.97,45672.75,46702.75,50869.52093,48841.84428571428,53794.6884,54553.83848484849,33.60496153803888,-2959.717386285949,-2624.463686639492,-335.2536996464569,46352.8289869,-0.1832909060163083
2021-12-14 00:00:00,1639440000000,46702.76,48700.41,46290.0,48343.28,39955.98445,48521.03428571428,53406.33,54510.19585858585,38.54470298763128,-2895.430421670928,-2678.6570336457794,-216.7733880251485,46370.0257274,-0.144068891936557
2021-12-15 00:00:00,1639526400000,48336.95,49500.0,46547.0,48864.98,51629.181,48291.57571428572,52972.6288,54530.4105050505,40.07164413274575,-2770.4496896030832,-2697.01556483724,-73.43412476584308,46843.8090164,-0.088357784035947
2021-12-16 00:00:00,1639612800000,48864.98,49436.43,47511.0,47632.38,31949.86739,48303.974285714285,52533.04319999999,54546.41121212121,37.688977199767216,-2739.285301919117,-2705.4695122536154,-33.8157896655016,45144.9088529,-0.0309260145014076
2021-12-17 00:00:00,1639699200000,47632.38,47995.96,45456.0,46131.2,43104.4887,48159.78285714286,52128.404,54543.74515151516,34.962371438893015,-2803.4040830565355,-2725.0564264141994,-78.347656642336,45814.2833094,-0.0661006597048809
2021-12-18 00:00:00,1639785600000,46133.83,47392.37,45500.0,46834.48,25020.05271,47794.71,51700.1324,54563.78121212121,37.25262587441312,-2765.589862203444,-2733.1631135720486,-32.426748631395185,45257.1002599,-0.0715167067391565
2021-12-19 00:00:00,1639872000000,46834.47,48300.01,46406.91,46681.23,29305.70665,47312.9,51281.85,54579.008888888886,36.9473034637483,-2716.671713532749,-2729.8648335641888,13.193120031439776,44716.1215879,-0.077244536603349
2021-12-20 00:00:00,1639958400000,46681.24,47537.57,45558.85,46914.16,35848.50609,47343.10142857144,50800.002,54587.98787878788,37.78199782655817,-2628.804996328843,-2709.65286611712,80.84786978827651,44050.4942954,-0.0704764440862202
2021-12-21 00:00:00,1640044800000,46914.17,49328.96,46630.0,48889.88,37713.92924,47421.18714285714,50606.53599999999,54627.878282828286,44.49394914712981,-2372.3983660827216,-2642.2019661102404,269.8036000275188,43688.3589294,0.0282737053005337
2021-12-22 00:00:00,1640131200000,48887.59,49576.13,48421.87,48588.16,27004.2022,47381.64142857143,50361.2212,54642.79383838384,43.718310407763695,-2168.5429336553207,-2547.4701596192567,378.92722596393605,43159.8660514,0.030708600283323
2021-12-23 00:00:00,1640217600000,48588.17,51375.0,47920.42,50838.81,35192.54046,47839.70285714285,50103.7784,54670.24232323233,50.631759008028006,-1804.575367694772,-2398.89120123436,594.3158335395883,41973.1085609,0.0293342841332828
2021-12-24 00:00:00,1640304000000,50838.82,51810.0,50384.43,50820.0,31684.84269,48509.53142857143,49825.5284,54701.37545454545,50.57584298719386,-1500.3511451593513,-2219.1831900193583,718.832044860007,37847.182008,0.0153055006702773
2021-12-25 00:00:00,1640390400000,50819.99,51156.23,50142.32,50399.66,19135.51613,49018.84285714286,49563.4924,54732.68535353535,49.266476112140055,-1278.4322113192538,-2031.0329942793376,752.6007829600837,36524.9168085,0.0791582936764967
2021-12-26 00:00:00,1640476800000,50399.67,51280.0,49412.0,50775.49,22569.88914,49603.73714285715,49307.1492,54757.76363636364,50.50041925110533,-1060.0143319708004,-1836.82926181763,776.8149298468297,34724.850478,0.0503112325022216
2021-12-27 00:00:00,1640563200000,50775.48,52088.0,50449.0,50701.44,28792.21566,50144.77714285714,49075.9932,54792.71,50.24113397583436,-882.7163999231998,-1646.0066894387442,763.2902895155444,34251.7878225,0.0375823340150758
2021-12-28 00:00:00,1640649600000,50701.44,50704.05,47313.01,47543.74,45853.33924,49952.47142857143,48833.7008,54838.44858585859,40.65528883159594,-985.6446138468892,-1513.934274320373,528.2896604734842,34623.1585515,-0.001860918979904
2021-12-29 00:00:00,1640736000000,47543.74,48139.08,46096.99,46464.66,39498.87,49649.11428571429,48726.18840000001,54896.3302020202,37.98791496210763,-1141.1344154811595,-1439.3743025525305,298.23988707137096,34713.467719,0.0072285134572698
2021-12-30 00:00:00,1640822400000,46464.66,47900.0,45900.0,47120.87,30352.29569,49117.98,48635.17,54932.464141414144,40.54265231549752,-1197.6052923686148,-1391.0205005157472,193.4152081471325,34019.403808,0.006114939249886
2021-12-31 00:00:00,1640908800000,47120.88,48548.26,45678.0,46216.93,34937.99796,48460.39857142857,48466.1704,54946.117373737376,38.20757714229176,-1300.310107111014,-1372.8784218348007,72.56831472378667,34321.844027,-0.0099461817951241
2022-01-01 00:00:00,1640995200000,46216.93,47954.63,46208.37,47722.65,19604.46325,48077.968571428566,48351.5184,54995.73434343434,43.99402892889079,-1245.8440775546403,-1347.4715529787688,101.6274754241283,34001.170479,0.0172333896631635
2022-01-02 00:00:00,1641081600000,47722.66,47990.0,46654.0,47286.18,18340.4604,47579.49571428571,48224.118,55042.35595959596,42.74448349631056,-1223.7917287278033,-1322.735588128576,98.94385940077268,32374.7174525,-0.0328022895535844
2022-01-03 00:00:00,1641168000000,47286.18,47570.0,45696.0,46446.1,27662.0771,46971.59,48180.13840000001,55075.53979797979,40.36793965920991,-1259.5828317412231,-1310.1050368511055,50.52220510988218,31760.022085,-0.044086048946904
2022-01-04 00:00:00,1641254400000,46446.1,47557.54,45500.0,45832.01,35491.4136,46727.05714285715,48127.79720000001,55112.75858585859,38.67518424915265,-1322.257310378605,-1312.5354915566056,-9.721818821999705,30953.133715,-0.0984838158092212
2022-01-05 00:00:00,1641340800000,45832.01,47070.0,42500.0,43451.13,51784.11857,46296.55285714286,47890.2428,55137.2493939394,32.91268248340758,-1546.220536543187,-1359.272500553922,-186.94803598926524,31944.846274,-0.1449994096812279
2022-01-06 00:00:00,1641427200000,43451.14,43816.0,42430.58,43082.31,38880.37305,45719.61571428571,47611.3792,55152.987070707066,32.11442953383528,-1733.4910922385898,-1434.1162188908556,-299.37487334773414,31733.640491499995,-0.1451864953057223
2022-01-07 00:00:00,1641513600000,43082.3,43145.83,40610.0,41566.48,54836.50818,45055.26571428571,47405.9284,55130.18282828284,29.00118189774055,-1981.379065022869,-1543.5687881172585,-437.81027690561086,33224.463265,-0.1813672305279573
2022-01-08 00:00:00,1641600000000,41566.48,42300.0,40501.0,41679.74,32952.73111,44191.99285714286,47139.3868,55064.91141414142,29.55072370035211,-2143.978484554449,-1663.650727404697,-480.3277571497524,33406.814488,-0.1779377469357873
2022-01-09 00:00:00,1641686400000,41679.74,42786.7,41200.02,41864.62,22724.39426,43417.48428571429,46859.3724,55006.62575757575,30.49642678544044,-2232.1901268136207,-1777.3586072864816,-454.8315195271391,32750.6088965,-0.1194504260708139
2022-01-10 00:00:00,1641772800000,41864.62,42248.5,39650.0,41822.49,50729.17019,42756.968571428566,46626.9768,54942.20636363636,30.39629197334128,-2279.2245459418773,-1877.731795017561,-401.4927509243166,33401.370944,-0.0999075426356289
2022-01-11 00:00:00,1641859200000,41822.49,43100.0,41268.93,42729.29,37296.43729,42313.72285714286,46490.9004,54876.59373737374,35.3191423483417,-2217.763483481765,-1945.7381327104013,-272.0253507713637,33915.9826985,-0.0931981943457326
2022-01-12 00:00:00,1641945600000,42729.29,44322.0,42450.0,43902.66,33943.2928,42378.22714285715,46373.62760000001,54800.13585858586,41.12204310187788,-2050.734406243995,-1966.7373874171203,-83.99701882687464,33853.5203155,-0.0500740745869532
2022-01-13 00:00:00,1642032000000,43902.65,44500.0,42311.22,42560.11,34910.87762,42303.62714285714,46208.78279999999,54671.29858585859,37.02861630233921,-2003.5989821261464,-1974.109706358926,-29.489275767220533,34014.822062,-0.1081779825722167
2022-01-14 00:00:00,1642118400000,42558.35,43448.78,41725.95,43059.96,32640.88292,42516.98142857143,46054.6148,54562.96262626263,39.44548354789251,-1903.9624078785343,-1960.080246662848,56.11783878431311,34690.0904015,-0.0893753735235115
2022-01-15 00:00:00,1642204800000,43059.96,43800.0,42555.0,43084.29,21936.05616,42717.63142857143,45822.3912,54453.19353535354,39.56706584270934,-1802.2611328084315,-1928.5164238919645,126.25529108353317,34658.3987525,-0.0723808888152072
2022-01-16 00:00:00,1642291200000,43084.29,43475.0,42581.79,43071.66,20602.35271,42890.06571428572,45601.7312,54333.213131313125,39.52270330689879,-1703.0495796018367,-1883.423055033939,180.37347543210217,34248.905605,-0.060227557115649
2022-01-17 00:00:00,1642377600000,43071.66,43176.18,41540.42,42201.62,27562.08613,42944.22714285715,45256.2436,54207.38101010101,36.48776200241483,-1675.316658091244,-1841.8017756454,166.4851175541562,33334.3429495,-0.0287566744524249
2022-01-18 00:00:00,1642464000000,42201.63,42691.0,41250.0,42352.12,29324.08257,42890.34571428572,44917.5284,54054.66151515152,37.383486597472114,-1622.4909599494276,-1797.9396125062058,175.44865255677814,32825.603578,-0.0169487197877735
2022-01-19 00:00:00,1642550400000,42352.12,42559.13,41138.56,41660.01,31685.72159,42569.967142857146,44567.9424,53909.84414141413,34.94287313715479,-1617.8244333716575,-1761.9165766792962,144.0921433076387,32892.274873,0.0022501303935285
2022-01-20 00:00:00,1642636800000,41660.0,43505.0,40553.31,40680.91,42330.33953,42301.51,44164.1592,53741.29777777777,31.781801626282583,-1673.8364204304162,-1744.3005454295203,70.46412499910411,33261.8919515,-0.0239644009295642
2022-01-21 00:00:00,1642723200000,40680.92,41100.0,35440.45,36445.31,88860.891999,41356.560000000005,43593.914,53530.16010101011,22.358685414111008,-2036.5280180356488,-1802.7460399507463,-233.7819780849032,36724.71338895,-0.1294484459670243
2022-01-22 00:00:00,1642809600000,36445.31,36835.22,34008.0,35071.42,90471.338961,40211.86428571429,43095.0212,53261.46313131314,20.26030720748402,-2407.077867805732,-1923.6124055217435,-483.4654622839887,40331.257317,-0.1614220004595613
2022-01-23 00:00:00,1642896000000,35071.42,36499.0,34601.01,36244.55,44279.52354,39236.56285714286,42686.2168,53012.66494949495,26.595220861764787,-2576.3805949155576,-2054.1660434005066,-522.214551515051,41162.129639000006,-0.1517633454709871
2022-01-24 00:00:00,1642982400000,36244.55,37550.0,32917.17,36660.35,91904.753211,38444.95285714286,42267.796,52761.47323232323,28.75564793086445,-2646.495488293164,-2172.631932379038,-473.8635559141253,43982.79661955,-0.1649628974645273
2022-01-25 00:00:00,1643068800000,36660.35,37545.14,35701.0,36958.32,49232.40183,37674.41,41897.4516,52508.42757575757,30.33793171688049,-2647.499629961741,-2267.605471895579,-379.8941580661626,43855.21078255,-0.1316206654541071
2022-01-26 00:00:00,1643155200000,36958.32,38919.98,36234.63,36809.34,69830.16036,36981.45714285714,41460.9192,52230.9402020202,29.979424958379468,-2629.9998591327167,-2340.0843493430066,-289.9155097897101,45402.70014805,-0.1451608408368239
2022-01-27 00:00:00,1643241600000,36807.24,37234.47,35507.01,37160.1,53020.87934,36478.48428571429,41055.876,51939.61383838384,32.016384532145054,-2558.336849404761,-2383.7348493553577,-174.60200004940316,45311.91870605,-0.1375023239329231
2022-01-28 00:00:00,1643328000000,37160.11,38000.0,36155.01,37716.56,42154.26956,36660.09142857143,40706.69440000001,51692.375555555554,35.23525831683676,-2428.6458093112888,-2392.717041346544,-35.92876796474502,45771.99562855,-0.1243300118918101
2022-01-29 00:00:00,1643414400000,37716.57,38720.74,37268.44,38166.84,26129.49682,37102.29428571429,40400.0876,51464.88686868687,37.80158760028458,-2263.439372664703,-2366.861507610176,103.42213494547286,45942.25075655,-0.095607230243768
2022-01-30 00:00:00,1643500800000,38166.83,38359.26,37351.63,37881.76,21430.66527,37336.18142857143,40177.3128,51228.47282828282,36.80715630477686,-2130.9513738941387,-2319.679480866969,188.7281069728301,44477.32551055001,-0.1055522132068005
2022-01-31 00:00:00,1643587200000,37881.75,38744.0,36632.61,38466.9,36855.2458,37594.26,39992.69639999999,51002.35848484849,40.27982638913899,-1956.1880543571533,-2246.9811955650057,290.7931412078524,44455.26593605,-0.0766468851063646
2022-02-01 00:00:00,1643673600000,38466.9,39265.2,38000.0,38694.59,34574.44663,37842.29857142857,39877.8208,50756.05353535353,41.624131454290215,-1778.8091794565844,-2153.346792343322,374.5376128867374,44486.82362755,-0.0488268330280715
2022-02-02 00:00:00,1643760000000,38694.59,38855.92,36586.95,36896.36,35794.6813,37854.73,39686.4856,50519.36212121213,34.935597788364404,-1763.0143437999286,-2075.2803026346432,312.26595883471464,44531.01381155,0.0123760780193666
2022-02-03 00:00:00,1643846400000,36896.37,37387.0,36250.0,37311.61,32081.10999,37876.374285714286,39504.3652,50306.21232323233,37.43572017260286,-1697.422784880342,-1999.708799083783,302.286014203441,44503.02516505,0.0638750868941149
2022-02-04 00:00:00,1643932800000,37311.98,41772.33,37026.73,41574.25,64703.95874,38427.47285714286,39494.4356,50114.276565656575,56.08868784537076,-1286.6498793464125,-1857.097015136309,570.4471357898965,46641.42029405,0.1470483148500945
2022-02-05 00:00:00,1644019200000,41571.7,41913.69,40843.01,41382.59,32532.34372,38886.86571428571,39440.5676,49903.45717171718,55.290492017167225,-965.4456954739944,-1678.766751203846,713.3210557298517,47237.91984455,0.128810554181834
2022-02-06 00:00:00,1644105600000,41382.6,42656.0,41116.56,42380.87,22405.16704,39529.59571428572,39379.696,49706.70646464647,58.59560412888912,-623.152893916129,-1467.6439797463026,844.4910858301737,46980.07389005,0.1467206842735275
2022-02-07 00:00:00,1644192000000,42380.87,44500.5,41645.85,43839.99,51060.62006,40297.18,39430.8912,49530.344747474745,62.9113036257966,-231.47627851990543,-1220.4104395010231,988.934160981118,48066.90076455,0.191001794653205
2022-02-08 00:00:00,1644278400000,43839.99,45492.0,42666.0,44042.99,64880.29387,41061.23714285715,39470.2124,49359.959696969694,63.48160722329701,94.22450309844862,-957.483450981129,1051.7079540795776,49726.62937855,0.1852225908972258
2022-02-09 00:00:00,1644364800000,44043.0,44799.0,43117.92,44372.72,34428.16729,42129.28857142857,39521.7496,49169.58323232322,64.43813198322289,374.6326425077205,-691.0602322833591,1065.6928747910797,49331.52076655,0.1764784487238497
2022-02-10 00:00:00,1644451200000,44372.71,45821.0,43174.01,43495.44,62357.29091,43012.69285714287,39538.7008,48973.61313131313,59.93967671285753,520.0738612186033,-448.8334135829666,968.90727480157,48006.3407121,0.139613339747278
2022-02-11 00:00:00,1644537600000,43495.44,43920.0,41938.51,42373.73,44975.1687,43126.904285714285,39545.5852,48781.47898989899,54.68312615878242,538.6156267474289,-251.3436055168876,789.9592322643165,45731.53219905,0.1185787038405818
2022-02-12 00:00:00,1644624000000,42373.73,43079.49,41688.88,42217.87,26556.85681,43246.23,39540.2152,48592.395656565655,53.974827408936775,534.5713048483885,-94.16062344383236,628.7319282922209,44845.39886255,0.0975116268792131
2022-02-13 00:00:00,1644710400000,42217.87,42760.0,41870.0,42053.66,17732.08113,43199.485714285714,39555.9612,48396.26484848485,53.19307744473444,512.2113226785077,27.11376578063568,485.097556897872,41136.7652585,0.086809809846803
2022-02-14 00:00:00,1644796800000,42053.65,42842.4,41550.56,42535.94,34010.1306,43013.19285714287,39630.1624,48186.79363636364,55.24338122182751,527.3281306915233,127.1566387628132,400.17149192871005,40375.651697,0.1528492241511088
2022-02-15 00:00:00,1644883200000,42535.94,44751.4,42427.03,44544.86,38095.19576,43084.88857142858,39954.1444,47954.66262626262,62.593626093939605,693.418072802102,240.408925570671,453.009147231431,38788.903467,0.193860570476589
2022-02-16 00:00:00,1644969600000,44544.85,44549.97,43307.0,43873.56,28471.8727,43013.58,40306.23,47721.59090909091,59.10080286200443,762.092322913777,344.7456050392922,417.34671787448485,37561.453135,0.0553061089496502
2022-02-17 00:00:00,1645056000000,43873.56,44164.71,40073.21,40515.7,47245.99494,42587.90285714286,40477.076,47475.46232323233,45.44146998509952,539.3486462444198,383.6662132803177,155.68243296410208,37816.039404,-0.0209481813487265
2022-02-18 00:00:00,1645142400000,40515.71,40959.88,39450.0,39974.44,43845.92241,42245.147142857146,40609.6396,47224.95909090909,43.68866766123384,315.51051043516054,370.0350727112863,-54.52456227612578,38701.8606835,-0.0567810429564094
2022-02-19 00:00:00,1645228800000,39974.45,40444.32,39639.03,40079.17,18042.0551,41939.618571428575,40734.4736,46982.09989898989,44.13767088715589,144.8977201522939,325.00760219948785,-180.1098820471939,38532.430175,-0.0857851473050061
2022-02-20 00:00:00,1645315200000,40079.17,40125.44,38000.0,38386.89,33439.29011,41415.79428571429,40797.5756,46719.54323232324,38.75968455835919,-125.42122061237023,234.92183763711623,-360.3430582494865,38361.6323905,-0.1284222528942744
2022-02-21 00:00:00,1645401600000,38386.89,39494.35,36800.0,37008.16,62347.68496,40626.11142857144,40791.498,46431.55393939394,35.016239425569665,-445.7644224010728,98.78458562947844,-544.5490080305512,39750.294307,-0.1659704431010764
2022-02-22 00:00:00,1645488000000,37008.16,38429.0,36350.0,38230.33,53785.94589,39724.03571428572,40812.0488,46175.226565656565,40.50192868404693,-594.1705842309457,-39.80644834260639,-554.3641358883393,40649.8575365,-0.1210497008422032
2022-02-23 00:00:00,1645574400000,38230.33,39249.93,37036.79,37250.01,43560.732,38777.81428571429,40775.3756,45944.83404040404,37.749249422182665,-781.8742086363491,-188.22000040135487,-593.6542082349941,41223.838637,-0.1209173702669083
2022-02-24 00:00:00,1645660800000,37250.02,39843.0,34322.28,38327.21,120476.29458,38465.17285714286,40793.1936,45722.43343434344,42.38310922303727,-834.0947211062521,-317.3949445423344,-516.6997765639178,44012.455429,-0.0921567099429697
2022-02-25 00:00:00,1645747200000,38328.68,39683.53,38014.37,39219.17,56574.57125,38357.27714285714,40823.2844,45543.92383838384,45.96960371380082,-794.3493708065434,-412.7858297951762,-381.5635410113673,45214.5668055,-0.0674017433916573
2022-02-26 00:00:00,1645833600000,39219.16,40348.45,38573.18,39116.72,29361.2568,38219.78428571428,40840.1696,45352.65595959596,45.61835781325569,-762.3300864314733,-482.69468112243567,-279.63540530903765,45562.3712935,-0.0803842585822718
2022-02-27 00:00:00,1645920000000,39116.73,39855.7,37000.0,37699.07,46229.44719,38121.524285714295,40872.278,45130.34848484849,40.9550921789883,-841.6451190557855,-554.4847687091057,-287.1603503466798,45320.81265,-0.1536830511982752
2022-02-28 00:00:00,1646006400000,37699.08,44225.84,37450.17,43160.0,73945.63858,39000.35857142857,41106.2136,44974.16646464647,58.53778184164071,-458.5653854246193,-535.3008920522084,76.73550662758907,45774.0798855,-0.0162640095766105
2022-03-01 00:00:00,1646092800000,43160.0,44949.0,42809.98,44421.2,61743.09873,39884.76857142857,41220.0916,44854.71212121212,61.396869204630086,-52.597327617586416,-438.760179165284,386.1628515476976,47139.8264575,0.0963947309314661
2022-03-02 00:00:00,1646179200000,44421.2,45400.0,43334.09,43892.98,57782.65081,40833.764285714286,41320.5072,44716.85060606061,59.54489476741531,223.9310063066514,-306.22194207089694,530.1529483775483,46911.0944525,0.0980261387026311
2022-03-03 00:00:00,1646265600000,43892.99,44101.12,41832.28,42454.0,50940.61021,41423.305714285714,41323.432400000005,44568.52444444445,54.703930325781016,323.2419117309764,-180.32917131052227,503.5710830414987,47209.366528,0.0592534725644269
2022-03-04 00:00:00,1646352000000,42454.0,42527.3,38550.0,39148.66,61964.68498,41413.23285714286,41135.7792,44368.40626262626,45.54448418552168,133.6920865023858,-117.52491974794066,251.21700625032645,48979.7579365,0.0198445354651028
2022-03-05 00:00:00,1646438400000,39148.65,39613.24,38407.59,39397.96,30363.13341,41453.41,40949.978,44223.67323232324,46.27514656168861,3.5480116195612936,-93.31033347444028,96.85834509400156,49611.3105505,0.0645749477952968
2022-03-06 00:00:00,1646524800000,39397.97,39693.87,38088.57,38420.81,39677.26158,41556.51571428571,40711.901600000005,44059.024545454544,43.79475302219046,-176.40644034412253,-109.92955484837672,-66.4768854957458,49894.6670995,0.0049824314882973
2022-03-07 00:00:00,1646611200000,38420.8,39547.57,37155.0,37988.0,63994.11559,40817.65857142857,40491.60400000001,43864.20757575757,42.702932576253154,-349.9122196279932,-157.92608780430004,-191.9861318236932,51189.613091,0.019811806761931
2022-03-08 00:00:00,1646697600000,37988.01,39362.08,37867.65,38730.63,55583.06638,40004.72,40345.88,43671.827575757576,45.22619232675922,-422.6210527463773,-210.8650807927155,-211.7559719536617,52545.172775,0.0105256813631882
2022-03-09 00:00:00,1646784000000,38730.63,42594.06,38656.45,41941.71,67392.58799,39725.967142857146,40334.833600000005,43520.22303030303,54.54703368442492,-218.61593849158817,-212.41525233249007,-6.2006861590980975,53552.5024275,0.069418603198385
2022-03-10 00:00:00,1646870400000,41941.7,42039.63,38539.73,39422.0,71962.93154,39292.82428571429,40229.567200000005,43340.80818181818,47.68920842506939,-257.2940291638588,-221.3910076987638,-35.90302146509498,54958.35288400001,0.0078043353328192
2022-03-11 00:00:00,1646956800000,39422.01,40236.26,38223.6,38729.57,59018.7642,39232.95428571429,40077.3124,43161.50747474748,45.97848450255122,-339.90183206477377,-245.0931725719658,-94.80865949280798,57007.188339,0.0273348918156337
2022-03-12 00:00:00,1647043200000,38729.57,39486.71,38660.52,38807.36,24034.36432,39148.58285714285,39847.8124,43012.07626262626,46.21192617509353,-394.5440499265678,-274.98334804288623,-119.5607018836816,56536.9420495,-0.1008489341983317
2022-03-13 00:00:00,1647129600000,38807.35,39310.0,37578.51,37777.34,32791.82359,39056.65857142857,39603.9636,42897.17595959596,43.52965072612243,-515.0255134943363,-322.9917811331763,-192.03373236116005,55059.148981000006,-0.1495650725329347
2022-03-14 00:00:00,1647216000000,37777.35,39947.12,37555.0,39671.37,46945.45375,39297.14,39570.1904,42798.94404040404,49.35126931921349,-452.4598736856788,-348.8853996436768,-103.57447404200197,54717.12437399999,-0.0961796168772318
2022-03-15 00:00:00,1647302400000,39671.37,39887.61,38098.33,39280.33,46015.54926,39375.66857142857,39542.426,42686.20070707071,48.24541396194777,-429.47904621523776,-365.004128957989,-64.47491725724876,54839.86523699999,-0.0747555000706646
2022-03-16 00:00:00,1647388800000,39280.33,41718.0,38828.48,41114.0,88120.76167,39257.42428571428,39583.8192,42590.49414141414,53.50651648143317,-260.30410678722546,-344.0641245238363,83.76001773661085,53222.0885915,0.0502019737074013
2022-03-17 00:00:00,1647475200000,41114.01,41478.82,40500.0,40917.9,37189.38087,39471.124285714286,39685.0596,42493.99626262626,52.88733112846538,-140.4365148503275,-303.3386025891345,162.90208773880704,52252.8290725,0.0385791548597949
2022-03-18 00:00:00,1647561600000,40917.89,42325.02,40135.04,41757.51,45408.00969,39903.68714285714,39875.0336,42435.5308080808,55.27382564989352,22.054692676880222,-238.25994353593163,260.3146362128118,53055.166717,0.0868461648778358
2022-03-19 00:00:00,1647648000000,41757.51,42400.0,41499.29,42201.13,29067.18108,40388.51142857143,40033.8656,42385.637777777774,56.52685710016859,184.4997733015844,-153.70800016842844,338.2077734700128,52197.053411500005,0.1109068653258922
2022-03-20 00:00:00,1647734400000,42201.13,42296.26,40911.0,41262.11,30653.33468,40886.33571428571,40194.3496,42303.537979797984,53.13359190000031,234.76142024913133,-76.01411608491648,310.77553633404784,50032.4382165,0.0653611882894753
2022-03-21 00:00:00,1647820800000,41262.11,41544.22,40467.94,41002.25,39426.24877,41076.46142857143,40301.351200000005,42212.10717171717,52.19973456632184,250.73528700006864,-10.66423546791946,261.3995224679881,48916.5957185,-0.0223991821029709
2022-03-22 00:00:00,1647907200000,41002.26,43361.0,40875.51,42364.13,59454.94294,41517.00428571428,40427.1496,42168.28272727273,56.51344016226725,369.0330425798602,65.27522014163648,303.7578224382237,49000.210325,0.0746316777433919
2022-03-23 00:00:00,1647993600000,42364.13,43025.96,41751.47,42882.76,40828.87039,41769.68428571429,40577.7912,42113.12595959596,58.06545408999187,498.8831582896237,151.99680777123393,346.88635051838975,48494.623334,0.1072356341678981
2022-03-24 00:00:00,1648080000000,42882.76,44220.89,42560.46,43991.46,56195.12374,42208.764285714286,40829.4868,42063.89848484848,61.24936211611031,683.3756061159074,258.27256744016864,425.1030386757388,48206.145272,0.1335854848152515
2022-03-25 00:00:00,1648166400000,43991.46,45094.14,43579.0,44313.16,54614.43648,42573.857142857145,40875.6132,42030.37101010101,62.1474228724653,845.7958930895911,375.7772325700531,470.018660519538,49418.7104255,0.1730090048690566
2022-03-26 00:00:00,1648252800000,44313.16,44792.99,44071.97,44511.27,23041.61741,42903.87714285714,40879.216,42014.00808080808,62.72040109328699,979.2132017659532,496.4644264092332,482.7487753567201,48586.928217,0.1219998200213401
2022-03-27 00:00:00,1648339200000,44511.27,46999.0,44421.46,46827.76,41874.91071,43698.97,40996.6072,42013.9402020202,68.68872205062371,1257.3745324751726,648.6464476224211,608.7280848527515,47480.967973000006,0.1921427340350756
2022-03-28 00:00:00,1648425600000,46827.76,48189.84,46663.56,47122.21,58949.2614,44573.25,41183.3356,42018.39454545455,69.36020139482008,1484.4670333729955,815.810564772536,668.6564686004594,47649.277724,0.1461353796760227
2022-03-29 00:00:00,1648512000000,47122.21,48096.47,46950.85,47434.8,36772.28457,45297.63142857143,41514.7812,42023.65353535353,70.09344199070043,1670.4074596220237,986.7299437424336,683.6775158795899,46118.262553,0.1592677043543291
2022-03-30 00:00:00,1648598400000,47434.79,47700.22,46445.42,47067.99,40947.2085,45895.52142857143,41821.5824,42005.25060606061,68.03589635727369,1767.790101730272,1142.9419753400014,624.8481263902706,44567.476401,0.1271742496140213
2022-03-31 00:00:00,1648684800000,47067.99,47600.0,45200.0,45510.34,48645.12667,46112.50428571429,42105.16359999999,41974.16151515152,59.9836284150469,1699.684307350915,1254.2904417421842,445.3938656087312,44048.7945245,0.078415198834723
2022-04-01 00:00:00,1648771200000,45510.35,46720.09,44200.0,46283.49,56271.06474,46393.98,42436.9832,41928.148181818186,62.36460512924796,1688.6312284798987,1341.158599089727,347.47262939017173,45660.6295455,0.1216946976293746
2022-04-02 00:00:00,1648857600000,46283.49,47213.0,45620.0,45811.0,37073.53582,46579.65571428572,42720.198,41877.55222222223,60.01450058749804,1623.0362381566883,1397.5341269031194,225.50211125356896,45874.715157000006,0.1172801492601016
2022-04-03 00:00:00,1648944000000,45810.99,47444.11,45530.92,46407.35,33394.67794,46519.59714285714,42898.8236,41837.22585858586,61.96277922175409,1600.7200920270334,1438.1713199279022,162.54877209913116,45197.1763665,0.0954397033528129
2022-04-04 00:00:00,1649030400000,46407.36,46890.71,45118.0,46580.51,44641.87514,46442.21142857143,43185.164,41794.85232323232,62.533628187885725,1578.807440876706,1466.298544117663,112.50889675904318,45128.4926605,0.0862292912116664
2022-04-05 00:00:00,1649116800000,46580.5,47200.0,45353.81,45497.55,42192.74852,46165.46142857143,43455.8832,41742.287777777776,56.793031756443305,1457.257330250366,1464.4903013442035,-7.232971093837477,42832.092003000005,0.0342359630710142
2022-04-06 00:00:00,1649203200000,45497.54,45507.14,43121.0,43170.47,60849.32936,45608.67285714286,43630.4076,41698.113333333335,46.84210794174745,1159.7828295573563,1403.548806986834,-243.7659774294777,44015.0894275,-0.0257866963222663
2022-04-07 00:00:00,1649289600000,43170.47,43900.99,42727.35,43444.19,37396.54156,45313.508571428574,43857.081600000005,41667.60353535353,47.99631147041004,935.3370773955176,1309.906461068571,-374.5693836730534,43614.516021,-0.0239732544139943
2022-04-08 00:00:00,1649376000000,43444.2,43970.62,42107.14,42252.01,42375.04203,44737.58285714286,43960.30720000001,41618.42313131313,43.55999562729564,653.7274758169151,1178.67066401824,-524.9431882013248,44279.9090685,-0.0977144753453934
2022-04-09 00:00:00,1649462400000,42252.02,42800.0,42125.48,42753.97,17891.66047,44300.86428571429,44099.2528,41583.44373737374,45.830294491416005,465.68567998392245,1036.0736672113765,-570.387987227454,43641.825358,-0.0927002362580192
2022-04-10 00:00:00,1649548800000,42753.96,43410.3,41868.0,42158.85,22771.09403,43693.93571428572,44141.0468,41527.24373737374,43.59148188048029,265.578567237455,881.9746472165922,-616.3960799791372,42809.067621,-0.1112253029421438
2022-04-11 00:00:00,1649635200000,42158.85,42414.71,39200.0,39530.45,63560.44721,42686.78428571428,44085.54880000001,41448.90303030303,35.37273917619777,-103.89998055237083,684.7997216627997,-788.6997022151705,43014.3428345,-0.1601415314314462
2022-04-12 00:00:00,1649721600000,39530.45,40699.0,39254.63,40074.94,57751.01778,41912.125714285714,44018.24600000001,41384.54787878788,37.9813494293312,-348.7583301819832,478.0881112938432,-826.8464414758264,43860.450204,-0.1194321993639246
2022-04-13 00:00:00,1649808000000,40074.95,41561.31,39588.54,41147.79,41342.27254,41623.17142857143,43976.112400000005,41337.232525252526,42.87417479729319,-451.04098780994536,292.2622914730855,-743.3032792830309,43117.807644,-0.1109618138130896
2022-04-14 00:00:00,1649894400000,41147.78,41500.0,39551.94,39942.38,36807.01401,41122.91285714286,43923.323200000006,41301.79060606061,39.13808392434689,-622.1949675719152,109.37083966408537,-731.5658072360005,42227.4365205,-0.12810504027417
2022-04-15 00:00:00,1649980800000,39942.37,40870.36,39766.4,40551.9,24026.35739,40880.03999999999,43905.3092,41276.23090909091,41.89529983030049,-700.5767469572529,-52.6186776601823,-647.9580692970706,42276.67351949999,-0.1261750563218971
2022-04-16 00:00:00,1650067200000,40551.9,40709.35,39991.55,40378.71,15805.44718,40540.717142857146,43825.8924,41264.23323232323,41.32246305739186,-767.8189188750257,-195.65872590315092,-572.1601929718747,40973.200343,-0.1331415220657739
2022-04-17 00:00:00,1650153600000,40378.7,40595.67,39546.17,39678.12,19988.49259,40186.327142857146,43697.7068,41244.01484848485,38.99945896974862,-867.6389804188657,-330.05477680629394,-537.5842036125717,39025.1619025,-0.1279064477098217
2022-04-18 00:00:00,1650240000000,39678.11,41116.73,38536.51,40801.13,54243.49575,40367.85285714285,43570.0936,41233.27252525253,44.39553220341579,-846.3731143301993,-433.31844431107504,-413.0546700191243,39898.7224615,-0.0548833496600802
2022-04-19 00:00:00,1650326400000,40801.13,41760.0,40571.0,41493.18,35788.85843,40570.45857142856,43457.29439999999,41229.94616161616,47.47884073412535,-764.860277772641,-499.6268110033882,-265.23346676925274,39640.80495800001,-0.0449084215864078
2022-04-20 00:00:00,1650412800000,41493.19,42199.0,40820.0,41358.19,40877.35041,40600.51571428571,43331.1712,41216.09666666667,46.932168862353706,-703.0490208939518,-540.311252981501,-162.73776791245086,39252.416145,-0.0211544965553117
2022-04-21 00:00:00,1650499200000,41358.19,42976.0,39751.0,40480.01,59316.27657,40677.32,43077.2612,41181.52444444445,43.42891037217864,-716.663688343484,-575.5817400538976,-141.0819482895863,39404.6767365,-0.0531871075364462
2022-04-22 00:00:00,1650585600000,40480.01,40795.06,39177.0,39709.18,46664.0196,40556.93142857143,42780.74,41152.727171717175,40.56651877227253,-780.6540552815059,-616.5962030994193,-164.05785218208655,39884.2009255,-0.0581057120865488
2022-04-23 00:00:00,1650672000000,39709.19,39980.0,39285.0,39441.6,20291.42375,40423.05857142857,42461.012,41116.17808080809,39.59102043093532,-843.2380287482592,-661.9245682291873,-181.3134605190719,39229.038216,-0.0022476344185304
2022-04-24 00:00:00,1650758400000,39441.61,39940.0,38929.62,39450.13,26703.61186,40390.48857142857,42156.2976,41079.4693939394,39.640849408926144,-881.9810503675326,-705.9358646568564,-176.04518571067615,38332.125052,-0.0155910401862112
2022-04-25 00:00:00,1650844800000,39450.12,40616.0,38200.0,40426.08,63037.12784,40336.91,41952.9272,41052.74636363637,45.20948831090991,-824.4306422303052,-729.6348201715463,-94.79582205875896,39374.344018,-0.0175394595918759
2022-04-26 00:00:00,1650931200000,40426.08,40797.31,37702.26,38112.65,66650.258,39853.97714285715,41626.0936,41011.443636363634,36.59160073685602,-954.4931926386708,-774.6064946649713,-179.88669797369948,39664.39045,-0.045809238207638
2022-04-27 00:00:00,1651017600000,38112.64,39474.72,37881.31,39235.72,57083.12272,39550.76714285714,41363.0824,40979.96484848485,42.33800340643474,-955.9270062903744,-810.8705969900519,-145.05640930032234,40648.719508,-0.0324566789718854
2022-04-28 00:00:00,1651104000000,39235.72,40372.63,38881.43,39742.07,56086.6715,39445.34714285714,41096.4712,40960.59171717172,44.76833789381599,-905.7640169144724,-829.849280974936,-75.9147359395364,41334.3009815,-0.0157667245932323
2022-04-29 00:00:00,1651190400000,39742.06,39925.25,38175.0,38596.11,51453.65715,39286.33714285714,40777.0952,40939.53313131313,40.597885954856025,-947.5560449884506,-853.390633777639,-94.1654112108116,43012.400815500005,-0.0272696891889031
2022-04-30 00:00:00,1651276800000,38596.11,38795.38,37578.2,37630.8,35321.18989,39027.65142857143,40462.4252,40951.50777777778,37.43440573719752,-1046.5055137644958,-892.0136097750104,-154.49190398948542,43639.9056085,-0.0777020146255752
2022-05-01 00:00:00,1651363200000,37630.8,38675.0,37386.38,38468.35,38812.24104,38887.39714285714,40274.3404,40985.8202020202,41.68063201562772,-1045.2909321643674,-922.669074252882,-122.62185791148544,42402.4953,-0.0728994499819006
2022-05-02 00:00:00,1651449600000,38468.35,39167.34,38052.0,38525.16,53200.92628,38615.83714285714,40077.57920000001,41008.85666666667,41.968326400118265,-1027.8953376666686,-943.7143269356392,-84.18101073102935,42174.990725,-0.0684998545632679
2022-05-03 00:00:00,1651536000000,38525.16,38651.51,37517.8,37728.95,40316.45358,38561.02285714286,39896.6568,41019.65060606061,39.06002996986574,-1066.0677312919288,-968.1850078068971,-97.88272348503152,42123.699777,-0.0679609515906741
2022-05-04 00:00:00,1651622400000,37728.95,40023.77,37670.0,39690.0,62574.61736,38625.92,39774.098,41047.24333333334,48.52205225207612,-927.3889202428618,-960.0257902940904,32.63687005122847,43412.0799445,-0.0004830117368326
2022-05-05 00:00:00,1651708800000,39690.0,39845.51,35571.9,36552.97,88722.43355,38170.33428571429,39549.8628,41044.65373737374,38.28220714120764,-1058.4163028084877,-979.70389279697,-78.71241001151782,46646.8837525,-0.0732381546387569
2022-05-06 00:00:00,1651795200000,36552.97,36675.63,35258.0,36013.77,68437.80187,37801.42857142857,39409.1956,41033.07464646465,36.84299425258892,-1192.0244651854518,-1022.1680072746664,-169.8564579107856,49278.501487,-0.0871064303210154
2022-05-07 00:00:00,1651881600000,36013.77,36146.3,34785.0,35472.39,34281.70682,37493.08428571428,39225.0936,41010.40626262627,35.40381419906076,-1326.3059090399329,-1082.9955876277195,-243.3103214122132,49993.1621985,-0.1225369860248631
2022-05-08 00:00:00,1651968000000,35472.4,35514.22,33713.95,34038.4,72445.64344,36860.23428571429,38940.718,40968.70484848485,31.8543885417255,-1530.7899358884315,-1172.5544572798622,-358.23547860856934,50903.269583,-0.1069002024262285
2022-05-09 00:00:00,1652054400000,34038.39,34243.15,30033.33,30076.31,191876.926428,35653.25571428571,38546.0752,40889.86191919192,24.53523120194727,-1989.617479021712,-1335.9670616282322,-653.6504173934798,58707.6729829,-0.2334456969312657
2022-05-10 00:00:00,1652140800000,30074.23,32658.99,29730.4,31017.1,165532.00311,34694.42,38164.6832,40814.611414141415,28.723105331933425,-2251.375269464916,-1519.0487031955688,-732.3265662693468,64940.4056179,-0.2195398981482343
2022-05-11 00:00:00,1652227200000,31017.11,32162.59,27785.0,29103.94,207063.739278,33182.125714285714,37713.6924,40717.736161616165,25.61058526164142,-2583.416213322525,-1731.9222052209602,-851.4940081015652,72327.7787533,-0.2459359246307465
2022-05-12 00:00:00,1652313600000,29103.94,30243.0,26700.0,29029.75,204507.263138,32107.38,37287.7576,40638.27545454545,25.49520856483781,-2820.039901948039,-1949.545744566376,-870.4941573816632,80219.9409302,-0.2285641017464418
2022-05-13 00:00:00,1652400000000,29029.74,31083.37,28751.67,29287.05,97872.36957,31146.42,36827.1944,40557.219292929294,26.7280729585938,-2952.7662687976845,-2150.1898494126376,-802.5764193850468,84098.9882212,-0.2386715312718117
2022-05-14 00:00:00,1652486400000,29287.05,30343.27,28630.0,30086.74,51095.87863,30377.04142857143,36370.9368,40441.18383838384,30.57331849050078,-2959.311470531189,-2312.014173636348,-647.2972968948411,85318.60155970001,-0.219036598420357
2022-05-15 00:00:00,1652572800000,30086.74,31460.0,29480.0,31328.89,46275.66912,29989.96857142857,35969.7648,40339.63131313132,36.176137669406586,-2831.626241455946,-2415.936587200268,-415.6896542556783,84480.5286237,-0.1696326030806582
2022-05-16 00:00:00,1652659200000,31328.89,31328.9,29087.04,29874.01,73082.19658,29961.06857142857,35545.5248,40213.29939393939,32.83387796760154,-2815.3775150698566,-2495.824772774185,-319.5527422956711,84802.12555269999,-0.2473164525069286
2022-05-17 00:00:00,1652745600000,29874.01,30788.37,29450.38,30444.93,56724.13307,29879.33,35174.9548,40077.99575757576,35.35774941270046,-2725.01948140475,-2541.6637145002983,-183.35576690445168,84784.1760702,-0.1671010590931462
2022-05-18 00:00:00,1652832000000,30444.93,30709.99,28654.47,28715.32,59749.15799,29823.812857142857,34745.9036,39923.17080808081,31.49642863591476,-2761.146384015796,-2585.560248403398,-175.5861356123978,84967.3003947,-0.202657205840988
2022-05-19 00:00:00,1652918400000,28715.33,30545.18,28691.38,30319.23,67877.36415,30008.024285714284,34380.6676,39781.21636363636,38.23279514377084,-2630.0376452180026,-2594.45572776632,-35.58191745168324,85788.4857447,-0.1452724217341995
2022-05-20 00:00:00,1653004800000,30319.22,30777.33,28730.0,29201.01,60517.25325,29995.73285714286,33931.6648,39636.82818181818,35.60407617083649,-2586.547919433768,-2592.874166099809,6.326246666041243,87048.2889127,-0.1421156693616622
2022-05-21 00:00:00,1653091200000,29201.01,29656.18,28947.28,29445.06,20987.13124,29904.064285714285,33584.9612,39506.23555555556,36.62817196997685,-2503.530066817246,-2575.005346243296,71.47527942605029,86157.0334227,-0.0209882794797633
2022-05-22 00:00:00,1653177600000,29445.07,30487.99,29255.11,30293.94,36158.98748,29756.214285714286,33227.29,39385.79181818182,40.19104692190855,-2342.240409447404,-2528.452358884118,186.2119494367139,85304.93648270001,-0.0233148811462063
2022-05-23 00:00:00,1653264000000,30293.93,30670.51,28866.35,29109.15,63901.49932,29646.94857142857,32801.9732,39255.0391919192,37.05933551108049,-2283.694832767931,-2479.5008536608807,195.8060208929496,86484.1887697,0.0001790135631121
2022-05-24 00:00:00,1653350400000,29109.14,29845.86,28669.0,29654.58,59442.96036,29534.04142857143,32444.312,39124.92444444444,39.40035391731029,-2168.2906934006205,-2417.258821608829,248.9681282082084,86327.6059197,0.0215237816378026
2022-05-25 00:00:00,1653436800000,29654.58,30223.74,29294.21,29542.15,59537.38659,29652.16,32120.766,38973.38191919192,39.07770484145343,-2062.133254370383,-2346.2337081611395,284.10045379075655,84868.3535717,0.0087103344310881
2022-05-26 00:00:00,1653523200000,29542.14,29886.64,28019.56,29201.35,94581.65463,29492.46285714286,31750.086,38825.177777777775,38.06027542928986,-1982.647702373812,-2273.5165070036737,290.8688046298621,86175.5462097,-0.0294279140910581
2022-05-27 00:00:00,1653609600000,29201.35,29397.66,28282.9,28629.8,90998.5201,29410.86142857143,31354.2716,38705.11818181819,36.35092903187388,-1943.3721536314988,-2207.4876363292387,264.11548269773994,89011.3868737,-0.0861533874963332
2022-05-28 00:00:00,1653696000000,28629.81,29266.0,28450.0,29031.33,34479.35127,29351.757142857143,31006.366800000003,38594.58171717172,38.44256975589632,-1858.4231379088087,-2137.6747366451527,279.251598736344,87113.0722652,-0.0282077966767767
2022-05-29 00:00:00,1653782400000,29031.33,29587.78,28839.21,29468.1,27567.34764,29233.78,30597.4908,38487.39919191919,40.72443608257784,-1735.84697871971,-2057.309185060064,321.462206340354,78897.5933258,-0.0320851452113701
2022-05-30 00:00:00,1653868800000,29468.1,32222.0,29299.62,31734.22,96785.9476,29608.790000000005,30404.7408,38420.2005050505,50.8951006142009,-1439.2566889992522,-1933.6986858479013,494.4419968486495,75460.29055030001,0.1051320340501169
2022-05-31 00:00:00,1653955200000,31734.23,32399.0,31200.01,31801.04,62433.11632,29915.42714285714,30236.231600000003,38367.60333333333,51.16120182746623,-1185.153223389214,-1783.9895933561645,598.8363699669503,68228.7594024,0.0488736026607536
2022-06-01 00:00:00,1654041600000,31801.05,31982.97,29301.0,29805.83,103395.63382,29953.095714285715,30009.5692,38282.507373737375,43.56901933157708,-1131.725343228769,-1653.536743330685,521.8114001019164,63173.17793650001,0.0207122972801283
2022-06-02 00:00:00,1654128000000,29805.84,30689.0,29594.55,30452.62,56961.42928,30131.84857142857,29866.138,38213.84686868687,46.348521168113926,-1025.37295457624,-1527.9039855797964,502.53103100355656,61127.630922,0.0342183035116925
2022-06-03 00:00:00,1654214400000,30452.63,30699.0,29282.36,29700.21,54067.44727,30284.76428571429,29851.094,38126.70545454546,43.65477267564702,-990.384582217972,-1420.4001049074316,430.01552268945966,61276.209354000006,-0.0195989692988102
2022-06-04 00:00:00,1654300800000,29700.21,29988.88,29485.0,29864.04,25617.90113,30403.722857142857,29804.9716,38032.2091919192,44.41234322945861,-938.6165459575896,-1324.0433931174632,385.42684715987366,60243.3209545,0.0259330828966148
2022-06-05 00:00:00,1654387200000,29864.03,30189.0,29531.42,29919.21,23139.9281,30468.167142857143,29837.5824,37939.305050505056,44.68207126958573,-882.9600326942418,-1235.826721032819,352.8666883385772,57746.2075305,0.0089237480348733
2022-06-06 00:00:00,1654473600000,29919.2,31765.64,29890.23,31373.1,68836.92456,30416.57857142857,29931.3164,37875.406363636364,51.37776928366402,-713.3124507050743,-1131.32386696727,418.0114162621958,58351.84710500001,0.0619775473349095
2022-06-07 00:00:00,1654560000000,31373.1,31589.6,29218.96,31125.33,110674.51658,30320.04857142857,30004.8476,37753.84404040404,50.26125286846624,-592.0338898793125,-1023.4658715496786,431.4319816703661,60898.1150345,0.0658866798966486
2022-06-08 00:00:00,1654646400000,31125.32,31327.22,29843.88,30204.77,68542.61276,30377.04,30009.5688,37610.24373737373,46.24055900886615,-563.703235216628,-931.5133442830684,367.8101090664405,60931.377465000005,0.0550115613801005
2022-06-09 00:00:00,1654732800000,30204.77,30700.0,29944.1,30109.93,46291.1865,30328.084285714285,29960.8104,37471.02101010101,45.83376239043336,-542.6484689114877,-853.7403692087523,311.0919002972646,60220.0741275,0.0371529654342395
2022-06-10 00:00:00,1654819200000,30109.93,30382.8,28850.0,29091.88,76204.2498,30241.18,29929.5252,37336.0501010101,41.6028008764159,-601.1805070608934,-803.2283967791807,202.04788971828725,62980.93005549999,-0.0127670260383261
2022-06-11 00:00:00,1654905600000,29091.87,29440.41,28099.99,28424.7,65901.39895,30035.56,29848.716,37227.72727272727,39.05817407708611,-693.410217781242,-781.2647609795929,87.85454319835094,64468.050629000005,-0.1042886826901685
2022-06-12 00:00:00,1654992000000,28424.71,28544.96,26560.0,26574.53,92474.598809,29557.74857142857,29763.084400000003,37098.19767676768,33.02556619022721,-905.3597607355769,-806.0837609307898,-99.27599980478703,65896.70560345,-0.1643502853994712
2022-06-13 00:00:00,1655078400000,26574.53,26895.84,21925.77,22487.41,254611.034966,28288.364285714284,29449.8116,36937.25424242424,24.151424630014105,-1387.1376674862877,-922.2945422418896,-464.84312524439815,75655.10933375,-0.2455365275853751
2022-06-14 00:00:00,1655164800000,22485.27,23362.88,20846.0,22136.41,187201.64671,27004.23285714286,29167.2276,36777.13717171717,23.56578244110723,-1776.791153772614,-1093.1938645480343,-683.5972892245795,82038.32233975,-0.2730868476998038
2022-06-15 00:00:00,1655251200000,22136.42,22800.0,20111.62,22583.72,200774.493467,25915.511428571423,28892.774,36614.03707070707,26.02754305683291,-2026.1440429852885,-1279.7839002354854,-746.3601427498029,87347.9642816,-0.2396107636949367
2022-06-16 00:00:00,1655337600000,22583.72,22995.73,20232.0,20401.31,99673.59429,24528.56571428572,28497.068800000005,36396.45727272728,22.26046479880449,-2372.511417234702,-1498.3294036353288,-874.1820135993732,87781.7179911,-0.3168603444142185
2022-06-17 00:00:00,1655424000000,20400.6,21365.43,20246.66,20468.81,86694.33663,23296.698571428573,28151.4552,36205.01090909091,22.633437360853364,-2611.4600846126195,-1720.955539830787,-890.5045447818325,90392.4672591,-0.3158639549640515
2022-06-18 00:00:00,1655510400000,20468.81,20792.06,17622.0,18970.79,196441.655524,21946.14,27724.1036,36005.42727272728,20.3051351486308,-2888.4105210527305,-1954.446536075176,-933.9639849775544,98836.1826533,-0.3953166885006581
2022-06-19 00:00:00,1655596800000,18970.79,20815.95,17960.41,20574.0,128320.87595,21088.92142857143,27365.377600000003,35821.25191919192,28.75240779847612,-2944.5867260009327,-2152.4745740603275,-792.1121519406051,100412.9290708,-0.3389949600534356
2022-06-20 00:00:00,1655683200000,20574.0,21090.0,19637.03,20573.89,109028.94154,20815.56142857143,27020.2792,35647.4796969697,28.7521826111485,-2955.051653228147,-2312.989989893892,-642.0616633342556,102742.7203318,-0.3188529493851468
2022-06-21 00:00:00,1655769600000,20573.9,21723.0,20348.4,20723.52,104371.0749,20613.72,26704.028,35456.08727272727,29.560343136348635,-2917.638571674219,-2433.919706249957,-483.7188654242618,102791.4923858,-0.3117380213105776
2022-06-22 00:00:00,1655856000000,20723.51,20900.0,19770.51,19987.99,92133.97938,20242.90142857143,26342.2944,35261.21515151515,27.88587552486416,-2913.7516437140257,-2529.8860937427708,-383.86554997125495,104550.1198908,-0.3129357745185254
2022-06-23 00:00:00,1655942400000,19988.0,21233.0,19890.07,21110.13,83127.08716,20344.161428571428,26007.9756,35059.15585858586,34.02592572142628,-2787.9857412527454,-2581.506023244766,-206.4797180079795,106003.10188529998,-0.2573314757939398
2022-06-24 00:00:00,1656028800000,21110.12,21558.41,20736.72,21237.69,77430.36622,20454.00142857143,25588.1144,34860.36585858586,34.7064971378378,-2647.503558512395,-2594.705530298292,-52.7980282141034,108593.72513980002,-0.2008253767799468
2022-06-25 00:00:00,1656115200000,21237.68,21614.5,20906.62,21491.19,51431.67794,20814.058571428573,25175.7204,34655.65555555555,36.11687247873977,-2487.045967379501,-2573.173617714534,86.12765033503274,110008.3126318,-0.044301233445737
2022-06-26 00:00:00,1656201600000,21491.18,21888.0,20964.73,21038.07,53278.10464,20880.35428571428,24825.01,34441.88727272728,34.67508189539009,-2369.135251051681,-2532.365944381964,163.23069333028252,109230.37163580002,-0.0496168981329854
2022-06-27 00:00:00,1656288000000,21038.08,21539.85,20510.0,20742.56,64475.0013,20904.450000000004,24436.607600000003,34234.619090909095,33.729401644630386,-2273.329815170324,-2480.558718539636,207.2289033693114,106920.3958718,-0.0815259842045509
2022-06-28 00:00:00,1656374400000,20742.57,21212.1,20202.01,20281.29,63801.0832,20841.274285714288,24059.8508,34025.316464646465,32.2508525973643,-2209.1581509878342,-2426.2786050292752,217.120454041441,106683.31939380002,-0.005882955555305
2022-06-29 00:00:00,1656460800000,20281.28,20432.31,19854.92,20123.01,77309.04379,20860.562857142857,23670.2096,33800.658686868686,31.73675551386974,-2146.3319394375867,-2370.2892719109377,223.95733247335104,108234.2122583,-0.0168939962801942
2022-06-30 00:00:00,1656547200000,20123.0,20179.08,18626.0,19942.21,93846.64806,20693.717142857146,23271.129600000004,33568.93595959596,31.126390310550264,-2087.07229290178,-2313.645876109106,226.5735832073269,109116.3321713,0.0512060910483957
2022-07-01 00:00:00,1656633600000,19942.21,20918.35,18975.0,19279.8,111844.59494,20414.018571428573,22787.3976,33319.32323232323,28.931037212158103,-2069.701318631261,-2264.856964613537,195.155645982276,111413.49197079998,-0.0629046369203849
2022-07-02 00:00:00,1656720000000,19279.8,19467.39,18977.01,19252.81,46180.3021,20094.25,22312.4968,33066.18838383838,28.841776915915705,-2034.6582895745123,-2218.817229605733,184.15894003122048,109098.77713535,-0.0642114835842905
2022-07-03 00:00:00,1656806400000,19252.82,19647.63,18781.0,19315.83,51087.46631,19848.21571428572,21876.9392,32811.68898989899,29.389578547331,-1978.988699406691,-2170.8515235659243,191.86282415923324,98922.59870255,-0.0679271668133598
2022-07-04 00:00:00,1656892800000,19315.83,20354.01,19055.31,20236.71,74814.04601,19775.95142857143,21482.0104,32543.092525252523,37.01939954240847,-1839.359833042654,-2104.55318546127,265.1933524186161,93303.21866755,0.0124434723051189
2022-07-05 00:00:00,1656979200000,20236.71,20750.0,19304.4,20175.83,96041.13756,19760.885714285712,21125.3684,32270.906868686867,36.7367795284913,-1713.8591561700596,-2026.414379603028,312.55522343296843,88066.5508722,-0.0442583726391073
2022-07-06 00:00:00,1657065600000,20175.84,20675.22,19761.25,20564.51,82439.5808,19823.957142857143,20810.9608,31999.4897979798,39.89185051339437,-1564.9954445898802,-1934.1305926003984,369.1351480105184,87204.8501977,-0.031697420953032
2022-07-07 00:00:00,1657152000000,20564.51,21838.1,20251.68,21624.98,85014.58261,20064.35285714285,20612.9788,31742.489696969697,47.574195695206505,-1345.933728171338,-1816.4912197145864,470.5574915432485,87120.86249669999,0.0062253416399928
2022-07-08 00:00:00,1657238400000,21624.99,22527.37,21189.26,21594.75,403081.57349,20395.06,20577.2724,31500.91808080808,47.38826303074325,-1161.3774121377571,-1685.4684581992203,524.0910460614632,97452.858395,0.026460602136983
2022-07-09 00:00:00,1657324800000,21594.75,21980.0,21322.12,21591.83,178417.84468,20729.20571428572,20555.4892,31251.50737373737,47.36900517674592,-1003.7798720870924,-1549.1307409767949,545.3508688897025,99957.7068315,0.0409433551114231
2022-07-10 00:00:00,1657411200000,21592.15,21607.65,20655.0,20862.47,192188.21556,20950.15428571429,20486.6392,30999.502020202017,42.70112024349998,-927.0494931632091,-1424.714491414078,497.6649982508686,104115.6705325,0.0286559681361491
2022-07-11 00:00:00,1657497600000,20861.11,20868.48,19875.23,19963.61,137535.40724,20911.140000000003,20469.1312,30732.39353535353,37.76234130895338,-928.0723644546088,-1325.386066022184,397.3137015675752,105773.8871495,-0.0079212801663368
2022-07-12 00:00:00,1657584000000,19963.61,20059.42,19240.0,19328.75,139506.45862,20790.12857142857,20423.5288,30457.12323232323,34.70888587612457,-968.9415386634828,-1254.0971605504435,285.15562188696094,108142.5111115,-0.0307618864709577
2022-07-13 00:00:00,1657670400000,19331.28,20366.61,18910.94,20234.87,209250.24888,20743.037142857145,20474.092,30201.944646464646,41.92663967234739,-917.6364012070372,-1186.8050086817625,269.1686074747254,114448.6691975,0.0495373395989584
2022-07-14 00:00:00,1657756800000,20234.87,20900.0,19616.07,20588.84,174809.21696,20595.01714285714,20474.6856,29973.84737373737,44.507404580382456,-838.7457504795384,-1117.1931570413176,278.4474065617792,119317.6117345,0.0693940261187846
2022-07-15 00:00:00,1657843200000,20588.84,21200.0,20382.29,20830.04,143343.3049,20485.772857142856,20484.9316,29745.421616161613,46.25993359939135,-748.1374543200509,-1043.3820164970643,295.24456217701345,123913.1930825,0.0783921788501968
2022-07-16 00:00:00,1657929600000,20830.04,21588.94,20478.61,21195.6,121011.67393,20429.16857142857,20503.8148,29532.73060606061,48.89423880600087,-639.4607840603967,-962.5977700097308,323.1369859493341,127299.871547,0.0473836903330631
2022-07-17 00:00:00,1658016000000,21195.6,21684.54,20750.01,20798.16,118229.4525,20419.981428571427,20536.2216,29310.95474747475,46.24032763205415,-578.7325576853364,-885.824727544852,307.0921698595156,129987.594107,0.0308453233398575
2022-07-18 00:00:00,1658102400000,20799.58,22777.63,20762.45,22432.58,239942.73132,20772.691428571427,20589.1196,29111.69949494949,56.65884560911406,-394.1771375033313,-787.4952095365478,393.3180720332165,138794.67651299998,0.0908395094266774
2022-07-19 00:00:00,1658188800000,22432.58,23800.0,21579.54,23396.62,263770.76574,21353.81571428572,20675.4768,28948.73151515152,61.40942568968122,-168.18691214702267,-663.6335500586428,495.4466379116201,148117.7626105,0.0819256249023119
2022-07-20 00:00:00,1658275200000,23398.48,24276.74,22906.19,23223.3,238762.17094,21780.734285714287,20744.7612,28778.51292929293,60.13328254968439,-3.038480176732264,-531.5145360822606,528.4760559055284,155363.5387545,0.0754141631646581
2022-07-21 00:00:00,1658361600000,23223.3,23442.77,22341.46,23152.19,184817.68191,22146.927142857145,20829.326,28596.7391919192,59.58617021141081,120.71335091312358,-401.0689586831838,521.7823095963074,159012.193103,0.0722662229185759
2022-07-22 00:00:00,1658448000000,23152.19,23756.49,22500.0,22684.83,171598.43966,22411.897142857146,20907.0168,28422.420505050504,55.981140224893885,179.01198380787173,-285.0527701849727,464.0647539928444,165283.099981,0.0873511142256886
2022-07-23 00:00:00,1658534400000,22684.83,23000.77,21934.57,22451.07,122137.77375,22591.25,20993.808,28239.58383838384,54.21436568660215,204.0000069156304,-187.2422147648521,391.2422216804824,168835.615353,0.1245997091708361
2022-07-24 00:00:00,1658620800000,22448.58,23014.64,22257.15,22579.68,115189.67277,22845.752857142856,21092.0748,28059.795656565657,55.05481549498052,231.5122186733861,-103.49132807720446,335.00354675059054,170854.396691,0.1681914246911984
2022-07-25 00:00:00,1658707200000,22577.13,22666.0,21250.0,21310.9,180344.76643,22685.512857142858,21146.8224,27874.26818181818,46.070210069300856,149.2158350799109,-52.94989544578139,202.16573052569228,175069.5781345,0.0531770157159399
2022-07-26 00:00:00,1658793600000,21310.9,21347.82,20706.5,21254.67,177817.24326,22379.52,21225.8172,27676.82919191919,45.71415201978725,78.55256206416743,-26.649403943791626,105.20196600795906,179838.46125750002,0.0323393644323817
2022-07-27 00:00:00,1658880000000,21254.67,23112.63,21042.53,22952.45,210971.19796,22340.82714285714,21373.8028,27489.54909090909,56.6165637067712,157.72985457816685,10.22644776060007,147.50340681756677,186136.292025,0.1018917870536975
2022-07-28 00:00:00,1658966400000,22954.31,24199.72,22582.13,23842.93,236029.0741,22439.504285714287,21554.8868,27312.62727272727,61.03654883790861,289.00129623923567,65.9814174563272,223.01987878290848,177783.6670555,0.1248999792409746
2022-07-29 00:00:00,1659052800000,23845.25,24442.66,23414.03,23773.75,198298.50623,22595.06428571429,21696.3684,27143.87717171717,60.52067713080572,383.0371972986068,129.3925734247831,253.6446238738237,178777.70013299998,0.1430698677190673
2022-07-30 00:00:00,1659139200000,23777.28,24668.0,23502.25,23643.51,151060.13211,22765.412857142856,21835.0756,26981.59767676768,59.50108808450005,441.9574366209199,191.90554606401048,250.05189055690943,176721.2959605,0.0539808617644512
2022-07-31 00:00:00,1659225600000,23644.64,24194.82,23227.31,23293.32,127743.32483,22867.36142857143,21944.228000000003,26818.48373737373,56.73347846928712,455.14808068688217,244.55405298858483,210.5940276982973,176231.69183999998,-0.0044151676609698
2022-08-01 00:00:00,1659312000000,23296.36,23509.68,22850.0,23268.01,144210.16219,23146.948571428573,22009.9492,26655.02797979798,56.52882318827821,458.2767268275966,287.2985877563872,170.9781390712094,176466.8770185,0.0019252216523921
2022-08-02 00:00:00,1659398400000,23266.9,23459.89,22654.37,22987.79,158073.28225,23394.537142857145,22065.6708,26478.88363636364,54.19774712392551,433.151686318728,316.46920746885536,116.68247884987268,173908.02868699998,-0.0071008401365053
2022-08-03 00:00:00,1659484800000,22985.93,23647.68,22681.22,22818.37,145948.80995,23375.382857142857,22114.7324,26324.39595959596,52.78061234313318,395.0156382127061,332.1784936176255,62.83714459508059,172465.00833649997,0.0058867533942286
2022-08-04 00:00:00,1659571200000,22816.91,23223.32,22400.0,22622.98,154854.67016,23201.10428571428,22185.1528,26156.59050505051,51.12046343567552,345.0486986628312,334.75253462666666,10.296164036164498,173040.5765995,0.0076570960760444
2022-08-05 00:00:00,1659657600000,22622.41,23472.86,22586.95,23312.42,175251.69749,23135.2,22319.1052,25990.634444444444,56.338961300393535,356.96669532702435,339.1953667667382,17.77132856028618,175752.5777775,0.0324513013470517
2022-08-06 00:00:00,1659744000000,23313.56,23354.36,22909.52,22954.21,83911.80307,23036.72857142857,22464.1236,25832.635454545456,53.1631475245166,333.66100387786355,338.0884941889633,-4.427490311099746,174036.695306,0.0771112435420371
2022-08-07 00:00:00,1659830400000,22954.21,23402.0,22844.62,23174.39,88890.00877,23019.73857142857,22581.7044,25686.61111111111,54.84794819940811,329.1633709319103,336.3034695375527,-7.140098605642379,166484.0591785,0.0903199155762004
2022-08-08 00:00:00,1659916800000,23174.39,24245.0,23154.25,23810.0,170958.44152,23097.16571428571,22710.5508,25538.54696969697,59.38942877883069,372.5923665334303,343.56124893672825,29.031117596702074,161843.4429675,0.0373620245333286
2022-08-09 00:00:00,1660003200000,23810.98,23933.25,22865.0,23149.95,143182.50858,23120.33142857143,22803.347200000004,25383.241818181818,53.38452377457023,349.7183047792605,344.79266010523475,4.925644674025762,157064.45984949998,-0.0290643809296927
2022-08-10 00:00:00,1660089600000,23151.32,24226.0,22664.69,23954.05,208916.54953,23282.571428571428,22913.6852,25244.10141414141,58.84396762299639,391.9563668832088,354.2254014608296,37.730965422379256,158269.4032305,0.0075839949524159
2022-08-11 00:00:00,1660176000000,23954.05,24918.54,23852.13,23934.39,249759.79557,23469.915714285715,23039.1344,25084.95383838384,58.66306653686841,419.0138073705384,367.18308264277135,51.83072472776706,162177.47102599998,0.0123027418517809
2022-08-12 00:00:00,1660262400000,23933.09,24456.5,23583.0,24403.68,174207.5704,23625.81,23117.978400000004,24962.23373737374,61.69058768923741,472.8738099475595,388.32122810372897,84.55258184383052,164780.9608585,0.0476686019854619
2022-08-13 00:00:00,1660348800000,24401.7,24888.0,24291.22,24441.38,152852.25435,23838.262857142858,23159.768800000005,24845.340909090908,61.93179808874186,512.6903497449675,413.1950524319767,99.49529731299084,166664.08993750002,0.050428463800729
2022-08-14 00:00:00,1660435200000,24443.06,25047.56,24144.0,24305.24,151206.14473,23999.812857142857,23203.046400000003,24732.54141414141,60.45157478706395,527.182848449549,435.9926116354912,91.1902368140578,165207.1588525,0.0573108593736066
2022-08-15 00:00:00,1660521600000,24305.25,25211.32,23773.22,24094.82,242539.54758,24040.50142857143,23240.751600000003,24632.10121212121,58.13863497506189,515.7439474522871,451.9428787988505,63.80106865343663,168443.27406849997,0.0559395785062648
2022-08-16 00:00:00,1660608000000,24093.04,24247.49,23671.22,23854.74,179324.94821,24141.185714285715,23287.548,24569.257070707063,55.52813640038927,481.7527407170819,457.9048511824968,23.84788953458508,166860.96158099998,0.0544472920897247
2022-08-17 00:00:00,1660694400000,23856.15,24446.71,23180.4,23342.66,210668.68766,24053.844285714284,23323.2116,24491.73747474747,50.33645783672959,408.7817070559722,448.08022235719193,-39.29851530121971,165592.942259,0.0012971626283329
2022-08-18 00:00:00,1660780800000,23342.66,23600.0,23111.04,23191.2,144185.97011,23947.674285714285,23347.6724,24432.01282828283,48.88073971384084,334.86990909292945,425.43815970433945,-90.56825061141,162887.315453,0.0103244677120233
2022-08-19 00:00:00,1660867200000,23191.45,23208.67,20783.57,20834.39,283995.87747,23437.77571428572,23328.612,24349.23141414141,32.92463420510795,85.13798864788987,357.37812549304954,-272.24013684515967,169534.102721,-0.1009735315578964
2022-08-20 00:00:00,1660953600000,20834.39,21382.85,20761.9,21140.07,183041.68363,22966.16,23324.028,24266.93868686869,35.84956678060583,-87.10642752583954,268.4812148892717,-355.58764241511125,172299.020661,-0.1121348173036539
2022-08-21 00:00:00,1661040000000,21140.07,21800.0,21069.11,21515.61,159200.6841,22567.64142857143,23266.5544,24180.361616161616,39.34874804323185,-191.10548375851795,176.5638751597138,-367.66935891823175,173048.5467565,-0.0705979926522519
2022-08-22 00:00:00,1661126400000,21516.7,21548.71,20890.18,21399.83,222222.04526,22182.64285714286,23168.8304,24080.068080808083,38.6488014507024,-279.6443969464199,85.32222073848708,-364.96661768490696,176255.984907,-0.1066299853260721
2022-08-23 00:00:00,1661212800000,21400.75,21684.87,20890.14,21529.12,200967.77164,21850.411428571428,23079.0452,23995.776262626263,39.93373505053764,-335.5119283962413,1.155390911541403,-336.6673193077827,179006.9329915,-0.1004943096523454
2022-08-24 00:00:00,1661299200000,21529.11,21900.0,21145.0,21368.08,174383.22046,21568.32857142857,22988.028,23904.090909090908,38.84249997237359,-388.3057843367424,-76.73684413811536,-311.568940198627,179983.3605065,-0.1243910754443591
2022-08-25 00:00:00,1661385600000,21368.05,21819.88,21310.15,21559.04,169915.78301,21335.16285714286,22918.6568,23831.80525252525,40.904671859231286,-410.0100784857168,-143.39149100763564,-266.6185874780812,179716.56478249998,-0.1179286930607027
2022-08-26 00:00:00,1661472000000,21559.04,21886.77,20107.9,20241.05,273811.61955,21250.4,22797.5784,23730.00545454545,32.70730621585642,-527.4811912407749,-220.20943105426352,-307.2717601865114,189211.5556065,-0.1672145594941667
2022-08-27 00:00:00,1661558400000,20239.14,20402.93,19800.0,20037.6,162582.46032,21092.904285714285,22679.5708,23637.44575757576,31.65281258041432,-629.735411305388,-302.1146271044884,-327.62078420089955,192896.178184,-0.1683855700104836
2022-08-28 00:00:00,1661644800000,20037.6,20171.18,19520.0,19555.61,139307.95976,20812.904285714285,22549.0604,23537.552323232325,29.247083244189383,-741.1219892898516,-389.916099541561,-351.2058897482906,191313.654096,-0.1802212055130343
2022-08-29 00:00:00,1661731200000,19555.61,20433.62,19550.79,20285.73,210509.49545,20653.74714285714,22455.5704,23436.459292929296,37.05182443030112,-761.7016502259467,-464.2732096784382,-297.42844054750844,194680.0034395,-0.1309589395553034
2022-08-30 00:00:00,1661817600000,20287.2,20576.25,19540.0,19811.66,256634.35529,20408.395714285714,22315.54,23342.54525252525,34.398521449036835,-806.9625053727286,-532.8110688172964,-274.15143655543227,197065.8937275,-0.1457251026251337
2022-08-31 00:00:00,1661904000000,19813.03,20490.0,19797.94,20050.02,276946.60765,20220.101428571423,22199.372400000004,23245.5294949495,36.847274188149534,-814.2126624777848,-589.0913875493941,-225.12127492839068,198425.2343315,-0.0376478505010225
2022-09-01 00:00:00,1661990400000,20048.44,20208.37,19565.66,20131.46,245289.97263,20016.161428571428,22077.6552,23150.47202020202,37.7029084177546,-804.1175700389795,-632.0966240473113,-172.0209459916682,201979.354443,-0.0477108164731715
2022-09-02 00:00:00,1662076800000,20132.64,20441.26,19755.29,19951.86,245986.6033,19974.84857142857,21923.3296,23057.04282828283,36.527551252390055,-801.3716421163917,-665.9516276611273,-135.42001445526444,206636.0718905,-0.072679789232097
2022-09-03 00:00:00,1662163200000,19950.98,20055.93,19652.72,19831.9,146639.03204,19945.46285714285,21790.6076,22968.17515151515,35.72642786688344,-799.657292409338,-692.6927606107695,-106.96453179856849,206407.716256,-0.0732683390475531
2022-09-04 00:00:00,1662249600000,19832.45,20029.23,19583.1,20000.3,145588.77893,20008.99,21632.4576,22876.952626262628,37.789125040521526,-775.7676190786333,-709.3077323043423,-66.45988677429102,201560.1778235,-0.071011727372043
2022-09-05 00:00:00,1662336000000,20000.3,20057.27,19633.83,19796.84,222543.01057,19939.148571428574,21466.9556,22779.263131313128,36.27442977928592,-764.4404092716286,-720.3342676977995,-44.10614157382906,203721.0809415,-0.0735321095765273
2022-09-06 00:00:00,1662422400000,19795.34,20180.0,18649.51,18790.61,356315.05718,19793.28428571429,21242.4328,22648.519595959595,29.89284449373899,-827.1233029069226,-741.6920747396241,-85.43122816729851,211003.3994175,-0.1284115619248352
2022-09-07 00:00:00,1662508800000,18790.61,19464.06,18510.77,19292.84,287394.7788,19685.11571428572,21036.4912,22522.174141414143,35.94959821724039,-826.7439938985954,-758.7024585714184,-68.04153532717692,218163.83985200003,-0.0468458899118375
2022-09-08 00:00:00,1662595200000,19292.85,19458.25,19012.0,19319.77,262813.28273,19569.16,20837.0724,22416.25434343434,36.267546578747385,-814.8769683918035,-769.9373605354956,-44.93960785630793,217104.710115,-0.0358241505968778
2022-09-09 00:00:00,1662681600000,19320.54,21597.22,19291.75,21360.11,428919.74652,19770.33857142857,20727.684,22324.410808080807,54.63974400068525,-633.5309288250355,-742.6560741934037,109.12514536836818,229398.6132595,0.0922753112789629
2022-09-10 00:00:00,1662768000000,21361.62,21810.8,21111.13,21648.34,307997.33504,20029.83,20639.428,22243.078787878785,56.5454548062477,-461.2382661579104,-686.372512586305,225.1342464283946,236838.4458065,0.0671708634591903
2022-09-11 00:00:00,1662854400000,21647.21,21860.0,21350.0,21826.87,280702.55149,20290.768571428573,20578.7964,22161.89525252525,57.7300499311112,-306.7531513485337,-610.4486403387507,303.695488990217,239762.471118,0.1017183820033251
2022-09-12 00:00:00,1662940800000,21826.87,22488.0,21538.51,22395.74,395395.61828,20662.04,20546.978,22085.900606060604,61.34594867849036,-136.84209955943516,-515.7273321828876,378.88523262345245,249483.86345,0.1169933995078309
2022-09-13 00:00:00,1663027200000,22395.44,22799.0,19860.0,20173.57,431915.03333,20859.60571428572,20520.5452,21972.774040404045,45.11196231048548,-179.42857351886414,-448.4675804500829,269.03900693121875,262360.4540935,0.002091750921195
2022-09-14 00:00:00,1663113600000,20173.62,20541.48,19617.62,20226.71,340826.40151,20993.01571428572,20484.0108,21862.686969696973,45.48349433527376,-206.51018618202207,-400.0761015964708,193.56591541444865,270905.9850185,0.013775658008827
2022-09-15 00:00:00,1663200000000,20227.17,20330.24,19497.0,19701.88,333069.76076,21047.60285714285,20411.4616,21756.59717171717,42.42884379967072,-267.2413620727348,-373.5091536917236,106.26779161898884,273868.892079,-0.0065561040545787
2022-09-16 00:00:00,1663286400000,19701.88,19890.0,19320.01,19803.3,283791.07064,20825.20142857143,20347.6004,21652.4897979798,43.22239403344072,-303.6867977469701,-359.54468250277296,55.85788475580284,279929.322595,-0.0098498522522162
2022-09-17 00:00:00,1663372800000,19803.3,20189.0,19748.08,20113.62,179350.24338,20605.95571428572,20290.9804,21561.800303030304,45.68915395910537,-304.02522401313763,-348.4407908048459,44.41556679170827,281931.436776,0.0160015436807086
2022-09-18 00:00:00,1663459200000,20112.61,20117.26,19335.62,19416.18,254217.46904,20261.571428571428,20212.9044,21470.80515151516,41.34183662607017,-356.461937195887,-350.0450200830541,-6.416917112832891,284116.8354555,0.03329162810574
2022-09-19 00:00:00,1663545600000,19417.45,19686.2,18232.56,19537.02,380512.40306,19853.182857142856,20132.0236,21399.7191919192,42.36508816857676,-383.84292972144976,-356.8046020107333,-27.038327710716487,290310.737844,0.0126565088395487
2022-09-20 00:00:00,1663632000000,19537.02,19634.62,18711.87,18875.0,324098.3286,19667.672857142858,20077.3816,21363.230202020204,38.41175699873641,-453.7317081420915,-376.19002323700494,-77.54168490508658,292668.3238915,-0.0230214955975148
2022-09-21 00:00:00,1663718400000,18874.31,19956.0,18125.98,18461.36,385034.10021,19415.48,20014.332,21326.10848484849,36.142373687156336,-536.3140649315719,-408.2148315759183,-128.0992333556536,299655.5302705,-0.1357085707891954
2022-09-22 00:00:00,1663804800000,18461.36,19550.17,18356.39,19401.63,379321.72111,19372.58714285714,20008.1728,21293.96616161616,44.21111999105146,-519.8962069753907,-430.5511066558128,-89.34510031957785,306322.286161,-0.1037820913751353
2022-09-23 00:00:00,1663891200000,19401.63,19500.0,18531.42,19289.91,385886.91829,19299.24571428572,19968.34,21282.739898989897,43.5076876651144,-510.0206065028797,-446.4450066252262,-63.575599877653474,318284.6804735,-0.1162310491609652
2022-09-24 00:00:00,1663977600000,19288.57,19316.14,18805.34,18920.5,239496.56746,19128.8,19932.6936,21267.100404040404,41.17484635801966,-525.9397160300832,-462.3439485061977,-63.59576752388557,322980.0699,-0.1551741536560078
2022-09-25 00:00:00,1664064000000,18921.99,19180.21,18629.2,18807.38,191191.4492,19041.82857142857,19882.988,21265.4497979798,40.45943725067292,-541.4421555054687,-478.1635899060519,-63.27856559941682,321412.4918315,-0.0677217765621056
2022-09-26 00:00:00,1664150400000,18809.13,19318.96,18680.72,19227.82,439239.21943,18997.657142857144,19846.8424,21251.852020202023,44.33099090644842,-513.8782872254378,-485.3065293699291,-28.571757855508736,325558.69994399993,-0.0493846997361409
2022-09-27 00:00:00,1664236800000,19226.68,20385.86,18816.32,19079.13,593260.74161,19026.81857142857,19811.9332,21236.753434343434,43.259673882991216,-498.2878116530446,-487.9027858265522,-10.385025826492438,340851.9980845,-0.0316086586660765
2022-09-28 00:00:00,1664323200000,19078.1,19790.0,18471.28,19412.82,521385.45547,19162.74142857143,19795.17,21223.514040404043,46.39076898308636,-453.7754127099652,-481.0773112032348,27.30189849326962,353780.6067215,-0.0197179258002453
2022-09-29 00:00:00,1664409600000,19412.82,19645.52,18843.01,19591.51,406424.93256,19189.867142857143,19778.8184,21219.509191919195,48.04417833108973,-399.4753233647061,-464.756913635529,65.2815902708229,352655.86602350004,-0.0259580324178343
2022-09-30 00:00:00,1664496000000,19590.54,20185.0,19155.36,19422.61,444322.9534,19208.824285714287,19763.8492,21202.463535353538,46.581762721500894,-365.8535972581376,-444.9762503600508,79.12265310191316,359472.1469415,0.0003311670987804
2022-10-01 00:00:00,1664582400000,19422.61,19484.0,19159.42,19310.95,165625.13959,19264.60285714285,19784.6628,21183.001515151514,45.59369326568831,-344.24986771871045,-424.8309738317826,80.58110611307222,353718.2763465,-0.0115713655409064
2022-10-02 00:00:00,1664668800000,19312.24,19395.91,18920.35,19056.8,206812.47032,19300.234285714287,19775.2212,21158.41171717172,43.34028199600229,-343.67486745028145,-408.5997525554824,64.92488510520099,344289.1189485,0.00963178807947
2022-10-03 00:00:00,1664755200000,19057.74,19719.1,18959.68,19629.08,293585.75212,19357.557142857146,19787.5936,21144.17949494949,49.40419967144054,-293.6558801465253,-385.6109780736911,91.95509792716577,337372.654888,0.0632521114370772
2022-10-04 00:00:00,1664841600000,19629.08,20475.0,19490.6,20337.82,327012.00127,19537.37,19746.702,21140.091212121213,55.724088741424566,-194.5830453057315,-347.4053915200992,152.82234621436766,336681.934876,0.0482531622343069
2022-10-05 00:00:00,1664928000000,20337.82,20365.6,19730.0,20158.26,312239.75224,19643.86142857143,19687.0988,21138.848484848484,53.88758817052917,-129.0682824497744,-303.7379697060342,174.6696872562598,335640.43445,0.0450157621264173
2022-10-06 00:00:00,1665014400000,20158.26,20456.6,19853.0,19960.67,320122.1702,19696.59857142857,19612.4508,21137.20868686869,51.86206172343261,-92.0303539164779,-261.396446548123,169.36609263164507,337456.98942799994,0.05497581987791
2022-10-07 00:00:00,1665100800000,19960.67,20068.82,19320.0,19530.09,220874.83913,19711.952857142856,19497.8248,21133.045858585858,47.65809361104455,-96.3115169867815,-228.3794606358547,132.0679436490732,339533.2192155,0.0384269366599707
2022-10-08 00:00:00,1665187200000,19530.09,19627.38,19237.14,19417.96,102480.09842,19727.24,19467.6004,21134.441414141413,46.59875070857285,-107.51298073717044,-204.2061646561179,96.69318391894744,331946.35068449995,0.0098887965458382
2022-10-09 00:00:00,1665273600000,19416.52,19558.0,19316.04,19439.02,113900.82681,19781.842857142856,19436.0928,21136.32232323232,46.8377652654946,-113.38383717137911,-186.0416991591701,72.65786198779102,318615.771872,0.0188630194353724
2022-10-10 00:00:00,1665360000000,19439.96,19525.0,19020.25,19131.87,212509.09849,19710.812857142857,19413.2924,21134.46414141414,43.761379621404544,-141.19338181730927,-177.07203569079795,35.8786538734887,313036.3103665,-0.0144723950461602
2022-10-11 00:00:00,1665446400000,19131.87,19268.09,18860.0,19060.0,243473.84286,19528.26714285714,19383.5604,21122.578181818182,43.048874128828615,-167.10566458187895,-175.07876146901418,7.9730968871352275,305958.297499,-0.0271296086927449
2022-10-12 00:00:00,1665532800000,19060.0,19238.31,18965.88,19155.53,213826.26731,19385.02,19345.2368,21112.27212121212,44.34596582228239,-177.8823457839535,-175.63947833200206,-2.24286745195144,297683.524809,-0.0137509840335569
2022-10-13 00:00:00,1665619200000,19155.1,19513.79,18190.0,19375.13,399756.68337,19301.37142857143,19343.5948,21100.258181818182,47.31640722518159,-166.78051657436663,-173.867685980475,7.087169406108359,298377.013063,0.0033235029866474
2022-10-14 00:00:00,1665705600000,19375.58,19951.87,19070.37,19176.93,351634.32601,19250.92,19329.1912,21075.5304040404,44.9828047955444,-171.99269577968153,-173.4926879403163,1.4999921606347757,303983.9009905,0.0063037865748709
2022-10-15 00:00:00,1665792000000,19176.93,19227.68,18975.18,19069.39,113847.64232,19201.12428571429,19336.9668,21050.02171717172,43.72279452620745,-182.6949707037384,-175.3331444930007,-7.361826210737661,300116.7106465,-0.028513307806581
2022-10-16 00:00:00,1665878400000,19068.4,19425.84,19063.74,19262.98,131894.61885,19175.97571428572,19369.0316,21026.49797979798,46.62142022906591,-173.55487304362396,-174.97749020312537,1.4226171595014137,284749.4806175,-0.0528493221004021
2022-10-17 00:00:00,1665964800000,19262.98,19676.96,19152.03,19549.86,222813.87634,19235.68857142857,19374.9608,21013.23929292929,50.67577648960071,-141.5309803122691,-168.28818822495413,26.75720791268504,266227.137354,-0.0301811763515302
2022-10-18 00:00:00,1666051200000,19548.48,19706.66,19091.0,19327.44,260313.07848,19273.894285714287,19376.462,21006.81333333333,47.65367176270424,-132.57105318300455,-161.14476121656423,28.573708033559683,253173.5185045,-0.0317238850198916
2022-10-19 00:00:00,1666137600000,19327.44,19360.16,19065.97,19123.97,186137.29538,19269.38571428572,19384.6008,21004.74484848485,45.00929955199871,-140.27161109388544,-156.97013119202848,16.698520098143035,242159.1366455,-0.0207945790316378
2022-10-20 00:00:00,1666224000000,19123.35,19347.82,18900.0,19041.92,223530.13068,19221.78428571429,19393.9824,20992.694848484847,43.950168636716384,-151.25157400305395,-155.8264197542336,4.574845751179623,231119.4955095,-0.019365577022509
2022-10-21 00:00:00,1666310400000,19041.92,19250.0,18650.0,19164.37,269310.75769,19219.99,19391.4444,20978.30626262626,45.99268191936808,-148.36235321675122,-154.33360644673712,5.971253229985905,236303.7764145,-0.0141287986740072
2022-10-22 00:00:00,1666396800000,19164.37,19257.0,19112.72,19204.35,110403.90837,19239.27,19396.4532,20961.88515151515,46.67593641902113,-141.21869188028722,-151.71062353344715,10.491931653159924,231483.34831700005,0.0037884430533972
2022-10-23 00:00:00,1666483200000,19204.29,19695.0,19070.11,19570.4,167057.20184,19283.187142857143,19402.7564,20945.468989899,52.589953506894425,-104.81190659524871,-142.33088014580747,37.51897355055874,225156.920803,0.0267785939139559
2022-10-24 00:00:00,1666569600000,19570.4,19601.15,19157.0,19329.72,256168.14467,19251.73857142857,19392.2848,20930.636262626263,48.76070469796519,-94.29317844776232,-132.72333980619845,38.43016135843612,221614.727973,0.0090934576072811
2022-10-25 00:00:00,1666656000000,19330.6,20415.87,19237.0,20080.07,326370.67061,19359.257142857143,19418.5832,20906.87353535353,58.826296223076746,-25.120463478106103,-111.20276454058,86.08230106247389,222321.2738915,0.0363837558767345
2022-10-26 00:00:00,1666742400000,20079.02,21020.0,20050.41,20771.59,380492.69576,19594.631428571425,19477.0088,20880.35808080808,65.54407384903826,84.52494526994997,-72.05722257847401,156.58216784842398,225339.8001695,0.0831551244125101
2022-10-27 00:00:00,1666828800000,20771.61,20872.21,20200.0,20295.11,328643.57791,19773.65857142857,19526.5412,20850.780404040404,58.46572966593944,131.4564199840097,-31.35449406597728,162.81091404998696,230728.2371085,0.0642768331865886
2022-10-28 00:00:00,1666915200000,20295.11,20750.0,20000.09,20591.84,287039.94569,19977.58285714286,19565.0516,20824.918282828283,61.27076675488844,190.39878427583608,12.9961616023854,177.40262267345068,239956.229472,0.0689851725953099
2022-10-29 00:00:00,1667001600000,20591.84,21085.0,20554.01,20809.67,254881.77755,20206.914285714283,19583.9256,20805.977272727272,63.2337743901892,251.78566474064428,60.75406223003718,191.03160251060712,247005.277009,0.0644408706763115
2022-10-30 00:00:00,1667088000000,20809.68,20931.21,20515.0,20627.48,192795.60886,20357.92571428572,19602.6944,20787.557171717173,60.47296830222536,282.47777148953537,105.09880408193682,177.37896740759857,246019.6025275,0.067263952184045
2022-10-31 00:00:00,1667174400000,20627.48,20845.92,20237.95,20490.74,303567.61628,20523.78571428572,19623.8972,20766.45676767677,58.41166404431105,292.39713978009604,142.55847122156865,149.8386685585274,249024.2911985,0.0714689470857776
2022-11-01 00:00:00,1667260800000,20490.74,20700.0,20330.74,20483.62,279932.43771,20581.43571428571,19662.0384,20758.100404040404,58.30022941334991,296.2685862780527,173.30049423286545,122.96809204518723,252329.5997185,0.0757119030013779
2022-11-02 00:00:00,1667347200000,20482.81,20800.0,20048.04,20151.84,373716.27299,20492.9,19691.3936,20746.96070707071,53.20645382816221,269.45871004394576,192.53213739508152,76.92657264886424,251027.5791995,0.0515263481137131
2022-11-03 00:00:00,1667433600000,20151.84,20393.32,20031.24,20207.82,319185.1544,20480.43,19722.1456,20719.23717171717,53.937731380153714,249.84870775176387,203.995451466418,45.85325628534585,249405.120619,0.0522522241054761
2022-11-04 00:00:00,1667520000000,20207.12,21302.05,20180.96,21148.52,453694.39165,20559.95571428572,19802.8116,20692.02090909091,64.09276162974142,306.6790625627109,224.5321736856766,82.14688887703429,266397.45808550005,0.0806381065282262
2022-11-05 00:00:00,1667606400000,21148.52,21480.65,21080.65,21299.37,245621.98525,20629.91285714286,19892.3864,20667.02717171717,65.40971060035218,359.74296946515824,251.57433284157293,108.16863662358526,272083.8264055,0.1018974925658517
2022-11-06 00:00:00,1667692800000,21299.37,21365.27,20886.13,20905.58,230036.97217,20669.641428571427,19962.3884,20639.371313131312,59.29585304636777,365.8041732267338,274.4203009186052,91.38387230812867,272444.981197,0.0411109124619586
2022-11-07 00:00:00,1667779200000,20905.58,21069.77,20384.89,20591.13,386977.60337,20683.98285714286,20011.0284,20612.076464646463,54.88428767197483,341.2999405815099,287.79622885118613,53.503711730323744,278778.20744150004,-0.0086878279419148
2022-11-08 00:00:00,1667865600000,20590.67,20700.88,17166.83,18547.23,760705.362783,20407.35571428572,19985.8404,20564.39181818181,36.08937002564312,155.16585585283974,261.27015425151683,-106.10429839867707,307506.61081165,-0.0861232089897517
2022-11-09 00:00:00,1667952000000,18545.38,18587.76,15588.0,15922.81,731926.929729,19803.20857142857,19859.9772,20493.028383838384,24.491718910565936,-201.789405468513,168.65824230751087,-370.4476477760239,332926.45076409995,-0.2267417579002167
2022-11-10 00:00:00,1668038400000,15922.68,18199.0,15754.26,17601.15,608448.36432,19430.827142857142,19793.504,20440.329191919194,38.17489436688225,-345.2709417690785,65.872405492193,-411.1433472612715,349883.33109560004,-0.1541840884550306
2022-11-11 00:00:00,1668124800000,17602.45,17695.0,16361.6,17070.31,393552.86492,18848.225714285712,19694.322,20384.241616161617,35.95554070209391,-496.09675007557234,-46.52142562136007,-449.57532445421225,364040.7789231,-0.1724481129056966
2022-11-12 00:00:00,1668211200000,17069.98,17119.1,16631.39,16812.08,167819.96035,18207.184285714287,19593.7076,20318.581616161617,34.892835819928365,-629.2111383490301,-163.05936816689407,-466.151770182136,364078.9168486,-0.1795279233448865
2022-11-13 00:00:00,1668297600000,16813.16,16954.28,16229.0,16329.85,184960.78846,17553.50857142857,19481.9428,20251.66888888889,32.93516823102942,-764.8010307188415,-283.4077006772836,-481.39333004155793,360518.5490381,-0.2027849569558505
2022-11-14 00:00:00,1668384000000,16331.78,17190.0,15815.21,16619.46,380210.7775,16986.12714285714,19385.0444,20185.45747474748,35.283511814671925,-839.2139545901373,-394.5689514598544,-444.6450031302829,363210.5543826,-0.1752882118952909
2022-11-15 00:00:00,1668470400000,16617.72,17134.69,16527.72,16900.57,282461.84391,16750.890000000003,19294.4924,20115.66525252525,37.5686727521286,-865.5262572859901,-488.7604126250816,-376.76584466090856,358309.0117901,-0.1636618893081984
2022-11-16 00:00:00,1668556800000,16900.57,17015.92,16378.61,16662.76,261493.40809,16856.597142857143,19192.8288,20050.13808080808,36.39778488905255,-895.2483604546942,-570.0580021910041,-325.1903582636901,354951.5032991,-0.2121075139064105
2022-11-17 00:00:00,1668643200000,16661.61,16751.0,16410.74,16692.56,228038.97873,16726.79857142857,19077.7152,19976.789696969696,36.66416988125326,-905.9554400261331,-637.2374897580299,-268.7179502681032,352001.4549511,-0.2162885568915887
2022-11-18 00:00:00,1668729600000,16692.56,17011.0,16546.04,16700.45,214224.18184,16673.961428571427,18972.5444,19903.7195959596,36.73971633273541,-903.3904973538848,-690.468091277201,-212.92240607668373,349968.5751656,-0.2011486885319613
2022-11-19 00:00:00,1668816000000,16699.43,16822.41,16553.53,16700.68,104963.15558,16658.047142857144,18837.3688,19825.911515151514,36.742085059634064,-891.0675309029357,-730.5879792023479,-160.47955170058776,345576.9525016,-0.1889381495818831
2022-11-20 00:00:00,1668902400000,16700.68,16753.33,16180.0,16280.23,154842.13478,16650.95857142857,18657.7144,19743.475656565657,34.21959249704304,-904.7983403114196,-765.4300514241622,-139.36828888725722,338140.6784266,-0.1222284944975611
2022-11-21 00:00:00,1668988800000,16279.5,16319.0,15476.0,15781.29,324096.997753,16531.22,18477.1616,19657.37515151516,31.45942448270597,-945.0464862546868,-801.3533383902671,-143.69314786441976,340348.90642875,-0.0088878784586388
2022-11-22 00:00:00,1669075200000,15781.29,16315.0,15616.63,16226.94,239548.06623,16434.987142857142,18302.5656,19577.901616161616,36.39441379487417,-930.2597460534888,-827.1346199229115,-103.12512613057744,333640.49609075,-0.0780750121440929
2022-11-23 00:00:00,1669161600000,16227.96,16706.0,16160.2,16603.11,264927.70408,16426.465714285714,18134.3032,19504.652828282826,40.30170117658081,-878.0655792741672,-837.3208117931628,-40.74476748100449,330927.62357475003,-0.0273691573263754
2022-11-24 00:00:00,1669248000000,16603.11,16812.63,16458.05,16598.95,206565.92346,16413.09285714286,17973.162,19436.534545454542,40.27223798994117,-827.4981200678667,-835.3562734481036,7.8581533802368995,318571.20016525,-0.012677194017635
2022-11-25 00:00:00,1669334400000,16599.55,16666.0,16342.81,16522.14,182089.49533,16387.620000000003,17814.418,19369.170303030303,39.69520125166978,-784.5768557886549,-825.2003899162139,40.62353412755897,315394.57566925,0.011775368420408
2022-11-26 00:00:00,1669420800000,16521.35,16701.99,16385.0,16458.57,181804.81666,16353.032857142856,17653.416,19324.9701010101,39.19465561242582,-747.079148951223,-809.5761417232158,62.49699277199272,312982.96789375,-0.0096808199544389
2022-11-27 00:00:00,1669507200000,16457.61,16600.0,16401.0,16428.78,162025.47607,16374.254285714283,17504.493599999998,19277.381313131315,38.946810393544,-711.5632914694615,-789.973571672465,78.41028020300348,301735.36152875,-0.027915626514372
2022-11-28 00:00:00,1669593600000,16428.77,16487.04,15995.27,16212.91,252695.40367,16435.914285714283,17344.697200000002,19223.818686868686,37.115284920992345,-692.8488926849532,-770.5486358749627,77.69974319000949,276334.8635731,-0.0269973281737238
2022-11-29 00:00:00,1669680000000,16212.18,16548.71,16100.0,16442.53,248106.25009,16466.71285714286,17156.4576,19173.74494949495,40.32969603843117,-651.9736356009671,-746.8336358201636,94.86000021919654,252143.82959115,-0.0149785293567914
2022-11-30 00:00:00,1669766400000,16442.91,17249.0,16428.3,17163.64,303019.80719,16546.788571428573,16991.0284,19129.64919191919,49.12476486369646,-554.994518106665,-708.465812277464,153.47129417079896,236872.40173465,0.0277351807885415
2022-12-01 00:00:00,1669852800000,17165.53,17324.0,16855.01,16977.37,232818.18218,16600.84857142857,16833.9,19085.298585858585,47.18987650040648,-487.54814949310094,-664.2822797205914,176.73413022749048,228835.66759765003,0.016567588864645
2022-12-02 00:00:00,1669939200000,16978.0,17105.73,16787.85,17092.74,202372.2062,16682.362857142856,16693.9644,19040.184444444443,48.54177744186208,-419.9461438899598,-615.4150525544651,195.4689086645053,230563.27989015,0.0499077715732518
2022-12-03 00:00:00,1670025600000,17092.13,17188.98,16858.74,16885.2,154542.57306,16743.31,16627.483200000002,19006.28696969697,46.24818633173105,-378.75179597992246,-568.0824012395566,189.33060525963413,229042.36912015,0.0699505553728496
2022-12-04 00:00:00,1670112000000,16885.2,17202.84,16878.25,17105.7,178619.13387,16840.012857142858,16674.7988,18976.671818181818,49.00507208373865,-324.5710186033393,-519.3801247123132,194.80910610897388,218962.78693865,0.0541543877034118
2022-12-05 00:00:00,1670198400000,17106.65,17424.25,16867.0,16966.35,233703.29225,16947.647142857142,16649.4068,18950.51767676768,47.35216460170106,-289.539115888314,-473.4119229475134,183.87280705919943,216524.85935565,0.0218778289127759
2022-12-06 00:00:00,1670284800000,16966.35,17107.01,16906.37,17088.96,218730.76883,17039.994285714285,16650.1528,18918.22707070707,48.98269401504764,-249.01202269690475,-428.5319428973917,179.51992020048698,214386.72739265,0.0295205419619914
2022-12-07 00:00:00,1670371200000,17088.96,17142.21,16678.83,16836.64,220657.41334,16993.28,16651.1352,18888.176363636365,45.83660485639293,-234.5503739264641,-389.73562910320624,155.18525517674215,214017.64912315,0.0190350644650147
2022-12-08 00:00:00,1670457600000,16836.64,17299.0,16733.49,17224.1,236417.97804,17028.527142857143,16686.9052,18859.63171717172,51.03721558548382,-189.63859356299872,-349.71622199516474,160.07762843216602,215127.33893315,0.0465125463512321
2022-12-09 00:00:00,1670544000000,17224.1,17360.0,17058.21,17128.56,238422.06465,17033.644285714287,16707.2692,18829.2993939394,49.76826698134747,-159.91160218349614,-311.75529803283104,151.8436958493349,221800.28438665,0.0425947635795234
2022-12-10 00:00:00,1670630400000,17128.56,17227.72,17092.0,17127.49,140573.97937,17068.257142857143,16716.345999999998,18800.77040404041,49.75334719557638,-134.88422600657577,-276.38108362758,141.4968576210042,221086.87661615,0.0564106011814042
2022-12-11 00:00:00,1670716800000,17127.49,17270.99,17071.0,17085.05,155286.47871,17065.307142857146,16733.2376,18773.024444444447,49.1243007229517,-117.1242677368391,-244.52972044943184,127.40545271259272,212646.35066400003,0.0390767114306618
2022-12-12 00:00:00,1670803200000,17085.05,17241.89,16871.85,17209.83,226227.49694,17100.09,16753.9284,18744.83787878788,51.082595749148105,-91.92106091311872,-214.0079885421692,122.0869276290505,211980.3221995,0.0026911540908574
2022-12-13 00:00:00,1670889600000,17208.93,18000.0,17080.14,17774.7,284462.9139,17198.05285714286,16796.898400000002,18724.41222222222,58.81170964593965,-26.0665705422507,-176.41970494218552,150.35313439993482,212957.0826905,0.0469642824536427
2022-12-14 00:00:00,1670976000000,17775.82,18387.95,17660.94,17803.15,266681.22209,17336.125714285714,16840.9972,18714.43787878788,59.16169706558182,28.095398500932788,-135.51668425356186,163.61208275449465,215962.847622,0.0415620901037516
2022-12-15 00:00:00,1671062400000,17804.01,17854.82,17275.51,17356.34,223701.96882,17355.017142857145,16884.0416,18694.87727272728,51.727628930851054,34.56685118718087,-101.49997716541333,136.0668283525942,218043.4712965,0.0279025418709875
2022-12-16 00:00:00,1671148800000,17356.96,17531.73,16527.32,16632.12,253379.04116,17284.097142857143,16918.0748,18667.729292929293,42.42263898802748,-18.529382191827608,-84.90585817069619,66.37647597886858,221622.1825215,-0.0276855083393255
2022-12-17 00:00:00,1671235200000,16631.5,16796.82,16579.85,16776.52,144825.66684,17233.95857142857,16940.058,18621.4304040404,44.56388936081676,-48.39874586834776,-77.60443571022651,29.20568984187875,220762.19206000003,-0.0111886174692846
2022-12-18 00:00:00,1671321600000,16777.54,16863.26,16663.07,16738.21,112619.31646,17184.41,16945.462000000003,18571.83313131313,44.09535848510893,-74.30518469333765,-76.94458550684874,2.639400813511088,213758.3876995,-0.0205249471003501
2022-12-19 00:00:00,1671408000000,16739.0,16815.99,16256.3,16438.88,179094.28305,17074.274285714284,16939.0592,18517.40898989899,40.51145923506103,-117.63364605543757,-85.08239761656651,-32.551248438871056,210307.7893475,-0.0236246662041831
2022-12-20 00:00:00,1671494400000,16438.88,17061.27,16397.2,16895.56,248808.92324,16948.682857142856,16953.996,18461.851616161617,47.51965217205648,-113.80957850659252,-90.82783379457172,-22.9817447120208,207597.24515,-0.01907443640016
2022-12-21 00:00:00,1671580800000,16896.15,16925.0,16723.0,16824.67,156810.96362,16808.9,16968.64,18428.024343434347,46.60188216998281,-115.17158166910303,-95.696583369478,-19.47499829962504,203796.884222,-0.0177417132555219
2022-12-22 00:00:00,1671667200000,16824.68,16868.52,16559.85,16821.43,176044.27235,16732.484285714287,16984.346,18393.62757575757,46.55762372727833,-115.1846430452133,-99.59419530462506,-15.590447740588246,202480.4875295,-0.0178695185342394
2022-12-23 00:00:00,1671753600000,16821.9,16955.14,16731.13,16778.5,161612.00947,16753.395714285714,17006.9696,18364.098484848484,45.93512547024639,-117.30684619691964,-103.13672548308398,-14.170120713835672,202833.95935,-0.0179425872326975
2022-12-24 00:00:00,1671840000000,16778.52,16869.99,16776.62,16836.12,100224.29096,16761.91,17022.713200000002,18334.12696969697,46.96017873786143,-113.03624358134402,-105.116629102736,-7.919614478608025,198914.2172045,-0.0217149152548283
2022-12-25 00:00:00,1671926400000,16835.73,16857.96,16721.0,16832.11,125441.07202,16775.324285714287,17009.452,18300.980404040405,46.89354409201881,-108.72205357106212,-105.83771399640122,-2.8843395746609133,193501.106193,-0.0530298682959486
2022-12-26 00:00:00,1672012800000,16832.11,16944.52,16791.0,16919.39,124564.00656,16843.96857142857,17007.1328,18275.760303030303,48.60302006736831,-97.1404852886917,-104.09826825485932,6.957782966167613,188792.7680795,-0.0496406534798617
2022-12-27 00:00:00,1672099200000,16919.39,16972.83,16592.37,16706.36,173749.58616,16816.94,16991.6776,18247.167777777777,44.81147973208344,-103.95343908126232,-104.06930242013992,0.1158633388776024,186447.3767205,-0.0374491396227545
2022-12-28 00:00:00,1672185600000,16706.06,16785.19,16465.33,16547.31,193037.56577,16777.317142857144,16978.162,18223.65575757576,42.166642008277975,-120.79431810300592,-107.41430555671316,-13.38001254629279,184278.356107,-0.005099169558661
2022-12-29 00:00:00,1672272000000,16547.32,16664.41,16488.91,16633.47,160998.47158,16750.465714285714,16959.2728,18205.192222222224,44.09169535364357,-125.73900317015068,-111.07924507940064,-14.659758090750032,180407.1764535,-0.0085267981679155
2022-12-30 00:00:00,1672358400000,16633.47,16677.35,16333.0,16607.48,164916.31174,16726.034285714286,16944.918,18176.968484848483,43.62002826416802,-130.2533974174003,-114.91407554700058,-15.339321870399688,181624.293072,-0.007810273619461
2022-12-31 00:00:00,1672444800000,16607.48,16644.09,16470.0,16542.4,114490.42864,16684.074285714287,16923.0556,18149.21585858586,42.39699080864556,-137.49751373740946,-119.43076318508236,-18.066750552327093,179584.4905685,0.0062972659937903
2023-01-01 00:00:00,1672531200000,16541.77,16628.0,16499.01,16616.75,96925.41374,16653.308571428573,16914.26,18125.94565656566,44.3178174755228,-135.67512608228935,-122.67963576452378,-12.995490317765572,173119.3864085,-0.0165019685645223
2023-01-02 00:00:00,1672617600000,16617.17,16799.23,16548.7,16672.87,121888.57191,16618.091428571428,16892.2108,18104.38494949495,45.78730325910267,-128.2243650866003,-123.7885816289391,-4.435783457661202,164990.669309,-0.0090224652251722
2023-01-03 00:00:00,1672704000000,16672.78,16778.4,16605.28,16675.18,159541.53733,16613.637142857144,16874.0756,18078.600707070706,45.85064957925429,-120.74135444796777,-123.17913619274483,2.437781744777084,159633.685071,-0.0086942667775569
2023-01-04 00:00:00,1672790400000,16675.65,16991.87,16652.66,16850.36,220362.18862,16656.93,16862.9904,18056.08787878788,50.56787753622996,-99.52815403937348,-118.44893976207058,18.920785722697104,159466.696061,0.0042828619960069
2023-01-05 00:00:00,1672876800000,16850.36,16879.82,16753.0,16831.85,163473.56641,16685.27,16852.8624,18030.01747474748,50.0715241331216,-83.25048244814388,-111.40924829928524,28.158765851141368,154971.4223235,-0.0002536213806981
2023-01-06 00:00:00,1672963200000,16831.85,17041.0,16679.0,16950.65,207401.28415,16734.294285714288,16842.4952,18003.34212121212,53.24365802413459,-60.07167442141872,-101.14173352371196,41.07005910229323,158100.203189,0.0070424919989235
2023-01-07 00:00:00,1673049600000,16950.31,16981.91,16908.0,16943.57,104526.5688,16791.604285714286,16809.25,17978.301313131313,53.02743332172109,-41.79184848114892,-89.27175651519936,47.47990803405044,157695.565806,0.0014291295371759
2023-01-08 00:00:00,1673136000000,16943.83,17176.99,16911.0,17127.83,135155.89695,16864.615714285716,16782.2372,17956.249595959594,57.82751976548173,-12.294983730436796,-73.87640195824686,61.58141822781006,155498.64650099998,0.0252281167172263
2023-01-09 00:00:00,1673222400000,17127.83,17398.8,17104.66,17178.26,266211.52723,16936.81428571429,16775.114,17937.274444444443,59.06059307844596,14.978115247813548,-56.10549851703478,71.08361376484834,156368.7767005,0.038130064644948
2023-01-10 00:00:00,1673308800000,17179.04,17499.0,17146.34,17440.66,221382.42581,17046.16857142857,16807.4556,17915.16919191919,64.82384572576932,57.107430797754205,-33.46291265407699,90.5703434518312,159597.34981,0.0485280581862954
2023-01-11 00:00:00,1673395200000,17440.64,18000.0,17315.6,17943.26,262221.60653,17202.29714285714,16854.1252,17890.98171717172,72.7397323315316,129.55737966681772,-0.8588541898980431,130.41623385671576,163906.21651899998,0.0804324316512798
2023-01-12 00:00:00,1673481600000,17943.26,19117.04,17892.05,18846.62,454568.32178,17490.12142857143,16938.4616,17877.732828282828,81.01105680430587,256.9066287275782,50.694242393597214,206.212386333981,178554.0321345,0.1392917593577713
2023-01-13 00:00:00,1673568000000,18846.62,20000.0,18714.12,19930.01,368615.87823,17915.744285714285,17078.1068,17877.42313131313,86.35734608131426,440.1782440460884,128.59104272409544,311.5872013219929,191973.611498,0.1993927813802336
2023-01-14 00:00:00,1673654400000,19930.01,21258.0,19888.05,20954.92,393913.74951,18488.794285714284,17240.4812,17891.815353535352,89.39831589644338,660.5100424404045,234.97484266735728,425.5351997730472,205397.2453725,0.2568274088384303
2023-01-15 00:00:00,1673740800000,20952.76,21050.74,20551.01,20871.5,178542.22549,19023.60428571428,17402.3544,17906.497575757578,87.68511512254926,818.9529039466033,351.7704549232065,467.1824490233968,208096.156319,0.2516506568444838
2023-01-16 00:00:00,1673827200000,20872.99,21474.05,20611.48,21185.65,293078.08262,19596.08857142857,17576.9232,17924.140303030304,88.57320120970122,958.8166512355492,473.1796941856751,485.6369570498741,214062.581142,0.2572817435354497
2023-01-17 00:00:00,1673913600000,21185.65,21647.45,20841.31,21134.81,275407.74409,20123.824285714283,17751.175600000002,17944.37202020202,87.4738008645451,1053.4142122028352,589.2265977891071,464.18761441372806,218181.090058,0.2556439131765078
2023-01-18 00:00:00,1674000000000,21132.29,21650.0,20407.15,20677.47,350916.01949,20514.42571428572,17904.8296,17960.710101010103,78.08443371018987,1079.041427066633,687.1895636446123,391.851863422021,227676.9674535,0.2198629551079161
2023-01-19 00:00:00,1674086400000,20677.47,21192.0,20659.19,21071.59,251385.84925,20832.27857142857,18074.4088,17980.06424242424,80.06981374999543,1118.2627329905008,773.40419751379,344.8585354767108,232000.444329,0.2436334255413705
2023-01-20 00:00:00,1674172800000,21071.59,22755.93,20861.28,22667.21,338079.13659,21223.307142857146,18304.3216,18013.317575757574,85.71293754791556,1263.533867455175,871.4301315020671,392.10373595310784,243179.8797265,0.3234139993215719
2023-01-21 00:00:00,1674259200000,22666.0,23371.8,22422.0,22783.55,346445.48432,21484.54,18547.4092,18049.74808080808,86.02366931851823,1372.2317207542185,971.5904493524974,400.6412714017208,255655.88325550003,0.3263013832600043
2023-01-22 00:00:00,1674345600000,22783.35,23078.71,22292.37,22707.88,253577.75286,21746.88,18793.832,18086.500505050502,84.73282531347002,1435.719534925789,1064.4162664671558,371.3032684586333,262240.342303,0.3020080662085036
2023-01-23 00:00:00,1674432000000,22706.02,23180.0,22500.0,22916.45,293588.37938,21994.137142857147,19045.1512,18123.404242424243,85.38385591788462,1485.7372863715973,1148.6804704480442,337.0568159235532,268942.68440549995,0.2771620095790845
2023-01-24 00:00:00,1674518400000,22917.81,23162.2,22462.93,22632.89,293158.78254,22208.148571428574,19286.1676,18154.54595959596,80.36627506444286,1485.3733333861564,1216.0190430356668,269.3542903504897,272582.5141015,0.2008991532699231
2023-01-25 00:00:00,1674604800000,22631.94,23816.73,22300.0,23060.94,346042.83223,22548.644285714287,19546.9092,18192.25808080808,82.07837898624567,1502.307292347581,1273.2766928980498,229.0305994495313,281710.97739250003,0.1570962583561173
2023-01-26 00:00:00,1674691200000,23060.42,23282.47,22850.01,23009.65,288924.43581,22825.51,19802.6252,18231.50737373737,81.165066386614,1494.362818116817,1317.4939179418034,176.86890017501355,285787.1349755,0.0980547766347952
2023-01-27 00:00:00,1674777600000,23009.65,23500.0,22534.88,23074.16,280833.86315,22883.645714285714,20058.6768,18272.23707070707,81.44473064584216,1476.2548361056251,1349.246101574568,127.00873453105714,294602.499693,0.1055343410871283
2023-01-28 00:00:00,1674864000000,23074.16,23189.0,22878.46,23022.6,148115.71085,22917.79571428572,20312.5736,18311.20909090909,80.41697199695808,1441.1312053435176,1367.623122328358,73.50808301515963,295250.49038800003,0.0867072759155369
2023-01-29 00:00:00,1674950400000,23021.4,23960.54,22967.76,23742.3,295688.79204,23065.57,20588.2512,18357.04696969697,83.53942812870586,1454.6015093863823,1385.018799739963,69.58270964641952,296724.3536285,0.1233741869456124
2023-01-30 00:00:00,1675036800000,23743.37,23800.51,22500.0,22826.15,302405.90121,23052.67,20828.0232,18389.93333333333,68.55456878767546,1375.495320139209,1383.1141038198125,-7.618783680603201,300775.5273985,0.1039140668563416
2023-01-31 00:00:00,1675123200000,22827.38,23320.0,22714.77,23125.13,264649.34909,23122.99,21075.0024,18428.270808080808,70.41935499072093,1321.6926326077885,1370.8298095774076,-49.1371769696193,300896.9145265,0.0974553889858336
2023-02-01 00:00:00,1675209600000,23125.13,23812.66,22760.23,23732.66,310790.42271,23218.95,21346.566000000003,18465.165656565656,73.81716046022225,1312.941437161713,1359.2521350942689,-46.31069793255574,293708.019573,0.0470040203448065
2023-02-02 00:00:00,1675296000000,23731.41,24255.0,23363.27,23488.94,364177.20751,23287.42,21601.0104,18492.61363636364,70.32718609570013,1271.6807405910076,1341.7378561936166,-70.05711560260897,293486.086037,0.0309604956207438
2023-02-03 00:00:00,1675382400000,23489.33,23715.7,23204.62,23431.9,332571.02904,23338.52571428571,21851.156000000003,18524.298383838384,69.49902157109551,1220.311696376455,1317.4526242301845,-97.1409278537294,290418.9500135,0.0318840860529472
2023-02-04 00:00:00,1675468800000,23431.9,23587.78,23253.96,23326.84,166126.47295,23381.98857142857,22086.6032,18551.92464646465,67.91271530408366,1157.7777535146124,1285.5176500870705,-127.73989657245784,289798.1623865,0.0179080965856404
2023-02-05 00:00:00,1675555200000,23327.66,23433.33,22743.0,22932.91,209251.33917,23266.36142857143,22286.189200000004,18573.37151515152,62.18163094290357,1064.1652597793836,1241.247172025533,-177.0819122461494,285606.825214,0.0132559297553251
2023-02-06 00:00:00,1675641600000,22932.91,23158.25,22628.13,22762.52,265371.6069,23257.271428571432,22442.8252,18594.937575757576,59.82976411177,965.102533807003,1186.0182443818271,-220.9157105748241,285105.0183545,-0.012940495920808
2023-02-07 00:00:00,1675728000000,22762.52,23350.25,22745.78,23240.46,308006.72482,23273.747142857144,22575.243200000004,18622.71252525253,63.94870404975993,914.6172352952271,1131.7380425645072,-217.12080726928,282959.553621,0.0100310087289461
2023-02-08 00:00:00,1675814400000,23242.42,23452.0,22665.85,22963.0,280056.30717,23163.79571428572,22655.5664,18647.75676767677,60.09622775245862,842.5066767997305,1073.891769411552,-231.3850926118214,284393.076517,-0.0048175101498819
2023-02-09 00:00:00,1675900800000,22961.85,23011.39,21688.0,21796.35,402894.6955,22921.997142857144,22692.5604,18664.36797979798,47.216028796364135,683.3424879294726,995.781913115136,-312.4394251856636,287633.8544625,-0.0532628808214536
2023-02-10 00:00:00,1675987200000,21797.83,21938.16,21451.0,21625.19,338591.94247,22663.89571428572,22710.142,18678.68484848485,45.66953450868512,537.2000323994471,904.0655369719984,-366.86550457255134,287241.17737,-0.089170383661229
2023-02-11 00:00:00,1676073600000,21625.19,21906.32,21599.78,21862.55,177021.58433,22454.711428571427,22739.251600000003,18685.89727272727,48.203213657814814,435.5137207175249,810.3551737211038,-374.841453003579,283413.3689435,-0.0422147405497642
2023-02-12 00:00:00,1676160000000,21862.02,22090.0,21630.0,21783.54,204435.65163,22290.51571428572,22783.4944,18690.78787878788,47.41063356088692,344.5790466565595,717.1999483081951,-372.6209016516356,278955.732556,-0.058014376567829
2023-02-13 00:00:00,1676246400000,21782.37,21894.99,21351.07,21773.97,295730.76791,22149.294285714284,22811.5896,18699.55949494949,47.309166046693925,268.64368610558813,627.4886958676738,-358.8450097620856,279084.3318245,-0.0825314145148499
2023-02-14 00:00:00,1676332800000,21774.63,22319.08,21532.77,22199.84,361958.40109,22000.634285714284,22792.8948,18715.809090909093,52.21069702192276,240.0612391086106,550.0032045158612,-309.94196540725056,279880.1102675,-0.0548811483191663
2023-02-15 00:00:00,1676419200000,22199.84,24380.0,22047.28,24324.05,375669.16111,22195.07,22854.5148,18774.16080808081,68.13390604613113,384.384493010024,516.8794622146938,-132.4949692046698,284217.3465325,0.03807416385355
2023-02-16 00:00:00,1676505600000,24322.87,25250.0,23505.25,23517.72,450080.68366,22440.98,22886.9084,18850.87707070708,59.96609435866966,428.7551962887956,499.2546090295142,-70.49941274071864,292679.68755800003,0.0081828485984385
2023-02-17 00:00:00,1676592000000,23517.72,25021.11,23339.37,24569.97,496813.21376,22861.662857142856,22953.0492,18921.26919191919,65.73830388597727,542.5726396406644,507.9182151517443,34.65442448892014,310114.5627035,0.0713847479452018
2023-02-18 00:00:00,1676678400000,24568.24,24877.0,24430.0,24631.95,216917.25213,23257.29142857143,23033.0116,18997.649393939395,66.04882154281896,630.5069597637485,532.4359640741452,98.07099568960324,306175.985708,0.0821275500252169
2023-02-19 00:00:00,1676764800000,24632.05,25192.0,24192.57,24271.76,300395.99542,23612.75142857143,23081.444400000004,19072.99969696969,62.50357020738603,663.4830002047529,558.6453713002668,104.83762890448612,306075.4904185,0.0443751973928225
2023-02-20 00:00:00,1676851200000,24272.51,25121.23,23840.83,24842.2,346938.56997,24051.07,23154.7464,19158.98303030303,65.64836539955564,727.2630546789878,592.3689079760111,134.89414670297674,310189.9514625,0.0818359970387145
2023-02-21 00:00:00,1676937600000,24843.89,25250.0,24148.34,24452.16,376000.82868,24372.83,23209.866400000003,19238.10121212121,61.82993318409458,737.8309827749981,621.4613229358085,116.36965983918958,313450.471761,0.1218465477017942
2023-02-22 00:00:00,1677024000000,24450.67,24476.05,23574.69,24182.21,379425.75365,24352.567142857144,23256.2508,19311.65313131313,59.26079474275304,716.1678952972288,640.4026374080926,75.76525788913625,314212.899068,0.1182426605269133
2023-02-23 00:00:00,1677110400000,24182.21,24599.59,23608.0,23940.2,398400.45437,24412.92142857143,23264.166799999995,19385.162626262627,56.97514928310877,671.7282923411731,646.6677683947088,25.060523946464286,317504.37033450004,0.0950323727104112
2023-02-24 00:00:00,1677196800000,23940.2,24132.35,22841.19,23185.29,343582.57453,24215.110000000004,23278.5324,19450.74575757576,50.43989996597073,569.0351755825395,631.141249832275,-62.10607424973546,326377.1754135,0.0643490451965107
2023-02-25 00:00:00,1677283200000,23184.04,23219.13,22722.0,23157.07,191311.8101,24004.412857142856,23279.81,19515.964141414144,50.20805556848498,479.8417060356624,600.8813410729524,-121.03963503729004,325480.19896,0.0635208002950311
2023-02-26 00:00:00,1677369600000,23157.07,23689.99,23059.18,23554.85,202323.73623,23901.997142857144,23272.697600000003,19585.19818181818,53.45563733416417,436.2242389429703,567.949920646956,-131.72568170398574,322327.8054265,0.0610369263922623
2023-02-27 00:00:00,1677456000000,23554.85,23897.99,23106.77,23492.09,283706.0859,23709.12428571429,23272.8236,19658.04525252525,52.86972487487673,392.0732976145919,532.7745960404832,-140.7012984258913,321112.7734805,-0.0342031857359279
2023-02-28 00:00:00,1677542400000,23492.09,23600.0,23020.97,23141.57,264140.99894,23521.897142857146,23261.2104,19732.39151515152,49.59982879720617,325.0523230967483,491.2301414517362,-166.1778183549879,320317.008069,-0.0159943225788895
2023-03-01 00:00:00,1677628800000,23141.57,24000.0,23020.03,23628.97,315287.41737,23442.86285714286,23273.2956,19807.15949494949,53.87200253794365,307.7196242796708,454.5280380173231,-146.8084137376523,315936.6441625,-0.0382987850616016
2023-03-02 00:00:00,1677715200000,23629.76,23796.93,23195.9,23465.32,239315.45219,23375.022857142856,23294.592,19876.47474747475,52.26992353865392,277.5783972944446,419.13810987274746,-141.55971257830288,310972.8196485,-0.0473624702875736
2023-03-03 00:00:00,1677801600000,23465.32,23476.95,21971.13,22354.34,319954.19785,23256.31571428572,23278.2648,19934.61,42.93506312349085,162.1750041032319,367.7454887188444,-205.5704846156125,318119.4503245,-0.0789979795449525
2023-03-04 00:00:00,1677888000000,22354.34,22410.0,22157.08,22346.57,121257.38132,23140.53,23242.5092,19993.442626262626,42.87738863486754,69.29126295224705,308.05464356552494,-238.7633806132779,313960.536809,-0.1004592990958933
2023-03-05 00:00:00,1677974400000,22346.57,22662.09,22189.22,22430.24,154841.75786,22979.87142857143,23221.1988,20053.762525252525,43.7535819803915,2.40398697409546,246.92451224723905,-244.5205252731436,306916.0863065,-0.0826888094957664
2023-03-06 00:00:00,1678060800000,22430.24,22602.19,22258.0,22410.0,203751.82957,22825.287142857145,23245.7448,20114.178888888888,43.57944180272988,-51.64255673498337,187.2110984507946,-238.853655185778,299005.7577305,-0.0732856922506255
2023-03-07 00:00:00,1678147200000,22409.41,22557.91,21927.0,22197.96,292519.80912,22690.485714285714,23268.6556,20174.63393939393,41.70667827609415,-110.3130675414177,127.70626525235215,-238.01933279376985,294848.290131,-0.0727746635366455
2023-03-08 00:00:00,1678233600000,22198.56,22287.0,21580.0,21705.44,301460.57272,22415.69571428572,23262.3712,20227.794646464645,37.658538502016654,-194.3122077169246,63.3025706584968,-257.6147783754214,287417.28458399995,-0.0638271076186669
2023-03-09 00:00:00,1678320000000,21704.37,21834.99,20042.72,20362.22,443658.28584,21972.395714285714,23205.5184,20260.103535353537,29.30456432051284,-365.06056873514535,-22.37005722023164,-342.69051151491374,284759.538188,-0.1206910027909402
2023-03-10 00:00:00,1678406400000,20362.21,20367.78,19549.09,20150.69,618456.4671,21657.58857142857,23140.5872,20292.157272727272,28.2420485950568,-511.5517282937508,-120.20639143493548,-391.3453368588153,304836.49893650005,-0.1445205552147435
2023-03-11 00:00:00,1678492800000,20150.69,20686.51,19765.03,20455.73,427831.82133,21387.46857142857,23070.8228,20326.126868686868,32.067204079195136,-596.1606797622444,-215.3972491003973,-380.7634306618471,311208.29023200006,-0.1292503136162002
2023-03-12 00:00:00,1678579200000,20455.73,22150.0,20270.6,21997.11,430944.94288,21325.592857142856,22977.7452,20377.762323232324,47.34215309832594,-532.6968020835775,-278.8571596970333,-253.8396423865441,315408.6088775,-0.049454725846172
2023-03-13 00:00:00,1678665600000,21998.05,24500.0,21813.88,24113.48,687889.31259,21568.947142857145,23001.5756,20448.54797979798,60.48135272270629,-308.07653550247414,-284.70103485812155,-23.3755006443526,331003.033073,0.0205049140948589
2023-03-14 00:00:00,1678752000000,24112.27,26386.87,23976.42,24670.41,699360.93423,21922.15428571429,23005.593200000003,20526.36676767677,63.09128050711384,-84.15368806141123,-244.5915654987795,160.43787743736826,346999.79210200004,0.0513562141918371
2023-03-15 00:00:00,1678838400000,24670.41,25196.97,23896.95,24285.66,581450.72984,22290.757142857143,22991.7416,20599.06070707071,60.13648675316898,61.55114897146268,-183.36302260473107,244.91417157619367,356152.3058755,0.0863957513395607
2023-03-16 00:00:00,1678924800000,24285.66,25167.4,24123.0,24998.78,439421.32998,22953.12285714285,23020.8224,20681.506565656564,63.54441594321486,231.892988253956,-100.31182043299368,332.20480868694966,360944.243648,0.118685328441904
2023-03-17 00:00:00,1679011200000,24998.78,27756.84,24890.0,27395.13,624460.68091,23988.042857142857,23122.9396,20784.244242424244,72.15805816847492,553.8708624695391,30.52471614751289,523.3461463220262,382601.6871885,0.2213480551255804
2023-03-18 00:00:00,1679097600000,27395.13,27724.85,26578.0,26907.49,371238.97174,24909.722857142857,23221.1528,20883.02131313131,68.60570017355764,760.920754091785,176.60392373636734,584.3168303554178,391047.448964,0.2006912092815707
2023-03-19 00:00:00,1679184000000,26907.49,28390.1,26827.22,27972.87,372066.99054,25763.402857142857,23372.7792,20992.570606060606,71.86462603775836,999.4554469115828,341.17422837141044,658.2812185401724,395465.494196,0.2601549872150415
2023-03-20 00:00:00,1679270400000,27972.87,28472.0,27124.47,27717.01,477378.23373,26278.19285714285,23523.8516,21099.96414141414,69.98567537488879,1154.5413122614336,503.8476451494151,650.6936671120186,406127.3559355,0.2769614437670924
2023-03-21 00:00:00,1679356800000,27717.01,28438.55,27303.1,28105.47,420929.7422,26768.91571428571,23720.6588,21210.02111111112,71.21616364270304,1293.8784282789966,661.8538017753315,632.0246265036651,411409.472177,0.3802753334361382
2023-03-22 00:00:00,1679443200000,28107.81,28868.05,26601.8,27250.97,224113.41296,27192.53142857144,23884.4148,21305.74101010101,64.91204156084153,1320.1353889391503,793.5101192080953,526.625269731055,410649.3702155,0.3523591499844423
2023-03-23 00:00:00,1679529600000,27250.97,28750.0,27105.0,28295.41,128649.60818,27663.478571428568,24074.0372,21411.72343434344,68.57383270856931,1408.9799548245755,916.6040863313912,492.3758684931842,401084.140732,0.3832510499503074
2023-03-24 00:00:00,1679616000000,28295.42,28374.3,27000.0,27454.47,86242.06544,27671.95571428572,24232.532400000004,21513.72474747475,62.88349141776324,1395.4472363037603,1012.3727163258652,383.0745199778952,399333.374938,0.248094408765515
2023-03-25 00:00:00,1679702400000,27454.46,27787.33,27156.09,27462.95,50844.08102,27751.307142857146,24405.3876,21623.12707070708,62.91690871692565,1369.6186136871256,1083.821895798117,285.7967178890085,394133.491096,0.138904463395578
2023-03-26 00:00:00,1679788800000,27462.96,28194.4,27417.76,27968.05,49671.70353,27750.61857142857,24578.9508,21736.172828282823,64.94161634322245,1374.067201509566,1141.870956940407,232.19624456915903,386429.4847940001,0.1336678231127896
2023-03-27 00:00:00,1679875200000,27968.05,28023.86,26508.14,27124.91,88039.46898,27666.03285714285,24725.3344,21841.08898989899,59.1372535692066,1294.6346455127932,1172.4236946548842,122.21095085790898,376205.467787,0.1169105554471239
2023-03-28 00:00:00,1679961600000,27124.9,27520.0,26631.78,27261.07,78602.44341,27545.40428571429,24921.6036,21950.40404040404,59.76270666461615,1228.5092566775677,1183.640807059421,44.86844961814654,365062.5613215001,0.0904960162055907
2023-03-29 00:00:00,1680048000000,27261.06,28650.0,27240.1,28348.6,89486.16008,27702.20857142857,25161.6848,22066.09131313132,64.44391067791344,1249.456040277575,1196.8038537030518,52.65218657452328,347353.95503350004,0.0348043612131059
2023-03-30 00:00:00,1680134400000,28348.6,29184.68,27686.0,28028.53,98865.43256,27664.08285714286,25385.616400000003,22179.26161616162,62.15212908346916,1226.0958731234205,1202.6622575871256,23.43361553629484,321374.4033065,0.041662748922326
2023-03-31 00:00:00,1680220800000,28028.53,28656.69,27511.71,28465.36,78198.12139,27808.49571428572,25627.8308,22296.87707070708,64.03213069606593,1228.6679829243149,1207.8634026545635,20.80458026975134,303892.7183095,0.0176059875157608
2023-04-01 00:00:00,1680307200000,28465.36,28819.71,28220.27,28452.73,30238.44753,27949.89285714286,25878.0216,22414.798585858585,63.93324826946876,1215.673732962914,1209.4254687162338,6.2482642466802645,283857.393542,0.0265439886914209
2023-04-02 00:00:00,1680393600000,28452.74,28530.0,27856.43,28171.87,37365.65692,27979.01,26136.6788,22529.301111111112,61.65317991072441,1169.234434754264,1201.38726192384,-32.152827169576085,251331.21075850003,0.0023625294293245
2023-04-03 00:00:00,1680480000000,28171.87,28500.99,27200.24,27800.0,79180.01405,28075.45142857143,26434.19,22640.08787878788,58.66971449451744,1089.8609169582633,1179.0819929307247,-89.22107597246145,220322.1647495,0.0201471727428417
2023-04-04 00:00:00,1680566400000,27800.0,28444.44,27662.79,28165.47,49722.55691,28204.65142857143,26754.7812,22753.684646464644,60.68337842941933,1044.4079224803936,1152.1471788406584,-107.7392563602648,193735.756103,-0.004592264257701
2023-04-05 00:00:00,1680652800000,28165.47,28775.0,27805.1,28170.01,60737.64732,28179.13857142857,27063.3524,22869.47909090909,60.70898790029385,997.2566826760194,1121.1690796077307,-123.91239693171131,174801.57197,0.0260627868613014
2023-04-06 00:00:00,1680739200000,28170.01,28182.05,27711.0,28033.82,40118.94963,28179.894285714283,27304.8208,22985.504444444443,59.45784299057731,938.0859200637497,1084.5524476989344,-146.46652763518478,145584.485406,0.0207869147342145
2023-04-07 00:00:00,1680825600000,28033.83,28100.0,27766.94,27906.33,24762.09387,28100.03285714285,27456.5348,23099.371717171714,58.24766643211624,870.8664801816121,1041.81525419547,-170.94877401385793,128260.6415125,-0.0022068038350903
2023-04-08 00:00:00,1680912000000,27906.34,28154.99,27859.02,27938.38,19479.96735,28026.554285714286,27587.2536,23213.82525252525,58.47647401181955,810.833967679293,995.6189968922348,-184.7850292129417,110631.290353,0.0299897769246055
2023-04-09 00:00:00,1680998400000,27938.38,28530.0,27800.0,28323.76,32531.16101,28048.252857142856,27748.7776,23332.82888888889,61.227882044858674,785.302238879136,953.5556452896152,-168.2534064104791,88388.936717,0.0389819621900386
2023-04-10 00:00:00,1681084800000,28323.76,29770.0,28170.0,29637.34,67754.0622,28310.73,27934.32,23464.35,68.813338240048,861.1364429373716,935.0718048191663,-73.93536188179473,70730.152717,0.0454604460184984
2023-04-11 00:00:00,1681171200000,29637.35,30550.0,29590.0,30200.42,67990.07621,28601.437142857143,28046.5316,23600.99191919192,71.39665281832,955.6552473369848,939.18849332273,16.466754014254775,62923.9858795,0.0774885447078388
2023-04-12 00:00:00,1681257600000,30200.43,30486.0,29637.4,29888.07,62049.48451,28846.87428571429,28165.7548,23734.45545454545,68.03024644283438,993.900974461052,950.1309895503944,43.76998491065774,59593.97969600001,0.0499803972266641
2023-04-13 00:00:00,1681344000000,29888.07,30595.0,29854.59,30373.84,51934.11731,29181.16285714286,28261.7936,23871.056262626265,70.37012027587285,1051.2899518435988,970.3627820090352,80.92716983456353,57878.5822895,0.0675193557876521
2023-04-14 00:00:00,1681430400000,30373.84,31000.0,29966.0,30466.93,75984.19452,29546.96285714285,28371.7904,24008.78434343434,70.81100926651126,1091.698296495524,994.6298849063332,97.068411589191,59135.58796450001,0.0814663705320237
2023-04-15 00:00:00,1681516800000,30466.93,30595.6,30202.0,30295.09,25429.81247,29883.635714285712,28459.3752,24143.57666666667,68.77656514835525,1097.208215564744,1015.1455510380154,82.06266452672867,57923.49341150001,0.0897514388489209
2023-04-16 00:00:00,1681603200000,30295.1,30549.99,30120.0,30304.65,26431.99322,30166.620000000003,28581.5224,24278.53707070707,68.83021852385592,1089.7839274786384,1030.07322632614,59.71070115249836,54843.1196235,0.0759504457053263
2023-04-17 00:00:00,1681689600000,30304.66,30316.06,29240.65,29430.27,56441.81127,30137.03857142857,28626.916800000003,24402.80414141414,58.86669339405743,1001.7968763857788,1024.4179563380678,-22.621079952288937,53735.0880165,0.0447376483004444
2023-04-18 00:00:00,1681776000000,29430.27,30485.0,29096.78,30380.01,62004.89434,30162.69428571428,28743.9384,24536.15515151515,64.82305657043722,997.2073990180288,1018.9758448740602,-21.76844585603135,52361.02472949999,0.0836914127293391
2023-04-19 00:00:00,1681862400000,30380.01,30413.53,28520.0,28797.1,86575.48656,30006.841428571428,28797.3044,24650.866666666665,51.450527378017824,855.9754449661705,986.3757648924824,-130.4003199263118,51746.5274295,0.0319199980792888
2023-04-20 00:00:00,1681948800000,28797.1,29088.3,28010.0,28243.65,76879.09372,29702.52857142857,28808.3284,24754.91101010101,47.74207907208813,691.4190656381761,927.3844250416212,-235.9653594034449,51680.576046,0.0109265462063297
2023-04-21 00:00:00,1682035200000,28243.65,28374.02,27125.0,27262.84,77684.7679,29244.80142857143,28813.8456,24839.923333333336,41.96882832583423,476.3724543055505,837.182030894407,-360.8095765888565,54052.8920645,-0.0374568913166895
2023-04-22 00:00:00,1682121600000,27262.84,27882.72,27140.35,27816.85,36023.69686,28890.76714285714,28836.076799999995,24919.588383838385,45.94506173889179,346.6544260044284,739.0765099164113,-392.4220839119829,53985.7940615,-0.0614255530354613
2023-04-23 00:00:00,1682208000000,27816.85,27816.85,27311.25,27590.6,34812.09581,28503.045714285712,28805.756800000003,24986.61545454545,44.60102530666775,223.02458131261665,635.8661241956524,-412.8415428830358,51767.3981495,-0.0864166789733388
2023-04-24 00:00:00,1682294400000,27590.59,28000.0,26942.82,27510.93,53111.56874,28228.85428571428,28785.0528,25053.6804040404,44.11167856771723,117.26655961603684,532.1462112797294,-414.8796516636926,51936.84874100001,-0.0795347441303503
2023-04-25 00:00:00,1682380800000,27510.93,28399.99,27192.0,28300.79,52325.14637,27931.82285714285,28778.47,25125.550505050505,49.97204284343821,96.08011458747931,444.93299194127945,-348.8528773538001,51516.2236935,-0.0682511661350688
2023-04-26 00:00:00,1682467200000,28300.8,30036.0,27235.0,28415.29,129228.40403,27877.27857142857,28776.9724,25199.090707070707,50.77780081150645,87.52002102279948,373.4503977575835,-285.93037673478403,55971.6964135,-0.0673398993597319
2023-04-27 00:00:00,1682553600000,28415.29,29890.0,28378.86,29472.77,95430.82431,28052.86714285714,28829.0084,25287.932121212125,57.574123920825656,164.17339477100904,331.59499716026863,-167.4216023892596,59505.132935500005,-0.0271436724564937
2023-04-28 00:00:00,1682640000000,29472.77,29599.54,28891.0,29311.7,54298.16578,28345.56142857143,28889.4764,25371.16555555555,56.29903309769419,209.50964605782792,307.1779269397805,-97.66828088195255,61246.042857,-0.0327655986787506
2023-04-29 00:00:00,1682726400000,29311.69,29448.88,29031.0,29230.45,20466.83058,28547.50428571429,28932.0756,25437.460909090907,55.62974325847909,236.1604452590909,292.9744306036426,-56.81398534455167,60642.82633550001,-0.0067896081143665
2023-04-30 00:00:00,1682812800000,29230.45,29969.39,29079.59,29233.21,39752.5372,28782.16285714286,28974.6036,25502.60898989899,55.64903124092118,254.56958485826908,285.2934614545679,-30.7238765962988,59242.7500855,-0.0377485063368971
2023-05-01 00:00:00,1682899200000,29233.2,29337.34,27666.95,28068.26,64433.65958,28861.78142857143,28975.981199999995,25556.75424242425,46.46728924260336,173.16113770824086,262.8669967053025,-89.70585899706163,59064.929254,-0.0253094929697782
2023-05-02 00:00:00,1682985600000,28068.26,28879.88,27872.0,28669.86,50824.5224,28914.505714285715,29006.5224,25614.869494949497,50.9665878590812,155.39712768804384,241.3730229018508,-85.97589521380695,58503.68114850001,0.015090471663542
2023-05-03 00:00:00,1683072000000,28669.85,29266.66,28113.69,29026.16,64615.79213,29001.772857142856,29050.0336,25679.447979797977,53.46136579455892,168.1313406045483,226.7246864423903,-58.59334583784198,59137.7648895,0.0646785147842263
2023-05-04 00:00:00,1683158400000,29026.16,29379.83,28663.64,28838.16,42575.47501,28911.114285714288,29070.6096,25737.80373737373,51.95916276613285,161.19511037554548,213.6187712290213,-52.423660853475866,57467.328914,0.0367155159552574
2023-05-05 00:00:00,1683244800000,28838.16,29677.0,28800.0,29505.61,58415.83048,28938.81571428572,29065.3404,25803.41949494949,56.61961011590743,207.16763529156376,212.32854404152985,-5.160908749966069,59116.6298145,0.0694080592665618
2023-05-06 00:00:00,1683331200000,29505.6,29820.0,28300.0,28848.2,49249.28459,28884.20857142857,29011.2516,25861.74313131313,51.33698656910613,188.3821475728692,207.5392647477977,-19.1571171749286,60257.494383,0.0486086802590826
2023-05-07 00:00:00,1683417600000,28848.19,29138.29,28395.23,28430.1,30003.41028,28769.478571428568,28952.9328,25916.364343434347,48.25351273281496,138.16466121123813,193.66434404048584,-55.49968282924769,58935.5743335,0.0045691304023667
2023-05-08 00:00:00,1683504000000,28430.09,28631.01,27262.0,27668.79,68244.36179,28712.411428571428,28844.7308,25956.025858585857,43.169014718738566,36.5146686349035,162.23440895936938,-125.71974032446587,59247.547706,-0.0262710674429154
2023-05-09 00:00:00,1683590400000,27668.8,27818.0,27353.0,27628.27,40113.31069,28563.61285714286,28731.1844,26004.532121212123,42.90985424053792,-46.774125191397616,120.43270212921598,-167.2068273206136,56924.4389125,-0.062583191196484
2023-05-10 00:00:00,1683676800000,27628.28,28331.42,26777.0,27598.75,71155.11355,28359.697142857145,28623.3308,26049.72020202021,42.70869290235242,-113.85071152036107,73.57601939930058,-187.42673091966165,56638.239904,-0.0584391215794375
2023-05-11 00:00:00,1683763200000,27598.74,27630.14,26702.05,26968.62,47635.31365,28092.62,28489.8896,26082.406666666662,38.55385769156918,-215.3729291681775,15.786229685804962,-231.1591588539825,55135.7671915,-0.0773792397995926
2023-05-12 00:00:00,1683849600000,26968.61,27091.12,25811.46,26795.01,67207.93494,27705.391428571427,28384.4792,26115.80131313132,37.47223356098532,-306.3079665940422,-48.63260957016448,-257.6753570238777,56694.9790955,-0.0834051409338899
2023-05-13 00:00:00,1683936000000,26795.01,27045.45,26692.03,26775.28,22814.90421,27409.26,28240.29,26149.572828282828,37.34401038955394,-375.63658034257605,-114.0334037246468,-261.60317661792925,56095.11951550001,-0.0460655558983705
2023-05-14 00:00:00,1684022400000,26775.27,27200.0,26560.53,26917.62,21594.8036,27193.191428571423,28165.1108,26185.84333333333,38.96660133494242,-414.3183537313962,-174.0903937259967,-240.2279600053995,54519.28125850001,-0.0611178429193586
2023-05-15 00:00:00,1684108800000,26917.61,27663.59,26726.0,27162.14,40430.08333,27120.812857142857,28121.8504,26228.56282828283,41.75697574771531,-420.3971408168727,-223.3517431441719,-197.0453976727008,53924.5281065,-0.0642186220981348
2023-05-16 00:00:00,1684195200000,27162.15,27296.89,26852.11,27033.84,33270.45451,27035.894285714283,28112.6904,26271.70747474748,40.70539210615929,-430.6036305184025,-264.80212061901807,-165.80150989938443,49126.6306305,-0.0625670985943624
2023-05-17 00:00:00,1684281600000,27033.85,27500.0,26544.71,27405.61,42958.97785,27008.30285714285,28096.2408,26313.779696969697,45.02562771189025,-404.0361380564282,-292.6489241065001,-111.38721394992808,46503.0383075,-0.0711729057626667
2023-05-18 00:00:00,1684368000000,27405.62,27485.33,26361.2,26821.28,49198.65143,26987.254285714287,28065.468,26352.752222222225,40.08236091727073,-425.2299700243239,-319.1651332900649,-106.06483673425896,46248.06259,-0.0702615761122011
2023-05-19 00:00:00,1684454400000,26821.28,27183.6,26630.0,26880.26,28754.13544,26999.432857142856,28040.2412,26404.104848484847,40.78898437809996,-432.28394128094806,-341.78889488824154,-90.49504639270651,46662.427833,-0.0545140537669582
2023-05-20 00:00:00,1684540800000,26880.26,27150.0,26825.11,27102.43,14434.54718,27046.16857142857,27992.3068,26459.430505050503,43.49235683100691,-415.1612812537314,-356.4633721613395,-58.69790909239191,45396.528332,-0.0204692724184902
2023-05-21 00:00:00,1684627200000,27102.42,27277.55,26666.03,26747.78,21347.87279,27021.90571428572,27925.6064,26508.77626262626,40.32716322842569,-425.3060771725359,-370.2319131635788,-55.0741640089571,43242.2389925,-0.0318691687897939
2023-05-22 00:00:00,1684713600000,26747.78,27099.89,26538.21,26849.27,26458.83828,26977.21,27820.6664,26559.94525252525,41.63616174286015,-420.3114178249016,-380.24781409584335,-40.06360372905823,42023.9547865,-0.0271563023687666
2023-05-23 00:00:00,1684800000000,26849.28,27495.83,26798.11,27219.61,38700.83858,27003.74857142857,27736.9828,26614.95171717172,46.26804068134288,-382.0655574491248,-380.6113627664996,-1.4541946826251433,40728.207109,0.0093067424287931
2023-05-24 00:00:00,1684886400000,27219.61,27219.61,26080.5,26329.01,54393.0657,26849.94857142857,27620.9252,26656.660505050502,38.37975991077515,-418.79184282480855,-388.2474587781614,-30.544384046647167,41319.0866435,-0.0173912978573249
2023-05-25 00:00:00,1684972800000,26329.0,26631.98,25871.89,26473.79,37435.44895,26800.307142857146,27510.548400000003,26678.37505050505,40.16568061311853,-431.2440397108876,-396.8467749647066,-34.39726474618095,40270.067567,-0.0112600129671845
2023-05-26 00:00:00,1685059200000,26473.8,26932.16,26327.24,26705.92,35061.18713,26775.40142857143,27456.0548,26710.57909090909,43.01728519787625,-417.5680795537046,-400.9910358825063,-16.57704367119834,39560.662694,-0.0078647369269645
2023-05-27 00:00:00,1685145600000,26705.93,26895.0,26551.0,26854.27,15095.6867,26739.950000000004,27383.431200000003,26733.652828282826,44.826985362645246,-390.260497327381,-398.8449281714812,8.584430844100211,38815.276515000005,-0.0113345266610067
2023-05-28 00:00:00,1685232000000,26854.28,28261.32,26764.36,28065.0,43916.00855,26928.12428571429,27344.9848,26768.3301010101,56.86679576305247,-267.83580473037,-372.64310348325904,104.80729875288904,37598.858853,0.0381433048357169
2023-05-29 00:00:00,1685318400000,28065.01,28447.14,27524.6,27736.4,42385.41945,27054.85714285714,27300.9144,26803.326464646463,53.45719123989979,-195.0798683112844,-337.1304564488641,142.05058813757978,37712.464291,0.012070156438773
2023-05-30 00:00:00,1685404800000,27736.39,28038.59,27554.0,27694.4,32686.75371,27122.684285714287,27228.466,26832.136565656565,53.01962049329183,-139.2046489708482,-297.54529495326096,158.34064598241275,35789.046298999994,0.032553256220434
2023-05-31 00:00:00,1685491200000,27694.39,27835.51,26839.01,27210.35,46588.80573,27248.59,27162.952,26859.99707070707,48.12991343151137,-132.45506516884052,-264.5272489963769,132.07218382753638,35736.720902999994,0.012280015148663
2023-06-01 00:00:00,1685577600000,27210.36,27350.0,26605.05,26817.93,39217.8088,27297.752857142856,27098.4652,26886.620505050505,44.54337920125329,-156.96162982346505,-243.0141251617945,86.05249533832949,34337.214596,-0.0104972137184746
2023-06-02 00:00:00,1685664000000,26817.93,27300.0,26505.0,27242.59,36380.90269,27374.42,27081.417200000004,26919.97797979798,48.974579649793874,-140.49718184833182,-222.510736499102,82.01355465077017,35015.514520000004,0.0184991053463128
2023-06-03 00:00:00,1685750400000,27242.59,27333.29,26914.93,27069.22,16595.34117,27405.12714285714,27059.0552,26959.2095959596,47.31246548524116,-139.8266635561522,-205.97392191051205,66.14725835435985,34765.5413985,0.0081920290570283
2023-06-04 00:00:00,1685836800000,27069.22,27455.02,26951.0,27115.21,19258.41049,27269.44285714285,27039.7136,26999.19080808081,47.81838541732558,-134.03914451178207,-191.58696643076607,57.547821918984,33706.9577565,-0.0038354700893951
2023-06-05 00:00:00,1685923200000,27115.2,27129.33,25388.0,25728.2,65805.60305,26982.557142857146,26990.096800000003,27021.14383838384,36.45052829170741,-238.6219242404186,-200.99395799269652,-37.627966247722014,35333.7151835,-0.0228193160320117
2023-06-06 00:00:00,1686009600000,25728.2,27355.33,25351.02,27230.08,68392.60438,26916.22571428572,27007.4996,27058.90131313131,50.24389790463122,-198.03257019031292,-200.40168043221985,2.369110241906867,36605.396510000006,0.0285675001577032
2023-06-07 00:00:00,1686096000000,27230.07,27391.77,26125.01,26339.34,59619.44364,26791.79571428572,26990.062,27091.20202020202,44.12660408982022,-235.0311951346448,-207.32758337270485,-27.70361176193996,37126.4361205,-0.0137265445264569
2023-06-08 00:00:00,1686182400000,26339.34,26810.0,26210.0,26498.61,31075.51083,26746.17857142857,26973.301600000003,27120.188282828283,45.4065288259447,-248.63500447695696,-215.58906759355528,-33.04593688340168,37242.50489,-0.0132440762679454
2023-06-09 00:00:00,1686268800000,26498.62,26783.33,26269.91,26477.81,27934.7097,26636.924285714285,26945.9284,27150.617474747472,45.26070960912588,-258.1190715744742,-224.09506838973908,-34.024003184735136,37917.513016,-0.0565540709068234
2023-06-10 00:00:00,1686355200000,26477.8,26533.87,25358.0,25841.21,64944.60108,26461.49428571429,26898.2232,27185.838383838385,40.92849270921978,-313.39098657595605,-241.9542520269825,-71.43673454897356,40097.3494305,-0.0683286223158017
2023-06-11 00:00:00,1686441600000,25841.22,26206.88,25634.7,25925.55,30014.29595,26291.542857142857,26839.0208,27221.989696969697,41.72433627216971,-346.3958090235428,-262.84256342629453,-83.55324559724829,40275.122314,-0.0638703131318967
2023-06-12 00:00:00,1686528000000,25925.54,26106.48,25602.11,25905.19,29900.50893,26316.827142857142,26802.3772,27257.090202020205,41.57870672722197,-369.9309171061432,-284.2602341622643,-85.67068294387889,39835.105831500005,-0.0479655719239187
2023-06-13 00:00:00,1686614400000,25905.2,26433.21,25712.57,25934.25,41065.60853,26131.70857142857,26764.5368,27292.68868686869,41.89045927985131,-381.8361907650869,-303.77542548282884,-78.0607652822581,39168.732973,-0.0329510890661584
2023-06-14 00:00:00,1686700800000,25934.24,26098.0,24820.56,25128.6,45077.31608,25958.74571428572,26685.5836,27322.29111111111,36.133600512823485,-451.0806508595306,-333.23647055816923,-117.84418030136136,39550.8263295,-0.0775987158342874
2023-06-15 00:00:00,1686787200000,25128.6,25759.01,24800.0,25598.49,48664.86063,25830.157142857144,26639.612,27361.61484848485,41.208414198619785,-462.7073856815623,-359.1306535828479,-103.5767320987144,40231.0100045,-0.054332189845145
2023-06-16 00:00:00,1686873600000,25598.49,26518.0,25175.56,26345.0,51596.91662,25811.184285714287,26619.4412,27422.04696969697,48.244459516173016,-406.9929769446244,-368.7031182552032,-38.28985868942118,42056.0715005,-0.0284050907221444
2023-06-17 00:00:00,1686960000000,26345.01,26839.99,26181.0,26516.99,27842.2195,25907.72428571428,26591.3364,27486.353030303027,49.73695991582684,-344.9839903052016,-363.95929266520295,18.975302360001365,41252.382048,0.0306585769700173
2023-06-18 00:00:00,1687046400000,26516.99,26700.0,26255.85,26339.97,21538.31022,25966.92714285714,26591.7748,27545.7897979798,48.19640880822292,-306.5912629916347,-352.4856867304893,45.89442373885458,40210.0265865,-0.0326884827367381
2023-06-19 00:00:00,1687132800000,26339.98,27068.09,26256.61,26844.35,35872.65974,26101.092857142856,26606.5972,27594.75181818182,52.69261312366419,-232.78213175745623,-328.5449757358827,95.76284397842647,40369.321888,0.0191732215006146
2023-06-20 00:00:00,1687219200000,26844.35,28402.74,26652.0,28307.99,69666.95525,26440.198571428573,26670.68,27637.120606060605,62.78630531542256,-55.54407017218182,-273.9447946231425,218.4007244509607,41523.229364,0.0682820721539734
2023-06-21 00:00:00,1687305600000,28308.0,30800.0,28257.99,29993.89,108926.40412,27135.24,26796.2648,27690.89313131313,70.57436349504961,218.4383891344769,-175.46815787161864,393.90654700609554,45008.65913,0.1327934598820672
2023-06-22 00:00:00,1687392000000,29993.89,30500.0,29525.61,29884.92,59054.5646,27747.58714285714,26869.0616,27747.45131313131,69.5610303991086,421.914921193722,-55.99154205855052,477.9064632522725,46142.3422255,0.1564829975066957
2023-06-23 00:00:00,1687478400000,29884.92,31431.94,29800.0,30688.5,73931.89635,28368.08714285714,26987.1456,27804.92323232323,72.67666047579277,640.6289571809466,83.33255778934891,557.2963993915977,49009.1699845,0.1837164496028049
2023-06-24 00:00:00,1687564800000,30688.51,30800.0,30250.0,30527.43,30513.30135,28941.007142857143,27100.4668,27836.56262626263,71.10561038405469,791.8366040976507,225.0333670510093,566.8032370466415,49571.914527500005,0.1784291101512862
2023-06-25 00:00:00,1687651200000,30527.44,31046.01,30277.49,30462.66,30223.44801,29529.96285714286,27230.5592,27872.473434343432,70.44613865224059,896.1135171623318,359.2493970732738,536.864120089058,47792.8067755,0.1746111801960728
2023-06-26 00:00:00,1687737600000,30462.67,30666.0,29930.0,30267.99,45180.41489,30019.054285714286,27368.5616,27895.65646464647,68.39302062765378,952.0706027011838,477.8136381988559,474.256964502328,46632.19730099999,0.2045235309567585
2023-06-27 00:00:00,1687824000000,30267.99,30994.97,30226.17,30692.44,42699.64157,30359.69,27506.5556,27925.71131313132,70.41745825593972,1018.92107595583,586.0351257502507,432.8859502055793,45786.2071975,0.1989941594211219
2023-06-28 00:00:00,1687910400000,30692.44,30709.74,29858.8,30077.41,40463.51937,30371.62142857143,27626.8832,27945.629898989897,64.01887410782086,1010.6229444492928,670.9526894900591,339.6702549592337,46255.6076245,0.1416743215031315
2023-06-29 00:00:00,1687996800000,30077.4,30843.98,30049.98,30447.31,36330.62903,30451.96285714285,27760.167200000004,27977.91616161616,66.0188046245706,1022.1121810814984,741.184587808347,280.9275932731514,46675.403591,0.1482189343511462
2023-06-30 00:00:00,1688083200000,30447.31,31282.0,29500.0,30472.0,89419.07618,30421.03428571429,27949.9192,27999.90191919192,66.15403321600864,1021.4352903394174,797.2347283145612,224.20056202485625,47899.127346,0.1568729956791901
2023-07-01 00:00:00,1688169600000,30471.99,30661.6,30320.57,30585.9,17501.75075,30429.38714285714,28084.152,28031.53252525253,66.81021123497831,1018.3507145119838,841.4579255540457,176.89278895793814,47273.500086,0.1393794224855511
2023-07-02 00:00:00,1688256000000,30585.9,30791.0,30155.0,30617.03,23286.41019,30451.44,28255.259600000005,28063.39191919192,66.9985276381104,1006.812192544483,874.5287789521332,132.2834135923498,46942.795149,0.0815684900270206
2023-07-03 00:00:00,1688342400000,30617.02,31380.0,30570.27,31156.2,43761.64311,30578.327142857142,28441.5632,28095.59545454545,70.15687072175587,1029.3091090366795,905.4848449690426,123.82426406763716,47077.596878,0.03875155906753
2023-07-04 00:00:00,1688428800000,31156.2,31350.69,30620.0,30766.51,33206.11943,30588.90857142857,28613.1112,28132.37929292929,65.29311659400253,1004.1184982082086,925.2115756168758,78.90692259133277,46484.0370455,0.0294994933899772
2023-07-05 00:00:00,1688515200000,30766.52,30878.07,30200.0,30504.81,33215.67122,30649.96571428572,28799.6552,28165.144343434346,62.17572468813776,952.0629655282572,930.5818535991522,21.481111929105168,45711.577575,-0.0059856297961776
2023-07-06 00:00:00,1688601600000,30504.8,31500.0,29850.45,29895.43,71319.6261,30571.12571428572,28958.4504,28180.76888888889,55.52756023955909,851.817485901196,914.828980059561,-63.01149415836494,46697.713049,-0.0207026926275811
2023-07-07 00:00:00,1688688000000,29895.42,30449.0,29701.02,30344.7,34070.53895,30552.94,29136.0308,28204.164545454547,59.00762913170558,799.4094607130282,891.7450761902545,-92.33561547722628,47009.1290215,-0.0038722816720535
2023-07-08 00:00:00,1688774400000,30344.7,30386.81,30044.47,30284.63,13094.59042,30509.90142857143,29310.046,28222.54101010101,58.350162297203546,744.4470539620343,862.2854717446105,-117.83841778257624,46586.94303149999,0.0005497556990075
2023-07-09 00:00:00,1688860800000,30284.63,30445.52,30061.12,30160.71,15388.50196,30444.71285714285,29511.3304,28239.79333333333,56.9406889804348,683.0162560350509,826.4316286026987,-143.41537256764775,45562.7351425,-0.0173244616589622
2023-07-10 00:00:00,1688947200000,30160.71,31045.78,29950.0,30411.57,41262.87652,30338.33714285714,29703.8536,28262.416565656564,59.09479964532902,647.1146763938523,790.5682381609295,-143.4535617670772,44142.531206,0.0111099991654866
2023-07-11 00:00:00,1689033600000,30411.57,30813.63,30300.0,30622.1,28476.83311,30317.707142857143,29874.9376,28290.922626262625,60.86426352318685,628.4065478841512,758.1359001055739,-129.7293522214227,40120.0526555,0.0057407370306274
2023-07-12 00:00:00,1689120000000,30622.1,30983.25,30210.0,30380.0,38108.99669,30299.877142857145,30029.458,28313.291616161616,57.76950136073096,587.275033548809,723.963726794221,-136.68869324541197,39072.77426,-0.003019165135206
2023-07-13 00:00:00,1689206400000,30380.0,31804.2,30251.0,31454.23,70772.51836,30522.562857142857,30234.0284,28346.465555555555,66.02451419909531,634.0504564080293,705.9810727169827,-71.9306163089534,38914.8053605,0.0283898789965311
2023-07-14 00:00:00,1689292800000,31454.23,31630.0,29900.0,30312.01,60749.48424,30517.89285714286,30372.7348,28369.477575757577,53.94885285400292,572.3549562959306,679.2558494327723,-106.90089313684166,40426.614505,-0.0099624294061181
2023-07-15 00:00:00,1689379200000,30312.0,30390.9,30200.0,30289.52,14118.55329,30518.59142857143,30451.996,28393.5502020202,53.74043674640326,515.7013883300897,646.5449572122358,-130.8435688821461,39621.369769,-0.0278172562764393
2023-07-16 00:00:00,1689465600000,30289.52,30441.46,30064.29,30231.99,15760.1281,30528.774285714284,30461.52,28416.71797979798,53.17453327902509,460.848463133716,609.4056583965319,-148.55719526281587,38150.35542950001,-0.0173734362460999
2023-07-17 00:00:00,1689552000000,30232.0,30336.96,29659.2,30138.0,30882.76839,30489.69285714285,30471.6432,28435.04363636364,52.20727129995326,405.1229124740603,568.5491092120376,-163.4261967379773,37559.5117705,-0.0120246610288673
2023-07-18 00:00:00,1689638400000,30138.01,30239.78,29512.0,29859.13,30003.8601,30380.697142857145,30438.4684,28437.28393939394,49.33952814066162,334.60046779799086,521.7593809292282,-187.1589131312373,37036.528807,-0.001214232409435
2023-07-19 00:00:00,1689724800000,29859.14,30189.09,29761.96,29909.21,25657.36137,30313.441428571427,30413.739600000004,28434.342424242423,49.87204874950443,279.52971521363,473.31344778610855,-193.78373257247856,36502.865424,-0.0143514353412622
2023-07-20 00:00:00,1689811200000,29909.21,30417.46,29570.96,29800.0,37540.68193,30077.12285714285,30387.2332,28433.45282828283,48.6705691949255,224.4856815339845,423.5478945356837,-199.0622130016993,33908.9457115,-0.0160025068822039
2023-07-21 00:00:00,1689897600000,29800.0,30061.7,29726.34,29901.72,23881.40865,30018.51,30372.582400000003,28428.68393939394,49.881681168528736,186.9161886905713,376.2215533666612,-189.30536467609,34227.9286065,-0.0085869994439785
2023-07-22 00:00:00,1689984000000,29901.72,29999.0,29625.1,29794.0,14660.40467,29947.721428571425,30336.6448,28421.88666666667,48.57460234084695,146.7582534008252,330.32889337349405,-183.57063997266889,33796.6283305,-0.0203070739195642
2023-07-23 00:00:00,1690070400000,29793.99,30350.0,29730.0,30083.75,18292.78637,29926.544285714284,30336.8984,28419.75191919192,52.20267575156536,136.7369849726674,291.6105116933288,-154.87352672066137,32523.1854935,-0.0175804402702622
2023-07-24 00:00:00,1690156800000,30083.75,30099.58,28861.9,29176.5,39628.99691,29789.187142857143,30286.066000000003,28408.356464646466,42.17049549502224,54.95408822727404,244.27922700011783,-189.3251387728438,32844.3293675,-0.0396148782093482
2023-07-25 00:00:00,1690243200000,29176.5,29376.0,29047.65,29228.91,21565.7478,29699.15571428572,30236.3424,28406.322525252526,42.85371838169132,-5.566233590085176,194.31013488207725,-199.87636847216243,32261.833196500003,-0.0707478771535656
2023-07-26 00:00:00,1690329600000,29228.91,29690.0,29096.94,29351.96,33931.63366,29619.54857142857,30186.9848,28395.938181818183,44.51128037556289,-43.10305286476432,146.82749733270893,-189.93055019747325,30392.4335745,-0.0316722645578435
2023-07-27 00:00:00,1690416000000,29351.95,29567.49,29083.85,29222.78,22476.47626,29537.08857142857,30131.2148,28400.23797979798,43.09797184020184,-82.32599613849379,100.9967986384684,-183.32279477696216,29812.73044,-0.0352181216473552
2023-07-28 00:00:00,1690502400000,29222.78,29542.22,29123.12,29314.14,23993.61627,29453.148571428574,30057.5324,28411.05101010101,44.44154871386267,-104.83005715194304,59.83142748038611,-164.66148463232915,30357.6817325,-0.0303602243848322
2023-07-29 00:00:00,1690588800000,29314.14,29406.92,29256.18,29352.9,10851.36844,29390.134285714284,30000.988,28432.162727272727,45.0345247220262,-118.1748336479286,24.230175254723168,-142.4050089026518,30130.8250565,-0.0260501692215806
2023-07-30 00:00:00,1690675200000,29352.9,29449.0,29033.24,29281.09,15706.97441,29275.46857142857,29952.039200000003,28446.953030303022,44.09552100570505,-133.01185416589578,-7.218230629400622,-125.79362353649516,28853.029951,-0.0193589029553105
2023-07-31 00:00:00,1690761600000,29281.09,29530.0,29101.8,29232.25,22605.48964,29283.432857142856,29925.512,28463.53535353536,43.43222223841455,-147.01656421084044,-35.17789734568859,-111.83866686515184,28559.4627775,-0.0226338308500959
2023-08-01 00:00:00,1690848000000,29232.26,29739.25,28585.7,29705.99,44719.65162,29351.58714285714,29899.963600000003,28485.70767676768,51.1137945664358,-118.5222878732784,-51.84677545120656,-66.67551242207185,28889.995524000005,-0.003154697986577
2023-08-02 00:00:00,1690934400000,29705.99,30047.5,28927.5,29186.01,48181.65141,29327.88,29856.018800000005,28494.64929292929,44.04410894677165,-136.32691709173378,-68.742803779312,-67.58411331242178,27760.452176500003,-0.0239354124110586
2023-08-03 00:00:00,1691020800000,29186.0,29433.33,28968.0,29193.64,26476.91994,29323.717142857146,29817.336,28502.51141414141,44.16614332355489,-148.11416884873324,-84.61707679319625,-63.497092055537,26046.8239615,-0.0201503658454722
2023-08-04 00:00:00,1691107200000,29193.65,29333.08,28807.54,29113.99,23551.95217,29295.12428571429,29765.4328,28498.887373737376,43.10919866748292,-162.01513055181204,-100.0966875449194,-61.91844300689263,26518.493905500003,-0.0322353430007894
2023-08-05 00:00:00,1691193600000,29114.0,29152.23,28978.64,29072.13,11645.52018,29255.01428571429,29703.434,28496.46747474748,42.53311169581277,-174.39913039836028,-114.95717611560758,-59.441954282752704,26312.763509500004,-0.0035771939746027
2023-08-06 00:00:00,1691280000000,29072.13,29205.09,28991.88,29088.42,13178.1972,29227.49,29651.7708,28495.032828282827,42.853160980155245,-180.81475272374155,-128.12869143723438,-52.68606128650717,25427.53495,-0.0048065425635099
2023-08-07 00:00:00,1691366400000,29088.43,29276.78,28701.03,29211.06,30966.87746,29224.46285714285,29562.044000000005,28494.809090909093,45.32208032325661,-173.99742260574567,-137.30243767093663,-36.69498493480901,25475.685818,-0.0048003608617618
2023-08-08 00:00:00,1691452800000,29211.06,30244.0,29146.45,29770.42,45700.53392,29233.667142857143,29540.3804,28512.002626262623,54.893889223556215,-122.05202239814024,-134.25235461637735,12.200332218237122,26477.8444455,0.0187401746171993
2023-08-09 00:00:00,1691539200000,29770.41,30160.0,29376.67,29581.99,38003.88725,29290.235714285714,29512.0792,28521.21606060606,51.61589045831981,-94.99460602581894,-126.4008048982657,31.406198872446765,26501.0047115,0.0091372286548403
2023-08-10 00:00:00,1691625600000,29581.99,29738.0,29320.2,29455.75,23463.45373,29327.68,29481.0296,28525.55535353536,49.48392320634174,-82.78364327228337,-117.67737257306923,34.89372930078588,26480.1069655,0.0035039127309397
2023-08-11 00:00:00,1691712000000,29455.76,29564.52,29252.45,29426.03,20637.0443,29372.257142857143,29452.5508,28531.49343434344,48.971093224931415,-74.64407253065292,-109.070712564586,34.42664003393307,26778.938947,0.004949952341255
2023-08-12 00:00:00,1691798400000,29426.02,29481.35,29381.56,29430.17,8971.48068,29423.40571428572,29435.3924,28530.731414141417,49.05030451657335,-67.08601485523832,-100.67377302271646,33.58775816747814,26312.8736625,0.0067706043838569
2023-08-13 00:00:00,1691884800000,29430.18,29474.65,29272.32,29303.84,11101.70947,29454.18,29411.1776,28535.33383838384,46.66965084253985,-70.47755354424226,-94.63452912702162,24.156975582779367,24886.5092905,-0.0135376737149646
2023-08-14 00:00:00,1691971200000,29303.85,29695.32,29102.45,29430.93,31443.11532,29485.59,29396.4148,28545.443232323232,49.33382259565878,-62.19334535421149,-88.1462923724596,25.95294701824811,25380.3776665,0.0083916917728734
2023-08-15 00:00:00,1692057600000,29430.92,29499.26,29059.6,29200.0,27503.87691,29404.101428571423,29368.346,28560.91,44.94062663764257,-73.4158791614027,-85.20020973024822,11.78433056884552,25058.989829,0.0002178556699337
2023-08-16 00:00:00,1692144000000,29200.01,29259.85,28723.08,28730.51,32996.69854,29282.46142857143,29325.8064,28572.043737373737,37.60818158942829,-118.82400816519656,-91.92496941723788,-26.899038747958684,25585.000943,-0.01317167451112
2023-08-17 00:00:00,1692230400000,28730.51,28783.48,25166.0,26623.41,100271.54033,28877.84142857143,29187.3928,28562.19181818181,21.0266794514867,-321.1338071491955,-137.7667369636294,-183.3670701855661,29398.897146000003,-0.0842291225307537
2023-08-18 00:00:00,1692316800000,26623.41,26832.6,25619.0,26054.0,69790.65711,28396.12285714286,29062.4928,28552.953232323234,18.63552419387069,-521.4020108301156,-214.49379173692665,-306.90821909318896,32345.8615795,-0.1043171131329924
2023-08-19 00:00:00,1692403200000,26054.0,26281.0,25801.09,26100.01,26160.75343,27920.385714285712,28937.3368,28545.93303030304,19.432797443607868,-668.6950819666745,-305.33404978287626,-363.3610321837982,32868.5505305,-0.106502468585529
2023-08-20 00:00:00,1692489600000,26100.01,26299.0,25971.05,26189.99,19056.91209,27475.55,28810.858,28540.021010101013,21.061859736428005,-769.2972877635038,-398.1266973790018,-371.170590384502,32691.121653,-0.1202680378711484
2023-08-21 00:00:00,1692576000000,26190.0,26258.42,25812.0,26126.92,30267.24233,27003.54857142857,28687.0236,28532.03414141414,20.745224623293183,-844.3809841825168,-487.37755473970486,-357.003429442812,31968.50118850001,-0.1167964021352181
2023-08-22 00:00:00,1692662400000,26126.92,26139.42,25300.0,26056.0,34247.06688,26554.40571428572,28556.698000000004,28520.86101010101,20.37430841360808,-899.2421026397751,-569.750464319719,-329.4916383200561,31271.771962,-0.115418891048437
2023-08-23 00:00:00,1692748800000,26055.99,26819.27,25812.82,26432.72,44023.69978,26226.15,28439.8908,28514.789090909093,27.762760275903887,-901.9249492642411,-636.1853613086234,-265.7395879556177,32149.110954,-0.1017232022124627
2023-08-24 00:00:00,1692835200000,26432.71,26577.87,25864.0,26180.05,30205.22116,26162.812857142857,28315.8492,28502.4096969697,26.018910671760608,-913.9045590211426,-691.7292008511273,-222.17535817001533,32481.774403500003,-0.1104349720032198
2023-08-25 00:00:00,1692921600000,26180.05,26314.05,25777.15,26060.01,27753.33772,26163.671428571422,28188.9596,28494.7201010101,25.20877977059328,-922.451266847529,-737.8736140504077,-184.5776527971213,33287.165280500005,-0.1106964138488335
2023-08-26 00:00:00,1693008000000,26060.0,26125.77,25985.92,26017.37,10022.22322,26151.86571428572,28041.4148,28486.004040404045,24.91205653145842,-922.036621790172,-774.7062155983606,-147.3304061918113,33129.3665815,-0.1159854615535425
2023-08-27 00:00:00,1693094400000,26017.38,26182.23,25966.11,26101.77,12099.64216,26139.262857142858,27918.0452,28475.89636363637,26.74993869725885,-904.4714540467684,-800.6592632880422,-103.81219075872627,32186.0048165,-0.1061037671232876
2023-08-28 00:00:00,1693180800000,26101.78,26253.99,25864.5,26120.0,22692.62655,26138.274285714288,27795.0996,28469.55515151516,27.164624078025724,-878.9479584751934,-816.3170023254725,-62.63095614972099,31035.609448000003,-0.0908619443232994
2023-08-29 00:00:00,1693267200000,26120.0,28142.85,25922.0,27716.34,74251.99488,26375.46571428572,27739.1936,28478.31343434344,52.51523525100884,-721.5910550105691,-797.3718128624918,75.78075785192266,32848.0148295,0.0410514656086504
2023-08-30 00:00:00,1693353600000,27716.34,27768.57,27017.24,27299.99,35448.25848,26499.36142857143,27668.308000000005,28479.12535353535,47.83851282344056,-623.295577310244,-762.5565657520423,139.2609884417983,33447.255067000006,0.0478233668534582
2023-08-31 00:00:00,1693440000000,27299.99,27587.51,25655.01,25940.78,51032.80401,26465.18,27542.402400000003,28475.20383838384,36.43201850580968,-647.607375951753,-739.5667277919845,91.95935184023142,34967.0430525,-0.0061007639460674
2023-09-01 00:00:00,1693526400000,25940.77,26156.0,25333.75,25805.05,41032.15056,26428.757142857143,27406.162,28468.448888888888,35.5211912629063,-670.1024047910905,-725.6738631918058,55.5714584007153,36570.0765465,-0.0146979819389011
2023-09-02 00:00:00,1693612800000,25805.04,25987.5,25752.47,25869.51,16250.77698,26407.634285714284,27250.1256,28460.000303030305,36.33524113424659,-674.9481122317011,-715.528712999785,40.580600768083855,36827.529922,-0.0098522902814415
2023-09-03 00:00:00,1693699200000,25869.52,26135.0,25800.0,25971.21,17474.47667,26388.98285714286,27105.6944,28451.080505050508,37.67223946401991,-662.9400697736928,-705.0109843545665,42.070914580873705,36129.0979895,-0.0032541449186368
2023-09-04 00:00:00,1693785600000,25971.21,26108.02,25631.21,25826.02,21777.59609,26346.985714285714,26960.5052,28428.464545454543,36.49394716077166,-657.5592949729944,-695.5206464782522,37.96135150525777,35842.7839485,-0.0229526132762727
2023-09-05 00:00:00,1693872000000,25826.03,25915.49,25562.62,25792.1,21323.39337,26072.094285714287,26815.148,28408.82515151516,36.209008058274,-648.5559039471118,-686.1276979720242,37.57179402491238,35259.11869,-0.0148185354879001
2023-09-06 00:00:00,1693958400000,25792.11,26040.0,25372.51,25759.95,27262.52386,25852.08857142857,26668.3392,28389.28525252525,35.92271541524664,-636.6756870015124,-676.2372957779219,39.56160877640946,31608.6678665,-0.0115141935862648
2023-09-07 00:00:00,1694044800000,25759.95,26443.14,25615.38,26255.0,27687.49567,25896.977142857144,26546.3856,28379.63525252525,43.35024465209649,-580.6210932463946,-657.1140552716165,76.49296202522191,29503.5097945,0.0091335134950227
2023-09-08 00:00:00,1694131200000,26255.0,26445.5,25647.26,25910.5,28999.76471,25912.041428571425,26405.5684,28370.46929292929,39.88543450204835,-557.5683933727669,-637.2049228918466,79.63652951907977,29645.460358500004,-0.007327855543896
2023-09-09 00:00:00,1694217600000,25910.5,25945.09,25796.64,25901.61,10980.62277,25916.627142857145,26273.6328,28356.92404040404,39.7970378419551,-533.8622793022878,-616.5363941739349,82.67411487164713,29241.645892500004,-0.0083610260336906
2023-09-10 00:00:00,1694304000000,25901.6,26033.66,25570.57,25841.61,18738.26914,25898.112857142853,26158.076800000003,28344.52393939394,39.16612937508351,-513.9915371752504,-596.027422774198,82.03588559894763,28665.197233000003,-0.0676398831880399
2023-09-11 00:00:00,1694390400000,25841.6,25900.69,24901.0,25162.52,41682.32,25803.327142857142,26099.6412,28324.7997979798,32.82359877396692,-546.7382601563404,-586.1695902506266,39.43133009428618,29036.959889,-0.0782956330753235
2023-09-12 00:00:00,1694476800000,25162.53,26567.0,25131.48,25840.1,56434.38537,25810.184285714284,26091.0852,28325.930101010097,42.780298924151545,-512.1119233448699,-571.3580568694753,59.2461335246054,29657.4941685,-0.0038811477526889
2023-09-13 00:00:00,1694563200000,25840.1,26405.22,25764.17,26222.0,31610.82753,25876.191428571427,26095.9648,28315.74747474748,47.50316447817377,-448.6820364031773,-546.8228527762157,98.14081637303832,29727.774487,0.0161576900645417
2023-09-14 00:00:00,1694649600000,26222.0,26860.49,26126.77,26522.73,38333.1725,25914.43857142857,26109.2744,28317.59989898989,50.93734280359596,-369.8832128858594,-511.4349247981445,141.55171191228504,30256.766226,0.0252505749045885
2023-09-15 00:00:00,1694736000000,26522.73,26888.0,26224.0,26600.0,26227.29369,26012.93857142857,26128.1976,28318.624040404044,51.80964839055254,-297.7670609804336,-468.7013520346024,170.93429105416874,31067.0197495,0.0242110398398842
2023-09-16 00:00:00,1694822400000,26599.99,26777.0,26445.0,26559.67,13960.93351,26106.947142857145,26148.3444,28319.45090909091,51.29700940777227,-241.0896535219872,-423.1790123320793,182.0893588100921,31160.084317,0.0284073968811298
2023-09-17 00:00:00,1694908800000,26559.67,26623.25,26399.0,26527.51,12998.10277,26204.932857142856,26152.136,28326.38323232323,50.86480334508481,-196.5022869545792,-377.8436672565793,181.3413803020001,30675.358128,0.028512994288949
2023-09-18 00:00:00,1694995200000,26527.5,27409.0,26377.35,26762.51,43000.43256,26433.502857142856,26175.4344,28334.837373737377,53.92005683080556,-140.58338395214014,-330.3916105956915,189.8082266435513,29112.780012,0.0389193302005632
2023-09-19 00:00:00,1695081600000,26762.5,27483.57,26667.79,27210.26,36190.52187,26629.24,26221.4444,28348.019898989896,59.13402984201704,-59.45223904764498,-276.2037362860822,216.7514972384372,29149.893181500003,0.0363839268710721
2023-09-20 00:00:00,1695168000000,27210.25,27388.63,26800.0,27125.0,34207.21867,26758.24,26265.7496,28360.04767676768,57.79303603861386,-2.011800856966147,-221.365349200259,219.35354834329289,28308.6139145,0.0468728893691745
2023-09-21 00:00:00,1695254400000,27125.01,27159.6,26377.7,26568.08,34476.82662,26764.71857142857,26284.402,28374.58787878788,49.84210731307772,-1.4123487035067228,-177.37474910090856,175.96240039740184,27980.8477175,0.0257308329482222
2023-09-22 00:00:00,1695340800000,26568.08,26743.38,26468.77,26580.14,18198.2292,26761.881428571425,26302.807600000004,28384.50353535353,50.00251666032689,0.0354539660511363,-141.8927084875166,141.92816245356775,28078.2203285,0.0285791016890974
2023-09-23 00:00:00,1695427200000,26580.14,26632.81,26509.0,26575.96,9440.7026,26764.20857142857,26257.1924,28386.836464646465,49.94289860695756,0.8359209696536709,-113.34698259608255,114.18290356573624,27676.531625,0.0561724342394958
2023-09-24 00:00:00,1695513600000,26575.97,26738.54,26122.08,26248.38,15706.65771,26724.33285714286,26215.128,28384.12323232324,45.376797245992094,-24.678196574186583,-95.61322539170337,70.93502881751678,27372.984706,0.0158002484510508
2023-09-25 00:00:00,1695600000000,26248.39,26446.15,25990.46,26304.81,26266.2039,26658.947142857145,26229.6892,28383.76808080808,46.28780497042599,-39.88511833560915,-84.46760398048453,44.582485644875376,27620.1252325,0.0031580352375868
2023-09-26 00:00:00,1695686400000,26304.8,26397.46,26088.34,26221.67,18495.35066,26517.72,26246.354,28377.47838383838,45.09449550775248,-57.97709272606153,-79.16950172959993,21.1924090035384,27181.7665725,-0.0113510185414548
2023-09-27 00:00:00,1695772800000,26221.68,26850.0,26112.06,26372.99,34771.57978,26410.290000000005,26266.4932,28357.93292929293,47.73547194798539,-59.419897815718286,-75.2195809468236,15.799683131105311,27535.970778,-0.0085342105263157
2023-09-28 00:00:00,1695859200000,26373.0,27308.48,26342.4,27021.39,44517.83491,26475.04857142857,26308.5004,28327.907676767674,57.22903155312735,-8.148934306867886,-61.80545161883246,53.65651731196457,28311.874288000003,0.0173842521386748
2023-09-29 00:00:00,1695945600000,27021.39,27244.89,26665.16,26906.96,28478.76219,26521.737142857142,26351.738,28297.82727272727,55.31926609790224,22.98517025769252,-44.84732724352747,67.83249750121999,29186.781259,0.0143040187337597
2023-09-30 00:00:00,1696032000000,26906.96,27094.99,26886.31,26962.56,12804.62307,26576.96571428571,26398.5564,28260.19151515152,56.086072090506754,51.551375597362494,-25.567586675349474,77.11896227271197,28890.098955500005,0.0074750088836958
2023-10-01 00:00:00,1696118400000,26962.57,28065.51,26954.09,27992.57,24602.81468,26826.13571428572,26487.8612,28234.58686868687,67.28667155771257,155.51086552904235,10.64810376552889,144.86276176351345,28036.1236895,0.0287505521814197
2023-10-02 00:00:00,1696204800000,27992.58,28580.0,27281.44,27494.51,57071.14241,26996.092857142856,26537.4416,28204.60555555556,59.397489497562944,195.4571227059532,47.60990755361376,147.84721515233946,28067.9615415,0.0136224884792626
2023-10-03 00:00:00,1696291200000,27494.51,27676.52,27160.5,27426.46,28928.96555,27168.20571428572,26598.08,28175.90323232323,58.390154994837935,219.0981262182832,81.90755128654763,137.1905749317355,27933.8684425,0.0323086952463256
2023-10-04 00:00:00,1696377600000,27426.45,27839.72,27202.0,27778.57,29816.142,27369.00285714286,26673.1584,28146.4702020202,61.9828480298198,263.2119822325767,118.16843747575344,145.04354475682325,27508.0169175,0.0450874224138775
2023-10-05 00:00:00,1696464000000,27778.57,28120.39,27352.0,27410.39,30681.49619,27424.574285714283,26735.9096,28119.530606060605,56.49040893199624,265.4040690559377,147.61556379179032,117.7885052641474,27730.7270425,0.0313979250420304
2023-10-06 00:00:00,1696550400000,27410.39,28295.0,27175.94,27931.09,37983.24277,27570.87857142857,26846.6524,28094.114242424243,61.664215051601246,305.63429013913264,179.2193090612588,126.41498107787385,28931.8425055,0.0641071944249511
2023-10-07 00:00:00,1696636800000,27931.1,28029.67,27842.08,27956.67,13348.83825,27712.894285714287,26931.3152,28068.70686868687,61.90387946176087,335.71125206882425,210.5176976627719,125.19355440605236,28949.3792795,0.0627968801143212
2023-10-08 00:00:00,1696723200000,27956.67,28095.14,27687.5,27917.05,19693.56921,27702.10571428572,26999.1172,28041.748787878787,61.26501264886502,352.2894843263457,238.87205499548668,113.41742933085902,27784.036112,0.0646556836387615
2023-10-09 00:00:00,1696809600000,27917.06,27987.93,27260.0,27590.12,31534.74639,27715.76428571428,27041.812800000003,28011.173939393942,56.118386478216905,335.1835468149875,258.13435335938686,77.04919345560063,27551.247338,0.0461506260761481
2023-10-10 00:00:00,1696896000000,27590.12,27735.0,27298.0,27390.12,22776.84383,27710.57285714286,27073.4176,27973.13272727273,53.17544815864111,302.00728754751617,266.9089401970127,35.098347350503445,26979.728596,0.01364585611621
2023-10-11 00:00:00,1696982400000,27390.12,27477.39,26538.66,26875.52,37349.44706,27581.56571428572,27086.051599999995,27933.8297979798,46.42880202362361,231.52210108385407,259.83157237438104,-28.30947129052697,27123.359618,-0.0011684709086421
2023-10-12 00:00:00,1697068800000,26875.52,26947.04,26555.0,26759.63,23428.64112,27488.6,27095.3364,27895.9996969697,45.04280262313099,164.41544956863072,240.748347813231,-76.33289824460027,27384.880214,-0.0075263624819008
2023-10-13 00:00:00,1697155200000,26759.63,27130.0,26685.0,26862.0,24115.76499,27335.87285714286,27099.315999999995,27865.35898989899,46.56037832085007,118.13160066560886,216.22499838370652,-98.09339771809772,28118.6333335,-0.0403882173019483
2023-10-14 00:00:00,1697241600000,26862.0,26989.58,26789.0,26852.48,10417.25576,27178.131428571425,27085.0048,27830.08404040404,46.431970395756174,79.76366661719658,188.93273203040457,-109.169065413208,27854.163236,-0.0233512072046382
2023-10-15 00:00:00,1697328000000,26852.48,27293.33,26808.25,27154.15,15274.6917,27069.14571428572,27086.1708,27798.463030303028,51.03981899457385,72.85917507935301,165.71802064019425,-92.85884556084125,27304.587626,-0.0099287330555966
2023-10-16 00:00:00,1697414400000,27154.14,30000.0,27112.66,28500.78,78399.22445,27199.24,27163.4788,27781.696060606057,65.36286382929352,174.04284495620595,167.3829855033966,6.659859452809343,30299.7813155,0.0259988185136958
2023-10-17 00:00:00,1697500800000,28500.77,28613.65,28069.32,28395.91,38428.44532,27342.92428571428,27236.1096,27761.33585858586,63.797611276592654,242.9687077377166,182.5001299502606,60.46857778745601,30482.6245925,0.0359542494652576
2023-10-18 00:00:00,1697587200000,28395.91,28982.36,28142.87,28320.0,32162.47591,27549.27857142857,27305.8712,27738.082323232324,62.6284949369034,288.14607934445667,203.6293198290998,84.51675951535685,29864.856642500003,0.0139239105956838
2023-10-19 00:00:00,1697673600000,28320.0,28916.89,28100.66,28713.71,35895.50179,27828.432857142856,27404.4844,27721.25111111111,66.09853084651826,351.6648054825637,233.23641695979265,118.42838852277106,30235.693622500003,0.027079047683433
2023-10-20 00:00:00,1697760000000,28713.71,30207.55,28578.29,29669.04,59422.0992,28229.43857142857,27539.0536,27703.21888888889,72.71809906004962,473.6312740468056,281.31538837719523,192.3158856696104,32566.567429,0.0627569890085091
2023-10-21 00:00:00,1697846400000,29669.05,30379.99,29464.77,29909.8,27517.51897,28666.198571428573,27686.5788,27699.15616161616,74.09111466626052,582.9974670923293,341.6518041202221,241.3456629721072,32712.3026435,0.0840764737521981
2023-10-22 00:00:00,1697932800000,29909.8,30248.0,29640.0,29992.46,22852.54563,29071.671428571422,27831.357600000003,27696.15555555556,74.56441662138425,668.6333452095641,407.0481123380905,261.58523287147364,31001.3728045,0.0950101715509095
2023-10-23 00:00:00,1698019200000,29992.46,34741.91,29883.6,33069.99,93513.64246,29724.41571428571,28073.301600000003,27724.82222222222,85.31818809250439,973.6081973503096,520.3601293405344,453.2480680097752,34230.60665,0.2304874473126472
2023-10-24 00:00:00,1698105600000,33069.99,35280.0,32832.34,33922.73,115265.02418,30513.96142857143,28353.9324,27763.05181818182,86.96293121974867,1269.4782017642792,670.1837438252834,599.2944579389958,38503.050759,0.2676830733459319
2023-10-25 00:00:00,1698192000000,33922.73,35132.85,33679.05,34496.05,54887.02529,31396.254285714287,28655.272,27809.8893939394,87.94105304494398,1532.5531260001371,842.6576202602541,689.895505739883,39713.327214,0.2841951455587821
2023-10-26 00:00:00,1698278400000,34496.05,34824.13,33751.0,34151.66,39744.66255,32173.10428571429,28901.6356,27852.742424242424,83.87043805303034,1693.7282589370552,1012.8717479956144,680.8565109414408,39801.398203,0.2718251722001097
2023-10-27 00:00:00,1698364800000,34151.66,34245.0,33390.95,33892.02,32330.40106,32776.387142857144,29157.536,27894.07595959596,80.83262664443994,1779.991303159004,1166.2956590282924,613.6956441307116,40750.4763435,0.2481340789529407
2023-10-28 00:00:00,1698451200000,33892.01,34493.33,33860.0,34081.0,16880.13144,33372.27285714286,29423.7176,27936.29090909091,81.36178438872695,1842.3668357755305,1301.5098943777402,540.8569413977903,40609.804455,0.1957918344690918
2023-10-29 00:00:00,1698537600000,34081.01,34750.11,33930.0,34525.89,20685.52176,34019.90571428572,29693.6104,27984.08777777778,82.58096521284399,1905.7307221756528,1422.3540599373227,483.37666223833,40067.3432235,0.215875455303246
2023-10-30 00:00:00,1698624000000,34525.88,34856.0,34062.84,34474.73,33657.95976,34220.58285714286,29976.184,28028.44111111111,81.91737132898545,1929.5759240882728,1523.7984327675128,405.7774913207597,40611.39902,0.217328036723164
2023-10-31 00:00:00,1698710400000,34474.74,34720.49,34025.0,34639.77,32737.89822,34323.01714285714,30244.5312,28083.62565656565,82.40847070067106,1939.434177164112,1606.9255816468328,332.5085955172792,40380.821578,0.2063843369595916
2023-11-01 00:00:00,1698796800000,34639.78,35582.0,34097.39,35421.43,53473.28165,34455.21428571428,30543.1216,28146.176363636365,84.54881207060433,1987.4107096062728,1683.0226072387209,304.3881023675517,41883.0536045,0.1938852756947984
2023-11-02 00:00:00,1698883200000,35421.43,35984.99,34300.0,34941.59,48015.57732,34568.061428571425,30824.1032,28202.637272727272,78.2544497910109,1964.072771096784,1739.2326400103336,224.8401310864504,43078.044221,0.1682321513350138
2023-11-03 00:00:00,1698969600000,34941.58,34946.5,34120.0,34716.78,39071.20644,34685.88428571429,31109.1696,28258.132222222222,75.42147249959092,1905.471904502774,1772.4804929088218,132.9914115939523,44510.741755,0.1575169225865433
2023-11-04 00:00:00,1699056000000,34716.78,35255.0,34585.18,35062.07,18377.55545,34826.037142857145,31416.0476,28316.19212121212,76.81010067503807,1865.3892665216767,1791.062247631393,74.32701889028431,44665.8849425,0.0602383006465983
2023-11-05 00:00:00,1699142400000,35062.06,35380.0,34448.0,35011.88,24528.73376,34895.46428571428,31741.502,28373.353535353537,76.13674842481852,1808.723732302628,1794.5945445656398,14.12918773698766,41972.36040799999,0.0321067909333945
2023-11-06 00:00:00,1699228800000,35011.89,35276.33,34725.9,35046.09,22346.47086,34977.08714285714,32072.9604,28431.58585858586,76.28932520902704,1746.444425067726,1784.9645206660573,-38.52009559833118,41168.261685,0.0159450139943557
2023-11-07 00:00:00,1699315200000,35046.09,35888.0,34523.06,35399.12,38688.73692,35085.56571428571,32414.4452,28493.877474747474,77.8623432672028,1705.9095327889008,1769.153523090626,-63.24399030172526,41494.5747355,0.0365270677911411
2023-11-08 00:00:00,1699401600000,35399.13,36106.0,35100.0,35624.72,33401.34137,35114.607142857145,32765.3348,28553.662626262627,78.82893838350063,1672.7074430229914,1749.8643070770993,-77.15686405410793,41369.86671449999,0.0511241289247441
2023-11-09 00:00:00,1699488000000,35624.72,37972.24,35534.05,36701.09,82537.88885,35365.96428571428,33147.212400000004,28629.572525252526,82.70828211234911,1713.496490152007,1742.5907436920809,-29.09425354007385,42525.656197,0.0768783192981426
2023-11-10 00:00:00,1699574400000,36701.1,37526.0,36324.71,37301.63,43414.04898,35735.22857142857,33499.2464,28711.47141414141,84.4232554115317,1773.833020066173,1748.8391989668994,24.99382109927365,43320.4826975,0.0803959000043155
2023-11-11 00:00:00,1699660800000,37301.63,37408.26,36666.93,37130.0,22984.97235,36030.64714285714,33848.61,28792.441212121208,81.9225718149766,1787.1993267503058,1756.5112245235807,30.68810222672505,43327.1040335,0.0770207627441896
2023-11-12 00:00:00,1699747200000,37129.99,37222.22,36731.1,37064.13,17687.18874,36323.82571428571,34198.3752,28873.16848484848,80.9317518791254,1772.049973562658,1759.6189743313964,12.430999231261694,39535.7813475,0.0699877626208258
2023-11-13 00:00:00,1699833600000,37064.13,37417.99,36333.0,36462.93,32798.18252,36526.23142857143,34508.344,28947.658484848485,72.33285470385073,1692.0275461528145,1746.1006886956802,-54.07314254286575,35412.439264500004,0.0294031042789633
2023-11-14 00:00:00,1699920000000,36462.93,36744.0,34800.0,35551.19,45503.68416,36547.95571428572,34743.63,29011.7002020202,61.63728263471672,1537.3181509325368,1704.3441811430516,-167.02603021051482,34943.272207999995,0.0174462581697056
2023-11-15 00:00:00,1700006400000,35551.2,37980.0,35360.0,37858.2,53569.13385,36867.02428571428,35061.566,29093.394949494952,72.6553230625962,1582.622776888922,1679.999900292226,-97.3771234033038,35634.495773,0.0904870785827487
2023-11-16 00:00:00,1700092800000,37858.2,37929.54,35500.0,36163.51,47490.39566,36790.22714285715,35308.408,29159.874949494944,59.20383546565861,1464.8933211352196,1636.9785844608248,-172.08526332560518,36392.495503,0.0314140037938432
2023-11-17 00:00:00,1700179200000,36163.51,36800.0,35861.1,36613.92,38283.61112,36691.98285714286,35450.1652,29232.17969696969,61.25688691208756,1391.8913450189575,1587.961136572451,-196.0697915534938,37462.669487,0.0457570401817897
2023-11-18 00:00:00,1700265600000,36613.91,36845.49,36178.58,36568.1,17102.24186,36611.71142857143,35555.98,29304.321818181816,60.92101062707681,1315.178898260987,1533.4046889101585,-218.2257906491716,37283.505492,0.0434288104607389
2023-11-19 00:00:00,1700352000000,36568.11,37500.0,36384.02,37359.86,21246.34648,36653.95857142857,35670.5324,29384.419696969697,64.53923636343023,1303.2491021029057,1487.373571548708,-184.12446944580256,36662.924828,0.0553895125076555
2023-11-20 00:00:00,1700438400000,37359.85,37750.0,36677.0,37448.78,36022.70291,36794.79428571429,35802.4172,29466.691818181826,64.93193081885528,1286.1438874251762,1447.1276347240018,-160.98374729882562,36827.1650625,0.0512020866409617
2023-11-21 00:00:00,1700524800000,37448.79,37649.44,35735.0,35741.65,47646.54804,36822.00285714286,35876.4024,29530.436464646464,52.83488612719099,1121.904145014698,1382.0829367821411,-260.1787917674433,36535.828382,-0.0261420028669446
2023-11-22 00:00:00,1700611200000,35741.65,37861.1,35632.01,37408.34,45051.30697,36757.73714285714,36009.496,29613.348989898983,60.560385294798095,1113.3963793652947,1328.345625298772,-214.9492459334772,36387.61486450001,0.0028607328955865
2023-11-23 00:00:00,1700697600000,37408.35,37653.44,36870.0,37294.28,23827.92882,36919.27571428572,36120.2316,29699.85171717172,59.83803770711576,1084.9436697611743,1279.6652341912525,-194.721564430078,35625.4509835,0.0044244546189065
2023-11-24 00:00:00,1700784000000,37294.27,38414.0,37251.51,37713.57,44680.80646,37076.36857142857,36249.7852,29811.87353535353,61.648962980729095,1083.7352657150768,1240.4792404960174,-156.74397478094056,36940.613534,0.0175220624361074
2023-11-25 00:00:00,1700870400000,37713.57,37888.0,37591.1,37780.67,11396.14464,37249.59285714286,36375.4212,29930.324747474748,61.94469173167975,1075.7909575226658,1207.5415839013472,-131.75062637868132,36283.984078,0.0361391692878219
2023-11-26 00:00:00,1700956800000,37780.67,37814.63,37150.0,37447.43,21264.53723,37262.10285714285,36456.4612,30044.94515151515,59.49117907555725,1030.7238105625438,1172.1780292335866,-141.45421867104278,36229.8873965,0.0533382989430171
2023-11-27 00:00:00,1701043200000,37447.42,37569.23,36707.0,37242.7,30001.07376,37232.66285714286,36548.5056,30156.58868686869,57.97199125972437,967.3369141059012,1131.2098062080497,-163.8728921021484,35795.5042385,-0.0162580365680354
2023-11-28 00:00:00,1701129600000,37242.7,38377.0,36868.41,37818.87,37544.46667,37529.40857142857,36672.5892,30274.68919191919,60.99108502623442,952.6133124477784,1095.4905074559954,-142.8771950082171,36002.6605035,0.0457743178137299
2023-12-01 00:00:00,1701388800000,37723.97,38999.0,37615.86,38682.52,43415.66324,37711.43428571429,36817.4072,30402.2297979798,65.04453393690721,999.1168916336028,1076.215784291517,-77.09889265791412,34046.549223,0.0564976380567827
2023-12-02 00:00:00,1701475200000,38682.51,39717.14,38641.61,39450.35,26696.92161,38019.444285714286,36994.946,30533.72101010101,68.20751962824731,1085.4167682990374,1078.055981093021,7.360787206016312,33210.6928545,0.0788186971704847
2023-12-03 00:00:00,1701561600000,39450.35,40250.0,39274.86,39972.26,26710.65335,38342.11428571429,37191.9928,30673.036262626265,70.18252473540987,1182.29505607624,1098.9037960896649,83.39125998657528,33396.9769045,0.0699253155659578
2023-12-04 00:00:00,1701648000000,39972.26,42420.0,39972.26,41991.1,79272.33059,38943.60428571428,37455.672,30833.95636363636,76.31244710353538,1405.7704660888485,1160.2771300895015,245.49333599934675,36476.233997,0.1212942050448639
2023-12-05 00:00:00,1701734400000,41991.1,44488.0,41414.0,44073.32,67490.74644,39890.16,37793.616,31016.33969696969,80.71589605976068,1730.9408817273434,1274.40988041707,456.53100131027327,38210.862193,0.2331081525335288
2023-12-06 00:00:00,1701820800000,44073.82,44297.21,43335.28,43762.69,51431.10492,40821.58714285714,38076.08,31194.732828282828,78.3751587933066,1941.198604729274,1407.7676252795109,533.4309794497631,38507.233231000006,0.1698645275358383
2023-12-07 00:00:00,1701907200000,43762.69,44047.33,42821.1,43273.14,47103.26845,41600.76857142857,38314.9404,31367.996868686867,74.69857671660432,2044.7560959162,1535.1653194068488,509.5907765093514,38183.939961,0.1603157374267583
2023-12-08 00:00:00,1701993600000,43273.15,44700.0,43081.1,44170.99,42900.37556,42384.83571428571,38596.58,31534.20545454545,76.8440352594708,2174.212180510898,1662.9746916276586,511.2374888832396,37954.438956000005,0.1712227190372059
2023-12-09 00:00:00,1702080000000,44171.0,44358.02,43584.51,43713.6,24925.97008,42993.87142857142,38862.5588,31699.999494949498,73.4281346028202,2214.373589461044,1773.2544711943358,441.1191182667078,37286.556904000005,0.1570361245578757
2023-12-10 00:00:00,1702166400000,43713.59,44049.0,43563.0,43789.51,18956.61758,43539.19285714285,39155.622,31880.28969696969,73.63758312575426,2226.659552718724,1863.9354874992127,362.7240652195103,37379.27569,0.1693595528451486
2023-12-11 00:00:00,1702252800000,43789.5,43804.5,40222.0,41253.4,76663.89804,43433.80714285715,39383.7104,32036.33363636364,57.36793226306881,2008.5995005391887,1892.8682901072088,115.73121043198012,40150.153268,0.1076909031837112
2023-12-12 00:00:00,1702339200000,41253.41,42104.12,40680.0,41492.39,42722.69773,43065.10285714285,39529.078,32194.1405050505,58.30286685751532,1833.929436859624,1881.080519457692,-47.15108259806812,40485.153009,0.0971345785847117
2023-12-13 00:00:00,1702425600000,41492.38,43475.2,40555.0,42869.03,45865.99773,42937.43714285714,39797.2988,32364.825555555555,63.296105460787736,1785.997627004013,1862.0639409669564,-76.06631396294301,40396.1254935,0.1082274370956184
2023-12-14 00:00:00,1702512000000,42869.03,43420.0,41400.0,43022.26,42047.05709,42901.59714285714,40053.6324,32538.524949494946,63.81551110686389,1740.3144411968751,1837.71404101294,-97.39959981606512,40245.9129995,0.0905419090071444
2023-12-15 00:00:00,1702598400000,43022.26,43080.81,41666.0,41940.3,33421.7932,42582.927142857145,40268.5204,32701.63808080808,57.6155841329245,1598.379928770235,1789.847218564399,-191.4672897941641,40725.606218500005,0.0492351445727612
2023-12-16 00:00:00,1702684800000,41940.29,42724.43,41605.0,42278.03,24118.85747,42377.84571428572,40465.247200000005,32868.48737373737,58.956040526626126,1495.9039440625202,1731.0585636640235,-235.15461960150333,39697.508769,0.0068331146361966
2023-12-17 00:00:00,1702771200000,42278.02,42424.07,41252.0,41374.65,27722.11452,42032.86571428571,40622.282,33021.21111111111,54.033439721433865,1326.504651837815,1650.147781298782,-323.643129460967,40513.807263,-0.0612313753536152
2023-12-18 00:00:00,1702857600000,41374.64,42757.81,40542.93,42657.8,46734.0925,42233.49428571428,40898.928,33190.37575757576,59.23937521196343,1281.0270906721562,1576.323643173457,-295.2965525013008,41787.2850265,-0.0252473054101564
2023-12-19 00:00:00,1702944000000,42657.8,43497.0,41811.1,42275.99,40927.86444,42345.43714285714,41093.634,33355.77353535354,57.1647500599186,1200.340145705646,1501.126943679895,-300.7867979742489,42333.6245605,-0.0230431625715167
2023-12-20 00:00:00,1703030400000,42275.99,44283.0,42206.0,43668.93,48710.2947,42459.70857142857,41348.62,33535.84747474748,62.345743479863984,1234.5625090999092,1447.814056763898,-213.2515476639888,42891.915962,-0.0113662836173695
2023-12-21 00:00:00,1703116800000,43668.92,44242.35,43286.72,43861.8,34624.29384,42579.642857142855,41594.5492,33724.72909090909,63.01282642090869,1262.691454675478,1410.789536346214,-148.09808167073606,42452.347492,0.003390249258812
2023-12-22 00:00:00,1703203200000,43861.79,44398.26,43412.54,43969.04,32783.19638,42869.462857142855,41842.084,33907.8496969697,63.40107590264842,1278.89491397627,1384.4106118722252,-105.51569789595531,42756.6612305,0.0040998403498919
2023-12-23 00:00:00,1703289600000,43969.04,43988.68,43291.1,43702.16,16557.1293,43072.91,42092.2732,34084.41696969697,61.66626830910242,1255.7260582834351,1358.6737011544672,-102.94764287103204,42248.985028,0.0593589861684127
2023-12-24 00:00:00,1703376000000,43702.15,43946.0,42500.0,42991.5,25144.33496,43303.88857142856,42322.22519999999,34250.76818181818,57.17957737962091,1166.5727262359503,1320.253506170764,-153.68077993481347,39542.5852465,0.0361297577700392
2023-12-25 00:00:00,1703462400000,42991.5,43802.32,42720.43,43576.13,27021.23992,43435.07857142857,42552.5156,34422.24424242424,59.77258907951901,1130.06612447527,1282.2160298316653,-152.1499053563953,37519.1099205,0.0164944249963201
2023-12-26 00:00:00,1703548800000,43576.12,43592.68,41637.6,42508.93,41010.04282,43468.35571428571,42705.572,34583.34787878788,53.41403569156147,1003.453076093254,1226.4634390839833,-223.0103629907294,36998.0568155,-0.0119317302252369
2023-12-27 00:00:00,1703635200000,42508.93,43677.0,42098.69,43428.85,36191.21136,43434.05857142858,42864.712,34754.06848484849,57.60101348458105,966.2033877473076,1174.4114288166484,-208.20804106934065,36452.45396100001,0.0354921161746577
2023-12-28 00:00:00,1703721600000,43428.86,43787.57,42241.79,42563.76,35150.52485,43248.624285714286,42968.372,34913.67707070707,52.79551430965721,856.9982656785651,1110.9287961890318,-253.93053051046672,36064.9614255,0.006758356527019
2023-12-29 00:00:00,1703808000000,42563.76,43111.0,41300.0,42066.95,42597.18912,42976.89714285714,42971.406,35063.74464646465,50.20509598090033,722.0407681525976,1033.151190581745,-311.1104224291473,36948.5223775,0.0167324678275222
2023-12-30 00:00:00,1703894400000,42066.94,42612.32,41520.3,42140.28,22906.57818,42753.77142857143,42894.08440000001,35215.41414141414,50.59044993352747,613.9261388299419,949.3061802313844,-335.38004140144244,37146.0204075,-0.0121318961596708
2023-12-31 00:00:00,1703980800000,42140.29,42899.0,41965.84,42283.58,23585.91603,42652.64,42834.92,35374.156565656565,51.38225615217728,533.6559746731073,866.176139119729,-332.5201644466217,34492.121307,0.0001795345301198
2024-01-01 00:00:00,1704067200000,42283.58,44184.1,42180.77,44179.55,27174.29903,42738.84285714285,42871.1764,35551.92838383838,60.41989369138837,615.9301654371448,816.1269443832123,-200.19677894606752,33714.701372,0.0116929817149171
2024-01-02 00:00:00,1704153600000,44179.55,45879.63,44148.34,44946.91,65146.40661,43087.125714285714,42902.213200000006,35737.49353535353,63.38646100198777,734.5847574552681,799.8185069976234,-65.23374954235533,34678.721816000005,0.0247392947849838
2024-01-03 00:00:00,1704240000000,44946.91,45500.0,40750.0,42845.23,81194.55173,43003.75142857143,42867.4784,35905.13848484848,51.910597025444055,651.5210360169876,770.1590128014964,-118.63797678450874,36636.096548,-0.0255591206903765
2024-01-04 00:00:00,1704326400000,42845.23,44729.58,42613.77,44151.1,48038.06334,43230.51428571429,42881.942,36085.40404040404,57.10689886688663,683.1898464454935,752.7651795302959,-69.57533308480242,37366.910055,0.0102727187855244
2024-01-05 00:00:00,1704412800000,44151.1,44357.46,42450.0,44145.11,48075.25327,43527.39428571429,42997.6104,36266.44888888889,57.07643301194555,699.7381184741389,742.1597673190646,-42.4216488449257,38564.729845,0.0268334438202901
2024-01-06 00:00:00,1704499200000,44145.12,44214.42,43397.05,43968.32,17835.06144,43788.542857142864,43096.6476,36444.17949494949,56.12474471565362,690.6261593116942,731.8530457175906,-41.22688640589638,38070.377191,0.0090001108404991
2024-01-07 00:00:00,1704585600000,43968.32,44480.59,43572.09,43929.02,23023.8508,44023.60571428571,43139.0472,36614.96363636364,55.901602520965945,672.4817336509586,719.9787833042642,-47.49704965330557,36884.865106,0.0334068629814958
2024-01-08 00:00:00,1704672000000,43929.01,47248.99,43175.0,46951.04,72814.57589,44419.53285714286,43296.1984,36817.42909090909,66.8244320420586,891.6752265532268,754.3180719540567,137.35715459917014,38479.2006785,0.0811025389804243
2024-01-09 00:00:00,1704758400000,46951.04,47972.0,44748.67,46110.0,69927.66617,44585.688571428575,43462.9864,37010.83757575758,62.206454688707055,986.15496912277,800.6854513877994,185.4695177349708,39540.069252,0.0833159476512412
2024-01-10 00:00:00,1704844800000,46110.0,47695.93,44300.36,46653.99,89911.41203,45129.79714285715,43638.02479999999,37199.33676767677,63.94215689482938,1092.334539863892,859.015269083018,233.3192707808741,42304.4251615,0.10904142087791
2024-01-11 00:00:00,1704931200000,46654.0,48969.48,45606.06,46339.16,87470.3296,45442.377142857134,43836.605200000005,37389.68676767677,62.16282007172676,1137.960761500217,914.8043675664578,223.1563939337591,45038.7818225,0.0996405339499406
2024-01-12 00:00:00,1705017600000,46339.16,46515.53,41500.0,42782.73,86327.93707,45247.75142857143,43841.6024,37544.800606060606,46.44120379050311,877.0357697736908,907.2506480079044,-30.214878234213643,48527.322211,0.011804818797273
2024-01-13 00:00:00,1705104000000,42782.74,43257.0,42436.12,42847.99,36118.47464,45087.70428571429,43864.4824,37697.01696969697,46.707551914611415,667.8185737512104,859.3642331565657,-191.5456594053553,49076.029195,-0.0301397365975888
2024-01-14 00:00:00,1705190400000,42847.99,43079.0,41720.0,41732.35,28228.40894,44773.89428571429,43787.0192,37841.68323232323,42.78993345667353,407.2945760270377,768.9503017306602,-361.65572570362247,49136.387646,-0.0715190432445747
2024-01-15 00:00:00,1705276800000,41732.35,43400.43,41718.05,42511.1,40269.89303,44139.61714285715,43732.9912,37988.95606060606,46.18315291389396,260.6613062884062,667.2925026422093,-406.6311963538032,49099.3801565,-0.0077985343992785
2024-01-16 00:00:00,1705363200000,42511.1,43578.01,42050.0,43137.95,45045.74589,43715.038571428566,43699.7476,38142.30232323232,48.81483749563649,192.81231938448764,572.396465990665,-379.5841466061773,49542.106883,-0.0229473331355277
2024-01-17 00:00:00,1705449600000,43137.94,43198.0,42200.69,42776.1,33266.21388,43161.05428571429,43662.7052,38292.393737373735,47.374675121295525,108.5914627573802,479.6354653440081,-371.0440025866279,49447.8913345,-0.031011588826033
2024-01-18 00:00:00,1705536000000,42776.09,42930.0,40683.28,41327.5,43907.51641,42445.10285714285,43596.145200000006,38431.15515151515,42.02888320649876,-74.1888831784745,368.8705956395116,-443.0594788179861,49513.407699,-0.0600618809178972
2024-01-19 00:00:00,1705622400000,41327.51,42196.86,40280.0,41659.03,48342.74559,42284.57428571429,43519.4612,38575.28555555556,43.597522262865056,-190.10056294953392,257.0763639217025,-447.1769268712365,50785.2160695,-0.0516740414423084
2024-01-20 00:00:00,1705708800000,41659.03,41872.56,41456.3,41696.04,15923.99493,42120.01,43486.94560000001,38724.98777777777,43.78040806053728,-275.79580421803985,150.50193029375407,-426.2977345117939,50402.1200145,-0.1119251032564987
2024-01-21 00:00:00,1705795200000,41696.05,41881.39,41500.98,41580.33,11730.16301,42098.29285714286,43413.0048,38874.69181818182,43.30760265468136,-349.02340573362017,50.59686308827922,-399.6202688218994,49629.9132135,-0.0982361743656473
2024-01-22 00:00:00,1705881600000,41580.32,41689.65,39431.58,39568.02,55426.19911,41677.85285714285,43293.175200000005,39003.035454545454,36.02180962205874,-562.9441373400332,-72.11133699738326,-490.83280034264993,49143.9028385,-0.1518834723460952
2024-01-23 00:00:00,1705968000000,39568.02,40176.74,38555.0,39897.6,57956.63351,41214.94571428571,43206.4012,39134.80434343434,37.86553361331111,-697.8392502813585,-197.25691965417832,-500.5823306271802,47982.0069275,-0.139008993689139
2024-01-24 00:00:00,1706054400000,39897.59,40555.0,39484.19,40084.88,39293.82861,40830.485714285714,43124.18520000001,39265.41777777777,38.94229546985293,-780.6340054316097,-313.93233680966466,-466.701668621945,47544.795191,-0.0630593232362686
2024-01-25 00:00:00,1706140800000,40084.89,40300.24,39550.0,39961.09,31022.11853,40635.28428571428,43031.2856,39381.17848484849,38.46776631072752,-846.4805628236063,-420.441982012453,-426.0385808111533,46692.138454,-0.0673753891372734
2024-01-26 00:00:00,1706227200000,39961.09,42246.82,39822.52,41823.51,47384.96726,40658.78142857143,42937.044,39516.81080808081,48.61318168241227,-739.8541270159185,-484.3244110131462,-255.52971600277232,48169.633745,0.0021843965173302
2024-01-27 00:00:00,1706313600000,41823.51,42200.0,41394.34,42120.63,16224.41667,40719.43714285714,42823.9928,39656.21111111111,50.02873565419474,-624.181630277526,-512.2958548660222,-111.8857754115038,47829.6620385,-0.0091851304718062
2024-01-28 00:00:00,1706400000000,42120.63,42842.68,41620.81,42031.06,27294.99838,40783.82714285714,42791.426,39790.7297979798,49.58528743992165,-533.5870344821815,-516.554090789254,-17.03294369292746,45553.683163,-0.0256593092624939
2024-01-29 00:00:00,1706486400000,42031.05,43333.0,41804.88,43302.7,31542.74207,41317.35285714285,42757.49,39928.44353535354,55.60216855603761,-355.08623111565976,-484.2605188545352,129.17428773887542,43634.436958,0.0123106127019527
2024-01-30 00:00:00,1706572800000,43302.71,43882.36,42683.99,42941.1,37619.24546,41752.13857142856,42709.3296,40060.07282828283,53.64167512452274,-240.03419165623927,-435.415253414876,195.38106175863675,41019.8286295,0.0390442199503962
2024-01-31 00:00:00,1706659200000,42941.1,43745.11,42276.84,42580.0,39871.13688,42108.58428571428,42653.7968,40187.219696969696,51.68194503215271,-175.96397052243265,-383.5249968363874,207.5610263139548,38639.8689935,0.0221073318317781
2024-02-01 00:00:00,1706745600000,42580.0,43285.13,41884.28,43082.94,35231.04664,42554.56285714286,42619.9536,40288.36060606061,54.19213918363472,-83.64064660821896,-323.5481267907537,239.90748018253475,36085.024472000005,0.0332621515136688
2024-02-02 00:00:00,1706832000000,43082.95,43488.0,42546.79,43200.0,29672.14418,42751.20428571429,42469.912,40382.07040404041,54.78097750430717,-1.016268651415885,-259.04175516288615,258.02548651147026,35762.707949,0.0389527933039492
2024-02-03 00:00:00,1706918400000,43199.99,43380.01,42880.0,43011.09,12033.40998,42878.41285714286,42345.9556,40468.08090909091,53.583902113451565,48.65976842187956,-197.50145044593305,246.16121886781252,34952.958001,0.0870164845246237
2024-02-04 00:00:00,1707004800000,43011.1,43119.04,42222.0,42582.88,17066.89404,42957.24428571428,42183.1112,40553.244747474746,50.870321379384265,52.86601093319041,-147.42795817010835,200.2939691032988,33792.8080515,0.0673042990054539
2024-02-05 00:00:00,1707091200000,42582.88,43569.76,42258.1,42708.7,29467.75905,42872.38714285714,42037.8928,40642.30212121213,51.64518574449296,65.59596149409481,-104.82317423726774,170.41913573136253,33013.9087095,0.0654566010924817
2024-02-06 00:00:00,1707177600000,42708.7,43399.98,42574.0,43098.95,24675.85433,42894.93714285714,42050.5416,40733.39252525252,54.06511311186469,105.95309128973896,-62.66792113186641,168.62101242160537,32584.390732,0.0785228831345692
2024-02-07 00:00:00,1707264000000,43098.96,44396.5,42788.0,44349.6,34392.59915,43147.73714285714,42110.606,40832.62191919192,60.83044103738265,236.13143410639168,-2.9080500842147927,239.0394841906065,32108.644869,0.0603988044045082
2024-02-08 00:00:00,1707350400000,44349.6,45614.3,44331.1,45288.65,45439.62231,43462.83857142857,42252.858,40941.85343434343,64.99881403622247,410.3420282321822,79.74196557906461,330.6000626531176,31963.488705000003,0.0752130250663394
2024-02-09 00:00:00,1707436800000,45288.66,48200.0,45242.12,47132.77,73503.481,44024.66285714286,42437.7248,41068.04535353535,71.42905976344551,689.2648352739561,201.6465395180429,487.6182957559132,34842.463008499995,0.1213795226672846
2024-02-10 00:00:00,1707523200000,47132.78,48170.0,46800.0,47751.09,24802.35936,44701.80571428571,42622.2504,41192.58737373737,73.20645413772561,949.2639024973032,351.17001211389504,598.0938903834082,35496.072826,0.102727774480575
2024-02-11 00:00:00,1707609600000,47751.08,48592.66,47557.16,48299.99,29958.80837,45518.53571428572,42843.206,41327.520707070704,74.71050997666066,1185.9359477293035,518.1231992369768,667.8127484923269,34222.703289000005,0.1247962907331203
2024-02-12 00:00:00,1707696000000,48300.0,50334.82,47710.01,49917.27,59009.96705,46548.33142857143,43186.7968,41481.06101010101,78.53401195786478,1486.861613392779,711.8708820681372,774.9907313246417,34275.369966,0.1723172851103804
2024-02-13 00:00:00,1707782400000,49917.28,50368.61,48300.95,49699.59,55551.56706,47491.27999999999,43508.4192,41628.91474747474,76.84985601430449,1688.3205068511306,907.160807024736,781.1596998263947,35088.25688849999,0.1535793518269643
2024-02-14 00:00:00,1707868800000,49699.6,52043.71,49225.01,51795.17,57046.37401,48554.93285714286,43912.3844,41798.44292929293,81.06061822041309,1994.0873264341644,1124.5461109066218,869.5412155275426,36389.4696625,0.1989622685185184
2024-02-15 00:00:00,1707955200000,51795.17,52816.62,51314.0,51880.0,53816.03055,49496.55428571429,44324.3712,41968.48242424243,81.20961354387562,2217.6906485982618,1343.1750184449495,874.515630153312,36711.02282699999,0.2062005403722622
2024-02-16 00:00:00,1708041600000,51880.01,52572.08,51566.0,52124.11,37772.25318,50209.60285714285,44826.6148,42137.42171717172,81.65681415863028,2387.0787711074736,1551.955768977455,835.1230021300189,37788.4146525,0.2240625810184751
2024-02-17 00:00:00,1708128000000,52124.1,52162.82,50625.0,51642.64,25674.00622,50765.53857142857,45296.4164,42299.218888888885,77.72756053983156,2454.1792229752828,1732.4004597770204,721.7787631982624,37707.3650445,0.2091831406715727
2024-02-18 00:00:00,1708214400000,51642.64,52377.0,51163.28,52137.67,21992.10363,51313.77857142857,45778.528,42455.143939393936,78.85420926717782,2518.272520330698,1889.574871887756,628.6976484429422,37229.8331225,0.2097201903990702
2024-02-19 00:00:00,1708300800000,52137.68,52488.77,51677.0,51774.73,29534.99432,51579.13,46251.0736,42601.33686868686,75.82572505246605,2510.837325719345,2013.827362654074,497.0099630652712,36825.6205655,0.1674227050525822
2024-02-20 00:00:00,1708387200000,51774.74,52985.0,50760.37,52258.82,49614.47318,51944.73428571429,46668.486,42754.15323232323,77.08961367848526,2515.01536611536,2114.064963346332,400.95040276902864,37312.7873805,0.1539054487161795
2024-02-21 00:00:00,1708473600000,52258.82,52366.8,50625.0,51849.39,43079.40049,51952.48,47057.6364,42903.49929292929,73.58544115823338,2456.966533193546,2182.6452773157744,274.3212558777723,37705.205073000005,0.1000709272975044
2024-02-22 00:00:00,1708560000000,51849.38,52065.78,50940.78,51288.42,35309.44574,51867.968571428566,47427.9308,43053.25171717172,68.96021597528787,2338.737316138635,2213.863685080347,124.87363105828808,37987.07015100001,0.0740785184170664
2024-02-23 00:00:00,1708646400000,51288.42,51548.54,50521.0,50744.15,30545.79544,51670.83142857143,47725.5888,43206.71595959596,64.71035971461572,2176.037760712265,2206.2985002067308,-30.26073949446618,38912.689424,0.0506037371850387
2024-02-24 00:00:00,1708732800000,50744.15,51698.0,50585.0,51568.22,16560.4211,51660.2,48070.6736,43345.201010101,67.93270683073146,2089.506225711979,2182.940045307781,-93.43381959580164,38887.365777,0.033073723783372
2024-02-25 00:00:00,1708819200000,51568.21,51958.55,51279.8,51728.85,18721.63159,51601.79714285715,48436.6276,43502.426666666666,68.53580628543729,2010.7126159458053,2148.494559435386,-137.78194348958004,38350.059404,0.0408305179177534
2024-02-26 00:00:00,1708905600000,51728.85,54910.0,50901.44,54476.47,51256.72199,51987.76,48892.3688,43682.85646464647,76.631750505884,2145.2489887393094,2147.8454452961705,-2.596456556861085,39679.102787,0.0517673752205081
2024-02-27 00:00:00,1708992000000,54476.48,57588.15,54450.13,57037.34,67194.98562,52670.40571428572,49445.86239999999,43889.61646464646,81.42820499711684,2430.4936228226507,2204.3750808014665,226.1185420211841,41319.2221105,0.0994090208172706
2024-02-28 00:00:00,1709078400000,57037.35,64000.0,56691.85,62432.1,118763.46984,54182.22142857143,50222.7028,44142.87141414142,87.32866434221566,3056.629178040974,2374.8259002493683,681.8032777916055,44985.414487,0.1977585804342749
2024-02-29 00:00:00,1709164800000,62432.11,63676.35,60364.7,61130.98,78425.07603,55588.30142857142,50964.6268,44382.08555555555,80.67160333515474,3408.564793348305,2581.573678869156,826.9911144791495,45231.4942385,0.1837307310393117
2024-03-01 00:00:00,1709251200000,61130.99,63114.23,60777.0,62387.9,47737.93473,57251.694285714286,51751.7948,44651.2395959596,82.09181252587717,3745.7209045623313,2814.4031240077907,931.3177805545406,46378.273007,0.1965993110163919
2024-03-02 00:00:00,1709337600000,62387.9,62433.19,61561.12,61987.28,25534.73659,58740.13142857143,52507.328,44899.51171717172,80.07229131661855,3935.22998423643,3038.568496053518,896.6614881829114,46157.069418,0.197249700771013
2024-03-03 00:00:00,1709424000000,61987.28,63231.88,61320.0,63113.97,28994.90903,60366.57714285714,53257.9028,45160.31666666667,81.45411500279322,4128.738237721991,3256.6024443872134,872.1357933347776,44656.316517,0.2077190032228053
2024-03-04 00:00:00,1709510400000,63113.97,68499.0,62300.0,68245.71,84835.16005,62333.61142857144,54176.18519999999,45468.72212121212,86.16109120402324,4642.665692871968,3533.815094084164,1108.8505987878034,46120.49616650001,0.3162297569942482
2024-03-05 00:00:00,1709596800000,68245.71,69000.0,59005.0,63724.01,132696.7813,63288.85,54839.8348,45730.77606060606,69.43809716588869,4631.702124196054,3753.3925001065422,878.3096240895115,49903.016531,0.2424638934090777
2024-03-06 00:00:00,1709683200000,63724.01,67641.1,62779.14,66074.04,78738.85491,63809.12714285714,55572.7528,46019.93373737374,72.43278826131663,4757.796284074502,3954.273256900135,803.5230271743676,51149.157749,0.3021016215662295
2024-03-07 00:00:00,1709769600000,66074.04,67980.0,65551.0,66823.17,53059.8869,64622.29714285715,56313.68,46318.72636363637,73.32993639570407,4862.127762223441,4135.844157964796,726.283604258645,51913.539435,0.2958207593746691
2024-03-08 00:00:00,1709856000000,66823.18,69990.0,66082.66,68124.19,74261.932842,65441.76714285714,57041.95680000001,46624.84070707071,74.86012810142164,4992.24515664528,4307.124357700893,685.1207989443874,54342.9357661,0.3169476993979183
2024-03-09 00:00:00,1709942400000,68124.2,68541.1,67861.1,68313.27,19872.89743,66345.48,57786.504,46924.141212121205,75.08387069721007,5052.380606330247,4456.175607426764,596.2049989034831,54236.9754561,0.2539958995140472
2024-03-10 00:00:00,1710028800000,68313.28,69887.61,68094.75,68955.88,38404.66835,67180.03857142858,58472.932400000005,47222.17686868687,75.86988697032584,5093.180624102461,4583.576610761904,509.6040133405568,54680.4591576,0.2089603056524025
2024-03-11 00:00:00,1710115200000,68955.88,72800.0,67024.96,72078.1,75292.825726,67727.52285714286,59280.8564,47546.47828282829,79.28858970114442,5316.170488464151,4730.095386302353,586.075102161798,55964.37678489999,0.1545038529858839
2024-03-12 00:00:00,1710201600000,72078.1,73000.0,68620.82,71452.01,68783.546691,68831.52285714286,60053.9724,47844.06323232323,76.93472057481097,5380.350006257882,4860.14631029346,520.2036959644229,57249.58409495,0.1688346890561871
2024-03-13 00:00:00,1710288000000,71452.0,73650.25,71333.31,73072.41,52659.711647,69831.29000000001,60911.1632,48136.98333333334,78.69740392693774,5498.581252321259,4987.83329869902,510.74795362223904,58117.0973903,0.1712593307356074
2024-03-14 00:00:00,1710374400000,73072.4,73777.0,68555.0,71388.94,71757.628746,70483.54285714286,61681.21399999999,48416.03636363636,72.49853249882347,5394.256772714842,5069.117993502185,325.138779212657,60177.68905559999,0.1516707943952373
2024-03-15 00:00:00,1710460800000,71388.94,72419.71,65600.0,69499.85,103334.03546,70680.06571428572,62390.2188,48680.95262626263,66.19731397079073,5100.351419487997,5075.364678699347,24.986740788650422,64516.3697736,0.1011801349210008
2024-03-16 00:00:00,1710547200000,69499.84,70043.0,64780.0,65300.63,55926.95336,70249.68857142857,62911.8912,48894.38333333334,54.7962186204406,4476.979516880194,4955.687646335517,-478.7081294553227,66376.6358621,-0.0431540678527633
2024-03-17 00:00:00,1710633600000,65300.64,68904.4,64533.0,68393.48,49742.21589,70169.34571428572,63573.6548,49143.67505050505,60.22927961239159,4184.286094416762,4801.407335951766,-617.1212415350037,66300.9105571,0.0732764620431136
2024-03-18 00:00:00,1710720000000,68393.47,68956.0,66565.2,67609.99,55691.08088,69531.04428571429,64226.51760000001,49384.28595959595,58.31711562948068,3844.78308713725,4610.082486188863,-765.2993990516134,65725.71532009999,0.023245892032635
2024-03-19 00:00:00,1710806400000,67610.0,68124.11,61555.0,61937.4,101005.32487,68171.81428571428,64674.2476,49593.21525252526,46.74558765935431,3082.461208646033,4304.558230680297,-1222.0970220342642,64837.8080716,-0.0731149090951536
2024-03-20 00:00:00,1710892800000,61937.41,68100.0,60775.0,67840.51,90420.58592,67424.4,65325.1392,49859.35787878787,56.433523891205446,2920.976076396255,4027.841799823489,-1106.865723427234,65437.5835661,-0.0041641596032189
2024-03-21 00:00:00,1710979200000,67840.51,68240.47,64529.01,65501.27,53357.48002,66583.30428571429,65876.03600000001,50087.96636363636,52.36796756143883,2574.5628693470426,3737.1860137282,-1162.6231443811575,65718.5608306,-0.0411633054602715
2024-03-22 00:00:00,1711065600000,65501.28,66649.62,62260.0,63796.64,51482.37821,65768.56,66248.8428,50297.80858585858,49.56573367182262,2137.834882407107,3417.315787463982,-1279.4809050568747,67015.9429116,-0.0748194352678843
2024-03-23 00:00:00,1711152000000,63796.64,65999.0,63000.0,63990.01,26410.11409,65581.32857142857,66526.94959999999,50520.53292929293,49.89328416213502,1786.7318170563594,3091.198993382457,-1304.467176326098,66886.7031646,-0.1122128635466251
2024-03-24 00:00:00,1711238400000,63990.02,67628.69,63772.29,67209.99,31395.78015,65412.25857142856,66718.0652,50772.3709090909,55.12027235891821,1748.1539531256494,2822.589985331096,-1074.4360322054467,64214.73416959999,-0.059368798722387
2024-03-25 00:00:00,1711324800000,67210.0,71150.0,66385.06,69880.01,53431.14486,65736.54714285713,67068.0264,51060.30383838384,58.944735332825786,1911.000197018955,2640.272027668668,-729.2718306497127,60251.4523476,-0.0436881717737243
2024-03-26 00:00:00,1711411200000,69880.0,71561.1,69280.0,69988.0,38934.38417,66886.63285714286,67372.0304,51336.36646464647,59.09655702357831,2025.4230924109288,2517.30224061712,-491.8791482061911,58261.228810600005,-0.0196240482069071
2024-03-27 00:00:00,1711497600000,69987.99,71769.54,68359.18,69469.99,49119.35685,67119.41571428571,67671.3388,51611.05333333334,57.98879033193347,2050.6661803401366,2423.975028561724,-373.3088482215867,58064.20230809999,-0.0004296412150529
2024-03-28 00:00:00,1711584000000,69469.99,71552.06,68903.62,70780.6,35439.03239,67873.60571428572,67978.004,51884.90858585859,60.03023554442484,2151.624198742328,2369.5048625978443,-217.880663855517,56123.05728550001,0.0839190984834297
2024-03-29 00:00:00,1711670400000,70780.6,70916.16,69009.0,69850.54,25445.08353,68738.44857142857,68042.19720000001,52147.42111111111,57.88077702889923,2132.009606906533,2322.005811459582,-189.9962045530492,56401.6665905,0.0213040775231789
2024-03-30 00:00:00,1711756800000,69850.53,70321.1,69540.0,69582.18,13644.61142,69537.33,68276.524,52406.13969696969,57.243864974136194,2070.938008096069,2271.79225078688,-200.85424269081068,55163.663744,0.0291700974959467
2024-03-31 00:00:00,1711843200000,69582.17,71366.0,69562.99,71280.01,19396.34433,70118.76142857142,68484.7628,52684.70383838384,60.22586065626921,2134.928886428665,2244.419577915237,-109.49069148657236,52368.8396742,0.1508395573595273
2024-04-01 00:00:00,1711929600000,71280.0,71288.23,68062.86,69649.8,41445.32039,70085.87428571428,68597.828,52953.9795959596,56.17466607666869,2030.68927388094,2201.6735171083774,-170.98424322743722,51001.92835915,0.0266697582314756
2024-04-02 00:00:00,1712016000000,69649.81,69674.23,64550.0,65463.99,71799.82793,69439.58714285714,68491.42,53175.06909090909,47.364678031008005,1591.9675344332209,2079.7323205733464,-487.7647861401256,51958.9341733,-0.0005691492699301
2024-04-03 00:00:00,1712102400000,65463.99,66903.63,64493.07,65963.28,39887.21778,68938.62857142858,68397.4204,53411.98171717172,48.40413791434177,1269.9269974364724,1917.771255945972,-647.8442585094992,50365.413625,0.0339616631847696
2024-04-04 00:00:00,1712188800000,65963.27,69309.91,65064.52,68487.79,41510.48453,68611.08428571429,68378.6968,53665.10232323232,53.41367724951984,1204.5293459725217,1775.1228739512817,-570.59352797876,47274.236078500006,0.0702887841398991
2024-04-05 00:00:00,1712275200000,68487.8,68756.67,65952.56,67820.62,37915.23073,68321.09571428571,68208.3976,53920.22212121212,51.977389426142295,1086.343501139243,1637.366999388874,-551.0234982496308,46373.649947,0.0090854053095379
2024-04-06 00:00:00,1712361600000,67820.63,69692.0,67447.83,68896.0,20134.28919,68223.06999999999,68106.1572,54191.22262626263,54.11895996479653,1067.1530699890864,1523.3242135089165,-456.1711435198301,44893.253612,-0.0140814232854287
2024-04-07 00:00:00,1712448000000,68896.0,70326.29,68824.0,69360.39,21534.74433,67948.83857142857,67957.67640000001,54466.17323232324,55.05116332092661,1077.001899486946,1434.0597507045225,-357.0578512175764,43185.4367845,-0.0089673944104703
2024-04-08 00:00:00,1712534400000,69360.38,72797.99,69043.24,71620.0,45723.87624,68230.29571428572,67966.91880000001,54762.50070707071,59.37623123981603,1252.6984821477963,1397.7874969931772,-145.08901484538092,40421.364353,0.030948759313194
2024-04-09 00:00:00,1712620800000,71620.0,71758.19,68210.0,69146.0,39293.90242,68756.29714285715,67952.7648,55014.68707070708,53.32609507748303,1178.7206083675992,1353.9741192680617,-175.25351090046252,37865.030178,-0.0230938986106363
2024-04-10 00:00:00,1712707200000,69146.0,71172.08,67518.0,70631.08,42006.02377,69423.12571428572,68165.9828,55274.123131313136,56.21050695521695,1225.7959424900328,1328.338483912456,-102.54254142242326,37297.4573655,0.0111744304338952
2024-04-11 00:00:00,1712793600000,70631.08,71305.89,69567.21,70006.23,31917.25595,69640.04571428572,68230.49279999999,55548.47666666666,54.67935899216421,1198.8635581986018,1302.4434987696852,-103.5799405710834,36319.2012525,0.0060942327475224
2024-04-12 00:00:00,1712880000000,70006.22,71227.46,65086.86,67116.52,56072.86229,69539.46,68210.754,55780.45060606061,48.14750304693243,933.5822479053312,1228.6712485968146,-295.0890006914833,37802.3386625,-0.0584103453408605
2024-04-13 00:00:00,1712966400000,67116.52,67929.0,60660.57,63924.51,71395.22019,68829.24714285714,68290.2384,55980.24252525252,42.156827850210526,460.46837519231485,1075.0306739159148,-614.5622987236,39802.3106645,-0.0822010974905886
2024-04-14 00:00:00,1713052800000,63924.52,65840.0,62134.0,65661.84,61599.17818,68300.88285714286,68203.0916,56199.36898989899,46.08857495090909,223.13803759445727,904.6521466516232,-681.514109057166,40210.7123305,0.003022272244634
2024-04-15 00:00:00,1713139200000,65661.85,66867.07,62274.4,63419.99,52389.53069,67129.45285714285,68119.8404,56396.24747474748,42.11083621864058,-144.1844552539551,694.8848262705077,-839.0692815244628,40883.4696565,-0.0385561482085184
2024-04-16 00:00:00,1713225600000,63419.99,64365.0,61600.0,63793.39,53435.29331,66364.79428571429,68119.7104,56566.37222222222,42.993348888326,-400.5427108445292,475.79931884750033,-876.3420296920295,41099.2664795,-0.0685436046337601
2024-04-17 00:00:00,1713312000000,63793.4,64499.0,59678.16,61277.37,50610.54509,65028.55,68011.2048,56719.57797979798,38.71099578223275,-797.5367548446229,221.13210410907573,-1018.6688589536986,41857.8421145,-0.096478770025989
2024-04-18 00:00:00,1713398400000,61277.38,64117.09,60803.35,63470.08,43601.60918,64094.81428571429,67861.6084,56889.43747474748,43.95066041908901,-924.5661995188348,-8.007556616506378,-916.5586429023284,42765.668397,-0.0787552252670691
2024-04-19 00:00:00,1713484800000,63470.09,65450.0,59600.01,63818.01,69774.30271,63623.59857142857,67619.1284,57065.99151515152,44.757687556574425,-985.799226548268,-203.5658906028588,-782.2333359454093,45572.1529615,-0.0799069901423564
2024-04-20 00:00:00,1713571200000,63818.01,65419.0,63090.07,64940.59,23137.42975,63768.75285714285,67417.232,57289.80828282828,47.389761099397056,-932.989099844286,-349.4505324511442,-583.5385673931419,45759.2072325,-0.0932617983803407
2024-04-21 00:00:00,1713657600000,64940.58,65695.56,64237.5,64941.15,19316.42152,63665.79714285715,67236.0784,57512.97151515151,47.391107705992894,-880.9366176705662,-455.74774949502864,-425.1888681755376,44652.76228899999,-0.0608111821363491
2024-04-22 00:00:00,1713744000000,64941.15,67232.35,64500.0,66819.32,31397.99371,64151.41571428572,67077.6272,57766.37525252526,51.84315759219655,-680.2900676179997,-500.65621311962286,-179.63385449837688,42632.670578000005,-0.0539671770557662
2024-04-23 00:00:00,1713830400000,66819.32,67183.01,65765.81,66414.0,22599.90004,64525.78857142857,66940.1656,58007.8186868687,50.84320005191527,-547.668980623901,-510.05876662047854,-37.61021400342247,41768.304691,-0.0513130045711645
2024-04-24 00:00:00,1713916800000,66414.0,67070.43,63606.06,64289.59,33595.69637,64956.10571428571,66728.462,58221.47161616162,45.85129094879044,-606.990932629953,-529.4451998223734,-77.54573280757961,41372.565283,-0.042119734455839
2024-04-25 00:00:00,1714003200000,64289.58,65297.94,62794.0,64498.34,31341.46338,65103.0,66457.1952,58440.888181818176,46.40809935313104,-629.8985482172575,-549.5358695013502,-80.36267871590724,41043.8769155,0.0089766820269721
2024-04-26 00:00:00,1714089600000,64498.33,64820.01,63297.48,63770.01,27085.19346,65096.142857142855,66222.0036,58667.5802020202,44.68172871784986,-698.7681781136635,-579.3823312238129,-119.38584688985054,41391.422129,-0.0288117116425612
2024-04-27 00:00:00,1714176000000,63770.0,63923.41,62391.24,63461.98,20933.06052,64884.91285714286,66141.9232,58887.81202020203,43.93729999121505,-769.3348889656918,-617.3728427721887,-151.96204619350306,41361.3379385,0.0006620940810619
2024-04-28 00:00:00,1714262400000,63461.98,64370.0,62781.0,63118.62,16949.20005,64624.55142857142,66028.1368,59104.20171717172,43.07577549816768,-843.2453901863264,-662.5473522550163,-180.69803793131007,39922.604129,-0.0105774281630117
2024-04-29 00:00:00,1714348800000,63118.62,64228.35,61765.53,63866.0,28150.22947,64202.648571428566,65843.2652,59329.30949494949,45.57722313356303,-831.9227869809984,-696.4224392002127,-135.50034778078566,39365.4204815,0.0422444696957458
2024-04-30 00:00:00,1714435200000,63866.0,64734.0,59191.6,60672.0,54947.65535,63382.362857142856,65557.3204,59542.481010101,37.91017476690179,-1068.3632227947091,-770.8105959191121,-297.55262687559707,40012.5020605,-0.0440850239987093
2024-05-01 00:00:00,1714521600000,60672.01,60841.63,56552.82,58364.97,81166.46823,62535.98857142858,65136.0792,59729.0201010101,33.52352435688847,-1425.470080223742,-901.7424927800382,-523.7275874437039,42474.9626745,-0.0854467257753728
2024-05-02 00:00:00,1714608000000,58364.97,59625.0,56911.84,59060.61,47583.81961,61759.17,64724.088,59920.69414141414,35.93088924835034,-1633.5173322809717,-1048.097460680225,-585.4198716007465,42050.5105405,-0.0905439879742391
2024-05-03 00:00:00,1714694400000,59060.6,63333.0,58811.32,62882.01,43628.40143,61632.31285714286,64374.56840000001,60152.218585858594,47.235130994547774,-1473.0607083112118,-1133.0901102064222,-339.9705981047896,40662.1696025,-0.0317077846634992
2024-05-04 00:00:00,1714780800000,62882.01,64540.0,62541.03,63892.04,24368.69282,61693.75,64164.41,60375.13303030303,49.75833973444712,-1249.9876187815023,-1156.4696119214384,-93.51800686006412,38800.6453345,-0.0438088864118941
2024-05-05 00:00:00,1714867200000,63892.03,64646.0,62822.17,64012.0,18526.75029,61821.375714285714,63899.64680000001,60596.25797979798,50.063769206568765,-1051.400923351881,-1135.455874207527,84.05495085564598,37107.5063145,-0.0361670732074562
2024-05-06 00:00:00,1714953600000,64012.0,65500.0,62700.0,63165.19,34674.91949,61721.26,63626.00520000001,60809.73404040404,47.85228499117631,-951.3830745297892,-1098.6413142719794,147.2582397421902,36169.487623500005,-0.0174896122373776
2024-05-07 00:00:00,1715040000000,63165.18,64422.41,62261.0,62312.08,25598.79472,61955.55714285715,63433.8276,61001.747979797976,45.6638359925539,-930.2338986773902,-1064.9598311530615,134.72593247567147,34918.900105,-0.0338963762478227
2024-05-08 00:00:00,1715126400000,62312.07,63020.22,60888.0,61193.03,26121.19004,62359.56571428571,63324.5684,61186.11090909092,42.89276930033988,-992.3320213152256,-1050.4342691854945,58.10224787026891,34044.879148,-0.0404105315335532
2024-05-09 00:00:00,1715212800000,61193.03,63429.03,60630.0,63074.01,30660.8061,62932.90857142857,63221.0552,61393.12111111111,48.54501945695209,-879.6260829680541,-1016.2726319420065,136.64654897395235,32089.2043175,-0.0061134241320551
2024-05-10 00:00:00,1715299200000,63074.0,63469.13,60187.12,60799.99,36529.34025,62635.47714285714,63116.25519999999,61572.081212121215,43.00349998976363,-962.7027855967026,-1005.5586626729456,42.85587707624313,32758.7998425,-0.0367344850061678
2024-05-11 00:00:00,1715385600000,60799.99,61515.0,60487.09,60825.99,13374.56936,62197.47000000001,62997.5592,61750.12151515152,43.08349927864011,-1014.74632428756,-1007.3961949958688,-7.3501292916914736,32461.7072345,-0.0475998183697116
2024-05-12 00:00:00,1715472000000,60825.99,61888.0,60610.0,61483.99,12753.13236,61836.32571428572,63005.82399999999,61936.71646464646,45.18055421777382,-991.46708737257,-1004.2103734712088,12.74328609863892,31529.464167,0.0133832739978903
2024-05-13 00:00:00,1715558400000,61484.0,63450.0,60749.21,62940.08,32733.41839,61804.16714285714,62984.624,62142.344747474745,49.60544204893512,-845.7742711300743,-972.523153002982,126.74888187290765,32036.1400845,0.0783879440013419
2024-05-14 00:00:00,1715644800000,62940.09,63118.36,61142.77,61577.49,29088.72041,61699.225714285705,62895.00320000001,62332.93858585859,45.8738474729268,-830.6856627220841,-944.1556549468024,113.46999222471844,31810.7912865,0.0426152049563999
2024-05-15 00:00:00,1715731200000,61577.49,66444.16,61319.47,66206.5,43559.74719,62415.43571428572,62945.6396,62566.34818181818,57.55528637431582,-440.1318451634288,-843.3508929901279,403.2190478266991,32421.705477,0.0528686980584749
2024-05-16 00:00:00,1715817600000,66206.51,66752.01,64602.77,65235.21,31106.3671,62724.17857142857,62957.402,62777.31393939394,54.878951390701054,-206.60846280080293,-716.002406952263,509.39394415146,32622.764159,0.021022493568839
2024-05-17 00:00:00,1715904000000,65235.21,67451.2,65106.38,67024.0,26292.23409,63613.322857142855,62965.5892,62996.862929292925,58.688884077370666,121.40146312776052,-548.5216329362584,669.9230960640189,32890.7228375,0.0470536774354808
2024-05-18 00:00:00,1715990400000,67024.0,67400.01,66600.0,66915.2,14441.25774,64483.21000000001,62985.6372,63196.685454545455,58.366069759470605,368.32660209597816,-365.1519859298111,733.4785880257892,32765.325722,0.0593683007998551
2024-05-19 00:00:00,1716076800000,66915.2,67700.0,65857.25,66274.01,18025.30409,65167.49857142857,63065.014,63383.78565656566,56.3972875229078,506.4399548249712,-190.8335977788546,697.2735526038258,32259.079452999995,0.0635820534316939
2024-05-20 00:00:00,1716163200000,66274.0,71515.56,66060.31,71446.62,50816.7011,66382.71857142857,63342.9452,63617.59,66.27923126423698,1021.506884116061,51.63449860012852,969.8723855159324,32052.5317405,0.1675614036435195
2024-05-21 00:00:00,1716249600000,71446.62,71979.0,69162.94,70148.34,49607.4336,67607.12571428572,63598.0784,63821.94424242424,62.45337958092775,1309.841750265885,303.27594893327984,1006.5658013326052,30474.580009,0.1121591920348807
2024-05-22 00:00:00,1716336000000,70148.34,70666.0,68842.19,69166.62,27673.18026,68030.0,63826.264,64018.58090909091,59.64948722302719,1442.5043177591506,531.1216226984541,911.3826950606964,29479.0480415,0.1376090686857021
2024-05-23 00:00:00,1716422400000,69166.62,70096.12,66312.16,67969.65,40513.17374,68420.63428571427,64020.3052,64181.9594949495,56.328884977783936,1434.5186447950691,711.8010271177772,722.717617677292,29323.286657,0.1174442043606687
2024-05-24 00:00:00,1716508800000,67969.66,69250.0,66600.12,68549.99,28095.83664,68638.63285714286,64207.6648,64350.34323232323,57.56240120838397,1458.2092013640213,861.0826619670261,597.1265393969952,29509.643848,0.1149242266157419
2024-05-25 00:00:00,1716595200000,68549.99,69610.0,68500.0,69290.57,12130.39418,68977.97142857143,64552.4076,64523.74181818182,59.14815732696575,1519.23001689394,992.7121329524088,526.5178839415312,29189.8260425,0.1008973932031862
2024-05-26 00:00:00,1716681600000,69290.56,69562.23,68128.01,68507.67,11872.11797,69297.06571428572,64958.115600000005,64694.09565656565,56.7346268193326,1487.271624310335,1091.6240312239945,395.6475930863408,28049.6859665,0.1125440481578576
2024-05-27 00:00:00,1716768000000,68507.67,70687.56,68250.0,69436.43,23136.92737,69009.89571428571,65373.1484,64868.830606060605,58.87832792547366,1519.373150071784,1177.1738549935524,342.19929507823167,27926.592599,0.0487856932476418
2024-05-28 00:00:00,1716854400000,69436.43,69591.81,67277.91,68398.39,32622.97042,68759.90285714286,65593.8036,65036.74636363637,55.564597176313775,1444.402514698886,1230.6195869346193,213.7829277642668,28251.681617999995,0.0484888452110447
2024-05-29 00:00:00,1716940800000,68398.4,68935.68,67124.65,67652.42,23159.83149,68543.58857142857,65744.21879999999,65192.23727272728,53.24540958643313,1309.696831546913,1246.435035857078,63.26179568983503,27876.6328875,0.0093760444020052
2024-05-30 00:00:00,1717027200000,67652.41,69500.0,67128.0,68352.17,28478.2184,68598.23428571428,65917.8256,65358.93202020202,55.13702149749584,1245.0533837036637,1246.1587054263953,-1.10532172273156,27474.076795,0.0214744930897614
2024-05-31 00:00:00,1717113600000,68352.17,69044.1,66670.0,67540.01,26690.32184,68453.95142857142,66092.8184,65523.08949494949,52.48296875599061,1115.4304729010764,1220.0130589213315,-104.58258602025512,28139.864419,0.0191025109239655
2024-06-01 00:00:00,1717200000000,67540.01,67900.0,67428.44,67766.85,8837.66133,68236.27714285713,66311.0092,65695.03595959596,53.16113371770509,1019.2581014984607,1179.8620674367576,-160.60396593829682,27944.090867500003,-0.0515037660283997
2024-06-02 00:00:00,1717286400000,67766.84,68460.0,67257.47,67765.63,15426.32529,68130.27142857143,66573.91320000001,65858.64616161617,53.15673962455211,932.1965785875946,1130.328969666925,-198.1323910793305,27078.7362125,-0.0339667339241384
2024-06-03 00:00:00,1717372800000,67765.62,70288.0,67612.48,68809.9,29633.374,68040.76714285715,66803.34879999999,66031.18202020202,56.473161731856266,936.6662506251014,1091.5964258585605,-154.93017523345907,27105.968892,-0.0051574010700538
2024-06-04 00:00:00,1717459200000,68809.89,71063.45,68567.32,70537.84,29619.78489,68346.40285714285,67192.8628,66193.41808080807,61.349345643057056,1067.3352386815386,1086.7441884231562,-19.40894974161756,26408.970777,0.0377843640507198
2024-06-05 00:00:00,1717545600000,70537.83,71758.0,70383.66,71108.0,28703.18082,68840.05714285714,67604.1432,66335.54595959595,62.82906453096479,1203.0307109345304,1110.001492925431,93.0292180090994,26288.811463,0.0373159791854089
2024-06-06 00:00:00,1717632000000,71108.0,71700.0,70117.64,70799.06,21842.00449,69189.61285714286,67976.746,66420.0607070707,61.45613053629443,1270.990289355701,1142.199252211485,128.79103714421603,26066.299983,0.0217704948884096
2024-06-07 00:00:00,1717718400000,70799.06,71997.02,68420.0,69355.6,35598.45045,69448.98285714285,68233.3668,66503.13767676767,55.36826218285964,1194.6029472144,1152.679991212068,41.92295600233206,27124.1596185,0.0123771542660844
2024-06-08 00:00:00,1717804800000,69355.6,69582.2,69168.02,69310.46,9773.82967,69669.49857142857,68542.6856,66573.06252525252,55.184161257738886,1117.5406940015237,1145.6521317699592,-28.111437768435508,26711.5858975,-0.0018141773705817
2024-06-09 00:00:00,1717891200000,69310.46,69857.14,69130.24,69648.14,9890.56709,69938.42857142857,68680.3512,66650.44494949495,56.35332335349307,1071.3662142022367,1130.7949482564147,-59.428734054178,24665.279197,0.0182716289082243
2024-06-10 00:00:00,1717977600000,69648.15,70195.94,69172.29,69540.0,17122.66941,70042.72857142857,68852.5428,66715.35434343434,55.85082057663186,1014.3537731720136,1107.5067132395343,-93.15294006752106,23041.0409875,0.0279011452953197
2024-06-11 00:00:00,1718064000000,69540.0,69590.01,66051.0,67314.24,41436.01588,69582.21428571429,68864.1524,66705.94555555555,46.63369663204514,780.5728148358321,1042.119933558794,-261.54711872296184,23729.1827685,-0.0151850336280471
2024-06-12 00:00:00,1718150400000,67314.23,69999.0,66905.0,68263.99,37175.32356,69175.92714285714,68918.104,66751.80393939394,50.395552390976086,664.279211411922,966.5517891294196,-302.2725777174976,23562.2902595,0.0107192758781056
2024-06-13 00:00:00,1718236800000,68263.98,68449.3,66251.78,66773.01,29079.55571,68600.77714285716,68938.064,66758.86424242424,45.0292302410765,446.6572803941817,862.5728873823721,-415.9156069881904,23611.476213,-0.0146655776386243
2024-06-14 00:00:00,1718323200000,66773.01,67370.24,65078.0,66043.99,28408.18797,68127.69,68721.9588,66750.99373737373,42.638457349848665,212.9102144356148,732.6403527930206,-519.7301383574058,24425.3659025,-0.0254057993705658
2024-06-15 00:00:00,1718409600000,66043.99,66478.48,65857.1,66228.25,11451.80242,67687.37428571428,68565.1552,66731.84282828282,43.45562193885654,42.0475249873416,594.5217872318848,-552.4742622445432,24404.350125,-0.0375185838084344
2024-06-16 00:00:00,1718496000000,66228.25,66998.7,66034.5,66676.87,9392.52223,67262.90714285713,68465.5652,66715.31353535353,45.49165108614409,-56.51107814151328,464.3152141572052,-520.8262922987185,23717.129868,-0.0547361529641395
2024-06-17 00:00:00,1718582400000,66676.86,67298.81,65130.0,66504.33,27386.16851,66829.24,68406.95240000001,66690.5504040404,44.8231641623592,-146.84923069954675,342.08232518585487,-488.9315558854016,23455.2897725,-0.0647419418349553
2024-06-18 00:00:00,1718668800000,66504.33,66588.23,64060.0,65175.32,42350.10244,66523.68000000001,68271.96560000001,66620.82535353536,39.95309845401211,-321.9713817840384,209.27158379187625,-531.2429655759147,24414.80332,-0.0794324105433037
2024-06-19 00:00:00,1718755200000,65175.32,65727.54,64666.0,64974.37,20060.79576,66053.7342857143,68099.3176,66555.39464646464,39.25853670368803,-471.5363562031271,73.1099957928756,-544.6463519960026,23993.932188,-0.0631705298490677
2024-06-20 00:00:00,1718841600000,64974.37,66482.94,64559.15,64869.99,24265.29031,65781.87428571428,67953.8104,66472.5419191919,38.88043772135656,-591.6698677143431,-59.84597690856816,-531.823890805775,23872.6806115,-0.0640663761285094
2024-06-21 00:00:00,1718928000000,64869.99,65066.66,63379.35,64143.56,25993.56442,65510.38428571429,67742.0956,66399.35626262627,36.26288793672165,-736.9977201209695,-195.2763255510484,-541.721394569921,24730.475766,-0.079034127831698
2024-06-22 00:00:00,1719014400000,64143.56,64546.81,63943.82,64262.01,7308.95542,65229.49285714286,67576.6404,66346.44878787879,37.00758228753356,-833.0107358797686,-322.8232076167925,-510.1875282629761,24324.6072725,-0.0758986194995685
2024-06-23 00:00:00,1719100800000,64262.01,64521.0,63178.32,63210.01,8224.45447,64734.22714285715,67398.94399999999,66325.33141414142,33.28765664420453,-982.6618367064076,-454.7909334347155,-527.870903271692,23254.161296,-0.0609712001502208
2024-06-24 00:00:00,1719187200000,63210.01,63369.8,58402.0,60293.3,52161.35414,63846.93714285714,67076.5892,66243.51141414141,25.60337931972586,-1321.3834474770629,-628.109436243185,-693.2740112338779,24381.2397585,-0.116762732445027
2024-06-25 00:00:00,1719273600000,60293.3,62420.0,60257.06,61806.01,31189.24361,63365.607142857145,66847.2292,66184.88535353536,34.10010574629058,-1451.0331032378162,-792.6941696421113,-658.3389335957049,24505.542898,-0.0743863426255607
2024-06-26 00:00:00,1719360000000,61806.01,62487.81,60712.0,60864.99,22485.66463,62778.55285714286,66571.1548,66174.05292929293,31.676492216100456,-1611.14160158897,-956.383656031483,-654.7579455574869,24537.725905,-0.0784174305640832
2024-06-27 00:00:00,1719446400000,60864.98,62389.22,60606.63,61706.47,18344.28631,62326.62142857142,66328.7884,66112.09292929294,36.053280509842175,-1651.0955350368677,-1095.32603183256,-555.7695032043075,23675.017698,-0.0682756980593628
2024-06-28 00:00:00,1719532800000,61706.46,62225.31,60063.0,60427.84,24821.19255,61795.80428571429,65993.50600000001,66060.84616161617,32.63252639621993,-1765.5815451736853,-1229.3771345007851,-536.2044106729002,24427.385842,-0.093721105984729
2024-06-29 00:00:00,1719619200000,60427.84,61224.0,60383.77,60986.68,11509.55904,61327.9,65611.4596,66032.46272727272,35.51244529040885,-1790.5781451934308,-1341.6173366393143,-448.9608085541165,24508.3354395,-0.0829667782533859
2024-06-30 00:00:00,1719705600000,60986.68,63058.76,60712.21,62772.01,17326.30136,61265.32857142857,65278.02,66020.1596969697,43.78098689408932,-1647.3374398505694,-1402.761357281565,-244.57608256900403,24518.517037,-0.0368745408538078
2024-07-01 00:00:00,1719792000000,62772.01,63861.76,62497.2,62899.99,24547.10538,61637.712857142855,64962.0572,65976.62434343433,44.33200626012811,-1506.1295089996056,-1423.434987625173,-82.69452137443227,23674.071512,-0.0319261271790708
2024-07-02 00:00:00,1719878400000,62900.0,63288.83,61806.28,62135.47,18573.11875,61684.77857142856,64673.252,65898.39666666667,41.70248316483504,-1439.3199961220744,-1426.6119893245536,-12.708006797520738,22743.9612715,-0.0421538526520506
2024-07-03 00:00:00,1719964800000,62135.46,62285.94,59400.0,60208.58,32160.11127,61591.00571428571,64309.17680000001,65799.61464646464,35.919606508826575,-1524.2858763904223,-1446.1467667377274,-78.13910965269497,22897.989049500004,-0.0613464547337253
2024-07-04 00:00:00,1720051200000,60208.57,60498.19,56771.0,57050.01,54568.77276,60925.79714285715,63805.2516,65674.16030303031,28.85587049523734,-1825.4495047899472,-1522.0073143481711,-303.4421904417759,24206.018289,-0.1122280488892271
2024-07-05 00:00:00,1720137600000,57050.02,57546.0,53485.93,56628.79,81348.24756,60383.07571428572,63288.8032,65531.21272727273,28.06328777309844,-2074.20266658684,-1632.446384795905,-441.75628179093474,27700.840546000003,-0.1041167372066544
2024-07-06 00:00:00,1720224000000,56628.79,58475.0,56018.0,58230.13,21651.31558,59989.28285714285,62925.4388,65413.83484848485,35.335034172639,-2117.7148854694533,-1729.5000849306148,-388.2148005388385,28313.7802135,-0.0342188933098703
2024-07-07 00:00:00,1720310400000,58230.13,58449.46,55724.37,55857.81,19118.93918,59001.53999999999,62429.1916,65275.20484848485,30.42783589372283,-2316.91705256587,-1846.983478457666,-469.9335741082041,27900.418747,-0.0962398316927432
2024-07-08 00:00:00,1720396800000,55857.81,58236.73,54260.16,56714.62,48090.2049,58117.91571428572,62026.856,65128.0796969697,33.99326870719305,-2378.233997697651,-1953.2335823056635,-425.0004153919877,28187.42387,-0.0681897754357635
2024-07-09 00:00:00,1720483200000,56714.61,58296.0,56289.45,58050.0,27732.20788,57534.27714285715,61707.0964,65010.91,39.22124454369787,-2292.645917698923,-2021.1160493843151,-271.5298683146077,28570.994476,-0.0592558608521927
2024-07-10 00:00:00,1720569600000,58050.0,59470.0,57157.79,57725.85,24951.73799,57179.60142857144,61367.0004,64932.74696969696,38.42564889907536,-2225.320830318735,-2061.9570055712,-163.36382474753557,28605.316860000003,-0.0447143237289302
2024-07-11 00:00:00,1720656000000,57725.85,59650.0,57050.0,57339.89,29761.05735,57221.01285714286,60993.5212,64845.64202020202,37.45150906296603,-2178.002305102709,-2085.166065477501,-92.83623962520778,28793.6915065,-0.0597964998258636
2024-07-12 00:00:00,1720742400000,57339.89,58526.68,56542.47,57889.1,23652.4569,57401.05714285715,60648.912,64738.58454545455,39.79059019299011,-2072.297223465044,-2082.59229707501,10.295073609965584,29610.8665805,-0.0777880141164828
2024-07-13 00:00:00,1720828800000,57889.09,59850.0,57756.63,59204.02,15357.74519,57540.18428571429,60410.06,64651.54818181819,45.085527735347895,-1860.9700259031745,-2038.2678428406427,177.2978169374685,29967.531116499995,-0.0587594688011874
2024-07-14 00:00:00,1720915200000,59204.01,61420.69,59194.01,60797.91,21178.33907,58245.91285714286,60243.0016,64569.7492929293,50.74049637672635,-1547.0447283728936,-1940.023219947093,392.9784915741993,28418.380363,-0.0215265129562872
2024-07-15 00:00:00,1721001600000,60797.91,64900.0,60632.3,64724.14,38690.9782,59390.130000000005,60237.16760000001,64522.91848484848,61.30980118424986,-970.2581878192868,-1746.0702135215315,775.8120257022449,28793.4670925,0.0749986131544706
2024-07-16 00:00:00,1721088000000,64724.06,65388.97,62373.24,65043.99,42530.52915,60389.27142857143,60273.1848,64456.49414141414,62.02464883016605,-481.7877279801978,-1493.213716413265,1011.4259884330672,29795.7103185,0.1401223242555083
2024-07-17 00:00:00,1721174400000,65044.0,66128.63,63854.0,64087.99,29567.52954,61298.148571428566,60266.224,64405.40313131312,58.54300938571444,-169.85460157658235,-1228.5418934459287,1058.6872918693464,30356.87248,0.1317209850325249
2024-07-18 00:00:00,1721260800000,64087.99,65133.3,63238.48,63987.92,22568.7225,62247.86714285713,60297.3404,64338.300505050494,58.17489248233057,68.49032197698398,-969.1354503613462,1037.62577233833,30244.2489775,0.0988799097649275
2024-07-19 00:00:00,1721347200000,63987.92,67386.0,63300.67,66660.0,35634.72739,63500.85285714285,60552.0084,64304.5002020202,64.57953900685013,467.6046601232083,-681.7874282644353,1149.3920883876435,31450.507395,0.1933872810265924
2024-07-20 00:00:00,1721433600000,66660.01,67598.0,66222.46,67139.96,14386.92434,64634.55857142857,60765.3664,64304.73696969697,65.59854145509726,813.2596582705519,-382.7780109574379,1196.0376692279897,31303.538544,0.1838210323898848
2024-07-21 00:00:00,1721520000000,67139.97,68366.66,65777.0,68165.34,21819.11191,65687.04857142858,61057.3804,64347.57363636364,67.73418210024757,1156.6007575794938,-74.90225725005155,1231.5030148295457,31167.1388705,0.1742521963824288
2024-07-22 00:00:00,1721606400000,68165.35,68474.55,66559.97,67532.01,21451.04303,66088.17285714285,61290.402,64366.46424242424,65.0481204555608,1361.89750766394,212.4576957327468,1149.4398119311932,31311.0350845,0.169874674864034
2024-07-23 00:00:00,1721692800000,67532.0,67750.98,65441.08,65936.01,31406.15316,66215.60428571429,61510.7288,64391.87858585858,58.727797007126746,1379.9061009476136,445.94737677572016,933.9587241718934,31273.337179,0.149915181211544
2024-07-24 00:00:00,1721779200000,65936.0,67102.01,65111.0,65376.0,23082.56277,66399.60571428572,61686.3016,64407.86454545454,56.64792718445313,1333.616809634841,623.4812633475444,710.1355462872966,29699.0266795,0.1293317740299988
2024-07-25 00:00:00,1721865600000,65376.01,66175.49,63456.7,65799.95,35126.42934,66658.46714285715,61807.4192,64453.54717171717,57.86451641358584,1315.9717317158938,761.9793570212144,553.9923746946795,27387.9357685,0.1114101711336494
2024-07-26 00:00:00,1721952000000,65799.95,68200.0,65722.63,67907.99,24244.36023,66836.75142857143,62007.7392,64498.37454545455,63.36916731712458,1455.313146660119,900.6461149489953,554.6670317111236,27517.588001000004,0.1169461252862147
2024-07-27 00:00:00,1722038400000,67908.0,69399.99,66650.0,67896.5,31710.21921,66944.82857142857,62238.1804,64539.57141414141,63.32061021554033,1546.9824245034906,1029.9133768598945,517.0690476435962,28147.152002500003,0.0490135519761252
2024-07-28 00:00:00,1722124800000,67896.49,68318.43,67066.66,68249.88,10868.69394,66956.9057142857,62559.8324,64572.998585858586,64.22847023132005,1629.363511993266,1149.803403886569,479.560108106697,26286.07645450001,0.0492880279945926
2024-07-29 00:00:00,1722211200000,68249.88,70079.99,66428.0,66784.69,36467.29633,66850.14571428571,62949.2196,64591.6202020202,57.83649058998797,1558.457600345726,1231.5342431784004,326.92335716732555,26722.830877,0.042078086705481
2024-07-30 00:00:00,1722297600000,66784.68,67000.0,65302.67,66188.0,23132.25441,66886.14428571428,63331.588,64585.24323232322,55.41771318826586,1437.5451328116687,1272.7364211050542,164.80871170661453,26631.856698,0.0343827397421263
2024-07-31 00:00:00,1722384000000,66188.0,66849.24,64530.0,64628.0,22625.43905,66779.28714285714,63587.5028,64567.20282828282,49.57978040144192,1201.9864174181855,1258.5864203676806,-56.60000294949487,26275.075783,-0.0304830483048305
2024-08-01 00:00:00,1722470400000,64628.01,65659.78,62302.0,65354.02,35542.26854,66715.58285714286,63967.351200000005,64577.95464646464,52.10837238336386,1061.6501427661133,1219.1991648473672,-157.54902208125395,26869.566365,-0.0266002541556474
2024-08-02 00:00:00,1722556800000,65354.02,65596.14,61230.01,61498.33,38820.42937,65799.91714285714,64158.6996,64547.65151515151,40.49385112250021,632.0250826510455,1101.764348408103,-469.7392657570574,28042.700574,-0.0978064511964584
2024-08-03 00:00:00,1722643200000,61498.34,62198.22,59850.0,60697.99,28034.71567,64771.55857142858,64264.6192,64516.621010101015,38.57198601043452,224.37690070732788,926.286858867948,-701.9099581606201,28385.519404,-0.1011967509926032
2024-08-04 00:00:00,1722729600000,60697.99,61117.63,57122.77,58161.0,31616.52003,63330.29,64282.0252,64463.07575757576,33.19397166908966,-299.9435484019341,681.0407774139717,-980.9843258159058,28031.7964955,-0.1179175082022705
2024-08-05 00:00:00,1722816000000,58161.0,58305.59,49000.0,54018.81,162065.59186,61506.59285714286,64149.182,64371.158484848485,26.658443533907946,-1037.748874075558,337.2828471160658,-1375.0317211916238,34008.549631,-0.1737210903083701
2024-08-06 00:00:00,1722902400000,54018.82,57040.99,53950.0,56022.01,55884.77676,60054.30857142858,64074.4984,64291.92626262626,33.47956138147691,-1444.1758514657122,-19.008892600289755,-1425.1669588654224,35324.411991999994,-0.1486010247728151
2024-08-07 00:00:00,1722988800000,56022.0,57736.05,54558.62,55134.16,44269.37684,58698.04571428571,63911.704000000005,64235.98848484849,32.05650667769105,-1816.9693425666485,-378.6009825935615,-1438.3683599730869,36409.444709,-0.1881049637899752
2024-08-08 00:00:00,1723075200000,55133.76,62745.14,54730.0,61685.99,48349.52949,58174.04142857143,63947.22720000001,64269.53414141414,49.21221968704467,-1565.6847063344248,-616.0177273417341,-949.6669789926908,37045.18481399999,-0.0914702525166982
2024-08-09 00:00:00,1723161600000,61686.0,61744.37,59535.0,60837.99,30972.48017,58079.707142857136,63791.7812,64287.48747474748,47.53908972298939,-1418.6134419777372,-776.5368702689348,-642.0765717088025,37874.4626055,-0.1085993118229659
2024-08-10 00:00:00,1723248000000,60837.99,61470.58,60242.0,60923.51,9995.20621,58111.92428571428,63626.962,64267.70464646464,47.73208577101471,-1280.3980246956926,-877.3091011542863,-403.0889235414063,37283.2673205,-0.0877623299591567
2024-08-11 00:00:00,1723334400000,60923.51,61858.0,58286.73,58712.59,19189.84512,58190.72285714286,63411.946,64215.38696969696,43.29738537433492,-1333.887848481034,-968.6248506196358,-365.2629978613981,37170.207425,-0.1129420740919804
2024-08-12 00:00:00,1723420800000,58712.59,60711.09,57642.21,59346.64,37009.91743,58951.84142857143,63226.2948,64168.26212121212,44.87901929365648,-1310.015341777449,-1036.9029488511983,-273.1123929262505,37450.395638500006,-0.0817193785975118
2024-08-13 00:00:00,1723507200000,59346.64,61578.1,58392.88,60587.15,27858.95851,59604.00428571428,62983.3808,64142.22131313131,47.93872150323169,-1177.424798442422,-1065.0073187694431,-112.41747967297874,37689.21542549999,-0.0729392009856469
2024-08-14 00:00:00,1723593600000,60587.16,61800.0,58433.18,58683.39,28422.76326,60111.037142857145,62645.118,64105.56787878788,43.91038212118914,-1211.9922667874343,-1094.4043083730414,-117.58795841439292,37354.0321215,-0.0457726250452654
2024-08-15 00:00:00,1723680000000,58683.39,59849.38,56078.54,57541.06,37686.17622,59518.904285714285,62220.1468,64068.67929292929,41.64883060584747,-1316.389203333667,-1138.801287365167,-177.58791596850028,38026.122921,-0.0520104537234263
2024-08-16 00:00:00,1723766400000,57541.05,59817.76,57098.62,58874.6,27610.84344,59238.42,61873.8504,64026.26101010101,45.19729469205738,-1276.8008293646635,-1166.401195765066,-110.39963359959756,37821.1541325,0.0122693901411599
2024-08-17 00:00:00,1723852800000,58874.59,59700.0,58785.05,59491.99,7721.72931,59033.91714285714,61616.0896,64013.04888888889,46.81001460485789,-1181.9833759203975,-1169.5176317961325,-12.465744124265257,37663.805901,0.1013198920894407
2024-08-18 00:00:00,1723939200000,59491.99,60284.99,58408.92,58427.35,13634.85717,58993.16857142857,61338.1436,63988.82020202019,44.38443507469168,-1179.1548482826402,-1171.4450750934338,-7.709773189206317,36522.183943,0.0429356247660517
2024-08-19 00:00:00,1724025600000,58427.35,59617.63,57787.3,59438.5,22809.31251,59006.29142857144,61083.6856,63968.158686868686,47.18368900626863,-1082.839564825343,-1153.7239730398155,70.88440821447284,36506.036848,0.0780702925373306
2024-08-20 00:00:00,1724112000000,59438.5,61400.0,58548.23,59013.8,31477.44548,58781.52714285714,60727.918,63928.4992929293,46.13339067085858,-1028.9180229163394,-1128.7627830151205,99.84476009878108,36948.6371695,-0.0433192366694608
2024-08-21 00:00:00,1724198400000,59013.8,61820.93,58783.47,61156.03,27983.6422,59134.76142857142,60458.2992,63924.24212121212,51.9441819774154,-804.0560966580961,-1063.8214457437157,259.7653490856196,36570.7058525,0.0052276546283005
2024-08-22 00:00:00,1724284800000,61156.03,61400.0,59724.87,60375.84,21241.20588,59539.73,60143.3376,63865.34656565656,49.83567543294481,-680.9565692858741,-987.2484704521474,306.2919011662733,35691.744678,-0.0089894689258712
2024-08-23 00:00:00,1724371200000,60375.83,64955.0,60342.14,64037.24,38118.07089,60277.25,60033.4396,63853.245858585855,58.3750040597936,-284.67338893117267,-846.7334541479524,562.0600652167798,36195.912439,0.0906900887867492
2024-08-24 00:00:00,1724457600000,64037.24,64494.5,63531.0,64157.01,15857.15616,60943.68142857143,59952.2,63824.28636363636,58.62312987447572,38.60332945421396,-669.6660974275192,708.2694268817331,35407.9442455,0.0810554734016955
2024-08-25 00:00:00,1724544000000,64157.02,65000.0,63773.27,64220.0,12305.47977,61771.20285714285,59935.88,63797.06212121212,58.76235571106683,296.4677289931424,-476.4393321433868,772.9070611365291,27919.938641,0.0599607342481036
2024-08-26 00:00:00,1724630400000,64219.99,64481.0,62800.0,62834.0,19470.05276,62256.27428571428,59835.0792,63762.31454545455,54.42303950259951,384.55558927015227,-304.24034786067904,688.7959371308314,26099.202441,0.0707288723436052
2024-08-27 00:00:00,1724716800000,62834.0,63212.0,58034.01,59415.0,35135.94178,62313.58857142857,59751.74600000001,63640.78303030303,45.49757367469865,176.4471539969309,-208.10284748915709,384.5500014860879,25642.530688,0.0325670051959419
2024-08-28 00:00:00,1724803200000,59415.0,60234.98,57860.0,59034.9,36868.54275,62010.57,59685.2224,63528.52606060606,44.62143058419674,-18.932926675784984,-170.26886332648266,151.33593665069768,25068.481351,0.0027227361205002
2024-08-29 00:00:00,1724889600000,59034.9,61166.99,58713.09,59359.01,27020.90743,61865.30857142858,59733.1428,63429.45929292929,45.58369646042833,-145.93779983332206,-165.40265062785056,19.464850794528505,24870.902714000003,-0.0022352588978784
2024-08-30 00:00:00,1724976000000,59359.0,59944.07,57701.1,59123.99,28519.32195,61163.41571428572,59937.35,63340.10919191919,44.973448111195474,-262.5279676936916,-184.8277140410188,-77.70025365267281,25797.108501,0.0119231832352486
2024-08-31 00:00:00,1725062400000,59123.99,59462.38,58744.0,58973.99,8798.409,60422.98428571429,60055.4292,63243.381919191925,44.56338905718957,-362.8475810578748,-220.43168744439,-142.4158936134848,25277.536695,-0.0078149684127291
2024-09-01 00:00:00,1725148800000,58974.0,59076.59,57201.0,57301.86,20705.15741,59434.67857142857,60142.1372,63122.28383838383,40.166753997445326,-570.6998413168985,-290.48531821889173,-280.2145230980068,24462.298694,-0.0290091470130715
2024-09-02 00:00:00,1725235200000,57301.77,59425.69,57128.0,59132.13,22895.01461,58905.84,60039.98279999999,63027.58141414142,46.40028975358842,-581.0389074307532,-348.59603606126404,-232.44287136948915,24214.101499,-0.0330940383147827
2024-09-03 00:00:00,1725321600000,59132.12,59809.65,57415.0,57487.73,22828.18447,58630.51571428571,59905.97239999999,62906.88747474748,42.15135181105524,-713.6949973213123,-421.6158283132737,-292.07916900803855,23934.3725595,-0.0478355249384521
2024-09-04 00:00:00,1725408000000,57487.74,58519.0,55606.0,57970.9,35560.82146,58478.51571428571,59787.868,62801.55929292929,43.7803660683595,-770.9510791749271,-491.4828784856044,-279.4682006893227,23828.1048215,-0.0947314406429757
2024-09-05 00:00:00,1725494400000,57970.9,58327.07,55643.65,56180.0,27806.91413,58024.37142857142,59686.5644,62685.67626262626,39.35647959543911,-949.8878831437178,-583.1638794172271,-366.72400372649065,23837.908356,-0.1243357506841419
2024-09-06 00:00:00,1725580800000,56180.0,57008.0,52550.0,53962.97,54447.76826,57287.08285714285,59471.2176,62540.330808080806,34.684082813643045,-1256.1126967016753,-717.7536428741168,-538.3590538275585,26174.2103035,-0.1597170663344752
2024-09-07 00:00:00,1725667200000,53962.97,54850.0,53745.54,54160.86,16694.04774,56599.49285714286,59214.166,62405.18787878788,35.4210554732509,-1465.9316509513374,-867.389244489561,-598.5424064617764,26327.169832000003,-0.1380325938186332
2024-09-08 00:00:00,1725753600000,54160.86,55318.0,53629.01,54869.95,16274.14779,56252.07714285714,59061.62840000001,62274.91616161615,38.11554270024605,-1557.0483626745554,-1005.32106812656,-551.7272945479955,26000.411596,-0.0764966759235883
2024-09-09 00:00:00,1725840000000,54869.95,58088.0,54591.96,57042.0,32384.51737,55953.48714285714,59041.666000000005,62166.59666666666,45.602680515017695,-1437.4230130255164,-1091.7414571063514,-345.681555919165,26045.7651905,-0.0337579973879857
2024-09-10 00:00:00,1725926400000,57042.01,58044.36,56386.4,57635.99,23626.78126,55974.66714285715,58992.1216,62053.72888888889,47.47422730388436,-1279.9347417845202,-1129.3801140419853,-150.55462774253488,25827.9221435,-0.0290271013616972
2024-09-11 00:00:00,1726012800000,57635.99,57981.71,55545.19,57338.0,33026.56757,55884.25285714286,58905.962,61920.39717171717,46.60788440597008,-1165.7316262334934,-1136.650416480287,-29.081209753206394,26417.190228,-0.0302075350462646
2024-09-12 00:00:00,1726099200000,57338.0,58588.0,57324.0,58132.32,31074.40631,56163.15571428571,58894.1608,61789.3296969697,49.265625757980864,-999.607001499986,-1109.2417334842269,109.63473198424094,26065.006999,-0.0142718849445322
2024-09-13 00:00:00,1726185600000,58132.31,60625.0,57632.62,60498.0,29825.23333,57096.73142857143,58936.5408,61685.278585858585,56.25043440953237,-669.3456345264276,-1021.2625136926672,351.9168791662395,26763.410857500003,0.0557772470213009
2024-09-14 00:00:00,1726272000000,60497.99,60610.45,59400.0,59993.03,12137.90901,57929.898571428566,58975.71,61590.70717171718,54.52483174822059,-443.24848792860575,-905.6597085398548,462.41122061124906,26755.0323195,0.0145589208438796
2024-09-15 00:00:00,1726358400000,59993.02,60395.8,58691.05,59132.0,13757.92361,58538.76285714286,58894.7488,61487.89444444445,51.617153413033485,-329.7417378827013,-790.4761144084242,460.73437652572295,26469.425862000004,0.0286021034401602
2024-09-16 00:00:00,1726444800000,59132.0,59210.7,57493.3,58213.99,26477.5642,58706.19,58808.27479999999,61372.39797979798,48.63897796394088,-310.28577430961013,-694.4380463886615,384.1522720790514,26036.506983000003,0.0041933107817886
2024-09-17 00:00:00,1726531200000,58213.99,61320.0,57610.01,60313.99,33116.25878,59088.76142857142,58659.34479999999,61279.20595959596,55.030842289108094,-123.98511026447522,-580.3474591638243,456.36234889934906,25848.8927845,0.0735847276610892
2024-09-18 00:00:00,1726617600000,60313.99,61786.24,59174.8,61759.99,36087.02469,59720.47428571428,58563.46399999999,61223.10242424243,58.8301691258743,138.74031154027034,-436.5299050230054,575.2702165632758,26302.1986475,0.1444883408011086
2024-09-19 00:00:00,1726704000000,61759.98,63850.0,61555.0,62947.99,34332.52608,60408.427142857145,58512.58359999999,61169.40545454546,61.69365747807421,437.76746182559145,-261.6704316532861,699.4378934788775,26592.858854,0.1622413307321928
2024-09-20 00:00:00,1726790400000,62948.0,64133.32,62350.0,63201.05,25466.37794,60794.577142857146,58527.2656,61133.32505050506,62.29525234626912,687.246312199255,-71.88708288277783,759.1333950820328,27426.257301,0.151833562815348
2024-09-21 00:00:00,1726876800000,63201.05,63559.9,62758.0,63348.96,8375.34608,61273.99571428571,58684.624,61106.10252525253,62.66432861166785,886.6741714698073,119.8251679877392,766.8490034820682,26809.7667345,0.1105669506679289
2024-09-22 00:00:00,1726963200000,63348.97,64000.0,62357.93,63578.76,14242.19892,61909.24714285714,58866.3784,61079.34,63.265953809243705,1051.1481447277038,306.08976333573213,745.0583813919716,26377.12595,0.1031086652627986
2024-09-23 00:00:00,1727049600000,63578.76,64745.88,62538.75,63339.99,24078.05287,62641.53285714285,59025.6176,61045.63414141414,62.14541839570873,1148.9834440639097,474.6684994813677,674.314944582542,26439.61937,0.1046773518434545
2024-09-24 00:00:00,1727136000000,63339.99,64688.0,62700.0,64262.7,23185.04759,63205.63428571429,59231.166,61022.99141414142,64.74412458506802,1286.147699167057,636.9643394185056,649.1833597485514,25820.8306765,0.1054556226209446
2024-09-25 00:00:00,1727222400000,64262.7,64817.99,62947.08,63152.01,17813.11168,63404.49428571429,59398.2868,61002.55393939394,59.45325915975263,1290.3535662801514,767.6421847908348,522.7113814893166,25321.140554,0.0438693841118715
2024-09-26 00:00:00,1727308800000,63152.01,65839.0,62670.0,65173.99,28373.30593,63722.49428571429,59713.17199999999,61004.57030303031,65.05229992208133,1440.241427223118,902.1620332772916,538.0793939458266,24017.4174375,0.0863593654129488
2024-09-27 00:00:00,1727395200000,65173.99,66498.0,64819.9,65769.95,22048.80487,64089.48,59978.6848,61013.66080808081,66.5197758123308,1588.8028974522458,1039.4902061122823,549.3126913399635,24285.155294,0.1122564770344314
2024-09-28 00:00:00,1727481600000,65769.95,66260.0,65422.23,65858.0,9127.23316,64447.91428571429,60313.4956,61030.97838383838,66.74197667494904,1694.1151274328731,1170.4151903764005,523.6999370564727,23927.8095625,0.1313088142558172
2024-09-29 00:00:00,1727568000000,65858.0,66076.12,65432.0,65602.01,8337.74111,64736.95,60618.74,61044.51373737374,65.38334160925311,1736.8976993272954,1283.7116921665795,453.1860071607159,22725.4707495,0.0876748495664105
2024-09-30 00:00:00,1727654400000,65602.01,65618.8,62856.3,63327.59,30011.08752,64735.17857142857,60904.6436,61045.70141414142,54.72433778486248,1569.187888710927,1340.8069314754491,228.3809572354778,23044.6860625,0.0253821284621322
2024-10-01 00:00:00,1727740800000,63327.6,64130.63,60164.0,60805.78,43671.48108,64241.33285714285,61178.356,61050.87797979798,45.80747233288981,1218.7388018894344,1316.393305558246,-97.65450366881169,23576.931738,-0.0340314281679208
2024-10-02 00:00:00,1727827200000,60804.92,62390.31,60000.0,60649.28,31534.70118,63883.8,61437.8928,61039.19383838384,45.31401354065418,917.7973372641718,1236.6741118994314,-318.8767746352596,23599.946481500003,-0.0403754368004962
2024-10-03 00:00:00,1727913600000,60649.27,61477.19,59828.11,60752.71,26221.43472,63252.188571428575,61673.2032,61038.0596969697,45.73010653019406,679.8085847826733,1125.30100647608,-445.4924216934066,23419.756551,-0.0409833089603997
2024-10-04 00:00:00,1728000000000,60752.72,62484.85,60459.9,62086.0,21294.65994,62725.91,61874.96319999999,61041.893333333326,50.91484976087316,591.9623703338366,1018.6332792476312,-426.67090891379473,23877.5940975,-0.0234789102524176
2024-10-05 00:00:00,1728086400000,62086.0,62370.56,61689.26,62058.0,7807.46141,62183.05285714286,62051.84359999999,61058.35959595959,50.80507727647928,514.1573604911973,917.7380954963446,-403.5807350051473,23580.0709875,-0.0202398200568076
2024-10-06 00:00:00,1728172800000,62058.01,62975.0,61798.97,62819.91,8906.86177,61785.60999999999,62271.12,61076.87707070707,53.72850831011237,508.1188216060327,835.8142407182822,-327.6954191122495,22701.535866,-0.0224514376146659
2024-10-07 00:00:00,1728259200000,62819.91,64478.19,62128.0,62224.0,25966.1852,61627.95428571429,62434.787200000006,61071.34161616162,51.16740192387983,450.0602646834086,758.6634455113075,-308.6031808278989,22344.032187,-0.0146948608603273
2024-10-08 00:00:00,1728345600000,62224.01,63200.0,61860.31,62160.49,19702.22371,61821.48428571429,62501.28680000001,61063.87191919192,50.88898683845533,394.37757461942965,685.8062713329319,-291.4286967135023,21524.792138,-0.0462377706198439
2024-10-09 00:00:00,1728432000000,62160.5,62543.75,60301.0,60636.02,20011.15684,61819.59,62527.0064,61048.72595959596,44.61375686555847,224.64706161067443,593.5744293884804,-368.927367777806,20808.723676,-0.0780589007593893
2024-10-10 00:00:00,1728518400000,60636.01,61321.68,58946.0,60326.39,23967.92481,61758.68714285714,62574.782,61049.915959595965,43.44203420538529,64.40740541736886,487.7410245942581,-423.3336191768893,20733.8010195,-0.0839929849069209
2024-10-11 00:00:00,1728604800000,60326.4,63417.56,60087.64,62540.0,23641.35209,61823.54428571429,62747.822400000005,61105.370404040405,52.95493311636265,114.7138012155774,413.135579918522,-298.4217787029446,21497.10132,-0.0466755515570329
2024-10-12 00:00:00,1728691200000,62539.99,63480.0,62487.23,63206.22,10911.30116,61987.57571428571,62863.5116,61171.80909090909,55.38703322508099,205.9661192772473,371.7016877902671,-165.73556851301976,21330.556432,-0.0019165422211708
2024-10-13 00:00:00,1728777600000,63206.23,63285.72,62050.0,62870.02,11909.21995,61994.73428571429,62907.912800000006,61218.67666666666,53.873448082750976,248.2935352027489,347.02005727276344,-98.72652207001454,20722.114786,0.0339480884876404
2024-10-14 00:00:00,1728864000000,62870.02,66500.0,62457.81,66083.99,37669.95222,62546.16142857143,63033.3528,61321.971414141415,64.00124577707669,535.011555825833,384.6183569833773,150.39319884245572,21446.3600175,0.0896088131631571
2024-10-15 00:00:00,1728950400000,66084.0,67950.0,64800.01,67074.14,43683.95423,63248.11142857144,63188.2764,61426.61303030304,66.44556442403191,832.5375086692657,474.202187320555,358.33532134871064,22739.902145,0.1040518192521782
2024-10-16 00:00:00,1729036800000,67074.14,68424.0,66750.49,67620.01,29938.25544,64245.82428571429,63359.1184,61523.2797979798,67.74582157716304,1099.699465926431,599.3016430417302,500.3978228847008,22818.1496205,0.0891345875076505
2024-10-17 00:00:00,1729123200000,67620.0,67939.4,66666.0,67421.78,25328.22861,65259.45142857143,63512.8392,61621.21848484849,66.73448786799537,1280.668982684307,735.5751109702455,545.0938717140612,22982.1208075,0.0864317251603339
2024-10-18 00:00:00,1729209600000,67421.78,69000.0,67192.36,68428.0,28725.635,66100.59428571428,63716.3596,61733.2195959596,69.24432467725815,1488.1279603984876,886.085680855894,602.0422795425936,23962.0408995,0.0892724933862527
2024-10-19 00:00:00,1729296000000,68427.99,68693.26,68010.0,68378.0,8193.66737,66839.42,63880.9716,61839.168080808086,68.96587465216786,1629.7197183181706,1034.8124883483497,594.9072299698212,23954.8372125,0.0989007456929802
2024-10-20 00:00:00,1729382400000,68377.99,69400.0,68100.0,69031.99,12442.47378,67719.70142857142,64116.1708,61938.4405050505,70.62951694874207,1774.251269755885,1182.7002446298566,591.5510251260284,23076.4065255,0.1105444953860563
2024-10-21 00:00:00,1729468800000,69032.0,69519.52,66840.67,67377.5,31374.42184,67904.48857142856,64204.31119999999,62004.901010101,61.62871368935106,1735.2867443038776,1293.2175445646608,442.06919973921686,22461.5535635,0.1111794606572134
2024-10-22 00:00:00,1729555200000,67377.5,67836.01,66571.42,67426.0,24598.96268,67954.75428571428,64270.5532,62032.19252525252,61.7824654068111,1688.8525805531244,1372.3445517623536,316.5080287907708,22114.7666385,0.1176866376390166
2024-10-23 00:00:00,1729641600000,67426.01,67472.83,65260.0,66668.65,25530.2407,67818.84571428572,64302.9792,62048.60323232323,57.88216583598109,1572.8109698589103,1412.437835381665,160.37313447724546,22080.206937500003,0.0660161496642148
2024-10-24 00:00:00,1729728000000,66668.65,68850.0,66510.0,68198.28,22589.83877,67929.77428571429,64406.83,62090.12131313132,62.96719847052679,1585.993172649949,1447.148902835322,138.84426981462684,22144.965879,0.078980518056609
2024-10-25 00:00:00,1729814400000,68198.27,68771.49,65596.29,66698.33,34479.71125,67682.67857142857,64541.6596,62117.4991919192,55.84684678959078,1458.5929819859448,1449.4377186654467,9.15526332049808,23478.578371,0.0608924571679794
2024-10-26 00:00:00,1729900800000,66698.32,67454.55,66439.9,67092.76,11842.9077,67499.07285714286,64793.1388,62121.8705050505,57.21689917119466,1373.6203769701533,1434.274250326388,-60.653873356234726,23625.3806675,0.0152649681110355
2024-10-27 00:00:00,1729987200000,67092.76,68332.05,66913.73,68021.7,8653.19592,67354.74571428572,65088.0356,62130.77696969697,60.33829759650367,1365.496080995159,1420.5186164601423,-55.02253546498332,22759.7312035,0.0141270540330444
2024-10-28 00:00:00,1730073600000,68021.69,70270.0,67618.0,69962.21,29046.75459,67723.99,65456.41560000001,62148.92717171717,65.93019839117326,1498.368201459249,1436.0885334599636,62.27966799928504,23226.9577475,0.0346376760370195
2024-10-29 00:00:00,1730160000000,69962.21,73620.12,69760.0,72736.42,50128.60594,68482.62142857142,65882.4324,62201.49696969697,72.00666227912653,1806.699370467192,1510.2107008614094,296.488669605782,24732.8302025,0.0788267530166066
2024-10-30 00:00:00,1730246400000,72736.41,72961.0,71436.0,72344.74,26885.99056,69293.49142857143,66293.902,62266.23161616161,70.10553850495307,1996.435079855553,1607.4555766602384,388.9795031953149,24878.73349,0.0572388495937337
2024-10-31 00:00:00,1730332800000,72344.75,72700.0,69685.76,70292.01,29352.10297,69592.59571428572,66592.786,62315.88828282829,61.01372772282686,1958.5864751899644,1677.6817563661837,280.90471882378074,25164.271034,0.0279916054871449
2024-11-01 00:00:00,1730419200000,70292.01,71632.95,68820.14,69496.01,38301.86755,69992.26428571428,66883.6664,62353.22222222222,57.87910150720341,1843.1143607062256,1710.768277234192,132.3460834720338,26533.7993535,0.006721811148715
2024-11-02 00:00:00,1730505600000,69496.0,69914.37,69000.14,69374.74,10521.67243,70318.26142857142,67172.2364,62368.03787878788,57.39530849695694,1721.966642968735,1713.0079503811007,8.958692587634232,26464.4219775,0.0296425364550481
2024-11-03 00:00:00,1730592000000,69374.74,69391.0,67478.73,68775.99,24995.70243,70426.01714285715,67497.8352,62376.921616161606,54.95297024034308,1559.6632556477125,1682.3390114344234,-122.67575578671084,25830.709488,0.0200218016788775
2024-11-04 00:00:00,1730678400000,68775.99,69500.0,66835.0,67850.01,29800.39187,70124.27428571429,67798.78,62372.88252525253,51.316131140121634,1340.8611914429348,1614.043447436126,-273.1822559931911,25136.53137,0.0177198728337832
2024-11-05 00:00:00,1730764800000,67850.01,70577.91,67476.63,69372.01,33355.06888,69643.64428571428,68072.0604,62399.01707070707,56.42124533293265,1275.5677087589283,1546.3482997006863,-270.7805909417582,25307.372042,0.0172105513511484
2024-11-06 00:00:00,1730851200000,69372.01,76400.0,69298.0,75571.99,104126.994787,70104.68000000001,68566.6912,62493.804848484855,70.1520330252864,1704.4607612571126,1577.9707920119718,126.48996924514086,29247.310350850003,0.1330417118389621
2024-11-07 00:00:00,1730937600000,75571.99,76849.99,74416.0,75857.89,44869.422345,70899.80571428571,69086.20599999999,62607.238080808085,70.611867133031,2043.870864937955,1671.1508065971686,372.7200583407864,30054.4997181,0.130641964945249
2024-11-08 00:00:00,1731024000000,75857.89,77199.99,75555.0,76509.78,36521.099583,71901.77285714286,69503.2376,62719.92252525253,71.68308357987347,2338.501107252712,1804.6208667282776,533.8802405244346,31470.87132875,0.1247848848235195
2024-11-09 00:00:00,1731110400000,76509.78,76900.0,75714.66,76677.46,16942.07915,72945.01857142858,69887.3704,62873.24707070707,71.96614436019908,2556.0633642542816,1954.9093662334783,601.1539980208031,31695.851597249995,0.0959839604838097
2024-11-10 00:00:00,1731196800000,76677.46,81500.0,76492.0,80370.01,61830.100435,74601.30714285714,70397.3704,63071.954343434336,77.33837442590392,2991.95158994777,2162.317810976337,829.633778971433,33218.635527,0.1049486625819637
2024-11-11 00:00:00,1731283200000,80370.01,89530.54,80216.01,88647.99,82323.665776,77572.44714285714,71246.4188,63379.90373737374,84.50648164594104,3959.714825577146,2521.797213896499,1437.917611680647,36104.8706818,0.2253550154441082
2024-11-12 00:00:00,1731369600000,88648.0,89940.0,85072.0,87952.01,97299.887911,80226.73285714285,72027.3792,63722.66333333333,82.15361569177448,4617.289157473948,2940.895602611989,1676.3935548619588,39693.35304235,0.2512376584479516
2024-11-13 00:00:00,1731456000000,87952.0,93265.64,86127.99,90375.2,86763.854127,82341.47714285715,72907.2672,64069.66525252526,83.8405885517947,5273.166948476006,3407.3498717847924,1865.8170766912133,42902.0538102,0.3004372481240289
2024-11-14 00:00:00,1731542400000,90375.21,91790.0,86668.21,87325.59,56729.51086,83979.72,73639.01120000001,64394.831212121215,74.31919784519545,5483.664511814088,3822.612799790652,1661.0517120234358,44014.5437907,0.2587519607280688
2024-11-15 00:00:00,1731628800000,87325.59,91850.0,87073.38,91032.07,47927.95068,86054.33285714286,74585.194,64691.256262626266,77.64251012545365,5881.765970135195,4234.44343385956,1647.3225362756348,45818.7959397,0.3236024665003005
2024-11-16 00:00:00,1731715200000,91032.08,91779.66,90056.17,90586.92,22717.87689,88041.39857142858,75511.6308,64991.750505050506,76.36435763593364,6091.129608761316,4605.780668839911,1485.348939921404,46522.0299882,0.3351054775084043
2024-11-17 00:00:00,1731801600000,90587.98,91449.99,88722.0,89855.99,23867.55609,89396.53857142858,76439.1244,65283.99777777778,74.2042955102854,6127.43856086141,4910.112247244211,1217.326313617199,46263.0700632,0.2952773027623101
2024-11-18 00:00:00,1731888000000,89855.98,92594.0,89376.9,90464.08,46545.03448,89655.98,77329.7564,65604.71989898989,74.8418696016587,6134.5659898758895,5155.002995770547,979.562994105342,46083.8914902,0.1970583280921938
2024-11-19 00:00:00,1731974400000,90464.07,93905.51,90357.0,92310.79,43660.04682,90278.66285714286,78354.25480000001,65937.69111111111,76.72342843760717,6217.55647141287,5367.5136908990125,850.0427805138579,46922.5943032,0.2168910841047648
2024-11-20 00:00:00,1732060800000,92310.8,94831.97,91500.0,94286.56,42203.198712,90837.42857142857,79442.0068,66278.08919191919,78.57006982416993,6369.333441603798,5567.87764103997,801.4558005638282,47565.1490903,0.2323465052441662
2024-11-21 00:00:00,1732147200000,94286.56,98988.0,94040.0,98317.12,69228.360477,92407.64714285715,80653.8236,66678.42989898991,81.75076407967939,6737.1881795983645,5801.739748751649,935.4484308467154,49111.473736650005,0.2822167035788612
2024-11-22 00:00:00,1732233600000,98317.12,99588.01,97122.11,98892.0,46189.309243,93530.49428571427,81811.0152,67096.11616161616,82.15753739620286,6994.475758601533,6040.286950721626,954.1888078799066,50894.8555773,0.2304589734404662
2024-11-23 00:00:00,1732320000000,98892.0,98908.85,97136.0,97672.4,24757.84367,94542.70571428572,82808.45439999999,67488.01313131313,78.17638978359557,7019.055192195447,6236.040599016391,783.0145931790557,50882.9626393,0.1018005033165443
2024-11-24 00:00:00,1732406400000,97672.4,98564.0,95734.77,97900.04,31200.97838,95691.85571428572,83830.6664,67875.97323232323,78.38690988776611,6976.482666467651,6384.129012506643,592.3536539610077,50952.9919648,0.1131074775891989
2024-11-25 00:00:00,1732492800000,97900.05,98871.8,92600.19,93010.01,50847.45096,96055.56,84739.3864,68225.29303030303,64.0856202615538,6473.536184299519,6402.010446865219,71.52573743430003,51827.6110688,0.0291541263532473
2024-11-26 00:00:00,1732579200000,93010.01,94973.37,90791.1,91965.16,57858.73138,96006.18428571428,85638.1524,68553.84515151515,61.50360196412601,5922.367445457829,6306.081846583742,-383.71440112591335,49514.19789845,0.0531295580138651
2024-11-27 00:00:00,1732665600000,91965.16,97208.21,91792.14,95863.11,41153.42734,96231.4057142857,86697.6872,68926.0604040404,66.86685603812842,5733.99629741424,6191.664736749843,-457.6684393356026,49328.3981482,0.0530696489709614
2024-11-28 00:00:00,1732752000000,95863.11,96564.0,94640.0,95643.98,28814.54357,95849.52857142856,87772.40680000001,69274.42353535353,66.30758574825093,5503.586921626091,6054.049173725093,-550.4622520990024,48943.07034755,0.0558254988689315
2024-11-29 00:00:00,1732838400000,95643.99,98619.99,95364.99,97460.0,27701.78231,95644.95714285714,88956.8064,69649.011010101,68.64793397380011,5405.215508440218,5924.282440668118,-519.0669322279,49481.05550555,0.0846244084562419
2024-11-30 00:00:00,1732924800000,97460.0,97463.95,96092.01,96407.99,14503.83306,95464.32714285716,90038.24560000001,69975.98828282829,65.79667779021625,5182.624965249677,5775.950945584431,-593.3259803347537,47114.7421368,0.0657046421076741
2024-12-01 00:00:00,1733011200000,96407.99,97836.0,95693.88,97185.18,16938.60452,95362.20428571428,90902.7732,70309.60616161618,66.89076010679469,5011.167474542002,5622.994251375945,-611.8267768339429,43845.489074,0.0528041196484181
2024-12-02 00:00:00,1733097600000,97185.17,98130.0,94395.0,95840.62,37958.66981,95766.57714285712,91702.08239999998,70629.00636363636,63.12853248901446,4712.469013451453,5440.889203791047,-728.4201903395942,40878.428168950006,0.0164823067041579
2024-12-03 00:00:00,1733184000000,95840.61,96305.52,93578.17,95849.69,35827.32283,96321.51,92475.6788,70962.49818181818,63.14359175240622,4425.466184808407,5237.804599994519,-812.3384151861119,38331.6016041,-0.0250966464436711
2024-12-04 00:00:00,1733270400000,95849.69,99000.0,94587.83,98587.32,43850.53728,96710.68285714283,93352.0732,71358.17818181819,67.46316426223814,4368.560194449237,5063.955718885462,-695.3955244362251,37687.6529251,-0.0030809367795169
2024-12-05 00:00:00,1733356800000,98587.32,104088.0,90500.0,96945.63,109921.729662,96896.63285714285,94015.09799999998,71741.11484848485,62.716275011066166,4143.230541667013,4879.810683441773,-736.5801417747598,40787.3418742,-0.0074408942546716
2024-12-06 00:00:00,1733443200000,96945.63,101898.99,95981.72,99740.84,45049.5331,97222.46714285716,94458.812,72149.01212121213,66.97685562792802,4142.453628043673,4732.339272362154,-589.8856443184804,41903.9246847,0.0188028523788141
2024-12-07 00:00:00,1733529600000,99740.84,100439.18,98844.0,99831.99,14931.9459,97711.61,94934.0112,72560.20404040405,67.10885001525887,4101.908711352531,4606.2531601602295,-504.3444488076984,41457.1441752,0.0733467290241127
2024-12-08 00:00:00,1733616000000,99831.99,101351.0,98657.7,101109.59,14612.99688,98272.24,95363.3868,72985.81616161617,68.98037853090696,4125.31416167882,4510.065360463947,-384.7511987851276,39860.5422952,0.0994336333454972
2024-12-09 00:00:00,1733702400000,101109.6,101215.93,94150.05,97276.47,53949.11595,98477.36142857144,95761.422,73389.6001010101,58.267921086913546,3790.863683596253,4366.225025090409,-575.3613414941556,40374.9957517,0.0147435233428165
2024-12-10 00:00:00,1733788800000,97276.48,98270.0,94256.54,96593.0,51708.68933,98583.54857142856,95983.8592,73767.99272727272,56.58065630528366,3431.107284145852,4179.201476901498,-748.094192755646,40850.2702826,0.0099224227180843
2024-12-11 00:00:00,1733875200000,96593.0,101888.0,95658.24,101125.0,37753.78291,98946.07428571428,96405.3824,74208.77323232323,64.0205022497065,3471.672985042009,4037.6957785296,-566.0227934875916,39276.54140425,0.0376051713523497
2024-12-12 00:00:00,1733961600000,101125.0,102540.0,99311.64,100004.29,29232.08745,99383.02571428572,96811.3144,74633.35292929293,61.226614438317526,3374.490636911738,3905.054750206028,-530.5641132942901,38428.6803146,0.0373029247887024
2024-12-13 00:00:00,1734048000000,100004.29,101895.26,99205.0,101424.25,21904.03923,99623.51285714284,97249.7212,75090.36555555555,63.40568387025699,3373.168049209533,3798.677410006729,-425.5093607971962,38285.9900926,0.0436184817479372
2024-12-14 00:00:00,1734134400000,101424.24,102650.0,100609.41,101420.0,14191.70326,99850.37142857142,97614.0896,75569.7294949495,63.39420010321541,3333.352140904856,3705.612356186354,-372.2602152814993,37435.5263366,0.0582151910119113
2024-12-15 00:00:00,1734220800000,101420.0,105250.0,101237.14,104463.99,22228.921775,100329.57142857143,98021.1868,76077.84191919191,67.88118557780547,3506.9958350717934,3665.8890519634415,-158.893216891649,36004.59987735,0.0898730084573042
2024-12-16 00:00:00,1734307200000,104463.99,107793.07,103333.0,106058.66,41302.40274,101584.17,98330.8484,76594.8995959596,69.95866296832092,3730.285842352752,3678.768410041304,51.5174323114461,35176.78344535,0.0757839852021537
2024-12-17 00:00:00,1734393600000,106058.65,108353.0,105321.49,106133.74,29064.936466,102947.13285714286,98620.518,77090.77575757577,70.05686313355736,3868.707063528971,3716.756140738838,151.95092279013306,34572.35890165,0.0947759068665601
2024-12-18 00:00:00,1734480000000,106133.74,106524.98,100000.0,100204.01,50307.99755,102815.56285714288,98721.7824,77520.75575757577,54.816382290723226,3460.042013868995,3665.4133153648695,-205.3713014958744,35647.03160065001,0.0046437347028558
2024-12-19 00:00:00,1734566400000,100204.01,102800.11,95700.0,97461.86,55147.398,102452.35857142856,98704.2552,77926.04727272727,49.45809117759175,2881.685157139742,3508.667683719844,-626.9825265801019,37019.31238515,-0.0237411875692351
2024-12-20 00:00:00,1734652800000,97461.86,98233.0,92232.54,97805.44,62884.1357,101935.3857142857,98896.0724,78326.78585858586,50.11604911246612,2423.1249399627995,3291.559134968435,-868.4341950056355,39438.32751715,-0.0326788982133148
2024-12-21 00:00:00,1734739200000,97805.44,99540.61,96398.39,97291.99,23483.54143,101345.67,99109.1456,78698.44232323232,49.08762215935538,1995.2811807505204,3032.3035441248526,-1037.022363374332,39765.57436265,0.0001595452631042
2024-12-22 00:00:00,1734825600000,97292.0,97448.08,94250.35,95186.27,19353.83036,100020.28142857144,99082.072,79053.92959595959,45.00840010704543,1469.3600454046973,2719.714844380821,-1250.354798976124,38835.33239015,-0.0145634776847183
2024-12-23 00:00:00,1734912000000,95186.28,96538.92,92520.0,94881.47,32810.76703,98423.54,99051.5716,79415.03535353535,44.43281675866162,1016.2541981063696,2379.022715125931,-1362.7685170195614,38684.50460015,-0.061740716934487
2024-12-24 00:00:00,1734998400000,94881.47,99487.99,93569.02,98663.58,23674.22488,97356.37428571428,99099.7148,79823.61707070707,52.542810790270266,951.382275600772,2093.494627220899,-1142.112351620127,37675.68898015,-0.0134065248600834
2024-12-25 00:00:00,1735084800000,98663.58,99569.15,97632.02,99429.6,14474.1651,97245.74428571427,99220.5792,80218.72424242424,54.00695858539245,950.8217405824108,1864.9600498932016,-914.1383093107908,32903.310752050005,-0.0196664012797728
2024-12-26 00:00:00,1735171200000,99429.61,99963.7,95199.14,95791.6,21192.36727,97007.1357142857,99164.836,80562.47787878787,46.64643610992101,649.3361733676429,1621.83527458809,-972.4991012204472,31710.45246055,-0.055495957404851
2024-12-27 00:00:00,1735257600000,95791.6,97544.58,93500.01,94299.03,26501.26429,96506.22,99103.1724,80879.15505050504,43.99708496979554,286.664276850468,1354.8010750405656,-1068.1367981900976,32288.91838005,-0.0973058754504783
2024-12-28 00:00:00,1735344000000,94299.03,95733.99,94135.66,95300.0,8385.8929,96221.65,99081.1848,81203.38686868687,46.20378749241329,79.10225790567347,1099.6613116135873,-1020.5590537079138,31977.56318105,-0.1014406555768289
2024-12-29 00:00:00,1735430400000,95300.0,95340.0,93009.52,93738.2,13576.00578,96014.78285714288,98887.22,81510.34888888888,43.33461200929813,-209.0070419275144,837.927640905367,-1046.9346828328812,29958.90767255,-0.1167917007353176
2024-12-30 00:00:00,1735516800000,93738.19,95024.5,91530.45,92792.05,27619.4225,95716.29428571428,98721.0768,81805.43262626263,41.64733642106833,-507.82820798567263,568.7764711271591,-1076.6046791128315,28754.44433105,-0.073968696462347
2024-12-31 00:00:00,1735603200000,92792.05,96250.0,92033.73,93576.0,19612.03389,94989.49714285714,98474.4832,82110.84686868687,43.60659816293697,-673.6228171994735,320.29661346183264,-993.919430661306,27847.35688005,-0.0398705709084559
2025-01-01 00:00:00,1735689600000,93576.0,95151.15,92888.0,94591.79,10373.32613,94298.38142857145,98264.8752,82417.20131313131,46.13051393557853,-714.8105843362282,113.2751739022205,-828.0857582384488,26904.418814050005,-0.032857579292113
2025-01-02 00:00:00,1735776000000,94591.78,97839.5,94392.0,96984.79,21970.48948,94468.83714285716,98099.8832,82758.94656565656,51.62345411464546,-548.0396260036359,-18.98778607895079,-529.0518399246852,26907.74132655,-0.0031575055664913
2025-01-03 00:00:00,1735862400000,96984.79,98976.91,96100.01,98174.18,15253.82936,95022.43,98135.7916,83092.28181818181,54.12716340407241,-316.25303897949925,-78.4408366590605,-237.8122023204388,26960.84763155,0.0313901364135813
2025-01-04 00:00:00,1735948800000,98174.17,98778.43,97514.79,98220.5,8990.05651,95439.64428571428,98200.8916,83420.06515151515,54.22651890966525,-127.35479514031611,-88.22362835531163,-39.131166785004496,26298.9043683,0.0351915922044629
2025-01-05 00:00:00,1736035200000,98220.51,98836.85,97276.79,98363.61,8095.63723,96100.41714285711,98090.436,83748.40464646465,54.554023877448216,33.50992348174623,-63.87691798790007,97.3868414696463,24638.5660928,-0.0030403315995628
2025-01-06 00:00:00,1736121600000,98363.61,102480.0,97920.0,102235.6,25263.43375,97449.49571428572,98179.6884,84118.4409090909,62.39392949942777,468.0383506245853,42.506135734597,425.53221488998827,24448.490957,0.0282209724267219
2025-01-07 00:00:00,1736208000000,102235.6,102724.38,96181.81,96954.61,32059.87537,97932.15428571428,98000.9028,84458.10777777778,49.7803315287692,381.8715245897911,110.37921350563582,271.4923110841553,23536.084848,0.012141043682327
2025-01-08 00:00:00,1736294400000,96954.6,97268.65,92500.9,95060.61,33704.67894,97999.12857142858,97746.5272,84804.11616161616,46.174941034904975,158.92177171818912,120.08772514814648,38.83404657004263,22463.948895,0.0080762230534079
2025-01-09 00:00:00,1736380800000,95060.61,95382.32,91203.67,92552.49,34544.83685,97365.94285714289,97270.0672,85126.37080808081,41.85214029450539,-217.64298362814588,52.54158339288802,-270.1845670210339,21046.9839525,-0.0288301154249737
2025-01-10 00:00:00,1736467200000,92552.49,95836.0,92206.02,94726.11,31482.86424,96873.36142857144,96816.7652,85469.53646464646,46.524474723209465,-336.7979003966029,-25.32631336501017,-311.4715870315928,21446.950093,0.0105390331796428
2025-01-11 00:00:00,1736553600000,94726.1,95050.94,93831.73,94599.99,7047.9043,96356.14571428573,96355.4152,85797.9606060606,46.29204504682569,-436.37559415654687,-107.53616952331753,-328.8394246332293,20831.65379,0.0194837812075496
2025-01-12 00:00:00,1736640000000,94599.99,95450.1,93711.19,94545.06,8606.86622,95810.63857142856,96129.0572,86126.11272727273,46.183824353455016,-513.8012448897643,-188.7891845966069,-325.01206029315745,19621.4587495,0.0103558604770452
2025-01-13 00:00:00,1736726400000,94545.07,95940.0,89256.69,94536.1,42619.56423,94710.71,96012.02680000002,86446.47828282828,46.164866087161776,-569.3218402518105,-264.89571572764766,-304.42612452416284,20568.725717,-0.0005887403124519
2025-01-14 00:00:00,1736812800000,94536.11,97371.0,94346.22,96560.86,27846.61753,94654.46,95962.24360000002,86793.31525252527,51.054452682072295,-444.8135677832906,-300.87928613877625,-143.9342816445144,21237.3483385,-0.0043710977772906
2025-01-15 00:00:00,1736899200000,96560.85,100681.94,96500.0,100497.35,30509.99179,95431.13714285714,96090.458,87180.55626262627,58.87493025712382,-28.17325667224941,-246.33808024547088,218.16482357322147,21703.2295645,0.0236637576193661
2025-01-16 00:00:00,1736985600000,100497.35,100866.66,97335.13,99987.3,27832.85317,96493.25285714286,96282.4992,87578.04393939393,57.590937665068665,257.8876509694237,-145.49293400249198,403.3805849719157,21769.8090085,0.0179880982076043
2025-01-17 00:00:00,1737072000000,99987.3,105865.22,99950.77,104077.48,39171.85292,97829.16285714286,96650.3396,88019.97414141413,64.31240049345153,805.3527193385962,44.67619666572568,760.6765226728705,23309.1070095,0.0580892669555335
2025-01-18 00:00:00,1737158400000,104077.47,104988.88,102277.55,104556.23,24307.82998,99251.48285714284,96886.0456,88444.3805050505,65.01140927335399,1263.2914171282464,288.39924075822984,974.8921763700166,23845.6982195,0.0226988446294635
2025-01-19 00:00:00,1737244800000,104556.23,106422.43,99651.6,101331.57,43397.28298,100220.98428571432,96962.12440000002,88829.48505050507,56.92381885545727,1350.4409790189677,500.8075884103774,849.6333906085902,24634.5912435,0.0451444237669564
2025-01-20 00:00:00,1737331200000,101331.57,109588.0,99550.0,102260.01,89529.231732,101324.4,97220.8608,89227.36373737373,58.52368741306342,1477.39449925792,696.1249705798859,781.269528678034,28130.451135600004,0.0757348390674117
2025-01-21 00:00:00,1737417600000,102260.0,107240.81,100119.04,106143.82,45941.02002,102693.39428571428,97694.6524,89632.00848484848,64.46863249850298,1869.8427045817955,930.8685173802678,938.9741872015276,29908.8358301,0.1468499658950288
2025-01-22 00:00:00,1737504000000,106143.82,106394.46,103339.12,103706.66,22248.69254,103151.86714285715,98030.9188,90002.03393939395,58.77545818575378,1961.5902990140887,1137.0128737070322,824.5774253070572,29922.7459831,0.0948054343200623
2025-01-23 00:00:00,1737590400000,103706.66,106850.0,101262.28,103910.34,53953.12031,103712.30142857145,98437.8044,90368.60292929296,59.10052511090696,2027.3659892500727,1315.0834968156405,712.2824924344322,31857.7105306,0.0984180865135397
2025-01-24 00:00:00,1737676800000,103910.35,107120.0,102750.0,104870.5,23609.24017,103825.59,98920.9424,90746.87282828282,60.674755472004,2132.3897238879435,1478.5447422301013,653.8449816578423,32588.6697136,0.1092118403647954
2025-01-25 00:00:00,1737763200000,104870.51,105286.52,104106.09,104746.85,9068.32377,103852.82142857143,99367.7764,91113.7298989899,60.35258803297776,2180.508721408929,1618.9375380658669,561.5711833430621,32637.3040406,0.1080090039677963
2025-01-26 00:00:00,1737849600000,104746.86,105500.0,102520.44,102620.0,9812.51238,104036.88285714285,99688.9048,91459.60868686868,54.94810957675936,2023.69644059024,1699.8893185707416,323.8071220194984,31864.7579721,0.0627494411296667
2025-01-27 00:00:00,1737936000000,102620.01,103260.0,97777.77,102082.83,50758.1341,104011.57142857143,99892.8264,91793.45555555556,53.64158064762824,1834.9245802269725,1726.896370901988,108.02820932498456,32799.6709086,0.0157763363909595
2025-01-28 00:00:00,1738022400000,102082.83,103800.0,100272.68,101335.52,22022.05765,103324.67142857144,100019.28,92136.46585858586,51.79639718280178,1606.5011046691216,1702.8173176554146,-96.31621298629308,32215.5398441,0.0134839124568819
2025-01-29 00:00:00,1738108800000,101335.52,104782.68,101328.01,103733.24,23155.35802,103328.46857142856,100239.7896,92503.20565656564,56.91705468336801,1600.500249406774,1682.353904005687,-81.85365459891273,31646.0659026,-0.003307535885765
2025-01-30 00:00:00,1738195200000,103733.25,106457.44,103278.54,104722.94,19374.07472,103444.55428571429,100494.1628,92887.59242424242,58.85974252647252,1656.5098328974273,1677.185089784035,-20.67525688660772,31040.6264266,0.0015944530517215
2025-01-31 00:00:00,1738281600000,104722.94,106012.0,101560.0,102429.56,21983.18193,103095.84857142856,100501.9212,93233.36292929293,52.90637398503217,1498.5666879639466,1641.4614094200174,-142.89472145607078,31787.390308100003,0.0108356161855578
2025-02-01 00:00:00,1738368000000,102429.56,102783.71,100279.51,100635.65,12290.95747,102508.53428571428,100649.1628,93576.16414141416,48.752523821020375,1214.6404440649058,1556.097216348995,-341.4567722840893,31971.5948706,-0.0158846063089569
2025-02-02 00:00:00,1738454400000,100635.66,101456.6,96150.0,97700.59,34619.49939,101805.76142857144,100754.762,93885.33414141416,42.8277820140953,744.2132108782971,1393.7204152548557,-649.5072043765585,31571.5916286,-0.0795451868983047
2025-02-03 00:00:00,1738540800000,97700.59,102500.01,91231.0,101328.52,75164.7385,101698.00285714284,101105.8032,94221.76666666668,50.78870966248813,656.5713249243709,1246.2905971887587,-589.7192722643879,33937.4976771,-0.0229314105767171
2025-02-04 00:00:00,1738627200000,101328.51,101732.31,96150.0,97763.13,40267.98697,101187.66142857145,101227.284,94502.58404040404,44.26529709463348,296.0051598616119,1056.2335097233297,-760.2283498617176,34425.3974361,-0.0591587901646746
2025-02-05 00:00:00,1738713600000,97763.14,99149.0,96155.0,96612.43,26233.30444,100170.40285714284,101307.7816,94743.75585858586,42.373636747299706,-81.65670917459647,828.6554659437444,-910.3121751183407,34345.419999599995,-0.0787454050471773
2025-02-06 00:00:00,1738800000000,96612.44,99120.0,95676.64,96554.35,23515.20405,99003.46142857142,101388.1532,94988.29737373735,42.27543549073621,-381.2482395115076,586.6747248526941,-967.9229643642016,33562.5875561,-0.078212375837555
2025-02-07 00:00:00,1738886400000,96554.35,100137.99,95620.34,96506.8,31794.22065,98157.35285714285,101466.9812,95253.09323232324,42.18923067879199,-615.4194015759131,346.2558995669727,-961.6753011428856,33936.907089600005,-0.0595712336776456
2025-02-08 00:00:00,1738972800000,96506.8,96880.0,95688.0,96444.74,10147.24294,97558.65142857144,101462.3364,95525.30262626264,42.06865824905622,-796.8241649987176,117.63988665383462,-914.4640516525524,32274.4050876,-0.0552305417081403
2025-02-09 00:00:00,1739059200000,96444.75,97323.09,94713.0,96462.75,14120.91613,97381.81714285714,101300.9524,95798.91888888887,42.12035448159951,-928.4330917260086,-91.57470902213404,-836.8583827038746,28503.9893075,-0.0480855084179763
2025-02-10 00:00:00,1739145600000,96462.75,98345.0,95256.0,97430.82,20572.87537,96825.00285714286,101198.6932,96088.3616161616,44.963342874688784,-943.740107347374,-262.007788687182,-681.7323186601918,27235.582075,-0.060756031528563
2025-02-11 00:00:00,1739232000000,97430.82,98478.42,94876.88,95778.2,18647.76379,96541.44142857144,100866.722,96370.46454545455,41.23932546235462,-1076.8108448587443,-424.96839992149455,-651.84244493725,27055.535637500005,-0.085413377431917
2025-02-12 00:00:00,1739318400000,95778.21,98119.99,94088.23,97869.99,29151.16625,96721.09285714288,100599.2724,96658.32292929292,47.200263747776106,-1001.9307577823638,-540.3608714936685,-461.5698862886953,25815.4379345,-0.0445142007834455
2025-02-13 00:00:00,1739404800000,97870.0,98083.91,95217.36,96608.14,19921.77616,96728.77714285716,100410.33520000002,96870.80929292928,44.28196927782662,-1032.506407420151,-638.789978678965,-393.716428741186,25631.064734000003,-0.0400207083672634
2025-02-14 00:00:00,1739491200000,96608.13,98826.0,96252.82,97500.48,18173.02646,96870.73142857142,100219.954,97089.4213131313,46.7875326733278,-973.5114160261728,-705.7342661484066,-267.7771498777662,26086.2998685,-0.0020481964336142
2025-02-15 00:00:00,1739577600000,97500.47,97972.26,97223.58,97569.66,7349.37683,97031.43428571428,99876.98760000002,97302.14737373736,46.98656812412493,-910.6774892528192,-746.7229107692892,-163.95457848353,25963.143091,-0.037095775207217
2025-02-16 00:00:00,1739664000000,97569.67,97704.47,96046.18,96118.12,8191.4249,96982.20142857144,99573.446,97498.51767676767,43.32483186831066,-966.8629028719588,-790.7509091898232,-176.11199368213556,23834.807631,-0.0168264866315144
2025-02-17 00:00:00,1739750400000,96118.12,97046.59,95205.0,95780.0,16492.0451,96746.37,99248.2324,97654.17414141411,42.49408567616671,-1026.8369687801314,-837.9681211078849,-188.8688476722465,23558.3070035,-0.0086161790982794
2025-02-18 00:00:00,1739836800000,95780.01,96753.91,93388.09,95671.74,23368.19471,96731.16142857145,98880.282,97725.12111111112,42.2149728249866,-1070.7594766138209,-884.5263922090721,-186.23308440474875,23568.948838,-0.0091410692527058
2025-02-19 00:00:00,1739923200000,95671.74,96899.99,95029.99,96644.37,16438.50954,96556.07285714286,98556.1828,97812.92272727271,45.667785909752936,-1015.380592704445,-910.6972323081468,-104.6833603962982,23422.170579,0.001425495405505
2025-02-20 00:00:00,1740009600000,96644.37,98711.36,96415.09,98305.0,17057.39177,96798.48142857142,98383.58280000002,97893.02171717172,51.046198013872896,-827.9493806078826,-894.1476619680941,66.19828136021147,23175.881071,0.019288351028786
2025-02-21 00:00:00,1740096000000,98305.01,99475.0,94871.95,96181.98,32249.2814,96610.12428571428,98147.5488,97982.48020202022,44.92358303804733,-841.0239650837029,-883.5229225912159,42.49895750751296,24173.7972675,-0.0029106572226067
2025-02-22 00:00:00,1740182400000,96181.99,96980.0,95770.49,96551.01,11268.17708,96464.60285714285,97956.1684,98038.22707070709,46.1330341920512,-812.2449761108146,-869.2673332951357,57.022357184321095,23006.231152,-0.0090300995106067
2025-02-23 00:00:00,1740268800000,96551.01,96650.0,95227.94,96258.0,10884.84913,96484.58571428571,97657.1588,98095.51070707072,45.28275615896672,-803.8149992675462,-856.1768664896179,52.36186722207162,19792.2366835,0.0050094906774194
2025-02-24 00:00:00,1740355200000,96258.0,96500.0,91349.26,91552.88,31550.10299,95880.71142857142,97130.3564,98112.651010101,34.33817598231752,-1163.3872396408551,-917.6189411198654,-245.76829852098967,19356.3424845,-0.0645459348672662
2025-02-25 00:00:00,1740441600000,91552.88,92540.69,86050.99,88680.4,78333.11111,94881.94857142855,96580.39,98094.63404040404,29.62984834945184,-1660.9891118462692,-1066.2929752651462,-594.696136581123,21961.332818000003,-0.0820607870102871
2025-02-26 00:00:00,1740528000000,88680.39,89414.15,82256.01,84250.09,56893.54409,93111.33714285714,95924.9676,98013.21282828283,24.133527825085324,-2385.334520419216,-1330.10128429596,-1055.2332361232554,23630.24982,-0.1359007668475068
2025-02-27 00:00:00,1740614400000,84250.09,87078.46,82716.49,84708.58,42505.45439,91168.99142857142,95405.2872,97916.46555555557,25.670216621112232,-2889.0836066752963,-1641.8977487718275,-1247.1858579034688,24165.811507,-0.1318143365468322
2025-02-28 00:00:00,1740700800000,84708.57,85120.0,78258.52,84349.94,83648.03969,89478.7,94726.144,97775.38292929291,25.23955977813073,-3279.4442456887336,-1969.407048155209,-1310.0371975335247,27840.8513445,-0.1224345628066798
2025-03-01 00:00:00,1740787200000,84349.95,86558.0,83824.78,86064.53,25785.05464,87980.63142857142,94258.2,97645.81252525254,31.183578241119704,-3411.133358925028,-2257.752310309173,-1153.381048615855,28424.05827,-0.1014352683232407
2025-03-02 00:00:00,1740873600000,86064.54,95000.0,85050.6,94270.0,54889.09045,87696.63142857142,94164.5028,97611.44484848484,51.18593384700616,-2820.867868054047,-2370.375421858148,-450.492446195899,30139.869024000003,-0.0146515575027694
2025-03-03 00:00:00,1740960000000,94269.99,94416.46,85117.11,86220.61,59171.10218,86934.87857142856,93751.1532,97493.4708080808,39.16090836562312,-2968.379088960777,-2489.976155278674,-478.4029336821032,32166.0359435,-0.1078568777467325
2025-03-04 00:00:00,1741046400000,86221.16,88967.52,81500.0,87281.98,55609.10706,86735.10428571429,93382.1604,97435.61191919191,41.124969671389486,-2965.4551840989734,-2585.071961042734,-380.3832230562393,33488.932984,-0.1121308173541529
2025-03-05 00:00:00,1741132800000,87281.98,91000.0,86334.53,90606.01,38264.01163,87643.09285714287,93148.61119999998,97421.88313131312,46.90594389594441,-2664.205228049439,-2600.898614444075,-63.30661360536397,34406.04475750001,-0.0579731255272557
2025-03-06 00:00:00,1741219200000,90606.0,92810.64,87836.0,89931.89,34342.44902,88389.28,92887.3768,97361.97181818185,45.92116274828051,-2451.597823987264,-2571.038456352713,119.44063236544936,35214.5158855,-0.0685556784957505
2025-03-07 00:00:00,1741305600000,89931.88,91283.02,84667.03,86801.75,57980.35713,88739.53857142858,92462.214,97272.65636363636,41.55821542110962,-2506.7844125540723,-2558.1876475929853,51.40323503891295,37746.0649005,-0.09823858796152
2025-03-08 00:00:00,1741392000000,86801.74,86897.25,85218.47,86222.45,12989.23054,88762.09857142856,92079.98399999998,97159.14575757577,40.78588798077475,-2567.666390347964,-2560.083396143981,-7.582994203982707,37985.9551825,-0.0582224174706466
2025-03-09 00:00:00,1741478400000,86222.46,86500.0,80000.0,80734.37,26115.39345,86828.43714285713,91394.5592,97000.82636363636,34.28528141389596,-3023.9003457095823,-2652.846786057102,-371.0535596524805,38467.1226,-0.0896030013396421
2025-03-10 00:00:00,1741564800000,80734.48,84123.46,77459.91,78595.86,47633.38405,85739.18714285713,90674.06799999998,96813.05545454544,32.13591635836514,-3517.4815888480807,-2825.773746615298,-691.7078422327827,39680.382067,-0.0671124505623672
2025-03-11 00:00:00,1741651200000,78595.86,83617.4,76606.0,82932.99,48770.06853,85117.90285714286,90091.3684,96682.67535353536,40.309020099604645,-3518.123399411299,-2964.2436771744983,-553.8797222368007,41296.9600165,-0.0209611588342054
2025-03-12 00:00:00,1741737600000,82932.99,84539.85,80607.65,83680.12,31933.986,84128.48999999999,89535.7868,96559.7504040404,41.61350144357122,-3418.9335541327746,-3055.181652566154,-363.7519015666208,42040.789728,-0.0079409659331115
2025-03-13 00:00:00,1741824000000,83680.12,84336.33,79939.9,81115.78,27546.27412,82869.0457142857,88935.69320000001,96383.2702020202,38.50328202012443,-3506.8212416879687,-3145.509570390517,-361.31167129745154,41805.639364,-0.0575004592484267
2025-03-14 00:00:00,1741910400000,81115.78,85309.71,80818.84,83983.2,26858.52755,82466.39571428571,88463.8212,96252.33656565656,43.58114978895691,-3306.9752847390628,-3177.8027132602265,-129.1725714788363,42585.15688750001,-0.109120611010926
2025-03-15 00:00:00,1741996800000,83983.19,84676.28,83618.0,84338.44,11324.7332,82197.25142857143,88010.4892,96096.75676767676,44.19591694876242,-3084.3762553946,-3159.1174216871013,74.74116629250148,42607.151091,-0.0218296994187352
2025-03-16 00:00:00,1742083200000,84338.44,85117.04,81981.12,82574.53,17596.12531,82460.13142857143,87447.69559999999,95922.43898989898,41.76252312108556,-3015.536488752696,-3130.40123510022,114.86474634752447,41909.452207,-0.0539338131421858
2025-03-17 00:00:00,1742169600000,82574.52,84756.83,82456.0,84010.03,17214.74358,83233.58428571429,86875.8968,95749.71616161616,44.44340295364591,-2812.7242899449047,-3066.8658460691577,254.14155612425293,38853.5338305,-0.0727984821315936
2025-03-18 00:00:00,1742256000000,84010.02,84021.74,81134.66,82715.03,17610.89883,83202.44714285714,86337.2188,95602.6309090909,42.540869031107,-2725.076848828321,-2998.5080466209906,273.43119779266954,36889.4015675,-0.0802480632843366
2025-03-19 00:00:00,1742342400000,82715.03,87000.0,82547.16,86845.94,28151.05374,83654.70714285714,85949.016,95504.17575757574,49.90734539461,-2295.82091235432,-2857.9706197676564,562.1497074133363,36171.681535,0.0005090911185545
2025-03-20 00:00:00,1742428800000,86845.93,87453.67,83655.23,84223.39,22090.30463,84098.65142857142,85467.63160000001,95333.4524242424,45.88538445568685,-2142.552347739591,-2714.886965362043,572.3346176224522,33093.794782,-0.0231849129780005
2025-03-21 00:00:00,1742515200000,84223.38,84850.33,83175.25,84088.79,11956.97443,84113.73571428572,85169.06799999998,95172.6897979798,45.68190360820756,-2008.7909099617973,-2573.667754281994,564.8768443201966,32402.3907715,0.0415488471638534
2025-03-22 00:00:00,1742601600000,84088.79,84539.17,83625.1,83840.59,5420.22114,84042.6142857143,84975.4756,94995.07707070708,45.283129459738994,-1900.8992887972847,-2439.1140611850524,538.214772387767,29928.947306,0.0667303595889146
2025-03-23 00:00:00,1742688000000,83840.59,86129.64,83809.75,86082.5,8461.97813,84543.75285714286,85048.772,94840.15282828284,49.56574868077745,-1615.8643230553134,-2274.4641135591046,658.5997905037912,27393.4911035,0.0379765639705018
2025-03-24 00:00:00,1742774400000,86082.5,88765.43,85519.09,87498.16,30115.62111,85042.05714285714,85160.35519999999,94668.78080808082,52.11444564193825,-1261.201779262541,-2071.811646699792,810.6098674372511,26118.816806,0.0456266076100273
2025-03-25 00:00:00,1742860800000,87498.16,88539.63,86310.0,87392.87,22643.25248,85710.31999999999,85282.0724,94480.23747474748,51.90435376593089,-977.3587973250542,-1852.9210768248447,875.5622794997905,25337.7788485,0.0773843264528799
2025-03-26 00:00:00,1742947200000,87392.88,88275.0,85860.0,86909.17,18408.78485,85719.35285714285,85315.85800000001,94286.04989898988,50.88938658906656,-782.4224576609122,-1638.821352992058,856.3988953311459,24541.09564,0.0348399441793121
2025-03-27 00:00:00,1743033600000,86909.17,87756.39,85800.0,87232.01,17098.03897,86149.1557142857,85034.3384,94155.0195959596,51.57008981347136,-595.024442737049,-1430.0619709410564,835.0375282040075,22496.979732,0.0343090291923824
2025-03-28 00:00:00,1743120000000,87232.01,87515.67,83585.0,84424.38,27182.73169,86197.09714285714,84962.4892,94023.32787878788,45.64478334093176,-665.3922151728912,-1277.1280197874237,611.7358046145323,23206.6547895,0.0224021862431431
2025-03-29 00:00:00,1743206400000,84424.38,84624.73,81644.81,82648.54,11696.39864,86026.80428571429,84777.1516,93870.22787878787,42.331735923273726,-854.603293689026,-1192.623074567744,338.01978087871794,22485.705049,-0.0162062791788076
2025-03-30 00:00:00,1743292800000,82648.53,83534.64,81565.0,82389.99,9864.49508,85499.30285714286,84448.5108,93719.70262626265,41.85539994094978,-1013.7315940228872,-1156.844778458773,143.1131844358854,20597.2606005,-0.0039296364880723
2025-03-31 00:00:00,1743379200000,82390.0,83943.08,81278.52,82550.01,20569.13885,84792.42428571428,84153.2356,93592.06363636364,42.2882386048836,-1114.0871387970255,-1148.2932505264232,34.20611172939766,19187.2141165,-0.0494661005454026
2025-04-01 00:00:00,1743465600000,82550.0,85579.46,82432.74,85158.34,20190.39697,84473.20571428571,84087.4992,93493.8502020202,48.95809507305728,-971.945219303292,-1113.023644281797,141.07842497850493,18600.034665,0.0111008355279929
2025-04-02 00:00:00,1743552000000,85158.35,88500.0,82320.0,82516.29,39931.457,83845.65142857142,83939.25279999999,93330.74626262629,43.47691513501001,-1060.2659921295271,-1102.4721138513432,42.20612172181609,19219.293809000003,-0.0187004712518755
2025-04-03 00:00:00,1743638400000,82516.28,83998.02,81211.24,83213.09,27337.84135,83271.52,84038.4016,93166.94313131314,45.21885223344542,-1061.7951903024514,-1094.336729141565,32.54153883911363,19243.259499,-0.0074844416051939
2025-04-04 00:00:00,1743724800000,83213.09,84720.0,81659.0,83889.87,32915.53976,83195.16142857143,84250.162,93046.72363636362,46.92958873840427,-996.9049018020304,-1074.8503636736582,77.94546187162769,20322.799827000003,-0.0254712630325559
2025-04-05 00:00:00,1743811200000,83889.87,84266.0,82379.95,83537.99,9360.40468,83322.22571428571,84274.362,92938.02626262626,46.1230928312715,-962.7743919876956,-1052.4351693364656,89.6607773487699,19911.013795500003,-0.0452600374682164
2025-04-06 00:00:00,1743897600000,83537.99,83817.63,77153.83,78430.0,27942.71436,82756.51285714285,84064.35720000001,92767.6222222222,36.3558876608934,-1332.537161882603,-1108.4555678456932,-224.0815940369098,20447.4123345,-0.1025583666035913
2025-04-07 00:00:00,1743984000000,78430.0,81243.58,74508.0,79163.24,78387.53089,82272.68857142856,83986.2556,92620.4004040404,38.37333113816177,-1548.5596492716577,-1196.476384130886,-352.0832651407716,23486.243937500003,-0.0891267285143787
2025-04-08 00:00:00,1744070400000,79163.24,80867.99,76239.9,76322.42,35317.32063,81010.41428571429,83679.8244,92454.0405050505,33.89094676814614,-1926.778753074817,-1342.5368579196725,-584.2418951551449,23844.557282,-0.1250640676513128
2025-04-09 00:00:00,1744156800000,76322.42,83588.0,74620.0,82615.22,75488.28772,81024.54714285713,83610.89559999999,92343.32555555557,48.29791365401246,-1699.156925535135,-1413.860871442765,-285.29605409237,26514.4564365,-0.0214293548854016
2025-04-10 00:00:00,1744243200000,82615.22,82753.21,78464.36,79607.3,33284.80718,80509.43428571429,83492.20640000001,92191.96707070708,43.426313663000286,-1741.4051583683176,-1479.3697288278756,-262.035429540442,27580.848074,-0.036797262238389
2025-04-11 00:00:00,1744329600000,79607.3,84300.0,78969.58,83423.84,34435.43797,80442.85857142857,83468.7588,92054.98777777776,50.27914521954402,-1450.207219324584,-1473.5372269272173,23.33000760263326,29031.6089155,0.0125482476694072
2025-04-12 00:00:00,1744416000000,83423.83,85905.0,82792.95,85276.9,18470.74437,80691.27428571429,83571.2336,91924.71222222222,53.240752304396615,-1057.711657745327,-1390.372113090839,332.6604553455122,29532.0472275,0.0330331880032479
2025-04-13 00:00:00,1744502400000,85276.91,86100.0,83034.23,83760.0,24680.04181,81452.70285714287,83447.796,91778.64656565656,50.58456308041498,-859.1534638271405,-1284.1283832380996,424.9749194109591,29260.2682625,-0.0164204703849323
2025-04-14 00:00:00,1744588800000,83760.0,85799.99,83678.0,84591.58,28659.09348,82228.18000000001,83462.5236,91639.53515151516,51.9984094557278,-627.4601385200076,-1152.794734294481,525.3345957744734,29561.0603125,0.0251500643085142
2025-04-15 00:00:00,1744675200000,84591.58,86496.42,83600.0,83643.99,20910.99528,83274.11857142857,83444.7316,91451.7411111111,50.23463146020669,-514.3747111310076,-1025.1107296617863,510.73601853077867,29686.170834,0.0051782718319919
2025-04-16 00:00:00,1744761600000,83643.99,85500.0,83111.64,84030.38,20867.24519,83476.28428571428,83452.3232,91321.19333333334,50.96501338063105,-389.09006333469006,-897.906596396367,508.816533061677,29874.631145000003,0.0016749340534203
2025-04-17 00:00:00,1744848000000,84030.38,85470.01,83736.26,84947.91,13728.84772,84239.22857142857,83406.9396,91219.04484848486,52.73882062018878,-213.3052245958825,-760.9863220362702,547.6810974403877,29201.9369465,0.0168775906626434
2025-04-18 00:00:00,1744934400000,84947.92,85132.08,84303.96,84474.69,6529.96315,84389.35,83286.0008,91137.45090909093,51.70005194914886,-110.9009751612466,-630.9692526612655,520.0682775000189,28943.615172,0.0770711462450592
2025-04-19 00:00:00,1745020800000,84474.7,85677.99,84364.45,85077.01,9666.58153,84360.79428571429,83193.3664,91039.98525252526,52.96979025375517,18.64242226089118,-501.0469176768342,519.6893399377254,28933.7194945,0.0747034861129987
2025-04-20 00:00:00,1745107200000,85077.0,85320.76,83949.52,85179.24,8091.67725,84563.54285714286,83124.1692,90944.82616161618,53.19469488490388,128.0791875088762,-375.22169663969214,503.30088414856834,28309.846414500003,0.1160448004662326
2025-04-21 00:00:00,1745193600000,85179.24,88465.99,85144.76,87516.23,31773.37262,84981.35,83135.538,90873.82787878788,58.12465146299545,398.7872037287016,-220.4199165660134,619.207120294715,28888.995197000004,0.0593233304952767
2025-04-22 00:00:00,1745280000000,87516.22,93888.0,87076.03,93442.99,43872.74705,86381.20714285714,83496.2824,90862.78636363636,67.479728139661,1079.1257668214091,39.48922011147116,1039.636546709938,29086.0596995,0.1737992621279707
2025-04-23 00:00:00,1745366400000,93442.99,94696.05,91935.41,93691.08,27404.16808,87761.30714285714,83937.984,90833.79868686869,67.80396908262462,1619.647481303473,355.5208723498715,1264.1266089536014,29089.376036,0.1230732126452103
2025-04-24 00:00:00,1745452800000,93691.07,94005.0,91660.01,93980.47,19497.06071,89051.67285714285,84401.6032,90767.9716161616,68.20223145290572,2047.760876053784,693.9688730906541,1353.79200296313,28418.452083500004,0.1020624577112911
2025-04-25 00:00:00,1745539200000,93980.47,95758.04,92855.96,94638.68,27500.66648,90503.67142857144,84885.15,90713.94515151516,69.13734816286839,2412.34782776922,1037.6446640263673,1374.703163742852,29325.4651735,0.1298791786055395
2025-04-26 00:00:00,1745625600000,94638.68,95199.0,93870.69,94628.0,9415.06875,91868.09857142856,85263.9364,90618.49585858584,69.10183819869967,2669.649766261151,1364.0456844733242,1305.6040817878268,28399.082893000003,0.1186456146108159
2025-04-27 00:00:00,1745712000000,94628.0,95369.0,93602.58,93749.3,11162.841,93092.39285714286,85713.2568,90509.33494949497,66.0940057027376,2770.720518455564,1645.3806512697722,1125.339867185792,25037.8483985,0.120813342357293
2025-04-28 00:00:00,1745798400000,93749.29,95630.0,92800.01,95011.18,22157.53351,94163.1,86185.1804,90445.49262626262,68.23250508841295,2918.994634636867,1900.103447943192,1018.8911866936756,24379.8590425,0.1306765481722205
2025-04-29 00:00:00,1745884800000,95011.18,95461.53,93742.54,94256.82,16955.3402,94279.36142857144,86599.8584,90364.65232323232,65.57004323964537,2941.7220517631213,2108.4271687071778,833.2948830559435,21453.2116665,0.109583743731894
2025-04-30 00:00:00,1745971200000,94256.82,95228.45,92910.0,94172.0,17661.2751,94348.06428571428,87025.2188,90243.72484848484,65.26168563478214,2919.2382668704377,2270.58938833983,648.6488785306078,20672.0350625,0.1147954493825309
2025-05-01 00:00:00,1746057600000,94172.0,97424.02,94130.43,96489.91,21380.45343,94706.55571428571,87747.6152,90170.82838383838,69.48493288087991,3053.25959475372,2427.123429622608,626.1361651311113,20019.2858355,0.1341478737910513
2025-05-02 00:00:00,1746144000000,96489.9,97895.68,96350.0,96887.14,14905.74811,95027.76428571428,88456.57119999999,90099.88696969696,70.15457941355726,3155.154941730594,2572.7297320442053,582.4252096863888,19841.0360225,0.1374501580432039
2025-05-03 00:00:00,1746230400000,96887.13,96935.67,95753.01,95856.42,9723.34838,95203.25285714286,89237.93119999999,90008.83565656564,66.1011408385837,3116.80861880102,2681.545509395569,435.26310940545136,19093.201351,0.0952987805804705
2025-05-04 00:00:00,1746316800000,95856.42,96304.48,94151.38,94277.62,11036.38342,95278.72714285714,89704.4272,89903.08585858585,60.34925107893658,2925.301857317143,2730.296778979884,195.00507833725945,18212.065848,0.0089319701777521
2025-05-05 00:00:00,1746403200000,94277.61,95199.0,93514.1,94733.68,17251.18189,95239.08428571429,90309.4824,89823.42606060606,61.394290529176814,2778.3050287207734,2739.898428928062,38.40659979271141,18029.0751785,0.0111280604300856
2025-05-06 00:00:00,1746489600000,94733.68,96920.65,93377.0,96834.02,16122.64513,95607.25571428573,90845.8896,89770.40777777777,65.85733315654431,2799.0234675273387,2751.7234366479174,47.30003087942123,17791.8451755,0.030363223337785
2025-05-07 00:00:00,1746576000000,96834.02,97732.0,95784.61,97030.5,16644.83854,96015.61285714286,91316.0336,89726.92272727273,66.25039565658848,2799.0317775036965,2761.1851048190733,37.84667268462317,17937.6447165,0.025273175830432
2025-05-08 00:00:00,1746662400000,97030.5,104145.76,96876.29,103261.6,34962.02847,96982.99714285714,92096.09760000002,89722.15868686867,75.77518998404773,3264.2082964025176,2861.7897431357624,402.4185532667552,19359.2479825,0.0912372659255189
2025-05-09 00:00:00,1746748800000,103261.61,104361.3,102315.14,102971.99,27617.39907,97852.26142857142,92831.314,89704.47232323232,74.71969654980282,3568.361087033758,3003.1040119153618,565.2570751183962,20256.7888595,0.0983760945415059
2025-05-10 00:00:00,1746835200000,102971.99,104984.57,102818.76,104809.53,15324.78611,99131.27714285716,93677.93559999998,89728.51242424244,76.91671658538485,3912.576736821371,3184.998556896564,727.578179924807,20618.4443025,0.1031283897326609
2025-05-11 00:00:00,1746921600000,104809.53,104972.0,103345.06,104118.0,17987.12197,100537.04571428572,94481.4404,89763.68767676767,74.29975106522649,4082.50880731798,3364.500606980848,718.0082003371322,19929.13177,0.1046203341042057
2025-05-12 00:00:00,1747008000000,104118.0,105819.45,100718.37,102791.32,31272.77792,101688.13714285714,95195.1768,89815.1091919192,69.41995752860282,4063.290129703441,3504.2585115253664,559.031618178074,19299.1333135,0.0915274179161536
2025-05-13 00:00:00,1747094400000,102791.32,104976.25,101429.7,104103.72,21253.42409,102726.66571428571,95980.338,89843.14151515151,71.41966352609532,4106.620338071487,3624.730876834591,481.8894612368963,18991.596114,0.0789078360628587
2025-05-14 00:00:00,1747180800000,104103.72,104356.95,102602.05,103507.82,16452.9081,103651.99714285714,96717.5704,89901.16868686868,69.20673062725919,4046.233232512881,3709.031347970249,337.2018845426319,18839.3884835,0.068333939880979
2025-05-15 00:00:00,1747267200000,103507.83,104192.7,101383.07,103763.71,17998.98604,103723.72714285715,97460.9492,89973.40383838385,69.6417334030739,3973.223355137772,3761.8697494037538,211.3536057340184,18364.304461500004,0.0824909797382378
2025-05-16 00:00:00,1747353600000,103763.71,104550.33,103100.49,103463.9,15683.88024,103794.0,98098.856,90043.19727272727,68.4221529748259,3846.826518389309,3778.861103200865,67.96541518844379,18677.745036,0.0974386073810518
2025-05-17 00:00:00,1747440000000,103463.9,103709.86,102612.5,103126.65,11250.89622,103553.58857142855,98486.2024,90110.06444444443,67.00076972489589,3677.056044943776,3758.500091549448,-81.4440466056717,18682.147797,0.0885954182292929
2025-05-18 00:00:00,1747526400000,103126.65,106660.0,103105.09,106454.26,21599.98726,103887.34,98996.7296,90211.17070707068,72.9678309972622,3767.5915880283865,3760.318390845236,7.273197183150842,18654.2704845,0.0993477292381332
2025-05-19 00:00:00,1747612800000,106454.27,107108.62,102000.0,105573.74,30260.03524,104284.82857142856,99460.4604,90303.2009090909,69.39215194021514,3725.347565225413,3753.324225721272,-27.9766604958586,19319.5052365,0.0880469543081814
2025-05-20 00:00:00,1747699200000,105573.73,107320.0,104184.72,106849.99,23705.48275,104677.15285714284,99948.9128,90398.34404040404,71.56700963463375,3751.60540986438,3752.980462549893,-1.3750526855133105,19621.715619,0.0347504783966159
2025-05-21 00:00:00,1747785600000,106850.0,110797.38,106100.01,109643.99,45531.040345,105553.74857142856,100549.5524,90538.40252525252,75.6467321397529,3952.307648144328,3792.845899668781,159.4617484755472,20829.24496475,0.0647943193095521
2025-05-22 00:00:00,1747872000000,109643.99,111980.0,109177.37,111696.21,31630.77313,106686.96285714288,101267.4288,90678.0613131313,78.12905276860515,4228.222306077107,3879.921180950446,348.30112512666074,21665.49621575,0.0657066203807994
2025-05-23 00:00:00,1747958400000,111696.22,111800.0,106800.0,107318.3,31737.72309,107237.59142857142,101759.71360000002,90786.24474747476,63.305019676374265,4046.9749035335262,3913.331925467062,133.64297806646437,22766.21495125,0.0307372404387329
2025-05-24 00:00:00,1748044800000,107318.3,109506.03,106875.41,107761.91,16782.53129,107899.77142857145,102299.91719999998,90889.89555555556,64.04937356391534,3894.2402730104222,3909.513594975734,-15.27332196531188,23053.52234475,0.0483561257896094
2025-05-25 00:00:00,1748131200000,107761.9,109299.99,106600.64,109004.19,17710.04695,108264.04714285716,102893.2048,91005.39585858583,66.1218757952974,3829.296841426665,3893.47024426592,-64.17340283925523,23076.46559775,0.0470729576234163
2025-05-26 00:00:00,1748217600000,109004.2,110422.22,108670.58,109434.79,14649.11593,108815.62571428572,103411.0,91139.90767676767,66.83555090015511,3769.1263825912174,3868.60147193098,-99.47508933976223,23002.78913775,0.0572610842349881
2025-05-27 00:00:00,1748304000000,109434.78,110718.0,107516.57,108938.17,21276.65635,109113.93714285716,103893.0412,91272.8184848485,65.1314060409095,3639.414867747604,3822.764151094305,-183.3492833467008,23234.38002825,0.0498677235037181
2025-05-28 00:00:00,1748390400000,108938.17,109284.7,106769.43,107781.78,15633.78829,108847.90714285716,104370.0556,91395.14212121212,61.21725454859693,3404.0665883943584,3739.024638554316,-334.9580501599576,22267.96801925,0.041733203561822
2025-05-29 00:00:00,1748476800000,107781.78,108891.91,105322.86,105589.75,19834.70116,107975.5557142857,104822.5408,91485.49949494949,54.52778223485508,3006.02133718149,3592.423978279751,-586.402641098261,21878.83312375,0.0238842239130234
2025-05-30 00:00:00,1748563200000,105589.75,106313.12,103621.0,103985.48,23706.49799,107499.43857142856,105192.6128,91542.87808080808,50.20392509008332,2531.9299142975506,3380.3251654833107,-848.3952511857601,22297.918717750003,-0.0231909930142767
2025-05-31 00:00:00,1748649600000,103985.47,104900.0,103068.55,104591.88,11289.35922,107046.57714285716,105502.9272,91627.82656565656,51.76103023754071,2180.0106523309514,3140.26226285284,-960.251610521888,21963.03058025,-0.0093002293941656
2025-06-01 00:00:00,1748736000000,104591.88,105866.91,103752.49,105642.93,9709.70006,106566.39714285715,105847.4244,91719.66414141416,54.42134602402728,1963.2914510484989,2904.868100491972,-941.5766494434724,20884.87668725,-0.0112967722317991
2025-06-02 00:00:00,1748822400000,105642.93,105935.63,103659.88,105857.99,13453.98813,106055.42571428572,105951.28,91816.63373737372,54.96857838707745,1788.2792967554417,2681.550339744665,-893.271042989224,20494.904889250003,-0.0345299363877582
2025-06-03 00:00:00,1748908800000,105858.0,106794.67,104872.5,105376.89,13259.52634,105546.67142857144,106047.476,91956.2702020202,53.42331847462957,1592.403913229471,2463.7210544416266,-871.3171412121555,20335.23580125,-0.0565759572325687
2025-06-04 00:00:00,1748995200000,105376.9,106000.0,104179.0,104696.86,14034.89482,105105.96857142856,106042.96920000002,92118.05262626264,51.23103087870758,1366.5458331082336,2244.2860101749484,-877.7401770667148,20137.03124025,-0.0244267753030005
2025-06-05 00:00:00,1749081600000,104696.86,105909.71,100372.26,101508.68,22321.50154,104522.95857142858,105938.5964,92292.38181818182,42.43829485100514,919.69057565587,1979.366923271133,-1059.676347615263,20468.91230525,-0.0580282031007061
2025-06-06 00:00:00,1749168000000,101508.69,105333.0,101095.8,104288.44,15839.07385,104566.23857142856,105998.4812,92490.1581818182,50.42714101347615,780.8567349093792,1739.664885598782,-958.808150689403,20698.32118675,-0.0432620984569491
2025-06-07 00:00:00,1749254400000,104288.43,105900.0,103871.09,105552.15,8344.93206,104703.42,106056.4184,92704.32191919192,53.58119530688701,763.993905436655,1544.5306895663568,-780.5367841297018,20035.56842675,-0.0354790281956953
2025-06-08 00:00:00,1749340800000,105552.15,106488.14,104964.14,105734.0,8048.06305,104716.43,106145.46559999998,92903.00343434344,54.0344147772273,756.5823563576123,1386.941022924608,-630.3586665669957,18924.96981725,-0.0294127393548101
2025-06-09 00:00:00,1749427200000,105734.01,110530.17,105318.37,110263.02,19975.37451,105345.72,106405.438,93064.54909090907,63.57351633001814,1103.442910710408,1330.241400481768,-226.79848977136,18738.46440525,0.0230209595722024
2025-06-10 00:00:00,1749513600000,110263.02,110400.0,108331.03,110274.39,17071.82839,106045.36285714286,106677.8576,93307.51656565657,63.59394260797477,1363.53191585053,1336.8995035555204,26.632412295009544,17315.503807499997,0.0443664276125286
2025-06-11 00:00:00,1749600000000,110274.39,110392.01,108064.0,108645.12,13115.91638,106609.4,106898.5964,93523.30585858584,58.529151959138986,1421.796271264,1353.8788570972165,67.9174141667836,16389.76097,0.0448104870026084
2025-06-12 00:00:00,1749686400000,108645.13,108813.55,105671.72,105671.73,17778.67218,107204.12142857142,106867.2952,93675.48484848483,50.60768336959781,1214.0486719866312,1325.9128200750995,-111.86414808846826,15691.8084245,0.0103244152414125
2025-06-13 00:00:00,1749772800000,105671.74,106179.53,102664.31,106066.59,26180.81734,107458.14285714286,106887.0092,93838.4616161616,51.545554248633465,1068.946949795121,1274.519646019104,-205.57269622398252,16161.722727,0.0040103014939096
2025-06-14 00:00:00,1749859200000,106066.59,106252.0,104300.0,105414.64,8798.93969,107438.49857142856,106829.5952,94026.4706060606,49.86206724915149,891.0741252884327,1197.8305418729697,-306.75641658453696,15716.167364,-0.0041881581163595
2025-06-15 00:00:00,1749945600000,105414.63,106128.57,104494.53,105594.01,7164.20047,107418.5,106667.596,94222.14292929294,50.34259971423583,755.869101811244,1109.4382538606246,-353.5691520493806,15341.921591,0.0020604138155908
2025-06-16 00:00:00,1750032000000,105594.02,108952.38,104980.37,106794.53,14922.6654,106923.00142857144,106471.5288,94485.37686868689,53.55133452755331,737.0933244224434,1034.9692679729883,-297.8759435505451,15024.2220435,0.0200356534092809
2025-06-17 00:00:00,1750118400000,106794.53,107771.34,103371.02,104551.17,17866.33025,106105.39857142857,106360.8436,94747.55171717172,47.38904549877529,535.0255407198565,934.9805225223622,-399.9549818025057,15135.8491415,0.029972707752677
2025-06-18 00:00:00,1750204800000,104551.17,105550.27,103500.0,104886.78,13968.64167,105568.49285714285,106245.8384,94969.30717171716,48.3466601411456,397.3854761013645,827.4615132381626,-430.07603713679816,14842.546167,0.0057373568920966
2025-06-19 00:00:00,1750291200000,104886.79,105226.17,103929.27,104658.59,7678.60737,105423.75857142857,106072.0144,95181.21090909092,47.71077674815346,266.81601833929017,715.3324142583881,-448.51639591909793,14041.151636,-0.0084655783894501
2025-06-20 00:00:00,1750377600000,104658.59,106524.65,102345.0,103297.99,16419.06283,105028.24428571427,105826.54239999998,95405.27363636364,43.99513209985972,52.93947999759985,582.8538274062305,-529.9143474086306,14297.6368165,-0.023039041367961
2025-06-21 00:00:00,1750464000000,103297.98,103982.64,100837.9,102120.01,11154.21332,104557.58285714286,105553.816,95588.47373737374,41.01680976746562,-209.20082189401728,424.4428975461809,-633.6437194401982,14369.8624795,-0.0738507797083737
2025-06-22 00:00:00,1750550400000,102120.02,103399.62,98200.0,100963.87,28746.41072,103896.13428571427,105281.09960000002,95756.40737373735,38.27793152123647,-504.42503765644506,238.6693105056557,-743.0943481621008,15134.483609,-0.0844304829072281
2025-06-23 00:00:00,1750636800000,100963.87,106074.2,99613.33,105333.93,27666.50609,103687.47714285714,105270.8668,95986.30030303032,51.46928108277808,-381.3688529956125,114.66167780540208,-496.0305308010146,15854.8325965,-0.0304771166896405
2025-06-24 00:00:00,1750723200000,105333.94,106290.0,104622.02,106083.0,14651.69335,103906.31,105354.7676,96209.2595959596,53.31124344698669,-220.8563567172241,47.55807090087686,-268.41442761810094,15885.672523,0.0038919586156107
2025-06-25 00:00:00,1750809600000,106083.0,108135.3,105808.03,107340.58,16701.15551,104256.85285714285,105464.7156,96458.00252525252,56.30937177618526,7.737950699942303,39.59404686068994,-31.85609616074764,15604.6552215,0.0120112280407997
2025-06-26 00:00:00,1750896000000,107340.59,108272.45,106562.5,106947.06,10573.27279,104583.77714285716,105516.8808,96661.04414141415,55.11665686522453,155.35596419543435,62.74643032763883,92.60953386779552,15341.3651685,0.014537069993314
2025-06-27 00:00:00,1750982400000,106947.06,107735.34,106356.76,107047.59,12232.44042,105119.43428571428,105564.4648,96891.59161616162,55.37669155547073,277.2601518150477,105.64917462512062,171.6109771899271,15535.740586499998,0.0137657429621245
2025-06-28 00:00:00,1751068800000,107047.58,107577.75,106811.51,107296.79,3282.17352,105858.9742857143,105641.2608,97126.01585858584,56.056332338982926,389.4886731487495,162.4170743298464,227.0715988189031,15297.44611,0.0047030498659434
2025-06-29 00:00:00,1751155200000,107296.79,108528.5,107172.52,108356.93,6831.7364,106915.12571428572,105787.6636,97373.65565656566,58.92262304437497,557.5479571207543,241.443250888028,316.1047062327263,14640.2642045,0.0364009317160198
2025-06-30 00:00:00,1751241600000,108356.93,108789.99,106733.33,107146.5,9754.12491,107174.06428571428,106013.1764,97586.42333333334,54.54778299544528,586.3059949094022,310.41579969230287,275.89019521709935,14274.3790305,0.0215443738476861
2025-07-01 00:00:00,1751328000000,107146.51,107540.0,105250.85,105681.14,10505.62437,107116.6557142857,106068.8844,97770.0897979798,49.73363288194094,485.2608564827388,345.38481105039006,139.8760454323487,14143.86443,0.0097703399214532
2025-07-02 00:00:00,1751414400000,105681.13,109730.0,105100.19,108849.6,17691.89592,107332.23,106200.7824,97986.82444444444,58.302789916607225,653.3190431116236,406.9716574626368,246.3473856489869,14139.525617,0.0537436401231039
2025-07-03 00:00:00,1751500800000,108849.59,110529.18,108530.4,109584.78,13047.08225,107709.04714285712,106354.8136,98215.871010101,60.00644153045743,836.1901688965154,492.81535974941255,343.37480914710284,13482.8388625,0.0730980147769277
2025-07-04 00:00:00,1751587200000,109584.77,109767.59,107245.0,107984.24,11793.86615,107842.85428571427,106263.6624,98425.4894949495,54.760772464272456,842.2576301935624,562.7038138382425,279.5538163553199,13632.585185499998,0.0695334875733271
2025-07-05 00:00:00,1751673600000,107984.25,108420.56,107756.31,108198.12,3736.9757,107971.61571428573,106180.6116,98665.62828282829,55.322825172264615,854.4746140565549,621.057973881905,233.41664017464984,13461.223947,0.0271915231872579
2025-07-06 00:00:00,1751760000000,108198.12,109700.0,107800.01,109203.84,6447.607,108092.60285714285,106202.9604,98933.86363636365,57.96730750037542,934.5370986892958,683.7537988433833,250.78329984591247,13037.471027,0.0294188512768303
2025-07-07 00:00:00,1751846400000,109203.85,109700.0,107513.2,108262.94,9405.37601,108252.0942857143,106306.6088,99195.20656565655,54.70494215656575,911.5565712797396,729.3143533306546,182.2422179490851,12614.423315,0.0085928359992093
2025-07-08 00:00:00,1751932800000,108262.94,109216.56,107429.57,108922.98,9216.0208,108715.21428571428,106420.8644,99461.6002020202,56.55220492993081,935.8165390211944,770.6147904687626,165.2017485524317,12376.7922715,0.0184756832025114
2025-07-09 00:00:00,1752019200000,108922.99,111999.79,108324.53,111233.99,17282.2865,109055.84142857142,106653.6384,99724.99060606062,62.34301888944087,1128.5131343853427,842.1944592520788,286.3186751332639,12856.976228,0.0391078397934976
2025-07-10 00:00:00,1752105600000,111234.0,116868.0,110500.0,116010.0,24883.450665,109973.73,107070.278,100063.3109090909,70.95787989052717,1647.6179525836633,1003.2791579183956,644.3387946652676,13280.19561975,0.0812066232363522
2025-07-11 00:00:00,1752192000000,116010.01,118869.98,115222.22,117527.66,25873.521148,111337.07571428572,107499.6032,100409.92272727271,73.0664602293122,2156.6146283506096,1233.9462520048385,922.6683763457712,14016.16101115,0.084634457620754
2025-07-12 00:00:00,1752278400000,117527.66,118200.0,116900.05,117420.0,8446.60437,112654.48714285716,108014.3564,100748.61090909092,72.66342568154724,2522.2361306939274,1491.6042277426563,1030.631902951271,13001.17069365,0.0958827399868404
2025-07-13 00:00:00,1752364800000,117420.0,119488.0,117224.79,119086.64,9550.792947,114066.31571428572,108582.3508,101107.6881818182,74.96557717391981,2912.8996310404764,1775.8633084022204,1137.036322638256,12095.3850365,0.1268485559485828
2025-07-14 00:00:00,1752451200000,119086.65,123218.0,118905.18,119841.18,27269.348877,115720.35,109189.6544,101525.98292929294,75.95294037979924,3245.9708107303304,2069.8848088678424,1176.086001862488,12726.26781285,0.1009795166909202
2025-07-15 00:00:00,1752537600000,119841.17,119940.83,115736.92,117758.09,32018.46083,116982.50857142857,109768.0584,101915.8298989899,67.9814384499192,3303.7604721884127,2316.6599415319565,987.1005306564562,13492.13307885,0.0745843537761357
2025-07-16 00:00:00,1752624000000,117758.08,120063.84,117017.29,118630.43,17039.90851,118039.14285714286,110428.4752,102343.18353535351,69.42846101054963,3380.975956553724,2529.52314453631,851.4528120174141,13815.46486485,0.0985902202025035
2025-07-17 00:00:00,1752710400000,118630.44,120998.71,117453.57,119177.56,15728.57651,118491.65142857142,111157.0228,102712.5001010101,70.33402984073228,3446.588476138452,2712.9362108567384,733.652265281713,13990.27166935,0.1014753306249682
2025-07-18 00:00:00,1752796800000,119177.56,120820.71,116812.76,117924.84,19924.66266,118548.39142857144,111660.6592,103099.54595959595,65.54659921599536,3358.7848550024064,2842.1059396858723,516.6789153165341,14822.39612635,0.0798598291049106
2025-07-19 00:00:00,1752883200000,117924.84,118499.9,117277.34,117840.0,6635.80306,118608.39142857144,112130.9392,103447.18393939394,65.22280595694995,3244.9482304085977,2922.674397830417,322.2738325781802,14812.599459349998,0.0884611114385032
2025-07-20 00:00:00,1752969600000,117840.01,118856.8,116467.02,117265.12,12962.92889,118348.17428571428,112527.9208,103770.29727272729,62.95347130357087,3072.9211515341594,2952.723748571166,120.19740296299324,14973.03965835,0.0765875116527292
2025-07-21 00:00:00,1753056000000,117265.11,119676.73,116515.0,117380.36,17107.33128,117996.62857142858,112945.2528,104109.89686868688,63.22966097508163,2912.3159911449766,2944.6421970859283,-32.326205940951695,15303.12500385,0.0552562215919791
2025-07-22 00:00:00,1753142400000,117380.36,120247.8,116128.0,119954.42,20959.12973,118310.39,113461.526,104467.09727272727,68.82106952725437,2958.635070713048,2947.4407718113525,11.19429890169522,15466.48669435,0.0340006895957245
2025-07-23 00:00:00,1753228800000,119954.43,120090.0,117301.0,118755.99,14558.75083,118328.32714285716,113919.894,104821.76393939396,63.9456364850256,2865.6070553237805,2931.074028513838,-65.46697319005762,15542.07012335,0.0104514120335588
2025-07-24 00:00:00,1753315200000,118756.0,119450.0,117103.1,118340.99,15806.89043,118208.81714285717,114319.25639999998,105168.33575757574,62.2997562340714,2726.959954317092,2890.251213674489,-163.2912593573974,15742.721337350002,0.0078435530574008
2025-07-25 00:00:00,1753401600000,118340.98,118451.57,114723.16,117614.31,38406.34873,118164.45571428572,114737.9688,105498.29939393938,59.41592414337258,2529.288066584588,2818.0585842565088,-288.77051767192097,17476.18998885,-0.0123635195350209
2025-07-26 00:00:00,1753488000000,117614.31,118297.35,117138.38,117919.99,6991.67206,118175.88285714285,115227.5228,105836.1307070707,60.24948043330188,2369.9778631863737,2728.4424400424823,-358.4645768561086,17503.39324185,-0.0160311338723466
2025-07-27 00:00:00,1753574400000,117919.99,119766.65,117825.5,119415.55,9328.30919,118483.08714285714,115650.1608,106182.98464646464,64.1311472736441,2337.457813650035,2650.245514763993,-312.78770111395806,17499.539900850003,0.014075126388344
2025-07-28 00:00:00,1753660800000,119415.56,119800.0,117427.5,118062.32,13961.74754,118580.51,115989.2624,106515.13696969698,58.55901203406964,2177.39147496887,2555.6747068049685,-378.2832318360984,17736.82623785,-0.0047889061853689
2025-07-29 00:00:00,1753747200000,118062.32,119273.36,116950.75,117950.76,15137.93445,118294.27285714286,116387.9232,106822.55646464646,58.11075129654267,2018.2704235808344,2448.1938501601417,-429.9234265793075,17629.60863535,-0.0102938841842373
2025-07-30 00:00:00,1753833600000,117950.75,118792.0,115796.23,117840.3,15586.73631,118163.46,116773.6104,107068.99393939394,57.64026804402506,1861.7910764981352,2330.91329542774,-469.12221892960497,17164.7729176,-0.0007168973050969
2025-07-31 00:00:00,1753920000000,117840.29,118922.45,115500.0,115764.08,17010.0073,117795.33,117036.02,107291.95353535352,49.52399957208498,1552.351917655571,2175.2010198733064,-622.8491022177354,16721.5972252,-0.0176164290563475
2025-08-01 00:00:00,1754006400000,115764.07,116052.0,112722.58,113297.93,24487.10206,117178.7042857143,117237.4196,107487.0793939394,41.9652341936957,1095.493295569162,1959.2594750124777,-863.7661794433157,17523.6221097,-0.0338309464911646
2025-08-02 00:00:00,1754092800000,113297.92,114063.49,112003.0,112546.35,11507.33428,116411.04142857144,117382.3544,107667.96494949496,39.96335658521929,665.1162748967035,1700.4308349893229,-1035.314560092619,17621.44917635,-0.0411824431276236
2025-08-03 00:00:00,1754179200000,112546.35,114799.97,111920.0,114208.8,7397.76046,115667.22,117501.3468,107865.7508080808,46.08940033913553,452.9637228040665,1450.9374125522718,-997.9736897482052,16627.869755500004,-0.0478983600604295
2025-08-04 00:00:00,1754265600000,114208.81,115720.0,114107.6,115055.03,9667.67916,115237.60714285714,117463.148,108080.9602020202,48.94518157485994,349.0908831553679,1230.568106672891,-881.477223517523,15510.330672000002,-0.0311644069490726
2025-08-05 00:00:00,1754352000000,115055.03,115127.81,112650.0,114129.75,12042.79078,114691.74857142856,117327.2316,108274.07707070708,46.071413282889495,189.91927507556105,1022.438340353425,-832.519065277864,15260.4747855,-0.0355856411206294
2025-08-06 00:00:00,1754438400000,114129.75,115716.0,113355.13,114992.27,9761.15318,114284.88714285714,117230.1224,108483.52606060606,49.073128488120624,131.852866750065,844.3212456327531,-712.4683788826881,14962.103619,-0.0222935457428606
2025-08-07 00:00:00,1754524800000,114992.27,117621.0,114259.0,117472.01,13468.56263,114528.87714285716,117165.5372,108718.8796969697,56.55943446336092,282.6706623155478,731.9911289693121,-449.3204666537642,14639.2986175,-0.0037990166043943
2025-08-08 00:00:00,1754611200000,117472.02,117630.0,115878.71,116674.74,10045.31278,115011.27857142856,117038.8796,108922.76686868689,53.82007615446077,334.01154872936604,652.3952129213229,-318.3836641919569,14809.774103500002,-0.0229518684961882
2025-08-09 00:00:00,1754697600000,116674.74,117944.05,116299.13,116462.25,9514.13144,115570.69285714286,116987.04600000002,109120.49525252526,53.08215478904001,353.4787212902884,592.611914595116,-239.1331933048276,14637.334231,-0.0135527575605832
2025-08-10 00:00:00,1754784000000,116462.25,119311.11,116460.63,119294.01,14322.77073,116297.15142857142,117013.5892,109357.2385858586,60.796413601878015,590.5979166438192,592.2091150048566,-1.6111983610373954,14498.1062035,0.0113882267481786
2025-08-11 00:00:00,1754870400000,119294.27,122335.16,118050.11,118686.0,26494.33429,116815.86142857144,116993.9268,109603.78787878789,58.56968148966964,721.1423811898276,617.9957682418508,103.1466129479768,14774.8664315,0.0071766619738746
2025-08-12 00:00:00,1754956800000,118686.0,120324.43,118207.47,120134.08,16720.10893,117673.62285714288,117082.2964,109860.35757575756,62.127475376128174,930.7190143105836,680.5404174555974,250.17859685498613,14882.9343365,0.0377491878309748
2025-08-13 00:00:00,1755043200000,120134.09,123667.79,118920.92,123306.43,23210.07102,118861.36,117300.9536,110127.75565656566,68.50775066920524,1337.375703914484,811.9074747473747,525.4682291671091,15253.093366,0.0883378893153652
2025-08-14 00:00:00,1755129600000,123306.44,124474.0,117180.0,118295.09,27980.947586,118978.94285714286,117342.1524,110342.5494949495,53.24722219193049,1240.9756093999897,897.7211016778978,343.2545077220917,14731.823308799998,0.0510788666180643
2025-08-15 00:00:00,1755216000000,118295.09,119216.82,116803.99,117342.05,13623.33874,119074.27285714286,117340.62,110484.77626262628,50.92398173400237,1075.280314730233,933.2329442883648,142.0473704418681,15063.4066428,0.0274344008517732
2025-08-16 00:00:00,1755302400000,117342.04,117898.99,117143.98,117380.66,6393.68117,119205.4742857143,117237.6696,110630.3183838384,51.01722424361978,936.2881572000188,933.8439868706956,2.444170329323015,14916.6752418,0.0202131971109824
2025-08-17 00:00:00,1755388800000,117380.66,118575.0,117172.21,117405.01,5898.64192,118935.61714285715,117183.6304,110757.54545454546,51.080350758947496,818.6636673150933,910.8079229595752,-92.14425564448196,14513.5199608,0.0286976883766063
2025-08-18 00:00:00,1755475200000,117405.01,117543.75,114640.14,116227.05,17745.93954,118584.33857142855,117099.0728,110879.85909090909,47.86656481818111,623.2099083760259,853.2883200428655,-230.07841166683968,14643.920215300002,0.0107379391675632
2025-08-19 00:00:00,1755561600000,116227.05,116725.69,112732.58,112872.94,18065.47424,117547.03285714288,116909.418,110981.69363636363,40.125286771792986,195.4101837556809,721.7126927854287,-526.3025090297477,14767.8571118,-0.0391503473891354
2025-08-20 00:00:00,1755648000000,112872.95,114615.38,112380.0,114271.24,15636.34194,116256.29142857144,116763.468,111084.39585858583,44.17841469504323,-30.442138197657187,571.2817265888115,-601.7238647864687,14699.1738438,-0.0206000030512174
2025-08-21 00:00:00,1755734400000,114271.23,114821.76,112015.67,112500.0,10839.69235,115428.42142857144,116486.846,111175.22595959596,40.44368384984378,-348.3405427115504,387.3572727287391,-735.6978154402894,14016.8033583,-0.0340217538301037
2025-08-22 00:00:00,1755820800000,112500.0,117429.05,111684.79,116935.99,23128.09037,115370.41285714286,116441.7928,111308.27929292928,51.50162343289636,-239.56840331120475,261.9721375207503,-501.5405408319551,14597.8411628,-0.0197664576788053
2025-08-23 00:00:00,1755907200000,116936.0,117030.0,114560.0,115438.05,11329.36197,115092.89714285715,116341.2844,111429.23030303032,48.244159093677546,-271.111731093697,155.35536379786086,-426.46709489155785,14794.421238299998,-0.0273659066781254
2025-08-24 00:00:00,1755993600000,115438.06,115666.68,110680.0,113493.59,21175.98462,114534.12285714284,116167.416,111533.94686868686,44.32496782528248,-447.849190398003,34.7144529586881,-482.5636433566911,15369.836511299998,-0.0552756553344396
2025-08-25 00:00:00,1756080000000,113493.59,113667.28,109274.1,110111.98,25182.79379,113660.54142857144,115941.332,111570.89353535356,38.471654519579005,-850.9730779965612,-142.42305323236175,-708.5500247641994,16026.8366618,-0.1070053686575793
2025-08-26 00:00:00,1756166400000,110111.98,112371.0,108666.66,111763.22,18452.43877,113502.01,115879.9436,111633.41353535352,42.46689151040224,-1025.390333773263,-319.016509340542,-706.3738244327208,16461.4009413,-0.0552167465276876
2025-08-27 00:00:00,1756252800000,111763.22,112625.0,110345.42,111262.01,13392.60875,113072.12,115828.57,111677.9793939394,41.58423797153509,-1190.3392340681312,-493.2810542860599,-697.0581797820713,16457.6032473,-0.05181467342696
2025-08-28 00:00:00,1756339200000,111262.01,113485.9,110862.42,112566.9,11104.27744,113081.67714285714,115762.894,111707.50373737371,44.80093651610274,-1201.913794309774,-635.0076022908028,-566.9061920189712,16510.5514803,-0.0410098222313625
2025-08-29 00:00:00,1756425600000,112566.9,112638.64,107463.9,108377.4,22580.31045,111859.02142857142,115495.7888,111673.9804040404,37.63538455933719,-1531.4902868716454,-814.3041392069713,-717.1861476646741,17163.8604308,-0.0768928855761776
2025-08-30 00:00:00,1756512000000,108377.4,108926.15,107350.1,108816.33,10708.39159,110913.06142857144,115283.252,111689.11202020202,38.74086526906538,-1737.2382478603104,-998.8909609376392,-738.3472869226712,16983.1414738,-0.0637607166317996
2025-08-31 00:00:00,1756598400000,108816.33,109480.02,108076.93,108246.35,9489.51596,110163.45571428572,115013.4152,111694.00535353537,37.80374194900735,-1924.1076959527416,-1183.93430794066,-740.1733880120819,16132.9005573,-0.0409893637925972
2025-09-01 00:00:00,1756684800000,108246.36,109912.4,107255.0,109237.42,16053.60219,110038.51857142858,114684.0316,111696.3612121212,40.498885642416326,-1969.528514874692,-1341.053149327466,-628.4753655472255,16099.5752203,-0.0440515041229971
2025-09-02 00:00:00,1756771200000,109237.43,111771.52,108393.39,111240.01,18510.28756,109963.77428571427,114466.64239999998,111714.59575757576,45.626090009149365,-1822.919087934628,-1437.4263370488984,-385.4927508857295,15864.586047299998,-0.0111999111111111
2025-09-03 00:00:00,1756857600000,111240.01,112575.27,110528.71,111705.71,11773.72084,110027.16,114276.38079999998,111742.5507070707,46.77469983328038,-1650.130288047876,-1479.967127248694,-170.16316079918215,15054.22471,-0.0447277181302351
2025-09-04 00:00:00,1756944000000,111705.72,112180.0,109329.12,110730.87,12203.13536,109764.87,113933.8552,111772.33949494948,44.64851615863752,-1573.714558358275,-1498.7166134706104,-74.99794488766474,14983.214541,-0.0407766763211957
2025-09-05 00:00:00,1757030400000,110730.87,113384.62,110206.96,110659.99,21587.40888,110090.95428571428,113612.8148,111823.55404040404,44.4901622415242,-1501.5648606429604,-1499.2862629050803,-2.278597737880091,15742.9009265,-0.0249670487998484
2025-09-06 00:00:00,1757116800000,110660.0,111307.7,109977.0,110187.97,5000.29897,110286.90285714284,113214.9704,111886.20545454546,43.38659519055519,-1465.5794865282078,-1492.544907629706,26.965421101498123,15697.983779000002,0.0006901156440926
2025-09-07 00:00:00,1757203200000,110187.98,111600.0,110180.0,111137.34,5681.29944,110699.90142857144,112728.2068,111952.3212121212,46.27318843307345,-1344.9508374465222,-1463.0260935930692,118.07525614654696,15094.751773999998,-0.0056000533986046
2025-09-08 00:00:00,1757289600000,111137.35,112924.37,110621.78,112065.23,11582.40211,111103.87428571428,112479.0124,112017.19292929293,49.00971356610209,-1161.0944219272933,-1402.6397592599142,241.54533733262087,14770.598167500002,0.0072191757096604
2025-09-09 00:00:00,1757376000000,112065.23,113293.29,110766.66,111546.39,15379.28248,111147.64285714286,112247.186,112074.65151515148,47.55126183948629,-1045.2044733361108,-1331.1527020751537,285.94822873904263,14757.7451945,-0.0090658088656612
2025-09-10 00:00:00,1757462400000,111546.38,114313.13,110917.45,113960.0,17517.41823,111469.68428571428,112110.3596,112161.3495959596,54.35600684412783,-749.957653518708,-1214.9136923638644,464.9560388451564,15091.6314885,0.0515107393238811
2025-09-11 00:00:00,1757548800000,113960.0,115488.09,113430.0,115482.69,13676.73119,112148.5157142857,112033.4668,112270.29737373738,58.05345496660205,-388.624245929328,-1049.6558030769572,661.0315571476292,14619.0635295,0.0612624961713008
2025-09-12 00:00:00,1757635200000,115482.69,116665.63,114740.99,116029.42,15324.10719,112915.57714285716,112025.5616,112416.97151515153,59.32744492931373,-57.485715813105344,-851.221785624187,793.7360698110816,14818.8007905,0.0719014544139362
2025-09-13 00:00:00,1757721600000,116029.41,116298.78,115127.27,115918.29,8269.40394,113734.19428571429,112147.3756,112534.44474747474,58.93562116849717,193.74334015617205,-642.2287604681152,835.9721006242872,14173.4717565,0.0611591705479679
2025-09-14 00:00:00,1757808000000,115918.29,116165.19,115135.0,115268.01,6707.60197,114324.29,112187.2464,112632.58474747471,56.580799779012416,336.49313226707454,-446.4843819210773,782.9775141881519,13249.7121655,0.0362099931490478
2025-09-15 00:00:00,1757894400000,115268.01,116757.99,114384.0,115349.71,13212.51149,114793.50142857144,112301.2348,112729.71313131312,56.81426744436955,451.0168368295272,-266.98413817095644,718.0009750004835,12987.7158015,0.0326214300056819
2025-09-16 00:00:00,1757980800000,115349.71,116964.27,114737.11,116788.96,10926.9094,115542.44,112295.3536,112795.63171717172,60.81185924087944,650.4155587878195,-83.50419877920126,733.9197575670207,12864.430834,0.0547100370474828
2025-09-17 00:00:00,1758067200000,116788.96,117286.73,114720.81,116447.59,16754.2454,115897.80999999998,112335.7352,112857.98727272726,59.40719982744614,771.9956907062733,87.59577911789366,684.3999115883796,13146.929232,0.0523007457347501
2025-09-18 00:00:00,1758153600000,116447.6,117900.0,116092.76,117073.53,11657.23365,116125.07285714286,112478.9328,112943.12272727273,61.17793425017837,908.385643739748,251.75375204226447,656.6318916974835,12600.775392,0.0624892172893283
2025-09-19 00:00:00,1758240000000,117073.53,117459.99,115100.0,115632.38,8992.09065,116068.35285714285,112699.7488,113043.73535353536,55.20678359931031,889.9283631393191,379.3886742616755,510.5396888776437,12514.960345,0.0404458123615341
2025-09-20 00:00:00,1758326400000,115632.39,116121.81,115408.47,115685.63,4674.92752,116035.11571428573,112856.6452,113140.89737373736,55.38007903575288,869.5737602399604,477.4256914573325,392.1480687826279,12274.230923,0.0323061845319909
2025-09-21 00:00:00,1758412800000,115685.63,115819.06,115188.0,115232.29,4511.52219,116030.01285714286,113015.45639999998,113240.06555555554,53.48302394174688,807.5528746607888,543.4511280980238,264.101746562765,11697.126923,0.03304365116612
2025-09-22 00:00:00,1758499200000,115232.29,115379.25,111800.0,112650.99,20781.71356,115644.48142857142,113018.82,113311.34818181818,44.19897016340033,543.8424614616233,543.5293947707437,0.3130666908796229,11810.698223,-0.0114865742365741
2025-09-23 00:00:00,1758585600000,112650.99,113290.5,111458.73,111998.8,12301.3203,114960.17285714284,113163.676,113363.91656565656,42.20549412534148,279.0075512746844,490.6250260715319,-211.6174747968475,11837.078196,-0.0301680710762799
2025-09-24 00:00:00,1758672000000,111998.8,113940.0,111042.66,113307.0,12369.25967,114511.51714285716,113343.3028,113452.3592929293,47.33640062192369,172.69407404815138,427.0388356668558,-254.3447616187044,11845.3844115,-0.02346318718132
2025-09-25 00:00:00,1758758400000,113307.01,113510.23,108631.51,108994.49,21231.14957,113357.36857142858,113373.2284,113493.85131313132,35.99254371044552,-256.58587618972524,290.31389329553963,-546.8997694852649,11827.571446,-0.0597300046437881
2025-09-26 00:00:00,1758844800000,108994.49,110300.0,108620.07,109643.46,14243.01591,112501.80857142856,113389.47,113544.20353535352,38.38546213020098,-538.2225793539692,124.60659876563788,-662.829178119607,12289.707293,-0.0487954116671224
2025-09-27 00:00:00,1758931200000,109643.46,109743.91,109064.4,109635.85,5501.78643,111637.55428571429,113325.3036,113608.22232323234,38.36734856948472,-753.3515909002745,-50.985039167544585,-702.3665517327299,12280.7316425,-0.0495351050297395
2025-09-28 00:00:00,1759017600000,109635.85,112350.0,109189.99,112163.95,7542.3316,111199.22,113343.63319999998,113709.67626262624,47.2694692168405,-711.6429635829845,-183.1166240506326,-528.5263395323519,12078.728117,-0.0396014315051697
2025-09-29 00:00:00,1759104000000,112163.96,114400.0,111560.65,114311.96,15541.12005,111436.50142857144,113486.8768,113844.50545454543,53.42495886316377,-499.50414772376826,-246.3941287852597,-253.1100189385085,12086.819995499998,-0.0183398385488269
2025-09-30 00:00:00,1759190400000,114311.97,114792.0,112656.27,114048.93,15044.15633,111729.37714285716,113622.4344,113932.53575757577,52.61499863301021,-348.5886179454683,-266.83302661730147,-81.75559132816682,11963.156900500002,-0.0258350457187035
2025-10-01 00:00:00,1759276800000,114048.94,118649.1,113966.67,118594.99,20036.39516,112484.8042857143,113958.71520000002,114058.91949494951,63.04355603883289,136.2712258175161,-186.212176130338,322.4834019478541,12281.140099,0.025620937664692
2025-10-02 00:00:00,1759363200000,118594.99,121022.07,118279.31,120529.35,19670.83503,114132.64142857144,114334.3956,114192.1393939394,66.4291332014578,668.9021435712057,-15.189312190029256,684.0914557612349,12498.476491,0.0418696773315752
2025-10-03 00:00:00,1759449600000,120529.35,123894.99,119248.3,122232.0,23936.328,115931.00428571428,114741.06639999998,114346.53272727272,69.11146566283112,1214.40668433471,230.7298871149186,983.6767972197914,13281.822694,0.060744345183108
2025-10-04 00:00:00,1759536000000,122232.21,122800.0,121510.0,122391.0,8208.16678,117753.16857142858,115174.8508,114501.51666666668,69.35768831294358,1640.6406500686862,512.7120397056722,1127.928610363014,13356.8509345,0.0864618233714589
2025-10-05 00:00:00,1759622400000,122390.99,125708.42,122136.0,123482.31,22043.097553,119370.07714285712,115555.7432,114665.00676767676,71.06268902668548,2042.9439491472149,818.7584215939808,1224.185527553234,13798.38023765,0.1025324378475482
2025-10-06 00:00:00,1759708800000,123482.32,126199.63,123084.0,124658.54,19494.628793,120848.16,115922.77719999998,114829.66949494948,72.81822469600041,2428.687742452079,1140.7442857656004,1287.9434566864786,14226.7662073,0.1001839250884764
2025-10-07 00:00:00,1759795200000,124658.54,125126.0,120574.94,121332.95,21633.99385,121888.7342857143,116134.9184,114972.96696969696,61.46453051160839,2437.9420791729644,1400.1838444470732,1037.7582347258913,14470.7536298,0.1132026031774633
2025-10-08 00:00:00,1759881600000,121332.96,124197.25,121066.14,123306.0,17012.618,122561.7357142857,116430.4268,115150.99585858584,64.9556826781203,2574.80411416314,1635.107898390287,939.6962157728536,14738.522847300002,0.1246088001965644
2025-10-09 00:00:00,1759968000000,123306.01,123762.94,119651.47,121662.4,21559.36007,122723.6,116686.2024,115280.41808080809,60.07329456796012,2521.576316914259,1812.4015820950813,709.174734819178,15366.8863183,0.1096954144105235
2025-10-10 00:00:00,1760054400000,121662.41,122550.0,102000.0,112774.5,64171.93927,121372.52857142856,116583.194,115312.63747474746,41.78353378502561,1742.1314465122705,1798.3475549785192,-56.21610846624867,18341.7369058,0.0054433710653021
2025-10-11 00:00:00,1760140800000,112774.49,113322.39,109561.59,110644.4,35448.51652,119694.44285714286,116337.4116,115339.50777777778,38.739391902946615,941.6794090575712,1627.0139257943297,-685.3345167367584,19888.5866223,-0.0320837819594731
2025-10-12 00:00:00,1760227200000,110644.4,115770.0,109565.06,114958.8,32255.30272,118476.79857142856,116277.86,115407.79747474748,47.1396871510029,647.9818935696239,1431.2075193493888,-783.2256257797649,20462.2660803,0.0079778915944237
2025-10-13 00:00:00,1760313600000,114958.81,115963.81,113616.5,115166.0,22557.24033,117120.7214285714,116201.5588,115468.02131313132,47.511931289232535,427.0213684030605,1230.370289160123,-803.3489207570626,20975.0620818,-0.0289134473555755
2025-10-14 00:00:00,1760400000000,115166.0,115409.96,109866.0,113028.14,31870.32974,115934.32,116097.3892,115516.15464646464,44.064017315268096,78.49626898876159,999.9954851258508,-921.4992161370892,21950.1155853,-0.0622355467776106
2025-10-15 00:00:00,1760486400000,113028.13,113612.35,110164.0,110763.28,22986.48811,114142.50285714286,115900.4952,115534.74353535355,40.69472537632856,-376.1318433043489,724.770019439811,-1100.90186274416,22037.8825123,-0.0938274756201322
2025-10-16 00:00:00,1760572800000,110763.28,111982.45,107427.0,108194.28,29857.17252,112218.48571428572,115618.9748,115504.0393939394,37.21840541716823,-932.9700299350808,393.2220095648327,-1326.192039499913,22818.5903428,-0.115994803539476
2025-10-17 00:00:00,1760659200000,108194.27,109240.0,103528.23,106431.68,37920.66838,111312.36857142855,115370.2024,115407.28868686868,35.008711636870515,-1499.2133951878495,14.73492861429628,-1513.9483238021458,24439.5344403,-0.1380815600226461
2025-10-18 00:00:00,1760745600000,106431.68,107499.0,106322.2,107185.01,11123.18766,110818.17,115177.6508,115302.81747474748,36.73748074651303,-1865.6716056259029,-361.3463782337436,-1504.3252273921594,24618.5772433,-0.1401711427071101
2025-10-19 00:00:00,1760832000000,107185.0,109450.07,106103.36,108642.78,15480.66423,109915.88142857145,114991.082,115214.1586868687,40.06014141443005,-2015.23217955172,-692.1235384973388,-1323.1086410543812,24615.554452300003,-0.1045896436211267
2025-10-20 00:00:00,1760918400000,108642.77,111705.56,107402.52,110532.09,19193.4416,109253.89428571428,115052.586,115127.7490909091,44.15397928585643,-1958.729470467355,-945.444724891342,-1013.2847455760128,24823.0187158,-0.1035952021799425
2025-10-21 00:00:00,1761004800000,110532.09,114000.0,107473.72,108297.67,37228.01659,108578.11285714286,114998.7544,115011.14797979798,40.62047072934613,-2070.383593316161,-1170.432498576306,-899.9510947398549,25682.5997873,-0.1098509481976354
2025-10-22 00:00:00,1761091200000,108297.66,109163.88,106666.69,107567.44,28610.78451,108121.56428571428,114916.01799999998,114908.21212121211,39.50772019506451,-2192.519745481856,-1374.849947957416,-817.6697975244394,26129.5972613,-0.0461723173235083
2025-10-23 00:00:00,1761177600000,107567.45,111293.61,107500.0,110078.18,17573.09294,108390.69285714286,114832.5872,114821.82575757576,45.07857000413986,-2062.9375314181525,-1512.4674646495632,-550.4700667685893,25811.4355083,-0.0051174754438543
2025-10-24 00:00:00,1761264000000,110078.19,112104.98,109700.01,111004.89,15005.16913,109044.00857142858,114700.3044,114739.27353535354,47.0180108946382,-1863.978161067178,-1582.7696039330865,-281.20855713409173,26151.2856258,-0.0343941481643859
2025-10-25 00:00:00,1761350400000,111004.9,111943.19,110672.86,111646.27,6407.96864,109681.33142857144,114604.198,114675.85363636364,48.37675068993644,-1635.6921796119425,-1593.3541190688577,-42.3380605430848,25369.52918015,-0.0305622319087229
2025-10-26 00:00:00,1761436800000,111646.27,115466.8,111260.45,114559.4,13454.47737,110526.56285714284,114442.7744,114642.71626262626,54.1306205736559,-1205.8088359690882,-1515.8450624489035,310.03622647981547,25067.521609,0.0135475997393215
2025-10-27 00:00:00,1761523200000,114559.41,116400.0,113830.01,114107.65,21450.23241,111037.35714285714,114185.9064,114610.82262626264,53.14145024418315,-891.301272306242,-1390.9363044203717,499.63503211412944,25058.333537,0.0301938512474531
2025-10-28 00:00:00,1761609600000,114107.65,116086.0,112211.0,112898.45,15523.42257,111694.6114285714,113812.56440000002,114565.5508080808,50.48224769129232,-731.1953318603628,-1258.9881099083698,527.792778048007,24983.8737655,0.0434789158909325
2025-10-29 00:00:00,1761696000000,112898.44,113643.73,109200.0,110021.29,21079.71376,112045.16142857145,113317.776,114465.21616161616,44.74488890202738,-826.9405314328615,-1172.5785942132682,345.6380627804067,24959.89145,0.0337268940976971
2025-10-30 00:00:00,1761782400000,110021.3,111592.0,106304.34,108322.88,25988.82838,111794.40428571428,112711.3988,114359.8312121212,41.72991191232456,-1028.0164509676251,-1143.6661655641396,115.64971459651451,23050.7359055,0.0106159434047727
2025-10-31 00:00:00,1761868800000,108322.87,111190.0,108275.28,109608.01,21518.20439,111594.85,112109.3776,114271.6192929293,44.76283340071486,-1071.321784495216,-1129.197289350355,57.87550485513907,22354.220299,0.0088844376036769
2025-11-01 00:00:00,1761955200000,109608.01,110564.49,109394.81,110098.1,7378.50431,111373.68285714283,111659.9836,114195.69797979796,45.91887815665024,-1053.9461707690352,-1114.1470656340912,60.20089486505594,21110.3803785,-0.0039263710656334
2025-11-02 00:00:00,1762041600000,110098.1,111250.01,109471.34,110540.68,12107.00087,110799.58,111149.3708,114121.1594949495,46.99767289481584,-993.0164885531412,-1089.9209502179012,96.90446166476,20587.8684055,0.0207115259266426
2025-11-03 00:00:00,1762128000000,110540.69,110750.0,105306.56,106583.04,28681.18779,109724.6357142857,110546.1964,113991.53818181818,39.424344421755954,-1249.6723046113038,-1121.8712210965818,-127.801083514722,20428.411308,-0.0091514681394296
2025-11-04 00:00:00,1762214400000,106583.05,107299.0,98944.36,101497.22,50534.87376,108095.88857142856,110095.1052,113824.21393939394,32.235565679430806,-1842.221080102885,-1265.9411928978425,-576.2798872050425,21805.8305905,-0.0779533237195599
2025-11-05 00:00:00,1762300800000,101497.23,104534.74,98966.8,103885.16,33778.77571,107219.29857142856,109824.7356,113682.13717171716,37.95610288057125,-2094.98378363502,-1431.749711045278,-663.2340725897418,22001.910750000003,-0.0641388861337549
2025-11-06 00:00:00,1762387200000,103885.16,104200.0,100300.95,101346.04,25814.62139,106222.60714285714,109280.2252,113515.52848484847,34.61040881958921,-2471.693664936436,-1639.7385018235095,-831.9551631129266,21396.6084005,-0.0922577171633231
2025-11-07 00:00:00,1762473600000,101346.04,104096.36,99260.86,103339.08,32059.50942,105327.0457142857,108807.1484,113390.02343434344,39.14480770130149,-2579.68033929012,-1827.726869316832,-751.9534699732885,22443.4244885,-0.0979432504011018
2025-11-08 00:00:00,1762560000000,103339.09,103406.22,101454.0,102312.94,12390.77985,104214.88,108378.5404,113279.06393939392,37.69545085310706,-2716.744538977029,-2005.5304032488712,-711.214135728158,22288.9302695,-0.103364761258338
2025-11-09 00:00:00,1762646400000,102312.95,105495.62,101400.0,104722.96,16338.97096,103383.77714285711,108136.9276,113200.0397979798,43.03054334756964,-2600.9186607946613,-2124.608054758029,-476.3106060366322,22146.2067375,-0.0724145459924382
2025-11-10 00:00:00,1762732800000,104722.95,106670.11,104265.02,106011.13,22682.25673,103302.07571428572,108049.6016,113117.23505050504,45.70666547143168,-2377.7717914404493,-2175.240802094513,-202.53098934593612,21418.9187445,-0.0364489454722807
2025-11-11 00:00:00,1762819200000,106011.13,107500.0,102476.09,103058.99,24196.50718,103525.18571428572,107914.694,112996.06292929292,40.95820116646575,-2411.3428562889603,-2222.4612129334027,-188.8816433555576,21198.204878,-0.0485944428360841
2025-11-12 00:00:00,1762905600000,103059.0,105333.33,100813.59,101654.37,20457.63906,103206.50142857144,107693.4684,112870.048989899,38.88807567001142,-2522.214740642783,-2282.411918475279,-239.802822167504,21342.432184,-0.0725644047364786
2025-11-13 00:00:00,1762992000000,101654.37,104085.01,98000.4,99692.02,36198.50771,102970.21285714286,107335.438,112715.501010101,36.13989670191257,-2736.877729915519,-2373.305080763327,-363.57264915219184,22402.099113,-0.094516435796803
2025-11-14 00:00:00,1763078400000,99692.03,99866.02,94012.45,94594.0,47288.14481,101720.91571428571,106697.9144,112484.41,30.17405202777805,-3280.551151939275,-2554.754294998517,-725.7968569407581,24446.1079215,-0.1442607373140819
2025-11-15 00:00:00,1763164800000,94594.0,96846.68,94558.49,95596.24,15110.89391,100761.38714285714,106189.8572,112271.49585858584,32.53201853564707,-3589.170144670817,-2761.6374649329773,-827.5326797378402,24528.9287485,-0.1030820663400104
2025-11-16 00:00:00,1763251200000,95596.23,96635.11,93005.55,94261.44,23889.4051,99266.88428571427,105657.6172,112047.24525252524,31.02915386795721,-3896.543200005559,-2988.618611947494,-907.9245880580648,24650.887383,-0.0712904254914568
2025-11-17 00:00:00,1763337600000,94261.45,96043.0,91220.0,92215.14,39218.59806,97296.0285714286,104943.0956,111773.72131313132,28.830302603406,-4256.195101478574,-3242.1339098537105,-1014.0611916248632,25835.646157500003,-0.1123357753889006
2025-11-18 00:00:00,1763424000000,92215.14,93836.01,89253.78,92960.83,39835.14769,95853.43428571428,104221.3332,111513.87111111112,30.755972921772155,-4429.984766718364,-3479.7040812266414,-950.2806854917226,26773.417854,-0.0827384079338471
2025-11-19 00:00:00,1763510400000,92960.83,92980.22,88608.0,91554.96,32286.6376,94410.66142857145,103417.6808,111225.19313131312,29.154344991931453,-4627.809777755581,-3709.325220532429,-918.484557223152,27088.308315,-0.1140335292321161
2025-11-20 00:00:00,1763596800000,91554.96,93160.0,86100.0,86637.23,39733.19073,92545.69142857144,102300.794,110854.79717171716,24.37304351543104,-5122.359860160781,-3991.9321484581,-1130.427711702681,27999.057632,-0.1532133667549774
2025-11-21 00:00:00,1763683200000,86637.22,87498.94,80600.0,85129.43,72256.12679,91193.61,101141.6652,110519.7905050505,23.12101703362731,-5571.733743980672,-4307.892467562614,-1263.8412764180584,31242.938756,-0.187098703092426
2025-11-22 00:00:00,1763769600000,85129.42,85620.0,83500.0,84739.74,14193.93263,89642.68142857144,100015.3168,110190.47424242424,22.79510118416367,-5891.39814020443,-4624.593602090978,-1266.8045381134525,31347.285344000004,-0.2006524220617213
2025-11-23 00:00:00,1763856000000,84739.75,88127.64,84667.57,86830.0,19734.46418,88581.04714285713,99087.6652,109881.88171717172,28.608260718537124,-5907.964625676585,-4881.2678068081,-1026.696818868485,30899.949163500005,-0.157472822118672
2025-11-24 00:00:00,1763942400000,86830.0,89228.0,85272.0,88300.01,24663.12795,88021.74285714285,98286.7504,109587.89181818182,32.4598004790155,-5736.35107867411,-5052.284461181302,-684.0666174928083,29606.361873000005,-0.1313702499951551
2025-11-25 00:00:00,1764028800000,88300.01,88519.99,86116.0,87369.96,19567.0411,87223.04714285713,97397.2284,109296.40606060608,31.308932837661587,-5610.716521009206,-5163.970873146883,-446.7456478623235,28895.775142499995,-0.1236012671826691
2025-11-26 00:00:00,1764115200000,87369.97,90656.08,86306.77,90484.02,21675.82239,87070.05571428571,96612.6652,109070.25535353537,39.09531311658503,-5199.930055362813,-5171.162709590069,-28.767345772743283,28688.835192499995,-0.0434486331056938
2025-11-27 00:00:00,1764201600000,90484.01,91950.0,90089.91,91333.95,16833.50932,87741.0157142857,95844.396,108838.56555555556,41.05909396608455,-4751.029661419205,-5087.136099955897,336.1064385366926,27927.5351875,-0.0445863770374233
2025-11-28 00:00:00,1764288000000,91333.94,93092.0,90180.63,90890.7,18830.86012,88564.05428571427,95216.70239999998,108620.2897979798,40.32878321604301,-4380.543259766302,-4945.817531917979,565.274272151677,28249.539201,-0.0357594791677275
2025-11-29 00:00:00,1764374400000,90890.71,91165.65,90155.47,90802.44,7429.88291,89430.15428571428,94788.91120000002,108356.31454545454,40.17554750149966,-4047.396098815836,-4766.133245297551,718.7371464817152,27804.0847985,-0.0153196102071742
2025-11-30 00:00:00,1764460800000,90802.44,92000.01,90336.9,90360.0,9687.74175,89934.43999999999,94247.9048,108103.0009090909,39.36800856894709,-3775.55355278551,-4568.017306795143,792.4637540096328,27154.359049499995,-0.0279776977034306
2025-12-01 00:00:00,1764547200000,90360.01,90417.0,83822.76,86286.01,34509.01227,89646.72571428573,93645.5036,107828.17686868686,32.82526166500769,-3844.535905009223,-4423.32102643796,578.7851214287366,27669.984304,-0.0575495855167214
2025-12-02 00:00:00,1764633600000,86286.01,92307.65,86184.39,91277.88,28210.22732,90205.0,93163.0556,107637.93343434345,44.90726607508957,-3456.557680625978,-4229.968357275563,773.4106766495852,28057.613717,0.0535641548096588
2025-12-03 00:00:00,1764720000000,91277.88,94150.0,90990.23,93429.95,25712.52585,90625.84714285714,92807.736,107452.74888888888,49.1532109298541,-2941.520066871293,-3972.2786991947096,1030.7586323234164,27533.314624,0.0975047054819937
2025-12-04 00:00:00,1764806400000,93429.95,94080.0,90889.0,92078.06,19803.94059,90732.14857142858,92301.94,107258.9716161616,46.71748123760383,-2612.322049634764,-3700.2873692827206,1087.965319647957,26159.104413,0.0865983303701427
2025-12-05 00:00:00,1764892800000,92078.06,92692.36,88056.0,89330.04,19792.97218,90509.19714285714,91634.6964,107024.25585858586,42.145621703912255,-2543.8485939692764,-3468.999614220032,925.1510202507556,26393.208326500004,0.0287923528734308
2025-12-06 00:00:00,1764979200000,89330.04,90289.97,88908.01,89236.79,8409.50016,90285.53285714284,91081.8084,106830.91636363637,41.995435795476126,-2468.6503185166075,-3268.929755079347,800.2794365627396,25619.2130795,0.0106090588211711
2025-12-07 00:00:00,1765065600000,89236.8,91760.0,87719.28,90395.31,13021.11185,90290.57714285716,90631.446,106644.84545454544,44.63511123361207,-2289.1839737201663,-3072.980598807512,783.7966250873451,24309.338769,0.034626890066105
2025-12-08 00:00:00,1765152000000,90395.32,92287.15,89612.0,90634.34,15793.63887,90911.76714285716,90269.13880000002,106466.94636363638,45.18933733506295,-2103.4209517432464,-2879.068669394658,775.6477176514122,23107.263328,0.0016612878163457
2025-12-09 00:00:00,1765238400000,90634.35,94588.99,89500.0,92678.8,21240.43014,91111.89857142857,90192.5308,106299.68757575758,49.81659378220456,-1770.8186872115475,-2657.4186729580365,886.599985746489,22554.952955,0.0147245356190113
2025-12-10 00:00:00,1765324800000,92678.81,94476.0,91563.15,92015.37,18998.68083,90909.81571428572,90049.296,106105.49929292932,48.38899461201939,-1542.9757883652055,-2434.5300960394707,891.5543076742651,21518.22746,0.0123738732345553
2025-12-11 00:00:00,1765411200000,92015.38,93555.0,89260.63,92513.38,19972.58758,90972.00428571428,89979.37359999999,105911.63737373737,49.55756779887947,-1307.1553315669153,-2209.0551431449594,901.899811578044,18904.0504995,0.0188424452030144
2025-12-12 00:00:00,1765497600000,92513.38,92754.0,89480.0,90268.42,16679.19169,91106.05857142856,89901.50479999998,105704.94595959596,44.64975585117383,-1286.584485567495,-2024.5610116294663,737.9765260619715,19028.3134525,-0.0010135015493581
2025-12-13 00:00:00,1765584000000,90268.43,90634.55,89766.39,90240.01,5895.70788,91249.37571428572,89792.672,105498.68353535351,44.58957496587842,-1258.0721192081985,-1871.2632331452128,613.1911139370145,18336.3756375,0.0458243462642438
2025-12-14 00:00:00,1765670400000,90240.0,90472.4,87577.36,88172.17,9416.94004,90931.78428571428,89657.36039999999,105276.30171717172,40.32883045731516,-1386.3522638644936,-1774.2810392890692,387.9287754245756,17574.066242,-0.0340247823459528
2025-12-15 00:00:00,1765756800000,88172.16,90052.64,85146.64,86432.08,19778.6919,90331.46142857142,89649.1544,105026.75363636365,37.11487655554104,-1609.8683627961873,-1741.3985039904928,131.53014119430554,17584.648781999997,-0.0748996440648849
2025-12-16 00:00:00,1765843200000,86432.08,88175.98,85266.0,87863.42,18456.05017,89643.55000000002,89758.51400000001,104782.2909090909,41.26157178503832,-1652.460766656688,-1723.610956523732,71.15018986704399,17423.660171,-0.0457724674042872
2025-12-17 00:00:00,1765929600000,87863.43,90365.85,85314.0,86243.22,19834.11729,88818.95714285715,89818.6532,104526.70333333334,38.19161196435064,-1796.2461455598386,-1738.1379943309537,-58.10815122888516,17573.6905695,-0.0345552291256109
2025-12-18 00:00:00,1766016000000,86243.23,89477.61,84450.01,85516.41,25405.41763,87819.39,89766.1096,104239.39434343435,36.86649055393072,-1946.4076117026707,-1779.791917805297,-166.6156938973736,17902.418445,-0.0416911007220227
2025-12-19 00:00:00,1766102400000,85516.41,89399.97,85110.24,88136.94,21256.65004,87514.89285714286,89759.58679999999,103963.17464646464,44.36216672601305,-1832.829072507404,-1790.3993487457187,-42.42972376168518,18593.7568015,-0.0249832651716112
2025-12-20 00:00:00,1766188800000,88136.95,88573.07,87795.76,88360.9,5123.13194,87246.44857142857,89799.2244,103683.69464646465,44.96357186005764,-1705.0903415423672,-1773.3375473050485,68.24720576268123,18365.526311,-0.0250836493099635
2025-12-21 00:00:00,1766275200000,88360.91,89081.77,87600.04,88658.86,7132.87258,87315.97571428571,89726.21800000001,103408.34686868687,45.80292545990814,-1561.8100213669968,-1731.0320421174383,169.22202075044152,16996.7193265,-0.0433749681696353
2025-12-22 00:00:00,1766361600000,88658.87,90588.23,87900.0,88620.79,14673.2197,87628.64857142858,89617.6916,103139.18303030304,45.70701032836388,-1434.791878535951,-1671.7840094011408,236.9921308651901,16319.8689455,-0.0368914454183034
2025-12-23 00:00:00,1766448000000,88620.79,88940.0,86601.9,87486.0,13910.32904,87574.73142857142,89481.5036,102857.7314141414,42.828026169839575,-1409.449893371624,-1619.3171861952376,209.86729282361352,15729.759105,-0.0543421935291954
2025-12-24 00:00:00,1766534400000,87486.0,88049.89,86420.0,87669.45,9140.8432,87778.47857142857,89356.18399999998,102563.59494949496,43.44816660343838,-1358.8987666090252,-1567.2335022779953,208.3347356689701,15196.6042355,-0.0287915751710288
2025-12-25 00:00:00,1766620800000,87669.44,88592.74,86934.72,87225.27,7096.58235,88022.60142857142,89230.79479999999,102268.41999999998,42.25310188170038,-1339.240319525954,-1521.634865727587,182.39454620163315,14561.784744,-0.0334080193475154
2025-12-26 00:00:00,1766707200000,87225.27,89567.75,86655.08,87369.56,18344.61505,87912.97571428573,89274.1368,101968.3798989899,42.8034678684245,-1297.0660909620055,-1476.721110774471,179.65501981246553,15058.5404885,-0.0091027588410266
2025-12-27 00:00:00,1766793600000,87369.56,87984.0,87253.05,87877.01,4469.55156,87843.84857142858,89138.10200000001,101688.02262626262,44.796132164779394,-1208.7618823610535,-1423.1292650917876,214.36738273073388,14630.962474,0.0167175196987043
2025-12-28 00:00:00,1766880000000,87877.0,88088.75,87435.0,87952.71,4446.29285,87742.97,88919.0124,101407.89212121212,45.10338599509396,-1119.7638627180131,-1362.4561846170327,242.6923218990196,14063.595173,0.0010162363358949
2025-12-29 00:00:00,1766966400000,87952.71,90406.08,86806.5,87237.13,19894.98575,87545.30428571429,88725.3752,101125.11272727272,42.68487108057612,-1094.3585326533212,-1308.836654224291,214.4781215709695,13996.3229535,0.0115245001288217
2025-12-30 00:00:00,1767052800000,87237.13,89400.0,86845.66,88485.49,13105.91001,87688.08857142857,88691.5932,100881.01676767676,47.93041002220376,-962.3984759627056,-1239.5490185719736,277.1505426092681,13701.6844125,0.0347194181795049
2025-12-31 00:00:00,1767139200000,88485.5,89200.0,87250.0,87648.22,11558.62047,87685.05571428571,88628.0504,100635.05131313132,44.95845270930277,-914.8342323907272,-1174.6060613357245,259.7718289449972,13280.986056999998,-0.0055450075757111
2026-01-01 00:00:00,1767225600000,87648.21,88919.45,87550.43,88839.04,6279.57133,87915.5942857143,88565.79960000001,100387.9002020202,49.732472552577775,-772.149150020763,-1094.1146790727323,321.96552905196927,12761.005039,0.0054112169522944
2026-01-02 00:00:00,1767312000000,88839.05,90961.81,88379.88,89995.13,17396.97301,88290.67571428571,88540.2312,100195.98747474748,53.91186301058467,-559.3357191038813,-987.1588870789622,427.8231679750809,13336.0682955,0.0150720413052909
2026-01-03 00:00:00,1767398400000,89995.14,90741.16,89314.01,90628.01,7057.46716,88683.67571428571,88458.1996,100003.91222222222,56.06537246279441,-335.7411995068542,-856.8753495645407,521.1341500576865,13218.0946515,0.0226495385563589
2026-01-04 00:00:00,1767484800000,90628.01,91810.0,90628.0,91529.73,10426.5297,89194.67857142857,88438.774,99821.02212121213,59.0045656708663,-84.80211777689692,-702.460703207012,617.6585854301151,12750.4865415,0.0462214525752691
2026-01-05 00:00:00,1767571200000,91529.74,94789.08,91514.81,93859.71,20673.59584,90140.76142857142,88492.6272,99636.1308080808,65.43852897382061,298.6363322140969,-502.2412961227903,800.8776283368873,12861.363825,0.0706090890270214
2026-01-06 00:00:00,1767657600000,93859.71,94444.44,91262.94,93747.97,18546.41829,90892.54428571428,88631.8092,99428.41373737376,64.91237633479258,586.7340769966395,-284.4462214989043,871.1802984955439,12796.978875,0.0747799347597317
2026-01-07 00:00:00,1767744000000,93747.97,93747.97,90675.52,91364.16,14276.49025,91423.39285714286,88676.77519999999,99199.27464646463,54.79108788500552,615.6037735983846,-104.43622247944656,720.0399960778311,12240.532506,0.0457207292791677
2026-01-08 00:00:00,1767830400000,91364.16,91687.99,89311.0,91099.99,16132.79117,91746.3857142857,88793.888,98921.54737373735,53.79014894980507,610.1336638294015,38.477754782323046,571.6559090470785,11984.3395625,0.0366760316492336
2026-01-09 00:00:00,1767916800000,91100.0,92082.55,89694.66,90641.28,15590.27939,91838.69285714286,88962.256,98619.64767676766,52.01329622827492,562.3026243940985,143.24272870467814,419.0598956894204,12507.696935,0.0305683588373797
2026-01-10 00:00:00,1768003200000,90641.27,90832.0,90404.0,90504.7,3104.11722,91821.07714285716,89067.9072,98299.1698989899,51.46814029291368,507.52488552719296,216.09916006918112,291.4257254580118,12306.259167,0.0374561840812506
2026-01-11 00:00:00,1768089600000,90504.7,91283.89,90236.0,91013.65,5477.13594,91747.35142857142,89258.72439999999,97982.22696969696,53.42704303431323,499.42409427219536,272.764146909784,226.6599473624114,11846.454979,0.0285714640897618
2026-01-12 00:00:00,1768176000000,91013.66,92519.95,90128.44,91296.2,16188.08268,91381.13571428572,89489.916,97657.11474747476,54.52445262675557,509.925478966732,320.1964133211736,189.7290656455584,11960.342661,0.0416206969177468
2026-01-13 00:00:00,1768262400000,91296.2,96495.0,91042.66,95414.0,23021.51482,91619.14,89780.9984,97361.71535353536,66.80179078615704,840.8274130838981,424.32261327371856,416.5047998101796,12654.376242,0.0740098046984749
2026-01-14 00:00:00,1768348800000,95413.99,97924.49,94559.28,96951.78,22851.89428,92417.37142857144,90124.6336,97115.44090909092,70.05332639334766,1213.170895220348,582.0922696630445,631.0786255573036,13442.1418385,0.0773002939159039
2026-01-15 00:00:00,1768435200000,96951.78,97193.34,95134.48,95604.8,21725.81369,93060.91571428571,90402.4712,96835.63080808082,64.12848836676596,1383.6162912506695,742.3970739805695,641.2192172701002,13611.2017705,0.0549144795301144
2026-01-16 00:00:00,1768521600000,95604.81,95871.47,94293.46,95550.94,11167.7146,93762.29571428572,90679.6772,96571.87868686867,63.89578118356025,1497.09190020604,893.3360392256636,603.7558609803764,13946.109922499998,0.0439333755272741
2026-01-17 00:00:00,1768608000000,95550.94,95639.45,95021.67,95147.77,4280.80137,94425.5914285714,90986.148,96393.8309090909,62.07978255404954,1536.7747060803958,1022.02377259661,514.7509334837857,13937.8353485,0.0137232471738939
2026-01-18 00:00:00,1768694400000,95147.77,95531.12,93615.4,93673.14,6895.17819,94805.51857142858,91226.2956,96222.40404040404,55.82966877739447,1432.7178194454464,1104.1625819663775,328.55523747906886,13287.8449705,-0.0007982039504429
2026-01-19 00:00:00,1768780800000,93673.14,93673.14,91910.2,92631.0,14295.52747,94996.20428571428,91442.5248,95996.8707070707,51.856231408174494,1251.7308248517363,1133.6762305434495,118.05459430828704,13347.3258435,0.0138658309779238
2026-01-20 00:00:00,1768867200000,92630.99,92870.0,87895.98,88427.66,22007.3261,93998.1557142857,91484.8488,95726.78646464646,39.61092959664619,760.3579849295638,1059.0125814206724,-298.6545964911086,13869.761125,-0.0293340317600474
2026-01-21 00:00:00,1768953600000,88427.66,90574.0,87263.53,89454.73,20617.50372,92927.14857142858,91547.9576,95488.67121212122,43.143867952292325,448.645725903014,936.9392103171408,-488.2934844141269,14586.6577445,-0.0130906139013041
2026-01-22 00:00:00,1769040000000,89454.73,90359.99,88515.37,89559.67,10825.50492,92063.55857142856,91612.236,95274.49333333332,43.50752667070597,207.6852297893201,791.0884142115767,-583.4031844222566,14258.084339999998,-0.0104417781617971
2026-01-23 00:00:00,1769126400000,89559.68,91224.99,88578.36,89600.26,13918.48919,91213.46142857142,91706.7612,95086.67494949496,43.65763832626643,19.76968178240349,636.8246677257421,-617.0549859433386,14601.1354415,-0.0155294288274341
2026-01-24 00:00:00,1769212800000,89600.26,89957.39,89162.08,89225.34,4226.56737,90367.4,91736.3552,94912.87353535354,42.53340055583251,-157.59104308662063,477.9415255632695,-635.5325686498902,14291.137324999998,-0.0226828717953211
2026-01-25 00:00:00,1769299200000,89225.34,89319.13,86074.72,86670.36,14426.22019,89367.00285714286,91697.2408,94705.65484848485,35.772810855611255,-498.569035014385,282.63941344773866,-781.2084484621237,13978.7685425,-0.0916389628356425
2026-01-26 00:00:00,1769385600000,86670.36,88860.0,86509.63,88347.08,17766.51453,88755.0142857143,91677.5624,94500.64777777776,42.25909249093888,-626.2798943878151,100.85555188062791,-727.135446268443,13939.7733545,-0.0887523674139866
2026-01-27 00:00:00,1769472000000,88347.08,89523.16,87304.33,89250.0,13125.40425,88872.49142857142,91647.7572,94285.67717171717,45.45368670151287,-647.1733609124349,-48.75023067798466,-598.4231302344502,13882.2190545,-0.0664694659682358
2026-01-28 00:00:00,1769558400000,89249.99,90600.0,88833.65,89299.99,14332.18502,88850.38571428573,91594.6364,94093.7814141414,45.63303025456489,-652.1798847033642,-169.43616148306057,-482.7437232203037,13792.188746999998,-0.0654200785465846
2026-01-29 00:00:00,1769644800000,89300.0,89348.0,83383.33,84650.16,30431.38201,88149.02714285713,91319.4536,93862.29373737374,34.32729970936312,-1019.59673514124,-339.4682762146965,-680.1284589265435,14534.243878,-0.110329543193708
2026-01-30 00:00:00,1769731200000,84650.16,84735.75,81118.0,84260.49,35195.84793,87386.20285714285,90935.4848,93601.508989899,33.57654188602169,-1326.924390212036,-536.9594990141645,-789.9648911978716,16138.830413499998,-0.1004839807868082
2026-01-31 00:00:00,1769817600000,84260.5,84270.02,75719.9,78741.09,39491.89133,85888.45285714287,90335.2096,93275.61202020202,25.17717133684744,-1992.880537173929,-828.1437066461175,-1164.7368305278114,17839.568183000003,-0.1499488292256372
2026-02-01 00:00:00,1769904000000,78741.1,79424.0,75700.0,76968.21,25395.48168,84502.43142857144,89759.3716,92925.32858585856,23.17202140536812,-2633.356486649209,-1189.186262646736,-1444.1702240024729,18299.938133,-0.129591238759456
2026-02-02 00:00:00,1769990400000,76968.22,79360.0,74604.0,78738.61,42273.59016,83129.79285714286,89264.91639999999,92563.50242424244,29.233060351662274,-2963.9156324016512,-1544.1321365977192,-1419.783495803932,19262.5419,-0.1197937772547074
2026-02-03 00:00:00,1770076800000,78738.6,79186.81,72945.5,75770.21,39120.10889,81204.10857142857,88670.07359999999,92176.25555555554,25.58803679134192,-3425.9193433769105,-1920.4895779535573,-1505.4297654233528,20075.9526305,-0.153969526685393
2026-02-04 00:00:00,1770163200000,75770.21,76971.52,71888.0,73165.83,38375.36,78899.22857142858,87976.51879999999,91774.91595959596,22.891163534678697,-3956.603056039836,-2327.712273570813,-1628.8907824690225,20908.429946,-0.1834194454346448
2026-02-05 00:00:00,1770249600000,73165.84,73341.18,62345.0,62909.86,106298.82899,75793.47142857143,86852.36720000001,91299.04292929292,15.82004229040109,-5145.4314570602,-2891.256110268691,-2254.175346791509,25664.9856655,-0.2949328072047693
2026-02-06 00:00:00,1770336000000,62909.87,71751.33,60000.0,70580.26,92539.21531,73839.15285714286,86023.7296,90917.80434343436,32.59119761566183,-5406.328563762072,-3394.270600967367,-2012.057962794705,30077.9063625,-0.1856470885779175
2026-02-07 00:00:00,1770422400000,70580.26,71690.07,67300.0,69289.38,44255.48036,72488.90857142858,84978.7448,90510.54545454546,31.45539727212764,-5652.100729254846,-3845.836626624863,-1806.2641026299823,31945.921471,-0.2157139771908703
2026-02-08 00:00:00,1770508800000,69289.37,72271.41,68888.0,70330.38,21420.53168,71540.64714285715,83913.88879999999,90108.85131313132,33.46900664735456,-5697.203129806105,-4216.109927261112,-1481.093202544993,32302.1716815,-0.211984537815126
2026-02-09 00:00:00,1770595200000,70330.38,71453.53,68308.0,70138.0,29152.72842,70311.98857142858,82895.2168,89700.74343434343,33.27446752619967,-5682.960929328532,-4509.480127674596,-1173.4808016539364,32659.4417975,-0.2145799792362799
2026-02-10 00:00:00,1770681600000,70138.0,70527.59,67800.0,68841.29,20373.77072,69322.14285714286,81826.8308,89319.51363636363,31.927382332052048,-5710.48067619848,-4749.680237379373,-960.8004388191076,32647.255147500004,-0.1867553469479562
2026-02-11 00:00:00,1770768000000,68841.28,69292.88,65756.0,67082.52,28718.24602,68453.09857142858,80704.2208,88971.89040404039,30.1448091850384,-5807.265769316553,-4961.197343766809,-846.0684255497436,33541.89220250001,-0.2038674353780757
2026-02-12 00:00:00,1770854400000,67082.52,68410.52,65118.0,66272.17,24271.74283,68933.42857142857,79608.182,88591.9612121212,29.332208687535346,-5881.558183932531,-5145.269511799954,-736.2886721325776,34059.5548845,-0.1583534086205816
2026-02-13 00:00:00,1770940800000,66272.17,69482.97,65872.46,68853.96,20244.54955,68686.81428571428,78657.1004,88263.75838383839,35.314965123238395,-5666.783429754942,-5249.572295390952,-417.2111343639899,34860.4539935,-0.1054233949314918
2026-02-14 00:00:00,1771027200000,68853.97,70560.01,68730.13,69822.95,18114.78393,68763.03857142858,77912.912,87925.21161616161,37.45516493030325,-5356.635534832269,-5270.984943279216,-85.65059155305244,35044.882180500004,-0.1132311073309524
2026-02-15 00:00:00,1771113600000,69822.94,70983.0,68000.0,68832.58,22290.05208,68549.06714285714,77088.026,87587.02616161616,36.13906086389144,-5131.601764909006,-5243.108307605175,111.50654269616824,35271.059058,-0.0915614461145086
2026-02-16 00:00:00,1771200000000,68832.59,70126.67,67294.11,68892.43,15515.76534,68371.12857142858,76261.3364,87225.10161616163,36.284765431108845,-4892.039104542811,-5172.894466992702,280.8553624498909,35390.5771125,-0.0584070460213463
2026-02-17 00:00:00,1771286400000,68892.43,69241.5,66621.06,67503.52,16489.06921,68180.01857142858,75377.4668,86836.13585858587,34.32739362813064,-4759.394067451998,-5090.194387084562,330.8003196325635,35498.421322,0.0730197142387536
2026-02-18 00:00:00,1771372800000,67503.52,68476.22,65870.0,66461.0,15492.43839,68091.23,74466.8932,86466.4591919192,32.89306608104701,-4684.395772666292,-5009.034664200908,324.63889153461605,34751.474141,-0.0583627773544613
2026-02-19 00:00:00,1771459200000,66461.0,67320.0,65631.83,67003.73,14542.26988,68195.73857142858,73680.228,86116.45272727273,34.4291067887048,-4528.958296436293,-4913.019390647985,384.0610942116928,33718.795238499995,-0.0329870176353145
2026-02-20 00:00:00,1771545600000,67003.73,68318.39,66280.2,68020.01,35351.87091,68076.60285714285,72867.1452,85796.53343434344,37.32220560855525,-4274.493968376482,-4785.314306193684,510.820337817202,33511.7942175,-0.0328502419580273
2026-02-21 00:00:00,1771632000000,68020.0,68698.7,67534.69,67975.93,8032.84131,67812.74285714285,72016.1824,85527.66404040404,37.24544503226287,-4029.931500883729,-4634.237745131693,604.3062442479641,32643.662199,-0.0308259431406656
2026-02-22 00:00:00,1771718400000,67975.93,68245.0,67190.0,67643.4,8175.13484,67642.86,71149.9188,85245.31212121212,36.63334634602061,-3818.924194433479,-4471.17503499205,652.2508405585713,30938.739433,-0.0174007488819573
2026-02-23 00:00:00,1771804800000,67643.39,67684.86,63888.79,64656.02,33075.90923,67037.65857142856,70350.1532,84946.26747474748,31.60776419734209,-3848.394091722482,-4346.618846338137,498.2247546156541,30636.52945,-0.0361718671272338
2026-02-24 00:00:00,1771891200000,64656.01,65026.75,62510.28,64058.15,23102.83622,66545.46285714286,69542.0596,84661.85343434343,30.700048548207903,-3875.320032997668,-4252.359083670043,377.0390506723752,29872.903261000007,-0.0334079901110827
2026-02-25 00:00:00,1771977600000,64058.15,69988.83,63913.27,67988.04,30749.99259,66763.61142857143,69111.9376,84409.60303030303,42.407901637324834,-3538.7571660993417,-4109.638700155903,570.8815340565616,26095.461441,-0.0125761829820683
2026-02-26 00:00:00,1772064000000,67988.04,68860.0,66500.0,67485.18,20737.77792,66832.38999999998,68732.6164,84166.47393939394,41.44307847248031,-3274.8547813089244,-3942.681916386508,667.8271350775835,22505.3895715,-0.0334813983081494
2026-02-27 00:00:00,1772150400000,67485.19,68216.8,64914.46,65872.1,21228.58424,66525.54571428572,68217.95599999999,83956.72515151516,38.4232096556441,-3159.452117654786,-3786.035956640164,626.583838985378,21354.0447655,-0.0430098653864201
2026-02-28 00:00:00,1772236800000,65872.09,67760.0,63030.0,66973.26,22548.71649,66382.30714285714,67866.078,83773.3294949495,41.554110036493206,-2945.1899496333936,-3617.86675523881,672.6768056054166,21410.454006,-0.0278574873901239
2026-03-01 00:00:00,1772323200000,66973.26,68199.99,65056.0,65776.47,23201.85859,66115.60285714285,67570.5036,83581.78131313132,39.22004731233412,-2839.2277387946087,-3462.1389519499703,622.9112131553616,21112.9105145,-0.0255845917368457
2026-03-02 00:00:00,1772409600000,65776.48,70096.0,65259.21,68830.06,32010.38431,66711.89428571428,67807.3116,83399.96373737374,47.34653610839013,-2480.2618159004487,-3265.7635247400663,785.5017088396175,21694.741194,0.0356458675012412
2026-03-03 00:00:00,1772496000000,68830.06,69258.08,66158.0,68338.0,24972.2418,67323.30142857143,67717.6212,83198.32727272727,46.27288982025341,-2210.0082658734027,-3054.612472966733,844.6042070933308,21507.440983,0.0199133690019943
2026-03-04 00:00:00,1772582400000,68338.01,74050.0,67400.0,72666.77,44919.0761,67991.69142857143,67852.7168,83049.8102020202,55.77413425304279,-1627.7708888906927,-2769.2441561515257,1141.473267260833,22539.8076465,0.0683146033057038
2026-03-05 00:00:00,1772668800000,72666.77,73558.15,70645.47,70890.72,26590.51253,68478.19714285714,67875.1304,82851.89808080808,51.731905861130336,-1294.7311104695837,-2474.341547015137,1179.6104365455535,22857.1057955,0.042879736989255
2026-03-06 00:00:00,1772755200000,70891.02,71419.98,67744.78,68114.02,22629.88722,68798.47142857143,67794.1712,82617.35333333333,46.10586779063141,-1240.550872555963,-2227.5834121233024,987.0325395673394,23082.86096,0.0069573676071872
2026-03-07 00:00:00,1772841600000,68114.02,68551.04,66915.26,67262.91,12719.54315,68839.85,67731.036,82378.6887878788,44.50806094176416,-1251.859451141514,-2032.438619926945,780.579168785431,22604.3355135,0.0403193701066042
2026-03-08 00:00:00,1772928000000,67262.91,68200.0,65618.49,65971.2,21593.63901,68867.66857142857,67686.5832,82127.86818181818,42.12221035646308,-1349.4956371998123,-1895.850023381519,546.3543861817063,22908.229197,0.0298642717593311
2026-03-09 00:00:00,1773014400000,65971.2,69516.65,65821.97,68432.16,28896.7213,68810.82571428572,67772.9828,81906.37484848485,47.85708692510966,-1214.2964594711375,-1759.5393105994424,545.2428511283049,23528.611801500003,0.0065323253913482
2026-03-10 00:00:00,1773100800000,68432.16,71777.0,68391.41,69948.63,32602.57726,69040.91571428571,67816.7696,81741.35080808081,51.074184011404576,-973.5610756726384,-1602.3436636140816,628.7825879414434,24384.118745,0.0365035701171725
2026-03-11 00:00:00,1773187200000,69948.64,71321.0,68977.91,70191.86,27249.27542,68687.35714285714,67831.52600000001,81528.36070707071,51.590090685394,-754.4530561647261,-1432.7655421242107,678.3124859594845,25019.469022,0.06557799128918
2026-03-12 00:00:00,1773273600000,70191.86,70800.0,69205.91,70541.34,21997.1605,68637.44571428571,67899.8764,81297.16262626264,52.367282641560216,-546.3107268503809,-1255.4745790694449,709.163852219064,24351.7335015,0.0532761881383705
2026-03-13 00:00:00,1773360000000,70541.34,73913.74,70386.01,70930.0,35996.61678,69039.72857142857,67981.3792,81083.54585858586,53.2658701794704,-346.0062725231837,-1073.5809177601927,727.574645237009,25749.922275,0.0783491421780462
2026-03-14 00:00:00,1773446400000,70930.01,71307.92,70317.0,71211.95,13017.24737,69603.87714285713,68129.7164,80900.53484848484,53.94463942432965,-162.63775391898525,-891.3922849919513,728.7545310729661,25992.0279015,0.0346053744541265
2026-03-15 00:00:00,1773532800000,71211.95,73199.0,70858.82,72815.24,14037.30704,70581.59714285715,68383.886,80734.6606060606,57.70636950897854,110.77823933408943,-690.9581801267433,801.7364194608327,25040.097792,0.0655161110948521
2026-03-16 00:00:00,1773619200000,72815.25,74909.08,72270.41,74884.67,28409.53019,71503.38428571429,68699.1236,80577.98747474747,62.01859809701916,488.8133538277034,-455.00387333585394,943.8172271635574,25305.432490500003,0.0305215162308714
2026-03-17 00:00:00,1773705600000,74884.67,76000.0,73399.19,73909.36,24521.26636,72069.20285714285,68934.6976,80409.04828282828,58.96709937286483,701.6216816636879,-223.67876233594555,925.3004439996334,24993.996179,0.0425815960114384
2026-03-18 00:00:00,1773792000000,73909.37,74672.34,70500.0,71246.54,23392.88093,72219.87142857142,69065.522,80192.56080808082,51.51454831000319,647.9374749065464,-49.35551488744719,697.2929897939936,25126.751329500003,0.0459893572571401
2026-03-19 00:00:00,1773878400000,71246.55,71613.79,68793.35,69930.0,22364.81819,72132.53714285714,69156.98599999999,79969.47626262627,48.26653185173424,493.4701622061548,59.20962053127321,434.2605416748816,25183.563027000004,0.0396517189042222
2026-03-20 00:00:00,1773964800000,69930.01,71367.0,69388.0,70510.73,18121.16745,72072.64142857143,69391.17439999999,79747.22727272728,49.77094869526611,413.1512116607628,129.99793875717114,283.15327290359164,24962.185575,0.0688107840997283
2026-03-21 00:00:00,1774051200000,70510.73,71100.94,68571.42,68918.12,13397.1675,71744.95142857144,69585.5732,79531.56767676768,45.83446364344843,218.46917107207992,147.6921852201529,70.77698585192701,24471.9510205,0.007101339487165
2026-03-22 00:00:00,1774137600000,68918.12,69588.79,67360.66,67859.0,14843.78682,71036.91714285714,69580.4116,79305.49686868687,43.37739885824524,-21.037375498213805,113.94627307647956,-134.98364857469338,23613.621146,-0.029873780229863
2026-03-23 00:00:00,1774224000000,67859.0,71817.09,67445.18,70906.45,28335.09119,70468.59999999999,69717.2624,79131.09565656565,51.44324944629484,34.65621195238782,98.08826085166125,-63.43204889927341,23781.7636155,0.010180525206199
2026-03-24 00:00:00,1774310400000,70906.45,71400.0,68923.07,70556.74,20702.42244,69989.65428571428,69904.648,78970.73868686869,50.55329863911796,49.99875241138216,88.47035916360542,-38.47160675222327,22570.9309325,0.000218311702046
2026-03-25 00:00:00,1774396800000,70556.74,72026.09,70408.0,71336.53,17719.50066,70002.51,70079.1788,78803.80040404039,52.52550456506682,123.65494505121023,95.50727634112638,28.14766871008385,22127.380339000003,0.0057314253489355
2026-03-26 00:00:00,1774483200000,71336.53,71436.82,68153.0,68820.31,20820.45768,69843.98285714285,70200.9324,78627.81141414141,46.13156205566731,-20.7704874395422,72.25172358499266,-93.02221102453484,22036.908862,-0.033584812661358
2026-03-27 00:00:00,1774569600000,68820.31,69179.05,65548.25,66407.28,28603.69557,69257.77571428572,70104.0212,78434.7898989899,40.97968063686384,-326.18003725493327,-7.434628582992531,-318.7454086719407,22831.116483,-0.0880030059641361
2026-03-28 00:00:00,1774656000000,66407.28,67288.94,65932.09,66377.03,11462.39847,68894.76285714286,70025.5824,78214.99282828283,40.9179885707159,-564.1569775689277,-118.77909838017956,-445.3778791887481,22324.554456,-0.1136099017328914
2026-03-29 00:00:00,1774742400000,66377.04,67130.5,65000.0,66010.93,10052.85584,68630.75285714286,69759.34879999999,77989.23555555556,40.13058875179111,-773.3815663896385,-249.69959198207133,-523.6819744075672,21382.361183,-0.1068664374850493
2026-03-30 00:00:00,1774828800000,66010.93,68169.65,65800.59,66797.37,18353.38975,68043.74142857143,69595.6148,77768.41242424243,42.68223705518098,-865.754545478354,-372.9105826813279,-492.84396279702605,20669.9018075,-0.0624475237674699
2026-03-31 00:00:00,1774915200000,66797.38,68589.49,65998.05,68284.48,22105.40662,67719.13285714285,69602.4332,77562.99515151515,47.259658966108,-809.6305314255878,-460.2545724301799,-349.3759589954079,20412.7083675,-0.0235309595309596
2026-04-01 00:00:00,1775001600000,68284.49,69310.0,67578.75,68113.92,19020.1899,67258.76,69636.4736,77367.31757575757,46.798045779243175,-770.0380927070364,-522.2112764855513,-247.8268162214852,20263.8598375,-0.033992131410354
2026-04-02 00:00:00,1775088000000,68113.92,68653.38,65712.12,66901.99,20203.47916,66984.71428571429,69673.70520000001,77157.54525252526,43.543460916681,-826.921189520639,-583.1532590925688,-243.76793042807023,19474.2029565,-0.029253990097234
2026-04-03 00:00:00,1775174400000,66901.99,67370.42,66282.0,66964.3,11429.13131,67064.28857142857,69614.9908,76952.88898989899,43.76002076194485,-857.0935167732241,-637.9413106286999,-219.15220614452423,19394.7971535,-0.0131846917873825
2026-04-04 00:00:00,1775260800000,66964.29,67562.93,66775.91,67300.42,7373.51613,67196.20142857142,69509.0624,76750.1704040404,44.98593117634405,-844.1523655691417,-679.1835216167883,-164.96884395235338,19061.607608,-0.0508561632968509
2026-04-05 00:00:00,1775347200000,67300.42,69136.2,66611.66,69034.18,11733.46752,67628.09428571428,69462.7552,76559.83878787878,50.92786540336743,-686.087675986797,-680.5643524907902,-5.52332349600681,18227.8044745,-0.0215792282920103
2026-04-06 00:00:00,1775433600000,69034.18,70351.46,68300.0,68853.66,20281.61044,67921.85,69395.24799999999,76366.91909090908,50.31846534691455,-568.8296123426699,-658.2174044611661,89.38779211849624,18015.8216785,-0.0348050290643516
2026-04-07 00:00:00,1775520000000,68853.66,72761.0,67732.01,71924.22,23750.49661,68441.81285714285,69435.01680000001,76212.24323232324,59.25042996310856,-225.5334130506235,-571.6806061790576,346.1471931284341,18033.7024625,0.0451016567638244
2026-04-08 00:00:00,1775606400000,71924.22,72857.0,70707.23,71069.93,19802.68627,68864.1,69429.336,76036.32848484849,56.22191288409805,-22.147463029206847,-461.7739775490874,439.6265145198806,17905.5958665,0.070212934485496
2026-04-09 00:00:00,1775692800000,71069.93,73145.0,70466.0,71787.97,18158.42159,69562.09714285714,69388.24519999999,75876.12393939393,58.1578042664623,194.73244041239377,-330.4726939567912,525.205134369185,17907.4585735,0.0815182601571657
2026-04-10 00:00:00,1775779200000,71787.98,73434.0,71426.15,72962.7,17372.63288,70419.01142857142,69311.3664,75715.75686868686,61.18213934691257,456.1440748419991,-173.14934019703315,629.2934150390322,18106.2318425,0.1053124081118082
2026-04-11 00:00:00,1775865600000,72962.71,73790.0,72513.09,73043.16,9070.94374,71239.40285714286,69276.7184,75544.52484848484,61.38799577702462,662.173998399754,-6.084672477675696,668.2586708774297,17817.5896885,0.0935035316510217
2026-04-12 00:00:00,1775952000000,73043.16,73137.24,70505.88,70740.98,13472.46801,71483.23142857142,69256.496,75343.64575757575,52.76560512610018,632.3976251370332,121.61178704526608,510.7858380917671,17074.4585295,0.0359744996227546
2026-04-13 00:00:00,1776038400000,70741.56,74900.0,70566.99,74417.99,24230.21625,72278.1357142857,69436.0156,75170.79989898989,61.956621445272354,895.1844822658168,276.32632608937627,618.8581561764405,17250.84822,0.0925518601777728
2026-04-14 00:00:00,1776124800000,74418.0,76038.0,73795.47,74131.55,26532.94456,72593.46857142857,69580.8484,74971.52555555555,60.96148133721161,1068.0201739505865,434.6650956616184,633.3550782889681,17691.520415,0.1080619574993209
2026-04-15 00:00:00,1776211200000,74131.55,75425.0,73514.0,74809.99,14425.04167,73127.76285714286,69816.5232,74780.23282828282,62.49791692664838,1245.3821526329411,596.808507055883,648.5736455770582,17371.749614499997,0.1171622790053805
2026-04-16 00:00:00,1776297600000,74809.99,75534.76,73309.85,75154.29,17088.68777,73608.66571428571,70108.3348,74616.49676767677,63.28758440129215,1397.6141057016505,756.9696267850364,640.6444789166138,16795.9992245,0.1166986773633804
2026-04-17 00:00:00,1776384000000,75154.28,78333.0,74529.4,77072.0,25941.36694,74195.70857142856,70354.9568,74474.79989898989,67.40454322871255,1653.9366432261304,936.3630300732552,717.573613152875,17519.947648,0.1164324686698676
2026-04-18 00:00:00,1776470400000,77072.01,77420.08,75445.16,75691.76,9141.84456,74574.08,70560.3576,74323.79464646465,62.01426111117371,1725.8062479165092,1094.251673641906,631.554574274603,17474.397084000004,0.0993135295930527
2026-04-19 00:00:00,1776556800000,75691.76,76240.66,73762.9,73801.79,11369.82232,75011.33857142857,70658.968,74155.07838383838,55.47262977139667,1611.680197483991,1197.7373784103231,413.9428190736678,17125.2187125,0.0261048364514762
2026-04-20 00:00:00,1776643200000,73801.8,76558.62,73724.31,75840.97,16993.41034,75214.62142857142,70939.7944,74001.818989899,60.33439427378784,1666.5681044387602,1291.5035236160106,375.0645808227496,16869.6188985,0.0671316265542967
2026-04-21 00:00:00,1776729600000,75840.97,76927.57,74821.57,76336.15,14912.57132,75529.56428571428,71336.9492,73850.70737373737,61.43554380762345,1730.0807596946252,1379.2189708317337,350.86178886289144,16664.2379695,0.0633557405230986
2026-04-22 00:00:00,1776816000000,76336.14,79472.82,76132.95,78178.23,19737.51225,76010.74142857142,71808.99720000001,73676.6086868687,65.29522566548694,1907.071919684895,1484.789560602366,422.28235908252896,16640.939624,0.0714821408747208
2026-04-23 00:00:00,1776902400000,78178.22,78662.5,76960.0,78257.48,16970.79501,76454.05428571429,72298.8592,73487.77737373738,65.45540991375383,2030.3291314187368,1593.8974747656405,436.431656653097,16918.022809000002,0.0713868348521613
2026-04-24 00:00:00,1776988800000,78257.48,78581.93,77264.08,77437.13,12675.14315,76506.21571428572,72724.44959999999,73304.26555555555,62.252308854520656,2038.3194923906408,1682.7818782906404,355.53761410000084,17183.10416,0.0946572976512343
2026-04-25 00:00:00,1777075200000,77437.13,77885.35,77140.23,77625.0,5685.1142,76782.39285714286,73098.0704,73123.19545454545,62.70244961438861,2036.3378151761424,1753.493065667741,282.8447495084017,16880.686494,0.043094552809072
2026-04-26 00:00:00,1777161600000,77625.0,78961.0,77326.51,78657.55,7963.56162,77476.07285714286,73519.8156,72956.62757575758,65.16143815360923,2093.9477510886936,1821.584002751932,272.3637483367622,16264.784053,0.0610536269644976
2026-04-27 00:00:00,1777248000000,78657.55,79485.66,76459.64,77371.32,16046.92418,77694.69428571429,73938.5888,72791.96272727272,59.866596339394015,2012.615846164481,1859.790371434441,152.82547473003956,15879.605431500002,0.0342378070094648
2026-04-28 00:00:00,1777334400000,77371.32,77478.0,75666.6,76342.77,13210.72383,77695.64,74313.7276,72627.43515151515,55.951305651104136,1843.908902464129,1856.614077640379,-12.705175176250124,15550.0073095,0.0158138677113444
2026-04-29 00:00:00,1777420800000,76342.78,77904.93,74937.52,75780.0,18279.93022,77353.03571428571,74652.9108,72499.681010101,53.87515810345569,1645.824557371685,1814.4561735866405,-168.63161621495533,15556.082741,-0.0167635457753788
2026-04-30 00:00:00,1777507200000,75780.0,76669.14,75323.65,76346.57,10381.81607,77080.04857142856,74945.40639999999,72367.27535353535,55.65901750333243,1517.0709017309127,1754.9791192154948,-237.9082174845821,15206.541900499997,0.0086510077186738
2026-05-01 00:00:00,1777593600000,76346.58,78914.12,76320.42,78231.13,17315.46502,77193.47714285714,75320.5052,72252.84565656565,61.05443239110932,1549.2422438729843,1713.831744146993,-164.58950027400851,15618.7679645,0.0600167014919288
2026-05-02 00:00:00,1777680000000,78231.13,79199.48,78040.0,78686.85,6150.87642,77345.17000000001,75591.0104,72142.6091919192,62.250627638243486,1593.1462612905743,1689.6946475757095,-96.54838628513517,15252.688385,0.037524309090456
2026-05-03 00:00:00,1777766400000,78686.84,79447.0,78084.08,78568.57,7425.7929,77332.45857142858,75890.95599999999,72034.96505050505,61.72075296614506,1599.9530411899177,1671.7463262985511,-71.79328510863343,14412.4672175,0.0292445977430091
2026-05-04 00:00:00,1777852800000,78568.58,80776.99,78202.0,79861.01,26042.96135,77688.12857142858,76213.87759999999,71966.18373737374,65.20588312559144,1690.1535320946568,1675.4277674577725,14.725764636884378,14387.968057,0.0215249181261842
2026-05-05 00:00:00,1777939200000,79861.01,81791.48,79808.72,80905.52,16947.17995,78339.95,76531.5904,71891.01646464647,67.76052742652112,1824.8851585061348,1705.3192456674449,119.56591283868988,14514.074971,0.0338375322077839
2026-05-06 00:00:00,1778025600000,80905.53,82850.0,80731.14,81447.01,18798.77396,79149.52285714286,76867.74440000001,71812.19838383839,69.03001411256042,1952.843496480869,1754.82409583013,198.0194006507395,14599.579280499998,0.0517823943113593
2026-05-07 00:00:00,1778112000000,81447.01,81708.32,79500.0,80006.0,16154.80338,79672.29857142856,77238.3452,71718.3196969697,62.02993735602279,1915.8887641649928,1787.0370294971026,128.85173466789,14110.251102500002,0.0306731078904991
2026-05-08 00:00:00,1778198400000,80006.0,80500.0,79181.48,80193.17,16001.31009,79952.59,77469.35239999999,71673.2995959596,62.56099669134908,1880.0330762917,1805.6362388560224,74.39683743567775,14453.224379,0.0195228557207793
2026-05-09 00:00:00,1778284800000,80193.18,81080.0,80129.85,80678.4,7548.42177,80237.09714285715,77731.2264,71637.11686868686,63.96797215952749,1869.2239410486072,1818.35377929454,50.870161754067794,14262.154351500005,0.0427429698756591
2026-05-10 00:00:00,1778371200000,80678.41,82479.32,80279.77,82210.07,12034.31882,80757.31142857144,78027.2296,71672.15707070706,68.04966157279446,1961.6380494359616,1847.010633322824,114.62741611313776,14014.1997755,0.0768546910205119
2026-05-11 00:00:00,1778457600000,82210.07,82380.0,80462.97,81745.65,12951.76056,81026.5457142857,78290.884,71720.41404040404,65.62230745153425,1974.639666554984,1872.536439969256,102.1032265857275,13916.159237499998,0.0787232779097386
2026-05-12 00:00:00,1778544000000,81745.66,81788.0,79843.59,80504.47,12386.25676,80969.25285714286,78428.18280000001,71738.25101010101,59.51254620741436,1863.3115925991733,1870.69147049524,-7.3798778960663185,13548.596463,0.0544608618304658
2026-05-13 00:00:00,1778630400000,80504.47,81324.64,78754.65,79313.61,14810.05643,80664.48142857142,78573.0568,71774.04292929293,54.28977055692061,1659.8570435728325,1828.5245851107584,-168.66754153792567,13440.559534,0.0138369470056229
2026-05-14 00:00:00,1778716800000,79313.61,82048.13,78922.0,81089.99,19727.86807,80819.33714285714,78864.58480000001,71854.08494949495,59.93769208373118,1623.2451086539222,1787.468689819391,-164.2235811654689,13793.19578,0.0305405541078338
2026-05-15 00:00:00,1778803200000,81090.0,81664.45,78659.0,79113.21,17351.27079,80665.05714285714,78995.4744,72017.75515151514,52.20711222291188,1418.3701726501895,1713.6489863855509,-295.2788137353614,14376.5036095,0.006932034018183
2026-05-16 00:00:00,1778889600000,79113.2,79227.77,77640.0,78148.05,12132.86192,80303.57857142857,79067.9504,72094.19747474747,48.89144749220273,1164.6990384859964,1603.85899680564,-439.1599583196437,14584.9686245,-0.0214492654175045
2026-05-17 00:00:00,1778976000000,78148.05,78599.99,76735.16,77457.67,8442.7022,79624.66428571429,79039.128,72176.70545454546,46.61108584164342,897.6078759529628,1462.6087726351047,-565.000896682142,14204.7575255,-0.0426157572437579
2026-05-18 00:00:00,1779062400000,77457.67,77800.0,76051.0,77001.87,18745.51678,78946.98142857142,78988.90359999999,72244.09424242424,45.11497971120463,641.7591545843025,1298.4388490249444,-656.6796944406419,14481.497173,-0.0545770802390412
2026-05-19 00:00:00,1779148800000,77001.88,77414.62,76144.71,76834.36,11024.85978,78422.68000000001,78964.7928,72311.73424242425,44.54904969672276,420.6317614369618,1122.877431507348,-702.245670070386,14118.743651,-0.0396425268104891
2026-05-20 00:00:00,1779235200000,76834.36,77748.05,76516.74,77474.59,5950.4256,78159.96285714286,78958.7764,72398.9392929293,47.2715440077564,293.6627581285138,957.0344968315812,-663.3717387030673,13897.1741275,-0.0339003932629176
