datetime,timestamp,open,high,low,close,volume,sma_7,sma_25,sma_99,rsi_14,macd,macd_signal,macd_hist,volume_sma_20,roc_12
2018-06-05 00:00:00,1528156800000,591.02,614.0,570.36,609.05,89053.74351,589.2257142857143,631.5083999999999,612.680101010101,45.50824098554311,-20.326613612939923,-22.75036486097934,2.423751248039416,116757.7699955,0.0114085489388555
2018-06-06 00:00:00,1528243200000,609.29,613.35,593.4,607.4,70152.92117,596.3985714285715,628.44,610.0264646464647,55.14843723371621,-18.062070195846218,-21.81270592795272,3.750635732106499,114929.2468665,0.0373153445478611
2018-06-07 00:00:00,1528329600000,606.68,618.0,598.24,605.16,60174.1888,600.3057142857142,623.4832,607.5179797979798,50.5505468519066,-16.26070916882577,-20.702306576127327,4.441597407301558,112610.87315300002,0.0326962457337882
2018-06-08 00:00:00,1528416000000,605.2,608.45,593.33,598.68,49228.00755,603.1171428571428,618.3308,604.7710101010101,52.52025029751622,-15.181002276786216,-19.598045716259104,4.417043439472888,110630.83071,0.049579242636746
2018-06-09 00:00:00,1528502400000,599.29,608.97,591.0,592.87,38908.0653,603.4057142857143,613.8492,602.110303030303,51.29208200112846,-14.625550982147956,-18.603546769436875,3.9779957872889193,108275.99693,0.1590811339198437
2018-06-10 00:00:00,1528588800000,592.44,592.87,501.13,524.11,190350.58429,589.7557142857142,606.562,598.7576767676768,42.74474154415222,-19.508823603361293,-18.78460213622176,-0.7242214671395324,112989.268419,-0.0762302594472644
2018-06-11 00:00:00,1528675200000,524.64,535.51,508.66,531.69,145813.07819,581.28,601.1247999999999,595.3741414141414,53.77115319959656,-22.507754305413187,-19.52923257006005,-2.978521735353141,114926.9434835,-0.0457653583158348
2018-06-12 00:00:00,1528761600000,531.08,538.88,482.0,493.0,158223.14812,564.7014285714286,593.1408,591.769696969697,35.158869551333225,-27.687227028611574,-21.16083146177036,-6.52639556684122,109983.1123415,-0.1467783527457121
2018-06-13 00:00:00,1528848000000,493.0,501.97,449.06,475.47,181842.19417,545.8542857142858,584.2796000000001,588.3591919191919,34.15542112610515,-32.82809908207344,-23.494284985830973,-9.333814096242463,109282.4908015,-0.1788082901554404
2018-06-14 00:00:00,1528934400000,475.47,529.0,460.0,519.29,206093.0733,533.5871428571428,576.4047999999999,586.029797979798,39.59015226981642,-32.986125915046955,-25.392653171674173,-7.593472743372782,113683.33133,-0.1211136498265211
2018-06-15 00:00:00,1529020800000,519.3,521.0,481.62,487.48,160532.53607,517.7014285714286,568.036,583.9289898989899,35.31921719602181,-35.27157570253269,-27.36843767784588,-7.903138024686807,117827.2518675,-0.2133105251266823
2018-06-16 00:00:00,1529107200000,487.47,503.28,483.72,496.74,131095.45173,503.96857142857147,562.266,581.6363636363636,34.777263757238515,-35.92152552802702,-29.07905524788211,-6.842470280144909,119527.1610975,-0.1595208283983621
2018-06-17 00:00:00,1529193600000,496.45,507.6,492.7,497.14,117316.93221,500.1157142857143,559.064,579.7834343434344,28.175988599928743,-35.9894745305877,-30.46113910442323,-5.528335426164471,117733.116069,-0.1837451769148673
2018-06-18 00:00:00,1529280000000,497.15,524.48,487.27,517.95,143826.68272,498.1528571428571,555.6948,577.7339393939394,36.610840326895605,-33.97251748666133,-31.16341478087085,-2.80910270579048,115470.308311,-0.1472670398419492
2018-06-19 00:00:00,1529366400000,517.77,548.2,510.01,537.97,148148.38064,504.57714285714286,553.7916,576.1264646464646,37.0697809794077,-30.40809225296789,-31.01235027529026,0.6042580223223695,116771.11383800002,-0.1110284883336637
2018-06-20 00:00:00,1529452800000,537.68,542.02,515.08,536.49,123892.0424,513.2942857142858,551.8112,574.5764646464646,37.0927227055954,-27.38698311257588,-30.287276842747385,2.9002937301715086,117960.63982,-0.1038785327720985
2018-06-21 00:00:00,1529539200000,536.34,544.98,521.11,526.18,79862.90544,514.2785714285715,550.0424,573.7287878787878,36.03409251662186,-25.5303650326382,-29.33589448072555,3.805529448087349,117761.743011,-0.1124867171555317
2018-06-22 00:00:00,1529625600000,526.32,526.44,450.0,462.09,212659.53437,510.6514285714285,548.066,572.2465656565657,29.93507065840116,-28.8973979895801,-29.24819518249646,0.3507971929163602,124381.81237,-0.1183339375321975
2018-06-23 00:00:00,1529712000000,462.4,481.0,455.0,473.41,94465.26834,507.3185714285714,544.308,570.9774747474747,32.731004972822944,-30.30305175368472,-29.45916649673412,-0.8438852569505997,124898.90916950002,-0.1096127442682767
2018-06-24 00:00:00,1529798400000,473.4,475.81,419.53,454.41,198264.10079,501.2142857142857,540.1968,570.0427272727273,38.23112251789816,-32.57468303036285,-30.082269803459862,-2.492413226902986,129995.1419555,-0.0782758620689654
2018-06-25 00:00:00,1529884800000,454.29,474.47,444.37,458.7,122942.1165,492.75,535.4324,569.2518181818182,37.53713758836184,-33.641007443368665,-30.794017331441623,-2.8469901119270418,131689.560605,-0.035270364060824
2018-06-26 00:00:00,1529971200000,459.04,460.81,429.0,429.34,84003.09976,477.2314285714286,529.446,567.9635353535353,38.77248677248676,-36.43518175619806,-31.922250216392914,-4.512931539805148,132382.06953449998,-0.1732172774364998
2018-06-27 00:00:00,1530057600000,429.81,445.95,420.19,441.64,99156.36437,463.68142857142857,523.4776,566.7982828282828,43.921371330003225,-37.227937337404,-32.98338764059513,-4.244549696808868,134331.17831299998,-0.0940346270616231
2018-06-28 00:00:00,1530144000000,441.36,443.96,416.45,420.22,112309.56714,448.5442857142857,515.5,565.3947474747475,30.640559659201955,-39.133510088065066,-34.213412130089125,-4.9200979579759405,137485.2562925,-0.1540443692877561
2018-06-29 00:00:00,1530230400000,420.48,442.0,404.48,434.77,159495.30942,444.6414285714286,509.25,564.3326262626263,38.95477976614559,-39.0198305042461,-35.174695804920525,-3.845134699325577,143514.61849850003,-0.1254576175725148
2018-06-30 00:00:00,1530316800000,434.77,463.15,434.51,454.09,157169.20242,441.88142857142856,503.0516,563.4342424242425,41.4243776893071,-36.9448982889549,-35.528736301727406,-1.4161619872274969,141855.549405,-0.1232937542233807
2018-07-01 00:00:00,1530403200000,454.2,457.77,443.73,452.1,111226.62846,441.5514285714286,496.8396,562.7461616161617,41.001358587069454,-35.05696110274147,-35.43438126193022,0.3774201591887518,140126.2269185,-0.1596185660910459
2018-07-02 00:00:00,1530489600000,452.14,481.83,444.16,476.25,182585.11018,444.0585714285714,491.6832,562.2664646464647,41.77839116719241,-31.25180278188776,-34.59786556592173,3.3460627840339683,141344.3250215,-0.1122854107252698
2018-07-03 00:00:00,1530576000000,476.32,486.98,457.0,461.82,186954.55478,448.6985714285714,486.20880000000005,562.0323232323233,34.64779645982014,-29.06551859567037,-33.49139617187146,4.4258775762010885,141599.943052,-0.1223155574138127
2018-07-04 00:00:00,1530662400000,461.78,482.7,458.02,467.38,101886.20199,452.3757142857143,481.1892,562.2230303030302,36.29259391487167,-26.57785413529291,-32.108687764555754,5.530833629262844,136389.5994865,0.0114479863230108
2018-07-05 00:00:00,1530748800000,467.19,480.0,458.8,467.87,125806.0083,459.18285714285713,478.9396,562.4371717171717,37.96590580757007,-24.28685942547816,-30.544322096740235,6.257462671262079,134653.273098,-0.0117023299043113
2018-07-06 00:00:00,1530835200000,467.79,476.0,451.29,470.47,100428.64802,464.2828571428572,476.4908,563.310606060606,52.31773426263969,-22.00773981607375,-28.83700564060694,6.829265824533188,133119.9329125,0.0353425320745581
2018-07-07 00:00:00,1530921600000,470.48,487.99,461.5,485.57,83629.95382,468.78,476.1936,564.2514141414141,53.29432162982227,-18.766745936157804,-26.822953699717115,8.05620776355931,131435.583993,0.0585785916721168
2018-07-08 00:00:00,1531008000000,485.57,495.98,482.05,486.77,144703.13626,473.73285714285714,476.6456,565.189292929293,59.70256656272486,-15.91791317056942,-24.641945593887577,8.724032423318157,131479.40667,0.133763450878092
2018-07-09 00:00:00,1531094400000,486.55,488.98,468.2,471.71,89532.14109,473.08428571428567,474.7424,566.13,53.66416943615164,-14.705888489033557,-22.65473417291677,7.948845683883221,128548.5946925,0.0680871297889684
2018-07-10 00:00:00,1531180800000,471.73,473.23,427.69,432.48,173640.9762,468.8928571428572,472.5424,566.6090909090909,50.83778014941303,-16.718166718724433,-21.46742068207831,4.749253963353876,131036.0413825,0.0291751939460283
2018-07-11 00:00:00,1531267200000,432.55,452.69,424.2,444.99,159022.59726,465.69428571428574,470.4724000000001,566.9119191919192,50.89280955172966,-17.10626884490705,-20.595190314644057,3.488921469737008,134994.0259735,0.0235066816937692
2018-07-12 00:00:00,1531353600000,444.99,445.36,416.94,431.14,181877.07924,460.44714285714286,467.8324,567.4470707070707,53.032659409020205,-18.32023753243004,-20.140199758201256,1.8199622257712136,133454.90321699998,-0.0505406417230064
2018-07-13 00:00:00,1531440000000,431.14,442.47,424.62,432.46,150320.32532,455.01714285714286,464.4128,567.9646464646464,49.307595467897606,-18.957275820005805,-19.903614970562167,0.946339150556362,136247.656066,-0.0434417164344173
2018-07-14 00:00:00,1531526400000,432.43,440.0,428.26,433.19,122253.69397,447.5342857142858,460.2216,568.6141414141415,42.94966941033599,-19.18210894195261,-19.75931376484025,0.5772048228876479,132447.135725,-0.0904146981627296
2018-07-15 00:00:00,1531612800000,433.2,455.0,430.52,449.78,140415.27048,442.25,456.7532,569.2734343434344,49.28755681120254,-17.81624191280042,-19.37069939443229,1.5544574816318644,133320.793424,-0.0260707635009311
2018-07-16 00:00:00,1531699200000,449.79,480.57,444.03,478.49,172440.71343,443.21857142857147,454.8456,570.0622222222222,50.66913609750269,-14.25282766588282,-18.3471250487224,4.094297382839574,137742.6741075,0.0237708074799949
2018-07-17 00:00:00,1531785600000,478.49,512.0,465.29,498.76,215318.06761,452.6871428571429,456.3124,571.0654545454545,60.66274102297656,-9.6815734534444,-16.614014729666795,6.932441276222395,143550.7592695,0.0660226131190286
2018-07-18 00:00:00,1531872000000,498.89,515.47,468.01,479.41,236137.8071,457.6042857142857,456.5524,571.7052525252525,53.21640553981072,-7.533364900070296,-14.797884763747495,7.264519863677201,149742.1712675,0.0190022743214233
2018-07-19 00:00:00,1531958400000,479.4,484.15,462.57,468.57,171308.06705,462.95142857142855,457.1188,572.099696969697,50.1773408998784,-6.629174553124017,-13.164142721622802,6.534968168498786,150332.809149,-0.0350104001482793
2018-07-20 00:00:00,1532044800000,468.7,471.02,440.0,449.04,160873.38244,465.32,456.7324,571.6286868686869,44.99976667133324,-7.403165881834127,-12.011947353665068,4.608781471830941,150518.01815000002,-0.0775109394580602
2018-07-21 00:00:00,1532131200000,449.04,468.97,441.18,460.23,74259.64067,469.18285714285713,457.968,571.2763636363636,43.97756440726305,-7.032553209093294,-11.016068524750716,3.983515315657421,148669.6687605,-0.0243369867079348
2018-07-22 00:00:00,1532217600000,460.23,472.2,454.19,457.47,60684.89595,470.2814285714286,458.6012,570.819696969697,43.0876663206568,-6.882215038608649,-10.189297827522305,3.307082788913654,142574.65804900002,0.0577830188679244
2018-07-23 00:00:00,1532304000000,457.47,469.82,447.11,450.05,106561.46081,466.21857142857147,459.7944,569.9729292929293,44.69897209985317,-7.277907753600857,-9.607019812738017,2.3291120591371577,138555.00335050002,0.0113710420458885
2018-07-24 00:00:00,1532390400000,450.05,484.27,448.47,479.28,158286.759,463.4357142857143,461.5748,569.6478787878788,62.04323211528563,-5.173246402057998,-8.720265130602012,3.547018728544014,141375.031201,0.1116574662522613
2018-07-25 00:00:00,1532476800000,479.24,485.77,464.0,472.1,170475.54936,462.39142857142855,462.2952,569.340202020202,57.1730962586654,-4.038104358518069,-7.783832976185224,3.7457286176671554,143608.508254,0.0916616565693937
2018-07-26 00:00:00,1532563200000,472.11,485.0,460.0,462.64,173976.2192,461.54428571428576,462.7168,568.6992929292929,58.53288546971503,-3.857373647955228,-6.998541110539226,3.141167462583998,147285.88681300002,0.0679840254853527
2018-07-27 00:00:00,1532649600000,462.17,474.0,455.84,470.09,198304.79211,464.5514285714286,462.4704,567.7088888888889,59.86576477374024,-3.077514844546158,-6.214335857340613,3.1368210127944547,153019.6287275,0.0451554093112187
2018-07-28 00:00:00,1532736000000,470.09,472.0,460.82,469.29,156862.59361,465.8457142857143,462.7692,566.2159595959596,59.461159450676185,-2.495260627122548,-5.470520811297001,2.975260184174453,153627.601595,-0.0192271520825931
2018-07-29 00:00:00,1532822400000,468.44,472.0,461.6,466.4,138747.56334,467.12142857142857,462.73,564.8172727272727,54.69279421730292,-2.241183839943062,-4.824653417026213,2.583469577083151,156088.3727075,-0.0648809046435159
2018-07-30 00:00:00,1532908800000,466.4,469.79,446.1,456.23,179581.79415,468.0042857142857,462.2644,563.1537373737374,42.97968966822253,-2.827862324746093,-4.425295198570189,1.5974328738240962,156385.413605,-0.0483510982249014
2018-07-31 00:00:00,1532995200000,456.19,457.3,427.0,432.22,214913.57229,461.2814285714286,460.7344000000001,561.0035353535354,29.498397830909525,-5.17061199432402,-4.574358557720956,-0.5962534366030638,159179.9623565,-0.0775764560257804
2018-08-01 00:00:00,1533081600000,432.2,434.99,406.55,420.41,209570.0844,453.8971428571429,458.128,558.1634343434343,30.93576321571668,-7.889283536080882,-5.237343553392941,-2.6519399826879404,160564.61261450002,-0.0637582398004632
2018-08-02 00:00:00,1533168000000,420.37,425.52,407.43,410.62,178421.10672,446.4657142857142,455.082,556.0686868686869,31.14711432103583,-10.710359148157297,-6.331946672345812,-4.378412475811483,161969.6516845,-0.1077939291223953
2018-08-03 00:00:00,1533254400000,410.62,420.01,396.61,417.52,201156.61154,438.9557142857143,452.9144,553.6041414141414,38.82744931234934,-12.248120848238102,-7.515181507524271,-4.732939340713831,165914.797563,-0.0873281308063917
2018-08-04 00:00:00,1533340800000,417.58,419.53,401.86,407.21,179498.57515,430.0871428571429,451.9036,551.2177777777778,31.08860037095161,-14.135790318691877,-8.839303269757792,-5.2964870489340825,167868.9627965,-0.0951894233974003
2018-08-05 00:00:00,1533427200000,407.21,413.24,400.16,408.79,158913.77206,421.8571428571428,450.4556,548.4493939393939,32.48920863309351,-15.327602122395604,-10.136963040285355,-5.190639082110248,167192.615728,-0.1470747788349189
2018-08-06 00:00:00,1533513600000,408.77,413.28,397.08,405.28,166496.42465,414.5785714285715,449.4212,545.5648484848484,33.42956547486858,-16.366684280597724,-11.38290728834783,-4.983776992249894,164751.53358,-0.1415378097860623
2018-08-07 00:00:00,1533600000000,405.19,412.76,369.19,378.21,207706.11078,406.86285714285714,447.2511999999999,542.609595959596,11.983750846310102,-19.153695267444505,-12.937064884167166,-6.216630383277339,163329.948764,-0.1824961092858378
2018-08-08 00:00:00,1533686400000,378.2,380.42,347.25,355.48,275047.10788,397.5871428571429,444.1428,539.4124242424242,10.728717672413794,-22.932194527595698,-14.936090812852871,-7.996103714742825,168516.90080550002,-0.2438043778850858
2018-08-09 00:00:00,1533772800000,355.48,369.9,350.51,363.3,244268.20567,390.82714285714286,440.6836,536.1269696969697,16.17406701171342,-25.00740398181557,-16.950353446645416,-8.057050535170156,172686.641967,-0.225851818704852
2018-08-10 00:00:00,1533859200000,363.21,365.87,325.95,331.81,264274.13378,378.5828571428571,434.8164,531.609898989899,9.538857677902628,-28.86031846609825,-19.332346450535983,-9.527972015562266,182187.3666225,-0.2885720411663808
2018-08-11 00:00:00,1533945600000,331.88,332.98,304.45,317.69,335634.67243,365.7942857142857,427.5736,526.879595959596,8.849077090119437,-32.67647290858645,-22.00117174214608,-10.67530116644037,195934.8554465,-0.3036626263069066
2018-08-12 00:00:00,1534032000000,317.49,327.13,313.42,317.89,135524.79994,352.8085714285714,421.1128,521.8128282828283,9.090408241970138,-35.27800162667734,-24.65653771905233,-10.621463907625008,197383.022403,-0.2645180695016428
2018-08-13 00:00:00,1534118400000,317.96,321.99,280.68,283.81,307713.22214,335.4557142857143,413.7224,516.6563636363636,8.032324019082864,-39.63284034738467,-27.6517982447188,-11.98104210266587,204854.34556,-0.3249209105397113
2018-08-14 00:00:00,1534204800000,283.81,283.81,250.0,278.41,485174.37541,321.1985714285715,406.8972,511.8676767676768,8.832503613296936,-43.02386395651564,-30.726211387078173,-12.297652569437467,220589.2868625,-0.3219765233062198
2018-08-15 00:00:00,1534291200000,278.47,304.45,276.3,281.12,438620.64156,310.5757142857143,399.7328,507.1417171717172,10.809746215744752,-44.97416605533317,-33.575802320729174,-11.398363734603995,233821.50798050003,-0.3266909369611036
2018-08-16 00:00:00,1534377600000,281.46,298.6,277.55,287.17,235665.2551,299.7,392.9208,502.44898989899,14.519744783583375,-45.507033328705006,-35.962048522324345,-9.54498480638066,235689.53113,-0.2947864738095822
2018-08-17 00:00:00,1534464000000,286.84,318.0,285.0,317.51,342556.46068,297.65714285714284,387.6192,498.3579797979797,24.669469631730905,-42.98563836250116,-37.36676649035971,-5.618871872141455,244974.2244835,-0.223293133393674
2018-08-18 00:00:00,1534550400000,317.51,321.33,281.79,294.11,384021.38829,294.2885714285714,380.21240000000006,494.4908080808081,23.135391923990497,-42.38698830792544,-38.37081085387285,-4.016177454052581,257237.915731,-0.2743041847611527
2018-08-19 00:00:00,1534636800000,294.1,307.4,288.2,299.42,288483.44841,291.65000000000003,373.3052,490.6050505050504,24.47369649442188,-41.011328141999456,-38.898914311498174,-2.112413830501282,262682.998444,-0.2083234182068162
2018-08-20 00:00:00,1534723200000,299.3,304.04,269.5,270.51,219153.78936,289.75,365.62,485.9730303030303,21.879564328339512,-41.7723769790432,-39.47360684500718,-2.298770134036019,262895.0092975,-0.2390289186452121
2018-08-21 00:00:00,1534809600000,270.51,285.9,269.7,281.21,224701.57671,290.15,358.06480000000005,481.4651515151515,28.276448983248216,-41.03904057525642,-39.78669359105703,-1.2523469841993915,263651.583913,-0.2259565097715388
2018-08-22 00:00:00,1534896000000,281.09,298.89,259.5,270.8,403936.78303,288.67571428571426,350.12519999999995,477.080202020202,29.927941594766267,-40.82723523809864,-39.99480192046536,-0.8324333176332814,274927.3677285,-0.1838702872125613
2018-08-23 00:00:00,1534982400000,270.68,280.3,267.55,275.99,277304.60909,287.0785714285715,342.50879999999995,472.73373737373737,29.04325284431856,-39.7820061535665,-39.95224276708559,0.1702366135190871,278734.767606,-0.1312600333658597
2018-08-24 00:00:00,1535068800000,276.06,283.1,270.22,281.19,271850.21373,281.89,335.5072,468.830404040404,36.094934622568935,-38.094923467353965,-39.58077890713926,1.485855439785297,283352.349535,-0.1154487401302336
2018-08-25 00:00:00,1535155200000,281.05,282.71,275.99,277.55,253375.49477,279.5242857142857,329.3204,464.63797979797977,38.30010493179432,-36.62937522639135,-38.99049817098968,2.3611229445983355,288075.4356705,-0.0220570099714597
2018-08-26 00:00:00,1535241600000,277.54,277.91,268.69,274.29,232525.9497,275.9342857142857,323.4756,460.36818181818177,37.51431844215349,-35.323781872629866,-38.25715491131772,2.9333730386878543,291376.911923,-0.0147983190258971
2018-08-27 00:00:00,1535328000000,274.17,288.15,271.59,287.71,281020.64727,278.3914285714286,318.5592,456.040404040404,51.26672729634923,-32.82778956557877,-37.17128184216993,4.343492276591164,295042.6387475,0.0234419464997153
2018-08-28 00:00:00,1535414400000,287.71,298.0,282.66,295.44,318323.28971,280.4242857142857,313.67600000000004,451.9872727272727,55.44890254047481,-29.88149599662904,-35.71332467306176,5.831828676432714,297206.447839,0.0287982728000835
2018-08-29 00:00:00,1535500800000,295.44,297.0,283.55,288.4,324275.47324,282.93857142857144,308.9236,448.4257575757576,52.266500622665,-27.79421190703448,-34.129502119856305,6.335290212821825,301206.8112175,-0.0916821517432522
2018-08-30 00:00:00,1535587200000,288.35,291.0,271.88,283.89,336993.14413,284.0671428571428,303.92760000000004,445.46313131313127,48.96894253740726,-26.20190429373924,-32.54398255463289,6.342078260893658,304842.761735,-0.0347489034714904
2018-08-31 00:00:00,1535673600000,283.9,289.0,276.59,281.41,302663.37038,284.09857142857146,298.9728,442.2230303030303,36.24237804878049,-24.853607396784355,-31.005907523063183,6.152300126278831,303194.1966325,-0.0601496226037004
2018-09-01 00:00:00,1535760000000,281.46,302.0,281.34,295.71,294944.4401,286.6928571428571,295.67280000000005,439.2953535353536,50.655200655200645,-22.373276695218124,-29.279381357494177,6.906104662276054,311165.1786405,0.0931573694133303
2018-09-02 00:00:00,1535846400000,295.8,299.33,288.87,295.41,153300.06112,289.71,293.27,436.360101010101,48.287641984798015,-20.19896316327629,-27.4632977186506,7.264334555374312,303444.5205895,0.0504960705522565
2018-09-03 00:00:00,1535932800000,295.51,296.62,285.99,289.09,274753.70062,289.90714285714284,290.3016,433.5185858585859,59.83068783068784,-18.76941309507941,-25.724520793936364,6.955107698856949,292923.48685,0.0675406203840471
2018-09-04 00:00:00,1536019200000,289.09,292.64,283.0,285.3,330102.19,288.4585714285714,288.44120000000004,431.23373737373737,52.33474140883664,-17.737834972189205,-24.12718362958693,6.389348657397729,287497.564272,0.0337331062719663
2018-09-05 00:00:00,1536105600000,285.18,287.62,227.0,228.53,528734.3196,279.9057142857143,284.8748,427.8112121212121,34.22172452407612,-21.25613889331862,-23.552974682333275,2.2968357890146542,302151.017497,-0.1872755076638571
2018-09-06 00:00:00,1536192000000,228.28,233.19,212.0,229.7,552996.86567,272.1642857142857,281.3472,424.50323232323234,32.18656199492031,-23.67707628003467,-23.57779500187356,-0.0992812781611149,312673.03774650005,-0.1724013691226806
2018-09-07 00:00:00,1536278400000,229.73,234.69,213.5,215.22,398379.81741,262.7085714285714,278.60360000000003,420.8407070707071,26.30558149558219,-26.45909757982605,-24.15405551746405,-2.3050420623619985,313390.9592025,-0.2153560100623428
2018-09-08 00:00:00,1536364800000,215.19,220.2,190.01,196.71,318859.84904,248.56571428571428,275.3356,416.9791919191919,23.76687435098647,-29.813796916359703,-25.286003797243183,-4.527793119116524,314909.779234,-0.3162907093948767
2018-09-09 00:00:00,1536451200000,196.87,208.6,185.02,195.81,429255.02592,234.33714285714288,271.9232,412.9888888888889,24.136567360928,-32.174159109753816,-26.66363485974531,-5.510524250008505,325414.841062,-0.3372258326563769
2018-09-10 00:00:00,1536537600000,196.13,203.42,187.1,197.15,418489.86663,221.2028571428572,268.3224,408.7211111111111,17.573761099971335,-33.54989405774347,-28.040886699344945,-5.509007358398527,335104.255558,-0.3164008321775311
2018-09-11 00:00:00,1536624000000,197.22,200.2,176.16,185.18,476745.79216,206.9,263.0292,404.6217171717172,11.683347233805918,-35.20028589382943,-29.47276653824184,-5.727519355587589,338744.7060145,-0.3477050970446299
2018-09-12 00:00:00,1536710400000,185.14,185.22,167.32,183.12,504047.79165,200.41285714285715,258.5896,400.3193939393939,12.102231821454254,-36.25651555579046,-30.829516341751567,-5.42699921403889,350081.8651425,-0.349276855833126
2018-09-13 00:00:00,1536796800000,183.17,215.0,183.15,210.68,739503.34051,197.69571428571427,255.04,396.3121212121212,27.397344859524523,-34.472347734753754,-31.558082620352007,-2.914265114401747,373464.5214815,-0.287545230124108
2018-09-14 00:00:00,1536883200000,210.91,224.2,202.6,208.82,833945.82573,196.78142857142856,252.5724,392.3086868686868,27.5026343519494,-32.83002425405829,-31.812470947093267,-1.01755330696502,402493.0380295,-0.2931180393351613
2018-09-15 00:00:00,1536969600000,208.55,227.42,207.64,221.29,441046.52933,200.2928571428572,250.1756,388.4966666666666,26.670846394984324,-30.17441441301133,-31.484859640276884,1.31044522726555,412919.067011,-0.2345290393994948
2018-09-16 00:00:00,1537056000000,221.62,223.5,208.1,220.17,425538.57709,203.7728571428572,248.1504,384.7320202020202,26.53443113772454,-27.83928517101714,-30.75574474642493,2.9164595754078,420144.963502,-0.228286014721346
2018-09-17 00:00:00,1537142400000,220.24,225.0,192.4,196.16,825020.77445,203.63142857142856,244.9572,381.4193939393939,23.89753384641313,-27.60783878289044,-30.12616355371804,2.518324770827597,445479.837739,-0.1416444230516781
2018-09-18 00:00:00,1537228800000,196.25,215.47,193.47,208.17,584366.15014,206.9157142857143,242.0364,378.1515151515151,29.29173602534499,-26.153824219168484,-29.33169568680813,3.177871467639644,458484.37158400007,-0.0937309534175011
2018-09-19 00:00:00,1537315200000,208.42,214.84,197.58,209.79,496100.46639,210.72571428571428,239.326,375.29080808080806,42.85169362221544,-24.587358971589538,-28.38282834376441,3.795469372174874,466439.737697,-0.025229997212155
2018-09-20 00:00:00,1537401600000,209.79,226.68,205.56,224.0,573632.24236,212.62857142857143,237.3144,372.7507070707071,48.022481265612,-21.94631230785572,-27.09552513658268,5.149212828726952,479988.1812960001,0.1387321437649331
2018-09-21 00:00:00,1537488000000,224.0,252.11,220.66,247.73,841029.12948,218.18714285714285,235.7152,370.0076767676768,60.59855252004955,-17.734024325638558,-25.22322497439385,7.489200648755293,507292.4157649999,0.2651549971911546
2018-09-22 00:00:00,1537574400000,247.67,255.13,232.7,241.01,423740.7403,221.0042857142857,233.538,367.5180808080808,65.64486509393981,-14.767769931301617,-23.13213396577541,8.364364034473791,520814.449724,0.2224702003550596
2018-09-23 00:00:00,1537660800000,241.01,249.73,237.0,244.5,235214.14917,224.48,231.782,364.970202020202,66.88631476728861,-11.997083212874628,-20.905123815195253,8.908040602320625,518837.4721515,0.3203369694351441
2018-09-24 00:00:00,1537747200000,244.54,246.2,225.3,228.06,350139.1505,229.03714285714287,229.5488,362.2522222222223,59.70364789351416,-11.001051359829262,-18.924309324122053,7.923257964292791,519839.32017650007,0.2454128440366971
2018-09-25 00:00:00,1537833600000,228.06,228.1,203.61,219.62,710650.7097,230.6728571428572,227.0772,359.2387878787879,61.05688968794144,-10.768592770009349,-17.293166013299512,6.524573243290163,528935.1396815,0.0424340231630908
2018-09-26 00:00:00,1537920000000,219.5,223.6,207.5,214.42,613754.27743,231.3342857142857,223.8256,355.9706060606061,59.85020140986908,-10.878562903113306,-16.01024539126227,5.131682488148964,531973.0102695001,0.0268173546595154
2018-09-27 00:00:00,1538006400000,214.38,234.0,205.01,229.13,582274.44087,232.06714285714287,221.1744,352.8659595959596,56.31719509689789,-9.667302319042449,-14.741656776818306,5.074354457775858,541167.7414425,0.0354286230737945
2018-09-28 00:00:00,1538092800000,229.1,234.42,215.53,221.84,618434.62488,228.3685714285714,218.4844,349.7918181818182,54.29816453188962,-9.189678758086188,-13.631261173071884,4.441582414985696,556146.4802345,0.0075850479175183
2018-09-29 00:00:00,1538179200000,221.89,237.77,214.18,231.62,604000.95586,227.02714285714288,216.3372,347.4638383838384,53.47180211064059,-7.9305756404357055,-12.49112406654465,4.560548426108944,564883.7767314999,0.1807707993474714
2018-09-30 00:00:00,1538265600000,231.62,239.0,226.5,232.94,432195.44084,225.37571428571428,216.5136,345.0348484848485,54.28609787205478,-6.748422763183186,-11.342583805872357,4.594161042689171,565569.055442,0.1189892876014795
2018-10-01 00:00:00,1538352000000,233.04,235.88,224.46,231.61,322900.46128,225.88285714285715,216.59,342.78434343434344,64.03515717792384,-5.851426374872148,-10.244352319672316,4.392925944800167,557876.788898,0.1040087706754373
2018-10-02 00:00:00,1538438400000,231.62,232.51,223.37,225.69,401305.32707,226.75,217.0088,340.43070707070706,57.28785357737106,-5.55421921736496,-9.306325699210843,3.752106481845884,552739.665669,0.0075446428571428
2018-10-03 00:00:00,1538524800000,225.7,226.43,216.51,220.77,275609.26221,227.65714285714287,217.9712,338.3239393939394,54.44534412955466,-5.650547293764021,-8.57517001812148,2.9246227243574587,529544.961754,-0.1088281596899849
2018-10-04 00:00:00,1538611200000,220.67,227.16,219.49,222.66,158137.42967,226.7328571428571,219.0452,336.1120202020202,49.39737362835042,-5.51085507676882,-7.9623070298509475,2.4514519530821275,495754.54195099993,-0.0761379195883987
2018-10-05 00:00:00,1538697600000,222.66,231.75,219.35,228.37,137730.35786,227.6657142857143,220.294,334.1741414141414,39.609274366680985,-4.883109264857865,-7.3464674768523315,2.463358211994467,480588.7333775,-0.0659713701431492
2018-10-06 00:00:00,1538784000000,228.36,228.86,223.15,225.4,100257.5697,226.7771428571428,221.9028,332.0592929292929,41.2705513924617,-4.572560731140044,-6.791686127709874,2.2191253965698303,464324.683008,-0.0116635972989563
2018-10-07 00:00:00,1538870400000,225.39,227.75,221.48,226.14,74733.67253,225.8057142857143,223.6236,329.7567676767677,39.40687745211169,-4.218113182145856,-6.276971538597072,2.058858356451215,426810.327912,0.0296876422912302
2018-10-08 00:00:00,1538956800000,226.26,232.7,224.21,230.01,210989.42202,225.5771428571429,224.3968,327.5134343434343,51.31596706708056,-3.583624496385198,-5.738302130154697,2.1546776337694986,408141.491506,0.0727077697975935
2018-10-09 00:00:00,1539043200000,230.01,231.02,226.56,228.4,100246.1843,225.9642857142857,225.18,325.009898989899,56.52691049658044,-3.174111999035574,-5.2254641039308725,2.0513521048952983,388348.7774015,-0.0031859642997424
2018-10-10 00:00:00,1539129600000,228.4,228.78,224.05,226.74,122748.21412,226.81714285714284,225.398,322.6353535353535,59.66729441305715,-2.949518310239881,-4.770274945192674,1.8207566349527928,365804.5759895,0.0220879913451135
2018-10-11 00:00:00,1539216000000,226.7,226.91,189.01,191.58,497258.82871,222.37714285714287,224.25440000000003,319.8494949494949,27.69395271474396,-5.544728174457049,-4.925165591045549,-0.6195625834114997,348616.060951,-0.1728693549779811
2018-10-12 00:00:00,1539302400000,191.55,201.87,190.04,196.96,216448.3922,217.89,224.2864,317.1130303030303,34.8772185752492,-7.085650681471009,-5.3572626091306415,-1.7283880723403673,338251.443546,-0.1544603760625053
2018-10-13 00:00:00,1539388800000,196.96,202.78,196.27,201.3,107215.5262,214.4471428571429,224.01160000000004,314.3941414141414,30.265555844832065,-7.8659671678042,-5.859003520865354,-2.0069636469388463,331851.5123975,-0.1308665428953844
2018-10-14 00:00:00,1539475200000,201.39,203.56,194.33,197.01,110554.19361,210.28571428571428,223.5004,311.479393939394,27.484647198897093,-8.729907809030436,-6.433184378498371,-2.296723430532065,319872.26455300004,-0.1270769639771368
2018-10-15 00:00:00,1539561600000,196.84,239.0,194.6,214.39,973857.7477,208.05428571428573,223.116,308.72808080808085,41.01627712854757,-7.920859504475146,-6.730719403693726,-1.19014010078142,333032.616453,-0.0288988540109617
2018-10-16 00:00:00,1539648000000,214.39,219.95,211.55,215.09,145980.09837,206.1528571428572,221.8104,306.1359595959596,44.151401456632094,-7.1408830891742525,-6.812752140789832,-0.3281309483844206,309643.90750000003,-0.0339980238929309
2018-10-17 00:00:00,1539734400000,215.2,216.99,210.0,212.85,153768.85024,204.1685714285714,220.684,303.9174747474747,45.49692972481237,-6.627102329731429,-6.775622178578152,0.1485198488467229,288218.6279685,-0.0679598896527565
2018-10-18 00:00:00,1539820800000,212.9,215.3,203.53,206.24,150229.60097,206.2628571428572,219.1536,301.5058585858586,41.13965033455645,-6.6763384603134455,-6.755765434925211,0.0794269746117652,264808.376773,-0.0850044365572315
2018-10-19 00:00:00,1539907200000,206.25,208.0,204.21,205.0,254660.48637,207.41142857142856,218.23120000000003,299.22161616161617,36.75019843519673,-6.737747526036543,-6.752161853147478,0.0144143271109351,247341.3532985,-0.0934819138586715
2018-10-20 00:00:00,1539993600000,205.1,209.69,203.57,207.91,62376.6968,208.3557142857143,217.76280000000003,296.9534343434343,40.07715874276636,-6.476939842189552,-6.697117450955893,0.2201776087663409,228850.4160965,-0.0960827790096082
2018-10-21 00:00:00,1540080000000,207.91,211.99,206.74,207.49,83277.36128,209.85285714285715,217.4856,294.6736363636364,39.38048058307711,-6.232296331002431,-6.604153226965201,0.3718568959627699,216869.2610965,-0.0915499124343257
2018-10-22 00:00:00,1540166400000,207.46,209.3,205.0,206.67,206046.89963,208.75,216.5872,292.2179797979798,36.23171307220387,-6.035013849804528,-6.490325351533067,0.4553115017285387,207106.3397245,-0.08851548028579
2018-10-23 00:00:00,1540252800000,206.67,207.8,202.14,205.85,112753.0414,207.43,215.9476,289.4640404040404,36.57258544718352,-5.877085822087565,-6.367677445643967,0.4905916235564014,198963.528684,0.0744858544733269
2018-10-24 00:00:00,1540339200000,205.85,207.95,204.73,205.35,97128.82698,206.35857142857145,214.8968,286.50030303030303,37.08489312884917,-5.726263739721446,-6.239394704459462,0.513130964738016,195913.0985495,0.042597481722177
2018-10-25 00:00:00,1540425600000,205.35,205.94,202.88,203.93,77411.57217,206.02857142857144,213.7364,283.7176767676768,62.58406358263703,-5.656118077016117,-6.122739378970794,0.4666213019546763,192897.159265,0.0130650769995031
2018-10-26 00:00:00,1540512000000,203.84,209.0,203.0,204.92,91143.83291,206.0171428571429,212.6688,281.0545454545454,58.90778871978511,-5.457729103933417,-5.989737323963318,0.5320082200299012,192441.4724255,0.0401502461803968
2018-10-27 00:00:00,1540598400000,204.92,206.15,203.09,204.45,50235.68329,205.5228571428572,211.8192,278.58393939393943,53.859348198970814,-5.277592682242613,-5.847308395619178,0.5697157133765653,191216.5729635,-0.0463641028033023
2018-10-28 00:00:00,1540684800000,204.45,205.94,203.62,204.99,44394.83357,205.16571428571427,211.188,276.0057575757576,60.76632487857531,-5.033239728698618,-5.684494662235067,0.6512549335364488,182886.843541,-0.0469570877307173
2018-10-29 00:00:00,1540771200000,204.99,205.49,195.28,196.96,118281.82272,203.7785714285714,210.16,273.3743434343435,18.549260194875544,-5.425006050238807,-5.632596939835815,0.2075908895970082,183788.625462,-0.0746535118628141
2018-10-30 00:00:00,1540857600000,196.95,198.6,195.91,197.27,83633.81463,202.5528571428572,208.91600000000005,270.82101010101013,17.386530014641295,-5.645392700445626,-5.635156091957778,-0.0102366084878484,181832.9054875,-0.0434930178432894
2018-10-31 00:00:00,1540944000000,197.24,201.45,193.01,198.73,114739.70424,201.6071428571429,207.8492,267.9871717171717,23.39864355689521,-5.637258107867581,-5.6355764951397385,-0.0016816127278422,162706.949264,-0.0305853658536585
2018-11-01 00:00:00,1541030400000,198.7,200.95,197.88,199.96,86097.98629,201.04,206.802,265.2382828282828,35.16068052930056,-5.4685229358150025,-5.602165783274792,0.1336428474597895,156189.42896850003,-0.0382376990043767
2018-11-02 00:00:00,1541116800000,199.93,203.74,199.34,202.35,97123.22813,200.6728571428572,205.6956,262.6090909090909,44.06095921111607,-5.0833483943400495,-5.498402305487844,0.415053911147794,155684.81406499998,-0.0247722781820811
2018-11-03 00:00:00,1541203200000,202.31,202.69,198.59,200.31,72084.92932,200.0814285714286,204.572,259.88404040404043,32.27611940298506,-4.88637861518626,-5.375997567427527,0.4896189522412673,153761.3508505,-0.0307736971984322
2018-11-04 00:00:00,1541289600000,200.27,218.76,199.0,212.11,182534.6216,201.09857142857143,203.9868,257.2862626262626,57.03839122486289,-3.7350617954482734,-5.0478104130316765,1.3127486175834022,114195.1945455,0.0304104930774837
2018-11-05 00:00:00,1541376000000,212.13,213.39,207.62,210.66,141432.1406,203.0557142857143,204.75,254.7030303030303,55.96412556053813,-2.906137656959004,-4.619475861817143,1.7133382048581387,113967.796657,0.0258582907231557
2018-11-06 00:00:00,1541462400000,210.64,221.25,209.11,220.74,197797.49527,206.40857142857143,205.7012,252.3243434343434,67.4315148677125,-1.4194747261544762,-3.9794756346846096,2.5600009085301334,116169.2289085,0.0824302456725347
2018-11-07 00:00:00,1541548800000,220.77,224.8,217.01,219.07,204931.0342,209.3142857142857,206.412,250.1713131313132,65.63354603463992,-0.3717533447417906,-3.257931176696046,2.886177831954256,118904.30057,0.0690513371071637
2018-11-08 00:00:00,1541635200000,219.06,220.78,212.49,212.79,189828.4945,211.14714285714285,207.0432,248.07414141414145,59.08904390644232,-0.0476211701906379,-2.6158691753949643,2.5682480052043264,115662.7009765,0.0407923697725605
2018-11-09 00:00:00,1541721600000,212.79,215.51,209.1,210.77,152215.94686,212.35,206.8984,246.05545454545447,55.87703435804703,0.0457316294741474,-2.0835490144211417,2.129280643895289,120154.66347949998,0.0281964973901165
2018-11-10 00:00:00,1541808000000,210.78,215.55,209.02,213.25,131384.47893,214.1985714285714,206.8248,243.9921212121212,58.49748937813828,0.3161848869952735,-1.6036022341378589,1.9197871211331323,122560.019362,0.0827071486596262
2018-11-11 00:00:00,1541894400000,213.27,213.99,209.0,212.54,136268.81156,214.26,206.81240000000005,242.0257575757576,57.266602502406144,0.4678370416116024,-1.1893143789879663,1.657151420599569,119071.1149585,0.0774066000912454
2018-11-12 00:00:00,1541980800000,212.6,214.22,210.9,212.89,99963.97203,214.57857142857145,207.0784,240.04696969696968,67.9918680822227,0.6092415839279681,-0.8296031864047797,1.4388447703327478,118431.66149,0.071252453077039
2018-11-13 00:00:00,1542067200000,212.91,213.8,209.2,209.84,114466.36708,213.0214285714285,207.272,238.07282828282828,63.36949585194639,0.4697808511681103,-0.5697263788902018,1.039507230058312,119298.538495,0.0494098819763952
2018-11-14 00:00:00,1542153600000,209.84,210.3,176.16,187.43,434676.16832,208.50142857142856,206.4528,236.1457575757576,41.68628605061802,-1.432529191320867,-0.7422869413763349,-0.6902422499445324,137161.76830250002,-0.073733629849271
2018-11-15 00:00:00,1542240000000,187.43,190.0,170.99,184.35,452416.10784,204.43857142857144,205.5272,234.4171717171717,38.81965334479301,-3.152315928982404,-1.2242927388975486,-1.928023190084855,155225.382049,-0.0796765014227947
2018-11-16 00:00:00,1542326400000,184.35,185.0,173.0,176.89,241710.34763,199.59857142857143,204.336,232.53424242424245,32.999465811965806,-5.058903077532193,-1.9912148066244777,-3.067688270907716,164799.11526599998,-0.1660459195700345
2018-11-17 00:00:00,1542412800000,176.93,177.91,173.94,176.2,144804.70986,194.3057142857143,203.15,230.96242424242425,33.60533115735073,-6.550059355426953,-2.902983716384973,-3.64707563904198,169819.60908050003,-0.1635811259849995
2018-11-18 00:00:00,1542499200000,176.2,182.94,176.1,178.97,141736.32263,189.51,202.0948,229.5612121212121,24.31007751937985,-7.422730976507751,-3.806933168409529,-3.615797808098222,170992.334076,-0.1892271450575338
2018-11-19 00:00:00,1542585600000,179.04,179.33,146.47,150.81,596789.83916,180.6414285714285,199.97,227.8735353535353,17.191097467382974,-10.268240298135057,-5.099194594354635,-5.16904570378042,196650.1353025,-0.3115899027708038
2018-11-20 00:00:00,1542672000000,150.76,154.7,126.95,133.82,996552.28721,169.78142857142856,197.126,226.3584848484849,5.707297187117817,-13.73593859515779,-6.826543394515266,-6.909395200642525,240740.764451,-0.3711170637717937
2018-11-21 00:00:00,1542758400000,133.68,142.01,127.15,138.23,718957.78552,162.75285714285715,194.4772,224.9425252525253,9.924648026968056,-15.944466450715083,-8.65012800575523,-7.294338444959854,272383.7544125,-0.3441666271290982
2018-11-22 00:00:00,1542844800000,138.36,140.4,125.64,126.63,334674.07185,154.50714285714284,191.3428,223.3820202020202,9.427387455264636,-18.418447346656365,-10.603791873935457,-7.814655472720908,284261.2965985,-0.406189917936694
2018-11-23 00:00:00,1542931200000,126.58,128.9,118.56,125.02,504352.24386,147.09714285714287,188.4652,221.7441414141414,9.463931171409657,-20.27528767998183,-12.538091035144731,-7.737196644837098,305874.6623255,-0.4117813117530817
2018-11-24 00:00:00,1543017600000,125.0,130.81,112.32,114.89,471321.56764,138.3385714285714,185.17,219.6974747474748,6.639040733556698,-22.3071108735561,-14.491895002827004,-7.815215870729094,320314.0096275,-0.4603316266616561
2018-11-25 00:00:00,1543104000000,114.83,122.35,102.95,118.67,836233.31252,129.7242857142857,181.9676,217.9253535353536,9.70898789595674,-23.343244590760406,-16.262164920413685,-7.081079670346721,355054.06822350004,-0.4344738848646587
2018-11-26 00:00:00,1543190400000,118.65,121.5,106.41,110.68,679491.73871,123.99142857142856,178.3964,216.01888888888888,8.829452992830099,-24.52638930263541,-17.91500979685803,-6.6113795057773785,379138.7803955,-0.4094862081843888
2018-11-27 00:00:00,1543276800000,110.66,114.31,102.36,111.43,524024.40616,120.79285714285716,174.75959999999998,214.41202020202024,9.611754083559063,-25.114022460912054,-19.354812329668835,-5.7592101312432185,395093.4489935,-0.3955519392459994
2018-11-28 00:00:00,1543363200000,111.38,126.8,111.37,122.9,578552.74124,118.60285714285716,171.6632,212.8129292929293,20.903598160339072,-24.37323336883918,-20.358496537502905,-4.014736831336276,414529.6613305,-0.3052179320481654
2018-11-29 00:00:00,1543449600000,122.88,124.0,114.78,117.98,478777.39614,117.36714285714288,167.898,211.26929292929293,20.56240574824804,-23.907564041786745,-21.06831003835968,-2.839254003427069,430857.7337945,-0.3304199772985243
2018-11-30 00:00:00,1543536000000,117.99,120.26,111.09,113.73,418593.63529,115.75428571428571,164.0208,209.63030303030305,21.165084002921844,-23.609303867693967,-21.57650880422653,-2.032795063467436,445218.19161250006,-0.3645303682181371
2018-12-01 00:00:00,1543622400000,113.71,120.8,111.35,118.1,330159.06742,116.21285714285716,159.9152,207.98292929292927,24.33745583038869,-22.757968359584908,-21.81280071529821,-0.9451676442866984,454912.7044055,-0.2168954313374445
2018-12-02 00:00:00,1543708800000,118.09,120.73,116.0,116.57,273657.6215,115.91285714285712,155.81519999999998,206.3568686868687,22.132904608788834,-21.95366882064377,-21.84097433636732,-0.1126944842764494,463597.386879,-0.1289044985801823
2018-12-03 00:00:00,1543795200000,116.63,116.96,106.7,108.76,324446.03324,115.63857142857144,151.654,204.6848484848485,27.049448750136435,-21.69635529217828,-21.812050527529514,0.1156952353512323,474096.370187,-0.2131953989727265
2018-12-04 00:00:00,1543881600000,108.76,113.2,106.0,109.94,275321.0063,115.42571428571428,147.6208,202.88919191919192,34.248021108179415,-21.153373407572232,-21.68031510353806,0.526941695965828,466128.612086,-0.1318013109057885
2018-12-05 00:00:00,1543968000000,109.92,110.58,102.38,102.71,354071.53241,112.54142857142855,143.1992,200.94242424242424,27.41032816077333,-21.063648302452734,-21.556981743321,0.4933334408682626,461211.3833145,-0.178451447768357
2018-12-06 00:00:00,1544054400000,102.73,104.68,90.2,91.0,586138.59043,108.68714285714285,138.3376,198.94848484848484,27.37203099199796,-21.68744033345648,-21.583073461348093,-0.1043668721083861,478432.7954545,-0.2079380276786491
2018-12-07 00:00:00,1544140800000,91.18,96.9,82.07,93.05,1030073.58467,105.73285714285711,133.54399999999998,197.02080808080808,29.80927118858152,-21.76548320294998,-21.61955540966847,-0.1459277932815084,522696.239195,-0.2158928119996629
2018-12-08 00:00:00,1544227200000,93.06,98.0,84.55,90.38,698217.12529,101.77285714285716,128.7656,195.09121212121207,32.91033328684979,-21.79157965964201,-21.65396025966318,-0.1376193999788313,550520.279328,-0.1834116371521504
2018-12-09 00:00:00,1544313600000,90.39,98.7,88.63,93.26,520519.36023,98.44285714285716,124.9988,193.04626262626263,32.057618980369995,-21.33394492161277,-21.5899571920531,0.2560122704403298,546706.7553815,-0.1630620120254868
2018-12-10 00:00:00,1544400000000,93.26,95.21,88.11,89.91,408573.02929,95.75,121.2212,190.97050505050507,34.305576545262184,-20.99951377447748,-21.471868508537977,0.4723547340604987,517307.79248549993,-0.2684296175752645
2018-12-11 00:00:00,1544486400000,89.88,91.65,85.83,87.76,339991.84246,92.58142857142856,117.656,188.93686868686868,32.484830546100326,-20.66969434268228,-21.311433675366835,0.6417393326845584,498359.4953325001,-0.2561451093405662
2018-12-12 00:00:00,1544572800000,87.77,91.31,86.63,89.41,285436.04029,90.68142857142855,114.1844,186.95818181818183,21.00432900432898,-20.044112801045785,-21.057969500502622,1.0138566994568414,495897.5937545,-0.2138397960080894
2018-12-13 00:00:00,1544659200000,89.39,90.71,84.71,86.34,331218.30083,90.01571428571428,110.4792,185.5219191919192,21.69946332737028,-19.570462159580785,-20.760468032318258,1.1900058727374727,487240.896603,-0.2689246401354783
2018-12-14 00:00:00,1544745600000,86.35,87.25,82.2,83.82,318003.73427,88.69714285714284,107.7996,184.04838383838384,22.392468155805773,-19.17736878339504,-20.44384818253361,1.266479399138575,479575.0049345,-0.2809470704297847
2018-12-15 00:00:00,1544832000000,83.82,85.0,81.79,83.76,217360.65775,87.75142857142859,105.7972,182.72050505050507,15.56357801845165,-18.65563045409401,-20.086204636845693,1.430574182751684,448631.372196,-0.229863920559029
2018-12-16 00:00:00,1544918400000,83.75,87.64,83.73,84.67,241366.76305,86.52428571428571,103.6548,181.58878787878788,17.6076360682372,-17.961668737928306,-19.66129745706222,1.699628719133912,426725.123413,-0.2298526468983081
2018-12-17 00:00:00,1545004800000,84.68,97.0,84.4,94.02,472252.23388,87.11142857142856,102.3504,180.5606060606061,35.486411973217784,-16.46740621115542,-19.02251920788086,2.5551129967254376,424136.51479900006,-0.0846071463343394
2018-12-18 00:00:00,1545091200000,94.03,101.3,91.34,100.39,529946.79175,88.91571428571429,101.3652,179.5832323232323,41.46864391638378,-14.600876810280312,-18.13819072836075,3.5373139180804394,421706.2173245,0.1031868131868132
2018-12-19 00:00:00,1545177600000,100.39,107.55,97.75,98.74,827748.59096,90.24857142857142,100.7192,178.710101010101,46.06072633459019,-13.103728398651311,-17.131298262418866,4.027569863767553,439154.7770655,0.061149919398173
2018-12-20 00:00:00,1545264000000,98.73,116.0,97.88,114.05,859612.57205,94.20714285714288,100.5344,178.01242424242423,71.34654565660307,-10.560108094398956,-15.817060228814883,5.256952134415929,461205.7239035,0.2618942243859261
2018-12-21 00:00:00,1545350400000,113.71,118.0,104.76,107.69,666048.71786,97.61714285714288,100.4148,176.97212121212118,62.555746140651806,-8.95425049882347,-14.444498282816603,5.490247783993134,478000.2064255,0.1547287154192578
2018-12-22 00:00:00,1545436800000,107.67,115.5,105.38,115.2,405672.83117,102.10857142857142,100.5656,176.02646464646463,69.65473550839405,-6.994968901163787,-12.95459240648604,5.959623505322254,484600.966909,0.2812812812812812
2018-12-23 00:00:00,1545523200000,115.18,131.94,114.91,129.03,936094.1049,108.44571428571427,100.8108,175.09454545454545,74.13955999460116,-4.276956607827387,-11.219065246754312,6.942108638926925,515183.370492,0.4702597994530537
2018-12-24 00:00:00,1545609600000,129.03,157.67,128.8,138.03,1319609.8165,114.73285714285714,101.6128,174.2648484848485,80.17306245297218,-1.3807708326170882,-9.251406363926868,7.870635531309778,567397.811002,0.5437870484285874
2018-12-25 00:00:00,1545696000000,138.01,139.26,119.68,127.6,1076164.12809,118.62,102.1676,173.57232323232324,72.63122017723245,0.0720330748282123,-7.386718476175852,7.458751551004064,603502.440786,0.4778781561269398
2018-12-26 00:00:00,1545782400000,127.61,135.32,122.51,129.35,794834.05601,122.99285714285716,102.61759999999998,172.77616161616163,72.66227871084884,1.349050004310115,-5.639564780078659,6.988614784388774,613937.2140650001,0.5431877833452636
2018-12-27 00:00:00,1545868800000,129.35,131.09,111.22,113.8,752177.90111,122.95714285714288,102.5068,171.80656565656568,63.64811133200795,1.0937322139690338,-4.2929053812691205,5.386637595238154,600042.4298869999,0.3586437440305634
2018-12-28 00:00:00,1545955200000,113.75,136.66,111.87,135.3,894454.19051,126.90142857142855,103.5684,170.91060606060609,71.5253386853989,2.596332438471393,-2.915057817321018,5.511390255792411,609854.283148,0.5979685839140192
2018-12-29 00:00:00,1546041600000,135.3,145.42,128.5,132.89,1006654.49844,129.42857142857142,104.4864,169.75060606060606,70.14680554416466,3.5517447803069047,-1.6216972977954334,5.1734420781023385,634161.0400584999,0.4134226760263773
2018-12-30 00:00:00,1546128000000,133.0,139.0,127.03,137.77,704259.41614,130.67714285714283,105.8888,168.70777777777778,71.0881652104845,4.649099238664547,-0.3675379905034374,5.016637229167984,648945.359401,0.3723478434106984
2018-12-31 00:00:00,1546214400000,137.81,138.66,128.7,131.45,484604.83962,129.73714285714286,107.50679999999998,167.5658585858586,65.23154553593227,4.951709150612402,0.6963114377197306,4.255397712892671,656176.0092590001,0.3312740530686651
2019-01-01 00:00:00,1546300800000,131.45,140.67,130.0,139.1,401776.88797,131.38,109.3488,166.66727272727277,65.59001208215867,5.74262336480956,1.7055738231376965,4.037049541671864,661993.051643,0.2196405085488819
2019-01-02 00:00:00,1546387200000,139.1,155.37,137.76,152.01,941486.31524,134.61714285714285,111.814,165.98434343434343,69.66989144080938,7.326700046989004,2.829799067907958,4.496900979081046,692506.4523635,0.411551676107345
2019-01-03 00:00:00,1546473600000,152.01,153.64,143.11,146.3,708091.31714,139.26,113.9356,165.29626262626263,62.81694618869724,8.028792033916048,3.869597661109576,4.159194372806471,712010.831507,0.2699652777777779
2019-01-04 00:00:00,1546560000000,146.3,154.8,143.54,151.97,805248.93821,141.64142857142858,116.418,164.5168686868687,67.69501278772378,8.939675590238778,4.8836132469354165,4.056062343303362,741405.24553,0.1777881112919475
2019-01-05 00:00:00,1546646400000,152.08,159.26,151.2,152.83,773169.13736,144.48999999999998,119.0208,163.81979797979798,65.88165780366337,9.620058141884924,5.830902225925319,3.789155915959607,767995.3642455001,0.1072230674491052
2019-01-06 00:00:00,1546732800000,152.83,157.4,147.51,153.86,627908.47366,146.78857142857143,121.5988,163.03434343434344,61.74884073057632,10.125656344549183,6.689853049650091,3.435803294899093,775778.1762345,0.2057993730407525
2019-01-07 00:00:00,1546819200000,153.89,155.48,147.86,149.34,424765.30258,149.34428571428572,124.1188,162.189898989899,55.588496887044165,10.0458183968411,7.361046119088293,2.6847722777528062,770519.1017759999,0.1545419404715888
2019-01-08 00:00:00,1546905600000,149.29,151.65,145.2,147.6,441661.06778,150.55857142857144,126.67,161.34131313131311,60.8108108108108,9.729981618473346,7.834833218965304,1.8951483995080416,751214.725617,0.29701230228471
2019-01-09 00:00:00,1546992000000,147.62,151.5,146.77,148.1,299443.563,150.0,129.2436,160.55757575757573,60.27397260273972,9.411534209570137,8.150173417086272,1.2613607924838632,723206.2751645,0.0946045824094603
2019-01-10 00:00:00,1547078400000,148.11,149.45,121.0,124.95,871751.75038,146.95000000000002,130.85479999999998,159.58969696969697,55.6398583712696,7.208060778554,7.961750889379818,-0.7536901108258185,733491.4267905,-0.0597486643088267
2019-01-11 00:00:00,1547164800000,124.96,127.36,120.08,124.65,545293.98369,143.04714285714286,132.08,158.59969696969696,43.14230521571152,5.375617939113397,7.444524299326535,-2.0689063602131377,740472.4844165,-0.0952311824054583
2019-01-12 00:00:00,1547251200000,124.67,126.19,122.0,123.35,300262.13404,138.8357142857143,132.99839999999998,157.5388888888889,43.76796446302588,3.774979042809633,6.710615248023155,-2.9356362052135214,708680.8858735,-0.0616203879802206
2019-01-13 00:00:00,1547337600000,123.35,124.25,111.87,114.16,422561.96777,133.1642857142857,133.61520000000002,156.41525252525253,35.398886827458256,1.7447921121692502,5.717450620852374,-3.972658508683124,663828.493437,-0.1792954708842559
2019-01-14 00:00:00,1547424000000,114.17,130.05,113.94,126.95,546420.40854,129.96571428571428,134.13119999999998,155.41333333333333,47.42327072835548,1.154591045574449,4.804878705796789,-3.650287660222341,637341.3074595,-0.1648575751595289
2019-01-15 00:00:00,1547510400000,126.95,129.4,116.0,118.95,649020.5297,125.87285714285714,134.5816,154.29151515151517,38.50804151933387,0.0408484316261024,3.852072650962652,-3.8112242193365495,630050.631144,-0.1869446343130554
2019-01-16 00:00:00,1547596800000,118.93,126.88,118.52,121.48,513486.65472,122.07,134.83280000000002,153.21151515151513,30.24970888860139,-0.6303840827964109,2.95558130421084,-3.5859653870072505,618116.0688245001,-0.2006317036257155
2019-01-17 00:00:00,1547683200000,121.49,122.99,116.8,121.54,447535.22716,121.58285714285716,134.5332,152.14888888888888,32.71915131211614,-1.144308313950276,2.1356033805786168,-3.279911694528893,595770.120657,-0.2047372897991232
2019-01-18 00:00:00,1547769600000,121.56,121.98,117.66,119.17,235646.684,120.8,133.77880000000002,151.41747474747476,26.00234123500148,-1.722974782074246,1.3638877480480442,-3.08686253012229,557219.729935,-0.2254647081762641
2019-01-19 00:00:00,1547856000000,119.16,125.29,119.14,122.6,323303.79296,120.69285714285716,133.5788,150.66636363636366,28.68424763785079,-1.883092672689045,0.7144916639006265,-2.597584336589672,538171.9487760001,-0.1790545064952458
2019-01-20 00:00:00,1547942400000,122.61,123.32,115.68,117.47,451792.85352,121.1657142857143,133.1036,149.81959595959594,25.743234235435267,-2.3963121861600314,0.0923308938884948,-2.488643080048526,536531.3494709999,-0.2041327913279133
2019-01-21 00:00:00,1548028800000,117.56,118.5,113.61,115.63,303632.93463,119.54857142857142,133.1768,148.99757575757573,26.697082814876254,-2.917879472370516,-0.5097111793633072,-2.408168293007208,531624.151804,-0.2192437542201215
2019-01-22 00:00:00,1548115200000,115.62,119.49,111.39,117.81,359542.63873,119.38571428571429,132.47719999999998,148.0220202020202,29.5314003023224,-3.119359488947154,-1.0316408412800766,-2.087718647667077,502526.9679785,-0.0571428571428571
2019-01-23 00:00:00,1548201600000,117.8,118.95,114.8,116.44,230247.61578,118.6657142857143,131.8192,147.02555555555554,28.50353068984248,-3.350953695792711,-1.4955034121826034,-1.855450283610108,478634.7829105,-0.0658644203770558
2019-01-24 00:00:00,1548288000000,116.4,117.15,113.61,116.39,216242.29829,117.93,130.964,146.05121212121213,41.53146022952117,-3.498203245933325,-1.896043378932748,-1.6021598670005774,449184.4509145,-0.0564248074584514
2019-01-25 00:00:00,1548374400000,116.4,117.5,114.3,115.11,198617.08108,117.35,130.31040000000002,145.13070707070705,40.74145962732919,-3.67581240064824,-2.2519971832758463,-1.423815217372394,420456.8481005,0.0083216538192012
2019-01-26 00:00:00,1548460800000,115.13,118.0,115.0,115.34,146216.82819,116.31285714285714,129.36,144.2250505050505,42.061446977205165,-3.7547276939360046,-2.5525432854078782,-1.2021844085281264,396372.265827,-0.0914533280819219
2019-01-27 00:00:00,1548547200000,115.32,116.15,111.04,112.05,247369.60555,115.53857142857144,127.7616,143.25676767676768,47.63187429854097,-4.03621713803399,-2.849278055933101,-1.1869390821008894,387502.4809755,-0.0580075662042876
2019-01-28 00:00:00,1548633600000,112.04,112.87,100.91,105.5,566205.78288,114.09142857142858,126.1296,142.22656565656567,22.00469851213784,-4.733267646794133,-3.226075974105308,-1.5071916726888253,393729.7167305,-0.1315442871254527
2019-01-29 00:00:00,1548720000000,105.49,106.61,102.22,104.45,319768.91348,112.18285714285716,124.2288,141.1940404040404,26.88137755102042,-5.3092101519846295,-3.642702809681172,-1.6665073423034578,394745.9842545,-0.140612144150074
2019-01-30 00:00:00,1548806400000,104.41,109.8,103.45,108.29,330968.19265,111.01857142857143,122.4472,140.20858585858585,29.813284358738912,-5.393618551755154,-3.992885958095968,-1.4007325936591857,367706.806368,-0.0912981455064193
2019-01-31 00:00:00,1548892800000,108.29,110.61,105.46,106.44,290679.61935,109.59714285714286,120.5504,139.20949494949494,28.090539756239124,-5.545863097994086,-4.3034813860755925,-1.242381711918494,354976.08815100003,-0.1318107667210439
2019-02-01 00:00:00,1548979200000,106.47,108.35,103.77,106.73,243149.88435,108.4,118.846,138.22767676767677,30.79061148857322,-5.578808390939187,-4.558546787048312,-1.0202616038908756,352120.47566650005,-0.0914275985357963
2019-02-02 00:00:00,1549065600000,106.71,111.15,106.07,110.42,186908.7573,107.69714285714284,117.3588,137.27313131313133,31.341911764705912,-5.2466850917828936,-4.6961744479952285,-0.550510643787665,340337.815143,-0.0450575110265502
2019-02-03 00:00:00,1549152000000,110.41,111.11,105.82,107.36,227211.54064,107.02714285714283,115.7292,136.29242424242426,33.46418056918549,-5.170785810771193,-4.791096720550422,-0.3796890902207712,324377.37174800003,-0.0887021475256769
2019-02-04 00:00:00,1549238400000,107.33,109.3,106.57,107.68,160850.10293,107.33857142857144,115.0384,135.30949494949493,36.31669535283997,-5.026867162562354,-4.838250808952808,-0.1886163536095457,299968.8504095,-0.0752318790793541
2019-02-05 00:00:00,1549324800000,107.65,108.18,106.47,107.27,159730.1886,107.7414285714286,114.3432,134.40353535353535,30.6818181818182,-4.889530704135922,-4.848506787989432,-0.0410239161464902,282281.02710350003,-0.0783572471861844
2019-02-06 00:00:00,1549411200000,107.28,107.83,101.21,104.5,337204.30254,107.2,113.5892,133.46646464646466,29.18410041841007,-4.947178428113645,-4.868241116014275,-0.0789373120993701,276764.4808725,-0.0921727043697333
2019-02-07 00:00:00,1549497600000,104.49,106.18,103.82,104.48,147942.07683,106.92,113.20199999999998,132.51444444444442,29.214659685863907,-4.93756136367324,-4.8821051655460685,-0.055456198127171,272379.250514,-0.0941564071440956
2019-02-08 00:00:00,1549584000000,104.48,123.0,103.41,119.25,589950.64925,108.70857142857145,112.894,131.69919191919192,54.91219743711437,-3.695524502773509,-4.644789032991557,0.9492645302180484,285711.59332850005,0.0642570281124499
2019-02-09 00:00:00,1549670400000,119.32,121.99,117.64,119.19,328067.9574,109.96142857142856,112.90359999999998,130.85919191919191,54.58660948296402,-2.6850907855127844,-4.2528493834958025,1.5677585979830182,279525.3485225,0.1297630331753554
2019-02-10 00:00:00,1549756800000,119.19,126.49,115.81,125.12,385819.09619,112.49857142857142,113.0492,130.09969696969696,64.64918179780318,-1.3897926789921229,-3.680238042595066,2.290445363602944,283634.6566005,0.1978937290569651
2019-02-11 00:00:00,1549843200000,125.12,125.28,119.24,120.89,389405.30404,114.38571428571429,113.0232,129.17828282828282,68.1957909671317,-0.6965557843791714,-3.083501590951888,2.3869458065727165,285127.789866,0.1163542340012928
2019-02-12 00:00:00,1549929600000,120.88,123.89,118.18,122.41,343765.66987,116.54857142857144,113.15279999999998,128.28686868686867,71.00093545369502,-0.0242299463276509,-2.471647262027041,2.44741731569939,290803.6925705,0.1500375798571964
2019-02-13 00:00:00,1550016000000,122.4,126.47,120.7,121.86,317827.31956,119.02857142857144,113.1232,127.2880808080808,67.19027109196855,0.4589225472605847,-1.885533300169516,2.3444558474301003,295882.943634,0.141759580249227
2019-02-14 00:00:00,1550102400000,121.86,124.5,120.1,120.42,297205.78738,121.30571428571427,113.2412,126.29161616161618,67.89554531490015,0.7173591442626446,-1.3649548112830838,2.0823139555457284,300812.378949,0.0905633037493207
2019-02-15 00:00:00,1550188800000,120.47,124.25,120.19,121.67,255296.0814,121.65142857142855,113.4828,125.37121212121212,68.66566716641678,1.011378026309714,-0.8896882437645244,1.9010662700742385,306266.3416095,0.1332898658718331
2019-02-16 00:00:00,1550275200000,121.66,124.99,121.54,122.67,215320.70134,122.14857142857144,113.6772,124.48131313131314,66.40771497455128,1.3099811045368028,-0.4497543741042589,1.7597354786410615,304663.896399,0.1392087667161961
2019-02-17 00:00:00,1550361600000,122.67,135.61,122.43,133.75,614788.60078,123.3814285714286,114.3696,123.67828282828285,79.09592061742006,2.41287546947784,0.1227715946121607,2.290103874865679,307093.03729400004,0.2468537335694975
2019-02-18 00:00:00,1550448000000,133.77,148.3,132.42,145.69,1079830.1502,126.92428571428572,115.5416,123.0030303030303,83.35966298051605,4.201947972272336,0.938606870144196,3.26334110212814,345096.09913,0.3941626794258372
2019-02-19 00:00:00,1550534400000,145.69,150.0,142.36,143.44,747968.90445,129.92857142857142,116.6748,122.30151515151516,80.7515728617582,5.376270326629609,1.8261395614412783,3.5501307651883303,365946.13472,0.3728943338437978
2019-02-20 00:00:00,1550620800000,143.45,149.52,139.6,148.44,614303.61007,133.7257142857143,117.9988,121.68131313131312,85.99279161205767,6.63391581421287,2.7876948119955967,3.846221002217273,382127.334256,0.2447798742138365
2019-02-21 00:00:00,1550707200000,148.42,149.61,142.7,145.69,447364.40873,137.33571428571426,119.3444,121.25969696969696,82.31143170769954,7.3242771983398,3.695011289264437,3.6292659090753614,392338.060475,0.2223340884302374
2019-02-22 00:00:00,1550793600000,145.68,148.85,143.85,147.36,366251.18542,141.00571428571428,121.0188,120.8860606060606,77.73830669034932,7.9149104514496145,4.538991121701473,3.3759193297481414,401305.181881,0.1777493606138107
2019-02-23 00:00:00,1550880000000,147.4,159.6,145.78,157.79,588183.72896,146.0228571428571,123.1524,120.69313131313132,81.61861074705112,9.11948168449632,5.455089234260443,3.6643924502358782,419353.791297,0.3052361651087765
2019-02-24 00:00:00,1550966400000,157.75,166.0,131.7,132.1,1260506.80672,145.78714285714287,124.1048,120.24767676767677,54.31930693069306,7.909963628513026,5.94606411311096,1.9638995154020664,474336.6264865,0.07916019933012
2019-02-25 00:00:00,1551052800000,132.1,141.55,131.89,137.87,801147.09543,144.67000000000002,125.362,119.83252525252526,60.31090599951421,7.332478386605743,6.223346967809916,1.109131418795827,506407.471828,0.131380272443788
2019-02-26 00:00:00,1551139200000,137.88,138.41,133.72,136.22,432944.17033,143.63857142857142,126.5416,119.68515151515152,58.37274160300715,6.664847745378012,6.311647123323535,0.3532006220544765,511194.4652175001,0.1312074406244809
2019-02-27 00:00:00,1551225600000,136.22,140.29,126.84,135.02,567202.61035,141.72142857142856,127.5256,119.69727272727272,57.91626564003851,5.970096129084197,6.243336924475669,-0.2732407953914713,532157.4918935,0.1097230212870881
2019-02-28 00:00:00,1551312000000,135.03,139.0,132.1,135.34,579327.31749,140.24285714285713,128.6448,119.6680808080808,59.09756097560976,5.383266844192065,6.071322908418948,-0.6880560642268829,531626.3253055001,0.1032852368142169
2019-03-01 00:00:00,1551398400000,135.32,137.95,134.9,135.32,302632.02831,138.5228571428571,129.7504,119.7558585858586,58.449919524575954,4.86055709854503,5.8291697464441645,-0.9686126478991346,530354.528851,0.0117383177570093
2019-03-02 00:00:00,1551484800000,135.32,136.12,130.03,132.56,297005.28093,134.91857142857145,130.762,119.8320202020202,55.99176057191324,4.175464766786888,5.498428750512709,-1.3229639837258214,525913.838088,-0.0901228636145239
2019-03-03 00:00:00,1551571200000,132.54,134.6,128.01,130.6,222453.2859,134.7042857142857,131.806,119.99070707070707,47.85451573355128,3.434774594990188,5.085697919408205,-1.6509233244180177,517566.237181,-0.0895147796988288
2019-03-04 00:00:00,1551657600000,130.6,131.11,122.6,125.65,403947.79445,132.95857142857142,132.6528,120.06121212121214,34.914182475158086,2.4204472570299345,4.552647786932552,-2.132200529902617,520575.34341,-0.1535300458097547
2019-03-05 00:00:00,1551744000000,125.68,137.84,125.19,136.72,512631.23178,133.03,133.3516,120.32424242424244,45.53429027113238,2.48123982977296,4.138366195500633,-1.657126365727673,530315.539021,-0.0615690850435857
2019-03-06 00:00:00,1551830400000,136.71,140.29,133.33,137.4,428826.87415,133.37,134.08,120.58656565656564,42.21658206429781,2.554838115200994,3.8216605794407057,-1.266822464239712,536896.5933594999,-0.0675895765472313
2019-03-07 00:00:00,1551916800000,137.37,140.2,135.2,136.81,307336.4931,133.58,134.5476,120.72707070707072,43.54275741710297,2.5363200981978764,3.5645924831921403,-1.028272384994264,539498.6139445,-0.1329615311489954
2019-03-08 00:00:00,1552003200000,136.82,139.34,130.62,133.52,330283.58233,133.32285714285717,135.0528,120.8840404040404,40.16766126740551,2.230457605124826,3.297765507578678,-1.0673079024538517,545246.7579940001,0.0107494322482968
2019-03-09 00:00:00,1552089600000,133.51,138.65,132.93,137.27,279861.12049,133.99571428571429,135.6472,121.12181818181816,33.893249607535324,2.2645487275875382,3.0911221515804503,-0.8265734239929121,528500.3839795,-0.0043519257271341
2019-03-10 00:00:00,1552176000000,137.27,137.5,134.0,135.37,203965.16815,134.67714285714283,136.1876,121.29626262626265,54.096717614632944,2.1138845217952,2.8956746256234003,-0.7817901038282007,484707.134877,-0.0062399060343562
2019-03-11 00:00:00,1552262400000,135.37,136.15,131.0,132.67,264587.00683,135.68,136.6776,121.45888888888888,42.94245385450594,1.756368297635447,2.66781336002581,-0.9114450623903628,460538.039996,-0.0174048289142351
2019-03-12 00:00:00,1552348800000,132.67,135.3,130.77,133.57,194905.96843,135.23,137.15359999999998,121.70949494949495,46.328622887226366,1.528042272466024,2.4398591425138525,-0.9118168700478284,439568.157914,-0.0130781734889907
2019-03-13 00:00:00,1552435200000,133.62,133.65,130.58,131.65,209456.09848,134.40857142857143,137.5128,121.92878787878789,45.42243955446889,1.178578380695484,2.187602990150179,-1.0090246094546949,427672.7424015,-0.0271208986107004
2019-03-14 00:00:00,1552521600000,131.69,135.11,128.52,132.2,258413.81868,133.75,137.4508,122.22666666666666,45.76133909287256,0.9352254355111996,1.9371274792223832,-1.0019020437111836,422280.8740645,-0.0027157513578758
2019-03-15 00:00:00,1552608000000,132.24,137.62,132.18,136.56,295832.26562,134.18428571428572,137.0856,122.68686868686868,51.49830836152732,1.081712724207165,1.7660445282193398,-0.6843318040121749,407663.3008975,0.0456355283307809
2019-03-16 00:00:00,1552694400000,136.6,144.47,136.51,140.92,474664.10197,134.7057142857143,136.9848,123.17040404040404,59.725453699395054,1.531961024761472,1.7192278275277664,-0.1872668027662944,368371.16566,0.1215280541185832
2019-03-17 00:00:00,1552780800000,140.94,141.07,137.2,138.67,252697.08148,135.17714285714283,136.594,123.65818181818184,59.32516755257684,1.6877742400132831,1.7129371100248698,-0.0251628700115866,340948.6649625,0.0142627267407839
2019-03-18 00:00:00,1552867200000,138.67,142.01,136.1,137.59,281718.96195,135.87999999999997,136.27,124.1059595959596,65.15228426395939,1.7044623802816543,1.711242164076227,-0.0067797837945724,333387.40454350004,0.0013828238719069
2019-03-19 00:00:00,1552953600000,137.62,139.38,136.97,138.55,218577.45208,136.59142857142857,135.9176,124.59727272727274,53.1239330829635,1.7746942579245797,1.7239325828458976,0.0507616750786821,315956.14663000003,0.0127183685403113
2019-03-20 00:00:00,1553040000000,138.56,139.66,136.01,139.01,222883.51754,137.64285714285714,135.16639999999998,125.1149494949495,52.7691778465772,1.8461899539932745,1.748384057075373,0.0978058969179014,298133.9566325,0.0411174355901735
2019-03-21 00:00:00,1553126400000,139.04,139.55,131.21,134.85,312531.39368,138.02142857142857,135.2764,125.5739393939394,46.99754901960783,1.5493140468790898,1.7085700550361165,-0.1592560081570266,298628.92490100005,-0.0176294893276026
2019-03-22 00:00:00,1553212800000,134.85,137.2,134.29,135.98,186119.74745,137.9385714285714,135.2008,126.07535353535354,54.03543307086611,1.3892054125659,1.6446971265420731,-0.2554917139761732,293084.648227,0.0045061682795299
2019-03-23 00:00:00,1553299200000,135.92,138.21,135.6,137.28,174710.43059,137.41857142857145,135.2432,126.61535353535352,50.0178380306814,1.3516364778468528,1.5860849968030293,-0.2344485189561764,290697.5054615,0.0347478706565163
2019-03-24 00:00:00,1553385600000,137.28,137.37,134.75,136.09,198490.45124,137.04999999999998,135.28599999999997,127.1439393939394,51.3177159590044,1.211870087649913,1.5112420149724062,-0.2993719273224928,280424.638301,0.0188665119413042
2019-03-25 00:00:00,1553472000000,136.12,136.83,131.6,133.98,230880.285,136.53428571428572,135.2316,127.64202020202022,52.45043022820801,0.920236931938348,1.3930409983655947,-0.4728040664272468,266337.090962,0.0176984428408657
2019-03-26 00:00:00,1553558400000,133.97,134.74,132.27,134.18,183139.11426,135.91,135.186,128.04767676767676,51.17172493276991,0.6972168021707716,1.25387615912663,-0.5566593569558584,254052.7029675,0.0149773071104388
2019-03-27 00:00:00,1553644800000,134.14,140.14,133.84,139.45,317167.45325,135.97285714285712,135.4616,128.44222222222223,63.27433628318583,0.9349393010460574,1.1900887875105155,-0.2551494864644581,254544.25097500003,0.0211628588166372
2019-03-28 00:00:00,1553731200000,139.46,139.57,137.3,137.86,163185.6991,136.40285714285713,135.752,128.83737373737372,59.3030900723209,0.9836969363352636,1.1488104172754652,-0.1651134809402015,246189.3568135,-0.0217144479137096
2019-03-29 00:00:00,1553817600000,137.85,143.6,137.62,143.25,235853.0454,137.44142857142856,136.45600000000002,129.13232323232324,60.63593004769477,1.4406586513187278,1.2071800640841177,0.2334785872346101,243988.953059,0.0330280522102834
2019-03-30 00:00:00,1553904000000,143.25,145.89,140.06,142.46,254798.70067,138.18142857142857,136.68560000000002,129.48353535353533,52.76183644189386,1.7192393835557027,1.3095919279784347,0.409647455577268,246530.629685,0.0353950141725416
2019-03-31 00:00:00,1553990400000,142.44,142.5,140.42,141.38,142469.21171,138.93714285714287,136.8448,129.7479797979798,55.07300636465745,1.83175432324498,1.4140244070317438,0.4177299162132355,240424.739929,0.0204258390472751
2019-04-01 00:00:00,1554076800000,141.41,143.08,139.57,141.24,234310.19161,139.9742857142857,137.02200000000002,129.87131313131314,57.08187815289098,1.887864269460323,1.5087923795174598,0.3790718899428631,242394.951088,0.0160420113660888
2019-04-02 00:00:00,1554163200000,141.24,165.6,141.0,163.31,906868.8586,144.1357142857143,138.2136,130.1266666666667,76.40784982935156,3.6708807313730745,1.941210049888583,1.7296706814844915,277265.589094,0.2110493140526512
2019-04-03 00:00:00,1554249600000,163.26,177.81,149.23,159.96,1345344.53845,147.06571428571428,139.1212,130.45353535353536,71.04681535061286,4.75876108493577,2.5047202568980205,2.2540408280377497,331612.1250825,0.1763494631563467
2019-04-04 00:00:00,1554336000000,159.96,164.0,152.8,157.36,686080.95248,149.85142857142858,140.0008,130.73646464646464,73.345778884049,5.349450694309013,3.073666344380219,2.275784349928794,351124.5594255,0.1462703962703964
2019-04-05 00:00:00,1554422400000,157.33,167.83,155.94,164.77,516070.34553,152.9257142857143,141.2848,131.2513131313131,76.41769131950821,6.342390408840089,3.7274111572721935,2.614979251567896,353194.8716035,0.2107428907340731
2019-04-06 00:00:00,1554508800000,164.84,172.77,159.2,165.5,528168.33297,156.21714285714285,142.562,131.55636363636364,76.16839762611279,7.1062902944830455,4.403186984714364,2.7031033097686814,366968.434178,0.2352589938796836
2019-04-07 00:00:00,1554595200000,165.56,175.43,164.06,174.21,465507.52497,160.90714285714287,144.2644,131.97373737373738,81.0221354166667,8.31861880551972,5.186273348875435,3.132345456644284,376157.862329,0.2983306006856461
2019-04-08 00:00:00,1554681600000,174.29,185.87,170.9,178.72,873410.07285,166.26142857142855,146.1252,132.38737373737374,85.04072681704265,9.533421840599516,6.055703047220252,3.477718793379264,408899.4933675,0.2816063105055577
2019-04-09 00:00:00,1554768000000,178.71,179.17,171.05,174.6,431986.36108,167.87428571428572,147.64679999999998,132.82323232323233,79.82585596221963,10.047886647677984,6.854139767311798,3.193746880366186,419354.6355445,0.2665022486580588
2019-04-10 00:00:00,1554854400000,174.58,183.77,168.0,177.12,523943.20498,170.32571428571427,149.09480000000002,133.20727272727274,78.97246577449627,10.537477175757374,7.590807249000914,2.94666992675646,429925.2261094999,0.2364397905759163
2019-04-11 00:00:00,1554940800000,177.12,177.48,158.27,164.07,661305.30321,171.28428571428572,150.1108,133.32909090909092,67.13743951876552,9.759948647320924,8.024635528664916,1.7353131186560091,453684.5038975001,0.1516917029341569
2019-04-12 00:00:00,1555027200000,164.06,166.5,158.11,163.19,316337.87823,171.0585714285714,151.13479999999998,133.49969696969697,63.854919399666485,8.969349958120631,8.213578414556059,0.7557715435645722,460765.8762795,0.154265101145848
2019-04-13 00:00:00,1555113600000,163.2,165.37,160.74,162.99,179237.74574,170.7,152.1124,133.6110101010101,64.38279389099063,8.231765800392566,8.217215891723361,0.0145499086692044,459803.2410045001,0.1539932030586235
2019-04-14 00:00:00,1555200000000,162.99,168.11,161.2,167.23,186977.66211,169.70285714285714,153.24120000000002,133.75646464646465,67.3420099288877,7.898310795900244,8.153434872558739,-0.255124076658495,457608.10986,0.0240034290612944
2019-04-15 00:00:00,1555286400000,167.21,168.81,155.7,159.95,351548.9079,167.02142857142857,154.2452,133.8179797979798,61.454634504714086,6.966306894421649,7.916009276931321,-0.9497023825096722,466028.599542,-6.251562890735585e-05
2019-04-16 00:00:00,1555372800000,159.91,166.73,159.41,165.37,240370.50441,165.70285714285714,155.4208,133.979898989899,51.58412796062751,6.589080967115962,7.65062361496825,-1.0615426478522885,462188.7521,0.0509023894255209
2019-04-17 00:00:00,1555459200000,165.41,167.28,163.78,165.75,227841.54981,164.07857142857142,156.5596,134.16323232323234,54.66559226430298,6.248757736695666,7.370250439313733,-1.1214927026180677,465421.5446355,0.0059476846513319
2019-04-18 00:00:00,1555545600000,165.75,175.2,165.04,173.33,396118.94407,165.40142857142857,158.0492,134.41808080808082,61.912576458302254,6.515584177401195,7.199317186931226,-0.6837330095300311,473434.83956900006,0.0473111782477342
2019-04-19 00:00:00,1555632000000,173.34,173.55,168.59,172.64,320541.72166,166.75142857142856,159.59560000000002,134.89979797979797,56.524622782291466,6.595341825504903,7.078522114645962,-0.4831802891410586,476721.9906185,-0.009012111819069
2019-04-20 00:00:00,1555718400000,172.66,176.97,169.87,172.88,253596.48407,168.16428571428568,161.1436,135.3869696969697,56.16850551654964,6.601814719882412,6.983180635693252,-0.3813659158108393,482278.3542365001,-0.0326768128916741
2019-04-21 00:00:00,1555804800000,172.89,173.48,164.82,168.59,283450.43943,168.35857142857142,162.3092,135.8439393939394,44.92779783393502,6.189429497871828,6.824430408128968,-0.6350009102571397,484735.3666274999,-0.0344215349369988
2019-04-22 00:00:00,1555891200000,168.59,172.3,167.0,170.52,269868.39876,169.8685714285714,163.6156,136.41323232323234,42.23778871639533,5.949760967830798,6.649496520069333,-0.6997355522385353,452885.3436355,-0.0372628726287262
2019-04-23 00:00:00,1555977600000,170.52,175.83,167.78,169.16,363523.34531,170.41,164.65200000000002,136.83959595959595,44.56652017578906,5.5856929061994265,6.436735797295352,-0.8510428910959256,403794.28397850005,0.0310233436947644
2019-04-24 00:00:00,1556064000000,169.15,169.87,159.26,164.78,426497.04153,170.27142857142857,165.5448,137.30252525252527,38.116332819722665,4.887398066958923,6.126868251228066,-1.239470184269143,390815.088431,0.0097432440713278
2019-04-25 00:00:00,1556150400000,164.78,165.49,150.35,154.72,422657.03239,167.61285714285714,166.0784,137.63828282828285,40.44553443695076,3.4820970041128305,5.597914001805019,-2.115816997692188,386144.422774,-0.0507393091600711
2019-04-26 00:00:00,1556236800000,154.7,162.56,151.4,157.95,500355.86283,165.5142857142857,166.7468,138.0060606060606,44.89079563182526,2.5990594534031004,4.998143092124635,-2.3990836387215344,384753.799267,-0.0554924355677809
2019-04-27 00:00:00,1556323200000,157.93,166.24,156.35,159.31,215918.63842,163.57571428571427,166.5868,138.41151515151515,46.49122807017543,1.9860920338624053,4.395732880472189,-2.409640846609784,372274.3549395,-0.004001250390747
2019-04-28 00:00:00,1556409600000,159.32,160.24,156.92,157.85,152976.30181,162.04142857142855,166.50240000000002,138.76757575757574,40.55577929923482,1.3667461406739392,3.78993553251254,-2.4231893918386005,336252.6663875,-0.0454737860555118
2019-04-29 00:00:00,1556496000000,157.86,159.05,152.0,155.11,243591.94898,159.83999999999995,166.4124,139.14777777777778,44.63652482269508,0.6473526785955244,3.161418961729137,-2.5140662831336127,326832.9457825,-0.0641930618401206
2019-04-30 00:00:00,1556582400000,155.14,162.89,155.11,161.83,305056.24653,158.79285714285714,166.2948,139.61444444444447,46.18698836708317,0.6124164598321613,2.651618461349742,-2.0392020015175807,315888.59786,-0.0663474297582645
2019-05-01 00:00:00,1556668800000,161.85,163.88,158.36,160.19,192517.62763,158.13714285714286,166.08239999999998,140.04252525252525,44.16946308724833,0.4472394626832567,2.2107426616164454,-1.7635031989331886,292449.214081,-0.0721153846153845
2019-05-02 00:00:00,1556755200000,160.2,163.48,158.5,161.81,289519.02025,159.15,165.5864,140.5008080808081,36.19367209971238,0.4419613086471656,1.8569863910225888,-1.4150250823754238,291108.27118200005,-0.0640328551596483
2019-05-03 00:00:00,1556841600000,161.82,170.86,160.99,168.06,416357.52123,160.5942857142857,165.16,141.02272727272728,45.15651438240273,0.9313649052439814,1.671862093866868,-0.7404971886228866,302964.2599565,-0.0031437214544159
2019-05-04 00:00:00,1556928000000,168.1,171.3,159.76,163.7,312928.58349,161.22142857142856,164.72400000000002,141.51353535353536,41.07003891050584,0.9563806586432406,1.5287658068221428,-0.5723851481789022,309261.8060255,-0.0399953084682149
2019-05-05 00:00:00,1557014400000,163.71,165.36,159.18,163.05,176029.10445,161.96428571428572,164.16119999999998,141.99545454545455,44.20016750418762,0.91322911890029,1.4056584692377725,-0.4924293503374826,300485.81585300004,-0.0361196500354692
2019-05-06 00:00:00,1557100800000,163.05,178.05,157.55,173.0,506528.14278,164.51999999999998,164.5184,142.61111111111111,52.22301900322695,1.6627459567780534,1.4570759667458286,0.2056699900322247,313793.6977715,0.0498846947445077
2019-05-07 00:00:00,1557187200000,172.98,182.76,167.89,169.18,732496.87861,165.57,164.75799999999998,143.25434343434344,50.017170329670336,1.9262962319611745,1.5509200197888977,0.3753762121722768,339026.4642115,0.0934591520165459
2019-05-08 00:00:00,1557273600000,169.07,173.17,164.8,170.85,296436.29384,167.09285714285716,165.0724,143.9250505050505,55.46551413650278,2.244048769703369,1.689545769771792,0.5545029999315769,334042.3317,0.0816714150047484
2019-05-09 00:00:00,1557360000000,170.88,173.88,166.57,170.9,284663.99456,168.39142857142858,165.21919999999997,144.55747474747474,67.77240773286469,2.47141558679823,1.84591973317708,0.6254958536211503,332248.445345,0.0727512397212981
2019-05-10 00:00:00,1557446400000,170.96,176.7,168.46,172.91,425543.74021,169.0842857142857,165.7376,145.2288888888889,66.88487584650115,2.7817295821084542,2.0330817029633543,0.7486478791450999,340845.808152,0.0954070319923978
2019-05-11 00:00:00,1557532800000,172.92,205.23,172.92,190.2,885292.38389,172.86999999999998,166.73080000000002,146.07202020202018,75.6433670928109,4.372411719948588,2.5009477063604013,1.871464013588186,370937.905375,0.2262265489007799
2019-05-12 00:00:00,1557619200000,190.2,204.32,181.0,188.11,823372.28148,176.45000000000002,167.6252,146.85676767676767,74.86033519553077,5.402120953641571,3.081182355816636,2.320938597824936,398613.099511,0.1623926342458135
2019-05-13 00:00:00,1557705600000,188.07,206.87,185.32,195.84,669265.46524,179.71285714285713,168.52560000000005,147.75050505050504,80.92634776006076,6.763948746949268,3.8177356340431614,2.946213112906105,413900.2055075,0.222548223984019
2019-05-14 00:00:00,1557792000000,195.83,219.81,194.19,216.4,864211.00603,186.45857142857145,170.27599999999998,148.84868686868688,84.2389258376208,9.393939767381823,4.932976460710894,4.460963306670929,435785.9037325,0.3373709906680675
2019-05-15 00:00:00,1557878400000,216.4,250.27,216.21,248.1,574697.29927,197.49428571428567,173.2848,150.27121212121213,90.05011389521643,13.876195526781885,6.721620273925092,7.154575252856793,443387.9170765,0.4762584791146018
2019-05-16 00:00:00,1557964800000,248.06,279.76,241.76,264.25,1733360.8936,210.83,177.1112,151.88484848484848,91.21338912133892,18.51812017557927,9.080920254255927,9.43719992132334,505038.168615,0.6142333536957851
2019-05-17 00:00:00,1558051200000,264.35,268.74,223.43,244.3,1529892.56898,221.02857142857144,180.06239999999997,153.29717171717172,77.62719234671694,20.35247002662476,11.335230208729696,9.017239817895062,570736.8651429999,0.4983134007973013
2019-05-18 00:00:00,1558137600000,244.31,248.0,230.62,233.6,673218.09982,227.22857142857143,182.64,154.45222222222222,74.21701773835922,20.704140479419664,13.20901226286769,7.495128216551974,596748.9550435,0.3502890173410404
2019-05-19 00:00:00,1558224000000,233.57,264.0,231.77,259.51,823859.06342,237.42857142857144,186.4292,155.86959595959596,78.44085387427764,22.810615728994943,15.12933295609314,7.681282772901806,625762.3107655,0.5339283603262797
2019-05-20 00:00:00,1558310400000,259.37,259.49,238.0,250.37,666889.82241,245.21857142857144,190.2552,157.13474747474748,72.92172779522429,23.4719212296138,16.797850610797273,6.6740706188165255,643853.9895595,0.4654375182908985
2019-05-21 00:00:00,1558396800000,250.48,262.0,246.06,253.43,580249.69753,250.50857142857143,194.0744,158.47353535353534,75.07291232664723,23.9666543571116,18.23161136006014,5.735042997051455,663240.5930545001,0.4829139847864248
2019-05-22 00:00:00,1558483200000,253.35,260.18,239.63,243.64,592848.95605,249.87142857142857,197.4476,159.69808080808082,70.66371430193607,23.3001728546428,19.24532365897668,4.054849195666122,678407.0898445001,0.4090567347174829
2019-05-23 00:00:00,1558569600000,243.68,247.34,231.1,244.56,600193.89368,247.0585714285714,200.916,160.93747474747474,70.80790960451978,22.58586201533373,19.913431330248088,2.672430685085644,687598.908467,0.2858044164037856
2019-05-24 00:00:00,1558656000000,244.63,254.35,241.54,248.87,447066.92596,247.71142857142857,204.66640000000004,162.2349494949495,71.18237590630228,22.11264569376297,20.353274202951063,1.7593714908119082,694305.8255905,0.3230024985380892
2019-05-25 00:00:00,1558742400000,248.84,257.33,247.22,250.22,332544.38731,250.08571428571423,208.202,163.53343434343435,68.37047012732616,21.597588510837028,20.602137064528257,0.9954514463087704,702131.5897335,0.2776756535947713
2019-05-26 00:00:00,1558828800000,250.17,269.4,245.11,264.45,450090.22324,250.79142857142853,212.3724,164.96555555555557,71.74928774928775,22.083084011270103,20.898326453876628,1.1847575573934748,699309.6937565,0.2220425138632162
2019-05-27 00:00:00,1558915200000,264.35,279.59,260.0,270.53,635463.50204,253.6714285714285,216.7212,166.3471717171717,71.48116192119643,22.69681314680861,21.258023792463025,1.438789354345584,694458.024928,0.0904070939137444
2019-05-28 00:00:00,1559001600000,270.7,275.95,264.45,271.03,409443.69364,256.18571428571425,220.84,167.61323232323232,67.76123284999024,22.958887960728447,21.59819662611611,1.360691334612337,700108.394918,0.0256575212866603
2019-05-29 00:00:00,1559088000000,271.08,274.04,260.05,268.83,383412.45769,259.7842857142857,225.0452,168.87979797979796,58.339367608013504,22.72707890655477,21.82397308220384,0.9031058243509236,705045.8180745,0.1004093327875561
2019-05-30 00:00:00,1559174400000,268.92,288.62,240.14,254.56,1066279.49387,261.2128571428571,228.7056,169.95171717171718,46.041990033494,21.14811649765452,21.688801765293977,-0.5406852676394642,737082.6057574999,0.0897260273972602
2019-05-31 00:00:00,1559260800000,254.59,268.72,245.21,267.9,602153.87244,263.93142857142857,232.5016,171.18616161616163,60.18998272884283,20.734193054810703,21.497880023197325,-0.7636869683866223,722925.6801850001,0.0323301606874493
2019-06-01 00:00:00,1559347200000,267.9,275.5,260.68,264.33,455676.98613,265.94714285714286,236.3076,172.36767676767678,64.13913683629337,19.88882063600357,21.17606814575857,-1.2872475097550016,704540.9154175001,0.0557574789311816
2019-06-02 00:00:00,1559433600000,264.33,273.2,263.2,268.88,301536.15062,266.58,240.2288,173.48979797979797,55.365937464208,19.36280155419172,20.813414827445204,-1.4506132732534844,686154.4496865,0.0609635796866985
2019-06-03 00:00:00,1559520000000,268.87,270.0,248.0,249.91,397360.65275,263.6342857142857,243.3892,174.67979797979797,49.763228330245006,17.216743281499305,20.094080518256025,-2.87733723675672,662811.9320225001,0.025734690527007
2019-06-04 00:00:00,1559606400000,250.02,251.67,234.39,241.39,633822.71246,259.4,246.1284,175.72545454545454,44.132553606237806,14.659498272620624,19.007164069128947,-4.347665796508323,665768.202682,-0.0129620543016029
2019-06-05 00:00:00,1559692800000,241.46,250.41,237.37,245.63,335953.37927,256.0857142857143,248.3456,176.83060606060604,51.02524471921691,12.8271325446089,17.771157764224938,-4.944025219616037,595897.8269654999,-0.0130188451802145
2019-06-06 00:00:00,1559779200000,245.62,250.66,235.01,248.76,297579.14734,255.25714285714284,250.77159999999995,177.97949494949495,52.11565585331452,11.49502683127082,16.515931577634113,-5.020904746363293,534282.1558835001,-0.0058348653185197
2019-06-07 00:00:00,1559865600000,248.77,253.28,243.46,248.77,353378.6568,252.52428571428567,252.8888,179.1252525252525,49.94734625105308,10.32115452787184,15.276976167681658,-4.955821639809818,518290.1837325,-0.0592928719984873
2019-06-08 00:00:00,1559952000000,248.78,250.53,240.37,243.25,188448.27748,249.5128571428572,253.9628,180.2154545454545,46.48441440532634,8.843492130304327,13.990279360206191,-5.146787229901866,486519.6444355,-0.1008390936310205
2019-06-09 00:00:00,1560038400000,243.33,244.53,226.56,230.98,316931.85638,244.09857142857143,253.278,181.209595959596,32.777606257075234,6.6061954697565,12.513462582116256,-5.907267112359756,469021.746134,-0.1477696195993063
2019-06-10 00:00:00,1560124800000,231.02,247.45,227.03,246.51,314662.52637,243.6128571428572,252.5684,182.38040404040404,38.73569686737949,6.016903835768801,11.214150832846766,-5.197246997077965,455742.387576,-0.0830264479410779
2019-06-11 00:00:00,1560211200000,246.61,247.8,236.49,244.29,237508.42798,244.02714285714288,252.568,183.57878787878784,37.65922097101718,5.309545389359414,10.033229744149295,-4.7236843547898815,437975.3611725,-0.0403441231929604
2019-06-12 00:00:00,1560297600000,244.36,261.87,242.2,261.15,336499.3016,246.24428571428567,253.67,184.8356565656566,46.8780487804878,6.039796801553081,9.234543155630051,-3.1947463540769725,424790.6315685,-0.0251959686450168
2019-06-13 00:00:00,1560384000000,261.13,262.98,253.69,254.67,291757.21635,247.0885714285714,253.4764,186.020202020202,50.04773891155281,6.026178428752644,8.592870210254572,-2.566691781501929,417025.146088,-0.0365452275564635
2019-06-14 00:00:00,1560470400000,254.67,264.26,251.75,262.47,327383.28236,249.04571428571427,253.9604,187.28949494949487,47.52439135588586,6.569056587626903,8.18810748572904,-1.6190508981021363,416767.0908405,-0.0238396310621837
2019-06-15 00:00:00,1560556800000,262.48,272.27,260.61,267.82,286594.98029,252.55571428571423,254.536,188.6460606060606,51.565724540152544,7.346308061529811,8.019747600889195,-0.6734395393593839,408592.328693,0.0716657996878875
2019-06-16 00:00:00,1560643200000,267.78,277.06,263.31,267.73,458176.54236,257.80571428571426,255.4996,189.9638383838384,49.46256659500889,7.864367671436298,7.988671614998616,-0.1243039435623174,399727.980709,0.1091180247731886
2019-06-17 00:00:00,1560729600000,267.73,276.0,266.81,273.16,339277.66707,261.61285714285714,256.6436,191.3556565656565,62.43980738362762,8.613794799751247,8.113696251949142,0.5000985478021054,396219.6793805,0.112079143427106
2019-06-18 00:00:00,1560816000000,273.14,273.58,261.45,264.66,319941.55156,264.5228571428572,257.2752,192.6888888888889,62.45317349887619,8.424727224502249,8.175902446459762,0.2488247780424863,393046.134074,0.0639170284611674
2019-06-19 00:00:00,1560902400000,264.68,270.0,263.59,268.14,208375.68381,265.5214285714286,257.992,194.04818181818183,62.145246573864256,8.458195908002295,8.232361138768269,0.2258347692340265,350150.943571,0.0778630863850142
2019-06-20 00:00:00,1560988800000,268.16,273.63,265.71,271.22,200717.7737,267.8857142857143,258.2628,195.4579797979798,62.12481105592746,8.633726119770074,8.312634134968631,0.3210919848014431,330079.13863400003,0.1149845837615624
2019-06-21 00:00:00,1561075200000,271.27,295.94,271.22,294.35,519818.06907,272.44,259.2156,197.09585858585856,69.69068602039054,10.517987953835814,8.753704898742068,1.7642830550937454,333286.19278100005,0.2743527578145295
2019-06-22 00:00:00,1561161600000,294.25,314.39,289.69,310.79,726254.67061,278.5785714285715,260.806,198.8557575757576,76.66192957524082,13.185851351421944,9.640134189278044,3.5457171621439016,354522.1187805,0.2607602125674415
2019-06-23 00:00:00,1561248000000,310.7,321.7,305.58,308.52,418812.02747,284.4057142857143,262.3936,200.54868686868687,83.23332761872106,14.944708983702585,10.701049148162951,4.243659835539631,355594.6875165,0.2629252118383887
2019-06-24 00:00:00,1561334400000,308.42,314.41,298.0,311.64,352791.26964,289.9028571428572,264.6768,202.29585858585853,81.23741007194245,16.40131016017648,11.841101350565657,4.560208809610822,341543.11537550006,0.1933371625502584
2019-06-25 00:00:00,1561420800000,311.65,318.99,307.0,318.26,345559.65047,297.56,266.6912,204.12080808080808,84.04049700874367,17.883703558722402,13.049621792197009,4.834081766525396,342023.4289355,0.2496956846114579
2019-06-26 00:00:00,1561507200000,318.29,366.8,315.57,339.39,1008551.28721,307.73857142857145,269.6936,206.14949494949497,84.64399574920297,20.5269040440935,14.545078242576306,5.981825801517193,377572.035929,0.2930620642359125
2019-06-27 00:00:00,1561593600000,339.53,347.0,280.01,298.35,1016826.449,311.61428571428576,270.8724,207.75898989898988,64.80878763222134,19.09001662899567,15.45406591986018,3.635950709135491,410744.425539,0.1139944739003808
2019-06-28 00:00:00,1561680000000,298.35,313.58,295.22,311.05,529174.47722,314.0,273.318,209.53878787878787,65.9404121275758,18.75980550173682,16.115213836235508,2.644591665501313,427780.735526,0.1618048033466552
2019-06-29 00:00:00,1561766400000,310.95,324.74,295.18,317.62,425555.16264,314.9757142857143,276.3672,211.3735353535353,66.2109375,18.81140868691307,16.654452806371022,2.1569558805420463,433211.900839,0.1627617513545174
2019-06-30 00:00:00,1561852800000,317.64,323.5,290.12,292.7,489028.56835,312.71571428571434,278.25,212.94343434343432,56.99714173625511,16.649543277157534,16.653470900528326,-0.0039276233707923,441930.202938,0.1059472530794225
2019-07-01 00:00:00,1561939200000,292.89,303.49,280.13,295.07,489769.27421,310.34857142857146,280.1024,214.5492929292929,56.24679249586588,14.955095525615093,16.31379582554568,-1.358700299930586,454543.2452494999,0.1004326098306855
2019-07-02 00:00:00,1562025600000,295.03,297.57,272.65,291.48,493772.96579,306.5228571428571,281.8108,216.140202020202,57.86694825765575,13.170726540496505,15.685181968535844,-2.5144554280393425,462406.928459,0.0746995059361403
2019-07-03 00:00:00,1562112000000,291.47,302.89,285.0,301.14,370521.96637,301.0585714285714,284.1264,217.82666666666668,59.34103260869565,12.393221192719864,15.02678981337265,-2.6335686206527864,466345.16596,0.0230677764565991
2019-07-04 00:00:00,1562198400000,301.11,302.74,280.53,282.73,270791.36878,298.82714285714286,286.19640000000004,219.27393939393937,52.99786424962233,10.174227302664406,14.056277311231003,-3.8820500085665977,463515.57028100005,-0.0902860452395508
2019-07-05 00:00:00,1562284800000,282.86,294.89,280.78,287.47,261139.28341,295.4585714285714,287.8348,220.7851515151515,48.01820486231133,8.697873373958089,12.98459652377642,-4.286723149818332,462242.785437,-0.0682289640866068
2019-07-06 00:00:00,1562371200000,287.32,296.71,285.28,288.29,196064.64705,291.2685714285714,289.5948,222.250202020202,42.877943783236255,7.507477864299801,11.889172791881098,-4.381694927581297,449137.19067149993,-0.0749261968938518
2019-07-07 00:00:00,1562457600000,288.29,309.69,284.25,304.72,246111.36595,292.9857142857143,291.3376,223.88919191919192,48.89611898675344,7.799931777082577,11.071324588921394,-3.271392811838817,444478.8756155,-0.0425438320869727
2019-07-08 00:00:00,1562544000000,304.72,313.74,300.78,311.97,289607.34177,295.40000000000003,293.62960000000004,225.6123232323233,50.0936170212766,8.518521802458508,10.560764031628818,-2.0422422291703093,442962.165126,-0.0807920091929637
2019-07-09 00:00:00,1562630400000,311.96,318.19,302.69,307.46,309447.34927,297.6828571428572,295.42920000000004,227.2913131313132,46.89904674399908,8.624670434277732,10.1735453121586,-1.548874877880868,448015.748399,0.030534607005195
2019-07-10 00:00:00,1562716800000,307.46,314.18,281.04,289.23,457080.94063,295.9814285714286,296.2856,228.5632323232323,35.353889278206026,7.155303459956315,9.569896941718143,-2.4145934817618286,460833.9067455001,-0.0701494936505384
2019-07-11 00:00:00,1562803200000,289.23,289.23,262.12,268.63,501592.75211,293.96714285714285,296.3216,229.6609090909091,40.14588859416445,4.27924325545996,8.511766204466507,-4.232522949006548,459922.6408975,-0.1542409168188401
2019-07-12 00:00:00,1562889600000,268.67,278.99,266.21,274.62,266734.54213,292.13142857142856,296.38,230.84535353535352,37.358595322367954,2.4549881863478618,7.300410600842778,-4.845422414494917,436946.6344735,-0.0617697300990774
2019-07-13 00:00:00,1562976000000,274.53,275.04,262.2,268.79,205959.26849,289.3457142857143,296.5452,231.89606060606064,32.968259504708755,0.5326802183957398,5.946864524353371,-5.414184305957631,426303.9965245,-0.0890636120242653
2019-07-14 00:00:00,1563062400000,268.8,269.74,222.81,225.85,540052.58421,278.0785714285714,294.85360000000003,232.5056565656565,29.286732354217023,-4.404885058129707,3.8765146078567554,-8.281399665986463,435667.062253,-0.2251612460546178
2019-07-15 00:00:00,1563148800000,225.83,235.58,203.08,228.2,715991.20688,266.1114285714286,293.1328,233.0510101010101,29.277967152153693,-8.035685373833303,1.494074611518744,-9.529759985352047,454188.6400735,-0.2422129242212924
2019-07-16 00:00:00,1563235200000,228.2,234.5,192.25,198.88,715604.83198,250.6,289.314,233.2546464646465,25.25122942056873,-13.127672112645769,-1.4302747333141588,-11.69739737933161,439541.317312,-0.2965727018710431
2019-07-17 00:00:00,1563321600000,198.94,219.86,191.84,210.81,694854.10132,239.39714285714285,285.31480000000005,233.62040404040405,26.14734618431476,-16.015836399605433,-4.347387066572414,-11.66844933303302,423442.699928,-0.2666713048318085
2019-07-18 00:00:00,1563408000000,210.8,229.65,205.71,225.73,609081.49094,233.26857142857145,282.0032,234.1114141414141,34.66587754223609,-16.905927092811936,-6.859095071820319,-10.046832020991618,427438.050614,-0.2170037115404628
2019-07-19 00:00:00,1563494400000,225.75,226.23,212.52,220.73,371622.21865,225.57,278.3668,234.6837373737374,32.07070707070706,-17.809491857086982,-9.049174428873652,-8.76031742821333,424741.40341450006,-0.2756300866369127
2019-07-20 00:00:00,1563580800000,220.84,235.09,219.78,228.2,325393.97225,219.7714285714285,274.7644,235.340404040404,34.414068579135744,-17.718558360640515,-10.783051215227024,-6.93550714541349,416559.6736095,-0.2685194089175242
2019-07-21 00:00:00,1563667200000,228.25,229.66,216.99,225.38,270046.1519,219.70428571428573,270.204,235.9706060606061,27.857780754632728,-17.67035054022648,-12.160511080226916,-5.509839459999565,405573.517494,-0.2669615559747609
2019-07-22 00:00:00,1563753600000,225.49,228.34,212.25,217.51,271310.40446,218.17714285714283,266.9704,236.47848484848484,23.729002113694506,-18.05901563203622,-13.340211990588775,-4.718803641447446,394450.3894275,-0.2479687445977251
2019-07-23 00:00:00,1563840000000,217.59,219.55,208.36,212.48,317876.48242,220.12,263.0276,237.00909090909093,23.660565723793667,-18.55897813266168,-14.383965219003358,-4.175012913658321,391818.11523,-0.2090235640099765
2019-07-24 00:00:00,1563926400000,212.55,218.28,202.0,216.31,331162.6484,220.90571428571428,258.97520000000003,237.5236363636364,28.02290536467752,-18.43366125272252,-15.19390442574719,-3.2397568269753254,394836.679211,-0.2123297647658583
2019-07-25 00:00:00,1564012800000,216.31,225.12,215.23,219.14,280370.29627,219.9642857142857,256.0328,238.06292929292928,33.295078647134275,-17.899653312568205,-15.735054203111394,-2.1645991094568107,395798.229854,-0.184716693329365
2019-07-26 00:00:00,1564099200000,219.14,220.0,212.71,218.81,197781.98653,219.69,252.9824,238.52232323232323,30.413420369200537,-17.30361115646363,-16.048765593781845,-1.254845562681787,395884.096828,-0.0311711312818241
2019-07-27 00:00:00,1564185600000,218.81,223.3,203.0,207.3,301209.41113,216.70428571428573,249.6152,238.87242424242424,29.24738440769489,-17.557611049470438,-16.350534684919566,-1.207076364550872,398638.999087,-0.0915863277826467
2019-07-28 00:00:00,1564272000000,207.3,213.52,198.24,211.62,218801.16693,214.73857142857145,246.03440000000003,239.26373737373737,43.50406281384096,-17.211911694424828,-16.52281008682062,-0.6891016076042078,395098.690345,0.0640587288817378
2019-07-29 00:00:00,1564358400000,211.58,215.83,206.59,210.89,226941.28,213.7928571428572,243.1608,239.6910101010101,41.97942730052822,-16.803151097800196,-16.578878289016536,-0.2242728087836596,390973.3868815,0.0003794886390589
2019-07-30 00:00:00,1564444800000,210.84,214.36,204.4,209.58,222683.79393,213.3785714285714,240.0452,240.0855555555556,56.69586983729664,-16.395909592207687,-16.542284549654767,0.1463749574470796,379253.5295465,-0.0715456518849952
2019-07-31 00:00:00,1564531200000,209.57,218.79,209.2,218.42,207213.55658,213.68,237.2504,240.5831313131313,54.95378205962765,-15.184812576803807,-16.270790155084576,1.0859775782807688,364534.56977,-0.0104652743170389
2019-08-01 00:00:00,1564617600000,218.42,219.39,210.54,216.84,186806.18844,213.35142857142856,233.7352,241.1089898989899,42.99669135024421,-14.188940982663382,-15.854420320600338,1.665479337936956,360538.1520855,-0.049780893952673
2019-08-02 00:00:00,1564704000000,216.8,222.18,214.31,217.61,206867.03039,213.18,229.9608,241.7442424242424,47.3666441593518,-13.185577870642677,-15.320651830608806,2.135073959966132,360583.5401805,-0.0344751087052976
2019-08-03 00:00:00,1564790400000,217.69,224.51,216.62,222.14,181591.95296,215.3,226.548,242.3926262626263,44.61811722912965,-11.8878366532972,-14.634088795146486,2.7462521418492862,342660.508618,0.0212863776378098
2019-08-04 00:00:00,1564876800000,222.14,223.34,216.9,221.79,135622.0258,216.75285714285715,223.8504,243.02373737373736,46.66542819988853,-10.763534142233937,-13.859977864563977,3.09644372233004,313642.049564,0.0438158885542168
2019-08-05 00:00:00,1564963200000,221.79,236.25,221.79,233.54,307956.27211,219.98857142857145,222.4468,243.78828282828283,63.888407555016485,-8.822687056446654,-12.852519702940512,4.029832646493858,293259.6215705,0.079654199990754
2019-08-06 00:00:00,1565049600000,233.53,239.15,223.03,226.28,341279.08159,222.3742857142857,220.5132,244.5071717171717,61.51151151151154,-7.78068222220935,-11.83815220679428,4.05746998458493,275580.870584,0.0325819111070548
2019-08-07 00:00:00,1565136000000,226.31,231.25,220.95,226.1,279104.7037,223.47142857142856,218.80560000000003,245.15636363636364,58.69603837271275,-6.889986899405699,-10.848519145316564,3.9585322459108654,259082.031222,0.0333165760248617
2019-08-08 00:00:00,1565222400000,226.11,228.5,215.51,221.39,236886.35423,224.1214285714286,218.6272,245.77454545454543,51.933986591026304,-6.489356810036384,-9.97668667826053,3.487329868224146,252345.238001,0.0679691268692714
2019-08-09 00:00:00,1565308800000,221.38,221.79,207.3,210.53,232062.12757,223.11,217.9204,246.26666666666665,43.97379912663755,-6.96784483904861,-9.374918310418144,2.407073471369536,247678.645767,-0.005150741895851
2019-08-10 00:00:00,1565395200000,210.52,215.0,202.6,206.48,252614.02389,220.8728571428572,218.2244,246.65474747474747,49.33050293925537,-7.58639990634822,-9.01721462960416,1.4308147232559405,246807.03936650004,-0.0209113755986533
2019-08-11 00:00:00,1565481600000,206.48,216.94,206.14,216.42,188474.09048,220.1057142857143,218.4488,247.1872727272728,53.58959018845348,-7.191633649601783,-8.652098433603685,1.4604647840019016,242665.2236675,0.0326367019753792
2019-08-12 00:00:00,1565568000000,216.41,216.81,209.75,211.41,122760.94619,216.9442857142857,217.876,247.6757575757576,50.36547652516167,-7.200046027938868,-8.361687952470723,1.161641924531855,232909.446856,-0.0320941305741232
2019-08-13 00:00:00,1565654400000,211.58,214.3,204.0,209.3,166922.48201,214.51857142857145,217.4188,248.04242424242423,49.80539338337503,-7.292904204380363,-8.147931202852652,0.8550269984722885,224697.4385365,-0.0347721822541966
2019-08-14 00:00:00,1565740800000,209.31,209.9,183.49,187.1,325228.98931,208.9471428571429,215.7748,248.2234343434344,31.64126611957795,-9.053486488436988,-8.329042259969519,-0.724444228467469,226940.3731885,-0.1402049538164607
2019-08-15 00:00:00,1565827200000,187.08,189.95,181.23,188.03,237953.09426,204.18142857142857,214.2808,248.39696969696968,32.982870643827525,-10.255498403427964,-8.714333488661207,-1.5411649147667568,228948.928575,-0.1535518141712433
2019-08-16 00:00:00,1565913600000,187.98,188.39,178.04,184.88,282177.01584,200.51714285714283,212.9756,248.53818181818184,31.196139262323328,-11.33165590487755,-9.237797971904476,-2.093857932973073,227997.3088105,-0.1664186843410433
2019-08-17 00:00:00,1566000000000,184.83,187.0,181.83,185.59,138799.61508,197.53285714285715,211.9,248.66626262626264,28.03749549333014,-11.989025390003237,-9.78804345552423,-2.200981934479005,223997.23121800003,-0.2053181467842767
2019-08-18 00:00:00,1566086400000,185.67,197.91,183.35,194.33,175363.5062,194.37714285714287,211.0208,248.7079797979798,35.0109170305677,-11.670223415215643,-10.164479447462512,-1.5057439677531317,221418.342528,-0.1411967473926109
2019-08-19 00:00:00,1566172800000,194.32,203.59,192.7,202.28,239541.5978,193.0728571428572,210.3464,248.8511111111111,32.1981776765376,-10.653267755023478,-10.262237108974706,-0.3910306460487724,222261.2327215,-0.1053516143299424
2019-08-20 00:00:00,1566259200000,202.24,202.75,194.45,196.6,189297.75494,191.25857142857143,209.458,248.8587878787879,32.78821619113894,-10.188208274758694,-10.247431342131502,0.0592230673728089,221365.4426395,-0.1119743439179727
2019-08-21 00:00:00,1566345600000,196.55,197.2,179.53,187.45,284973.64194,191.30857142857144,208.664,248.56636363636363,29.69849774135939,-10.43765502640585,-10.285476078986372,-0.1521789474194772,226273.81531450004,-0.1096280815085736
2019-08-22 00:00:00,1566432000000,187.45,195.14,182.8,190.35,245575.98772,191.64,207.8132,247.9830303030303,33.379738702077546,-10.282803848620487,-10.284941632913196,0.0021377842927066,228209.263181,-0.0781189461449051
2019-08-23 00:00:00,1566518400000,190.36,196.19,188.16,194.02,192548.51552,192.9457142857143,207.1384,247.2736363636364,40.42232277526397,-9.751535218177622,-10.17826034996608,0.4267251317884586,228757.091309,-0.1035024489418722
2019-08-24 00:00:00,1566604800000,194.02,194.09,185.63,190.6,167806.34294,193.6614285714286,206.37920000000005,246.7312121212121,40.71996259934549,-9.496991018050837,-10.042006483583032,0.545015465532197,230366.307166,-0.0984343219336834
2019-08-25 00:00:00,1566691200000,190.6,192.4,182.8,186.54,169862.91522,192.54857142857145,205.104,246.25585858585856,31.25000000000001,-9.513208627432364,-9.9362469123529,0.4230382849205369,223461.6393215,-0.1087434304825609
2019-08-26 00:00:00,1566777600000,186.54,193.7,186.0,188.67,254397.79472,190.6042857142857,203.9772,245.54030303030305,35.1953125,-9.247587567803322,-9.798515043442984,0.5509274756396625,219117.574978,0.0083912346338856
2019-08-27 00:00:00,1566864000000,188.61,189.49,184.75,187.24,157898.563,189.2671428571429,202.7624,244.90262626262623,35.509721492380464,-9.048168360768528,-9.648445706908094,0.6002773461395652,213057.267943,-0.0042014572142742
2019-08-28 00:00:00,1566950400000,187.3,188.25,166.48,173.03,334480.61761,187.20714285714288,200.798,244.09050505050504,39.67415235579041,-9.922376465105742,-9.703231858547625,-0.2191446065581175,217936.981112,-0.0640956295975767
2019-08-29 00:00:00,1567036800000,173.03,173.5,163.61,169.01,295241.216,184.1585714285714,198.6868,243.33666666666667,36.64700926705982,-10.814905589984136,-9.925566604834929,-0.8893389851492088,221095.9355335,-0.0893367099520449
2019-08-30 00:00:00,1567123200000,169.03,170.77,165.55,168.5,238616.68868,180.5128571428572,196.0852,242.56838383838385,38.057742782152246,-11.431617518706672,-10.226776787609277,-1.2048407310973968,220396.068773,-0.132918231873617
2019-08-31 00:00:00,1567209600000,168.48,174.98,165.63,171.57,194999.19583,177.7942857142857,193.8968,241.78757575757567,40.11840992387933,-11.53962125182312,-10.489345680452049,-1.050275571371074,220722.32404050004,-0.1518192604310856
2019-09-01 00:00:00,1567296000000,171.52,173.42,167.61,170.74,191140.52368,175.53714285714287,191.6824,240.98474747474745,31.286688878311907,-11.558944732164264,-10.70326549079449,-0.8556792413697742,224141.302915,-0.1315361139369276
2019-09-02 00:00:00,1567382400000,170.73,181.0,170.02,178.05,294627.31247,174.01999999999998,189.9488,240.1120202020202,30.58182401025806,-10.859224442036492,-10.73445728104289,-0.1247671609936027,230526.544438,-0.0501467057882101
2019-09-03 00:00:00,1567468800000,178.0,183.0,174.09,178.75,327857.85447,172.80714285714285,188.6776,239.1849494949495,34.45392788712769,-10.131418238181,-10.613849472470513,0.482431234289514,230657.987696,-0.0609403729971105
2019-09-04 00:00:00,1567555200000,178.79,180.14,173.0,174.72,286226.25171,173.04857142857142,187.4072,238.2121212121212,37.827500478102905,-9.767223426178193,-10.444524263212047,0.677300837033858,233071.6455685,-0.0994742810019586
2019-09-05 00:00:00,1567641600000,174.7,176.19,168.1,173.75,232753.83596,173.72571428571428,185.7004,237.2517171717172,33.518665607625096,-9.447957138413273,-10.245210838252294,0.7972536998390218,230600.4865745,-0.0884050367261279
2019-09-06 00:00:00,1567728000000,173.74,177.87,165.0,169.08,315822.37984,173.80857142857144,184.0072,236.38828282828285,25.72040498442365,-9.462686318786467,-10.08870593435913,0.6260196155726625,239451.6248125,-0.0935992280476036
2019-09-07 00:00:00,1567814400000,169.11,180.8,168.3,177.62,253831.23169,174.67285714285714,182.74,235.47636363636363,38.509206798866856,-8.68513583253997,-9.807991913995298,1.1228560814553283,243375.011087,-0.0585678698256213
2019-09-08 00:00:00,1567900800000,177.58,184.18,176.13,181.19,290083.47501,176.1657142857143,182.5036,234.6365656565657,45.222361135917126,-7.692181624426183,-9.384829856081476,1.6926482316552924,245902.1049475,-0.0323114719077121
2019-09-09 00:00:00,1567987200000,181.18,185.38,176.01,180.54,273729.94868,176.52142857142857,182.204,233.74424242424243,42.54265272427077,-6.878417710668373,-8.883547426998856,2.005129716330483,250123.7146345,0.0434028781136217
2019-09-10 00:00:00,1568073600000,180.52,184.36,177.0,179.81,238387.50999,176.67285714285714,182.0012,233.0361616161616,43.09607879576286,-6.220700482388963,-8.350978038076878,2.1302775556879148,247794.408037,0.0639015442873203
2019-09-11 00:00:00,1568160000000,179.87,182.8,173.0,178.28,278555.46708,177.18142857142857,181.7088,232.39868686868684,56.382202771699504,-5.756555070120015,-7.832093444485506,2.0755383743654905,249443.382005,0.0580415430267062
2019-09-12 00:00:00,1568246400000,178.3,182.38,176.62,180.72,203543.13663,178.17714285714283,181.1644,231.7430303030303,64.80404551201016,-5.13266273777117,-7.292207303142639,2.159544565371469,249993.11306049995,0.0533310019234132
2019-09-13 00:00:00,1568332800000,180.71,181.38,177.54,180.95,264422.54059,179.87285714285713,180.3112,231.0580808080808,65.85179526355998,-4.567018742480542,-6.74716959101022,2.180150848529678,254823.922943,0.0597985240716878
2019-09-14 00:00:00,1568419200000,180.96,188.79,179.75,188.13,279371.83423,181.3742857142857,179.9724,230.4455555555556,69.08713692946061,-3.499041039703201,-6.097543880748816,2.5985028410456152,260299.3688935,0.0566133108677335
2019-09-15 00:00:00,1568505600000,188.14,190.45,185.76,189.03,288928.60827,182.49428571428567,180.03560000000002,229.8978787878788,71.04718066743385,-2.55063638892662,-5.388162382384378,2.837525993457758,262025.909571,0.0575104895104894
2019-09-16 00:00:00,1568592000000,189.05,199.44,188.3,197.22,551006.81686,184.87714285714284,180.3104,229.55686868686865,71.62192646063615,-1.125183897418765,-4.535566685391256,3.410382787972491,281681.322264,0.1287774725274726
2019-09-17 00:00:00,1568678400000,197.23,215.13,195.74,207.84,715863.2262,188.8814285714286,180.8632,229.1662626262626,76.8110599078341,0.8516257058699637,-3.4581282071390125,4.309753913008976,300750.4526935,0.1962014388489208
2019-09-18 00:00:00,1568764800000,207.85,217.27,207.66,210.21,539028.51013,193.44285714285715,181.6476,228.8220202020202,83.74215630347977,2.579762851399636,-2.250549995431283,4.830312846830919,312939.8174,0.2432576295244854
2019-09-19 00:00:00,1568851200000,210.27,223.94,202.3,220.24,844358.82155,199.08857142857144,182.9956,228.40878787878788,87.70478507704787,4.7044314087075065,-0.8595537146035253,5.563985123311031,343226.9240435,0.2399504560297263
2019-09-20 00:00:00,1568937600000,220.26,221.54,212.05,218.03,437804.12669,204.3857142857143,184.17,228.03868686868688,91.34989018415273,6.139149721028957,0.5401869725229713,5.598962748505986,355367.1705865,0.2033224791655168
2019-09-21 00:00:00,1569024000000,218.01,221.5,213.2,215.05,417891.5242,208.23142857142847,185.2824,227.55969696969697,84.89651314562745,6.955534156938597,1.8232564094060968,5.132277747532501,366704.7206125,0.1911487758945387
2019-09-22 00:00:00,1569110400000,215.04,215.61,206.1,211.2,445388.94787,211.39857142857144,186.80920000000003,226.9877777777777,77.83342608050452,7.20876373884002,2.9003578752928814,4.308405863547138,374242.8023825,0.1745731605583671
2019-09-23 00:00:00,1569196800000,211.2,211.68,198.65,201.29,392437.07084,211.98,188.1004,226.31666666666663,66.4239354123793,6.534470519659209,3.627180404166147,2.907290115493062,377471.763201,0.1290666367511779
2019-09-24 00:00:00,1569283200000,201.25,202.98,150.03,165.81,1478218.82714,205.97571428571428,187.9928,225.23232323232324,42.85130718954248,3.101397820646781,3.522023887462274,-0.4206260668154926,437071.3919725,-0.0825033200531207
2019-09-25 00:00:00,1569369600000,165.72,174.85,161.88,169.96,879001.46213,200.22571428571428,187.9284,224.2757575757576,45.862343345931976,0.7073790642052131,2.959094922810862,-2.2517158586056487,469383.773281,-0.0607350096711797
2019-09-26 00:00:00,1569456000000,169.96,171.01,152.11,165.92,779942.17148,192.46571428571428,187.7356,223.24323232323235,42.755042099079695,-1.4986171588097932,2.067552506486731,-3.566169665296524,492589.7628629999,-0.1180566629458353
2019-09-27 00:00:00,1569542400000,165.92,176.72,161.03,173.79,634932.96707,186.1457142857143,187.5652,222.2590909090909,46.7389324102751,-2.582077251954786,1.1376265547984277,-3.7197038067532135,511644.849632,-0.0806221234724647
2019-09-28 00:00:00,1569628800000,173.83,175.49,168.0,173.49,521775.46593,180.20857142857145,187.3548,221.03828282828283,42.88629737609331,-3.4254482394392767,0.2250115959508867,-3.6504598353901634,523229.449178,-0.120322482506845
2019-09-29 00:00:00,1569715200000,173.5,174.5,164.12,169.24,410855.12176,174.21428571428572,187.1356,219.6084848484849,40.68705882352942,-4.386203876477651,-0.6972314985348209,-3.688972377942832,530085.707832,-0.1857197844495766
2019-09-30 00:00:00,1569801600000,169.26,181.24,165.01,180.85,580295.3997,171.2942857142857,187.4196,218.3188888888889,42.536701012127295,-4.162793576419688,-1.3903439141117944,-2.7724496623078934,547181.1023175,-0.1396698539555683
2019-10-01 00:00:00,1569888000000,180.89,185.53,173.19,175.66,609972.52717,172.70142857142858,187.6828,216.94535353535355,34.56446661550268,-4.354334867526177,-1.983142104794671,-2.371192762731506,563751.955322,-0.2024155466763531
2019-10-02 00:00:00,1569974400000,175.65,181.29,173.65,180.24,348268.1162,174.17000000000002,187.78760000000003,215.55121212121216,35.92296852982621,-4.089424655515273,-2.4043986149387915,-1.685026040576482,570988.2043005,-0.1733247718203916
2019-10-03 00:00:00,1570060800000,180.24,180.72,169.55,174.69,354756.78478,175.42285714285714,187.5276,213.8875757575757,27.664999509659708,-4.278005832366972,-2.779120058424428,-1.4988857739425443,575504.91651,-0.1876772843524762
2019-10-04 00:00:00,1570147200000,174.71,178.98,170.74,175.55,333897.63876,175.67428571428573,187.328,212.6471717171717,28.890876565295173,-4.308398425827789,-3.0849757319051,-1.223422693922689,578231.2067365,-0.1687973484848484
2019-10-05 00:00:00,1570233600000,175.55,176.71,172.02,176.25,278488.61771,176.06857142857143,187.1856,211.2855555555556,30.272523896684973,-4.227271273401584,-3.313434840204397,-0.9138364331971868,577709.2072085,-0.1243976352526206
2019-10-06 00:00:00,1570320000000,176.23,177.04,167.68,170.1,314932.39629,176.19142857142856,186.8584,209.79545454545453,29.58068362480128,-4.606134373085894,-3.571974746780697,-1.0341596263051969,565905.48618,0.0258729871539713
2019-10-07 00:00:00,1570406400000,170.08,182.32,168.68,179.85,496523.48038,176.04857142857145,186.8236,208.6555555555556,39.3312101910828,-4.072695099356082,-3.6721188172957744,-0.4005762820603076,554938.4988889999,0.0581901623911507
2019-10-08 00:00:00,1570492800000,179.88,184.87,177.0,180.6,400832.37828,176.75428571428571,186.8096,207.4992929292929,61.24714828897337,-3.5485168068400696,-3.6473984152046337,0.098881608364564,548028.6922965001,0.08847637415622
2019-10-09 00:00:00,1570579200000,180.61,195.53,178.96,192.62,562506.82189,178.5228571428571,186.9892,206.5007070707071,65.38983971746806,-2.13853647160002,-3.3456260264837114,1.2070895548836915,533936.0923135,0.1083491570285977
2019-10-10 00:00:00,1570665600000,192.61,194.2,186.88,191.14,436588.58452,180.8728571428572,187.0736,205.389595959596,67.74556712637207,-1.1275429158239092,-2.902009404351752,1.774466488527842,533875.315205,0.1017349703152918
2019-10-11 00:00:00,1570752000000,191.18,196.65,179.41,180.72,621693.63125,181.6114285714285,186.4136,204.3591919191919,54.70724086401305,-1.1538295269300818,-2.5523734288674174,1.3985439019373356,544065.4205575001,0.0678326636728905
2019-10-12 00:00:00,1570838400000,180.65,184.64,177.59,179.68,290415.22038,182.10142857142856,185.2872,203.27040404040403,54.16274377942165,-1.244238358686431,-2.2907464148312204,1.0465080561447897,536316.734183,-0.0064694498202929
2019-10-13 00:00:00,1570924800000,179.65,184.95,178.52,180.99,247589.23231,183.65714285714287,184.1184,202.18656565656568,58.2271390561546,-1.1963907099635094,-2.0718752738576782,0.8754845638941688,529074.3422565,0.030342707503131
2019-10-14 00:00:00,1571011200000,180.98,187.54,180.43,186.72,279732.84612,184.6385714285714,182.7776,200.99464646464648,54.47886464214864,-0.688175136633987,-1.7951352464129402,1.1069601097789532,469150.0432055,0.0359520639147803
2019-10-15 00:00:00,1571097600000,186.7,188.37,175.96,180.49,405466.38109,184.6228571428572,181.276,199.66656565656564,53.62776025236593,-0.7791381474255843,-1.591935826615469,0.8127976791898848,445473.2891535001,0.033201671532429
2019-10-16 00:00:00,1571184000000,180.52,181.44,171.81,174.47,347764.93459,182.03,179.6528,198.3232323232324,45.75797676812233,-1.3217543165936263,-1.537899524611101,0.2161452080174744,423864.4273090001,-0.0061520934206779
2019-10-17 00:00:00,1571270400000,174.52,178.96,172.61,177.16,298795.8198,180.03285714285715,178.2912,197.1912121212121,51.89562547966232,-1.5172313230176542,-1.5337658842924116,0.0165345612747573,407057.5699455,0.0051631205673758
2019-10-18 00:00:00,1571356800000,177.17,177.44,168.66,172.74,319602.48508,178.89285714285714,177.14919999999998,196.22262626262625,47.95517391937126,-2.0056850309223364,-1.6281497136183969,-0.3775353173039397,396948.920903,0.0155202821869488
2019-10-19 00:00:00,1571443200000,172.78,174.98,169.44,171.79,296918.73026,177.76571428571427,177.3884,195.1839393939394,46.766241299303935,-2.441303348728866,-1.7907804406404906,-0.6505229080883752,391252.101328,-0.0448151237142062
2019-10-20 00:00:00,1571529600000,171.84,176.88,169.21,175.22,299141.07152,176.94142857142856,177.5988,194.23878787878783,53.86473429951691,-2.481160397167286,-1.9288564319458497,-0.5523039652214368,377194.384919,-0.0297895902547065
2019-10-21 00:00:00,1571616000000,175.18,177.9,171.59,173.98,270608.51385,175.12142857142857,177.9212,193.7148484848485,44.915988221028925,-2.58302947617554,-2.059691040791788,-0.5233384353837516,360226.184253,-0.0967708441491019
2019-10-22 00:00:00,1571702400000,174.0,175.04,170.3,171.2,255429.41624,173.7942857142857,177.81760000000003,193.13909090909087,42.13520749665327,-2.855171581083141,-2.218787148850059,-0.6363844322330823,355584.249255,-0.1043214397823585
2019-10-23 00:00:00,1571788800000,171.19,171.49,153.45,162.35,746955.09806,172.06285714285715,177.372,192.770101010101,23.25499204806502,-3.7418336680496793,-2.523396452689983,-1.2184372153596963,375194.164919,-0.1016489597166888
2019-10-24 00:00:00,1571875200000,162.35,163.72,158.72,160.38,387310.83766,169.66571428571427,177.0176,192.26070707070707,23.055360896986684,-4.551020959342026,-2.928921354020392,-1.622099605321634,377864.824864,-0.107413178984862
2019-10-25 00:00:00,1571961600000,160.39,187.78,160.25,181.5,904832.86059,170.91714285714286,177.0436,191.81393939393945,50.57539097078784,-3.4483497948634465,-3.0328070421890025,-0.4155427526744439,409182.037008,0.0028178352395158
2019-10-26 00:00:00,1572048000000,181.53,197.74,173.8,179.49,1211737.43684,172.01714285714283,177.1968,191.3973737373737,49.86181818181818,-2.7054780871395963,-2.9673412511791217,0.2618631640395255,454022.2890355,-0.0387210796915166
2019-10-27 00:00:00,1572134400000,179.42,188.7,176.22,183.75,724423.40525,173.2357142857143,177.33719999999997,190.94838383838385,51.92468619246861,-1.7527953749669225,-2.724432075936682,0.9716367009697596,465417.285279,0.0180619424898886
2019-10-28 00:00:00,1572220800000,183.84,189.48,180.35,181.72,582179.44545,174.34142857142857,177.6184,190.5073737373737,46.3235294117647,-1.148353986512916,-2.4092164580519286,1.2608624715390129,474484.63863750006,0.0415544219636614
2019-10-29 00:00:00,1572307200000,181.67,192.74,181.26,190.46,529964.5054,177.09285714285713,178.2148,190.23414141414145,57.06991916040278,0.0355058361961937,-1.9202719992023043,1.955777835398498,472857.5228130001,0.0750733799954843
2019-10-30 00:00:00,1572393600000,190.45,191.71,179.28,183.13,537770.43056,180.0614285714286,178.49,189.93767676767675,56.02896129211919,0.3778973686754625,-1.4606381256267509,1.8385354943022127,477916.61511500005,0.0601481996063446
2019-10-31 00:00:00,1572480000000,183.14,185.27,177.66,182.18,410969.86104,183.1757142857143,178.9732,189.5929292929293,53.58162100456621,0.5660628443367273,-1.0552979316340552,1.6213607759707824,467380.4266045,0.0604808196053321
2019-11-01 00:00:00,1572566400000,182.19,184.5,177.02,182.85,331519.76963,183.36857142857144,179.0932,189.22636363636363,57.62098597919492,0.7604823726258871,-0.6921418707820668,1.452624243407954,469435.654067,0.0435452573907086
2019-11-02 00:00:00,1572652800000,182.86,186.0,181.53,182.91,179864.39739,183.8571428571429,179.18559999999997,188.86373737373737,58.49633251833741,0.9089252238766504,-0.3719284518503234,1.280853675726974,466049.412321,0.0513277388205541
2019-11-03 00:00:00,1572739200000,182.9,184.7,178.95,181.54,232621.52147,183.5414285714286,178.74239999999998,188.60353535353536,54.98579993688861,0.9055807315645552,-0.1164266151673477,1.0220073467319029,463693.84608850005,0.0603971962616822
2019-11-04 00:00:00,1572825600000,181.53,188.64,180.36,185.71,321175.29134,184.1114285714286,178.5252,188.34181818181816,58.844819785854334,1.2252899671426576,0.1519167012946533,1.0733732658480042,459479.291601,0.1438866646134895
2019-11-05 00:00:00,1572912000000,185.71,192.51,182.22,188.68,389668.6472,183.8571428571429,178.8436,188.11747474747472,63.14285714285716,1.698734069465786,0.4612801749288798,1.2374538945369062,461574.4772315,0.1764559171966579
2019-11-06 00:00:00,1572998400000,188.65,195.09,187.72,191.16,343219.9224,185.0042857142857,179.3028,187.9314141414141,73.9564277398969,2.248142023485684,0.8186525446402407,1.4294894788454435,463795.6823615001,0.0532231404958678
2019-11-07 00:00:00,1573084800000,191.16,192.27,184.59,186.68,309882.08206,185.64714285714285,179.5304,187.61080808080808,70.99297573435506,2.29559108121083,1.1140402519543586,1.1815508292564714,463309.6622105,0.0400579419466264
2019-11-08 00:00:00,1573171200000,186.67,188.26,181.41,183.74,365029.75027,185.77428571428567,179.41119999999998,187.27646464646463,52.51911830859201,2.072075772235252,1.3056473560105373,0.7664284162247144,466715.213211,-5.442176870740223e-05
2019-11-09 00:00:00,1573257600000,183.71,185.79,182.63,184.89,192073.38044,186.05714285714288,179.58720000000002,186.9459595959596,56.19266055045869,1.9650814330408928,1.4375341714166086,0.5275472616242849,461361.828657,0.0174444199867926
2019-11-10 00:00:00,1573344000000,184.86,191.58,183.3,188.96,274940.53448,187.11714285714285,180.1668,186.61080808080808,56.000921446671285,2.1835322335804506,1.5867337838493771,0.5967984497310734,461578.42968850007,-0.0078756694319017
2019-11-11 00:00:00,1573430400000,188.96,190.19,184.06,184.98,255579.93429,187.0128571428572,180.4796,186.2389898989899,53.59347442680775,2.012306709973757,1.6718483690742532,0.3404583408995036,461585.955591,0.0101021132528804
2019-11-12 00:00:00,1573516800000,184.98,187.65,182.41,187.09,256782.63119,186.78571428571428,181.0536,185.769797979798,45.64936741544022,2.0235424768349333,1.7421871906263893,0.281355286208544,437077.3322475,0.0269513667801075
2019-11-13 00:00:00,1573603200000,187.09,189.66,185.3,188.11,197273.84001,186.35,181.7064,185.38424242424244,57.6804441702653,2.090652636320641,1.81188027976524,0.2787723565554012,427575.482365,0.0287667487011211
2019-11-14 00:00:00,1573689600000,188.07,188.72,183.34,184.92,245505.29971,186.0985714285714,182.0944,184.96828282828284,53.95268320830926,1.8649337853613304,1.822490980884458,0.0424428044768723,394609.1043210001,0.0109890109890109
2019-11-15 00:00:00,1573776000000,184.93,186.7,177.67,180.0,407466.78964,185.5642857142857,182.3352,184.550202020202,46.337702390131085,1.2743570926112966,1.7128642032298258,-0.4385071106185292,354395.571961,-0.0084829789578053
2019-11-16 00:00:00,1573862400000,179.99,183.46,179.3,182.37,172801.52576,185.20428571428573,182.782,184.2657575757576,49.34497816593888,0.9861917966663044,1.5675297219171216,-0.5813379252508173,326814.4779865,-0.017985030423779
2019-11-17 00:00:00,1573948800000,182.37,186.09,180.0,183.82,198892.4372,184.47,183.6408,184.0368686868687,52.76029055690073,0.8648521283713251,1.4269942032079623,-0.5621420748366373,307650.127574,-0.0257578969684122
2019-11-18 00:00:00,1574035200000,183.82,184.06,175.01,178.2,293551.23632,183.50142857142856,184.3536,183.65080808080808,41.21637426900583,0.3116104836573754,1.203917459297845,-0.8923069756404696,295829.46412,-0.0677966101694915
2019-11-19 00:00:00,1574121600000,178.2,178.52,172.65,175.94,275886.6411,181.90857142857143,184.1312,183.29252525252525,34.84776403425309,-0.3056769642941219,0.9019985745794517,-1.2076755388735736,282735.274647,-0.0575316048853653
2019-11-20 00:00:00,1574208000000,175.93,177.41,173.5,174.72,216315.93309,179.99571428571426,183.9404,182.9432323232324,29.843060323688093,-0.8831451703610469,0.544969825591352,-1.4281149959523989,273002.5782495,-0.0490911069990204
2019-11-21 00:00:00,1574294400000,174.75,175.85,157.26,161.01,473895.92992,176.57999999999998,183.03080000000003,182.6796969696969,24.335132973405337,-2.419188406791136,-0.0478618208851456,-2.37132658590599,280121.386264,-0.1291578776569851
2019-11-22 00:00:00,1574380800000,161.02,162.79,138.0,149.56,977977.23794,172.23142857142858,181.7444,182.29111111111112,20.79630895420371,-4.5084622996432415,-0.9399819166367648,-3.568480383006477,320027.0282915,-0.2085097375105843
2019-11-23 00:00:00,1574467200000,149.55,154.33,146.11,151.84,369721.0996,167.86999999999998,180.1996,181.95737373737373,22.29673093042753,-5.912098970115522,-1.9344053273325164,-3.977693642783006,326882.007198,-0.1791545031895339
2019-11-24 00:00:00,1574553600000,151.84,152.86,138.62,139.96,352319.21558,161.6042857142857,178.47279999999998,181.49646464646463,13.68218203379783,-7.892132270683646,-3.125950716002743,-4.766181554680903,328439.20341,-0.2519108450478379
2019-11-25 00:00:00,1574640000000,139.99,151.5,131.45,145.69,749675.41303,156.96,177.01319999999998,181.0051515151516,21.61537350093917,-8.896407565764832,-4.280042085955161,-4.616365479809671,346439.5417015,-0.2255063526659934
2019-11-26 00:00:00,1574726400000,145.81,149.97,143.37,147.47,354023.04298,152.89285714285714,175.59799999999998,180.4515151515152,21.23983739837398,-9.439855075406598,-5.312004683845449,-4.127850391561149,346979.6977305,-0.2025200086523901
2019-11-27 00:00:00,1574812800000,147.47,155.54,140.84,152.62,564796.4284,149.7357142857143,174.38639999999998,180.0072727272727,25.69511025886864,-9.347230131958952,-6.11904977346815,-3.228180358490801,359725.4150475,-0.152111111111111
2019-11-28 00:00:00,1574899200000,152.61,154.63,149.09,150.72,317714.56326,148.2657142857143,173.1536,179.6362626262626,26.15727830451756,-9.31970654228391,-6.759181127231303,-2.560525415052608,357359.65569700004,-0.1735482809672643
2019-11-29 00:00:00,1574985600000,150.69,157.6,150.23,154.57,328712.25558,148.98142857142858,171.908,179.27484848484846,32.00283085633403,-8.884812487213338,-7.18430739922771,-1.7005050879856285,364191.599454,-0.1591230551626591
2019-11-30 00:00:00,1575072000000,154.54,155.25,149.7,151.37,226863.41299,148.91428571428574,170.4156,178.8440404040404,28.315612758813643,-8.698102757602896,-7.487066470902748,-1.211036286700148,361787.7433795,-0.1505611672278338
2019-12-01 00:00:00,1575158400000,151.43,152.49,145.79,150.73,344178.14088,150.45285714285714,168.79840000000002,178.44131313131317,26.588368473185227,-8.503750658818632,-7.690403308485926,-0.8133473503327062,366217.653709,-0.1432874843696715
2019-12-02 00:00:00,1575244800000,150.72,151.42,146.71,148.65,233839.0973,150.87571428571428,167.27719999999997,178.05858585858584,27.9904662594965,-8.420497582462673,-7.836422163281275,-0.5840754191813975,365070.4770145,-0.1492101648351648
2019-12-03 00:00:00,1575331200000,148.66,149.93,145.77,147.17,196329.22503,150.83285714285714,165.81439999999998,177.63939393939393,28.319517709118315,-8.377373404890733,-7.944612411603167,-0.432760993287566,365023.2462655,-0.0859573939506863
2019-12-04 00:00:00,1575417600000,147.19,151.98,143.15,145.38,434490.46521,149.79857142857142,164.234,177.21656565656565,28.07830245068737,-8.390910036082062,-8.033871936498945,-0.3570380995831161,374472.5045405,-0.0279486493714897
2019-12-05 00:00:00,1575504000000,145.45,149.02,143.64,148.1,299073.53972,149.42428571428573,162.5996,176.9647474747475,38.45878777042732,-8.088912695436164,-8.04488008828639,-0.0440326071497736,369052.8420445,-0.0246311907270811
2019-12-06 00:00:00,1575590400000,148.11,149.77,145.74,148.45,220674.68581,148.54999999999998,161.1384,176.7570707070707,48.761989739014034,-7.732203523187252,-7.982344775266563,0.2501412520793113,371446.500047,0.0606601886253213
2019-12-07 00:00:00,1575676800000,148.46,149.49,146.85,147.14,140471.68588,147.94571428571427,159.54039999999998,176.54131313131313,44.64204286365707,-7.469115670021438,-7.879698954217538,0.4105832841961003,368525.462481,0.009952639165351
2019-12-08 00:00:00,1575763200000,147.16,151.62,146.11,150.44,205301.6026,147.9042857142857,158.03359999999998,176.32787878787877,64.85260770975054,-6.914626717597827,-7.686684506893597,0.7720577892957703,364112.980795,0.0201396894283583
2019-12-09 00:00:00,1575849600000,150.44,151.19,146.56,147.38,243775.99249,147.72285714285712,156.532,176.0919191919192,52.59122968414597,-6.64550145039874,-7.478447895594626,0.8329464451958861,362507.4483645,-0.0343336391036561
2019-12-10 00:00:00,1575936000000,147.4,148.57,143.81,145.56,203215.84937,147.4928571428571,155.1544,175.76373737373737,47.0750382848392,-6.504101295751042,-7.28357857562591,0.7794772798748681,361852.4441785,-0.0342356687898088
2019-12-11 00:00:00,1576022400000,145.53,146.34,142.12,143.39,157843.10484,147.20857142857145,153.59519999999998,175.40656565656565,34.44556791371754,-6.492302299423045,-7.125323320385338,0.6330210209622926,346049.8029245,-0.0723296888141296
2019-12-12 00:00:00,1576108800000,143.41,145.85,139.24,144.87,261615.30437,146.74714285714285,152.0372,175.1050505050505,40.00000000000002,-6.291009042477498,-6.95846046480377,0.6674514223262724,310231.706246,-0.0429411376098302
2019-12-13 00:00:00,1576195200000,144.87,146.0,142.8,144.8,160695.18556,146.22571428571428,150.7012,174.81262626262628,30.820573223400142,-6.067192285127248,-6.780206828868466,0.7130145437412176,299780.410544,-0.0393418695681018
2019-12-14 00:00:00,1576281600000,144.8,145.07,141.18,141.79,126232.59201,145.46142857142857,149.3352,174.5369696969697,31.05221518987344,-6.062809443498082,-6.63672735179439,0.5739179082963073,288476.0793655,-0.0461486713757148
2019-12-15 00:00:00,1576368000000,141.79,144.12,139.92,142.46,151189.65877,144.32142857142858,148.0448,174.1818181818182,33.66258395890959,-5.936836454261623,-6.496749172287837,0.5599127180262133,258551.7916525,-0.0320038051233266
2019-12-16 00:00:00,1576454400000,142.46,142.72,127.93,132.73,471018.85942,142.22857142857143,146.91359999999997,173.69232323232322,25.84951456310685,-6.546665748116084,-6.506732487453486,-0.0399332606625977,264401.58247450006,-0.0870133443389737
2019-12-17 00:00:00,1576540800000,132.72,132.98,119.11,121.88,563257.36001,138.84571428571428,145.8064,173.09979797979798,20.12756909992919,-7.815373419960849,-6.768460673954959,-1.046912746005891,264324.629055,-0.1770425388251181
2019-12-18 00:00:00,1576627200000,121.88,134.87,116.26,132.78,884960.91334,137.32999999999998,145.04399999999998,172.6247474747475,37.75272161741837,-7.850795403087545,-6.984927619781477,-0.8658677833060686,292686.94655899995,-0.105557426743011
2019-12-19 00:00:00,1576713600000,132.8,134.0,125.69,128.1,420674.8172,134.93428571428572,144.5696,172.1178787878788,31.273408239700416,-8.162413248521972,-7.220424745529576,-0.9419885029923956,297285.07464,-0.1294005708848715
2019-12-20 00:00:00,1576800000000,128.1,129.39,125.84,128.19,213897.4673,132.5614285714286,143.8696,171.58727272727273,30.937147158449434,-8.30635984254016,-7.437611764931693,-0.8687480776084673,296636.7773555,-0.1478994948152087
2019-12-21 00:00:00,1576886400000,128.19,128.4,126.5,126.99,135196.11641,130.44714285714286,143.0504,171.04222222222222,31.001320007542944,-8.420205637368781,-7.634130539419112,-0.7860750979496691,286187.676132,-0.1383498439408332
2019-12-22 00:00:00,1576972800000,127.0,133.07,126.82,132.09,253140.72413,128.96571428571428,142.2292,170.47616161616165,33.266459967171286,-8.006606694429735,-7.708625770421237,-0.2979809240084972,287152.75747350004,-0.0925391591096455
2019-12-23 00:00:00,1577059200000,132.12,135.1,126.0,127.8,421600.75655,128.26142857142858,141.3124,169.85767676767676,32.536567962896925,-7.933540779654919,-7.753608772267974,-0.1799320073869452,298416.3340495,-0.1087244577725085
2019-12-24 00:00:00,1577145600000,127.8,129.69,126.61,127.75,200637.10098,129.1,140.2396,169.15595959595962,33.597347577822845,-7.789873287684287,-7.760861675351237,-0.0290116123330497,286723.665838,-0.1181749154414303
2019-12-25 00:00:00,1577232000000,127.7,127.84,123.07,125.09,225004.4909,128.0014285714286,139.1884,168.32010101010104,33.29682365826949,-7.800733534286394,-7.76883604713827,-0.0318974871481243,283020.21339700004,-0.1361187845303868
2019-12-26 00:00:00,1577318400000,125.09,132.26,124.32,125.58,274986.52097,127.64142857142858,138.1824,167.4652525252525,32.06915783602902,-7.681256707159406,-7.751320179142497,0.070063471983091,285735.805155,-0.1143240002821073
2019-12-27 00:00:00,1577404800000,125.58,127.1,121.91,126.29,240012.37451,127.37,137.28799999999998,166.51626262626263,32.996509277971725,-7.44347564081022,-7.689751271476043,0.2462756306658224,290712.8395865,-0.1135055454162572
2019-12-28 00:00:00,1577491200000,126.28,129.68,125.84,128.11,196893.52277,127.53,136.5256,165.6079797979798,37.15251690458306,-7.027168815142801,-7.557234780209395,0.5300659650665942,290292.435595,-0.034807503955398
2019-12-29 00:00:00,1577577600000,128.11,138.07,127.52,134.36,316347.26666,127.85428571428572,136.0848,164.7929292929293,43.11458687521253,-6.122345304262154,-7.270256885019947,1.1479115807577926,293920.9993035,0.1023957991467017
2019-12-30 00:00:00,1577664000000,134.36,136.24,130.3,131.59,320347.21956,128.3957142857143,135.4244,163.98878787878786,48.9008870034709,-5.5646363392785645,-6.929132775871671,1.3644964365931065,299777.567813,-0.0089621931013706
2019-12-31 00:00:00,1577750400000,131.61,133.68,128.17,129.16,264933.98418,128.59714285714287,134.6528,163.260202020202,58.37937384898709,-5.258116365695685,-6.594929493836474,1.3368131281407898,305132.11178000004,0.0082747853239657
2020-01-01 00:00:00,1577836800000,129.16,133.05,128.68,130.77,144770.52197,129.40857142857143,133.99800000000002,162.90626262626262,47.0571010248902,-4.829610786783803,-6.24186575242594,1.4122549656421368,299289.87266,0.0201263749122397
2020-01-02 00:00:00,1577923200000,130.72,130.78,126.38,127.19,213757.05806,129.63857142857142,133.068,162.47424242424242,48.623298033282914,-4.72443278864165,-5.938379159669083,1.2139463710274327,301942.966285,0.0015749271596188
2020-01-03 00:00:00,1578009600000,127.19,135.14,125.88,134.35,413055.18895,130.79,132.5468,162.15535353535356,57.67696909272182,-4.017020593075642,-5.554107446350395,1.5370868532747526,316284.096132,0.0171095465213111
2020-01-04 00:00:00,1578096000000,134.37,135.85,132.5,134.2,184276.17102,131.66000000000005,132.0924,161.75545454545454,59.22702841054515,-3.4289680684233588,-5.129079570764988,1.700111502341629,317938.4217445,0.0500782472613456
2020-01-05 00:00:00,1578182400000,134.2,138.19,134.19,135.37,254120.45343,131.8042857142857,131.7716,161.37040404040405,54.66704610130904,-2.835833263428839,-4.670430309297759,1.83459704586892,307093.50144499994,0.0596477495107632
2020-01-06 00:00:00,1578268800000,135.37,144.41,134.86,144.15,408020.27375,133.59857142857143,131.74280000000002,161.1169696969697,70.62831188493563,-1.638410458792947,-4.064026339196797,2.42561588040385,299331.647132,0.15237029338876
2020-01-07 00:00:00,1578355200000,144.14,145.31,138.76,142.8,447762.17281,135.54714285714286,131.6628,160.73262626262624,68.38504764231614,-0.7892796522116043,-3.409077001799759,2.6197973495881546,277471.7101055,0.1371237458193981
2020-01-08 00:00:00,1578441600000,142.8,147.77,137.03,140.72,570465.57764,136.96857142857144,131.62,160.37969696969697,69.36802973977692,-0.2809375142665544,-2.783449104293118,2.502511590026564,284961.24812749994,0.1142608282524348
2020-01-09 00:00:00,1578528000000,140.76,141.5,135.3,137.74,366076.06569,138.4757142857143,131.43120000000002,159.95040404040404,64.1923436041083,-0.1171829900729619,-2.2501958814490868,2.133012891376125,292570.178047,0.0751697759737723
2020-01-10 00:00:00,1578614400000,137.73,145.17,135.32,144.84,409403.59507,139.9742857142857,131.91559999999998,159.64888888888888,68.84013812715821,0.5788318991394021,-1.684390325331389,2.263222224470791,306280.55198,0.0779994045846976
2020-01-11 00:00:00,1578700800000,144.83,148.05,142.09,142.38,368350.57939,141.14285714285717,132.7356,159.31383838383837,64.3071987166633,0.9213070186175684,-1.1632508565415975,2.084557875159166,312041.044743,0.0819971122425715
2020-01-12 00:00:00,1578787200000,142.4,146.6,141.76,146.54,229541.86137,142.73857142857145,133.286,159.01373737373737,62.74591879447464,1.5109806077401515,-0.6284045636852478,2.139385171425399,302438.099984,0.1345617838340043
2020-01-13 00:00:00,1578873600000,146.56,147.0,142.27,143.58,207996.61865,142.65714285714287,133.90519999999998,158.7458585858586,62.49739420471128,1.7196310766226477,-0.1587974356236687,1.878428512246316,302806.07586750004,0.0979582473044275
2020-01-14 00:00:00,1578960000000,143.58,171.7,143.51,165.64,1108476.31186,145.92000000000002,135.40320000000003,158.60232323232322,76.98224852071004,3.623278810628904,0.5976178136268457,3.025660997002058,346979.66691549995,0.3023036402232879
2020-01-15 00:00:00,1579046400000,165.6,171.98,159.2,166.4,721687.80381,149.5885714285714,136.9796,158.45888888888888,76.68913857677902,5.134076564501271,1.504909563801731,3.62916700069954,369314.7310575,0.2385560104205435
2020-01-16 00:00:00,1579132800000,166.4,167.4,157.8,164.21,456170.86719,153.36999999999998,138.2644,158.1719191919192,78.3200734394125,6.084541168651981,2.420835884771781,3.6637052838802,380122.6556915,0.2236214605067066
2020-01-17 00:00:00,1579219200000,164.24,174.81,162.14,169.85,767180.67853,156.94285714285712,139.9464,157.9568686868687,77.80388471177946,7.2097821984719985,3.3786251475118245,3.831157050960174,408637.0134795,0.2547093152101647
2020-01-18 00:00:00,1579305600000,169.92,179.5,164.92,174.14,688783.17982,161.48,141.80200000000002,157.89040404040404,79.37628714327745,8.35144075803504,4.373188269616468,3.978252488418572,427258.8091375,0.2080471730835933
2020-01-19 00:00:00,1579392000000,174.1,178.05,161.66,166.79,624681.28604,164.37285714285713,143.47,157.760202020202,71.1839266450917,8.564404692074078,5.21143155410799,3.352973137966088,442475.51246150007,0.1679971988795516
2020-01-20 00:00:00,1579478400000,166.79,169.33,161.24,166.87,358092.8841,167.7,145.1216,157.61757575757576,67.35410937977392,8.640038490058203,5.897152941298033,2.74288554876017,447133.4574575,0.185830017055145
2020-01-21 00:00:00,1579564800000,166.86,170.32,164.8,169.49,308007.6353,168.25,146.8496,157.44353535353534,69.99850142364755,8.809836611099229,6.479689675258272,2.330146935840957,455295.313124,0.2305067518513139
2020-01-22 00:00:00,1579651200000,169.48,171.47,166.03,168.07,272240.90286,168.48857142857145,148.44799999999998,157.3180808080808,70.69774481610413,8.72919597532109,6.929590935270836,1.7996050400502543,458219.505364,0.1603838718586026
2020-01-23 00:00:00,1579737600000,168.07,168.2,159.21,162.81,373414.34985,168.28857142857143,149.58599999999998,157.20030303030302,68.33942940746161,8.146936833610937,7.173060114938856,0.9738767186720808,456237.463409,0.1434892541087231
2020-01-24 00:00:00,1579824000000,162.85,164.45,155.55,162.54,430013.19902,167.24428571428572,150.824,157.05262626262626,64.38556566970091,7.576369849836766,7.253722061918438,0.3226477879183278,468524.314809,0.1091852054046675
2020-01-25 00:00:00,1579910400000,162.51,162.79,157.61,160.35,219921.65197,165.2742857142857,152.0716,156.92747474747475,64.66938775510205,6.8683031833489,7.176638286204531,-0.3083351028556311,466814.374736,0.1167989970748013
2020-01-26 00:00:00,1579996800000,160.36,168.08,159.41,167.86,251582.55758,165.42714285714283,153.5552,156.8877777777778,66.5015479876161,6.834367154808831,7.108184059925391,-0.2738169051165595,458992.4889275,0.0134025597681721
2020-01-27 00:00:00,1580083200000,167.91,172.56,165.22,170.08,365894.81917,165.8857142857143,155.2708,156.83585858585857,70.74851237081114,6.90698858937364,7.067944965815041,-0.1609563764414012,454899.1212455,0.0221153846153847
2020-01-28 00:00:00,1580169600000,170.04,176.2,170.03,175.64,473433.89609,166.7642857142857,156.9224,156.85262626262627,60.55743243243243,7.328706367572579,7.12009724616655,0.2086091214060292,450047.537168,0.0696059923268983
2020-01-29 00:00:00,1580256000000,175.58,178.45,173.33,173.72,317382.90161,167.57142857142858,158.5032,156.8780808080808,57.543281121187135,7.422431619807384,7.180564120894717,0.2418674989126668,447612.878964,0.0227848101265824
2020-01-30 00:00:00,1580342400000,173.68,187.0,170.93,184.69,477721.6609,170.69714285714284,160.476,157.10373737373737,67.87085514834206,8.28637668500781,7.401726633717335,0.8846500512904738,451028.7822555,0.0605834386126105
2020-01-31 00:00:00,1580428800000,184.71,185.82,175.22,179.99,385596.53365,173.19,161.9096,157.30181818181816,58.99574166075232,8.493896303782975,7.620160567730464,0.8737357360525113,451891.0799685,0.0791414353378501
2020-02-01 00:00:00,1580515200000,179.94,184.28,179.23,183.6,259370.12902,176.51142857142858,163.5416,157.3230303030303,58.49497126436783,8.847663568592196,7.865661167902811,0.9820024006893852,453382.493351,0.1002576856235393
2020-02-02 00:00:00,1580601600000,183.63,193.43,179.1,188.44,552621.13619,179.45142857142855,165.4504,157.41343434343435,70.3592251269513,9.41010044479782,8.174549023281813,1.235551421516007,470613.719228,0.1118060062540562
2020-02-03 00:00:00,1580688000000,188.48,195.19,186.62,189.69,417175.95781,182.25285714285715,167.5284,157.47343434343432,70.99742362900258,9.843233604847256,8.508285939594902,1.3349476652523542,436048.7015255,0.1286368774915214
2020-02-04 00:00:00,1580774400000,189.74,191.6,184.69,188.91,366389.69686,184.14857142857144,169.2912,157.5460606060606,68.4952380952381,10.008187122209648,8.808266176117852,1.1999209460917957,418283.796178,0.1603095632946378
2020-02-05 00:00:00,1580860800000,188.91,207.61,188.19,203.78,550942.11417,188.44285714285712,171.74720000000002,157.68060606060604,77.07354056103111,11.20958162017496,9.288529264929274,1.9210523552456849,423022.358527,0.2537221606989048
2020-02-06 00:00:00,1580947200000,203.78,216.33,201.02,213.19,608240.2233,192.51428571428573,174.4132,157.98424242424244,85.93437945791727,12.773755866499044,9.985574585243228,2.7881812812558167,415075.3357655,0.3295291549734955
2020-02-07 00:00:00,1581033600000,213.16,225.0,213.14,223.33,629361.15466,198.7057142857143,177.6032,158.399898989899,88.00800300112545,14.662567531094853,10.920973174413554,3.741594356681297,412104.2345075,0.3304539497200047
2020-02-08 00:00:00,1581120000000,223.36,227.75,213.22,223.05,548551.87465,204.34142857142857,179.8996,158.8059595959596,90.16141429669489,15.952974760836952,11.927373491698235,4.025601269138717,408297.763938,0.3114416745061148
2020-02-09 00:00:00,1581206400000,223.01,230.65,222.86,228.49,350336.24399,210.06285714285715,182.3832,159.26636363636362,89.89340702724044,17.216137407947286,12.985126274948048,4.231011132999239,407909.9319325,0.3008995672967434
2020-02-10 00:00:00,1581292800000,228.53,229.4,216.37,222.89,510415.49949,214.8057142857143,184.7304,159.68404040404042,83.2682373692831,17.562875807729483,13.900676181504336,3.662199626225148,418030.325142,0.2830416762606493
2020-02-11 00:00:00,1581379200000,222.89,239.15,218.17,236.69,595576.90276,221.6314285714286,187.404,160.19898989898988,84.84191302362744,18.73524491516304,14.867589928236075,3.86765498692696,434197.125137,0.2815528723807461
2020-02-12 00:00:00,1581465600000,236.69,275.34,236.69,265.74,1038073.74782,230.4828571428572,191.06800000000004,160.97737373737374,90.0993550636221,21.757639572951007,16.245599857179066,5.512039715771941,467430.0950355,0.4764153564086892
2020-02-13 00:00:00,1581552000000,265.74,277.69,256.08,268.32,1089679.1537,238.35857142857145,195.12920000000005,161.75676767676768,89.31828866948753,24.08347425272277,17.813174736287806,6.27029951643496,500413.3927695,0.4614379084967319
2020-02-14 00:00:00,1581638400000,268.34,287.15,260.28,285.15,734944.32266,247.19,199.8604,162.75141414141413,94.37879810938551,26.973817956216664,19.64530338027357,7.328514575943085,526164.526304,0.5132137550413924
2020-02-15 00:00:00,1581724800000,285.11,288.41,261.86,264.88,860813.14274,253.1657142857143,203.676,163.5710101010101,80.07251738937398,27.313958260022787,21.179034356223426,6.134923903799365,556626.055562,0.3963835731983762
2020-02-16 00:00:00,1581811200000,264.91,274.0,237.41,258.85,1110118.46395,257.5028571428571,207.3072,164.3180808080808,75.82336976454194,26.788154130411897,22.30085831106112,4.487295819350777,593837.237801,0.3702292096765658
2020-02-17 00:00:00,1581897600000,258.89,268.77,242.0,267.85,1110371.39094,263.92571428571426,211.5088,165.11494949494949,77.12382009994448,26.78886993621063,23.198460636091024,3.5904093001196067,625684.1125435,0.3144076945725784
2020-02-18 00:00:00,1581984000000,267.9,285.88,258.0,282.61,1115523.43992,270.48571428571427,216.3116,166.1011111111111,79.64064279387576,27.661580383076227,24.091084585488066,3.570495797588162,665591.139459,0.3256250293165721
2020-02-19 00:00:00,1582070400000,282.64,285.0,251.56,258.45,705973.72988,269.4442857142857,220.2356,166.8219191919192,66.33403047505229,26.10280275161105,24.493428218712666,1.6093745328983855,677003.742908,0.1572560784489318
2020-02-20 00:00:00,1582156800000,258.44,264.33,245.34,256.96,972969.71691,267.82142857142856,223.7996,167.51737373737376,63.72702753559555,24.465209989048788,24.48778457277989,-0.0225745837311031,706372.402071,0.1520286931181347
2020-02-21 00:00:00,1582243200000,256.97,268.24,253.61,265.27,525827.8734,264.9814285714286,227.6072,168.3289898989899,63.30583756345177,23.56629588745102,24.30348683571412,-0.7371909482630983,719695.28929,0.1609698455074619
2020-02-22 00:00:00,1582329600000,265.32,266.81,256.0,261.57,313062.52133,264.50857142857143,231.0444,169.1529292929293,61.96124705005589,22.298299985772417,23.90244946572578,-1.6041494799533638,707717.358547,0.1735385167571448
2020-02-23 00:00:00,1582416000000,261.55,275.68,261.02,274.48,444740.82883,266.74142857142857,235.0748,170.08333333333334,63.64769422517657,22.08060177236871,23.53807992705437,-1.45747815468566,709095.602098,0.1596603151801936
2020-02-24 00:00:00,1582502400000,274.5,277.2,257.09,265.52,696591.72983,266.4085714285714,238.308,170.90858585858587,62.40325865580448,20.94365186987443,23.019194315618385,-2.075542445743956,725605.7037465001,-0.0008278768721307
2020-02-25 00:00:00,1582588800000,265.47,266.22,244.44,246.67,774791.01027,261.2742857142857,240.9752,171.600202020202,52.82080271339739,18.310501355158067,22.07745572352632,-3.766954368368253,736798.1485515,-0.0806872391174716
2020-02-26 00:00:00,1582675200000,246.67,250.32,215.66,223.93,1395879.41507,256.3428571428571,242.5884,172.08494949494948,37.74547159856967,14.224807916503863,20.50692616212183,-6.282118245617966,776180.1081399999,-0.2146940206908644
2020-02-27 00:00:00,1582761600000,223.98,238.3,210.0,227.79,1273793.11658,252.1757142857143,244.1624,172.62101010101009,38.20911153779019,11.169580203410078,18.63945697037948,-7.469876766969399,808401.7062359999,-0.1400256720024162
2020-02-28 00:00:00,1582848000000,227.73,234.67,214.01,226.76,1054994.92397,246.67428571428567,245.6452,173.2851515151515,31.29365028512848,8.566429371745016,16.624851450652585,-8.058422078907569,833723.858702,-0.1239714120146804
2020-02-29 00:00:00,1582934400000,226.76,233.0,217.0,217.21,546866.6851,240.33714285714285,246.7772,173.96848484848485,33.60165118679052,5.667477245833709,14.43337660968881,-8.765899363855102,843550.3807575001,-0.1890610416277768
2020-03-01 00:00:00,1583020800000,217.29,227.89,212.36,217.81,715016.01941,232.24142857142857,247.3384,174.63484848484848,35.33447684391081,3.379495070309673,12.222600301812983,-8.84310523150331,853780.4067535,-0.2292912494250026
2020-03-02 00:00:00,1583107200000,217.81,234.4,216.07,231.97,810051.4833,227.4485714285714,248.0896,175.56424242424242,37.63440860215053,2.677976328000966,10.31367550705058,-7.635699179049615,864504.1357804999,-0.1024569549235828
2020-03-03 00:00:00,1583193600000,232.1,232.46,219.57,223.91,741498.54825,224.19714285714284,248.1128,176.3543434343434,28.79028761381703,1.4548721700326157,8.541914839646989,-7.087042669614373,849675.375802,-0.1286192403486923
2020-03-04 00:00:00,1583280000000,223.84,228.85,220.23,224.26,443780.33772,224.24428571428567,248.1612,177.13,35.078991009862975,0.5079401696866341,6.935119905654918,-6.427179735968284,817380.4350030001,-0.1545972028499265
2020-03-05 00:00:00,1583366400000,224.26,234.09,224.23,228.38,601479.87587,224.32857142857145,248.1568,177.89525252525254,37.80716723549489,0.0889143555160103,5.565878795627137,-5.476964440111127,810707.2126634999,-0.1268876400198799
2020-03-06 00:00:00,1583452800000,228.38,245.16,227.33,244.88,628147.3257,226.91714285714284,249.0364,178.84636363636363,41.86936757317172,1.0758438246926971,4.667871801440249,-3.592027976747552,799073.9218114999,-0.1078402798018071
2020-03-07 00:00:00,1583539200000,244.93,251.93,236.0,237.23,633748.89662,229.77714285714288,249.058,179.68131313131315,40.59069120148446,1.2265624250482858,3.979609926161857,-2.7530475011135707,775255.4434450001,-0.1065456462789996
2020-03-08 00:00:00,1583625600000,237.23,237.23,195.5,199.43,1278973.53741,227.15142857142857,246.4056,180.16676767676765,25.669454710497305,-1.6847157362121266,2.84674479368706,-4.531460529899187,783685.5507685,-0.1915109255280332
2020-03-09 00:00:00,1583712000000,199.43,208.62,190.0,202.81,1661331.83553,222.9857142857143,243.7852,180.6928282828283,28.90682811974436,-3.676803005163009,1.5420352339170464,-5.218838239080055,810975.9705490001,-0.0943151877818961
2020-03-10 00:00:00,1583798400000,202.79,206.2,195.54,200.7,1020260.107,219.67,240.4072,181.21858585858584,32.575240694412855,-5.36397333832781,0.1608335194680752,-5.524806857795885,826690.2894049999,-0.1189253259581193
2020-03-11 00:00:00,1583884800000,200.74,203.18,181.73,194.61,1079824.90167,215.4342857142857,237.5964,181.69777777777776,37.2809300711435,-7.110514501481674,-1.2934360847218749,-5.8170784167598,832033.0486430001,-0.1417798553536777
2020-03-12 00:00:00,1583971200000,194.61,195.55,101.2,107.82,3814533.14046,198.21142857142857,231.5552,181.31838383838385,19.73358898027145,-15.321274506784787,-4.099003769134458,-11.22227073765033,996468.311996,-0.5036140140877492
2020-03-13 00:00:00,1584057600000,107.67,139.68,86.0,134.06,4663239.92861,182.38,226.2036,181.17656565656569,29.25246195165621,-19.486385342771143,-7.176480083861796,-12.309905258909348,1213977.18236,-0.3845094348285203
2020-03-14 00:00:00,1584144000000,134.06,134.68,120.0,122.54,1237674.88642,165.99571428571429,219.8008,180.91484848484848,28.99676088210498,-23.446556107800063,-10.43049528864945,-13.016060819150614,1253623.8852395,-0.4717420356080527
2020-03-15 00:00:00,1584230400000,122.54,133.5,120.16,123.78,1312950.90137,155.1885714285714,214.414,180.67888888888888,29.197823105172333,-26.18313940110994,-13.581024111141549,-12.602115289968392,1284441.8438165,-0.44718860256353
2020-03-16 00:00:00,1584316800000,123.82,124.33,101.1,111.02,2442064.14448,142.07571428571427,208.5764,180.28070707070708,23.075553181069395,-29.046694523775955,-16.67415819366843,-12.372536330107526,1367805.500527,-0.5049496120574333
2020-03-17 00:00:00,1584403200000,111.02,120.8,109.38,115.67,1295108.4848,129.92857142857142,202.59240000000003,179.96040404040403,25.53345388788428,-30.5882639842832,-19.456979351791382,-11.13128463249182,1362766.9540135,-0.4935195726420877
2020-03-18 00:00:00,1584489600000,115.67,118.5,109.86,118.11,1201850.31275,119.0,196.854,179.6831313131313,26.23046262707689,-31.252818245543523,-21.81614713054181,-9.436671115001712,1359169.8138219998,-0.5176821300228683
2020-03-19 00:00:00,1584576000000,118.11,143.13,115.46,136.3,1801071.18816,123.06857142857145,191.3268,179.61151515151514,30.60330299966296,-29.96626881210878,-23.446171466855205,-6.520097345253575,1396473.6270315,-0.4254520929056189
2020-03-20 00:00:00,1584662400000,136.3,152.55,116.74,133.48,2504057.63799,122.9857142857143,186.0452,179.49646464646466,25.0983547925608,-28.84174981084672,-24.52528713565351,-4.316462675193211,1494333.174676,-0.3306924735496165
2020-03-21 00:00:00,1584748800000,133.49,137.49,125.69,132.66,1231842.11121,124.43142857142855,181.4848,179.3738383838384,25.88886326954116,-27.69744860118729,-25.15971942876027,-2.537729172427021,1520174.479266,-0.3458902420985158
2020-03-22 00:00:00,1584835200000,132.63,137.13,121.1,122.32,1055699.86532,124.22285714285714,177.4204,179.17717171717172,29.642536564760547,-27.31011917936081,-25.58979937888038,-1.720319800480432,1532456.898367,-0.3905331340308918
2020-03-23 00:00:00,1584921600000,122.31,137.5,119.5,135.92,1436796.12449,127.78,173.74560000000002,179.11111111111111,33.24482741345625,-25.6105292428374,-25.593945351671785,-0.0165838911656166,1567221.777179,-0.3015775140023637
2020-03-24 00:00:00,1585008000000,135.89,143.36,132.2,138.42,1244377.16334,131.03,170.21200000000002,179.16858585858589,34.43000000000001,-23.78765360319269,-25.232687001975968,1.4450333987832735,1607251.61846,0.2838063439065108
2020-03-25 00:00:00,1585094400000,138.42,142.33,132.54,136.1,1034248.74369,133.6,166.96759999999998,179.31222222222223,35.09147429037354,-22.273461536768,-24.640841908934377,2.36738037216638,1628890.061851,0.015217066984932
2020-03-26 00:00:00,1585180800000,136.11,139.74,133.26,138.4,751060.63102,133.9,163.7912,179.36898989898992,63.68355110076964,-20.6498243162157,-23.84263839039064,3.19281407417494,1635035.727117,0.1294271258364616
2020-03-27 00:00:00,1585267200000,138.4,141.27,129.68,131.33,706948.54559,133.59285714285713,159.7656,179.40161616161615,48.52544020741061,-19.70640684351841,-23.015392081016195,3.3089852374977866,1638695.7095655,0.0609953142672483
2020-03-28 00:00:00,1585353600000,131.33,132.97,124.88,130.98,896032.10594,133.35285714285715,156.04840000000002,179.42979797979797,55.18427518427517,-18.77060789090919,-22.1664352429948,3.395827352085604,1619548.637992,0.179787425689065
2020-03-29 00:00:00,1585440000000,130.94,131.84,123.81,124.5,543997.0,133.66428571428574,152.058,179.40464646464645,50.415512465373965,-18.3404450888261,-21.401237212161057,3.060792123334956,1563681.8962154998,0.0763378576986253
2020-03-30 00:00:00,1585526400000,124.47,135.42,124.06,132.06,764831.92747,133.11285714285714,148.2052,179.40434343434342,62.91748526522593,-17.191338106124817,-20.55925739095381,3.367919284828993,1550910.487239,0.1181102362204724
2020-03-31 00:00:00,1585612800000,132.09,135.0,130.38,132.72,547669.27789,132.29857142857142,143.7188,179.4540404040404,61.00710135571335,-16.04247835493578,-19.655901583750207,3.613423228814426,1524302.70605,-0.0262655906089509
2020-04-01 00:00:00,1585699200000,132.72,136.99,128.62,135.69,680922.24747,132.23999999999998,139.6572,179.53424242424242,61.27212105668119,-14.72263121819296,-18.66924751063876,3.9466162924458,1367622.1614005002,0.0165567875337129
2020-04-02 00:00:00,1585785600000,135.65,149.76,135.01,141.28,1138977.66114,132.65142857142857,137.3312,179.69777777777776,53.80850412970326,-13.074857749597356,-17.55036955843048,4.475511808833122,1191409.048027,0.0649781396050053
2020-04-03 00:00:00,1585872000000,141.27,146.72,137.26,141.31,797546.11446,134.07714285714286,134.87120000000002,179.85666666666668,56.2549928103531,-11.63247274999,-16.366790196742382,4.734317446752382,1169402.609429,0.1552485284499674
2020-04-04 00:00:00,1585958400000,141.3,146.28,138.88,144.1,573508.14086,135.95142857142858,132.6072,180.03656565656564,58.85997521685254,-10.147271137762148,-15.122886384946336,4.975615247184189,1132430.4714035,0.0601824602707474
2020-04-05 00:00:00,1586044800000,144.1,145.58,140.68,142.68,414987.45246,138.54857142857142,130.53,180.18373737373736,68.29618979151691,-8.981289576754449,-13.89456702330796,4.913277446553511,1031076.6368025,0.0307758994364977
2020-04-06 00:00:00,1586131200000,142.69,172.0,142.6,171.32,1636338.7311,144.15714285714287,133.07,180.5570707070707,75.04244482173176,-5.680748016685669,-12.251803221983504,6.571055205297835,1048138.1491175,0.25878030859662
2020-04-07 00:00:00,1586217600000,171.32,176.22,162.22,164.63,1717962.82538,148.71571428571428,134.2928,180.89080808080809,67.50367303325766,-3.563790976555566,-10.51420077289792,6.950409796342353,1073943.774749,0.1895231213872832
2020-04-08 00:00:00,1586304000000,164.62,174.48,163.59,173.11,1023575.92076,154.0614285714286,136.31560000000002,181.33474747474747,72.83722078242627,-1.1881261619060126,-8.648985850699537,7.460859688793525,1035069.011379,0.3181299017741568
2020-04-09 00:00:00,1586390400000,173.15,173.38,165.19,169.52,719837.24423,158.0957142857143,138.14520000000002,181.7261616161616,68.90184645286686,0.4003078229266066,-6.839127115974309,7.239434938900915,945857.991691,0.2942433959383113
2020-04-10 00:00:00,1586476800000,169.56,170.1,152.11,157.81,1314841.362,160.45285714285714,140.0168,182.0354545454545,65.22539098436062,0.7061144170498608,-5.330078809369476,6.0361932264193365,950007.9542305,0.2675502008032129
2020-04-11 00:00:00,1586563200000,157.81,161.37,153.91,158.33,621599.61289,162.4857142857143,141.7232,182.2776767676768,65.69493859749801,0.9791410715105542,-4.06823483319347,5.047375904704024,928302.941609,0.1989247311827957
2020-04-12 00:00:00,1586649600000,158.33,164.78,155.0,158.59,809100.24594,164.75857142857143,143.3424,182.5240404040404,71.0666172290199,1.2026332814554053,-3.0140612102636952,4.2166944917191005,896918.1476815001,0.1949216395418926
2020-04-13 00:00:00,1586736000000,158.56,158.97,150.0,156.29,1042091.03622,162.61142857142858,144.142,182.7353535353536,66.01454064771976,1.1805530096862071,-2.175138366273715,3.355691375959922,886803.8413255,0.1518166408725771
2020-04-14 00:00:00,1586822400000,156.28,161.85,155.23,158.45,698030.65089,161.72857142857143,145.1408,182.879797979798,66.67530784186648,1.322107748218201,-1.475689143375332,2.797796891593533,869992.9366855,0.1215317100792752
2020-04-15 00:00:00,1586908800000,158.46,161.29,152.0,152.73,729119.66505,158.81714285714287,145.94359999999998,182.98010101010104,60.663329161451806,0.9616494066325174,-0.988221433373762,1.94987084000628,868895.888387,0.0808152289293042
2020-04-16 00:00:00,1586995200000,152.74,174.79,148.33,172.29,1647207.59991,159.21285714285713,147.9424,183.29898989898987,66.51752423564503,2.228621937793207,-0.3448527591403683,2.573474696933576,915908.841103,0.1956280360860514
2020-04-17 00:00:00,1587081600000,172.31,174.96,168.31,170.69,723537.75591,161.05285714285716,149.3332,183.6318181818182,65.3918692372171,3.0682315056508003,0.3377640938178654,2.730467411832935,907284.1236015,0.1963134286515278
2020-04-18 00:00:00,1587168000000,170.61,189.54,170.48,187.4,1127296.36979,165.2057142857143,151.2924,184.0617171717172,69.7970007315289,5.0240711214293015,1.2750254993401529,3.749045622089149,936449.092091,0.0938594443147327
2020-04-19 00:00:00,1587254400000,187.4,188.35,175.75,180.03,995759.5775,168.26857142857142,153.0496,184.44202020202025,66.19547307258694,5.911249497079893,2.2022702988881013,3.708979198191792,947995.4745925,0.0935430966409525
2020-04-20 00:00:00,1587340800000,180.02,186.46,166.7,170.2,1547821.52737,170.25571428571428,154.3216,184.6810101010101,49.41968911917099,5.754808059232602,2.912777850957002,2.8420302082756,998003.0870665,-0.0168101207324823
2020-04-21 00:00:00,1587427200000,170.21,174.7,168.0,170.74,906381.65398,172.01142857142855,155.898,184.9553535353536,53.381294964028775,5.609735045999145,3.4521692899654304,2.1575657560337143,1009276.057392,0.0071967909391221
2020-04-22 00:00:00,1587513600000,170.73,184.0,169.78,182.7,988698.39076,176.29285714285714,157.9668,185.1276767676768,55.11030587232227,6.386219322856135,4.038979296543571,2.347240026312564,1001762.093873,0.1577213104366008
2020-04-23 00:00:00,1587600000000,182.7,193.63,178.16,185.51,1457867.08713,178.18142857142857,160.4072,185.32070707070707,58.59215475550778,7.145958066002123,4.660375050435282,2.485583015566841,1034778.1425065,0.1716667719320406
2020-04-24 00:00:00,1587686400000,185.57,189.8,184.72,187.59,780904.21257,180.59571428571425,162.6284,185.5568686868687,67.8494365859506,7.82568547939573,5.293437136227372,2.5322483431683587,1045147.946092,0.182861466675074
2020-04-25 00:00:00,1587772800000,187.6,198.36,185.76,194.21,866478.04928,181.56857142857143,165.088,185.8029292929293,70.04021447721178,8.7971450143406,5.994178711850017,2.802966302490584,1067722.475933,0.2426258877727303
2020-04-26 00:00:00,1587859200000,194.21,200.0,192.3,197.38,758525.81533,184.0471428571429,167.55560000000003,186.0376767676768,70.983446932814,9.710885162638249,6.737520002007663,2.973365160630585,1023831.8301445,0.245692647522878
2020-04-27 00:00:00,1587945600000,197.39,199.05,189.29,196.34,896627.37271,187.78142857142856,169.75799999999998,186.3361616161616,71.964461994077,10.233150120277289,7.436646025661589,2.796504094615698,982765.057511,0.2855365677993846
2020-04-28 00:00:00,1588032000000,196.33,198.5,192.36,196.24,636829.89397,191.42428571428573,171.95519999999996,186.63282828282829,71.20412972730334,10.517737763780502,8.052864373285372,2.4648733904951303,963427.7561715,0.1390098090428928
2020-04-29 00:00:00,1588118400000,196.24,218.77,196.22,215.36,1620422.72431,196.09,174.80560000000003,187.0961616161616,80.54823919617598,12.146087196567578,8.871508937941813,3.2745782586257643,1008457.0301755,0.2617025016111078
2020-04-30 00:00:00,1588204800000,215.4,227.3,202.0,206.08,1749691.00151,199.02857142857144,177.3416,187.480101010101,68.3183345982869,12.54315769579884,9.60583868951322,2.93731900628562,1030199.512151,0.0996798292422624
2020-05-01 00:00:00,1588291200000,206.07,217.14,205.91,212.02,794913.95828,202.51857142857145,178.9696,187.97717171717173,71.39898519208865,13.185157002082036,10.321702352026984,2.8634546500550524,1038865.2294205,0.1776926067877575
2020-05-02 00:00:00,1588377600000,212.01,215.37,210.36,213.9,443494.67248,205.3314285714286,180.9404,188.4959595959596,66.209933936873,13.687861222080755,10.99493412603774,2.6929270960430163,1020584.9507475,0.2567567567567568
2020-05-03 00:00:00,1588464000000,213.89,219.3,203.92,209.86,748383.91311,207.1142857142857,182.4104,188.9960606060606,69.02180844280068,13.603451579947771,11.516637616819748,2.0868139631280265,1005899.594592,0.2291202998711492
2020-05-04 00:00:00,1588550400000,209.86,210.65,194.88,206.48,1114249.32658,208.56285714285715,183.8888,189.3861616161616,75.20844913841023,13.112663950584931,11.835842883572784,1.276821067012147,1026710.5283765,0.1301587301587301
2020-05-05 00:00:00,1588636800000,206.47,211.68,201.0,205.29,640644.66268,209.8557142857143,185.78800000000004,189.74181818181816,73.79148877565073,12.48378288540792,11.965430883939812,0.5183520014681076,1022286.7782580002,0.1066249797854563
2020-05-06 00:00:00,1588723200000,205.3,210.77,197.71,198.97,862700.67849,207.51428571428573,187.4136,189.9774747474748,62.14723010303122,11.344644923968303,11.84127369194551,-0.4966287679772065,983061.432187,0.0606642145103684
2020-05-07 00:00:00,1588809600000,198.92,215.1,196.43,212.0,1305778.73764,208.36,189.55,190.3641414141414,67.15895841430238,11.36230441373536,11.74547983630348,-0.3831754225681223,1012173.4812735,0.0916018742598216
2020-05-08 00:00:00,1588896000000,212.01,216.61,206.9,211.31,917908.1944,208.25857142857143,191.75080000000003,190.6330303030303,65.64643799472296,11.191612510689763,11.634706371180735,-0.443093860490972,1001704.072504,0.0705745262944574
2020-05-09 00:00:00,1588982400000,211.32,214.6,208.4,210.07,587871.98073,207.71142857142857,193.8156,190.93686868686868,61.26100539619426,10.83142241558923,11.474049580062438,-0.6426271644732076,981309.6926655,0.0699297137618417
2020-05-10 00:00:00,1589068800000,210.09,210.18,179.59,187.54,1473226.05475,204.5228571428572,195.208,190.97666666666663,44.51993762530631,8.62852222808209,10.904944109666369,-2.2764218815842785,977579.9190345,-0.0443334692213617
2020-05-11 00:00:00,1589155200000,187.62,193.5,176.0,185.73,1093299.81927,201.5585714285714,195.7456,190.9492929292929,44.14135836554389,6.659885075726521,10.0559323028784,-3.396047227151879,986925.827299,-0.1375835809806835
2020-05-12 00:00:00,1589241600000,185.8,192.24,185.48,189.76,669755.79567,199.34,196.5084,190.95,46.57070279424216,5.363090895667597,9.11736402143624,-3.754273125768643,970978.6975445,-0.079192546583851
2020-05-13 00:00:00,1589328000000,189.77,201.0,188.35,199.58,806143.00704,199.42714285714283,196.9956,191.0577777777777,40.73726226813806,5.069328037836016,8.307756824716195,-3.2384287868801795,938392.4935400002,-0.0586737100273558
2020-05-14 00:00:00,1589414400000,199.61,206.02,195.67,203.29,1114700.24937,198.1828571428572,197.926,191.05282828282827,48.24770757442531,5.077356248505453,7.661676709474047,-2.584320460968595,955082.29538,-0.0496026180458158
2020-05-15 00:00:00,1589500800000,203.29,204.08,191.66,194.86,904749.6357,195.8328571428572,198.9124,190.8676767676768,39.54933008526188,4.353305915001442,7.000002550579527,-2.6466966355780848,956995.874701,-0.0714762222434003
2020-05-16 00:00:00,1589587200000,194.87,203.5,193.21,200.45,669900.03754,194.4585714285714,200.1008,190.6365656565657,42.16291807481644,4.1823456147917,6.436471163421961,-2.2541255486302614,952564.5858115,-0.0292037969779155
2020-05-17 00:00:00,1589673600000,200.44,209.85,199.68,207.0,708711.89315,197.23857142857145,201.0728,190.4744444444445,48.38088768115941,4.523247423860482,6.053826415509666,-1.5305789916491834,943168.8118335,0.0083296799649277
2020-05-18 00:00:00,1589760000000,207.02,217.07,207.0,214.91,1064139.2485,201.40714285714287,202.2488,190.3372727272728,54.53957996768983,5.369785907616858,5.917018313931105,-0.5472324063142464,964534.27956,0.0801125797858972
2020-05-19 00:00:00,1589846400000,214.92,215.95,209.45,214.58,643702.98849,204.9528571428572,203.3284,190.2533333333333,55.049461898032405,5.945509381698145,5.922716527484513,0.0227928542136313,915698.292769,0.0121698113207546
2020-05-20 00:00:00,1589932800000,214.6,215.75,204.27,209.98,679532.61037,206.4385714285714,203.9592,189.98353535353533,56.09837155201063,5.96186812199889,5.930546846387389,0.0313212756115008,862190.373212,-0.0062940703232218
2020-05-21 00:00:00,1590019200000,209.99,211.64,191.71,198.74,1003923.4342,205.78857142857143,204.0136,189.3067676767677,42.506781193490056,5.010105105174716,5.746458498144855,-0.7363533929701385,872640.8470079999,-0.0539344028181081
2020-05-22 00:00:00,1590105600000,198.72,209.19,196.24,207.36,787672.36081,207.5742857142857,204.4544,188.6910101010101,47.95145731770564,4.89496194264666,5.576159187045216,-0.6811972443985566,889849.7314245,0.1056841207209129
2020-05-23 00:00:00,1590192000000,207.36,211.2,204.55,206.6,478559.92006,208.4528571428572,204.8688,187.89757575757577,48.19138955488377,4.688340240464896,5.398595397729153,-0.7102551572642568,876358.531772,0.1123674150648792
2020-05-24 00:00:00,1590278400000,206.6,210.55,199.5,199.9,673535.05784,207.43857142857144,204.2504,187.24121212121213,57.71535580524346,3.9385558271832792,5.106587483619979,-1.1680316564366997,854322.8183350001,0.0534359190556492
2020-05-25 00:00:00,1590364800000,199.9,205.67,198.01,204.15,469931.62492,205.90142857142857,204.1732,186.68868686868683,61.15822631451419,3.645265408490445,4.8143230685940726,-1.169057660103627,845787.166447,0.0228980859805592
2020-05-26 00:00:00,1590451200000,204.22,205.0,196.9,200.89,477176.7353,203.9457142857143,203.72800000000004,186.01232323232324,56.80567445273328,3.1138810017255025,4.474234655220359,-1.3603536534948564,826510.9692875,-0.0118057946775542
2020-05-27 00:00:00,1590537600000,200.92,208.44,200.76,208.29,494816.72727,203.70428571428573,203.5036,185.26161616161613,55.48834278512917,3.252381754240446,4.229864075024377,-0.9774823207839312,785962.868769,0.0689212768141227
2020-05-28 00:00:00,1590624000000,208.29,220.5,204.67,220.21,643945.97769,206.77142857142857,203.9176,184.87535353535355,59.66194609410691,4.274712751176764,4.238833810254855,0.0358789409219095,772264.7579335,0.0985781990521328
2020-05-29 00:00:00,1590710400000,220.24,224.79,217.57,220.67,603058.0759,208.6728571428571,204.4852,184.50878787878787,66.21434853624825,5.063664811441129,4.40380001049211,0.6598648009490189,773024.062692,0.066038647342995
2020-05-30 00:00:00,1590796800000,220.63,247.0,218.8,243.66,1019550.75146,213.96714285714285,206.02,184.29050505050503,72.27549231879576,7.458044177044911,5.01464884380267,2.4433953332422416,750340.2975275001,0.1337769298776232
2020-05-31 00:00:00,1590883200000,243.71,245.39,229.58,231.57,821608.68884,218.4914285714285,207.324,183.98747474747472,61.98185896810689,8.284546025571558,5.668628280156448,2.6159177454151097,736755.7410060001,0.0791779289775373
2020-06-01 00:00:00,1590969600000,231.56,250.68,230.66,248.23,823816.69936,224.78857142857143,208.7732,183.7223232323232,64.97124370956146,10.166682276974823,6.568239079520124,3.598443197454701,744458.7861905,0.1821602057338793
2020-06-02 00:00:00,1591056000000,248.23,253.8,225.0,237.71,955520.91863,230.04857142857145,209.8292,183.44141414141416,59.5208693504569,10.686228544860882,7.391836972588276,3.2943915722726054,751927.68177,0.1960853376270503
2020-06-03 00:00:00,1591142400000,237.71,245.0,232.71,244.52,502928.13371,235.2242857142857,211.2072,183.41969696969696,63.96345407503235,11.51474794511509,8.21641916709364,3.2983287780214496,721339.0759869999,0.1792052469135803
2020-06-04 00:00:00,1591228800000,244.54,246.6,236.0,243.21,669369.3392,238.51,213.43400000000003,183.61444444444447,69.54725274725274,11.928149208047984,8.958765175284508,2.969384032763476,709570.061162,0.1772023233301065
2020-06-05 00:00:00,1591315200000,243.22,247.87,239.14,240.03,502547.41103,241.2757142857143,215.606,183.7380808080808,65.08170990674914,11.862430548430751,9.539498249913756,2.322932298516994,701202.4298365001,0.2007503751875938
2020-06-06 00:00:00,1591401600000,240.04,244.7,237.83,241.94,389423.07798,241.03,217.6932,183.8914141414141,66.14288324502101,11.82812184874851,9.997222969680708,1.830898879067801,685237.989078,0.1851089884888561
2020-06-07 00:00:00,1591488000000,241.94,245.37,234.6,244.56,571102.55515,242.8857142857143,219.4924,184.1676767676768,71.18997912317327,11.87545125100604,10.372868625945774,1.502582625060267,660586.1544105,0.2173826472198716
2020-06-08 00:00:00,1591574400000,244.57,247.7,240.59,246.4,383116.54719,242.6242857142857,221.2168,184.45646464646467,70.5156841798582,11.923980540512588,10.683091008859137,1.2408895316534512,647556.8323455,0.1829660569398434
2020-06-09 00:00:00,1591660800000,246.37,249.82,238.0,243.8,420327.17133,243.49428571428567,223.1744,184.5759595959596,70.97057961098622,11.61870883809732,10.870214574706775,0.748494263390544,634596.5603935,0.1071250170291995
2020-06-10 00:00:00,1591747200000,243.79,250.28,242.0,247.78,431285.61715,243.96,225.06760000000003,184.8170707070707,69.9666295884316,11.564621791041532,11.009096017973729,0.5555257730678047,605964.669541,0.1228531291068111
2020-06-11 00:00:00,1591833600000,247.78,250.09,226.2,230.51,816456.89161,242.1457142857143,226.008,184.8802020202021,54.940521872601686,10.012791520088513,10.809835118396684,-0.7970435983081714,607403.896081,-0.053968644832964
2020-06-12 00:00:00,1591920000000,230.46,239.38,228.19,237.55,446515.34124,241.79142857142853,226.9136,184.9728282828283,57.615953798953264,9.2444596380588,10.496760022329108,-1.252300384270308,605801.66714,0.0258237250075572
2020-06-13 00:00:00,1592006400000,237.55,238.73,234.66,238.11,253797.7809,241.24428571428567,227.85480000000004,184.9044444444445,46.860504581966296,8.581812612103192,10.113770540283925,-1.5319579281807325,584814.803293,-0.0407686419852555
2020-06-14 00:00:00,1592092800000,238.13,238.59,229.83,231.77,304943.21188,239.4171428571429,228.7264,184.8492929292929,50.121006776379474,7.459091294193797,9.5828346910659,-2.123743396872104,576565.382641,-0.0249884312818139
2020-06-15 00:00:00,1592179200000,231.74,233.55,218.27,230.86,875026.92057,237.1971428571429,230.01120000000003,185.16676767676765,37.01599641201976,6.421869848034646,8.95064172245965,-2.5287718744250043,596457.8919045001,-0.0558645509569769
2020-06-16 00:00:00,1592265600000,230.86,236.0,228.7,235.3,499194.66758,235.9828571428572,231.1288,185.4949494949495,48.01841802335142,5.890236295083383,8.338560636984397,-2.4483243419010137,596676.78892,-0.0325233337445006
2020-06-17 00:00:00,1592352000000,235.31,237.3,227.65,233.82,478187.2917,233.98857142857145,232.21760000000003,185.82949494949497,40.35688536409516,5.288526402656203,7.728553790118759,-2.440027387462556,588388.8546205,-0.0258717660292463
2020-06-18 00:00:00,1592438400000,233.82,234.65,227.93,231.27,334347.79917,234.09714285714287,233.4724,186.199797979798,39.47461212976024,4.55341436269012,7.093525904633031,-2.5401115419429114,574953.340784,-0.0441018434322558
2020-06-19 00:00:00,1592524800000,231.26,231.95,226.74,229.0,397284.59808,232.8757142857143,234.4664,187.4238383838384,40.11825837663501,3.744498498184584,6.423720423343342,-2.6792219251587586,543840.033115,-0.0636244684331043
2020-06-20 00:00:00,1592611200000,229.0,230.85,225.62,228.89,303704.98826,231.55857142857144,235.5864,188.3817171717172,37.91890390668395,3.0592852311425247,5.750833384903179,-2.691548153760654,517944.848086,-0.0710633116883118
2020-06-21 00:00:00,1592697600000,228.88,231.49,227.11,228.04,256305.23734,231.0257142857143,236.3764,189.4473737373737,34.18836140888209,2.4197673127347628,5.084620170469496,-2.664852857734733,489569.274985,-0.0646431501230517
2020-06-22 00:00:00,1592784000000,228.03,246.89,227.51,243.13,749030.11114,232.77857142857144,237.2932,190.6529292929293,47.50343563902886,3.0949054984524764,4.686677236066092,-1.591771737613616,479244.7346105,-0.0187666478327548
2020-06-23 00:00:00,1592870400000,243.11,244.87,240.75,243.14,442296.31477,233.89857142857144,238.192,191.98747474747472,49.47535771065181,3.58938805992986,4.467219400838846,-0.877831340908986,476213.1436635001,0.0547915491735715
2020-06-24 00:00:00,1592956800000,243.15,249.24,231.07,234.58,921634.0534,234.00714285714284,237.8288,193.18858585858587,40.21932424422052,3.2530494621138075,4.224385413093838,-0.9713359509800306,488826.3793735,-0.0125026310250473
2020-06-25 00:00:00,1593043200000,234.57,235.39,227.56,232.5,613748.59348,234.1828571428572,237.866,194.3440404040404,51.902849493210944,2.786538601008772,3.936816050676825,-1.1502774496680537,494386.438496,-0.0235605392465667
2020-06-26 00:00:00,1593129600000,232.49,233.61,227.75,229.64,628340.07007,234.27428571428567,237.12240000000003,195.2868686868687,41.77925587196007,2.161135064803858,3.5816798535022323,-1.4205447886983742,506332.2881005,-0.00919014540277
2020-06-27 00:00:00,1593216000000,229.66,231.42,216.0,220.94,645950.61438,233.1385714285714,236.4516,196.170303030303,34.737777777777765,0.9525011254432912,3.055844107890444,-2.103342982447153,510074.691062,-0.0429697652256779
2020-06-28 00:00:00,1593302400000,220.94,227.96,218.32,224.93,444766.56881,232.6942857142857,235.668,197.1023232323232,43.65491651205937,0.3130015874776859,2.5072756038078925,-2.1942740163302066,513157.192143,-0.0440713982150446
2020-06-29 00:00:00,1593388800000,224.89,229.96,221.26,227.93,597915.52242,230.5228571428572,235.0568,198.1690909090909,47.383461332380776,0.0477184555960263,2.01536417416552,-1.9676457185694929,522036.60969750007,-0.0251903173381232
2020-06-30 00:00:00,1593475200000,227.98,228.7,222.91,225.6,415036.02977,228.01714285714283,234.4796,199.07494949494952,40.99851521900519,-0.3465371999305944,1.5429838993462963,-1.889521099276891,521224.13032850006,-0.0245167985471527
2020-07-01 00:00:00,1593561600000,225.59,232.71,224.16,230.99,517351.58865,227.5042857142857,234.0416,200.01,47.55147949472229,-0.2215063066829827,1.1900858581404408,-1.4115921648234235,506268.8651805,0.0086899563318778
2020-07-02 00:00:00,1593648000000,230.99,232.01,222.87,226.46,592485.91115,226.6414285714285,233.31760000000003,200.9227272727273,45.97624226200436,-0.4823908626094066,0.8555905139904714,-1.337981376599878,513567.393676,-0.0106164533181877
2020-07-03 00:00:00,1593734400000,226.46,228.13,223.97,224.87,314578.5004,225.96,232.4564,201.7961616161616,46.50533085124387,-0.8081278695306082,0.5228468372862555,-1.3309747068168636,516606.4296510001,-0.0139010699877214
2020-07-04 00:00:00,1593820800000,224.86,230.71,224.43,229.17,307726.46593,227.1357142857143,231.8712,202.78444444444443,50.2212389380531,-0.7111055488046816,0.276056360068068,-0.9871619088727496,516745.5923535001,-0.0574178423065849
2020-07-05 00:00:00,1593907200000,229.24,229.85,223.05,227.56,355747.12006,227.51142857142847,231.0624,203.76,49.62523422860713,-0.755420191554407,0.069761049743573,-0.82518124129798,490781.602328,-0.0640783087932878
2020-07-06 00:00:00,1593993600000,227.54,242.0,226.93,241.6,864817.507,229.4642857142857,231.50600000000003,204.9428282828283,48.78552151135101,0.338469136109552,0.1235026670167688,0.2149664690927831,509062.744299,0.0299258248785061
2020-07-07 00:00:00,1594080000000,241.6,243.77,234.4,239.39,600424.97209,231.4342857142857,231.5796,206.02696969696967,47.1237919926369,1.0153514397082688,0.3018724215550689,0.7134790181531999,515174.62831850006,0.0296344086021504
2020-07-08 00:00:00,1594166400000,239.39,248.88,237.78,246.95,958185.83708,233.7142857142857,231.9332,207.18080808080805,59.63545723632963,2.137178299340178,0.6689335971120907,1.4682447022280871,546366.530214,0.0753788538582129
2020-07-09 00:00:00,1594252800000,246.94,247.9,237.88,241.98,647641.58291,235.93142857142857,232.3416,208.25444444444443,57.06618962432916,2.595279932392657,1.054202864168204,1.541077068224453,558884.3794555,0.0952294740653569
2020-07-10 00:00:00,1594339200000,241.97,242.16,235.72,241.26,455025.12385,238.2728571428572,232.7576,209.26434343434343,58.94672004927625,2.8671797311387195,1.4167982375623072,1.4503814935764123,566450.386235,0.0726003645578623
2020-07-11 00:00:00,1594425600000,241.27,241.67,237.54,239.19,294476.00626,239.70428571428573,232.9132,210.2530303030303,65.64911678957297,2.882404020969517,1.7099193942437494,1.1724846267257676,568358.924681,0.0494011319264686
2020-07-12 00:00:00,1594512000000,239.19,244.0,236.52,242.79,469315.1172,241.88,233.272,211.249898989899,65.417817679558,3.1486634614811635,1.9976682076912324,1.150995253789931,554373.1749839999,0.0761968085106383
2020-07-13 00:00:00,1594598400000,242.76,245.33,237.33,239.5,604093.04245,241.58,233.6012,212.2278787878788,59.93815495619309,3.058938938104461,2.2099223537738784,0.8490165843305828,562463.011368,0.0368414217065673
2020-07-14 00:00:00,1594684800000,239.5,242.09,237.0,240.44,426320.89188,241.73,234.0588,212.92606060606064,63.05878211897221,3.0287679988423406,2.373691482787571,0.6550765160547698,537697.3532920001,0.0617327563366598
2020-07-15 00:00:00,1594771200000,240.45,241.45,236.83,238.61,368350.66518,240.53857142857143,234.4476,213.6733333333333,57.153586180998886,2.824631017952129,2.4638793898204825,0.3607516281316463,525427.456877,0.0611019700271269
2020-07-16 00:00:00,1594857600000,238.59,239.39,230.02,233.57,587161.73894,239.33714285714285,234.6688,214.2840404040404,56.61149339780547,2.23045382759139,2.417194277374664,-0.1867404497832741,523368.5403205,0.0191997207313348
2020-07-17 00:00:00,1594944000000,233.58,234.84,231.65,232.67,325600.21444,238.11,234.2504,214.9219191919192,57.3474001507159,1.667717238817744,2.2672988696632803,-0.5995816308455364,507351.0203235,0.0224556161012479
2020-07-18 00:00:00,1595030400000,232.66,236.8,232.32,235.67,341356.6182,237.6071428571429,233.9516,215.70838383838384,56.276554654306686,1.4471376636951447,2.1032666284696533,-0.6561289647745085,502180.522793,-0.0245447019867549
2020-07-19 00:00:00,1595116800000,235.67,239.92,233.28,239.11,348803.52073,237.0814285714285,234.13280000000003,216.52434343434345,60.77224398433128,1.532243265366077,1.989061955848938,-0.456818690482861,489724.9227085,-0.0011696395003967
2020-07-20 00:00:00,1595203200000,239.12,239.72,234.05,236.01,396657.91938,236.5828571428572,234.2732,217.3063636363636,43.44973048980548,1.3341665343063769,1.8580828715404256,-0.5239163372340492,488806.017189,-0.0443004656813119
2020-07-21 00:00:00,1595289600000,236.0,246.66,235.57,245.59,637462.08074,237.31857142857143,234.9112,218.2083838383838,56.19504396482815,1.927990559438428,1.8720644091200265,0.0559261503184012,494811.5417935,0.0149185883130837
2020-07-22 00:00:00,1595376000000,245.53,269.61,241.51,263.74,718417.68296,240.90857142857143,236.6232,219.2719191919192,63.84628071911595,3.819129148252017,2.2614773569464246,1.5576517913055925,501108.130384,0.0931774848710935
2020-07-23 00:00:00,1595462400000,263.75,279.98,259.7,275.3,1068774.57879,246.87000000000003,238.638,220.51,74.78429038976495,6.179432838652957,3.0450684532877315,3.1343643853652257,538817.9343035,0.1509678498264979
2020-07-24 00:00:00,1595548800000,275.31,287.34,266.0,279.15,926033.06692,253.51,240.6868,221.589393939394,76.92963752665244,8.265375241802928,4.089129810990771,4.176245430812157,569733.264353,0.1497590510317556
2020-07-25 00:00:00,1595635200000,279.15,308.94,279.09,305.26,1058927.30554,263.4514285714285,243.8732,222.94868686868685,84.99841084860682,11.888317292797351,5.648967307352088,6.239349985445266,604892.273627,0.2745720250521921
2020-07-26 00:00:00,1595721600000,305.31,318.75,299.0,311.0,1270368.753,273.7214285714286,247.0736,224.19717171717173,85.33098518595254,15.04921699323117,7.529017244527904,7.5201997487032655,625169.835927,0.293461986358343
2020-07-27 00:00:00,1595808000000,311.02,333.31,310.78,321.93,1636122.34727,285.9957142857143,250.8924,225.63050505050504,89.56513391571467,18.226113146069792,9.668436424836283,8.55767672123351,676954.704686,0.3491890532668371
2020-07-28 00:00:00,1595894400000,321.95,326.8,305.86,316.77,1093231.55578,296.1642857142857,254.5684,227.11101010101007,85.21081280560934,20.095805423694745,11.753910224607976,8.341895199086766,683706.990621,0.356210129725564
2020-07-29 00:00:00,1595980800000,316.77,325.0,312.38,317.71,792802.32148,303.8742857142857,258.11,228.5955555555556,86.79069767441855,21.40663777313091,13.684455734312564,7.722182038818346,690965.0275495,0.3654961963295655
2020-07-30 00:00:00,1596067200000,317.76,342.0,314.05,334.87,1008827.56698,312.38428571428574,262.4024,230.13262626262625,92.34241765591034,23.558581775986795,15.659280942647412,7.899300833339382,718655.1497060001,0.420927568209785
2020-07-31 00:00:00,1596153600000,334.82,349.45,328.4,346.33,948088.44982,321.9814285714286,266.5916,231.7570707070707,93.65493931479487,25.89029195741529,17.705483145600986,8.1848088118143,751335.771884,0.4484128643720462
2020-08-01 00:00:00,1596240000000,346.32,392.67,343.07,387.0,1440843.34203,333.65857142857146,272.49600000000004,233.77131313131315,95.07893952934164,30.66641484078616,20.29766948463802,10.36874535614814,799912.1831255,0.639761027075124
2020-08-02 00:00:00,1596326400000,387.01,415.85,325.0,372.42,2324909.09616,342.4328571428572,277.5148,235.57141414141407,87.23951058718363,32.89583972273442,22.817303532257306,10.07853619047712,885952.9858110001,0.516429822061159
2020-08-03 00:00:00,1596412800000,372.45,398.0,366.5,385.94,1191565.09389,351.57714285714286,283.2732,237.47606060606063,89.57816377171216,35.34617728297616,25.32307828240108,10.02309900057508,924215.1959115,0.4633351027527108
2020-08-04 00:00:00,1596499200000,385.91,402.98,380.77,389.61,1180792.42379,361.9828571428571,289.2072,239.42828282828285,89.2425068119891,37.15591551640796,27.689645729202454,9.466269787205505,964837.283842,0.4152197602615328
2020-08-05 00:00:00,1596585600000,389.59,407.0,384.11,400.72,1124119.0672,373.8414285714286,295.6684,241.49373737373736,88.81332879972798,39.03664016634559,29.959044616631083,9.077595549714507,991685.150255,0.435500626903099
2020-08-06 00:00:00,1596672000000,400.72,403.66,390.51,394.77,821379.08397,382.3985714285714,301.74760000000003,243.3059595959596,84.96341820310211,39.59063651411623,31.88536299612812,7.705273517988111,1016474.0937315,0.2932254471597981
2020-08-07 00:00:00,1596758400000,394.77,398.26,362.85,379.34,1041207.35946,387.1142857142857,307.3412,245.0560606060606,77.45984761278297,38.34262070095514,33.17681453709352,5.1658061638616175,1051466.6307945,0.2197427652733117
2020-08-08 00:00:00,1596844800000,379.34,397.05,375.79,397.03,623029.78053,388.5471428571428,313.6048,246.92484848484847,76.36917418539161,38.33904568265558,34.20926076620594,4.129784916449644,1065177.9437845,0.233280526822601
2020-08-09 00:00:00,1596931200000,397.05,400.0,383.36,390.14,594900.58133,391.07857142857137,319.666,248.7050505050505,72.59077414934916,37.34970291125103,34.837349195214955,2.512353716036074,1075090.0768819998,0.2316191558544054
2020-08-10 00:00:00,1597017600000,390.14,399.18,385.13,395.44,826969.90633,392.4357142857143,326.1408,250.579595959596,71.68052852002594,36.571731191076594,35.184225594387286,1.3875055966893086,1084565.4681614998,0.2446570772087752
2020-08-11 00:00:00,1597104000000,395.43,398.21,367.0,379.0,992412.6023,390.92,331.994,252.32222222222225,67.20867208672087,34.233984331212525,34.994177341752334,-0.7601930105398083,1098265.2141285,0.1317824827545017
2020-08-12 00:00:00,1597190400000,378.99,389.23,365.85,387.18,751848.7983,388.9857142857142,338.05440000000004,254.15949494949496,68.47115128955065,32.66482101557864,34.528306076517595,-1.863485060938956,1082418.925104,0.1179510871134468
2020-08-13 00:00:00,1597276800000,387.18,431.49,376.59,424.54,1511330.7732,393.23857142857145,345.4716,256.4379797979798,71.52941176470588,34.04345578520366,34.43133601825481,-0.387880233051149,1111683.810418,0.0970025839793282
2020-08-14 00:00:00,1597363200000,424.54,444.71,417.05,438.11,1109670.94324,401.63428571428574,353.5556,258.7219191919192,71.81498383723141,35.81813025388192,34.70869486538024,1.10943538850168,1114220.992303,0.1763868750335642
2020-08-15 00:00:00,1597449600000,438.12,442.94,427.02,432.32,681698.5971,406.6757142857143,361.0248,260.95434343434346,62.91315249601094,36.338480561206666,35.03465200454553,1.3038285566611378,1084787.484508,0.1201741203295849
2020-08-16 00:00:00,1597536000000,432.3,436.99,412.47,433.62,716666.25258,412.88714285714286,367.82,263.2124242424242,68.86559802712699,36.43575239103427,35.31487208184328,1.1208803091909942,1038814.6797735,0.1129591129591129
2020-08-17 00:00:00,1597622400000,433.61,446.0,420.37,430.89,868870.64996,417.95142857142855,374.0436,265.6705050505051,64.84380159830921,35.87896248687031,35.427690162848684,0.4512723240216232,1027596.6344825,0.0752894789379117
2020-08-18 00:00:00,1597708800000,430.89,433.81,415.0,421.95,743254.57018,424.0871428571429,379.7556000000001,268.0565656565657,60.32039826397752,34.3206916219342,35.20629045466579,-0.8855988327315885,1025119.2469175002,0.0688502165818072
2020-08-19 00:00:00,1597795200000,421.92,426.75,393.25,407.46,978339.69221,426.98428571428576,383.8436,270.2555555555556,52.10546045233036,31.552807706420936,34.47559390501682,-2.9227861985958867,1023594.853179,0.0741287499340961
2020-08-20 00:00:00,1597881600000,407.46,418.98,402.07,415.94,663555.73445,425.7557142857143,388.0412,272.4410101010101,56.51024048219448,29.70112876741285,33.52070087749603,-3.819572110083179,1009368.2174105,0.0476286426718384
2020-08-21 00:00:00,1597968000000,415.94,418.68,385.1,387.97,860998.7256,418.5928571428572,390.6828,274.30646464646463,52.46388397190661,25.68068368679502,31.95269743935583,-6.2720137525608095,980375.986589,-0.0055621059106986
2020-08-22 00:00:00,1598054400000,387.93,397.04,379.92,395.24,643235.76543,413.2957142857143,393.8216,276.33050505050505,49.45662072733897,22.81804798332752,30.12576754815017,-7.307719564822651,896292.3200524999,-0.0005057657293141
2020-08-23 00:00:00,1598140800000,395.23,396.95,383.15,390.71,445317.81989,407.1657142857143,396.74160000000006,278.25232323232325,50.17554665845395,19.953839976527263,28.09138203382559,-8.137542057298326,858979.9563525,0.0308970976253297
2020-08-24 00:00:00,1598227200000,390.72,410.42,387.44,407.68,717403.81877,403.85,399.654,280.2793939393939,53.51683714515573,18.83614037032737,26.240333701125948,-7.404193330798577,835810.5261015,0.0529469497391394
2020-08-25 00:00:00,1598313600000,407.68,409.06,370.0,382.93,970445.38395,398.2757142857143,401.118,281.97656565656564,51.07771622881589,15.771433950993242,24.14655375109941,-8.37511980010617,828126.8419390001,-0.0980119658924953
2020-08-26 00:00:00,1598400000000,382.91,392.91,377.37,385.81,738690.7794,395.18285714285713,401.0704,283.70616161616164,49.61305993334463,13.42032283668874,22.00130756821728,-8.580984731528538,823992.4267105,-0.1193764123165415
2020-08-27 00:00:00,1598486400000,385.81,397.1,371.48,383.27,877763.73658,390.5157142857143,401.5044,285.45656565656566,35.489768651993515,11.22272497976428,19.84559105052668,-8.622866070762402,815820.2455665,-0.1134576239822353
2020-08-28 00:00:00,1598572800000,383.31,398.0,379.75,395.11,732601.46905,391.5357142857143,401.87119999999993,287.440101010101,34.69533029612758,10.317567399783456,17.939986320378036,-7.62241892059458,821298.8299924999,-0.0888104792214381
2020-08-29 00:00:00,1598659200000,395.1,405.69,391.88,398.65,659802.63344,392.0228571428572,402.2328,289.37232323232325,37.82102293279317,9.77321240236506,16.30663153677544,-6.53341913441038,824543.932598,-0.0748218802942746
2020-08-30 00:00:00,1598745600000,398.65,429.89,398.3,428.94,894979.71788,397.48428571428576,403.3616,291.6181818181818,48.60064585575888,11.651644100656997,15.375634049551753,-3.723989948894758,827944.4231755,0.0165659438322076
2020-08-31 00:00:00,1598832000000,428.94,439.0,418.04,433.79,1040748.68881,401.2142857142857,404.9224,293.98070707070707,50.856265501358216,13.37746216512329,14.97599967266606,-1.5985375075427708,830361.227501,0.0646198399842929
2020-09-01 00:00:00,1598918400000,433.8,488.84,429.03,475.4,1751354.57719,414.42428571428576,408.7648,296.7206060606061,63.22954309192614,17.896465353350493,15.560092808802947,2.336372544547544,880336.5164455001,0.1429533105736404
2020-09-02 00:00:00,1599004800000,475.4,481.39,420.0,439.5,1880642.46853,422.0942857142857,410.4636,299.13080808080804,57.17035180377764,18.36922892984353,16.121920033011065,2.2473088968324646,898802.1012119999,0.1328195479031884
2020-09-03 00:00:00,1599091200000,439.5,450.7,372.0,381.4,2408569.34151,421.82714285714286,410.114,300.87939393939394,43.674919425725165,13.895533966356991,15.676642819680252,-1.7811088533232589,963747.0211255,-0.035016698714705
2020-09-04 00:00:00,1599177600000,381.35,400.21,357.0,385.26,1806488.22474,420.42,409.7068,302.54656565656563,49.45567026875024,10.540068864293689,14.64932802860294,-4.109259164309254,1019986.5025075,-0.01394896470528
2020-09-05 00:00:00,1599264000000,385.3,395.0,308.42,335.01,2777166.51389,411.32857142857137,407.9472,303.70151515151514,39.68346408139495,3.7824814610897306,12.4759587151003,-8.693477254010569,1123011.515573,-0.1782525510204081
2020-09-06 00:00:00,1599350400000,335.04,360.0,316.1,352.8,2017811.14721,400.45142857142855,406.572,304.8039393939394,43.7887079332831,-0.1358845267320703,9.953590066733826,-10.089474593465896,1180458.5404355,-0.0786827879769148
2020-09-07 00:00:00,1599436800000,352.85,358.51,323.0,353.59,1740618.42462,388.9942857142857,403.734,306.03646464646465,40.64154469012768,-3.1412609043504176,7.334619872516978,-10.475880776867395,1230326.7331575002,-0.0835126098338561
2020-09-08 00:00:00,1599523200000,353.59,356.58,325.38,337.39,1400246.82962,369.27857142857147,399.7052,306.9370707070707,41.88061617458279,-6.752410363688455,4.517213825275892,-11.269624188964348,1251422.090028,-0.1197067341560779
2020-09-09 00:00:00,1599609600000,337.41,359.0,330.51,350.85,879760.56255,356.6142857142857,396.4464,308.079898989899,43.99353996288915,-8.430975776404182,1.927575904939877,-10.35855168134406,1262232.3314329998,-0.1120194376249651
2020-09-10 00:00:00,1599696000000,350.85,377.25,349.91,367.93,1134287.61137,354.69,393.8188,309.3264646464647,47.48985469302265,-8.287504509712505,-0.1154401779905993,-8.172064331721906,1275896.7757215,-0.0770600777624481
2020-09-11 00:00:00,1599782400000,367.93,375.27,355.49,373.63,844017.59966,353.0285714285714,391.5284,310.6438383838384,46.4130652595017,-7.625952896096919,-1.6175427216118634,-6.008410174485055,1285935.867433,-0.1289457733016272
2020-09-12 00:00:00,1599868800000,373.62,388.57,364.73,387.78,766542.31635,360.56714285714287,390.1616,312.13626262626263,48.24694384414411,-5.891962852425479,-2.4724267477745867,-3.4195361046508923,1301997.0922559998,-0.1060651467299846
2020-09-13 00:00:00,1599955200000,387.78,390.43,350.0,366.42,989195.69047,362.5128571428572,388.52,313.3936363636364,39.6180670873464,-6.170210392541321,-3.2119834767279336,-2.958226915813388,1315586.6858410002,-0.2292385359697096
2020-09-14 00:00:00,1600041600000,366.43,384.64,355.73,377.12,1042059.62265,365.8742857142857,386.9672,314.73262626262624,40.76885486235543,-5.4643335605233005,-3.662453493487007,-1.8018800670362936,1319167.397776,-0.14193401592719
2020-09-15 00:00:00,1600128000000,377.12,382.47,362.34,364.06,883856.33005,369.6842857142857,386.0108,315.9211111111111,30.003591954023,-5.890847910816603,-4.108132376952927,-1.7827155338636764,1326425.6753085,-0.045464079706345
2020-09-16 00:00:00,1600214400000,364.05,373.45,355.0,365.11,841709.98939,371.7214285714286,384.8056,317.14646464646466,34.72798193389447,-6.074118721891864,-4.501329645940714,-1.5727890759511496,1324622.987949,-0.0523023412760212
2020-09-17 00:00:00,1600300800000,365.04,394.14,363.3,389.36,1256300.411,374.7828571428572,384.7516,318.57656565656566,51.89794945159753,-4.214013303538934,-4.443866377460359,0.2298530739214248,1350807.9350465,0.1622339631652787
2020-09-18 00:00:00,1600387200000,389.35,392.58,375.33,384.39,804194.47219,376.3200000000001,383.82,320.1309090909091,49.79365305251174,-3.105110046384482,-4.176115111245184,1.071005064860702,1358027.526984,0.0895408163265305
2020-09-19 00:00:00,1600473600000,384.4,388.72,377.0,385.25,570908.33553,375.9585714285714,383.91280000000006,321.62282828282827,65.56188824185355,-2.132321340108092,-3.767356357017766,1.635035016909674,1341823.9578665,0.0895387312989621
2020-09-20 00:00:00,1600560000000,385.25,385.45,365.0,371.04,693164.40144,376.6185714285714,383.322,322.9655555555556,55.77800304105424,-2.4794262415712183,-3.5097703339284565,1.0303440923572382,1324444.743498,0.0997362103204009
2020-09-21 00:00:00,1600646400000,371.04,376.8,331.0,340.36,1283946.03098,371.3671428571428,381.6056,324.0624242424242,46.476322377883136,-5.170526363896272,-3.84192153992202,-1.3286048239742518,1301074.3161875,-0.0298988171583297
2020-09-22 00:00:00,1600732800000,340.31,346.91,335.34,344.21,842731.12878,368.5314285714285,379.5696,325.20737373737376,51.94434941270385,-6.912892256157818,-4.45611568316918,-2.456776572988637,1249178.7492,-0.0644687848232001
2020-09-23 00:00:00,1600819200000,344.18,344.65,313.29,320.72,940904.49756,362.19,376.45240000000007,326.070202020202,41.87476403645974,-10.073060493614436,-5.579504645258231,-4.493555848356204,1175795.5070025,-0.1416106843668869
2020-09-24 00:00:00,1600905600000,320.72,353.1,316.67,348.97,1071705.09721,356.42,373.2536,327.2333333333333,45.17753586326178,-10.180621813631888,-6.499728078932963,-3.680893734698925,1139056.350626,-0.1000825210170713
2020-09-25 00:00:00,1600992000000,348.97,358.0,337.58,351.92,860643.77924,351.78142857142853,369.9788,328.4520202020202,44.39973172367539,-9.91354738557004,-7.182491940260379,-2.7310554453096625,1043230.2138935,-0.0395720757600567
2020-09-26 00:00:00,1601078400000,351.93,356.4,345.88,353.92,530879.20755,347.30571428571426,365.1196,329.7138383838384,40.68141787758697,-9.431781980272888,-7.632349948262881,-1.7994320320100066,968883.6169105,-0.061518879932117
2020-09-27 00:00:00,1601164800000,353.95,362.14,347.24,357.49,569568.55041,345.37,361.8392,331.01282828282825,47.275611690768194,-8.66205943218796,-7.838291845047897,-0.823767587140062,910331.1232,-0.0180464758556281
2020-09-28 00:00:00,1601251200000,357.58,368.2,351.7,353.96,757758.4304,347.31285714285724,360.74160000000006,332.2847474747475,42.61102603369065,-8.241882969361427,-7.919010069910604,-0.3228728994508234,878206.703239,-0.030538741749062
2020-09-29 00:00:00,1601337600000,353.91,360.63,350.45,359.79,585143.16892,349.5385714285715,359.7228,333.46313131313127,48.57181082346646,-7.353689068635674,-7.805945869655618,0.4522568010199439,863475.8335574999,-0.0759451407437846
2020-09-30 00:00:00,1601424000000,359.78,361.5,351.56,359.83,498943.23226,355.1257142857143,360.7156,334.64181818181817,48.22198275862068,-6.570817048766401,-7.558920105477775,0.988103056711374,831708.614602,-0.0638934415567522
2020-10-01 00:00:00,1601510400000,359.83,370.45,345.51,352.85,758349.31959,355.68,360.7176,335.8364646464646,36.08718847648807,-6.439383790478246,-7.335012842477869,0.8956290519996237,827425.2005985,-0.0841012329656066
2020-10-02 00:00:00,1601596800000,352.83,354.55,334.24,345.6,733571.84211,354.77714285714285,360.398,336.97888888888883,35.47082178440333,-6.841373302754221,-7.23628493453314,0.3949116317789194,825776.6768865,-0.0685640362225097
2020-10-03 00:00:00,1601683200000,345.6,351.0,343.7,345.95,303595.71901,353.6385714285715,360.7404,338.1537373737374,35.223341855918164,-7.050437754790892,-7.199115498584691,0.1486777437937991,791496.6783135,0.0164237865789163
2020-10-04 00:00:00,1601769600000,345.94,354.45,343.81,352.37,343932.91712,352.90714285714284,360.8012000000001,339.4813131313131,42.54333413211916,-6.621751069010031,-7.08364261266976,0.4618915436597284,756590.3430369999,0.0237064582667558
2020-10-05 00:00:00,1601856000000,352.34,356.1,348.54,353.62,376740.30692,352.85857142857145,360.2288,340.7812121212121,56.92355889724311,-6.1107087816431545,-6.889055846464439,0.7783470648212845,731234.5418805,0.1025816911948116
2020-10-06 00:00:00,1601942400000,353.63,355.1,336.8,340.75,640063.26951,350.1385714285714,358.91360000000003,341.92080808080806,48.34892154991411,-6.667348484912566,-6.844714374154065,0.1773658892414991,721152.2058865,-0.0235550333839585
2020-10-07 00:00:00,1602028800000,340.8,342.85,332.18,341.58,541928.86376,347.53142857142853,357.0656,343.0923232323232,62.70092547491473,-6.96127020701914,-6.86802554072708,-0.09324466629206,685433.6285245001,-0.0293816776540123
2020-10-08 00:00:00,1602115200000,341.58,353.32,334.21,350.95,631794.8756,347.26000000000005,356.4468,344.3040404040404,51.56546489563564,-6.364755656452871,-6.767371563872239,0.4026159074193671,676813.6486950001,-0.0083917269439421
2020-10-09 00:00:00,1602201600000,350.94,368.33,347.32,365.02,650478.19338,350.0342857142858,355.9628,345.7036363636364,58.80849919311456,-4.702474961206292,-6.354392243339049,1.6519172821327572,680792.1415875,0.0210635262524825
2020-10-10 00:00:00,1602288000000,365.01,378.4,364.71,370.52,591005.32129,353.5442857142857,356.2212,347.17484848484844,60.66015926021062,-2.907782394147489,-5.665070273500738,2.7572878793532487,675684.1875799999,0.0467849474516894
2020-10-11 00:00:00,1602374400000,370.51,377.6,368.87,374.16,373318.23779,356.65714285714284,356.5832,348.639393939394,60.69549595791096,-1.1781767374017704,-4.767691566280944,3.5895148288791736,630152.7979205,0.0399399649795715
2020-10-12 00:00:00,1602460800000,374.17,394.8,365.58,386.51,844422.65444,361.3557142857143,356.46920000000006,350.2449494949495,68.76080691642653,1.1755391103323518,-3.5790454309582853,4.754584541290637,630237.3742035001,0.0741461245588195
2020-10-13 00:00:00,1602547200000,386.51,387.75,374.51,381.04,645141.91394,367.1114285714286,356.3352,351.6534343434343,62.29887718485937,2.5698687447641646,-2.349262595813795,4.91913134057796,615449.2450225,0.0798923055122573
2020-10-14 00:00:00,1602633600000,381.05,387.41,373.13,378.69,569557.82936,372.4128571428572,356.0728,353.060505050505,60.631341600901926,3.445541606558152,-1.190301755339406,4.635843361897558,590341.88163,0.0957465277777775
2020-10-15 00:00:00,1602720000000,378.69,381.79,369.85,377.64,634038.09453,376.2257142857143,356.3368,354.38060606060606,64.97523257218796,4.0085839728462815,-0.1505246097022684,4.15910858254855,579011.5973945,0.0916028327793032
2020-10-16 00:00:00,1602806400000,377.63,379.83,361.18,365.5,654029.36404,376.2942857142857,357.3424,355.6282828282828,61.350673054985165,3.4355991148344174,0.5667001352050688,2.8688989796293485,585169.105219,0.037261968953089
2020-10-17 00:00:00,1602892800000,365.5,370.46,363.36,368.32,285578.24537,375.98,358.3068,356.9117171717172,62.40985243537114,3.172484492576245,1.0878570066793043,2.084627485896941,570969.589967,0.0415700469430462
2020-10-18 00:00:00,1602979200000,368.31,378.64,367.1,378.11,323468.47095,376.5442857142857,360.6024,358.3149494949495,63.76470588235295,3.7111555492961656,1.6125167152026765,2.098638834093489,549255.0919945,0.1096404988994865
2020-10-19 00:00:00,1603065600000,378.12,384.32,372.5,379.3,577252.90265,375.5142857142858,361.8156,359.6938383838384,63.74143835616439,4.185827681492185,2.127178908460578,2.058648773031607,548860.5786809999,0.1104280110076703
2020-10-20 00:00:00,1603152000000,379.3,380.73,365.27,368.52,617309.81677,373.7257142857143,362.4796,360.9970707070707,65.19978106185002,3.650077042255589,2.4317585352195805,1.2183185070360083,554778.9079064999,0.0500641116968227
2020-10-21 00:00:00,1603238400000,368.53,401.49,367.74,390.38,1221663.63784,375.3957142857144,363.9380000000001,362.5116161616161,71.71204840718988,4.9325507346798645,2.9319169751116374,2.000633759568227,577944.623819,0.0694756451701277
2020-10-22 00:00:00,1603324800000,390.31,420.73,390.21,413.98,1095897.20667,380.5871428571428,366.1976,364.2830303030303,74.89139878366638,7.763747493876281,3.898283078864566,3.8654644150117146,596060.892047,0.1172946129763576
2020-10-23 00:00:00,1603411200000,413.94,419.33,401.3,409.11,727832.3224,386.8171428571428,368.4036,366.0561616161616,68.77608380887489,9.50495580955578,5.019617625002809,4.4853381845529725,617272.7222165,0.0934092366901859
2020-10-24 00:00:00,1603497600000,409.19,416.66,407.0,412.14,419236.87106,393.07714285714286,370.4976,367.86898989898987,68.10509831216285,11.00254117586246,6.21620233517474,4.786338840687722,621037.9199135,0.0663113502884789
2020-10-25 00:00:00,1603584000000,412.14,417.4,402.5,405.86,415586.9761,397.0414285714286,372.3388000000001,369.5880808080808,63.48018370471168,11.549509298457563,7.282863727831305,4.26664557062626,622980.2533725,0.0651375183707747
2020-10-26 00:00:00,1603670400000,405.85,411.11,382.3,392.52,895142.67266,398.93,373.9256,371.1376767676768,52.5343678839504,10.782267693100948,7.982744520885234,2.7995231722157143,635734.22353,0.0365206369325832
2020-10-27 00:00:00,1603756800000,392.52,410.25,389.9,403.45,754261.74114,403.92,376.2396,372.8289898989899,59.03410465210028,10.930186461632331,8.572232909034653,2.357953552597678,646350.867399,0.0683455142463722
2020-10-28 00:00:00,1603843200000,403.41,409.2,380.52,388.23,855275.46882,403.6128571428572,377.9308,374.26979797979794,53.48429510591674,9.707385651089908,8.799263457445704,0.9081221936442034,657524.89706,0.06218878248974
2020-10-29 00:00:00,1603929600000,388.22,393.72,380.52,387.13,573096.01416,399.7771428571429,379.3212,375.5161616161617,53.46476816356335,8.550976062760753,8.749605978508715,-0.1986299157479614,653655.788099,0.0510697219808862
2020-10-30 00:00:00,1604016000000,387.12,391.97,373.29,382.49,771750.74746,395.9742857142857,380.47600000000006,376.5988888888889,56.562379297025885,7.177367683724981,8.435158319551968,-1.2577906358269877,662693.0594075,0.0115839306022056
2020-10-31 00:00:00,1604102400000,382.59,394.88,379.9,386.46,467453.8105,392.3057142857143,382.3044,377.68282828282827,56.944869831546704,6.33608057554909,8.015342770751392,-1.679262195202302,667399.838043,0.0188768784603214
2020-11-01 00:00:00,1604188800000,386.44,398.29,384.61,396.67,438952.95565,390.9928571428572,384.508,378.6061616161616,57.0828881086857,6.419219387370902,7.6961180940752945,-1.2768987067043929,647126.3531035,0.0763866275914468
2020-11-02 00:00:00,1604275200000,396.68,404.5,377.92,383.02,779968.57957,389.6357142857143,385.7908,379.33363636363634,51.29634792305547,5.322314246919348,7.221357324644106,-1.899043077724758,653867.6863849999,-0.0188534248680772
2020-11-03 00:00:00,1604361600000,383.01,390.0,370.23,387.88,752954.37114,387.4114285714285,386.7052,379.999797979798,57.03692933992439,4.78995478648676,6.735076817012637,-1.9451220305258767,663037.5134739999,-0.0630465239866661
2020-11-04 00:00:00,1604448000000,387.88,408.39,376.47,402.49,1157064.35076,389.4485714285714,387.9839999999999,380.8656565656565,54.64661192540864,5.483747747270456,6.484811003064201,-1.0010632557937449,689188.8262855,-0.0161814670870914
2020-11-05 00:00:00,1604534400000,402.5,420.4,396.14,416.69,1475139.77342,393.67142857142863,389.6852,381.86545454545455,51.120668265652135,7.097588411733227,6.607366484798007,0.4902219269352201,730244.3467545,0.0110399378851846
2020-11-06 00:00:00,1604620800000,416.73,458.27,414.76,455.91,1682440.96026,404.16,392.4612,383.0880808080808,65.07149297951823,11.40977026096499,7.567847240031404,3.841923020933586,800087.482499,0.1233183856502242
2020-11-07 00:00:00,1604707200000,455.91,468.28,424.14,435.21,1653416.5961,411.1242857142857,394.628,383.9858585858586,56.6703290348696,13.006952390580013,8.655668270141126,4.351284120438885,866584.8887565,0.1087587893610517
2020-11-08 00:00:00,1604793600000,435.2,460.1,431.99,454.3,840908.46841,419.3571428571428,397.6524,384.6656565656566,63.03973296005167,15.632927536112163,10.051120123335334,5.581807412776829,879767.6670445001,0.1260379229148593
2020-11-09 00:00:00,1604880000000,454.29,459.1,433.09,444.32,1099213.24641,428.1142857142857,400.3196,385.3919191919192,64.20111854369995,16.716037094165983,11.384103517501464,5.331933576664518,903862.8385265,0.1444762125544134
2020-11-10 00:00:00,1604966400000,444.32,455.0,438.7,450.34,866872.41108,437.0371428571429,403.7132,386.04242424242426,63.210683495802094,17.854358974758952,12.678154608952962,5.17620436580599,886123.2771885,0.1632784852633482
2020-11-11 00:00:00,1605052800000,450.34,476.25,449.28,463.09,1205782.84262,445.6942857142857,407.504,386.78464646464647,71.3885714285714,19.55983214075337,14.054490115313044,5.505342025440328,891617.558986,0.2107244633846636
2020-11-12 00:00:00,1605139200000,463.09,470.0,451.2,462.39,990776.62912,452.2228571428572,410.8752,387.4075757575757,71.5521191294387,20.617284539857224,15.36704900022188,5.250235539635343,904764.774322,0.1964757025306629
2020-11-13 00:00:00,1605225600000,462.48,478.01,457.12,476.43,976665.09752,455.1542857142857,414.7604,388.2324242424242,75.52717391304346,22.330818077162466,16.759802815609998,5.571015261552464,932636.185645,0.2010739405551214
2020-11-14 00:00:00,1605312000000,476.42,477.47,452.0,460.89,735252.7854,458.8228571428571,418.4552000000001,389.0561616161616,69.0289921767142,22.179189730866995,17.8436801986614,4.335509532205595,948619.47611,0.2033053104276538
2020-11-15 00:00:00,1605398400000,460.9,462.89,440.19,448.08,665217.56671,457.9342857142857,420.7632,389.5718181818182,62.9711863551496,20.7857579526484,18.4320957494588,2.3536622031895966,937123.2208125,0.1552026399917501
2020-11-16 00:00:00,1605484800000,448.07,466.0,445.45,460.55,812060.44638,460.2528571428571,422.626,390.28303030303033,69.67866389156809,20.45192099874328,18.836060799315696,1.61586019942758,940013.1560745,0.1442520311063628
2020-11-17 00:00:00,1605571200000,460.51,484.88,459.8,482.15,1151573.37456,464.7971428571428,425.5476000000001,391.1588888888889,72.05352547606792,21.68037442803416,19.404923525059388,2.275450902974768,954828.0513615,0.1570952026686505
2020-11-18 00:00:00,1605657600000,482.11,495.31,456.6,478.41,1477696.29116,466.9857142857142,428.1984,392.1630303030303,68.71241250123238,22.097420568612108,19.94342293376993,2.153997634842174,1000058.0652115,0.0493518457590314
2020-11-19 00:00:00,1605744000000,478.43,480.75,464.86,471.25,817418.52685,468.25142857142856,430.814,393.0122222222222,63.93116127055458,21.601175572556546,20.274973461527257,1.3262021110292856,1002341.454181,0.0828105971829691
2020-11-20 00:00:00,1605830400000,471.26,514.4,470.65,510.12,1516361.90736,473.0642857142857,435.518,393.87666666666667,63.86657799150764,24.06695313322456,21.03336939586672,3.033583737357837,1054786.859024,0.122870349988994
2020-11-21 00:00:00,1605916800000,510.12,553.32,502.82,552.35,1548851.29067,486.13000000000005,441.474,395.030606060606,76.99078341013825,29.09333779604742,22.64536307590286,6.447974720144561,1110281.775775,0.2431355779618293
2020-11-22 00:00:00,1606003200000,552.42,580.88,511.28,560.03,1850317.93581,502.1228571428571,448.346,396.32060606060605,75.71379930930492,33.312490021380995,24.778788464998488,8.533701556382507,1163799.2435869998,0.2435715237376203
2020-11-23 00:00:00,1606089600000,560.03,610.85,550.12,608.58,2076008.84846,523.2700000000001,457.204,398.0878787878788,83.63777850589778,40.11139857374911,27.845310486748616,12.266088087000496,1229951.967453,0.3141721911507484
2020-11-24 00:00:00,1606176000000,608.58,623.0,585.0,604.97,1606450.49193,540.8157142857143,466.1032,399.8462626262626,81.98138572905896,44.693091615362334,31.214866712471363,13.478224902890972,1252421.2745115,0.308354419429486
2020-11-25 00:00:00,1606262400000,604.98,606.0,553.83,569.5,1219440.02727,553.8285714285714,473.4248,401.3366666666667,70.11759367792189,44.94389850989853,33.9606730719568,10.983225437941734,1239636.287204,0.1953487395839892
2020-11-26 00:00:00,1606348800000,569.38,577.14,481.0,519.83,2683460.74171,560.7685714285715,478.3512,402.4717171717172,59.16283818274631,40.6659392562172,35.30172630880888,5.364212947408319,1289687.2762765,0.1278830089609235
2020-11-27 00:00:00,1606435200000,519.83,530.62,493.72,518.68,1088064.28114,561.9914285714286,483.7776,403.5094949494949,57.0287805689569,36.75909437933052,35.593199922913215,1.1658944564173055,1261419.6605285,0.1575611497946794
2020-11-28 00:00:00,1606521600000,518.59,547.94,506.59,537.52,900508.61431,559.8728571428571,489.7632,405.020101010101,62.60984038176731,34.782174952945354,35.430994928919645,-0.6488199759742912,1264399.6678235,0.1671262620779501
2020-11-29 00:00:00,1606608000000,537.5,576.9,530.32,576.3,855276.46664,562.1971428571429,496.71560000000005,406.8489898989898,69.43787520465708,35.93048964790921,35.53089387271756,0.3995957751916492,1252202.8288349998,0.1952711811676863
2020-11-30 00:00:00,1606694400000,576.32,616.85,570.07,616.66,1501989.45408,563.3514285714285,504.7144,409.1313131313131,71.82074865114197,39.64030327333211,36.35277575284047,3.2875275204916363,1283958.680985,0.2889780732008109
2020-12-01 00:00:00,1606780800000,616.65,635.7,560.0,585.26,2163875.81376,560.5357142857143,509.8884000000001,410.92505050505054,64.02818970912355,39.59026775737186,37.00027415374675,2.5899936036251106,1331863.329542,0.2419310344827585
2020-12-02 00:00:00,1606867200000,585.26,604.93,575.0,596.89,1069538.65619,564.4485714285714,516.3556,413.0862626262626,65.78050079914756,40.027644287518456,37.605748180501095,2.421896107017361,1335801.4308955,0.1700972320238374
2020-12-03 00:00:00,1606953600000,596.88,623.44,585.82,615.85,935687.91723,578.1657142857142,522.8176,415.40989898989903,68.67252066115702,41.42664134917163,38.3699268142352,3.0567145349364324,1333752.571881,0.1149633384629311
2020-12-04 00:00:00,1607040000000,615.84,620.0,565.82,567.24,1052452.78666,585.1028571428571,527.7344,417.2681818181818,57.19504207184964,38.1729023934962,38.3305219300874,-0.1576195365911985,1349612.571944,0.0128743103048052
2020-12-05 00:00:00,1607126400000,567.24,597.11,560.88,596.8,701567.95564,593.5714285714286,533.5928,419.30545454545455,55.78369375699377,37.54672056334027,38.17376165673797,-0.6270410933977004,1351430.0913905,-0.0193565348844853
2020-12-06 00:00:00,1607212800000,596.82,607.5,583.0,601.54,602496.96339,597.1771428571428,539.1308,421.35484848484856,55.4427923321008,37.006359066057485,37.94028113860188,-0.9339220725443907,1340951.917241,-0.0056697026298825
2020-12-07 00:00:00,1607299200000,601.59,603.15,584.22,591.28,498329.37589,593.5514285714286,544.2864,422.9946464646465,47.47842817164178,35.34281249051048,37.4207874089836,-2.0779749184731173,1308289.7173075,0.0382440737489024
2020-12-08 00:00:00,1607385600000,591.27,595.0,549.22,554.94,804443.00717,589.22,547.4268,424.2183838383839,43.34300236847008,30.73777956105903,36.084185839398685,-5.346406278339657,1274627.053108,0.0675413115826328
2020-12-09 00:00:00,1607472000000,554.92,578.08,530.43,573.09,997192.16738,585.8199999999999,551.9148,425.2051515151515,50.50076719207701,28.22742294042257,34.51283325960347,-6.285410319180897,1283615.7351344998,0.1049009022904297
2020-12-10 00:00:00,1607558400000,573.2,575.7,548.11,558.99,608414.51466,577.6971428571429,556.3512,426.4121212121212,56.06417244796828,24.81415296197042,32.57309720007686,-7.758944238106437,1238218.3654995,0.0399426998065188
2020-12-11 00:00:00,1607644800000,558.99,560.8,535.5,544.43,768921.78317,574.4385714285714,559.7064,428.0588888888888,53.82854084272503,20.69567473996983,30.19761270805545,-9.501937968085624,1199221.8901245,-0.0553010584764879
2020-12-12 00:00:00,1607731200000,544.46,574.0,543.1,568.04,573913.95311,570.33,563.1419999999999,429.90515151515154,54.47428604937548,19.11651744649396,27.98139365574316,-8.8648762092492,1135401.6909895,-0.0788440956118444
2020-12-13 00:00:00,1607817600000,568.09,595.0,563.22,590.7,657794.46158,568.7814285714286,567.6336,432.4878787878788,52.21579368498801,19.46906922571941,26.27892876973841,-6.809859544019002,1064490.9716455,0.0092950141817313
2020-12-14 00:00:00,1607904000000,590.81,591.48,575.6,586.29,493012.02706,568.0685714285714,572.2352000000001,434.8463636363636,44.74549292363057,19.171620400603047,24.85746709591134,-5.6858466953082925,1008819.048402,-0.0177587160113253
2020-12-15 00:00:00,1607990400000,586.29,597.2,578.58,588.64,569270.52011,572.8828571428571,575.376,437.220606060606,50.65015003462337,18.907560832200147,23.667485843169104,-4.759925010968956,976310.573044,-0.0441828367297232
2020-12-16 00:00:00,1608076800000,588.78,640.0,580.71,637.18,1185588.05078,582.0385714285715,578.7692,440.2487878787879,56.78625568468922,22.357342528383583,23.405457180212,-1.048114651828417,901416.9384975,0.1232987800578238
2020-12-17 00:00:00,1608163200000,637.18,676.25,625.76,642.7,2006130.01975,593.9971428571428,582.076,443.1967676767677,54.73695353022124,25.245720295725164,23.77350980331463,1.4722104924105324,947320.225428,0.0769101876675604
2020-12-18 00:00:00,1608249600000,642.71,664.61,629.4,653.85,1000012.98018,609.6285714285714,583.8868,446.0848484848485,67.60723724334213,28.11045250323525,24.64089834329876,3.469554159936493,952295.4437215,0.086960135651827
2020-12-19 00:00:00,1608336000000,653.76,669.95,645.42,658.03,858803.88459,622.4842857142858,586.0092,448.9575757575757,63.8799474089858,30.368001070335936,25.786318888706194,4.581682181629741,952471.814619,0.1128906778514409
2020-12-20 00:00:00,1608422400000,658.05,661.39,621.01,638.18,823958.22843,629.2671428571429,588.7564,451.4868686868687,57.77325186693821,30.2071858329324,26.670492277551435,3.5366935553809604,918570.2533365,0.1499981980033875
2020-12-21 00:00:00,1608508800000,638.1,648.0,595.9,607.58,843251.16565,632.3085714285714,592.2664,453.9228282828283,53.18334505116788,27.29592391379356,26.79557860479986,0.5003453089936976,852539.0209309999,0.0601825193250624
2020-12-22 00:00:00,1608595200000,607.68,637.73,588.0,636.45,918851.25654,639.1385714285715,596.9771999999999,456.5423232323232,66.39710319855158,27.00697598382681,26.83785808060525,0.1691179032215544,845004.6509485,0.1385713519025386
2020-12-23 00:00:00,1608681600000,636.41,638.44,551.28,585.56,1208807.36518,631.7642857142857,598.8988,458.779696969697,52.21657364285967,22.413219332327685,25.95293033094974,-3.539710998622056,858660.623346,0.0755469022647539
2020-12-24 00:00:00,1608768000000,585.48,615.02,565.43,612.31,886335.86333,627.4228571428572,600.3392,461.2766666666666,59.06987820643667,20.69260407166803,24.9008650790934,-4.208261007425371,850354.7771794999,0.0779346524892612
2020-12-25 00:00:00,1608854400000,612.31,634.24,604.28,626.82,798009.62915,623.5614285714286,600.7456,463.6752525252525,64.01714927353773,20.2662234079412,23.97393674486296,-3.7077133369217634,855176.8608549999,0.0611477907567292
2020-12-26 00:00:00,1608940800000,626.78,652.91,615.26,637.44,958585.50647,620.62,602.8328,466.23131313131313,62.35315058739765,20.54838985763752,23.28882736741788,-2.7404375097803566,872981.288009,0.0872435143017962
2020-12-27 00:00:00,1609027200000,637.44,717.13,625.0,685.11,1859968.15029,627.3242857142858,606.3616,469.260202020202,65.43100912032949,24.33802579563155,23.498667053060608,0.8393587425709441,941063.226729,0.1638862462625714
2020-12-28 00:00:00,1609113600000,685.1,748.09,681.04,730.41,1627154.39266,644.8714285714286,610.944,472.890202020202,70.77854671280276,30.64343257559119,24.927620157566725,5.715812418024466,982198.7960035,0.1463165824413823
2020-12-29 00:00:00,1609200000000,730.4,740.78,689.2,732.0,1106876.35855,658.5214285714286,617.5344,476.8461616161616,70.71436828112357,35.36119079264688,27.01433428458276,8.346856508064121,987683.005562,0.1389450754628909
2020-12-30 00:00:00,1609286400000,732.0,758.74,716.62,752.17,1008574.09906,682.3228571428572,623.7492,480.96696969696967,68.09897062989894,40.26346642375711,29.66416071241764,10.599305711339476,1007690.984782,0.150370880171293
2020-12-31 00:00:00,1609372800000,752.17,755.74,722.0,736.42,863375.57981,700.0528571428571,629.1443999999999,485.1659595959596,64.29094236047575,42.38902748603721,32.20913406714155,10.17989341889566,1012413.674614,0.1191283072200355
2021-01-01 00:00:00,1609459200000,736.42,749.0,714.29,728.91,675114.09329,714.6371428571427,634.6496,489.00373737373735,61.574045519027926,42.97219894524767,34.36174704276277,8.610451902484897,1017473.681623,0.1421699207120248
2021-01-02 00:00:00,1609545600000,728.91,787.69,714.91,774.56,1352618.57668,734.2257142857143,643.4344,493.2728282828282,65.93115139583846,46.580983433857,36.80559432098162,9.77538911287538,1052214.8873780002,0.2748280061884853
2021-01-03 00:00:00,1609632000000,774.44,1011.07,768.71,978.28,2813603.88615,776.1071428571428,659.6419999999999,499.579494949495,80.94068413391558,65.1287093615839,42.47021732910208,22.658492032481824,1168244.4803324998,0.5370885379841306
2021-01-04 00:00:00,1609718400000,978.33,1162.97,890.0,1041.43,4245010.94004,820.5385714285713,678.9396,506.4879797979799,87.26273297260155,83.95580278801856,50.767334420885376,33.18846836713318,1352031.501329,0.778519707630303
2021-01-05 00:00:00,1609804800000,1041.45,1134.6,974.45,1099.56,2706995.67525,873.0471428571428,701.1447999999999,514.019292929293,87.87229518653604,102.38676427268364,61.09122039124504,41.29554388143861,1428101.8825525,0.7957570511668925
2021-01-06 00:00:00,1609891200000,1100.16,1213.0,1057.26,1208.42,2390136.59334,938.2257142857144,726.76,522.5913131313131,96.5251426693358,124.34416413363,73.74180913972202,50.602354993907966,1447302.211232,0.9278580772789636
2021-01-07 00:00:00,1609977600000,1208.75,1289.0,1131.0,1224.87,1972922.82059,1008.004285714286,752.1267999999999,531.329090909091,96.47083813801056,141.44247839353238,87.2819429904841,54.160535403048286,1495947.7032525,0.9215455572289152
2021-01-08 00:00:00,1610064000000,1224.86,1273.75,1065.0,1216.93,2131172.92341,1077.7214285714283,777.3524000000001,540.0571717171717,95.21846408484164,152.59332314538153,100.3442190214636,52.249104123917945,1559566.1551934998,0.7762549079709828
2021-01-09 00:00:00,1610150400000,1216.72,1304.37,1171.36,1276.0,1448871.11514,1149.3557142857142,804.8468,549.4551515151516,95.54896142433236,164.30292147637,113.13595951244488,51.166961963925104,1590811.799529,0.7469640338987693
2021-01-10 00:00:00,1610236800000,1276.0,1348.33,1170.0,1254.25,1951179.35003,1188.7800000000002,829.5296000000001,558.629898989899,92.15602038397726,169.86966750234262,124.48270111042444,45.38696639191818,1646208.2087480002,0.7134562841530054
2021-01-11 00:00:00,1610323200000,1254.24,1260.0,915.0,1087.01,4099450.90046,1195.2914285714287,847.302,566.0505050505051,72.37195412682878,158.95415891867617,131.3769926720748,27.577166246601365,1805238.190944,0.4451653216693034
2021-01-12 00:00:00,1610409600000,1087.0,1150.02,1006.33,1050.16,2302645.34052,1188.234285714286,863.1543999999999,573.0862626262626,69.11467845813709,145.6510777329696,134.23180968425376,11.41926804871585,1859930.089711,0.4260340566524538
2021-01-13 00:00:00,1610496000000,1050.36,1137.65,987.48,1129.89,1564202.39081,1177.0157142857145,882.0288,581.0573737373737,71.17739403453692,139.92882235689797,135.3712122187826,4.557610138115365,1893823.416085,0.5501090669629998
2021-01-14 00:00:00,1610582400000,1129.79,1247.55,1086.7,1231.62,1555737.38556,1177.98,905.7664,590.0476767676768,75.32266972120519,141.9661570638856,136.6902011878032,5.275955876082378,1931709.8039055,0.5900898574674653
2021-01-15 00:00:00,1610668800000,1231.89,1256.98,1069.42,1168.53,1944038.83738,1171.0657142857144,928.2044,598.3060606060607,71.27138654486336,136.91169101307662,136.7344991528579,0.177191860218727,1980982.470451,0.1944739747311608
2021-01-16 00:00:00,1610755200000,1168.48,1298.0,1151.77,1227.83,1575384.43797,1164.1842857142858,951.8596,607.0213131313131,71.64592506279789,136.12187640331956,136.61197460295023,-0.4900981996306655,1966753.284835,0.1789846653159597
2021-01-17 00:00:00,1610841600000,1227.83,1269.02,1165.0,1232.45,1317285.00579,1161.07,977.7351999999998,615.7276767676768,64.98802938991167,134.32037633694802,136.15365494974978,-1.833278612801763,1951259.8154915,0.120857433882644
2021-01-18 00:00:00,1610928000000,1232.5,1260.75,1182.58,1258.45,998050.11073,1185.561428571429,1003.5808,624.6598989898989,63.38373871429277,133.45230219563746,135.61338439892734,-2.1610822032898795,1945818.5031005,0.0414011684679167
2021-01-19 00:00:00,1611014400000,1258.52,1438.3,1251.49,1365.36,2278852.55758,1230.59,1033.1224,634.5472727272727,65.4617586150732,139.77979621944655,136.4466667630312,3.333129456415349,2009332.4260265,0.1146978863063019
2021-01-20 00:00:00,1611100800000,1365.36,1407.93,1235.42,1376.99,2219137.62144,1265.89,1062.7044,644.6073737373738,61.05652556046753,144.07205169428926,137.97174374928284,6.100307945006421,2077120.528108,0.131527696745088
2021-01-21 00:00:00,1611187200000,1376.72,1390.0,1086.0,1110.96,2310208.57298,1248.652857142857,1079.7384,652.0040404040404,44.37142377135855,124.5713167905983,135.29165835754594,-10.72034156694764,2158875.2520925,-0.1293416927899686
2021-01-22 00:00:00,1611273600000,1111.98,1273.79,1042.31,1232.62,2020593.21673,1257.8085714285714,1099.8267999999998,660.640202020202,50.69695542861204,117.5784183128851,131.74901034861378,-14.170592035728674,2192273.984095,-0.0172453657564282
2021-01-23 00:00:00,1611360000000,1232.61,1272.44,1195.9,1233.6,1009545.08258,1258.6328571428571,1119.8908,669.4088888888889,48.014088729016784,110.83790334245032,127.56678894738108,-16.728885604930767,2102071.0439165,0.1348561650766782
2021-01-24 00:00:00,1611446400000,1233.46,1398.83,1220.0,1392.51,1510879.53817,1281.4985714285715,1145.5044,679.7542424242424,55.73845336520903,116.97034428193932,125.44750001429271,-8.477155732353395,1965364.473823,0.3259979431705644
2021-01-25 00:00:00,1611532800000,1392.19,1475.0,1293.69,1317.88,1885441.31289,1289.9885714285715,1168.7628,689.2468686868688,60.380191894395146,114.48857756180178,123.25571552379456,-8.767137961992773,1924286.755705,0.1663790280469781
2021-01-26 00:00:00,1611619200000,1317.6,1378.49,1244.56,1365.97,1682923.65799,1290.0757142857144,1194.2451999999998,699.2132323232323,64.0571169134077,115.0756996179698,121.6197123426296,-6.544012724659808,1888926.1089375,0.1090839707052502
2021-01-27 00:00:00,1611705600000,1366.54,1373.9,1207.0,1239.03,2009772.08358,1270.3671428571429,1212.824,708.0062626262626,54.66203055052456,104.09802374040372,118.11537462218443,-14.017350881780716,1890768.572087,0.060332212266694
2021-01-28 00:00:00,1611792000000,1238.93,1360.0,1217.23,1329.69,1365269.71962,1301.6142857142856,1226.8804,717.4942424242423,54.22916037776533,101.54311501877328,114.80092270150224,-13.257807682728952,1852473.4118975005,0.0829593673391269
2021-01-29 00:00:00,1611878400000,1329.44,1436.9,1285.35,1379.5,2253963.18682,1322.597142857143,1240.4032,727.2469696969697,59.20325955137545,102.35766670389148,112.31227150198008,-9.954604798088596,1892728.0154815004,0.119315185200211
2021-01-30 00:00:00,1611964800000,1379.56,1406.0,1326.41,1378.05,1040042.2363,1343.232857142857,1251.5428,737.0342424242424,56.901462805057335,101.71370957167484,110.19255911591904,-8.478849544244213,1847171.159795,0.0950375461877706
2021-01-31 00:00:00,1612051200000,1378.04,1380.74,1281.12,1312.55,958704.85571,1331.81,1255.708,746.129292929293,53.48503306648102,94.82498293450612,107.11904387963646,-12.29406094513034,1690133.8575575002,-0.0386784437803948
2021-02-01 00:00:00,1612137600000,1312.45,1377.99,1269.99,1374.17,1096397.91862,1339.8514285714286,1261.68,755.9102020202021,54.883442210631145,93.26276140470736,104.34778738465066,-11.085025979943296,1629821.4864625,-0.0020479451557381
2021-02-02 00:00:00,1612224000000,1374.09,1547.9,1360.28,1511.87,1944227.99878,1360.6942857142858,1273.4776,767.2167676767676,56.026192611117054,101.96059056050922,103.87034801982236,-1.909757459313156,1648822.766861,0.3608680780586157
2021-02-03 00:00:00,1612310400000,1511.93,1669.35,1508.39,1664.49,1535869.88801,1421.4742857142858,1289.0172,779.9545454545455,60.59634380067817,119.78799983573276,107.05387838300446,12.734121452728305,1647829.3919835,0.3503675098570527
2021-02-04 00:00:00,1612396800000,1664.67,1695.2,1554.44,1595.67,1646502.32962,1459.4714285714288,1302.674,792.1509090909091,70.90366485824443,126.90032334383407,111.0231673751704,15.8771559686637,1632952.5665955,0.2935068093385216
2021-02-05 00:00:00,1612483200000,1595.53,1760.49,1591.0,1719.19,1194123.29946,1507.9985714285715,1327.9612,805.6060606060606,70.95026910656621,140.87994633914036,116.9945231679644,23.88542317117597,1613889.50967,0.2345979562085731
2021-02-06 00:00:00,1612569600000,1718.95,1743.67,1642.94,1676.35,1149808.33101,1550.612857142857,1353.0088,818.6753535353536,68.40022940545752,146.8097370466976,122.95756594371105,23.85217110298656,1605515.675931,0.2720050383949979
2021-02-07 00:00:00,1612656000000,1676.35,1693.0,1490.46,1611.62,1281734.86814,1593.337142857143,1372.2779999999998,831.0507070707071,59.87934315060463,144.61889230707243,127.28983121638332,17.32906109068911,1619699.9138015,0.1798355747197961
2021-02-08 00:00:00,1612742400000,1611.46,1775.57,1563.89,1750.15,1339777.09536,1647.0485714285714,1393.0192000000002,844.7222222222222,68.42850199943724,152.30516617423677,132.292898207954,20.012267966282764,1572746.1406905,0.4125162425445712
2021-02-09 00:00:00,1612828800000,1749.68,1821.88,1708.49,1769.13,1185071.89593,1683.8,1417.0431999999998,858.7233333333334,67.62494316790821,158.10557827900402,137.455434222164,20.65014405684002,1521042.854415,0.3304830449202445
2021-02-10 00:00:00,1612915200000,1769.14,1837.86,1680.0,1740.78,1219932.25474,1694.6985714285713,1437.5612,872.3889898989898,74.00419086620802,158.58674926388994,141.6816972305092,16.90505203338074,1466529.038503,0.2618919898513954
2021-02-11 00:00:00,1613001600000,1740.76,1819.0,1703.44,1785.62,735079.82699,1721.8342857142857,1459.688,886.36,72.81224044590766,160.73345873337166,145.4920495310817,15.241409202289958,1402253.369016,0.2957584993287616
2021-02-12 00:00:00,1613088000000,1785.83,1864.88,1739.88,1840.26,909600.20653,1739.13,1482.9604000000002,900.739494949495,72.94301591411555,164.94237972816927,149.38211557049922,15.560264157670048,1397256.1252135,0.4020494457354007
2021-02-13 00:00:00,1613174400000,1840.24,1871.72,1765.0,1814.96,767589.07285,1758.9314285714286,1500.9444,914.4672727272726,71.25069310012742,164.34204854485483,152.37410216537037,11.967946379484488,1360091.6019475,0.3207681727879374
2021-02-14 00:00:00,1613260800000,1815.25,1850.0,1784.11,1800.42,675261.77873,1785.902857142857,1517.8816,928.2572727272728,74.9669918016847,160.83897370271575,154.06707647283943,6.771897229876316,1299582.6252395,0.1908563566973351
2021-02-15 00:00:00,1613347200000,1800.03,1835.72,1655.67,1779.25,1053474.57879,1790.06,1544.6132,941.640606060606,71.62548847936107,154.5727016901826,154.16820151630807,0.4045001738745384,1268110.1712795,0.0689460435328539
2021-02-16 00:00:00,1613433600000,1779.33,1827.28,1724.0,1781.99,817493.47513,1791.8971428571426,1566.588,955.1524242424242,66.84838202639654,148.12029254429262,152.958619721905,-4.838327177612371,1208496.240857,0.1167659979820388
2021-02-17 00:00:00,1613520000000,1781.99,1855.0,1733.01,1849.88,795711.63311,1807.4828571428573,1591.2392000000002,969.289191919192,62.930156648858265,146.79273218732123,151.72544221498825,-4.932710027667014,1180018.3365315,0.0760183574823027
2021-02-18 00:00:00,1613606400000,1849.7,1950.5,1849.69,1939.61,937227.10191,1829.4814285714283,1613.1232,984.2035353535356,73.30848468419623,151.23771786562202,151.627897345115,-0.3901794794929856,1114181.532286,0.1570435768186835
2021-02-19 00:00:00,1613692800000,1938.91,1972.82,1891.0,1955.0,793404.4115,1845.872857142857,1638.6080000000002,999.2804040404042,68.72488763955721,154.22444205385636,152.14720628686328,2.077235766993084,1101849.641046,0.21306511460518
2021-02-20 00:00:00,1613779200000,1955.46,2042.34,1803.14,1913.0,1261315.81279,1859.878571428572,1660.4892000000002,1013.791212121212,68.81669131561789,151.45649727764294,152.00906448501922,-0.5525672073762848,1116980.1889,0.0930491672142386
2021-02-21 00:00:00,1613865600000,1912.9,1976.31,1883.01,1933.53,756568.19743,1878.8942857142856,1688.2692000000002,1028.6663636363637,77.53108803858849,149.1996004042262,151.44717166886062,-2.2475712646344164,1099988.7028405,0.0929270319309489
2021-02-22 00:00:00,1613952000000,1933.54,1936.29,1551.0,1777.58,1807244.98099,1878.6557142857143,1706.1848,1042.0956565656563,52.2780499958475,133.2906401711591,147.8158653693203,-14.525225198161197,1093139.551951,0.0211399487586023
2021-02-23 00:00:00,1614038400000,1777.42,1782.39,1355.0,1577.89,2547837.82068,1849.4985714285715,1714.1204,1053.3819191919192,37.78425060043947,103.37768682421324,138.9282296602989,-35.55054283608567,1143737.9485845,-0.1163349424849631
2021-02-24 00:00:00,1614124800000,1577.79,1712.7,1500.2,1623.39,1384388.81727,1817.142857142857,1723.934,1064.909595959596,42.66229950869473,82.39314859712749,127.62121344766464,-45.22806485053714,1130632.272967,-0.1178474780737504
2021-02-25 00:00:00,1614211200000,1623.16,1671.59,1459.16,1481.75,1032670.79409,1751.734285714286,1730.7020000000002,1075.044343434343,33.056395044105685,53.71440042950053,112.83985084403182,-59.12545041453129,1122559.6476985,-0.1835908229382465
2021-02-26 00:00:00,1614297600000,1482.08,1562.25,1400.0,1444.59,1355973.29378,1678.8185714285717,1733.5188,1084.8760606060605,27.4990616789691,27.66883533600935,95.80564774242733,-68.13681240641797,1132867.895837,-0.1976372179824708
2021-02-27 00:00:00,1614384000000,1444.56,1529.0,1425.0,1458.13,927423.0475,1613.837142857143,1731.3692,1094.4519191919192,29.43271813434471,8.02756541562735,78.25003127706734,-70.22246586143999,1115152.3048049998,-0.1804805395531824
2021-02-28 00:00:00,1614470400000,1458.27,1468.75,1293.18,1419.18,1410207.56284,1540.3585714285714,1721.5568000000003,1103.207777777778,28.627169574382208,-10.559498657784616,60.48812529009695,-71.04762394788156,1118673.828179,-0.2035982244569273
2021-03-01 00:00:00,1614556800000,1418.67,1572.0,1409.91,1569.86,1094695.17839,1510.6842857142858,1720.5244,1113.4080808080807,39.74975278786751,-12.981620098118356,45.79417621245389,-58.77579631057224,1114154.992302,-0.1513719808852467
2021-03-02 00:00:00,1614643200000,1570.0,1602.9,1455.52,1486.78,1061142.38743,1497.6685714285716,1711.228,1122.278787878788,36.60243435324445,-21.35881928814501,32.363577112334106,-53.72239640047912,1106215.4989365,-0.2334644593500755
2021-03-03 00:00:00,1614729600000,1486.79,1656.94,1475.47,1567.69,1054846.31471,1489.7114285714283,1706.8815999999997,1132.0032323232324,37.34290199596322,-21.224387664511823,21.64598415696492,-42.870371821476745,1122203.8233225,-0.1981125319693094
2021-03-04 00:00:00,1614816000000,1567.68,1624.87,1506.36,1539.23,946365.67088,1497.922857142857,1703.986,1141.7984848484848,30.997266203440034,-23.147503769477,12.687286571676538,-35.834790341153536,1124042.0965399998,-0.1953842132775745
2021-03-05 00:00:00,1614902400000,1539.22,1548.96,1441.66,1528.31,910786.28976,1509.8828571428571,1695.1124,1151.9851515151515,29.66225298138245,-25.26154056089445,5.097521145162342,-30.35906170605679,1131201.9573855,-0.2095752328642431
2021-03-06 00:00:00,1614988800000,1528.08,1671.58,1513.03,1650.35,1013300.93928,1537.3428571428572,1690.3612,1163.4161616161616,38.36853992294407,-16.89457177284953,0.6991025615599678,-17.5936743344095,1148103.9154130002,-0.0715748377006941
2021-03-07 00:00:00,1615075200000,1650.68,1734.16,1630.35,1726.16,848470.78136,1581.1971428571428,1689.7764000000002,1175.4226262626264,41.24526103366461,-4.099202246343111,-0.2605584000206481,-3.838643846322463,1137853.7255415,0.0939672600751637
2021-03-08 00:00:00,1615161600000,1726.46,1843.59,1664.96,1833.18,1149711.39987,1618.8142857142857,1691.6788,1188.1183838383838,52.448476307909104,14.509582451020378,2.6934697701875576,11.81611268083282,1154464.6217785,0.1292295751483008
2021-03-09 00:00:00,1615248000000,1833.22,1870.77,1798.2,1870.51,857229.47855,1673.6328571428571,1692.8888,1200.7835353535352,65.03638082709857,31.90165499224804,8.535106814599654,23.366548177648387,1157540.5140505,0.2623654462628648
2021-03-10 00:00:00,1615334400000,1870.5,1877.69,1757.0,1795.12,937230.62831,1706.1228571428571,1692.0952,1213.0043434343436,58.56141505389208,39.1503539348937,14.658156238658464,24.49219769623524,1157540.6903705,0.2426501637142719
2021-03-11 00:00:00,1615420800000,1795.28,1846.7,1725.0,1825.78,909011.4961,1747.0585714285714,1693.1096000000002,1225.4173737373735,69.28527383821961,46.829188104375135,21.0923626118018,25.73682549257333,1163321.0446005,0.2521380123857268
2021-03-12 00:00:00,1615507200000,1825.78,1841.88,1719.72,1766.1,869564.6361,1781.0285714285712,1692.5836000000002,1237.0360606060606,67.57903485078788,47.55090503938891,26.38407109731922,21.166833942069687,1143733.485766,0.2444510210121335
2021-03-13 00:00:00,1615593600000,1766.13,1944.3,1727.75,1922.35,926283.22642,1819.8857142857144,1698.198,1250.7240404040404,71.95557993908321,60.03884958916456,33.11502679568829,26.92382279347627,1152219.2372155,0.2245359458805245
2021-03-14 00:00:00,1615680000000,1922.35,1933.1,1836.0,1848.1,637963.63627,1837.3057142857144,1698.1268,1263.3634343434344,69.63056531927357,63.21557139210381,39.13513571497139,24.08043567713242,1093755.1699795,0.2430218324163628
2021-03-15 00:00:00,1615766400000,1848.1,1891.76,1730.0,1793.48,1025326.79658,1831.6342857142856,1692.2816,1275.4032323232325,61.2211717950262,60.62689962640548,43.43348849725821,17.193411129147265,1017629.6187745,0.1440271992549546
2021-03-16 00:00:00,1615852800000,1793.99,1819.5,1711.68,1805.12,764993.40147,1822.292857142857,1686.2864,1287.6642424242425,67.20793963112715,58.83638015611314,46.5140668290292,12.32231332708394,986659.8479845,0.1727422152634758
2021-03-17 00:00:00,1615939200000,1805.01,1838.88,1741.18,1823.58,658349.44843,1826.3585714285712,1682.7096,1300.478787878788,64.83368694422222,58.23564404513058,48.85838227224947,9.377261772881113,967943.7807015,0.1932003323932971
2021-03-18 00:00:00,1616025600000,1823.58,1850.0,1759.04,1776.08,603721.61056,1819.258571428572,1676.4116,1312.630202020202,63.43341992127681,53.31215399755001,49.74913661730959,3.5630173802404244,930331.1965405,0.0761838397915593
2021-03-19 00:00:00,1616112000000,1775.92,1840.61,1733.47,1809.1,500258.42875,1825.4014285714288,1677.6724,1325.2575757575758,65.53609171489592,51.48124693465888,50.09555868077945,1.3856882538794366,908972.965603,0.0480488483107011
2021-03-20 00:00:00,1616198400000,1809.01,1868.83,1800.86,1806.1,451556.10639,1808.7942857142857,1686.8008,1338.0017171717172,59.925060219466495,49.22077847302444,49.92060263922845,-0.6998241662040101,861040.3927805001,-0.0147721445793649
2021-03-21 00:00:00,1616284800000,1806.57,1817.16,1747.0,1782.98,465953.98749,1799.4914285714283,1693.1844,1350.2738383838382,53.88146569390933,45.04450513729307,48.94538313884137,-3.9008780015483,829603.3332355,-0.0467947244334432
2021-03-22 00:00:00,1616371200000,1783.23,1807.51,1655.15,1680.97,582727.49081,1783.418571428571,1701.1532,1361.2866666666666,39.53062880882615,33.12161856214993,45.78063022350308,-12.659011661353148,805682.5884045,-0.0635890636837648
2021-03-23 00:00:00,1616457600000,1681.17,1721.17,1650.0,1668.08,577213.99589,1763.8414285714284,1710.0928,1372.2138383838385,35.59196572193197,22.37460921054617,41.0994260209117,-18.72481681036553,781800.9724635,-0.086374042874826
2021-03-24 00:00:00,1616544000000,1668.2,1740.86,1536.92,1581.84,753834.52393,1729.3071428571427,1715.0412,1382.2461616161615,35.050607003672866,6.82006217768776,34.24355325226691,-27.42349107457916,772174.415116,-0.1043315780533378
2021-03-25 00:00:00,1616630400000,1581.88,1622.0,1549.4,1585.74,701697.00258,1702.115714285714,1721.7035999999998,1391.8275757575757,32.51915290279355,-5.133159140679027,26.368210773677728,-31.501369914356754,761719.9507569999,-0.1751033890810726
2021-03-26 00:00:00,1616716800000,1585.83,1699.93,1585.79,1698.84,515470.92907,1686.3642857142856,1726.8627999999997,1402.4956565656566,45.45540540540541,-5.417498815858835,20.01106885577041,-25.428567671629253,736828.4502465,-0.080764027920567
2021-03-27 00:00:00,1616803200000,1698.84,1732.67,1666.41,1712.63,443845.49957,1673.0114285714285,1735.8968,1413.190404040404,32.451384007765185,-4.478477207343076,15.11315964314772,-19.5916368504908,716597.186157,-0.0450799562861029
2021-03-28 00:00:00,1616889600000,1712.52,1725.66,1661.4,1687.01,348895.51314,1659.3014285714287,1740.6696000000002,1423.5841414141416,35.32637408682663,-5.735500423379563,10.943427629842263,-16.678928053221828,676556.3918205,-0.065430553093423
2021-03-29 00:00:00,1616976000000,1687.16,1841.0,1677.85,1816.74,647724.46387,1678.697142857143,1751.77,1435.4887878787877,51.86372231659242,3.693846064607442,9.4935113167953,-5.799665252187859,666081.1410865,-0.003750863685717
2021-03-30 00:00:00,1617062400000,1816.76,1859.13,1786.3,1840.46,568842.00526,1703.3228571428572,1764.256,1447.942121212121,52.77786511554788,12.931609312294086,10.181130915895055,2.7504783963990285,647661.709934,0.036248367190667
2021-03-31 00:00:00,1617148800000,1840.41,1947.29,1768.15,1919.37,746995.8591,1751.5414285714287,1775.0168000000003,1460.9009090909087,56.87603187136601,26.316619158062394,13.408228564328525,12.90839059373387,639560.928084,0.0609529600353766
2021-04-01 00:00:00,1617235200000,1919.37,1984.77,1885.02,1968.05,741585.07266,1806.1571428571428,1784.6924,1474.8654545454544,63.756754045261054,40.38685058528176,18.803952968519173,21.58289761676259,633161.9499120001,0.0896683461602347
2021-04-02 00:00:00,1617321600000,1968.05,2146.0,1948.48,2133.69,846197.93215,1868.278571428572,1796.7128,1490.2329292929292,69.54537243331126,64.1637344603364,27.87590926688262,36.28782519345378,629157.6851985,0.1966987851798673
2021-04-03 00:00:00,1617408000000,2133.69,2138.12,1996.3,2008.52,770176.32192,1910.548571428572,1802.2332,1504.1894949494947,60.62549867719313,72.07606530876592,36.71594047525928,35.36012483350664,635768.319481,0.1948577309529615
2021-04-04 00:00:00,1617494400000,2008.59,2091.83,1975.24,2075.69,514345.76554,1966.0742857142857,1813.456,1518.7172727272728,64.68587254282187,82.81209585601096,45.93517155140962,36.87692430460134,610219.267929,0.2443587837513789
2021-04-05 00:00:00,1617580800000,2075.7,2130.64,2002.15,2107.38,684923.61494,2007.5942857142857,1824.72,1533.0836363636363,73.01808367071524,92.8077654203082,55.30969032518934,37.49807509511888,606215.7786025,0.332233348505538
2021-04-06 00:00:00,1617667200000,2107.43,2151.0,2044.65,2112.21,673386.05575,2046.4157142857143,1838.5644,1547.041212121212,74.18508151907557,99.96679125649187,64.24111051144985,35.72568074504204,606967.6089684999,0.3320027242801469
2021-04-07 00:00:00,1617753600000,2112.22,2129.01,1930.01,1963.47,892984.90422,2052.7157142857145,1840.2092,1559.4803030303028,69.45721889689912,92.57119279473864,69.9071269681076,22.66406582663103,621430.7736515,0.1557709966800877
2021-04-08 00:00:00,1617840000000,1963.46,2084.61,1947.35,2080.46,501355.998,2068.774285714286,1849.5036,1572.8973737373738,72.61515112728335,95.05451374014864,74.93660432251582,20.11790941763283,621485.6521139999,0.2147749367931193
2021-04-09 00:00:00,1617926400000,2080.39,2100.0,2047.57,2066.87,426387.4379,2059.228571428572,1860.4392,1586.3362626262626,68.50754825148097,94.8327906775478,78.91584159352222,15.916949084025577,620227.2186895,0.2251676042228558
2021-04-10 00:00:00,1618012800000,2067.19,2200.0,2058.0,2133.49,655458.20894,2077.0814285714287,1873.574,1600.5239393939394,70.09645688090916,98.89277641850094,82.91122855851796,15.981547859982982,629702.429762,0.1743507601528011
2021-04-11 00:00:00,1618099200000,2133.49,2165.02,2113.4,2151.36,392265.50773,2087.8914285714286,1886.6852,1614.43101010101,72.33848078125752,102.37222078627384,86.80342700406914,15.568793782204692,620179.3306079999,0.1689251600143442
2021-04-12 00:00:00,1618185600000,2151.42,2203.46,2102.0,2137.69,579093.35694,2092.2214285714285,1901.1496,1626.142222222222,67.38077960337488,102.84116186317488,90.0109739758903,12.83018788728458,620273.2986605001,0.11374565612675
2021-04-13 00:00:00,1618272000000,2137.86,2318.0,2135.53,2299.19,782608.6209,2118.9328571428573,1920.7532,1638.846868686869,71.61638723175662,114.91977767142316,94.99273471499689,19.92704295642629,621712.0035090001,0.1682579202764158
2021-04-14 00:00:00,1618358400000,2299.19,2447.29,2281.33,2432.6,972931.60866,2185.951428571429,1945.8132,1652.3119191919193,73.00303880527441,133.71584672151585,102.73735711630069,30.978489605215174,635273.733813,0.1400906410959417
2021-04-15 00:00:00,1618444800000,2432.59,2543.47,2400.0,2514.04,681950.96645,2247.8914285714286,1975.0556,1665.5,73.77321849990855,153.41492251037448,112.87287019511544,40.54205231525904,643597.735682,0.2516878099296995
2021-04-16 00:00:00,1618531200000,2514.04,2548.29,2300.0,2422.67,999163.75205,2298.7200000000003,2004.7236,1677.59898989899,63.452693518053,159.81157821377838,122.26061179884805,37.55096641493034,671363.6483059999,0.167163690146409
2021-04-17 00:00:00,1618617600000,2422.38,2495.0,2310.0,2317.6,624232.25568,2325.0214285714287,2030.7044,1688.7168686868688,64.66279555201335,154.6203360644363,128.7325566519657,25.8877794124706,685130.4854329999,0.0997541971547608
2021-04-18 00:00:00,1618704000000,2317.65,2340.0,1946.8,2235.64,1475383.69204,2337.0614285714287,2056.8564,1698.4102020202022,57.483040935672506,142.25294878430304,131.43663507843317,10.816313705869874,726513.4468415,0.0584364244085577
2021-04-19 00:00:00,1618790400000,2235.65,2300.0,2080.0,2161.12,820592.26555,2340.408571428572,2079.8716,1707.570505050505,52.41727990787886,124.9976687353742,130.1488418098214,-5.1511730744472,739100.959856,0.1006636210382638
2021-04-20 00:00:00,1618876800000,2161.12,2346.62,2055.0,2330.03,992240.809,2344.8142857142857,2105.1192,1720.1262626262626,58.53754135114372,123.52840181686452,128.82475381123004,-5.296351994365523,751363.207351,0.1199590475183374
2021-04-21 00:00:00,1618963200000,2330.26,2469.54,2235.16,2357.06,1177885.8617,2334.022857142857,2130.8964,1733.3272727272729,67.05403180380432,123.1257750081536,127.68495805061475,-4.559183042461157,773178.246803,0.140400702511527
2021-04-22 00:00:00,1619049600000,2357.06,2644.47,2303.44,2397.94,2220753.09746,2317.4371428571426,2159.3336,1746.1358585858586,64.72760335485786,124.66826653969748,127.08161974843132,-2.413353208733838,841906.0050685,0.1239518347871329
2021-04-23 00:00:00,1619136000000,2397.94,2442.89,2107.0,2367.39,2532242.44185,2309.54,2181.3596,1757.6082828282829,63.72488125685056,122.0190132776338,126.0690984542718,-4.050085176638007,930009.311065,0.1004155510932618
2021-04-24 00:00:00,1619222400000,2367.39,2368.74,2154.8,2213.35,997688.94623,2294.647142857143,2196.2752,1768.1620202020204,53.37754394275177,106.26476626857992,122.10823201713345,-15.843465748553513,954176.4700995,0.0353933451529453
2021-04-25 00:00:00,1619308800000,2214.08,2356.64,2168.0,2320.49,857517.38218,2306.7685714285712,2212.32,1779.1989898989898,56.65085844167079,101.25748138947984,117.93808189160274,-16.6806005021229,962806.1584615002,0.0092641321508877
2021-04-26 00:00:00,1619395200000,2320.44,2542.8,2303.64,2532.6,1076469.01367,2359.837142857143,2234.902,1792.3318181818183,63.43295258957909,113.10091937435028,116.97064938815224,-3.86973001380197,982960.3063575,0.0411082792074324
2021-04-27 00:00:00,1619481600000,2532.06,2680.0,2480.29,2666.13,771728.46451,2407.8514285714286,2256.1996,1806.550808080808,62.723653915503895,131.7430326744702,119.92512604541584,11.817906629054376,976897.484372,0.0604962530429111
2021-04-28 00:00:00,1619568000000,2666.13,2760.0,2559.44,2748.24,999383.1852,2463.7342857142858,2285.7884,1820.5192929292928,61.348568305696574,151.39741736630822,126.21958430959432,25.177833056713894,1001798.843732,0.1343847903346307
2021-04-29 00:00:00,1619654400000,2748.23,2798.0,2668.0,2757.04,863890.01069,2515.034285714285,2313.0424,1834.459191919192,59.21837301406656,165.77281941984074,134.1302313316436,31.64258808819713,1023673.9723715,0.1896099413186054
2021-04-30 00:00:00,1619740800000,2757.04,2798.3,2723.09,2772.42,695339.20482,2572.8957142857143,2339.644,1851.2416161616163,64.07977263029073,176.373344454149,142.5788539561447,33.79449049800428,1025668.0221655,0.2401012685405523
2021-05-01 00:00:00,1619827200000,2772.42,2954.28,2743.41,2944.77,690260.07741,2677.3842857142854,2372.9464,1868.5360606060608,73.95040135643964,196.4173644160237,153.34655604812053,43.07080836790317,1040567.7506495,0.3626129044199304
2021-05-02 00:00:00,1619913600000,2944.83,2985.0,2852.26,2949.56,571982.5445,2767.2514285714287,2412.39,1885.8689898989896,78.97073384517992,210.2651023985068,164.73026531819778,45.53483708030899,1040212.2100275,0.2658892803955313
2021-05-03 00:00:00,1620000000000,2949.33,3454.0,2949.32,3431.04,1329088.0628,2895.5999999999995,2466.4132,1906.460202020202,88.73833201146971,257.1269472292438,183.209601700407,73.91734552883679,1067536.1821225,0.4556438953611703
2021-05-04 00:00:00,1620086400000,3431.04,3527.0,3160.0,3239.01,1826039.38558,2977.44,2513.2988,1925.865555555556,77.34234938816763,275.5932137236477,201.6863241050552,73.90688961859257,1110191.5709685,0.3507468910815117
2021-05-05 00:00:00,1620172800000,3239.01,3549.34,3200.23,3524.26,1174816.73588,3088.3,2568.9296000000004,1947.6664646464644,80.388869217471,309.67540868395145,223.28414102083445,86.39126766311699,1134834.85944,0.4886689561077812
2021-05-06 00:00:00,1620259200000,3524.33,3605.4,3376.47,3489.73,920592.57706,3192.9700000000003,2622.4644,1970.400808080808,78.519818817297,330.0943886820937,244.6461905530863,85.44819812900741,1130906.3006904998,0.5766733684234306
2021-05-07 00:00:00,1620345600000,3489.74,3587.0,3353.23,3479.53,760544.64781,3293.9857142857145,2676.138,1992.1163636363635,79.36358739848133,341.51673040505784,264.0202985234806,77.49643188157722,1137721.920297,0.4994807131252452
2021-05-08 00:00:00,1620432000000,3479.79,3958.33,3449.27,3910.26,1130467.54852,3431.912857142857,2740.5808,2017.679595959596,89.09156250143982,380.9341579041893,287.4030703996224,93.53108750456693,1120476.113121,0.5439706230751009
2021-05-09 00:00:00,1620518400000,3910.26,3983.65,3726.08,3923.95,1000401.0082,3571.1114285714284,2800.2348,2043.3957575757568,88.6007568681451,408.56770756414426,311.63599783252675,96.9317097316175,1129466.5502535,0.4717774452108485
2021-05-10 00:00:00,1620604800000,3923.95,4208.0,3650.0,3945.88,1505897.92612,3644.66,2857.5084,2069.9950505050506,87.45177019291924,427.3112839921532,334.77105506445207,92.54022892770116,1155149.4061095002,0.4357843565336361
2021-05-11 00:00:00,1620691200000,3946.63,4180.22,3771.64,4173.45,1095927.10403,3778.151428571429,2927.5396,2098.270606060606,88.04749500212031,455.2805101509389,358.87294608174943,96.40756406918943,1151051.468226,0.5137429997388503
2021-05-12 00:00:00,1620777600000,4173.46,4372.72,3701.58,3823.21,1601842.74017,3820.858571428572,2987.764,2121.6174747474747,73.89916272782654,444.0659664274695,375.9115501508935,68.15441627657594,1120105.9503615,0.3790154449902971
2021-05-13 00:00:00,1620864000000,3810.15,4034.77,3500.0,3717.91,2068708.17427,3853.4557142857134,3047.0548,2142.359090909092,70.48352782171591,421.8190621834124,385.0930525573973,36.72600962601507,1096929.2369825,0.2625468202949637
2021-05-14 00:00:00,1620950400000,3717.92,4173.28,3691.35,4075.01,1153390.42631,3938.524285714285,3123.6104,2167.402929292929,74.23702827116803,428.06870629780224,393.68818330547833,34.380522992323904,1104714.3109865,0.3815653860236783
2021-05-15 00:00:00,1621036800000,4075.02,4134.05,3632.0,3646.68,1039174.88082,3900.87,3176.2764,2186.872525252525,61.9243876500508,393.9181003327476,393.7341667109322,0.1839336218153562,1113797.1859185,0.0628497481813095
2021-05-16 00:00:00,1621123200000,3646.24,3879.0,3343.06,3582.1,1324065.65875,3852.034285714286,3225.278,2206.122525252525,60.531941817406825,357.5211514959356,386.4915636679329,-28.97041217199734,1126177.0181725002,0.1059243410795272
2021-05-17 00:00:00,1621209600000,3581.81,3587.06,3102.0,3282.51,1904012.43998,3757.267142857144,3260.6608,2223.000202020202,47.36748822255386,301.0317909942064,369.3996091331876,-68.36781813898119,1182791.216946,-0.068595960570446
2021-05-18 00:00:00,1621296000000,3282.25,3565.71,3240.0,3375.07,1287110.84143,3643.212857142857,3300.968,2239.413535353536,52.49963256907701,260.7268870000398,347.6650647065581,-86.93817770651827,1197177.5997575,-0.0328564100947637
2021-05-19 00:00:00,1621382400000,3375.08,3441.73,1888.0,2438.92,4309836.31939,3445.457142857143,3309.9908,2246.179090909091,33.908969607116376,151.4990917111627,308.431870107479,-156.93277839631634,1369474.9151925002,-0.2990662532008633
2021-05-20 00:00:00,1621468800000,2438.92,2990.05,2155.0,2768.62,2942777.9301,3309.844285714286,3327.916,2256.561313131313,40.169371835525,90.49612854510632,264.8447217950045,-174.34859324989816,1481846.8514565,-0.2919601254136554
2021-05-21 00:00:00,1621555200000,2767.87,2938.54,2101.0,2430.98,2727031.93514,3074.982857142857,3323.8512,2263.080101010101,36.877082233029874,14.736244257795532,214.8230262875627,-200.0867820297672,1583685.444343,-0.3804763057633251
2021-05-22 00:00:00,1621641600000,2430.98,2485.0,2145.0,2294.87,1684318.01157,2881.867142857143,3309.0008,2267.672121212121,28.173295968912228,-55.64550262551393,160.7293205049474,-216.37482313046127,1639302.2176965,-0.4184136365018703
2021-05-23 00:00:00,1621728000000,2295.45,2381.57,1728.74,2096.39,2914548.73125,2669.6228571428574,3282.9268,2270.5148484848487,26.480974344191424,-125.9869225184143,103.38607190027506,-229.37299441868936,1718575.2511189997,-0.4976841701709616
2021-05-24 00:00:00,1621814400000,2096.63,2675.0,2079.94,2648.43,2186632.92245,2579.04,3278.5824,2279.080606060606,35.30763986873187,-135.6245942576561,55.58393866868883,-191.20853292634493,1736604.9279625,-0.3072758231956916
2021-05-25 00:00:00,1621900800000,2647.92,2750.0,2378.54,2705.11,2115349.50445,2483.3314285714287,3275.89,2288.432727272728,32.70302744728474,-137.10841577121982,17.0454677807071,-154.15388355192692,1783631.5663909998,-0.2724111126950356
2021-05-26 00:00:00,1621987200000,2705.1,2910.0,2643.0,2884.94,1583799.59251,2547.0485714285714,3273.4968000000003,2299.5736363636365,38.48491319533933,-122.36305182006664,-10.836236139447648,-111.52681568061898,1816791.9171635,-0.2920410011263776
2021-05-27 00:00:00,1622073600000,2884.82,2889.74,2633.68,2742.23,1099029.91206,2543.2785714285715,3265.2036,2308.5872727272726,38.134744010701695,-120.80023901708228,-32.82903671497458,-87.9712023021077,1833716.180376,-0.2480201169282744
2021-05-28 00:00:00,1622160000000,2742.23,2762.45,2327.38,2412.1,1554584.61362,2540.5814285714287,3224.446,2313.359898989899,29.64380234690404,-144.53432882651532,-55.17009513728273,-89.36423368923259,1854922.033631,-0.3266240473465286
2021-05-29 00:00:00,1622246400000,2412.34,2574.27,2204.1,2278.74,1379427.18851,2538.2771428571427,3186.0352000000003,2316.63,31.951202778158944,-172.12070313502818,-78.56021673683182,-93.56048639819636,1873873.3426465,-0.3057934324647907
2021-05-30 00:00:00,1622332800000,2278.74,2476.42,2180.53,2385.98,1151113.19883,2579.6471428571426,3140.5039999999995,2321.407575757576,34.3939022289952,-183.21771203047228,-99.49171579555993,-83.72599623491237,1856134.106282,-0.2930576254714717
2021-05-31 00:00:00,1622419200000,2385.82,2720.0,2271.44,2706.15,1307958.04068,2587.8928571428573,3109.1608,2329.211818181818,42.5202450166113,-164.28337185419105,-112.45004700728614,-51.8333248469049,1866735.6531145,0.1095689895527529
2021-06-01 00:00:00,1622505600000,2706.15,2740.0,2523.74,2634.57,1179577.10806,2577.815714285714,3075.3624,2337.868282828282,40.33748975682574,-153.28668514224182,-120.61737463427728,-32.66931050796454,1845622.371509,-0.0484176232202323
2021-06-02 00:00:00,1622592000000,2634.31,2802.99,2550.0,2706.22,970070.53563,2552.284285714286,3027.2008,2349.265555555556,54.50406427348584,-137.20852107855217,-123.93560392313226,-13.272917155419904,1790690.4895770005,0.1132218282338808
2021-06-03 00:00:00,1622678400000,2706.21,2891.95,2662.4,2857.25,1024290.89423,2568.715714285714,2984.5327999999995,2361.728787878788,51.58912018360139,-111.00006181408298,-121.3484955013224,10.34843368723942,1784235.512973,0.2450596330075343
2021-06-04 00:00:00,1622764800000,2857.25,2860.0,2552.0,2689.51,1188314.11191,2608.3457142857146,2934.278,2373.928383838384,54.93613365155131,-102.58237934973704,-117.59527227100534,15.012892921268303,1791692.4745275,0.2829244558502952
2021-06-05 00:00:00,1622851200000,2689.54,2816.87,2552.23,2627.73,961824.12413,2658.201428571429,2872.4492,2385.8792929292927,56.54097986967561,-99.74661811015312,-114.02554143883488,14.27892332868177,1773580.3977965,-0.0078159513372072
2021-06-06 00:00:00,1622937600000,2627.63,2745.0,2614.0,2711.92,673792.69369,2704.764285714285,2827.9976,2398.543838383838,62.66454881014596,-89.6721428585115,-109.15486172277022,19.482718864258715,1712069.410482,0.0025174577004261
2021-06-07 00:00:00,1623024000000,2711.92,2847.55,2570.0,2592.05,1152128.07856,2688.464285714286,2782.9632,2410.39101010101,48.589060842058906,-90.31940990798284,-105.38777135981276,15.0683614518299,1705320.2723384998,-0.101523775191165
2021-06-08 00:00:00,1623110400000,2592.05,2620.99,2304.91,2507.23,1693747.42759,2670.272857142857,2720.252,2419.859393939394,45.11672671635161,-96.56351474836084,-103.62292003752238,7.059405289161546,1574515.8277485005,-0.0856966775215791
2021-06-09 00:00:00,1623196800000,2507.43,2626.63,2405.28,2610.18,1276718.24011,2656.552857142857,2678.792,2431.2068686868683,42.95205261591816,-92.14264515323477,-101.32686506066486,9.184219907430103,1491212.843249,0.0821193151196053
2021-06-10 00:00:00,1623283200000,2610.2,2624.46,2425.11,2471.09,741237.49926,2601.387142857143,2634.3516,2440.3321212121214,43.03196957236842,-98.72444082482208,-100.80638021349633,2.081939388674243,1391923.121455,0.0844106830967992
2021-06-11 00:00:00,1623369600000,2471.01,2497.99,2321.37,2354.01,587364.27358,2553.458571428572,2597.2116,2448.5622222222223,48.323569305359165,-112.0957685923072,-103.0642578892585,-9.031510703048696,1337075.4345555,-0.0133991064468268
2021-06-12 00:00:00,1623456000000,2354.09,2454.53,2256.22,2370.74,767439.4984,2516.7457142857143,2557.0384,2457.071616161616,52.84667557799891,-119.95984854013932,-106.44337601943468,-13.516472520704651,1229719.972913,-0.1239436099255401
2021-06-13 00:00:00,1623542400000,2370.64,2548.41,2308.41,2509.33,715948.75986,2487.804285714286,2559.8548,2465.748181818182,53.74407352771555,-113.6984884019439,-107.89439849593651,-5.804089906007377,1156185.7647835002,-0.0475371692534266
2021-06-14 00:00:00,1623628800000,2509.33,2609.17,2461.0,2580.77,684183.55622,2486.192857142857,2552.3408,2474.380606060606,45.51746821685472,-101.7982377135918,-106.6751663394676,4.876928625875806,1084627.467372,-0.046356172077658
2021-06-15 00:00:00,1623715200000,2580.58,2640.0,2507.7,2543.54,599826.64933,2491.38,2556.8432000000003,2481.55595959596,46.663587916639166,-94.2845001348137,-104.19703309853682,9.912532963723123,1035428.820213,-0.1097943827106483
2021-06-16 00:00:00,1623801600000,2543.55,2556.19,2351.18,2367.89,624741.78358,2456.7671428571425,2559.764,2486.58,38.47798990593861,-101.33516727241158,-103.62465993331178,2.289492660900194,1011714.413789,-0.1195831210889717
2021-06-17 00:00:00,1623888000000,2368.02,2460.5,2306.0,2373.28,560667.58566,2442.7942857142857,2570.8396,2492.42,31.703149219311182,-105.2744060010432,-103.95460914685806,-1.3197968541851282,962018.562391,-0.0968326274008364
2021-06-18 00:00:00,1623974400000,2373.28,2378.0,2139.0,2234.09,778905.20197,2425.662857142857,2554.266,2496.544343434344,32.40262751159196,-118.26447160323504,-106.81658163813346,-11.447889965101597,931992.4630639998,-0.1761962004778902
2021-06-19 00:00:00,1624060800000,2234.09,2278.82,2161.67,2164.67,496872.24997,2396.224285714285,2532.6484,2500.570303030303,32.212439691466145,-132.63190793995818,-111.9796468984984,-20.65226104145978,899280.415621,-0.1648810786828958
2021-06-20 00:00:00,1624147200000,2165.34,2280.01,2040.68,2243.47,743883.64741,2358.244285714285,2506.9896000000003,2503.813939393939,31.930568948891025,-136.0909317600126,-116.80190387080124,-19.28902788921137,871076.6959574999,-0.1051997622874647
2021-06-21 00:00:00,1624233600000,2243.49,2260.16,1865.54,1885.49,1629819.66576,2258.918571428572,2472.72,2504.1916161616164,26.9754164602831,-165.80690846506923,-126.60290478965484,-39.204003675414384,893588.8238425,-0.2776398562551241
2021-06-22 00:00:00,1624320000000,1885.27,1998.0,1700.48,1879.28,1695338.08052,2164.0242857142853,2451.4072,2505.0582828282827,28.43207968401167,-187.6945037927908,-138.82122459028204,-48.87327920250874,929852.201087,-0.2394935028671558
2021-06-23 00:00:00,1624406400000,1879.29,2045.0,1821.95,1968.14,918612.30494,2106.917142857143,2438.9832,2506.7049494949497,27.732613792433725,-195.6153889778402,-150.1800574677937,-45.43533151004653,924568.2716225,-0.163920289208627
2021-06-24 00:00:00,1624492800000,1967.95,2036.61,1884.79,1989.52,701231.67478,2052.094285714286,2423.1248,2508.381111111111,31.81313493711997,-197.88644843646443,-159.72133566152786,-38.165112774936574,900214.149766,-0.1608021124205944
2021-06-25 00:00:00,1624579200000,1989.53,2019.99,1791.22,1808.82,858808.54767,1991.3414285714284,2387.2316,2508.711818181818,30.354504637603853,-211.82546711844725,-170.14216195291175,-41.6833051655355,895063.370943,-0.2791621667935265
2021-06-26 00:00:00,1624665600000,1808.97,1852.8,1717.32,1829.64,832315.14904,1943.48,2355.0344,2508.9192929292926,30.559188307488924,-218.6715305630956,-179.8480356749485,-38.82349488814703,902989.4937105,-0.2910487955145169
2021-06-27 00:00:00,1624752000000,1829.84,1984.5,1804.26,1982.28,696055.79307,1906.1671428571428,2326.0768,2510.698888888889,31.25324569078971,-209.36686197342533,-185.75180093464388,-23.615061038781448,880185.879436,-0.2206609685713612
2021-06-28 00:00:00,1624838400000,1982.27,2145.0,1960.52,2084.41,1044244.68308,1934.5842857142857,2295.1632,2513.743636363636,32.722082985240874,-191.54380980803217,-186.9102027093216,-4.633607098710627,847710.7422105,-0.1197183990810384
2021-06-29 00:00:00,1624924800000,2084.42,2245.0,2073.57,2165.33,831257.23277,1975.4485714285715,2274.196,2518.6361616161616,37.22341208980535,-168.94188791425677,-183.3165397503085,14.374651836051813,825437.6918435,-0.0876213510415965
2021-06-30 00:00:00,1625011200000,2165.46,2287.78,2087.99,2275.68,910583.6032,2019.382857142857,2260.114,2524.7735353535354,46.74121247676334,-140.50571676768914,-174.75437515378468,34.24865838609554,833904.9970405,0.0186160808203785
2021-07-01 00:00:00,1625097600000,2275.68,2275.93,2073.12,2106.41,787865.25137,2036.0814285714284,2235.8936,2530.072222222222,41.54763186733135,-130.12848049311106,-165.82919622164997,35.70071572853891,843930.04593,-0.0269140330858745
2021-07-02 00:00:00,1625184000000,2106.41,2160.0,2018.5,2154.13,672282.37476,2085.4114285714286,2218.3768,2535.813535353536,47.311726734803656,-116.70849787920406,-156.00505655316078,39.29655867395672,839172.189748,-0.0398222396555334
2021-07-03 00:00:00,1625270400000,2153.95,2240.0,2112.01,2226.99,569264.801,2142.175714285714,2207.1672,2541.148383838384,52.090377287608,-99.0520613825056,-144.61445751902974,45.56239613652414,831837.991805,0.1811200271547448
2021-07-04 00:00:00,1625356800000,2226.99,2389.93,2189.58,2322.69,590656.25069,2190.805714285714,2195.6676,2547.310606060606,52.62745930456241,-76.45568451036252,-130.9827029172963,54.52701840693379,827161.6265285,0.2359467455621302
2021-07-05 00:00:00,1625443200000,2322.69,2324.64,2157.32,2196.53,781806.31605,2206.8228571428567,2184.6852,2552.4572727272725,62.19076286332425,-67.94472616882194,-118.37510756760145,50.4303813987795,836260.6098645,0.1160435741359862
2021-07-06 00:00:00,1625529600000,2196.85,2350.0,2193.0,2322.5,785330.17152,2229.2757142857145,2183.4248,2557.56595959596,65.88055722762061,-50.4534086514459,-104.79076778437036,54.33735913292445,844290.0292615,0.1673670030962242
2021-07-07 00:00:00,1625616000000,2322.51,2409.0,2291.9,2316.57,666501.35572,2235.117142857143,2181.258,2562.375151515152,63.27301817073636,-36.64746576858488,-91.16210738121326,54.51464161262838,849581.7177645,0.2807078647958339
2021-07-08 00:00:00,1625702400000,2316.25,2325.6,2084.79,2116.33,880265.04124,2236.534285714285,2165.538,2564.3646464646467,54.25134604166527,-41.38677016784095,-81.2070399385388,39.82026977069785,854649.709728,0.1566920268468112
2021-07-09 00:00:00,1625788800000,2116.32,2189.4,2046.51,2146.99,738611.36304,2235.514285714286,2148.1868,2566.172121212121,62.605395975756124,-42.18244432489018,-73.40212081580907,31.21967649091889,866736.6653814999,0.0830911879250155
2021-07-10 00:00:00,1625875200000,2146.99,2194.82,2074.16,2110.69,499071.85904,2218.9,2130.8728,2565.9397979797977,60.35670855289826,-45.22085063796385,-67.76586678024003,22.545016142276182,854496.0759630001,0.012607884245422
2021-07-11 00:00:00,1625961600000,2110.68,2174.0,2081.02,2140.45,342294.40302,2192.865714285714,2121.7752,2567.272424242424,56.408988873311344,-44.71201398139237,-63.1550962204705,18.443082239078123,790119.812826,-0.0114901654713138
2021-07-12 00:00:00,1626048000000,2140.54,2167.83,2006.68,2031.58,540630.10742,2169.3014285714285,2108.1072,2566.8268686868687,47.870977101820735,-52.48860048713914,-61.02179707380423,8.533196586665092,732384.414171,-0.1072646417774028
2021-07-13 00:00:00,1626134400000,2031.57,2047.35,1918.0,1940.15,647388.24969,2114.68,2096.3496,2565.137676767677,41.001582455523405,-65.27676825674553,-61.87279131039249,-3.4039769463530334,718823.2114085,-0.0789305026087038
2021-07-14 00:00:00,1626220800000,1940.44,2019.18,1865.0,1994.58,690505.60937,2068.681428571429,2089.546,2563.949494949495,38.24144566217686,-70.2100989223145,-63.5402528327769,-6.6698460895376,718286.908138,-0.0740670247385255
2021-07-15 00:00:00,1626307200000,1994.41,2042.88,1881.0,1919.51,645271.32563,2040.5642857142848,2076.5876,2563.5054545454545,41.51303242212333,-79.26361897172274,-66.68492606056607,-12.578692911156663,707610.0470360001,-0.1380697713056636
2021-07-16 00:00:00,1626393600000,1919.54,1965.0,1850.0,1876.26,577068.89724,2001.888571428572,2076.2184,2561.4428282828285,37.33073142263113,-88.90368603069828,-71.12867805459251,-17.77500797610577,694847.7344460001,-0.1922038670679255
2021-07-17 00:00:00,1626480000000,1876.47,1919.19,1844.45,1899.59,430300.51578,1971.7314285714283,2077.0308,2559.7531313131312,34.366345143730285,-93.58221508225232,-75.61938546012448,-17.962829622127856,681559.9705815001,-0.1351859523885402
2021-07-18 00:00:00,1626566400000,1899.5,1993.79,1877.1,1891.64,534837.63654,1936.1871428571428,2073.9708,2557.310202020202,27.5342679939542,-96.81545334107932,-79.85859903631545,-16.956854304763866,656089.6182545,-0.1855156081808395
2021-07-19 00:00:00,1626652800000,1891.65,1919.0,1805.0,1818.73,547419.93771,1905.78,2067.1392,2553.950303030303,29.15241143361655,-104.0614895456756,-84.6991771381875,-19.36231240748812,641897.7535015,-0.2149039312431742
2021-07-20 00:00:00,1626739200000,1818.73,1841.34,1706.0,1786.03,786257.272,1883.7628571428568,2066.2276,2550.398181818182,16.999864670349226,-111.16124452596388,-89.99159061574278,-21.169653910221086,635681.4369415,-0.1560720681557224
2021-07-21 00:00:00,1626825600000,1786.03,2035.23,1747.55,1995.5,1115949.82033,1883.8942857142856,2072.862,2547.330606060606,34.205063116778305,-98.74707826236111,-91.74268814506644,-7.004390117294676,652085.6653895,-0.0705592480635679
2021-07-22 00:00:00,1626912000000,1995.5,2046.0,1947.62,2024.56,768854.3659,1898.9014285714288,2074.5532,2543.20898989899,44.57104319738756,-85.57738015540872,-90.5096265471349,4.932246391726181,656914.2649465001,-0.0408065608876718
2021-07-23 00:00:00,1626998400000,2024.27,2130.9,1993.22,2124.25,708160.91322,1934.328571428572,2076.1468,2539.271717171717,48.75631686027434,-66.33152118095427,-85.67400547389877,19.342484292944505,663859.0705575,-0.0075685019505243
2021-07-24 00:00:00,1627084800000,2124.26,2199.5,2105.58,2184.75,633075.18592,1975.0657142857144,2076.9236,2536.868484848485,53.94599433089661,-45.67073114477535,-77.6733506080741,32.00261946329876,665980.017319,0.0753945205209738
2021-07-25 00:00:00,1627171200000,2184.9,2197.41,2105.93,2189.79,535630.27,2017.658571428572,2073.488,2535.5774747474748,52.70001094451134,-28.560987029310127,-67.85087789232131,39.28989086301118,653671.2150164999,0.1286704636239466
2021-07-26 00:00:00,1627257600000,2189.82,2433.65,2171.57,2228.08,1393738.163,2076.137142857143,2078.3548,2535.501111111111,61.653145459721046,-11.775962585235447,-56.635894830904135,44.85993224566869,684091.6145905,0.1170672522536073
2021-07-27 00:00:00,1627344000000,2227.81,2319.26,2150.5,2299.49,906359.23478,2149.4885714285715,2084.1692,2536.8987878787875,71.82845340784837,7.205420812090779,-43.867631702305154,51.07305251439593,696084.5085435,0.1979567702173992
2021-07-28 00:00:00,1627430400000,2299.47,2345.0,2243.15,2300.9,718202.57727,2193.117142857143,2087.1256,2536.6045454545456,69.88884271763973,22.10724061555584,-30.67265723873296,52.77989785428879,687981.385345,0.2263225778943216
2021-07-29 00:00:00,1627516800000,2300.9,2400.0,2266.12,2382.92,499364.83496,2244.3114285714287,2089.5348,2536.865757575757,79.81931199567585,40.07342717820711,-16.52344035534494,56.59686753355205,676019.058941,0.254439115809201
2021-07-30 00:00:00,1627603200000,2382.93,2471.7,2315.92,2461.81,762577.28797,2292.534285714286,2100.146,2537.510909090909,86.0263083416393,59.98604141187161,-1.221544001901627,61.20758541377324,689194.3303874999,0.3014157027764266
2021-07-31 00:00:00,1627689600000,2461.77,2553.86,2420.68,2531.05,507601.05026,2342.0057142857145,2108.488,2539.1640404040404,86.77350974865476,80.42690964153098,15.108146726784897,65.31876291474609,697459.6627494999,0.3916579151385857
2021-08-01 00:00:00,1627776000000,2531.1,2697.61,2511.24,2555.69,853495.94078,2394.2771428571427,2118.0528,2542.6220202020204,87.93400893438594,97.49087295945174,31.584691973318265,65.90618098613348,713102.9544175,0.4309334109729401
2021-08-02 00:00:00,1627862400000,2555.5,2666.0,2507.0,2606.93,726701.84952,2448.398571428572,2137.6768,2545.515353535354,96.16916588566072,113.83658925742976,48.03507143014056,65.80151782728919,717068.6344089999,0.3064044099223251
2021-08-03 00:00:00,1627948800000,2606.92,2632.44,2442.32,2509.04,792960.84375,2478.3342857142857,2152.1588,2545.277373737374,89.34576998008251,117.5368901831116,61.93543518073477,55.60145500237684,722191.396128,0.2393013790650808
2021-08-04 00:00:00,1628035200000,2508.51,2772.71,2457.68,2724.78,954590.7536,2538.888571428572,2176.7224,2545.869797979798,89.41798369835472,136.30656310000631,76.80966076458908,59.49690233541723,737657.3675264999,0.2827021301635872
2021-08-05 00:00:00,1628121600000,2724.55,2843.98,2529.91,2826.99,1307720.20654,2602.327142857143,2204.184,2546.6652525252525,90.1934462688212,157.61230042121997,92.97018869591524,64.64211172530472,774189.9329915,0.293964984552008
2021-08-06 00:00:00,1628208000000,2827.01,2946.75,2720.06,2891.58,825399.48637,2663.722857142857,2238.584,2548.0242424242424,89.83605195668201,177.66115672221397,109.908382301175,67.75277442103895,793944.881521,0.3204827860205772
2021-08-07 00:00:00,1628294400000,2891.54,3171.0,2865.5,3160.31,1205277.10095,2753.617142857143,2287.3904,2551.942323232323,91.64290470742912,212.7814725509448,130.48300035112896,82.29847219981576,827466.8547415,0.4184005960288679
2021-08-08 00:00:00,1628380800000,3160.48,3189.99,2949.03,3011.85,966349.70579,2818.782857142857,2328.0812,2552.619898989899,81.26273996775078,226.02956646176327,149.59231357325586,76.43725288850749,848413.3431454999,0.3097904317913973
2021-08-09 00:00:00,1628467200000,3011.84,3186.0,2893.23,3160.52,1129584.61614,2897.867142857143,2377.7216,2554.7508080808084,82.71397897750397,245.6930068025836,168.8124522191214,76.88055458346216,865579.7103525,0.3736016341431614
2021-08-10 00:00:00,1628553600000,3160.51,3233.0,3051.22,3141.66,880675.74443,2988.2414285714285,2428.3376000000003,2551.8277777777776,80.67813403856943,256.7944143994928,186.4088446551957,70.38556974429707,853816.0065575,0.3184076679032446
2021-08-11 00:00:00,1628640000000,3141.14,3274.0,3120.27,3160.5,732546.60433,3050.4871428571428,2478.7740000000003,2551.034747474748,80.92041841124588,264.06857232414313,201.9407901889852,62.12778213515793,852000.618479,0.2838115045434051
2021-08-12 00:00:00,1628726400000,3160.4,3239.0,2979.29,3045.96,737628.45808,3081.7685714285712,2524.9468,2546.2034343434343,73.30479283535085,257.6212764266565,213.07688743651948,44.544388990137065,853473.9957219999,0.2034373086268543
2021-08-13 00:00:00,1628812800000,3046.11,3327.83,3033.8,3322.32,579333.40323,3143.3028571428576,2585.0904,2544.512424242424,76.55878667415634,271.6799331858715,224.7974965863899,46.88243659948159,850786.9065874999,0.299969871150257
2021-08-14 00:00:00,1628899200000,3322.33,3330.98,3200.0,3263.16,486102.53787,3157.9957142857143,2644.1756,2542.3268686868687,72.73732398303031,274.8791664509449,234.81383055930087,40.065335891644,848310.519981,0.2517252093458588
2021-08-15 00:00:00,1628985600000,3263.16,3320.0,3111.13,3307.09,565579.67765,3200.172857142857,2696.6392,2536.234242424242,73.06011465609309,277.7575495908063,243.402574365602,34.3549752252043,806902.5957135,0.3180698593884514
2021-08-16 00:00:00,1629072000000,3307.35,3335.0,3135.22,3146.53,635667.05422,3198.174285714286,2741.518,2528.3815151515155,65.51876862194715,264.0391597477824,247.5298914420381,16.509268305744257,793367.9866855,0.1547831384552147
2021-08-17 00:00:00,1629158400000,3147.18,3290.0,2991.89,3011.72,804996.06971,3179.611428571429,2777.0168,2518.9455555555555,64.15633131695446,239.5280661699403,245.92952638761847,-6.401460217678277,797707.6613075,0.0653451197209753
2021-08-18 00:00:00,1629244800000,3011.73,3125.81,2950.0,3014.55,625103.25568,3158.761428571429,2810.2088,2507.2394949494947,59.27234328501486,217.8203083392096,240.3076827779368,-22.487374438727244,803994.5823435,0.0425269229971159
2021-08-19 00:00:00,1629331200000,3014.18,3188.0,2958.33,3184.12,634769.92174,3178.498571428572,2849.9819999999995,2500.7840404040403,60.95551288107932,211.85747461611072,234.6176411455716,-22.76016652946086,797604.214032,0.0075340710246778
2021-08-20 00:00:00,1629417600000,3184.11,3300.0,3177.16,3284.82,558127.4554,3173.141428571428,2892.2516,2496.409393939394,61.80177909028703,212.80445703116263,230.2550043226898,-17.450547291527158,800130.534289,0.0906320035858361
2021-08-21 00:00:00,1629504000000,3284.81,3309.16,3207.0,3223.43,421156.09084,3167.465714285714,2929.2092,2487.807575757576,52.16359996709353,206.2240648260768,225.4488164233672,-19.224751597290464,778513.541792,0.0199049523496133
2021-08-22 00:00:00,1629590400000,3223.36,3272.0,3126.42,3238.0,406479.07654,3157.595714285714,2966.6932,2483.6794949494947,58.53531503106152,199.8806342970084,220.33517999809544,-20.45454570108712,762502.4031430001,0.0306653170616808
2021-08-23 00:00:00,1629676800000,3238.0,3377.89,3230.02,3321.28,602103.44614,3182.56,3004.2276,2481.0449494949494,56.38240431951722,199.2762869104504,216.1234013805665,-16.847114470116082,752959.5332625,0.0508716975162157
2021-08-24 00:00:00,1629763200000,3321.28,3357.85,3147.31,3170.62,540480.07853,3205.26,3032.58,2479.9147474747474,51.04082806210466,184.51337899322743,209.8013969030987,-25.288017909871257,732253.999509,0.0409263417773049
2021-08-25 00:00:00,1629849600000,3170.63,3248.0,3080.0,3226.87,483697.69444,3235.5914285714284,3060.4128,2478.4177777777777,52.32288728204337,175.33146106385675,202.9074097352503,-27.575948671393547,691052.873904,-0.0287299236677984
2021-08-26 00:00:00,1629936000000,3226.88,3250.0,3053.3,3093.2,442298.47372,3222.6028571428574,3081.9131999999995,2485.026666666666,51.63150842002016,155.47643748883547,193.4212152859673,-37.94477779713188,671897.8232715001,-0.0520844825261402
2021-08-27 00:00:00,1630022400000,3093.06,3280.0,3060.18,3273.45,451027.80711,3220.978571428572,3108.574,2490.12595959596,48.19218277191242,152.52761346294938,185.2424949213637,-32.71488145841437,634185.3585794999,-0.010172084823818
2021-08-28 00:00:00,1630108800000,3273.89,3287.0,3210.31,3244.48,262360.34921,3223.9857142857145,3137.9916000000003,2498.3431313131314,49.29319530209469,146.16807767670844,177.4276114724327,-31.25953379572425,598985.8907505,0.0311295299901797
2021-08-29 00:00:00,1630195200000,3244.75,3285.0,3152.34,3223.47,335806.7827,3221.91,3157.9392,2507.722929292929,46.78018051319964,137.84379091909295,169.51084736176475,-31.6670564426718,559296.9990785,0.0703086608316843
2021-08-30 00:00:00,1630281600000,3223.47,3347.95,3143.0,3229.64,625347.27541,3208.818571428571,3174.0452,2519.169898989899,53.6320173406868,130.24323814980335,161.65732551937248,-31.41408736956913,546530.5756275,0.0713506161782022
2021-08-31 00:00:00,1630368000000,3229.14,3476.0,3188.77,3429.2,863071.13092,3245.758571428571,3195.55,2527.0564646464645,67.26722255310699,138.72345192714283,157.07055080092658,-18.34709887378375,553056.8019569999,0.0769694609499642
2021-09-01 00:00:00,1630454400000,3429.19,3842.0,3382.22,3826.82,845759.95868,3331.465714285714,3222.2104000000004,2538.3868686868686,75.32534748420807,175.50557438030455,160.75755551680217,14.74801886350238,558463.376987,0.1650014308242156
2021-09-02 00:00:00,1630540800000,3826.82,3836.8,3717.04,3785.82,525165.7996,3430.411428571428,3253.1692,2547.4866666666667,70.3952274422073,199.05275779084104,168.41659597160995,30.63616181923109,555754.9968055,0.1744694316302821
2021-09-03 00:00:00,1630627200000,3785.82,4027.88,3705.05,3938.11,655903.75739,3525.362857142857,3284.2728,2559.5662626262624,71.39563369118811,227.38148829435704,180.20957443615936,47.17191385819768,564245.0577815,0.2162168004941322
2021-09-04 00:00:00,1630713600000,3938.11,3970.0,3832.5,3885.52,364478.1193,3616.94,3314.0272000000004,2574.449292929293,71.80955141676932,242.7899069134155,192.7256409316106,50.06426598180491,554189.979864,0.1698863088929567
2021-09-05 00:00:00,1630800000000,3885.61,3980.0,3830.0,3950.29,365759.8597,3720.7714285714287,3345.6188,2591.3336363636363,72.71202545772243,257.2620308239211,205.6329189100728,51.62911191384839,540694.620138,0.2459045864846623
2021-09-06 00:00:00,1630886400000,3950.28,3970.0,3864.3,3926.77,397768.5783,3820.361428571429,3380.8512,2606.897171717172,70.07153606969295,263.7925890919928,217.2648529464568,46.52773614553604,520333.2455675,0.2168974888979105
2021-09-07 00:00:00,1630972800000,3926.67,3947.15,3005.0,3434.57,1203536.00209,3821.128571428572,3385.3412,2614.25494949495,57.1342851119268,226.6391223323112,219.13970682362765,7.499415508683569,549254.882888,0.1103614379930171
2021-09-08 00:00:00,1631059200000,3434.84,3560.0,3215.16,3499.0,780611.7657,3774.297142857143,3394.7748,2622.9865656565657,57.32299991927021,200.08721393276247,215.32920824545465,-15.2419943126921,556546.975086,0.06890283951183
2021-09-09 00:00:00,1631145600000,3499.01,3567.06,3390.4,3424.93,628553.8831,3722.741428571429,3399.4884,2630.2462626262627,59.222663960632765,171.09552257775704,206.48247111191515,-35.38694853415811,560068.2964710001,0.0556175411776309
2021-09-10 00:00:00,1631232000000,3424.94,3514.11,3150.0,3208.86,633026.2659,3618.5628571428574,3401.9816000000005,2633.7978787878787,48.23935407546327,129.1950746776497,191.02499182506207,-61.82991714741237,570661.805224,-0.0045323828048654
2021-09-11 00:00:00,1631318400000,3208.85,3348.37,3200.0,3267.21,413524.1761,3530.232857142857,3412.2012,2639.6332323232323,50.60982480615995,99.54948074249296,172.72988960854826,-73.1804088660553,571014.060202,0.0116328754907668
2021-09-12 00:00:00,1631404800000,3267.1,3474.16,3231.1,3404.21,408858.9595,3452.2214285714285,3427.7876,2647.4764646464646,54.56497140894306,86.11718371930783,155.40734843070018,-69.29016471139235,561351.8358700001,-0.0072874139741047
2021-09-13 00:00:00,1631491200000,3404.3,3430.3,3108.49,3285.35,647855.7199,3360.59,3431.8368000000005,2653.2686868686865,51.33129095314793,65.13020247642135,137.35191923984442,-72.22171676342307,566720.6179385,-0.1414934593213164
2021-09-14 00:00:00,1631577600000,3285.09,3437.05,3269.95,3434.37,373634.9026,3360.5614285714287,3437.8188,2661.776969696969,50.126604596946805,59.83282170234816,121.84809973234518,-62.01527802999702,561217.4783465001,-0.0928332567316988
2021-09-15 00:00:00,1631664000000,3434.37,3616.16,3357.78,3613.55,428507.5278,3376.925714285714,3453.4236000000005,2672.951919191919,44.151698796171885,69.29415788559754,111.33731136299564,-42.04315347739811,560527.9310505,-0.0824151686976747
2021-09-16 00:00:00,1631750400000,3613.55,3676.28,3481.14,3567.98,467985.4919,3397.3614285714284,3466.6228,2682.6266666666666,44.04131471836842,72.28199497634205,103.52624808566496,-31.24425310932289,561375.81529,-0.0817239391381333
2021-09-17 00:00:00,1631836800000,3567.97,3594.17,3350.07,3399.81,398888.3705,3424.64,3469.764,2692.0076767676765,35.40242976461654,60.38389588816335,94.89777764616464,-34.51388175800129,568202.2163544999,-0.1393517944252194
2021-09-18 00:00:00,1631923200000,3399.89,3541.96,3368.88,3435.64,315162.7627,3448.701428571429,3480.3648,2702.9332323232325,37.68828268675016,53.23212143573664,86.56464640407904,-33.3325249683424,567170.0153545,-0.1250722604074087
2021-09-19 00:00:00,1632009600000,3435.64,3456.53,3277.74,3328.62,312948.0013,3437.902857142857,3484.4348,2712.608787878788,33.37149398969662,38.48503750365626,76.94872462399448,-38.46368712033822,551550.051649,-0.0308481119907296
2021-09-20 00:00:00,1632096000000,3328.57,3347.82,2913.39,2977.28,917939.57849,3393.8928571428573,3479.7980000000007,2717.335555555556,28.39229715398865,-1.5346440671037271,61.25205088577484,-62.78669495287857,554293.4740275,-0.1491054587024863
2021-09-21 00:00:00,1632182400000,2977.32,3105.83,2652.0,2765.9,971519.88941,3298.3971428571426,3459.496,2719.205555555556,32.55300606901878,-49.73382884115108,39.05487494038966,-88.78870378154073,560581.4705640001,-0.1924214509493623
2021-09-22 00:00:00,1632268800000,2766.72,3088.88,2737.54,3076.92,677457.64825,3221.7357142857145,3452.7936,2724.5932323232328,40.24263944370469,-62.119243363938494,18.82005127952403,-80.93929464346252,568196.0629965,-0.0411174061816346
2021-09-23 00:00:00,1632355200000,3076.92,3174.5,3033.85,3152.5,459293.8858,3162.381428571429,3449.9548,2732.518585858586,43.70654087294804,-65.08583031639137,2.0388749603409497,-67.12470527673231,558365.569417,-0.0351094664866966
2021-09-24 00:00:00,1632441600000,3152.41,3158.52,2733.0,2928.53,932090.8856,3095.055714285714,3437.9104,2738.127171717171,43.54759263265954,-84.53491319576096,-15.275882670879431,-69.25903052488152,586746.207732,-0.1397328601937012
2021-09-25 00:00:00,1632528000000,2928.22,2967.52,2801.57,2921.73,491974.0226,3021.64,3417.6116,2745.073030303031,41.85472995275234,-99.35188795087106,-32.09108372687776,-67.26080422399329,593056.9158770001,-0.1106792274795683
2021-09-26 00:00:00,1632614400000,2921.84,3115.51,2738.17,3059.37,703594.478,2983.175714285714,3386.9136000000003,2754.110404040405,41.872271823058576,-98.84858454873938,-45.44258389125009,-53.406000657489294,608348.210862,-0.1091903318512566
2021-09-27 00:00:00,1632700800000,3059.36,3164.94,2922.71,2925.59,510130.7319,2975.791428571428,3352.5044,2761.000505050505,41.57983429293639,-107.99968775733988,-57.95400466446805,-50.04568309287183,573677.9473524999,-0.1903834179684798
2021-09-28 00:00:00,1632787200000,2924.76,2970.82,2789.0,2804.91,511325.4643,2981.3642857142854,3307.1764000000003,2770.287575757576,35.06945103322643,-123.56548442781197,-71.07630061713684,-52.48918381067512,560213.6322825,-0.2138661091149614
2021-09-29 00:00:00,1632873600000,2805.15,2950.0,2782.0,2850.45,411305.0893,2949.0114285714285,3265.7736,2780.0973737373733,30.674358766562648,-130.71993498812208,-83.00502749133389,-47.714907496788186,549351.1925925,-0.161585500366197
2021-09-30 00:00:00,1632960000000,2850.45,3048.42,2837.19,3000.61,506896.7612,2927.312857142857,3227.7864,2790.5263636363643,36.35414712517618,-122.85701237881358,-90.97542446882984,-31.88158790998375,543044.7173575,-0.1266226962079845
2021-10-01 00:00:00,1633046400000,3000.62,3330.0,2969.07,3309.91,648714.6151,2981.7957142857144,3203.112,2803.8636363636365,47.97526170699626,-90.62301874042303,-90.90494332314849,0.2819245827254235,554804.2393075,-0.0056209480205009
2021-10-02 00:00:00,1633132800000,3309.91,3469.0,3257.0,3387.76,422551.1811,3048.371428571428,3201.2396000000003,2819.812525252525,48.94167263467813,-58.12546795546814,-84.34904824961241,26.22358029414427,555488.8503874999,0.1378708082545141
2021-10-03 00:00:00,1633219200000,3387.77,3488.0,3342.51,3417.73,360586.8905,3099.565714285715,3197.9888,2835.853838383838,52.03912110242058,-29.611256167193915,-73.40148983312872,43.79023366593481,541125.4089175,0.2356665099967461
2021-10-04 00:00:00,1633305600000,3417.73,3437.19,3270.0,3386.31,485204.642,3165.382857142857,3196.4440000000004,2850.0359595959594,60.96542258014358,-9.440050279888055,-60.60920192248059,51.16915164259253,546703.8958874999,0.1005518505518505
2021-10-05 00:00:00,1633392000000,3386.31,3545.0,3363.78,3515.27,393900.8818,3266.862857142857,3208.7004,2864.489090909091,71.01819181340349,16.75858738429588,-45.13564406112529,61.89423144542117,544973.5635875,0.1150737509912767
2021-10-06 00:00:00,1633478400000,3515.48,3632.11,3342.0,3574.89,618265.5402,3370.3542857142857,3221.0076,2878.727070707071,66.2600325220242,41.84961589743989,-27.738592069412256,69.58820796685214,552487.5660025,0.2207114149419673
2021-10-07 00:00:00,1633564800000,3574.88,3653.98,3470.8,3587.47,486102.3591,3454.191428571429,3228.338,2891.9774747474744,64.81233015725991,62.03444318383527,-9.783985018762753,71.81842820259801,556848.2654325,0.227858152532917
2021-10-08 00:00:00,1633651200000,3587.47,3695.0,3532.0,3563.13,403597.1437,3490.3657142857146,3239.4492,2906.6918181818182,75.01103543952578,75.20016891324622,7.212845767639042,67.98732314560718,561269.9844825,0.1646613518469488
2021-10-09 00:00:00,1633737600000,3563.13,3635.0,3538.07,3574.82,361906.7514,3517.088571428572,3245.0671999999995,2921.0422222222223,75.6409350388291,85.59074982474249,22.888426579059733,62.70232324568276,563717.9219875,0.2219142121760056
2021-10-10 00:00:00,1633824000000,3574.83,3604.0,3405.0,3414.22,580223.6302,3516.587142857142,3237.094,2933.034444444444,63.68502649461237,79.94472917335361,34.29968709791851,45.6450420754351,546832.124573,0.2172297863389556
2021-10-11 00:00:00,1633910400000,3414.22,3623.8,3371.0,3542.12,493521.882,3538.8457142857146,3236.0596,2945.3519191919195,73.88521706789811,84.81300667812502,44.402351013959816,40.410655664165205,522932.2242025,0.2426529144521041
2021-10-12 00:00:00,1633996800000,3542.12,3547.11,3403.21,3491.46,409377.1918,3535.444285714286,3239.7256,2958.43202020202,78.12369427899623,83.61940065846557,52.24576094286097,31.3736397156046,509528.20138,0.1635834047077093
2021-10-13 00:00:00,1634083200000,3491.43,3613.0,3412.7,3607.42,393463.1222,3540.0914285714284,3246.5968,2971.4110101010097,79.31696888482661,90.98168197459016,59.99294514920681,30.988736825383363,506236.6632,0.0898846192192537
2021-10-14 00:00:00,1634169600000,3607.41,3824.0,3586.04,3790.82,481894.1473,3569.141428571428,3265.0848000000005,2986.3024242424244,79.83613366056258,110.343222242499,70.06300056786525,40.28022167463375,483726.8262850001,0.1189753701560913
2021-10-15 00:00:00,1634256000000,3790.82,3907.77,3734.1,3868.99,504321.732,3612.835714285714,3300.7532,3004.006060606061,75.57267271662764,130.4908310308315,82.1485666604585,48.34226437037299,484344.211755,0.1320350056909116
2021-10-16 00:00:00,1634342400000,3868.38,3971.0,3803.56,3829.96,373727.8549,3649.2842857142855,3343.3156,3021.005757575758,70.97126055202504,141.6754153404272,94.05393639645224,47.62147894397496,467850.8806,0.1310128133573123
2021-10-17 00:00:00,1634428800000,3829.96,3919.19,3640.0,3846.85,368898.9831,3711.088571428572,3374.1128000000003,3038.5427272727275,70.6065961084113,150.17108207483534,105.27736553212888,44.89371654270647,460789.29316,0.0943256136797456
2021-10-18 00:00:00,1634515200000,3847.0,3893.14,3676.0,3744.96,401819.9734,3740.065714285714,3397.8112,3054.749898989899,66.13084582932294,146.9879026550716,113.61947295671744,33.36842969835416,455314.018615,0.0475734917717749
2021-10-19 00:00:00,1634601600000,3744.96,3886.89,3732.0,3877.03,341268.3723,3795.147142857143,3435.7512,3073.3908080808083,66.22533189809833,153.35438142699377,121.5664546507727,31.78792677622107,451812.182765,0.0807142638126592
2021-10-20 00:00:00,1634688000000,3876.98,4169.0,3828.05,4161.15,537383.09732,3874.2514285714287,3485.3280000000004,3095.8251515151514,71.88680654073025,179.25957839728017,133.1050794000742,46.15449899720596,453336.49957100005,0.1678355827601012
2021-10-21 00:00:00,1634774400000,4161.37,4375.0,4013.13,4052.99,798566.55805,3911.7042857142856,3525.0728,3116.6171717171715,66.22156556645854,188.88468054326177,144.26099962871172,44.62368091455005,460829.0967185,0.1337605809523274
2021-10-22 00:00:00,1634860800000,4053.0,4167.41,3888.0,3972.2,463222.5428,3926.448571428572,3566.9372,3137.351414141414,63.71493901416856,187.8283966913296,152.97447904123527,34.853917650094274,462862.6648035,0.1634282500834745
2021-10-23 00:00:00,1634947200000,3972.19,4172.0,3937.51,4167.12,326576.9601,3974.614285714285,3621.4256,3160.4914141414138,67.68524269061723,200.4095031128495,162.46148385555813,37.94801925729138,461162.1682835,0.1764480028909241
2021-10-24 00:00:00,1635033600000,4167.13,4186.57,3961.5,4082.33,350115.8386,4008.2542857142857,3670.7008,3182.539292929293,70.89476153244723,201.2187516982244,170.2129374240914,31.00581427413303,454407.72811350005,0.1692329283451621
2021-10-25 00:00:00,1635120000000,4082.33,4236.0,4067.71,4220.37,347438.6534,4076.17,3719.4912,3206.061818181818,71.07819676920114,210.5714250719716,178.28463495366742,32.28679011830417,452084.6166935001,0.1699136779193995
2021-10-26 00:00:00,1635206400000,4220.36,4297.0,4090.21,4131.52,414498.1599,4112.5257142857145,3752.3556,3229.4233333333336,69.43014304101808,208.4115945235176,184.31002686763748,24.101567655880103,441896.2476785,0.0898750138492463
2021-10-27 00:00:00,1635292800000,4131.52,4307.0,3909.0,3922.0,704604.25,4078.361428571429,3773.7252,3250.998787878788,59.036331464289006,187.6305125322952,184.97412400056905,2.6563885317261224,452821.3422235,0.0137012501970799
2021-10-28 00:00:00,1635379200000,3921.99,4295.0,3890.17,4286.02,626378.5055,4111.651428571428,3808.4568,3274.1353535353537,62.887375992838045,198.2494310573229,187.6291854119198,10.620245645403116,463960.4103135,0.1190769616392861
2021-10-29 00:00:00,1635465600000,4286.01,4460.47,4265.97,4418.89,559231.07691,4175.464285714285,3849.76,3298.320505050505,63.91475535942025,214.9091600321185,193.0851803359596,21.82397969615897,473826.6265890001,0.1487034846692749
2021-10-30 00:00:00,1635552000000,4418.89,4434.06,4232.2,4322.68,340223.069,4197.687142857143,3882.0564,3320.5268686868685,62.117217702666814,217.8376752114359,198.0356793110548,19.801995900381087,461826.598529,0.1542660001708964
2021-10-31 00:00:00,1635638400000,4322.68,4399.14,4164.35,4287.21,412856.2893,4226.955714285715,3910.5492,3341.7638383838384,60.73148382820269,214.82009963726705,201.3925633762973,13.42753626096976,457793.3188940001,0.1057974789980991
2021-11-01 00:00:00,1635724800000,4287.48,4386.58,4146.3,4319.43,417620.7073,4241.107142857143,3939.8276,3363.2753535353536,64.49181403092757,212.5780663567957,203.629663972397,8.948402384398719,458205.494669,0.038037561731733
2021-11-02 00:00:00,1635811200000,4319.43,4599.6,4284.43,4589.89,468184.79301,4306.588571428571,3980.898,3387.13202020202,66.80924713738658,229.9741022042117,208.89855161876,21.075550585451737,461941.5782095,0.1324701023195222
2021-11-03 00:00:00,1635897600000,4589.68,4665.87,4455.0,4603.35,448658.35125,4403.924285714286,4022.0392000000006,3410.403333333333,61.952772762166326,242.0564197233639,215.5301252396808,26.526294483683102,460279.788407,0.1588917979960729
2021-11-04 00:00:00,1635984000000,4603.35,4606.65,4420.08,4532.32,368218.25695,4439.11,4066.7632,3432.942929292929,63.22180233359997,243.0979343640288,221.0436870645504,22.05424729947839,453474.6146544999,0.087638464935015
2021-11-05 00:00:00,1636070400000,4532.31,4570.05,4438.8,4474.24,305651.7244,4447.017142857143,4104.048,3454.0673737373736,64.02393376314289,236.5104266396038,224.1370349795611,12.3733916600427,450070.8081295,0.0960015481355009
2021-11-06 00:00:00,1636156800000,4474.24,4530.0,4326.17,4518.0,322154.0973,4474.92,4145.1096,3474.8369696969694,60.70552484165049,232.144824557623,225.7385928951735,6.4062316624495,447733.5638395,0.0705222527882627
2021-11-07 00:00:00,1636243200000,4518.0,4637.98,4502.37,4612.59,243596.5952,4521.402857142858,4185.3164,3495.8626262626267,66.08232539518858,233.624597005557,227.31579371725024,6.308803288306791,439822.3949295,0.116438986135853
2021-11-08 00:00:00,1636329600000,4612.59,4822.97,4612.0,4807.98,391102.31806,4591.1957142857145,4226.002799999999,3518.6130303030304,67.22257067992237,247.70824098037065,231.3942831698743,16.313957810496333,442314.0922175,0.2259000509943904
2021-11-09 00:00:00,1636416000000,4807.98,4838.28,4713.89,4732.33,311267.57998,4611.544285714285,4260.5364,3540.0817171717176,67.74677591819129,249.88479120587544,235.09238477707456,14.792406428800888,431008.3163505,0.1041315719478674
2021-11-10 00:00:00,1636502400000,4732.33,4868.0,4461.93,4628.78,553596.99163,4615.177142857143,4292.4892,3561.493232323232,72.27116892283644,240.4819768104062,236.17030318374088,4.311673626665311,418759.8380295,0.0474983536589503
2021-11-11 00:00:00,1636588800000,4628.68,4779.0,4576.47,4719.0,303688.9765,4641.845714285714,4327.3752,3581.6368686868686,66.48869729466242,237.5716011238092,236.45056277175456,1.1210383520545977,410783.1597145,0.0916838627888254
2021-11-12 00:00:00,1636675200000,4719.0,4809.71,4507.85,4665.46,461580.0415,4669.162857142857,4364.1952,3600.207272727273,59.9936771965662,228.31302642777064,234.82305550295777,-6.510029075187134,417533.3137845,0.0882275419212028
2021-11-13 00:00:00,1636761600000,4665.47,4707.6,4584.08,4644.28,220720.6611,4687.202857142857,4394.885200000001,3617.911313131314,63.87881926462969,216.7677268633215,231.21198977503053,-14.444262911709018,411063.5549095,0.075206682363182
2021-11-14 00:00:00,1636848000000,4644.27,4696.05,4514.12,4626.5,245309.0674,4689.1900000000005,4413.4992,3632.721313131313,64.86927102050117,203.83362917763225,225.7363176555509,-21.902688477918645,405957.0756095,0.0079762260097735
2021-11-15 00:00:00,1636934400000,4626.5,4772.01,4540.0,4563.78,375421.6601,4654.3042857142855,4433.9308,3648.3973737373735,60.4297385202448,186.37388165548143,217.86383045553703,-31.48994880005557,404003.2506195,-0.0085959138453518
2021-11-16 00:00:00,1637020800000,4563.77,4563.77,4103.0,4209.76,735857.063,4579.651428571428,4443.4332,3658.9957575757576,34.8550164545766,142.3297617260987,202.7570167096493,-60.42725498355068,405565.8912695,-0.0711688495075368
2021-11-17 00:00:00,1637107200000,4209.59,4299.91,4063.48,4287.8,472852.1842,4530.94,4448.2604,3670.572929292929,38.043272327687454,112.42568187571489,184.6907497428625,-72.26506786714762,397889.5752045,-0.0416696466885995
2021-11-18 00:00:00,1637193600000,4288.07,4344.81,3956.44,3996.9,576945.1837,4427.782857142857,4444.8432,3679.021414141414,32.609684166764126,64.50965712825473,160.65453121994096,-96.14487409168623,398775.280544,-0.1153386454183267
2021-11-19 00:00:00,1637280000000,3996.9,4308.97,3973.01,4294.76,420045.0897,4374.825714285714,4447.8188,3691.635555555556,44.956160071942456,49.99437099131865,138.5224991742165,-88.52812818289786,402766.381579,-0.0689048885766998
2021-11-20 00:00:00,1637366400000,4294.75,4435.88,4199.86,4412.17,365584.578,4341.667142857143,4459.0448,3702.644141414142,47.14412931429959,47.418299277294864,120.30165919483218,-72.88335991753732,400402.796014,-0.0823235537585429
2021-11-21 00:00:00,1637452800000,4412.17,4451.0,4242.41,4258.31,340206.3203,4289.068571428571,4472.4972,3712.6961616161616,40.73593707507897,32.585897800183375,102.75850691590244,-70.17260911571906,396532.076664,-0.1001663028571548
2021-11-22 00:00:00,1637539200000,4259.7,4320.0,4022.74,4085.97,518501.3338,4220.81,4464.4952,3720.563636363636,30.889802918896606,6.845800941476227,83.57596572101718,-76.73016477954096,399047.9037035,-0.1172684811116535
2021-11-23 00:00:00,1637625600000,4086.28,4385.59,4059.62,4339.44,502811.7902,4239.335714285714,4461.3172,3732.613232323232,40.49562386000222,6.820872622643947,68.22494710134254,-61.40407447869859,401755.575651,-0.0804322949777496
2021-11-24 00:00:00,1637712000000,4339.45,4373.94,4167.65,4269.36,448727.0306,4236.701428571429,4459.1844,3745.316666666667,41.1621799726569,1.1331837959496625,54.80659444026397,-53.6734106443143,405781.0143335,-0.0849005242784206
2021-11-25 00:00:00,1637798400000,4270.1,4550.0,4248.27,4524.85,445868.2434,4312.122857142856,4468.69,3760.572222222223,45.58487099136305,17.04507222180564,47.254289996572304,-30.209217774766664,412791.8402835,-0.0257155038025268
2021-11-26 00:00:00,1637884800000,4524.48,4551.0,3913.0,4041.2,720245.1612,4275.9,4457.5608,3769.229595959596,38.1265216068168,-9.264360746219609,35.950559848013924,-45.21492059423353,432696.3934785,-0.1265103209769804
2021-11-27 00:00:00,1637971200000,4041.2,4183.66,4028.34,4095.29,275326.5202,4230.631428571428,4437.7768,3777.416161616162,39.68726871071605,-25.45671579813552,23.66910471878404,-49.12582051691956,434282.8897285,-0.1026539403739882
2021-11-28 00:00:00,1638057600000,4095.29,4298.51,3964.0,4294.78,346471.3551,4235.841428571429,4425.433999999999,3788.237878787879,44.16688354165055,-21.9391966416797,14.54744444669129,-36.48664108837099,432051.3415805,0.0201959256584698
2021-11-29 00:00:00,1638144000000,4294.77,4458.92,4276.89,4444.53,406881.2284,4287.064285714286,4421.9224,3800.42505050505,47.96532955689399,-6.987417283867217,10.24047210057959,-17.227889384446804,436832.0240015,0.036552544428378
2021-11-30 00:00:00,1638230400000,4444.54,4753.0,4346.36,4630.26,743024.4662,4328.61,4428.1632,3813.647070707071,57.6117965650071,19.62263682591584,12.116905045646838,7.505731780268995,446303.39773,0.1584628086767245
2021-12-01 00:00:00,1638316800000,4630.25,4778.75,4523.99,4582.95,508198.3105,4373.408571428571,4430.7612,3827.913030303031,55.402847592652925,36.47333293100564,16.9881906227186,19.48514230828704,456528.86443,0.0671027018971954
2021-12-02 00:00:00,1638403200000,4582.95,4634.83,4433.0,4511.21,451861.9545,4371.46,4426.706,3840.886161616162,60.2359618989997,43.53694574347264,22.29794164686941,21.23900409660323,456042.96008,0.0224470045351834
2021-12-03 00:00:00,1638489600000,4511.35,4654.88,4032.5,4215.73,677974.8659,4396.392857142857,4403.0160000000005,3852.2248484848487,48.42562821478232,25.0039136649948,22.83913605049449,2.1647776145003093,478905.6703199999,-0.0099992720116668
2021-12-04 00:00:00,1638576000000,4215.01,4238.59,3503.68,4117.25,1111773.1451,4399.53,4378.4128,3860.748080808081,44.08019398143688,2.342832536102833,18.73987534761616,-16.397042811513323,522228.87420500006,0.0076554649202025
2021-12-05 00:00:00,1638662400000,4117.25,4248.19,4031.39,4196.44,536325.4413,4385.481428571428,4361.1192,3870.3638383838384,48.71973148918382,-9.121123704893762,13.167675537114173,-22.288799242007933,530274.063265,-0.0329535608281252
2021-12-06 00:00:00,1638748800000,4196.44,4376.15,3921.0,4347.59,726742.9638,4371.632857142858,4346.2628,3881.718585858586,55.46156736670703,-5.941361515306198,9.3458681266301,-15.287229641936298,529818.358305,0.0183235894841382
2021-12-07 00:00:00,1638835200000,4347.57,4425.0,4255.92,4306.4,420749.751,4325.367142857142,4331.9004,3892.5949494949496,49.24318083946455,-6.668198984827541,6.143054704338572,-12.811253689166112,527213.2366449999,-0.0482778434644244
2021-12-08 00:00:00,1638921600000,4306.4,4450.49,4222.95,4436.91,429403.9351,4304.504285714285,4323.6056,3902.773838383838,53.73453694416583,3.2493864619555097,5.56432105586196,-2.3149345939064503,519836.174215,0.0979189349698108
2021-12-09 00:00:00,1639008000000,4436.91,4488.0,4076.16,4105.64,462173.711,4246.565714285714,4302.7712,3905.590202020202,40.96152270561399,-15.443552421184904,1.3627463604525871,-16.80629878163749,521942.60528,0.0025272935494191
2021-12-10 00:00:00,1639094400000,4105.64,4231.08,3887.37,3897.94,563236.5671,4201.167142857143,4276.1376,3906.7227272727273,46.494018834309,-46.48168342739245,-8.206139597116422,-38.27554383027604,531825.2047349999,-0.0924005420533763
2021-12-11 00:00:00,1639180800000,3898.31,4097.08,3828.22,4089.37,427853.4343,4197.184285714286,4271.322,3908.250606060606,49.86424633786152,-54.99883241029056,-17.564678159751253,-37.43415425053931,536207.560435,-0.0799094617428614
2021-12-12 00:00:00,1639267200000,4089.68,4173.63,3986.25,4130.0,260535.5157,4187.692857142857,4265.01,3910.7201010101007,45.92443459506521,-57.80390546059243,-25.612523619919493,-32.19138184067294,523309.26953,-0.1080414490762937
2021-12-13 00:00:00,1639353600000,4130.0,4142.75,3671.45,3781.93,533467.2307,4106.884285714285,4256.4112,3909.019494949495,35.07576986143397,-87.10914610729014,-37.911848117393625,-49.19729798989652,524842.041555,-0.1747826181826116
2021-12-14 00:00:00,1639440000000,3781.92,3882.74,3685.0,3858.99,395145.7462,4042.968571428572,4238.9804,3908.334848484848,31.73393456832811,-102.92915919393636,-50.91531033270218,-52.01384886123418,522162.97733500006,-0.1445776188650052
2021-12-15 00:00:00,1639526400000,3858.99,4092.22,3643.73,4019.08,542068.0573,3983.278571428572,4223.2568,3914.2389898989895,37.32300954590624,-101.38006221972456,-61.008260710106654,-40.371801509617896,526972.96803,-0.0466467254781496
2021-12-16 00:00:00,1639612800000,4019.54,4113.43,3942.11,3958.11,368780.031,3962.202857142857,4211.2488,3918.876464646464,37.50463126123929,-103.87475761349378,-69.58156009078408,-34.293197522709704,509399.71152,-0.0386520128726698
2021-12-17 00:00:00,1639699200000,3959.11,3994.1,3700.0,3875.42,463370.9225,3958.9857142857145,4202.8268,3923.4268686868686,41.494078773063805,-111.2418863964922,-77.9136253519257,-33.32826104456649,518801.9316349999,-0.0764981746432689
2021-12-18 00:00:00,1639785600000,3875.43,3996.93,3767.01,3959.93,339593.2543,3940.494285714286,4187.6464000000005,3931.013434343434,46.04019210052052,-109.00460112509244,-84.13182050655905,-24.8727806185334,518458.026595,-0.0891666417486469
2021-12-19 00:00:00,1639872000000,3959.93,4032.43,3884.0,3924.14,306006.323,3911.085714285714,4173.8376,3937.6490909090912,42.99301102384899,-108.86456735262756,-89.07836987577275,-19.786197476854795,513414.281325,-0.0887655582389002
2021-12-20 00:00:00,1639958400000,3924.14,3983.37,3753.0,3944.73,366916.4771,3934.342857142857,4150.632799999999,3943.1088888888894,38.88662068965517,-105.87172531035276,-92.43704096268876,-13.434684347664003,494608.88187,-0.1109285516271458
2021-12-21 00:00:00,1640044800000,3944.72,4063.0,3913.21,4014.15,340826.3553,3956.508571428571,4149.5508,3950.470505050505,42.061573397510784,-96.78261288053228,-93.30615534625748,-3.4764575342748003,486240.28411,-0.0222839800859305
2021-12-22 00:00:00,1640131200000,4014.41,4074.87,3933.4,3979.51,303191.8076,3950.8557142857135,4144.9196,3955.976969696969,36.8929312380363,-91.32188248246166,-92.90930077349832,1.5874182910366557,478806.776765,0.0209264380672868
2021-12-23 00:00:00,1640217600000,3979.51,4150.0,3893.23,4111.41,380207.8166,3972.7557142857145,4137.5848,3961.005858585858,50.186672188108616,-75.4808899200707,-89.42361860281281,13.942728682742114,463918.4243,0.0053895832365375
2021-12-24 00:00:00,1640304000000,4111.41,4134.84,4017.17,4046.36,230833.1661,3997.175714285714,4121.657999999999,3965.83797979798,55.289983176983846,-67.39884856868048,-85.01866459598634,17.61981602730586,419871.42535,-0.0202518159806295
2021-12-25 00:00:00,1640390400000,4046.35,4137.91,4018.62,4094.83,208126.8805,4016.4471428571424,4100.2408,3972.858383838384,50.216687303552725,-56.43213413589774,-79.30135850396863,22.86922436807089,403461.49731,0.0827355345022251
2021-12-26 00:00:00,1640476800000,4094.36,4105.0,4000.0,4063.56,189309.255,4036.364285714285,4079.4652,3979.2010101010105,47.34350510187762,-49.69135064427656,-73.37935693203022,23.688006287753662,376589.81187,0.0530112801536153
2021-12-27 00:00:00,1640563200000,4063.57,4127.46,4031.0,4037.23,222225.3761,4049.578571428571,4060.506,3986.358686868687,63.74383599991389,-45.944225679111696,-67.89233068144651,21.948105002334813,366663.593125,0.0045159588761607
2021-12-28 00:00:00,1640649600000,4037.22,4037.23,3759.36,3792.75,358064.7163,4017.95,4043.5868,3994.5957575757575,46.97865353037767,-61.98754115450538,-66.71137277605828,4.723831621552904,363096.632185,-0.0417775150261109
2021-12-29 00:00:00,1640736000000,3792.75,3827.78,3604.2,3630.19,302753.6375,3968.047142857143,4024.1044,4003.32595959596,32.30178306497855,-86.81842887848052,-70.73278399654274,-16.08564488193778,355125.62851,-0.0632783027387999
2021-12-30 00:00:00,1640822400000,3630.18,3769.1,3585.0,3709.27,249263.7305,3910.598571428571,4004.6176,4009.713333333333,38.85904117194074,-98.97506821916204,-76.3812408410666,-22.59382737809544,339426.98668,-0.063299098721442
2021-12-31 00:00:00,1640908800000,3709.27,3815.0,3622.29,3676.23,268014.2942,3857.722857142857,3977.7632,4015.003535353535,40.66702276198775,-110.00724926135808,-83.1064425251249,-26.90080673623318,331435.029675,-0.0631756257422008
2022-01-01 00:00:00,1640995200000,3676.22,3776.45,3673.46,3765.54,154143.8968,3810.681428571429,3956.1288,4023.458181818182,40.93271015831257,-110.27260763616869,-88.53967554733367,-21.73293208883501,326115.44872999995,-0.0454251621784
2022-01-02 00:00:00,1641081600000,3765.54,3857.44,3717.3,3828.27,154791.4263,3777.068571428571,3931.7832,4032.615151515151,45.63779154950085,-104.21973903938306,-91.67568824574356,-12.5440507936395,307181.65851000004,-0.0463061918463435
2022-01-03 00:00:00,1641168000000,3828.11,3853.09,3680.0,3765.89,236245.8586,3738.305714285714,3918.1932,4039.751717171717,42.160678905195226,-103.2659560756406,-93.99374181172296,-9.272214263917618,299236.66413000005,-0.0536799756753972
2022-01-04 00:00:00,1641254400000,3765.89,3900.73,3713.11,3785.11,288258.5549,3737.214285714286,3913.68,4048.4337373737376,39.49801001412248,-99.80865083537948,-95.15672361645429,-4.651927218925195,286546.18901,-0.0793645002566029
2022-01-05 00:00:00,1641340800000,3785.1,3848.0,3415.0,3540.63,397942.0363,3724.42,3891.7304,4055.865252525252,33.12389448588786,-115.46519344388844,-99.21841758194113,-16.246775861947327,288004.289275,-0.1249839361796775
2022-01-06 00:00:00,1641427200000,3539.82,3550.43,3300.0,3406.81,496745.7413,3681.211428571429,3862.8028,4061.485050505051,22.94619956689345,-137.09097248538274,-106.79292856262944,-30.29804392275329,289673.030215,-0.1680216272714618
2022-01-07 00:00:00,1641513600000,3406.81,3416.76,3064.42,3199.24,669631.7262,3613.07,3839.4952,4063.4914141414138,20.68261417279234,-169.030246976748,-119.24039224545317,-49.78985473129484,306174.95381,-0.2127001939186329
2022-01-08 00:00:00,1641600000000,3198.68,3250.0,3000.0,3080.95,400692.1061,3515.2714285714287,3808.3736,4061.178686868687,16.528892879780287,-201.56386377794024,-135.7050865519506,-65.85877722598966,310909.242965,-0.236865375517372
2022-01-09 00:00:00,1641686400000,3080.98,3211.72,3057.35,3151.97,275874.1643,3418.657142857143,3773.6892,4058.7969696969694,20.6754122408014,-219.0907274965048,-152.38221474086143,-66.70851275564334,306357.127325,-0.1689486520334849
2022-01-10 00:00:00,1641772800000,3151.97,3185.0,2928.83,3082.68,529818.3866,3321.055714285714,3738.672,4055.4126262626255,20.11932860443132,-235.8532477603772,-169.07642134476458,-66.77682641561256,315806.72889,-0.1508213068737449
2022-01-11 00:00:00,1641859200000,3082.87,3263.54,3051.8,3239.72,362446.7087,3243.1428571428573,3713.244,4053.93191919192,31.68568646801296,-233.7710827504725,-182.01535362590616,-51.75572912456633,318769.47394500003,-0.1265882505182961
2022-01-12 00:00:00,1641945600000,3239.73,3411.43,3206.2,3371.26,370465.8015,3218.9471428571424,3689.6972,4052.477272727273,41.24532563344852,-218.98247959170976,-189.40877881906687,-29.57370077264289,318282.37319,-0.0829572687236652
2022-01-13 00:00:00,1642032000000,3371.6,3410.0,3233.43,3240.61,336234.8799,3195.2042857142856,3662.356,4049.100707070707,34.68811667690379,-215.32266253465423,-194.5915555621844,-20.731106972469888,323552.45888,-0.1394036446299866
2022-01-14 00:00:00,1642118400000,3240.61,3342.79,3188.0,3307.42,285326.3505,3210.658571428572,3636.8636,4046.271919191919,38.21052968065724,-204.67189233286263,-196.60762291632,-8.06426941654263,327412.43238,-0.1360536221321902
2022-01-15 00:00:00,1642204800000,3307.42,3371.64,3261.0,3326.04,203100.3778,3245.6714285714284,3609.3392,4043.877070707071,35.28584628982364,-192.5094724615683,-195.78799282536968,3.2785203638013627,328101.98852,-0.1167984194971175
2022-01-16 00:00:00,1642291200000,3326.51,3393.6,3269.62,3346.88,210782.2277,3273.5157142857142,3584.034,4041.574646464647,33.418298807498104,-179.12422073948255,-192.45523840819223,13.331017668709706,327529.83109999995,-0.1157773486107405
2022-01-17 00:00:00,1642377600000,3346.89,3357.57,3141.1,3209.67,284063.6548,3291.657142857144,3547.9644,4039.508484848485,31.78000524109017,-177.541425564179,-189.47247583938963,11.931050275210623,323829.778025,-0.0934748900619381
2022-01-18 00:00:00,1642464000000,3209.68,3243.87,3082.0,3159.85,299134.2728,3280.247142857143,3512.5040000000004,4035.647171717171,29.921001926782267,-178.2523247793779,-187.2284456273873,8.976120848009401,323648.80979,-0.0724901007100484
2022-01-19 00:00:00,1642550400000,3159.85,3174.87,3000.0,3084.02,332996.5703,3239.212857142857,3472.0716,4031.531616161616,33.55565959592322,-182.827048383544,-186.34816617861864,3.521117795074616,327835.45177999994,-0.0360148035158349
2022-01-20 00:00:00,1642636800000,3084.02,3273.37,2987.15,3001.48,357596.7062,3205.0514285714285,3429.5884,4025.41101010101,34.84260360340147,-190.91212188101235,-187.2609573190974,-3.651164561914953,332314.57238,-0.0257939921128222
2022-01-21 00:00:00,1642723200000,3001.48,3034.12,2403.0,2568.15,1022021.70024,3099.441428571429,3370.8252,4013.060808080808,29.8093842580447,-229.6385797849429,-195.73648181226653,-33.902097972676444,375708.462552,-0.1852238441355722
2022-01-22 00:00:00,1642809600000,2567.47,2626.0,2300.0,2412.18,1081357.54893,2968.8900000000003,3315.6024,3998.345555555555,29.107596953471088,-269.80490914232496,-210.55016727827825,-59.25474186404671,422036.7686835,-0.2175055471213359
2022-01-23 00:00:00,1642896000000,2412.18,2556.78,2370.8,2539.01,580497.7613,2853.48,3271.9551999999994,3985.3056565656566,31.49632921174654,-288.08206280816785,-226.0565463842562,-62.02551642391165,439249.3638185,-0.2162872100058028
2022-01-24 00:00:00,1642982400000,2539.0,2539.75,2159.0,2439.29,1123134.70389,2743.425714285714,3221.1560000000004,3971.0878787878783,30.928116199792527,-307.0736554203449,-242.259968191474,-64.813687228871,480993.171268,-0.2764456019411141
2022-01-25 00:00:00,1643068800000,2439.56,2506.55,2348.96,2458.83,510152.954,2643.28,3172.46,3958.096666666667,24.79780538970472,-316.8949470062921,-257.1869639544376,-59.70798305185451,486603.717153,-0.2412447039291986
2022-01-26 00:00:00,1643155200000,2459.04,2722.0,2402.03,2462.99,806441.62289,2554.5614285714287,3120.358,3943.813434343434,18.06072285089354,-320.6465008470618,-269.87887133296243,-50.76762951409938,502088.5112325,-0.2553138095554844
2022-01-27 00:00:00,1643241600000,2463.0,2521.0,2316.43,2424.25,599481.7159,2472.1,3064.1972,3926.2689898989897,19.308851394026888,-323.02203162433625,-280.5075033912372,-42.51452823309904,498581.0107175,-0.2711302329496939
2022-01-28 00:00:00,1643328000000,2424.02,2558.98,2357.88,2544.99,485149.8065,2468.791428571428,3015.3612,3911.036666666667,22.453374184364364,-311.5703587959979,-286.72007447218937,-24.850284323808523,502803.8957375001,-0.2395932928578259
2022-01-29 00:00:00,1643414400000,2544.99,2636.66,2520.01,2601.43,376666.8246,2495.827142857143,2968.014,3897.1905050505047,24.51625155622456,-294.5452549128727,-288.2851105603261,-6.260144352546604,507843.5287525,-0.1895023475933663
2022-01-30 00:00:00,1643500800000,2601.43,2640.0,2542.5,2601.68,290770.0859,2504.78,2930.456,3881.37797979798,23.406988694758468,-277.8299142077126,-286.1940712898034,8.364157082090799,495891.1137175,-0.1766444609712486
2022-01-31 00:00:00,1643587200000,2601.67,2706.77,2476.07,2686.94,444584.851,2540.158571428572,2901.6612,3867.283131313131,30.627719264436664,-254.76632916284143,-279.908522864411,25.142193701569568,499998.0208325,-0.1287540288324978
2022-02-01 00:00:00,1643673600000,2686.94,2813.0,2673.52,2787.23,390034.27362,2587.0728571428567,2885.1808,3852.8069696969696,36.68871995656027,-225.79290692924903,-269.08539967737863,43.292492748129575,500976.4444385,-0.0713814518171035
2022-02-02 00:00:00,1643760000000,2787.48,2810.88,2612.72,2680.67,447852.1228,2618.17,2869.1696,3838.151919191919,35.90050126890246,-209.0203065248197,-257.0723810468669,48.05207452204718,506557.3065835,0.0438136401689932
2022-02-03 00:00:00,1643846400000,2680.25,2726.64,2576.05,2695.46,405043.3931,2656.9142857142856,2850.9092000000005,3825.7626262626254,38.77089724207777,-192.317553427049,-244.12141552290333,51.80386209585433,512543.1587135,0.1174373388387268
2022-02-04 00:00:00,1643932800000,2695.21,2995.0,2671.4,2994.99,664002.9328,2721.2,2847.4016,3812.721919191919,67.36788138213895,-153.14556677293194,-225.92624577290908,72.78067899997714,535588.2864635,0.1795896825928213
2022-02-05 00:00:00,1644019200000,2994.99,3060.47,2958.01,3012.65,356803.3071,2779.945714285714,2838.3188,3798.5174747474753,77.53161364865981,-119.30124028582668,-204.6012446754926,85.30000438966593,542889.3404335,0.2350520028368912
2022-02-06 00:00:00,1644105600000,3012.64,3074.56,2950.21,3054.99,249394.5966,2844.7042857142856,2825.668,3785.7125252525257,75.64461939126458,-88.04792192372634,-181.29058012513937,93.24265820141304,541155.8875235,0.2424567782237894
2022-02-07 00:00:00,1644192000000,3055.0,3186.0,2991.8,3139.77,455070.2529,2909.3942857142856,2821.6344,3774.122222222222,85.33922589498327,-55.79523178904674,-156.19151045792086,100.39627866887412,548952.6865284999,0.2747798407626503
2022-02-08 00:00:00,1644278400000,3139.77,3232.87,3025.21,3116.69,514773.5837,2956.46,2814.0052,3761.973333333333,83.07092155798196,-31.731326620405525,-131.2994736904178,99.56814707001227,558041.5371985,0.285630607404352
2022-02-09 00:00:00,1644364800000,3116.69,3269.7,3055.0,3243.94,370267.8913,3036.9271428571424,2810.7212,3748.377878787879,84.9352694348266,-2.3652319541433826,-105.51262534316292,103.14739338901954,558675.0964535001,0.2746376213658994
2022-02-10 00:00:00,1644451200000,3243.6,3283.66,3056.74,3072.49,578212.8383,3090.788571428572,2799.7456,3732.914646464648,75.92089058076485,6.992423205510477,-83.01161563342825,90.00403883893873,536484.6533565,0.1810773305451232
2022-02-11 00:00:00,1644537600000,3072.36,3138.62,2879.0,2927.54,462025.8751,3081.152857142857,2788.4604000000004,3716.704747474748,65.00631555824043,2.681270715718256,-65.87303836359895,68.5543090793172,505518.069665,0.1252498385658498
2022-02-12 00:00:00,1644624000000,2927.54,2985.98,2858.3,2918.88,336250.3131,3067.7571428571428,2778.8216,3700.994040404041,62.93760443411991,-1.4177948613637454,-52.98198966315192,51.56419480178817,493305.697255,0.0863212427519781
2022-02-13 00:00:00,1644710400000,2918.58,2954.4,2836.7,2871.13,242751.3547,3041.4914285714285,2770.306,3684.3589898989903,60.57205634244911,-8.422273078606395,-44.07004634624281,35.64777326763642,449286.5297955,0.0301015703763234
2022-02-14 00:00:00,1644796800000,2871.14,2964.97,2829.01,2929.75,381778.238,3011.4885714285715,2767.4368,3667.360606060606,59.73022577361727,-9.137892501476015,-37.08361557728946,27.94572307581344,442867.7939955,0.0929170692401526
2022-02-15 00:00:00,1644883200000,2929.75,3196.19,2912.06,3183.52,448971.754,3021.035714285714,2792.0516,3650.951919191919,64.1411942705843,10.649333221363122,-27.53702581755894,38.18635903892206,424994.30055099993,0.1810674244841326
2022-02-16 00:00:00,1644969600000,3183.53,3186.77,3044.03,3122.3,319997.6244,3003.658571428572,2820.4564,3634.6889898989903,66.28609359442417,21.147138750980048,-17.800192903851144,38.94733165483119,411020.095976,0.0425076544495977
2022-02-17 00:00:00,1645056000000,3122.31,3160.0,2851.55,2891.87,488693.2624,2977.855714285714,2834.5708,3617.144444444445,56.24916480537578,10.74904178699353,-12.090345965682207,22.83938775267574,411197.268771,-0.0400909498282243
2022-02-18 00:00:00,1645142400000,2891.88,2943.97,2750.0,2779.48,502977.4069,2956.7042857142856,2848.1784,3597.5533333333337,42.21620254993319,-6.485695626807683,-10.969415897907304,4.483720271099621,417512.797886,-0.0901836012556505
2022-02-19 00:00:00,1645228800000,2779.3,2830.96,2694.45,2763.63,293838.0025,2934.5257142857145,2860.3704,3578.342929292929,40.994112286082135,-21.179171428198515,-13.011367003965546,-8.167804424232969,417666.193716,-0.1197985839727113
2022-02-20 00:00:00,1645315200000,2763.63,2764.64,2576.0,2621.99,386384.904,2898.934285714286,2866.7304000000004,3557.915757575757,35.3897856718674,-43.74871319363956,-19.15883624190035,-24.58987695173921,414756.196366,-0.1587260844036462
2022-02-21 00:00:00,1645401600000,2621.99,2759.51,2558.0,2568.02,761838.9858,2847.258571428571,2872.4812,3537.12303030303,30.298477633129565,-65.23814092219163,-28.37469717795861,-36.863443744233024,433346.431975,-0.2083639031548055
2022-02-22 00:00:00,1645488000000,2568.03,2665.74,2500.0,2636.29,692639.4942,2769.082857142857,2876.1332,3517.6534343434346,33.94621111868575,-75.88509266482106,-37.876776275331096,-38.00831638948996,445585.800545,-0.1419695426185275
2022-02-23 00:00:00,1645574400000,2636.28,2753.55,2575.83,2579.71,504470.1412,2691.57,2875.2644,3501.188282828283,26.70267616007856,-87.87543841571505,-47.87650870340789,-39.99892971230716,450557.13795,-0.1188130648940748
2022-02-24 00:00:00,1645660800000,2579.7,2740.0,2300.0,2596.2,1395732.7753,2649.3314285714287,2875.0452,3484.1014141414144,31.25713251324187,-94.95271285398576,-57.29174953352347,-37.66096332046229,487143.63007500005,-0.1105492517678014
2022-02-25 00:00:00,1645747200000,2596.26,2834.97,2571.72,2768.49,679394.1762,2647.7614285714285,2878.3072,3471.693232323232,43.87293613677162,-85.6715721676851,-62.9677140603558,-22.703858107329296,503273.17353,-0.035748990815463
2022-02-26 00:00:00,1645833600000,2768.05,2878.0,2727.5,2779.47,418485.2529,2650.0242857142853,2877.9968,3456.3872727272724,44.63910786387232,-76.54781154830243,-65.68373355794513,-10.864077990357302,511727.706345,-0.0512944790511136
2022-02-27 00:00:00,1645920000000,2779.47,2836.33,2557.98,2616.79,650198.7785,2649.281428571429,2875.4416,3438.252121212121,41.01386396076824,-81.50454825336374,-68.84789649702886,-12.65665175633488,521484.132625,-0.1780199276272804
2022-02-28 00:00:00,1646006400000,2616.79,2951.6,2568.62,2920.95,733794.4488,2699.7,2884.4612,3424.7434343434343,49.73505467508068,-60.19572888264702,-67.11746297415249,6.921734091505471,532435.17588,-0.0644877173878232
2022-03-01 00:00:00,1646092800000,2920.83,3037.94,2854.09,2976.33,673901.6976,2748.2771428571427,2883.7148,3413.5349494949496,42.91575772910355,-38.39701594111512,-61.373373567545016,22.976357626429905,547616.866195,0.0292060154847901
2022-03-02 00:00:00,1646179200000,2976.33,3043.91,2914.21,2947.3,614623.7461,2800.79,2881.1008,3399.472929292929,43.88171787377459,-23.196462885030087,-53.73799143104203,30.541528546011943,549437.411585,0.0603782002388937
2022-03-03 00:00:00,1646265600000,2947.31,2970.97,2785.0,2833.99,446192.2353,2834.76,2872.2608,3384.9742424242418,47.79592085421394,-20.06182487373826,-47.00275811958129,26.940933245843027,548645.729595,0.0254592691496327
2022-03-04 00:00:00,1646352000000,2834.0,2836.17,2573.0,2622.1,556178.7588,2813.847142857143,2851.554,3365.7545454545457,44.4291054285957,-34.280193099948065,-44.45824511565464,10.178052015706577,559642.15188,4.195286785990682e-05
2022-03-05 00:00:00,1646438400000,2622.11,2685.12,2589.38,2665.15,268730.3036,2797.5157142857142,2833.4924,3351.8550505050503,46.57989053427055,-41.59509478031259,-43.88561504858624,2.290520268273646,560941.099325,0.0378229141517589
2022-03-06 00:00:00,1646524800000,2665.16,2676.29,2535.0,2551.29,336487.9099,2788.158571428571,2805.7863999999995,3336.259090909092,47.49635253622675,-55.93497393409916,-46.295486825688826,-9.639487108410336,558676.58292,-0.0322422798705757
2022-03-07 00:00:00,1646611200000,2551.3,2649.0,2445.0,2491.12,620171.6787,2726.754285714286,2782.5316000000003,3318.0403030303028,47.28870210275431,-71.33237242855694,-51.30286394626245,-20.02950848229449,567236.579155,-0.0343410693450039
2022-03-08 00:00:00,1646697600000,2491.12,2624.0,2480.15,2575.97,561659.7421,2669.56,2768.4688,3299.1659595959595,47.89784766365562,-75.8142957797304,-56.20515031295604,-19.60914546677436,579319.68504,-0.007792157769047
2022-03-09 00:00:00,1646784000000,2575.98,2775.85,2567.7,2726.98,562771.7403,2638.085714285714,2760.7928,3279.9409090909094,54.81542033155674,-66.4154118437009,-58.24720261910502,-8.168209224595877,583023.608935,-0.0149937330458118
2022-03-10 00:00:00,1646870400000,2726.98,2733.25,2550.27,2606.7,559029.9377,2605.6157142857146,2750.2156,3259.9787878787874,50.32150599532133,-67.88972885286694,-60.175707865857404,-7.714020987009533,585826.235475,-0.0621593325346199
2022-03-11 00:00:00,1646956800000,2606.69,2676.78,2522.57,2556.86,494583.6568,2596.2957142857144,2735.3,3240.237878787879,42.99465736284254,-72.2469888588762,-62.58996406446117,-9.65702479441503,595863.51819,-0.02290210525109
2022-03-12 00:00:00,1647043200000,2556.86,2616.79,2553.39,2568.8,219236.5711,2582.531428571429,2710.7112,3223.6022222222223,43.03086440173345,-73.88499041504974,-64.84896933457888,-9.03602108047086,587506.101545,-0.1205600917509712
2022-03-13 00:00:00,1647129600000,2568.8,2603.32,2493.0,2515.65,316942.1601,2577.44,2686.4452,3207.424444444444,46.39280415430268,-78.56621681472916,-67.59241883060895,-10.97379798412021,565261.26026,-0.1547812238562256
2022-03-14 00:00:00,1647216000000,2515.66,2609.6,2498.67,2589.41,386630.1912,2591.4814285714283,2674.3468,3191.1918181818182,35.85000682873533,-75.45451422969472,-69.1648379104261,-6.289676319268622,549960.7951100001,-0.1214297831913956
2022-03-15 00:00:00,1647302400000,2589.42,2669.0,2507.0,2617.73,461202.3014,2597.4471428571424,2667.8768,3173.718484848485,34.33322265522605,-69.89754480575402,-69.3113792894917,-0.5861655162623265,547797.40312,-0.0763093730041389
2022-03-16 00:00:00,1647388800000,2617.74,2788.0,2603.38,2773.81,666224.7217,2604.137142857143,2668.284,3158.2377777777774,43.177796478203085,-52.29641440459545,-65.90838631251245,13.611971907916995,511322.00044,0.0578582052553298
2022-03-17 00:00:00,1647475200000,2773.8,2836.0,2746.42,2811.92,379312.541,2633.4542857142856,2675.8812,3141.823737373738,49.0775802258612,-34.87027047884885,-59.70076314577973,24.83049266693088,496317.91868,0.0550700711029397
2022-03-18 00:00:00,1647561600000,2811.91,2984.0,2765.59,2938.92,556535.7966,2688.034285714286,2690.7172,3130.038686868687,64.25293768332403,-10.688872582849854,-49.89838503319376,39.2095124503439,503220.445865,0.1519349035193962
2022-03-19 00:00:00,1647648000000,2938.84,2987.7,2890.86,2950.84,325971.5398,2742.611428571429,2703.2992,3120.47202020202,63.22283831193476,9.32936078390594,-38.05283586977382,47.38219665367976,487009.08393,0.1845434985066958
2022-03-20 00:00:00,1647734400000,2950.85,2964.17,2817.21,2861.38,377608.8214,2792.0014285714283,2714.566,3108.0680808080806,64.68382123137826,17.770434096504232,-26.88818187651821,44.65861597302245,469199.80256,0.110797097792288
2022-03-21 00:00:00,1647820800000,2861.39,2960.57,2829.81,2890.03,450223.9073,2834.947142857143,2726.3192,3095.543131313132,69.47099192674523,26.466768639463226,-16.21719177332193,42.683960412785154,458015.913045,0.059791417612157
2022-03-22 00:00:00,1647907200000,2890.03,3052.85,2886.43,2969.64,564868.9839,2885.2200000000003,2734.3652,3087.3381818181824,69.31402274489025,39.32917583249992,-5.107918252157561,44.437094084657474,455528.174935,0.139233513637933
2022-03-23 00:00:00,1647993600000,2969.64,3045.2,2920.65,3036.0,453962.7298,2922.675714285714,2744.6264,3079.025151515152,66.53432925263247,54.25203986314136,6.764073370902224,47.48796649223914,455916.6996599999,0.1873939128462254
2022-03-24 00:00:00,1648080000000,3035.99,3129.11,2999.11,3110.76,577171.5239,2965.367142857143,2764.3852,3069.850202020202,78.3511069114471,71.289246270474,19.66910795081658,51.62013831965741,456966.337915,0.2109778885082529
2022-03-25 00:00:00,1648166400000,3110.75,3193.28,3076.0,3102.14,489099.5572,2988.684285714286,2771.6328,3061.2040404040404,82.16080402010046,83.13743651815093,32.36277366428345,50.77466285386748,467984.800595,0.2331365651024586
2022-03-26 00:00:00,1648252800000,3102.13,3153.2,3084.9,3145.0,207134.847,3016.4214285714284,2778.3796,3053.8260606060603,82.78856440488923,94.89180282025472,44.8685794954777,50.02322332477702,461517.1474500001,0.2145623906604208
2022-03-27 00:00:00,1648339200000,3145.01,3299.37,3126.02,3295.65,335467.4145,3078.46,2792.3136000000004,3047.1161616161617,89.95246680871985,115.03733991939316,58.9023315802608,56.13500833913236,447281.93424,0.2589724685127954
2022-03-28 00:00:00,1648425600000,3295.65,3431.15,3275.01,3332.92,527237.1133,3141.73,2812.2708,3041.1442424242423,89.56229314546593,132.48301895809846,73.61846905582834,58.86454990227011,445560.8028,0.2015675190442027
2022-03-29 00:00:00,1648512000000,3332.91,3481.87,3329.68,3400.51,465899.8226,3203.282857142857,2843.4072,3035.6470707070707,89.98099985698815,150.03330288918505,88.90143582249968,61.13186706668537,440717.206915,0.2093196107997383
2022-03-30 00:00:00,1648598400000,3400.51,3446.9,3331.84,3385.79,356082.5231,3253.252857142857,2872.2328,3029.3,86.53262971895217,160.89949909856475,103.3010484777127,57.59845062085208,430569.836185,0.1520524546432022
2022-03-31 00:00:00,1648684800000,3385.8,3444.83,3261.35,3281.51,455091.2395,3277.6457142857143,2901.4416,3022.249494949495,75.98008298755184,159.26065568313743,114.49296991879766,44.767685764339774,428595.21532,0.1120596169226391
2022-04-01 00:00:00,1648771200000,3281.51,3481.29,3210.68,3455.21,532169.2392,3328.0842857142857,2940.0052,3015.621212121212,77.16029249302959,170.01813556355046,125.59800304774822,44.42013251580224,444241.8487250001,0.2075327289629478
2022-04-02 00:00:00,1648857600000,3455.2,3532.2,3433.14,3443.77,499893.29,3370.7657142857142,2974.7172,3009.534444444444,75.94450351063716,175.59623933807916,135.59765030581443,39.99858903226473,453389.40522,0.1916035473680202
2022-04-03 00:00:00,1648944000000,3443.77,3580.34,3412.11,3521.91,381581.7683,3403.088571428572,3006.5144,3003.747373737373,85.18510626964253,184.19884213193384,145.3178886710383,38.88095346089551,453136.9840749999,0.1859720370145876
2022-04-04 00:00:00,1649030400000,3521.9,3547.0,3405.97,3519.5,449984.1586,3429.742857142857,3043.0264,2998.251818181818,84.49490908692361,188.6473902794619,153.98378899272302,34.66360128673887,452576.0769350001,0.1592555994729907
2022-04-05 00:00:00,1649116800000,3519.5,3555.0,3400.0,3406.99,397782.7437,3430.668571428572,3077.0316000000003,2991.885757575757,73.13262316065627,181.0077355200665,159.3885782981917,21.619157221874787,439153.978035,0.095227532821561
2022-04-06 00:00:00,1649203200000,3407.0,3407.5,3162.39,3168.51,736273.1047,3399.628571428572,3101.02,2985.580303030303,55.92923046633794,153.93543922116623,158.2979504827866,-4.362511261620369,457002.00622,0.0213949080312301
2022-04-07 00:00:00,1649289600000,3168.52,3268.98,3143.15,3227.19,458179.3272,3391.868571428572,3129.4816000000005,2981.509595959596,55.28578562673082,135.6517262893085,153.768705644091,-18.1169793547825,452084.18275,0.0261335453100159
2022-04-08 00:00:00,1649376000000,3227.2,3314.02,3173.52,3192.39,502422.5048,3354.3228571428567,3153.6008,2976.288585858586,54.00211080858159,117.00492298042444,146.4159491113577,-29.41102613093324,460906.731,-0.0313322106412999
2022-04-09 00:00:00,1649462400000,3192.39,3268.4,3181.28,3258.57,212444.2566,3327.865714285714,3179.2344,2972.069797979798,54.93417908502412,106.34153095231976,138.4010654795501,-32.05953452723034,452648.50276000006,-0.0223077661630042
2022-04-10 00:00:00,1649548800000,3258.57,3307.22,3193.0,3203.04,232303.2326,3282.3128571428574,3196.403600000001,2966.3879797979803,45.61393538120542,92.3454086402453,129.18993411168915,-36.84452547144386,441752.469025,-0.058070701159532
2022-04-11 00:00:00,1649635200000,3203.04,3213.63,2950.0,2979.74,693394.2912,3205.2042857142856,3203.1163999999994,2957.81696969697,35.77905553408064,62.5143110038307,115.85480949011747,-53.340498486286776,448178.73439000006,-0.1199276978194159
2022-04-12 00:00:00,1649721600000,2979.75,3085.0,2950.0,3027.66,579522.9505,3151.014285714285,3206.666,2950.3601010101006,34.745395183660776,42.25263267326272,101.13437412674652,-58.8817414534838,454456.745425,-0.0773576798486064
2022-04-13 00:00:00,1649808000000,3027.65,3128.97,2996.86,3118.28,419101.494,3143.8385714285714,3213.3636,2943.6244444444446,39.69522107258146,33.12553275417713,87.53260585223265,-54.40707309805552,446553.24393,-0.0975136098818885
2022-04-14 00:00:00,1649894400000,3118.28,3145.0,2976.3,3021.98,408382.5572,3114.522857142857,3219.7876,2938.385555555556,39.94077565290191,17.91512076339268,73.60910883446465,-55.69398807107197,442517.39393,-0.1224791434968072
2022-04-15 00:00:00,1649980800000,3021.98,3060.92,2993.13,3040.56,249626.2981,3092.8328571428574,3225.8088,2934.6860606060604,31.73170968111448,7.276135633708236,60.34251419431337,-53.06637856060513,444641.966485,-0.1366729984582229
2022-04-16 00:00:00,1650067200000,3040.57,3086.1,3010.03,3059.3,176352.4165,3064.3657142857146,3229.3951999999995,2933.2725252525256,33.169612761449514,0.3527582741689912,48.344563010284496,-47.99180473611551,436686.2165850001,-0.1307572098309418
2022-04-17 00:00:00,1650153600000,3059.3,3083.0,2981.7,2988.06,243772.074,3033.6542857142854,3227.4776,2932.334242424243,26.488386227307583,-10.758523227169462,36.5239457627937,-47.28246898996317,422512.96462,-0.1229619106601428
2022-04-18 00:00:00,1650240000000,2988.07,3069.6,2883.22,3055.56,510251.6536,3044.4857142857145,3225.2696,2931.360404040405,30.67528615938288,-13.956723568934194,26.427811896448123,-40.38453546538232,424730.55617,-0.035647670356098
2022-04-19 00:00:00,1650326400000,3055.56,3131.0,3030.34,3101.77,359375.0038,3055.0728571428576,3225.2548,2931.553232323232,36.54327737020319,-12.61711730030038,18.618826057098424,-31.235943357398803,424895.180205,-0.0388635314313691
2022-04-20 00:00:00,1650412800000,3101.74,3166.5,3036.45,3076.04,415000.0685,3049.038571428572,3222.4964,2929.899898989899,44.98171122182063,-13.47631902942976,12.199797039792788,-25.676116069222548,422890.621655,-0.0364460482585147
2022-04-21 00:00:00,1650499200000,3076.03,3180.0,2942.31,2983.58,562699.697,3043.552857142857,3210.0136,2925.983939393939,37.247018668006845,-21.371632987814337,5.485511034271362,-26.8571440220857,424417.1445450001,-0.0843897783383509
2022-04-22 00:00:00,1650585600000,2983.57,3034.32,2930.35,2962.39,452433.082,3032.3857142857137,3195.1924,2923.1736363636364,37.78544875199153,-29.004239274437168,-1.4124390274703431,-27.591800246966827,422044.134145,-0.0751317498376542
2022-04-23 00:00:00,1650672000000,2962.39,2978.03,2913.89,2933.03,187576.7324,3014.347142857143,3176.4932,2919.3919191919194,32.008002829729875,-36.99577708561492,-8.529106639099258,-28.46667044651566,412343.88235,-0.0156758643371568
2022-04-24 00:00:00,1650758400000,2933.04,2967.06,2912.09,2921.0,218957.0222,3004.7671428571434,3157.9016,2915.3006060606062,33.624793887456775,-43.79500725579055,-15.582286762437516,-28.212720493353032,400792.52553,-0.0352285263206568
2022-04-25 00:00:00,1650844800000,2920.99,3025.65,2797.01,3006.62,619198.3616,2997.7757142857145,3146.906,2911.8636363636365,51.85763648928819,-41.79286556854004,-20.824402523658023,-20.96846304488201,411863.306425,-0.0358082019574894
2022-04-26 00:00:00,1650931200000,3006.63,3039.54,2767.0,2809.67,531184.3504,2956.0471428571427,3121.0844,2907.8232323232323,37.50816590833555,-55.45907518031117,-27.751337054988657,-27.70773812532252,401608.86871,-0.070255263105646
2022-04-27 00:00:00,1651017600000,2809.68,2919.87,2794.46,2888.96,488951.2416,2929.3214285714284,3098.8920000000003,2905.0869696969703,36.68601950766372,-59.20907900514294,-34.042885445019515,-25.166193560123425,403147.46443,-0.0498592364564421
2022-04-28 00:00:00,1651104000000,2888.95,2980.0,2853.83,2936.93,537392.9978,2922.657142857143,3075.4927999999995,2903.6012121212125,44.768536174296,-57.6457021840838,-38.76344879283238,-18.882253391251425,404895.98908,-0.0399993462556794
2022-04-29 00:00:00,1651190400000,2936.92,2946.46,2776.63,2817.13,525978.147,2901.905714285714,3047.398,2901.7390909090914,37.778555722084256,-65.3205983820103,-44.07487871066796,-21.245719671342343,420572.6836,-0.0572043399396263
2022-04-30 00:00:00,1651276800000,2817.13,2841.63,2709.26,2726.66,367757.2469,2872.4242857142854,3020.1848,2903.340202020202,33.12876590046862,-77.80627946720051,-50.82115886197448,-26.98512060522604,427345.384315,-0.107639843432955
2022-05-01 00:00:00,1651363200000,2726.67,2849.9,2716.13,2824.81,442544.8792,2858.682857142857,3006.4368,2907.5081818181816,41.94010249523565,-78.87219736052975,-56.431366561685536,-22.440830798844217,414802.913715,-0.0892909532299299
2022-05-02 00:00:00,1651449600000,2824.81,2894.22,2778.78,2856.54,521706.8567,2837.242857142857,2991.6107999999995,2910.715555555556,39.81432197838191,-76.27732166600981,-60.4005575825504,-15.876764083459411,411912.109025,-0.0713579797401854
2022-05-03 00:00:00,1651536000000,2856.54,2861.47,2755.19,2781.7,371331.1796,2833.247142857143,2975.1832,2914.1742424242425,34.085462265933415,-79.34518462140295,-64.18948299032091,-15.15570163108204,409523.593305,-0.0676636792041776
2022-05-04 00:00:00,1651622400000,2781.7,2965.85,2771.74,2940.64,548738.0668,2840.63,2962.4660000000003,2919.04101010101,44.05514576747453,-68.16558796683739,-64.98470398562421,-3.180883981213185,416541.36878500006,-0.007342044767907
2022-05-05 00:00:00,1651708800000,2940.65,2954.65,2683.0,2747.97,734845.3194,2813.6357142857137,2944.2632,2921.9195959595963,40.49200571423959,-73.99951551135928,-66.78766629077123,-7.21184922058805,440802.31985,-0.0630951609768738
2022-05-06 00:00:00,1651795200000,2747.96,2758.18,2632.95,2692.85,711449.3234,2795.8814285714284,2932.7876,2924.632727272728,39.41269816330699,-82.12399418001496,-69.85493186861999,-12.269062311394975,467557.165195,-0.0781068127353646
2022-05-07 00:00:00,1651881600000,2692.86,2704.36,2584.75,2635.34,371271.4532,2782.835714285714,2917.0948,2925.5453535353536,38.55997663497528,-92.14113280440324,-74.31217205577664,-17.8289607486266,473932.134155,-0.1234875042406422
2022-05-08 00:00:00,1651968000000,2635.35,2642.0,2484.0,2519.71,757615.3415,2739.25,2893.152,2924.7198989899,35.716065466401844,-108.16332252089614,-81.08240214880055,-27.08092037209559,486300.3185500001,-0.1032007317585339
2022-05-09 00:00:00,1652054400000,2519.71,2530.78,2225.0,2228.55,1574924.9793,2649.537142857143,2861.4148000000005,2920.9509090909087,25.839786862746323,-142.71012845238374,-93.4079474095172,-49.30218104286655,547077.817325,-0.2285978345148426
2022-05-10 00:00:00,1652140800000,2229.0,2457.34,2200.0,2342.05,1550626.1387,2586.73,2833.4744,2917.467171717172,34.686071339682215,-159.09625699184107,-106.545609325982,-52.55064766585909,603859.1208350001,-0.202551644063699
2022-05-11 00:00:00,1652227200000,2342.04,2451.37,2005.0,2084.99,2022864.83806,2464.494285714285,2794.502,2910.3738383838386,26.41694288815229,-190.62753995589583,-123.36199545196476,-67.26554450393107,676867.377888,-0.2598886100392954
2022-05-12 00:00:00,1652313600000,2084.99,2195.0,1800.0,1960.22,2305192.90836,2351.958571428572,2753.3884,2903.0965656565654,22.585118028461565,-223.11230535558707,-143.31205743268924,-79.80024792289782,769505.3692059999,-0.2810911518121071
2022-05-13 00:00:00,1652400000000,1960.22,2147.54,1940.23,2009.69,1134042.3387,2254.364285714286,2711.5536,2896.169595959596,26.40471765379715,-242.0744172173895,-163.06452938962929,-79.00988782776022,816828.649521,-0.2885574605017682
2022-05-14 00:00:00,1652486400000,2009.69,2070.06,1951.21,2056.48,563788.3078,2171.67,2669.742,2886.689696969697,29.90271930140223,-250.4395542348429,-180.53953435867203,-69.90001987617092,834070.213801,-0.280080096900446
2022-05-15 00:00:00,1652572800000,2056.47,2167.0,2000.68,2145.29,514398.2587,2118.181428571429,2632.512,2877.9284848484845,29.507840772014475,-247.05486609484387,-193.8426007059064,-53.21226538893745,828830.208656,-0.2287845562066361
2022-05-16 00:00:00,1652659200000,2145.29,2145.29,1979.12,2023.66,822070.8531,2088.9114285714286,2594.1152,2867.5110101010096,26.17483837748155,-251.29028289575808,-205.3321371438768,-45.95814575188132,843374.533791,-0.3118300778061917
2022-05-17 00:00:00,1652745600000,2023.66,2122.42,2008.0,2090.72,568249.0448,2053.007142857143,2559.2484,2856.914545454546,30.14562214100177,-246.3954067950981,-213.54479107412104,-32.85061572097706,847339.423951,-0.2391765557848156
2022-05-18 00:00:00,1652832000000,2090.72,2110.72,1908.0,1915.11,631577.2341,2028.738571428572,2518.5316000000003,2844.777373737374,20.812390780912907,-253.7612399721297,-221.5880808537228,-32.17315911840694,852048.6357659999,-0.288816681211356
2022-05-19 00:00:00,1652918400000,1915.11,2040.39,1903.18,2019.55,741476.9794,2037.2142857142856,2482.4736,2832.409797979798,28.17219638490674,-248.3089298974719,-226.9322506624726,-21.3766792349993,862823.577386,-0.233666244203784
2022-05-20 00:00:00,1653004800000,2019.55,2064.0,1923.0,1959.08,576981.5371,2029.9842857142853,2440.572,2821.1632323232325,28.082154954567443,-246.0312632589512,-230.7520531817684,-15.279210077182851,873284.7918959999,-0.2224978271309
2022-05-21 00:00:00,1653091200000,1959.08,1990.86,1937.36,1975.07,238869.7632,2018.3542857142857,2407.188,2811.542323232324,29.7759726535938,-240.16743596940967,-232.63512973929664,-7.532306230113136,863101.0360959999,-0.1137421193152499
2022-05-22 00:00:00,1653177600000,1975.06,2056.41,1966.33,2043.19,355735.1927,2003.7685714285712,2373.3572,2802.696969696969,34.966685174902835,-227.4022443782378,-231.58855266708488,4.186308288847073,854802.4528960001,-0.1276061569992101
2022-05-23 00:00:00,1653264000000,2043.19,2088.5,1957.12,1973.32,636085.0224,1996.5771428571427,2334.8128,2793.628181818182,40.64124846911461,-220.38322254038803,-229.34748664174552,8.964264101357486,868040.1450360001,-0.053559009875347
2022-05-24 00:00:00,1653350400000,1973.33,1993.83,1913.02,1979.41,534096.972,1980.6757142857143,2301.304,2784.028787878788,35.56576286837873,-211.88668722537287,-225.85532675847105,13.96863953309807,867308.090296,0.0097897174806909
2022-05-25 00:00:00,1653436800000,1979.4,2022.34,1934.61,1942.63,524786.3091,1984.607142857143,2269.9428,2771.494545454545,43.12868037455355,-205.7492115543455,-221.834103717646,16.084892163300452,856805.1397809999,-0.0333683304390228
2022-05-26 00:00:00,1653523200000,1942.64,1966.01,1735.0,1792.23,1168740.57514,1952.132857142857,2228.6396,2758.0594949494944,42.08736446449935,-210.5936484325512,-219.5860126606269,8.992364228075814,879669.7023679999,-0.1284962654633159
2022-05-27 00:00:00,1653609600000,1792.24,1822.26,1703.0,1727.27,1296693.28537,1919.017142857143,2183.4688,2746.2958585858582,36.88882286308518,-217.1712140957316,-219.1030529476479,1.9318388519163527,925940.7939765,-0.1948547748789207
2022-05-28 00:00:00,1653696000000,1727.26,1808.98,1722.26,1792.22,558271.1818,1892.8957142857143,2143.8896000000004,2736.323535353535,37.93531656896583,-214.6684952951377,-218.2161414171459,3.5476461220081603,915973.5859915,-0.1143670379411561
2022-05-29 00:00:00,1653782400000,1792.21,1827.4,1759.96,1813.64,432430.611,1860.1028571428567,2098.8096,2726.7276767676767,33.86586754103466,-208.55259315455737,-216.2834317646282,7.730838610070833,858848.8675765,-0.1325285069258436
2022-05-30 00:00:00,1653868800000,1813.64,2013.0,1803.18,1998.78,814922.8359,1863.74,2068.842,2720.4326262626264,48.86007513974159,-186.61526135604456,-210.3497976829115,23.734536326866905,822063.7024365,0.0436893964315365
2022-05-31 00:00:00,1653955200000,1998.78,2016.45,1925.0,1941.9,751103.4226,1858.3814285714288,2038.8040000000003,2714.108181818181,43.11732277638007,-171.8386593901896,-202.6475700243672,30.80891063417752,758475.6316635,-0.0384491594662176
2022-06-01 00:00:00,1654041600000,1941.9,1972.58,1763.75,1817.95,1037841.2706,1840.57,2006.1084,2705.842121212121,45.28102111786763,-168.19102355494465,-195.75626073048264,27.565237175537987,695108.0497755,-0.0720389162259835
2022-06-02 00:00:00,1654128000000,1817.96,1853.05,1782.42,1834.08,788784.4017,1846.548571428572,1978.6832,2698.310505050505,40.14662912394412,-162.12975874322956,-189.03096033303208,26.901201589802497,677845.1529255,-0.0713848116775608
2022-06-03 00:00:00,1654214400000,1834.09,1843.91,1737.0,1775.12,741282.5346,1853.3842857142856,1960.546,2690.016767676768,40.21114469371249,-160.23663379110803,-183.27209502464729,23.035461233539223,686719.8642655,-0.1312016993035401
2022-06-04 00:00:00,1654300800000,1775.13,1816.0,1748.43,1804.58,388279.4579,1855.15,1939.0472,2680.280303030303,41.05612153896193,-154.5772722611996,-177.53313047195772,22.955858210758123,680413.9242255001,-0.0855107129102223
2022-06-05 00:00:00,1654387200000,1804.58,1830.17,1773.05,1806.23,371974.5061,1854.0914285714289,1927.8968,2670.449595959596,36.637192096002885,-148.25011126470508,-171.6765266305072,23.426415365802114,657909.1068755,-0.0874907169308026
2022-06-06 00:00:00,1654473600000,1806.22,1920.0,1804.35,1859.84,804250.3567,1834.2428571428568,1923.8816,2662.8036363636365,43.48100829522737,-137.32689269178536,-164.80659984276284,27.479707150977475,669709.1724705,-0.0426174824850847
2022-06-07 00:00:00,1654560000000,1859.84,1874.98,1725.13,1813.33,1397598.2288,1815.8757142857144,1916.0272,2651.615555555556,40.88274044795783,-130.91403605839514,-158.0280870858893,27.11405102749416,708010.2222055,0.011773042522444
2022-06-08 00:00:00,1654646400000,1813.33,1838.77,1765.28,1791.88,941510.1373,1812.1514285714288,1905.4432,2639.651414141414,41.58263258400616,-126.10893144752345,-151.64425595821615,25.535324510692703,718011.8801005,0.0374058485355504
2022-06-09 00:00:00,1654732800000,1791.88,1833.0,1777.33,1788.81,535310.9618,1805.6842857142856,1891.184,2627.949494949495,49.77143315422247,-121.15200981282304,-145.54580672913755,24.3937969163145,715928.3513355,-0.0019026681992166
2022-06-10 00:00:00,1654819200000,1788.8,1804.32,1655.93,1662.91,955035.79239,1789.6542857142856,1876.754,2616.120404040404,46.02264300192812,-125.93103691027636,-141.62285276536534,15.691815855088976,751736.652795,-0.0831091065481572
2022-06-11 00:00:00,1654905600000,1662.91,1682.21,1496.74,1532.89,1220325.2542,1750.8414285714289,1854.4408,2605.118282828282,35.1667333981582,-138.6121431899303,-141.02071085027833,2.408567660348041,794966.15587,-0.2330871831817408
2022-06-12 00:00:00,1654992000000,1532.89,1547.0,1423.0,1434.84,1563225.37018,1697.7857142857142,1835.23,2592.690909090909,30.0795136624666,-154.78950972595635,-143.77447062541395,-11.015039100542396,841323.173259,-0.2611154024409085
2022-06-13 00:00:00,1655078400000,1434.84,1455.0,1165.45,1209.82,3626351.66536,1604.9257142857143,1802.8408,2579.140707070708,10.180081965558315,-183.6504150208375,-151.74965950449868,-31.90075551633882,995935.907927,-0.3345141505541957
2022-06-14 00:00:00,1655164800000,1209.35,1268.45,1075.8,1208.9,2716493.80131,1518.5785714285716,1772.8336,2566.18898989899,10.789558146999028,-204.24274349949565,-162.24827630349807,-41.99446719599757,1105521.2825375,-0.3408684463055046
2022-06-15 00:00:00,1655251200000,1208.9,1250.0,1014.4,1237.52,3114823.13621,1439.384285714286,1743.3316,2552.6692929292926,15.424663735897155,-215.7657046323534,-172.95176196926914,-42.81394266308425,1202825.410591,-0.3028527648835007
2022-06-16 00:00:00,1655337600000,1237.53,1257.85,1051.55,1068.5,1447386.8304,1336.4828571428573,1704.344,2535.9169696969698,11.42240944913631,-235.81787412809783,-185.52498440103489,-50.29288972706297,1210360.0878425,-0.4078954659810039
2022-06-17 00:00:00,1655424000000,1068.5,1118.0,1051.11,1086.94,1220677.9491,1254.2014285714286,1668.8888,2520.5658585858587,13.846218505053912,-247.3698830022215,-197.8939641212722,-49.47591888094931,1243480.4262075,-0.398227246806885
2022-06-18 00:00:00,1655510400000,1086.93,1097.58,881.56,995.13,2308983.5187,1177.3785714285714,1629.5176,2504.7908080808083,10.089834235620105,-260.92544684374616,-210.500260665767,-50.42518617797916,1337308.0715925,-0.4649378441156228
2022-06-19 00:00:00,1655596800000,995.12,1158.62,936.15,1128.53,2018599.4499,1133.62,1596.9535999999998,2490.2426262626263,20.427808420023723,-257.9307980376045,-219.9863681401345,-37.94442989747,1397491.9022925,-0.3776477530289578
2022-06-20 00:00:00,1655683200000,1128.53,1170.0,1053.0,1128.24,1721772.9132,1121.9657142857145,1570.394,2476.228383838384,16.51777541829898,-252.66831480729297,-226.5227574735662,-26.14555733372677,1446025.3768225,-0.3703596222961359
2022-06-21 00:00:00,1655769600000,1128.24,1194.0,1109.23,1125.85,1306095.3757,1110.1014285714286,1546.3372,2461.444949494949,17.21289584128195,-245.8565309110968,-230.3895121610724,-15.467018750024463,1459438.0820775,-0.3706151016597626
2022-06-22 00:00:00,1655856000000,1125.86,1127.33,1043.65,1050.19,1306959.8593,1083.34,1516.656,2445.611212121212,16.366621017404157,-243.7534349136654,-233.06229671159096,-10.691138202074429,1485346.8549575,-0.3684625145077004
2022-06-23 00:00:00,1655942400000,1050.19,1155.0,1045.3,1144.72,1278257.0899,1094.2285714285713,1489.8991999999998,2429.155757575757,23.02963812841793,-231.78703850640568,-232.807245070554,1.0202065641482534,1512195.5827225002,-0.2532275636216559
2022-06-24 00:00:00,1656028800000,1144.71,1245.43,1132.0,1225.02,1337137.483,1113.9542857142858,1458.9488,2413.1264646464647,30.935940860449108,-213.36451096788096,-228.91869825001936,15.5541872821384,1559638.4839775,-0.1462323325248807
2022-06-25 00:00:00,1656115200000,1225.02,1256.77,1180.0,1242.36,861986.6177,1149.2728571428572,1430.9671999999998,2395.9894949494947,35.9754390368704,-195.11615450928912,-222.15818950187327,27.04203499258421,1584139.0895575,0.026896563125093
2022-06-26 00:00:00,1656201600000,1242.31,1280.0,1194.6,1197.79,884184.273,1159.1671428571428,1406.1608,2378.28191919192,37.93405340472966,-182.15090481085625,-214.15673256366992,32.0058277528137,1588135.7853725,-0.0091901728844404
2022-06-27 00:00:00,1656288000000,1197.79,1238.93,1172.49,1192.51,868734.2061,1168.3485714285714,1380.4979999999998,2361.4246464646462,48.86502222746765,-170.33834843959585,-205.3930557388551,35.05470729925926,1561692.5842375,-0.0363711293554851
2022-06-28 00:00:00,1656374400000,1192.51,1237.99,1136.32,1144.05,1104065.2211,1170.9485714285713,1355.2551999999998,2343.788484848485,45.99745713545073,-163.0080738075303,-196.91605935259017,33.90798554505986,1569820.3384275,0.0707065980346279
2022-06-29 00:00:00,1656460800000,1144.05,1156.8,1087.42,1100.21,1295517.796,1178.0942857142857,1327.0804,2324.9053535353537,41.681509214496025,-158.90454725753557,-189.31375693357927,30.4092096760437,1607830.6801375,0.0122085855705007
2022-06-30 00:00:00,1656547200000,1100.21,1106.62,998.0,1071.01,1420670.3656,1167.5642857142857,1297.6716,2305.0569696969696,50.18307537453867,-156.20800027668452,-182.6926056022004,26.48460532551581,1631112.408798,0.0762513440455014
2022-07-01 00:00:00,1656633600000,1071.02,1117.0,1033.44,1059.73,1562255.1439,1143.9514285714286,1265.6672,2284.339494949495,47.99439817203508,-153.21500192671056,-176.79708486710237,23.58208294039181,1648208.903283,-0.0609642632451064
2022-07-02 00:00:00,1656720000000,1059.73,1078.88,1028.29,1067.01,714812.0804,1118.9014285714286,1235.8144,2263.7826262626263,56.05233909265434,-148.54327955078588,-171.14632380383907,22.603044253053184,1605788.238794,-0.054270368006807
2022-07-03 00:00:00,1656806400000,1067.01,1088.34,1040.78,1074.26,644746.3337,1101.2542857142855,1207.1096,2242.8660606060607,44.19783180447752,-142.6119497172176,-165.43944898651478,22.827499269297164,1456707.972211,-0.0458231558378113
2022-07-04 00:00:00,1656892800000,1074.26,1160.9,1045.37,1151.0,1150108.9861,1095.3242857142857,1181.5972,2221.202929292929,52.09145041534956,-130.2179796229152,-158.39515511379489,28.17717549087968,1378388.7314505,0.0959921538007406
2022-07-05 00:00:00,1656979200000,1151.01,1174.9,1076.34,1132.5,1398961.4495,1093.6742857142858,1160.3808,2198.9764646464646,50.59350623850919,-120.4994220889414,-150.81600850882418,30.316586419882785,1292595.647115,-0.010675099587672
2022-07-06 00:00:00,1657065600000,1132.51,1205.0,1111.44,1186.57,1211768.0757,1106.0114285714285,1146.528,2176.613434343434,62.65966136937472,-107.19867847014211,-142.09254250108776,34.89386403094565,1280814.70938,-0.0313872426572627
2022-07-07 00:00:00,1657152000000,1186.57,1254.29,1163.18,1237.49,1001316.079,1129.7942857142857,1138.634,2154.9134343434343,59.37013918348383,-91.49423627911528,-131.97288125669328,40.478644977578,1269846.615875,-0.0039199587881129
2022-07-08 00:00:00,1657238400000,1237.49,1276.46,1193.15,1214.04,1189518.3631,1151.8385714285716,1138.8028,2134.029898989899,48.747090236888944,-80.01817204079953,-121.58193941351456,41.56376737271502,1213873.358095,0.013566651917281
2022-07-09 00:00:00,1657324800000,1214.03,1235.4,1204.67,1217.02,576337.1809,1173.2685714285717,1139.1276,2111.421919191919,47.01052333537823,-69.87734482228097,-111.24102049526785,41.36367567298687,1141760.244645,0.0205532867648907
2022-07-10 00:00:00,1657411200000,1217.02,1219.95,1153.0,1168.36,1018038.6506,1186.7114285714283,1136.3612,2088.43797979798,46.56119277418148,-65.01763865595126,-101.99634412740454,36.97870547145328,1106573.531515,0.0212490712818496
2022-07-11 00:00:00,1657497600000,1168.37,1171.29,1091.71,1096.4,1201652.3048,1178.9114285714284,1137.4772,2063.937878787879,40.28387148951658,-66.20963366915794,-94.83900203575524,28.62936836659729,1101351.37797,-0.0034629752501794
2022-07-12 00:00:00,1657584000000,1096.37,1098.26,1033.46,1038.58,1261349.6321,1165.4942857142858,1135.5428,2038.8780808080808,39.53566822105367,-71.00142880863154,-90.07148739033049,19.070058581698945,1099070.86661,-0.0302798293199877
2022-07-13 00:00:00,1657670400000,1038.58,1119.18,1006.32,1115.0,2035605.8299,1155.27,1140.3375999999998,2015.7266666666667,51.3783013065439,-67.85036883176736,-85.62726367861787,17.77689484685051,1136938.30361,0.0521547941456785
2022-07-14 00:00:00,1657756800000,1115.01,1214.65,1072.11,1193.42,1605101.9262,1148.9742857142858,1142.9332000000002,1995.776262626263,60.4489970123773,-58.35263957545772,-80.17233885798584,21.81969928252812,1150336.52577,0.118471242068959
2022-07-15 00:00:00,1657843200000,1193.42,1287.82,1181.05,1231.25,1466037.2584,1151.4328571428573,1147.0536,1975.6152525252528,64.00620610811693,-47.22863358176232,-73.58359780274114,26.35496422097881,1180539.057805,0.1461378064900489
2022-07-16 00:00:00,1657929600000,1231.25,1422.91,1191.23,1355.85,1493809.9226,1171.2657142857145,1156.2536,1957.0643434343435,69.79386529974506,-28.03542508434589,-64.47396325906209,36.4385381747162,1211020.340285,0.1779756733275412
2022-07-17 00:00:00,1658016000000,1355.84,1387.0,1319.04,1338.65,1246202.8795,1195.5928571428572,1167.792,1937.671212121212,67.87457576699975,-14.05059876774476,-54.38929036079863,40.338691593053866,1229893.773955,0.1820309050772628
2022-07-18 00:00:00,1658102400000,1338.65,1597.47,1336.07,1581.04,2029918.76521,1264.8271428571427,1185.2448,1921.2873737373736,73.75334172908244,16.402249187059397,-40.23098245122702,56.63323163828642,1276186.4511605,0.3324456205702151
2022-07-19 00:00:00,1658188800000,1581.03,1631.0,1493.11,1542.32,1846048.6816,1336.7899999999995,1197.9368,1906.76797979798,72.14190006915629,36.985622950087645,-24.78766137096409,61.77328432105173,1303712.9954405,0.2463292632667737
2022-07-20 00:00:00,1658275200000,1542.33,1620.4,1484.23,1521.58,1351177.4247,1394.8728571428571,1209.1056,1891.5550505050503,68.77627198439654,51.03623632055019,-9.622881832661236,60.65911815321142,1300238.3483955,0.2533194952390365
2022-07-21 00:00:00,1658361600000,1521.63,1605.98,1463.56,1575.45,1247327.4963,1449.4485714285713,1224.212,1875.970909090909,68.87918128393628,65.7602640458922,5.453747343049452,60.30651670284275,1284491.9660155,0.2945144697704229
2022-07-22 00:00:00,1658448000000,1575.45,1650.05,1516.11,1535.27,1170723.0873,1492.88,1237.9224000000002,1860.953636363636,67.61535002577348,73.34153632021003,19.031305138481567,54.31023118172845,1307287.5163605,0.3140384812900134
2022-07-23 00:00:00,1658534400000,1535.27,1596.51,1488.0,1548.67,851284.7339,1520.4257142857143,1254.1072,1845.88404040404,67.9812624022728,79.51442444031409,31.12792899884808,48.38649544146601,1317614.4363705,0.4125045603794235
2022-07-24 00:00:00,1658620800000,1548.66,1664.34,1545.67,1597.7,1009935.8997,1557.432857142857,1274.0068,1831.120404040404,73.26844284506494,87.35581058067692,42.37350531521385,44.98230526546307,1310605.7820505,0.538350440023879
2022-07-25 00:00:00,1658707200000,1597.7,1609.55,1435.58,1440.79,1418390.9809,1537.3971428571429,1288.798,1815.491414141414,67.09080622909491,79.98680188061167,49.89616462829342,30.090637252318245,1311577.2586205,0.2921883408071748
2022-07-26 00:00:00,1658793600000,1440.79,1454.11,1356.17,1449.12,1199643.7408,1524.082857142857,1304.3736,1799.2647474747473,71.42603649116947,73.96633293462764,54.71019828956027,19.256134645067377,1310971.0418755,0.2142581823666436
2022-07-27 00:00:00,1658880000000,1449.12,1644.44,1420.83,1635.74,1513426.0413,1540.3914285714288,1327.1228,1784.4563636363637,74.3737362390474,83.29358566430255,60.426875764508736,22.86670989979382,1336576.5399905,0.3285197969543147
2022-07-28 00:00:00,1658966400000,1635.74,1784.79,1593.27,1724.52,1578145.07555,1561.6871428571428,1353.1332,1770.8046464646466,74.61987761913592,96.73421289508131,67.68834319062326,29.04586970445807,1356007.875613,0.271910609580706
2022-07-29 00:00:00,1659052800000,1724.52,1765.99,1655.02,1721.68,1205266.5703,1588.3171428571427,1375.9604000000002,1758.0581818181815,73.49680436178267,105.93568194603245,75.3378109417051,30.597871004327345,1387454.345083,0.28613155044261
2022-07-30 00:00:00,1659139200000,1721.68,1744.85,1673.01,1697.0,735132.5286,1609.5071428571428,1398.5404,1745.2764646464643,68.07532134493319,109.9687909523784,82.26400694383977,27.70478400853864,1373309.038983,0.0733441279158022
2022-07-31 00:00:00,1659225600000,1697.0,1754.69,1666.0,1678.12,696326.8079,1620.9957142857145,1418.2024,1732.6006060606062,67.95434591747144,110.36933172997284,87.8850719010664,22.48425982890643,1348042.764138,0.0880491726749312
2022-08-01 00:00:00,1659312000000,1678.12,1704.68,1606.12,1630.28,801566.5648,1648.0657142857142,1433.914,1719.5630303030305,53.27908153751898,105.60907927105131,91.4298733750634,14.17920589598792,1325053.610773,0.0714388990391567
2022-08-02 00:00:00,1659398400000,1630.28,1678.0,1559.28,1630.91,1081964.5104,1674.0357142857142,1450.5888,1705.6669696969698,56.21483591261769,100.72627088561649,93.28915287717402,7.437118008442468,1277371.544798,0.0352026405154082
2022-08-03 00:00:00,1659484800000,1630.91,1685.03,1589.71,1618.16,777724.7413,1671.5242857142855,1466.6344,1693.631515151515,56.85217243238642,94.73573701229157,93.57846970419752,1.1572673080940348,1236002.6855529998,0.0539905032990939
2022-08-04 00:00:00,1659571200000,1618.16,1662.79,1580.39,1607.96,735552.181,1654.8728571428571,1484.2184,1680.6921212121215,52.45889240171237,88.14901404017337,92.4925785713927,-4.343564531219329,1199478.431683,0.0382844634428252
2022-08-05 00:00:00,1659657600000,1607.97,1742.07,1605.64,1736.81,1005846.4712,1657.0342857142855,1509.8348,1668.5696969696971,63.440659428601904,92.26256140913824,92.4465751389418,-0.1840137298035671,1175080.2591130002,0.087068911560368
2022-08-06 00:00:00,1659744000000,1736.81,1749.93,1685.26,1690.6,523314.6444,1656.12,1535.9156,1657.190606060606,59.06843013225991,90.74773314939148,92.10680674103176,-1.359073591640268,1138935.847358,0.1733840462524032
2022-08-07 00:00:00,1659830400000,1690.6,1729.79,1668.0,1700.19,439904.764,1659.2728571428572,1559.3232,1646.822222222222,56.89601808615145,89.29175393563673,91.54379617995276,-2.252042244316016,1059435.1472975002,0.1732568731368005
2022-08-08 00:00:00,1659916800000,1700.2,1818.0,1693.87,1777.05,781620.5443,1680.24,1582.6684,1636.238787878788,75.35667963683527,93.26474168627738,91.88798528121768,1.3767564050596943,1006213.7404325,0.0863890349322018
2022-08-09 00:00:00,1660003200000,1777.05,1790.83,1667.93,1702.76,818171.1019,1690.5042857142855,1601.5288,1624.5844444444442,67.395956215193,89.38836751157964,91.38806172729008,-1.9996942157104345,979563.4242925,-0.0126180038503467
2022-08-10 00:00:00,1660089600000,1702.76,1885.0,1656.78,1853.57,1317767.5127,1724.1342857142856,1621.4375999999995,1615.2093939393935,65.71168909854157,97.3630787136076,92.58306512455358,4.780013589054008,983085.4251125,0.0766054086706007
2022-08-11 00:00:00,1660176000000,1853.58,1942.0,1850.32,1880.19,1105261.9009,1763.0242857142855,1643.0992,1604.497777777778,62.33420489660091,104.62505382957124,94.99146286555712,9.633590964014118,979812.3657925,0.1079493223335297
2022-08-12 00:00:00,1660262400000,1880.19,1964.71,1853.06,1958.28,717628.1015,1794.662857142857,1658.1888,1596.5211111111112,66.74925668979186,115.35172887678414,99.06351606780252,16.288212808981612,973129.5341725,0.1669487283388555
2022-08-13 00:00:00,1660348800000,1958.28,2020.0,1946.5,1983.55,695876.0293,1836.5128571428568,1675.8380000000002,1589.3564646464647,70.26835858478688,124.45710985250024,104.14223482474208,20.314875027758177,957426.5406525,0.2166928380400912
2022-08-14 00:00:00,1660435200000,1983.55,2030.0,1906.0,1935.31,569583.4852,1870.1014285714284,1692.3872,1582.2854545454547,67.46621392190153,126.32443557589636,108.57867497497294,17.74576060092342,914986.1658675,0.1866442660845784
2022-08-15 00:00:00,1660521600000,1935.32,2012.47,1872.31,1899.06,949162.3305,1887.5314285714287,1705.3316,1576.0162626262627,68.54524880633676,123.456107460883,111.55416147215496,11.901945988728045,902462.0953525,0.1735922282098185
2022-08-16 00:00:00,1660608000000,1899.05,1915.0,1853.0,1876.67,622729.1499,1912.3757142857144,1718.9876000000002,1572.461919191919,66.46258138849441,118.01583777007863,112.8464967317397,5.169341038338928,857927.2507825,0.1671123659792532
2022-08-17 00:00:00,1660694400000,1876.67,1959.43,1818.74,1834.25,951824.8975,1909.6157142857144,1730.4108,1567.3326262626265,63.92171011094074,109.0246767556871,112.0821327365292,-3.057455980842093,826611.24188,0.0561028552345967
2022-08-18 00:00:00,1660780800000,1834.24,1882.37,1821.25,1846.39,606254.024,1904.787142857143,1740.3584000000003,1564.9225252525257,65.32267393288177,101.70630642525862,110.00696747427509,-8.300661049016469,796660.614565,0.0921507157222289
2022-08-19 00:00:00,1660867200000,1846.39,1848.0,1602.37,1609.01,1419826.9515,1854.8914285714288,1747.0872,1561.3749494949498,42.79236599891717,75.87719797349541,103.18101357411916,-27.30381560062375,830895.33571,-0.0536293002546774
2022-08-20 00:00:00,1660953600000,1609.0,1657.08,1523.67,1576.04,914615.9226,1796.6757142857143,1752.164,1556.9946464646464,43.441121238492194,52.1459341098805,92.97399768127144,-40.82806357139094,841809.7914450001,-0.1131144312202807
2022-08-21 00:00:00,1661040000000,1576.03,1646.52,1562.34,1618.13,780662.6062,1751.364285714286,1751.4596,1552.5668686868687,45.4704025082246,36.31641473969921,81.642481092957,-45.32606635325779,840764.5935150001,-0.0497016608330004
2022-08-22 00:00:00,1661126400000,1618.13,1629.72,1529.92,1624.66,941192.8954,1712.1642857142858,1747.4652,1547.3079797979797,40.88020203712792,24.02141905377698,70.118268685121,-46.096849631344014,833726.012765,-0.123496819650728
2022-08-23 00:00:00,1661212800000,1624.65,1676.07,1563.76,1665.41,940246.932,1681.9842857142855,1745.2144,1543.6892929292928,47.67130120331692,17.365551561344546,59.567725260365705,-42.20217369902116,841852.1222999999,-0.1142331360128497
2022-08-24 00:00:00,1661299200000,1665.4,1694.13,1604.92,1656.56,744667.6078,1656.6,1743.5968,1539.3038383838386,35.074773860210016,11.246959633526105,49.90357213499779,-38.656612501471685,842307.89364,-0.1540739832914598
2022-08-25 00:00:00,1661385600000,1656.56,1722.0,1653.68,1695.11,603090.713,1634.9885714285715,1744.2764000000002,1537.081616161616,36.22752708655792,9.400234224169708,41.802904552832175,-32.40267032866247,822170.10573,-0.1454160469864637
2022-08-26 00:00:00,1661472000000,1695.11,1706.45,1486.85,1508.18,1149912.8292,1620.5842857142857,1739.3924000000002,1531.9162626262628,21.175521286951195,-7.065550460929217,32.029213550079895,-39.09476401100911,853500.0149700001,-0.220703659878779
2022-08-27 00:00:00,1661558400000,1508.18,1518.42,1447.52,1491.06,756136.6768,1608.4442857142858,1733.7984,1527.188787878788,18.128162980028748,-21.25127292975685,21.373116254112546,-42.6243891838694,869311.6106100001,-0.2148431329183912
2022-08-28 00:00:00,1661644800000,1491.06,1511.0,1424.0,1426.76,544846.4486,1581.1057142857142,1726.1424,1521.650303030303,17.759012007557047,-37.25260793604889,9.64797141608026,-46.90057935212915,857472.9058249999,-0.2397384729334406
2022-08-29 00:00:00,1661731200000,1426.76,1559.99,1422.08,1551.8,826252.0831,1570.6971428571428,1723.8959999999995,1516.686767676768,30.212203405283447,-39.39003441749105,-0.1596297506340018,-39.23040466685705,857876.954885,-0.1539866430421153
2022-08-30 00:00:00,1661817600000,1551.79,1606.13,1473.61,1524.59,1003075.0172,1550.58,1715.4072,1512.1541414141416,30.047150564446667,-42.78636531414804,-8.68497686333681,-34.10138845081123,842142.3301100001,-0.1742860392441467
2022-08-31 00:00:00,1661904000000,1524.59,1619.78,1524.59,1554.1,949227.6775,1535.9428571428573,1709.9472,1507.858080808081,33.887757801626464,-42.60564034356139,-15.469109559381726,-27.136530784179666,834340.61894,-0.0341265747260738
2022-09-01 00:00:00,1661990400000,1554.11,1599.0,1512.77,1586.16,728710.482,1520.3785714285714,1705.386,1504.257373737374,35.368664889968414,-39.421019465255085,-20.2594915405564,-19.16152792469869,834894.7379650001,0.0064211568234309
2022-09-02 00:00:00,1662076800000,1586.17,1650.0,1546.41,1575.35,919009.6598,1529.9742857142858,1697.3180000000002,1502.0666666666664,47.46046595847416,-37.3390399228183,-23.675401217008776,-13.663638705809523,846051.41949,-0.0264379252594044
2022-09-03 00:00:00,1662163200000,1575.35,1582.71,1534.28,1557.46,321397.2189,1539.4599999999998,1691.506,1500.351414141414,48.565561114199255,-36.70946575227276,-26.28221412406157,-10.427251628211188,833642.1061750001,-0.041362500461635
2022-09-04 00:00:00,1662249600000,1557.45,1583.66,1540.66,1579.28,296591.1166,1561.2485714285715,1680.5344,1498.2005050505052,46.90374101407462,-34.05724136506751,-27.837219572262764,-6.220021792804747,801013.5454800001,-0.0517169946139389
2022-09-05 00:00:00,1662336000000,1579.29,1631.99,1556.56,1617.8,503492.937,1570.6771428571428,1670.0388,1496.222323232323,49.4797985925746,-28.51835056181494,-27.973445770173203,-0.5449047916417378,795051.734835,-0.0233978847732651
2022-09-06 00:00:00,1662422400000,1617.8,1687.4,1555.0,1559.01,1010722.8578,1575.5942857142857,1654.068,1491.7802020202018,42.14644227930321,-28.54356887195217,-28.087470390529,-0.4560984814231759,797996.6328499999,-0.0802897747048864
2022-09-07 00:00:00,1662508800000,1559.01,1657.5,1490.66,1630.0,850991.4243,1586.4371428571428,1639.9259999999997,1488.6296969696969,48.20428915271656,-22.57502402807745,-26.98498111803869,4.409957089961239,810233.5028649999,0.0807728520468378
2022-09-08 00:00:00,1662595200000,1630.0,1663.56,1595.06,1635.37,645124.0085,1593.467142857143,1627.9284,1486.7854545454547,45.77127810181777,-17.213172380847254,-25.030619370600405,7.817446989753151,771498.355715,0.0967834963046423
2022-09-09 00:00:00,1662681600000,1635.37,1746.13,1630.51,1718.23,837458.2126,1613.8785714285714,1620.6952,1485.6152525252526,67.43761310996362,-6.206215422124387,-21.265738580905204,15.059523158780816,767640.470215,0.2042880372312092
2022-09-10 00:00:00,1662768000000,1718.24,1789.0,1706.03,1774.12,411046.2466,1644.83,1616.5932,1485.6051515151516,72.07749664617975,6.946656444933751,-15.623259575737414,22.569916020671165,749159.652235,0.1432658847789663
2022-09-11 00:00:00,1662854400000,1774.12,1789.0,1720.1,1766.11,409287.7263,1671.52,1613.8676,1485.2165656565658,79.0156813790037,16.533474500948387,-9.191912760400257,25.725387261348644,722564.3937799999,0.1584163611200388
2022-09-12 00:00:00,1662940800000,1766.12,1783.0,1693.0,1716.37,630774.6032,1685.6014285714284,1608.6668,1484.3088888888888,66.15109820009027,19.888235376732386,-3.375883132973728,23.26411850970611,707090.7773399999,0.1044141303648413
2022-09-13 00:00:00,1663027200000,1716.37,1760.51,1560.54,1574.4,1134549.7256,1687.8,1607.2824000000005,1481.4256565656567,53.9897153292857,10.96472056001926,-0.5077623943751308,11.47248295439439,726584.88323,-0.0074141322439098
2022-09-14 00:00:00,1663113600000,1574.4,1647.01,1552.38,1638.39,764562.5393,1688.9985714285715,1609.7764000000002,1479.6585858585856,56.39811146027844,8.953024101796473,1.38439490485919,7.568629196937283,734658.474545,0.0400165042688926
2022-09-15 00:00:00,1663200000000,1638.4,1655.2,1458.0,1472.75,1335499.8047,1665.7671428571427,1603.9612,1476.4350505050506,42.842898433654334,-5.938567415065336,-0.0801975591257151,-5.858369855939621,743937.82332,-0.0543898398674765
2022-09-16 00:00:00,1663286400000,1472.76,1483.35,1405.52,1433.9,693597.2425,1625.1485714285714,1596.3308,1472.850101010101,41.37846964026673,-20.63723806314738,-4.191605659930048,-16.44563240321733,740810.851605,-0.0920546071627576
2022-09-17 00:00:00,1663372800000,1433.9,1476.13,1409.12,1468.83,421391.3743,1581.5357142857142,1588.4675999999995,1470.889696969697,44.70783524606804,-29.13166961861725,-9.17961845166749,-19.95205116694976,734638.09789,-0.0920818395351712
2022-09-18 00:00:00,1663459200000,1468.82,1469.63,1325.55,1334.51,804113.468,1519.8785714285714,1575.5856,1468.8858585858584,37.11560529335592,-46.16985195274765,-16.577665151883522,-29.592186800864127,733531.167135,-0.1440016420677224
2022-09-19 00:00:00,1663545600000,1334.51,1393.35,1280.0,1375.98,974855.198,1471.2514285714285,1562.8203999999998,1468.291313131313,37.31029995172225,-55.68455489882968,-24.39904310127276,-31.28551179755692,732120.176175,-0.155840490797546
2022-09-20 00:00:00,1663632000000,1375.98,1384.78,1312.71,1322.93,658027.1465,1435.3271428571427,1555.4103999999998,1469.4338383838383,37.53642775689488,-66.73642125375068,-32.86651873176834,-33.86990252198234,717560.149625,-0.1910515663122106
2022-09-21 00:00:00,1663718400000,1322.94,1408.9,1220.0,1245.78,1192266.7379,1379.24,1545.5992,1469.8063636363636,29.8466283412362,-80.78917784232112,-42.4510505538789,-38.33812728844222,740737.96242,-0.2749631888629578
2022-09-22 00:00:00,1663804800000,1245.79,1350.08,1237.32,1326.46,904282.2725,1358.3414285714284,1541.5872,1470.7047474747476,34.98322881726703,-84.44248653316913,-50.84933774973695,-33.593148783432184,740001.593055,-0.2523279146844632
2022-09-23 00:00:00,1663891200000,1326.47,1360.0,1262.15,1327.25,974052.3644,1343.1057142857142,1532.6052000000002,1473.318383838384,29.34557518383906,-86.2794379401505,-57.93535778781967,-28.344080152330832,772634.35033,-0.2484896184269382
2022-09-24 00:00:00,1663977600000,1327.24,1349.33,1306.52,1317.13,517557.3497,1321.4342857142858,1524.3067999999998,1475.6435353535353,24.631679452876057,-87.54269687222813,-63.85682560470137,-23.685871267526764,783682.6619849999,-0.2326071884267376
2022-09-25 00:00:00,1664064000000,1317.13,1337.0,1269.27,1294.63,515533.8409,1315.7371428571428,1513.928,1478.6687878787875,24.24169580419581,-89.32966387744887,-68.95139325925086,-20.378270618198,784284.70718,-0.1776994410569106
2022-09-26 00:00:00,1664150400000,1294.62,1340.42,1277.85,1336.17,799166.4333,1310.05,1503.9284,1480.7661616161618,29.04079382579934,-86.39797519062813,-72.44070964552631,-13.95726554510182,773706.8859550001,-0.1844615750828557
2022-09-27 00:00:00,1664236800000,1336.17,1400.0,1303.75,1328.02,860584.8944,1310.777142857143,1494.0351999999998,1482.7841414141417,34.06709951110996,-83.76661824009216,-74.70589136443948,-9.060726875652676,774186.55946,-0.0982719402478357
2022-09-28 00:00:00,1664323200000,1328.01,1355.7,1253.2,1337.2,919314.9131,1323.837142857143,1485.2248000000002,1484.91898989899,29.036568899035306,-80.01810076328911,-75.7683332442094,-4.249767519079711,787896.1046900001,-0.0674384545644745
2022-09-29 00:00:00,1664409600000,1337.2,1352.02,1288.52,1335.7,770591.6895,1325.1571428571428,1475.4816,1487.802929292929,37.63599949479458,-76.2889990277506,-75.87246640091765,-0.4165326268329608,784552.7785349999,-0.0906367653166124
2022-09-30 00:00:00,1664496000000,1335.69,1373.19,1313.35,1328.72,740753.611,1325.3671428571429,1463.9184,1489.661515151515,39.93223064553181,-73.05475693833728,-75.30892450840157,2.254167570064297,801038.146755,-0.0043386711227341
2022-10-01 00:00:00,1664582400000,1328.71,1333.69,1302.68,1311.79,252081.9056,1324.6042857142857,1454.0296000000003,1490.53797979798,34.43175509556667,-71.03881505132267,-74.4549026169858,3.4160875656631333,793177.8557200001,-0.0466503873602814
2022-10-02 00:00:00,1664668800000,1311.79,1317.93,1270.0,1276.72,371740.0407,1322.0457142857142,1439.8984000000005,1490.8850505050505,42.86736935647108,-71.4474210936753,-73.8534063123237,2.4059852186483965,780226.1275950001,-0.0349300416499739
2022-10-03 00:00:00,1664755200000,1276.72,1329.9,1263.04,1323.09,483775.2435,1320.1771428571428,1427.4072,1492.1507070707069,43.55015731323625,-67.25430706881002,-72.53358646362096,5.279279394810942,747687.40349,0.0620575061407311
2022-10-04 00:00:00,1664841600000,1323.1,1369.55,1318.66,1361.49,476207.6702,1324.9585714285713,1413.1375999999998,1493.857575757576,54.87656819101578,-60.13942505994055,-70.05475418288489,9.915329122944344,733269.660035,0.026408636521267
2022-10-05 00:00:00,1664928000000,1361.5,1364.77,1316.29,1352.2,483508.7782,1327.1014285714284,1396.2608000000002,1495.960101010101,66.24732824427483,-54.62082035145363,-66.96796741659864,12.347147065145007,690670.1087100001,0.0187982670936146
2022-10-06 00:00:00,1665014400000,1352.2,1383.99,1345.01,1352.06,573975.324,1329.438571428571,1379.6988,1498.5040404040403,55.18302559118884,-49.6858358037623,-63.51154109403137,13.82570529026907,684689.012785,0.0265197816464584
2022-10-07 00:00:00,1665100800000,1352.07,1361.75,1317.26,1331.1,491999.8776,1329.7785714285712,1364.2879999999998,1501.131212121212,50.72062291768052,-46.92519735980159,-60.19427234718542,13.269074987383831,688219.4379499999,0.0281702107938173
2022-10-08 00:00:00,1665187200000,1331.1,1337.35,1303.51,1315.48,203391.6612,1330.3057142857142,1353.9312,1503.7145454545455,49.69739206983822,-45.47358379419393,-57.25013463658712,11.776550842393192,658183.34761,-0.0154845566058211
2022-10-09 00:00:00,1665273600000,1315.48,1329.0,1307.26,1323.13,186201.9185,1336.9357142857143,1341.3208000000002,1506.301616161616,55.52796958646909,-43.20780582918246,-54.44166887510619,11.233863045923728,618750.6836349999,-0.0036821734612429
2022-10-10 00:00:00,1665360000000,1323.13,1338.0,1288.0,1290.03,393663.0114,1332.212857142857,1334.0120000000002,1508.4811111111112,40.74757359428891,-43.580682855692885,-52.26947167122353,8.688788815530643,605532.4768800001,-0.0352752019144481
2022-10-11 00:00:00,1665446400000,1290.03,1298.0,1267.01,1280.11,429430.3941,1320.587142857143,1327.8604,1509.7852525252524,40.460356019274414,-44.16751604904789,-50.6490805467884,6.481564497740514,567390.65969,-0.0416186269371866
2022-10-12 00:00:00,1665532800000,1280.11,1306.87,1275.25,1294.44,369712.5759,1312.3357142857144,1320.8848,1511.42101010101,41.65691094981661,-42.980818225618805,-49.11542808255449,6.134609856935683,540662.1748599999,-0.0257992654584863
2022-10-13 00:00:00,1665619200000,1294.44,1301.58,1190.0,1287.08,945618.3163,1303.0528571428572,1318.9876000000002,1512.4362626262628,40.725621852586606,-42.14838183147231,-47.72201883233805,5.5736370008657445,539240.472455,-0.0188368565090448
2022-10-14 00:00:00,1665705600000,1287.08,1343.12,1283.39,1296.27,669742.8093,1298.0771428571427,1315.7992000000002,1513.03,43.86183936745735,-40.28275922259445,-46.23416691038933,5.951407687794884,546849.745435,0.0153126762328466
2022-10-15 00:00:00,1665792000000,1296.26,1301.69,1263.64,1274.92,287100.9529,1292.282857142857,1313.8788,1513.6449494949495,43.1404651162791,-40.06516020740423,-45.00036556979232,4.935205362388082,535428.101035,-0.0364071983009469
2022-10-16 00:00:00,1665878400000,1274.93,1315.35,1274.67,1305.95,293321.3632,1289.8285714285714,1316.2856,1514.5432323232324,55.521136337879184,-36.96276599085991,-43.39284565400583,6.430079663145925,510135.84753,-0.0407935423690221
2022-10-17 00:00:00,1665964800000,1305.96,1338.57,1295.64,1331.4,459848.4941,1295.7385714285715,1316.4832,1516.190101010101,51.70433569875717,-32.08068771874309,-41.130414066953286,9.049726348210193,490099.027515,-0.0153823398905487
2022-10-18 00:00:00,1666051200000,1331.39,1341.73,1286.72,1310.71,572728.9189,1300.11,1315.8216,1518.3548484848482,38.76946213729656,-29.54059006715579,-38.81244926699379,9.271859199837998,472769.727805,-0.0305829622945726
2022-10-19 00:00:00,1666137600000,1310.71,1313.5,1280.31,1285.09,368637.5105,1298.7742857142855,1314.54,1520.8448484848484,36.157749267769496,-29.25760085218394,-36.90147958403182,7.643878731847877,452672.018855,-0.034565397040042
2022-10-20 00:00:00,1666224000000,1285.09,1310.87,1270.36,1282.57,428531.6103,1298.13,1314.0576,1522.5374747474746,35.80620123371057,-28.903491343562564,-35.30188193593797,6.398390592375407,437060.91882,-0.0250174841122632
2022-10-21 00:00:00,1666310400000,1282.57,1306.97,1252.65,1299.75,468076.7986,1298.6271428571429,1312.6008000000002,1523.611515151515,43.49612049292565,-26.92618627163916,-33.62674280307821,6.700556531439055,447860.66347,-0.0176702213690265
2022-10-22 00:00:00,1666396800000,1299.76,1320.2,1294.32,1313.61,221776.7007,1304.1542857142856,1312.0244,1524.4434343434343,49.60919540229883,-23.96452347999957,-31.694298938462484,7.729775458462914,440362.49647,0.0182786446826817
2022-10-23 00:00:00,1666483200000,1313.62,1371.55,1299.44,1364.2,432269.46,1312.4757142857145,1313.1044,1524.5277777777778,57.27701194230835,-17.335362905581178,-28.822511731886223,11.487148826305043,437787.207295,0.0656896672942171
2022-10-24 00:00:00,1666569600000,1364.19,1370.6,1324.17,1343.61,611830.797,1314.22,1313.4208,1524.5778787878787,59.93399584692966,-13.586529260033103,-25.775315237515603,12.1887859774825,444568.363635,0.0379855381477702
2022-10-25 00:00:00,1666656000000,1343.61,1525.16,1334.94,1459.74,1127932.9012,1335.51,1318.6616,1523.3526262626262,73.8939583388757,-1.2306450162559486,-20.86638119326368,19.635736177007725,476789.569785,0.1341486154706779
2022-10-26 00:00:00,1666742400000,1459.74,1594.99,1457.44,1566.1,1236044.7023,1375.6542857142856,1328.8339999999998,1523.5928282828283,79.02846640451355,16.94847392136171,-13.3034101703386,30.251884091700312,509893.0387,0.2081587940783942
2022-10-27 00:00:00,1666828800000,1566.11,1578.58,1503.2,1514.05,869454.4851,1408.722857142857,1338.3272,1523.5167676767678,72.13866292112911,26.846091619821664,-5.273509812306548,32.11960143212821,528765.769075,0.1875647099425845
2022-10-28 00:00:00,1666915200000,1514.04,1574.9,1479.82,1554.41,858954.4425,1445.1028571428574,1347.58,1523.3042424242424,73.73570193828385,37.51429817422968,3.284051785000698,34.23024638922898,561543.90814,0.1902523067498756
2022-10-29 00:00:00,1667001600000,1554.4,1663.06,1547.66,1619.55,914161.0846,1488.8085714285714,1357.9024,1524.1555555555558,79.32671851864455,50.64141956957201,12.75552534191496,37.88589422765705,597941.866445,0.2164263181613337
2022-10-30 00:00:00,1667088000000,1619.55,1640.06,1576.56,1590.44,476036.4243,1521.1285714285714,1367.432,1524.577474747475,74.28839750704344,58.026925852879685,21.80980544410791,36.21712040877178,602060.53709,0.2134186814779775
2022-10-31 00:00:00,1667174400000,1590.45,1635.8,1545.43,1572.69,810334.2414,1553.8542857142857,1376.2571999999998,1524.3248484848482,70.87464313521929,61.73606125031006,29.795056605348343,31.94100464496172,621105.729455,0.2237975550350559
2022-11-01 00:00:00,1667260800000,1572.69,1612.92,1563.69,1578.48,527539.2965,1570.817142857143,1386.1524,1525.715656565657,73.77852766184175,64.4004144961566,36.71612818351,27.68428631264661,628997.065485,0.230716452123471
2022-11-02 00:00:00,1667347200000,1578.47,1621.68,1502.32,1518.34,981395.3648,1563.9942857142855,1394.2668,1526.4148484848486,69.51654199508008,60.956470007903135,41.56419654838862,19.39227345951452,630785.91791,0.1681784958645893
2022-11-03 00:00:00,1667433600000,1518.33,1559.01,1515.17,1531.01,560202.8813,1566.4171428571428,1402.582,1525.3569696969696,70.44033436450997,58.57427452556362,44.966212143823626,13.608062381739998,625308.92151,0.1654981311043613
2022-11-04 00:00:00,1667520000000,1531.01,1680.0,1528.4,1644.78,935531.4781,1579.3271428571427,1416.772,1524.551515151515,74.49418579886697,65.11603846930825,48.99617740892055,16.1198610603877,657730.44777,0.2056736548893123
2022-11-05 00:00:00,1667606400000,1644.78,1666.97,1621.42,1626.98,351385.5362,1580.3885714285714,1430.6468,1523.5949494949498,72.12283798093894,68.0793459640447,52.81281111994539,15.266534844099318,660633.65642,0.210901973042773
2022-11-06 00:00:00,1667692800000,1626.98,1639.02,1564.39,1568.29,414863.9525,1577.2242857142858,1441.6008000000002,1522.2948484848484,64.24513156976337,64.94336926090045,55.2389227481364,9.70444651276405,658384.42934,0.0743625577157576
2022-11-07 00:00:00,1667779200000,1568.25,1608.04,1545.03,1568.1,642409.4494,1576.5685714285714,1452.8416,1521.1835353535353,66.12831381564767,61.731155385093416,56.53736927552781,5.193786109565608,661868.455865,0.0012770576591532
2022-11-08 00:00:00,1667865600000,1568.09,1579.98,1233.0,1334.77,2339916.5089,1541.752857142857,1454.3815999999997,1518.1985858585856,42.31568591280822,39.89775527857682,53.209446476137614,-13.31169119756079,760432.405785,-0.1184108847131865
2022-11-09 00:00:00,1667952000000,1334.78,1337.16,1073.53,1102.73,2494797.9357,1482.38,1447.494,1512.8634343434344,25.32194326981456,3.8268263600400574,43.332922452918105,-39.506096092878046,863745.7220549999,-0.2905797054831094
2022-11-10 00:00:00,1668038400000,1102.73,1350.0,1085.93,1299.28,1975955.6767,1449.2757142857142,1447.2272,1509.6424242424243,40.08750796156296,-8.79828121271703,32.90668171979108,-41.70496293250811,939139.66596,-0.1977524621036708
2022-11-11 00:00:00,1668124800000,1299.28,1310.0,1201.26,1289.28,1308087.1498,1398.49,1445.5423999999998,1506.423434343434,37.41037256522027,-19.387202744504293,22.44790482693201,-41.8351075714363,993455.188415,-0.1893564045169891
2022-11-12 00:00:00,1668211200000,1289.35,1292.16,1238.7,1257.25,547772.9172,1345.6714285714286,1443.404,1501.579393939394,32.23775812366402,-30.017529269471424,11.954818007651324,-41.97234727712275,999230.361275,-0.2005735396041178
2022-11-13 00:00:00,1668297600000,1257.25,1274.23,1200.66,1221.49,547410.5304,1296.1285714285714,1440.86,1496.840909090909,32.028913503034545,-40.856702139238,1.392513978273458,-42.24921611751145,996009.347945,-0.226160610207288
2022-11-14 00:00:00,1668384000000,1221.5,1291.2,1171.13,1243.28,934742.0059,1249.7257142857145,1439.2884,1492.225656565657,34.01775750812672,-47.14509453419191,-8.315007724219617,-38.83008680997229,986349.80318,-0.1811583703254869
2022-11-15 00:00:00,1668470400000,1243.29,1291.0,1234.01,1253.23,632825.568,1238.0771428571427,1437.4275999999998,1486.9345454545453,34.28303582646346,-50.74089946432173,-16.80018607224004,-33.94071339208169,956188.846465,-0.1814357842208738
2022-11-16 00:00:00,1668556800000,1253.22,1268.67,1187.06,1216.17,673339.7215,1254.282857142857,1433.53,1482.019494949495,35.065191819143365,-55.93623495699512,-24.62739584919106,-31.30883910780406,946383.108285,-0.2605880421697734
2022-11-17 00:00:00,1668643200000,1216.16,1228.22,1181.05,1200.43,530537.3488,1240.1614285714288,1426.9792000000002,1475.4221212121213,33.71045629250024,-60.62481706712947,-31.826880092778744,-28.797936974350726,929962.2536,-0.2621728601457915
2022-11-18 00:00:00,1668729600000,1200.42,1234.0,1199.18,1212.58,360218.5337,1229.2042857142858,1421.7379999999998,1468.6785858585858,26.332851447846835,-62.63809573384901,-37.9891232209928,-24.64897251285621,902265.126055,-0.2268139183441838
2022-11-19 00:00:00,1668816000000,1212.58,1235.0,1197.67,1217.67,209789.5888,1223.55,1412.0552000000002,1461.1976767676767,27.269900152159664,-63.09558647576455,-43.01041587194715,-20.0851706038174,888952.78428,-0.2234742682226898
2022-11-20 00:00:00,1668902400000,1217.67,1227.07,1132.65,1142.21,531108.7607,1212.2242857142858,1395.0996000000002,1452.6992929292928,26.77126720020935,-68.75458251030523,-48.15924919961877,-20.595333310686456,874991.5102449998,-0.1442645549420499
2022-11-21 00:00:00,1668988800000,1142.21,1146.99,1079.76,1107.34,922647.9454,1192.804285714286,1378.8312,1444.3359595959594,25.79584375196991,-75.18639327799042,-53.564678015293104,-21.621715262697315,894746.9426899999,0.0041805337661984
2022-11-22 00:00:00,1669075200000,1107.34,1146.13,1075.0,1139.6,748884.5791,1176.571428571429,1362.2388,1436.6646464646462,37.001665001665,-76.79528897030218,-58.21080020629492,-18.58448876400726,883121.4034049999,-0.1228988362785543
2022-11-23 00:00:00,1669161600000,1139.59,1190.0,1127.75,1184.52,636927.1594,1172.05,1344.8376,1429.6732323232325,57.25564643471781,-73.59729797173964,-61.28809975938387,-12.309198212355769,886957.61731,-0.0812546537602382
2022-11-24 00:00:00,1669248000000,1184.52,1217.71,1180.6,1203.73,486080.6123,1172.5214285714285,1329.3692,1423.3043434343435,37.632348753527154,-68.72061216976908,-62.77460224146092,-5.946009928308165,864485.07402,-0.0425690992244979
2022-11-25 00:00:00,1669334400000,1203.72,1207.77,1171.2,1199.3,391430.1658,1170.624285714286,1314.4335999999998,1416.7680808080809,38.18291657911327,-64.47009637426777,-63.11370106802229,-1.3563953062454743,866487.3055,-0.018166337833302
2022-11-26 00:00:00,1669420800000,1199.29,1235.66,1196.2,1205.6,379840.8116,1168.9,1299.5184,1412.693232323232,42.72514718724471,-59.90265412566396,-62.471491679550624,2.5688375538866666,864736.1484549999,-0.0303069300559809
2022-11-27 00:00:00,1669507200000,1205.61,1223.33,1188.65,1193.88,286386.7986,1176.2814285714285,1286.54,1408.8330303030302,45.82867502643905,-56.57645117732022,-61.29248357910455,4.716032401784325,846935.0159149999,-0.0473576278895333
2022-11-28 00:00:00,1669593600000,1193.88,1199.25,1151.02,1167.77,478795.6093,1184.9142857142856,1272.0104,1404.2839393939396,38.73892683508815,-55.408554836853455,-60.115697830654334,4.707142993800879,753878.970935,-0.0397970678441337
2022-11-29 00:00:00,1669680000000,1167.77,1228.37,1158.27,1216.49,512143.5861,1195.8985714285714,1254.8788,1400.16101010101,45.088760560367874,-49.975604087634565,-58.08767908205039,8.11207499441582,654746.253455,0.0133785393567305
2022-11-30 00:00:00,1669766400000,1216.49,1309.77,1212.5,1294.46,815679.2717,1211.6042857142857,1241.578,1396.4140404040404,59.433666706832135,-38.92966712927068,-54.25607669149445,15.326409562223766,596732.433205,0.0675254416203468
2022-12-01 00:00:00,1669852800000,1294.46,1299.9,1262.77,1276.41,430018.7391,1221.9871428571428,1229.9028,1392.5741414141414,59.10463499976034,-31.27168612623064,-49.65919857844169,18.38751245221105,552829.01267,0.0482396708467811
2022-12-02 00:00:00,1669939200000,1276.4,1297.18,1265.24,1295.59,371559.585,1235.7428571428572,1219.0024,1388.538585858586,59.782224421975535,-23.38544247853565,-44.40444735846049,21.01900487992484,544018.34606,0.1342835380534226
2022-12-03 00:00:00,1670025600000,1295.58,1309.0,1236.26,1240.51,347148.2588,1240.73,1215.232,1385.8348484848484,52.40786033566668,-21.33410694283657,-39.79037927533571,18.45627233249914,534005.23248,0.1202611663987573
2022-12-04 00:00:00,1670112000000,1240.5,1287.19,1240.1,1279.41,324129.5466,1252.9485714285713,1222.2992,1383.6969696969695,65.67211916293522,-16.380677597855083,-35.10843893983959,18.727761341984504,503474.609515,0.1226833976833978
2022-12-05 00:00:00,1670198400000,1279.4,1305.11,1246.61,1259.41,391628.5166,1266.0400000000002,1220.7044,1382.006565656566,67.9815537424619,-13.908552867765591,-30.86846172542479,16.959908857659197,491414.756945,0.0632239219261812
2022-12-06 00:00:00,1670284800000,1259.41,1274.76,1241.56,1271.32,301631.839,1273.8728571428571,1219.986,1379.173434343434,66.36273291925467,-10.863115510940588,-26.86739248252796,16.004276971587366,472829.36282,0.0561504656359814
2022-12-07 00:00:00,1670371200000,1271.31,1278.69,1218.01,1231.18,398559.5166,1264.8328571428572,1218.9432,1376.209696969697,55.86593583425528,-11.555344185667993,-23.80498282315596,12.249638637487967,466230.47121,0.0265821729342117
2022-12-08 00:00:00,1670457600000,1231.18,1292.58,1222.01,1280.18,406653.5447,1265.3714285714286,1221.2908,1373.4428282828285,58.94131131435524,-8.05717184608784,-20.655420627742338,12.598248781654496,468552.22176,0.0618613138686132
2022-12-09 00:00:00,1670544000000,1280.18,1296.64,1250.0,1263.1,406008.0032,1260.73,1222.0836,1370.179595959596,57.24736459469284,-6.587126031931348,-17.84176170858014,11.254635676648792,478363.14248,0.057979026367809
2022-12-10 00:00:00,1670630400000,1263.11,1283.61,1259.6,1266.35,182278.6396,1264.4214285714286,1222.6084,1367.058383838384,56.94905172611014,-5.101054513353574,-15.293620269534827,10.192565756181256,460921.636425,0.0844173082028139
2022-12-11 00:00:00,1670716800000,1266.35,1284.75,1255.85,1263.01,180494.902,1262.0785714285716,1224.482,1364.0841414141412,58.06218365871293,-4.1450605371080655,-13.063908323049477,8.918847785941411,423813.984255,0.0382411692656741
2022-12-12 00:00:00,1670803200000,1263.0,1278.9,1240.03,1275.4,363750.5481,1264.362857142857,1227.4808,1361.0146464646464,62.96715741789356,-2.3604491820767635,-10.923216494854936,8.562767312778172,404557.282705,-0.0147242865750969
2022-12-13 00:00:00,1670889600000,1275.41,1349.0,1255.1,1320.69,659393.8825,1271.4157142857143,1231.8051999999998,1358.0135353535354,62.65853540016523,2.6775277961623942,-8.20306763665147,10.880595432813864,405680.61886,0.034691047547418
2022-12-14 00:00:00,1670976000000,1320.69,1352.72,1301.0,1307.44,554465.5717,1282.31,1235.396,1355.472424242424,51.87107190220838,5.537167562062905,-5.455020596908596,10.9921881589715,409099.86683,0.0091464120593707
2022-12-15 00:00:00,1671062400000,1307.45,1311.14,1259.27,1266.54,390051.2447,1280.3614285714284,1240.3692,1351.8011111111111,48.665169998106606,4.451846380793313,-3.4736472013682143,7.925493582161527,409030.920775,0.0209833052534844
2022-12-16 00:00:00,1671148800000,1266.53,1280.06,1155.32,1166.83,751422.2779,1266.6085714285714,1242.7488,1347.0683838383836,35.700959488272915,-4.403283848187584,-3.6595745307320886,-0.7437093174554956,427609.99409,-0.0879936845889903
2022-12-17 00:00:00,1671235200000,1166.82,1190.03,1161.92,1187.16,328881.6281,1255.2957142857142,1244.6512,1341.70404040404,43.57986955161377,-9.669117687438074,-4.861483162073286,-4.807634525364788,429734.735565,-0.0573681326970565
2022-12-18 00:00:00,1671321600000,1187.16,1199.54,1170.32,1183.06,252260.144,1243.874285714286,1244.5928,1335.7337373737375,37.34534660747589,-14.01164713200842,-6.691515956060313,-7.320131175948108,418407.9623,-0.0694239058616241
2022-12-19 00:00:00,1671408000000,1183.06,1195.0,1150.51,1167.82,296832.7228,1228.5057142857142,1243.1564,1329.690404040404,37.81821083712392,-18.469963396192952,-9.047205444086842,-9.42275795210611,407642.419135,-0.0514628242823959
2022-12-20 00:00:00,1671494400000,1167.82,1230.47,1163.12,1216.94,465184.1943,1213.6842857142858,1243.862,1324.6456565656565,43.41869584160336,-17.834057752506396,-10.804575905770754,-7.029481846735642,390117.665265,-0.0493993032229842
2022-12-21 00:00:00,1671580800000,1216.95,1223.39,1203.02,1213.78,245723.8377,1200.3042857142857,1244.1892,1321.0030303030303,47.68715440238197,-17.38468372679722,-12.120597469976047,-5.264086256821173,380902.920195,-0.0390467896445253
2022-12-22 00:00:00,1671667200000,1213.78,1237.99,1182.54,1217.71,336761.6598,1193.3285714285714,1245.1424,1316.7537373737375,40.566009242200025,-16.520989732560565,-13.000675922492952,-3.520313810067613,379163.02393500006,-0.0384096024006
2022-12-23 00:00:00,1671753600000,1217.72,1231.99,1210.0,1219.99,278604.2882,1200.922857142857,1247.2312,1314.200606060606,43.18505169306652,-15.474152674596326,-13.495371272913626,-1.9787814016826992,375735.825405,-0.0340614880325571
2022-12-24 00:00:00,1671840000000,1219.98,1227.99,1214.69,1220.41,123701.5301,1205.672857142857,1247.388,1312.0441414141414,42.67211127416581,-14.44413329670897,-13.685123677672696,-0.7590096190362736,365714.42458,-0.0431158852124823
2022-12-25 00:00:00,1671926400000,1220.42,1225.0,1193.18,1218.51,231652.0612,1210.7371428571428,1244.35,1309.5156565656566,42.86904685597079,-13.624099501535513,-13.67291884244526,0.0488193409097483,357715.60181,-0.0773686482066192
2022-12-26 00:00:00,1672012800000,1218.52,1231.09,1211.67,1228.11,162723.0857,1219.35,1242.418,1308.4409090909091,42.35358794424861,-12.060550522393214,-13.350445178434851,1.289894656041637,350770.164145,-0.0606758245120235
2022-12-27 00:00:00,1672099200000,1228.12,1233.73,1200.58,1211.55,262437.6398,1218.58,1239.0564,1306.78,30.54545454545457,-12.01913123078748,-13.08418238890538,1.0650511581178996,343964.070305,-0.0434174996447013
2022-12-28 00:00:00,1672185600000,1211.55,1215.78,1181.06,1190.15,367828.8914,1215.2042857142858,1237.042,1305.4387878787877,29.68300710202672,-13.556832569491917,-13.178712425022688,-0.3781201444692286,342022.83764,0.0199857734202926
2022-12-29 00:00:00,1672272000000,1190.15,1206.57,1186.77,1200.49,249130.4869,1212.7442857142858,1233.8852,1304.981313131313,37.204076097485405,-13.782247207285993,-13.29941938147535,-0.4828278258106415,334178.961825,0.0112284780484517
2022-12-30 00:00:00,1672358400000,1200.48,1202.15,1181.08,1199.99,266014.2115,1209.8871428571426,1231.5084,1303.7038383838385,60.43554884189326,-13.841677510887848,-13.40787100735785,-0.4338065035299987,338365.74042000005,0.0143103477422954
2022-12-31 00:00:00,1672444800000,1199.98,1208.46,1191.66,1196.13,139379.2811,1206.4185714285716,1228.5008,1302.3793939393938,53.1493574889404,-14.038420027830853,-13.533980811452452,-0.5044392163784011,336309.959375,0.0242417495846964
2023-01-01 00:00:00,1672531200000,1196.13,1204.67,1190.57,1200.34,117762.0685,1203.8228571428572,1227.2672,1301.199696969697,56.06230704462532,-13.696740574976047,-13.566532764157172,-0.1302078108188755,324010.535395,-0.0136407711144346
2023-01-02 00:00:00,1672617600000,1200.33,1224.29,1193.0,1214.0,252794.14,1201.8071428571427,1224.62,1300.3852525252526,66.38285795373922,-12.18326817658567,-13.289879846642872,1.1066116700572015,303680.54827,0.0001812519566972
2023-01-03 00:00:00,1672704000000,1213.99,1219.89,1204.93,1214.55,205519.4944,1202.2357142857145,1222.678,1299.1567676767677,48.70628992096995,-10.814783896632209,-12.79486065664074,1.980076760008533,286233.244405,-0.0025950349426383
2023-01-04 00:00:00,1672790400000,1214.56,1272.6,1212.71,1256.9,457799.6648,1211.7714285714285,1222.3,1298.438383838384,66.38795986622083,-6.241016624342592,-11.48409185018111,5.243075225838519,289620.66541,0.0302543463471012
2023-01-05 00:00:00,1672876800000,1256.91,1259.95,1242.81,1251.24,272805.33,1219.0214285714287,1221.8292,1297.570101010101,62.57783779728413,-3.037968002185835,-9.794867080582057,6.75689907839622,265689.818015,0.0252620021140435
2023-01-06 00:00:00,1672963200000,1251.25,1276.7,1236.0,1269.14,342344.2023,1228.9,1221.5788,1296.8977777777775,66.50325700087305,0.934083972463668,-7.649076869972911,8.583160842436579,266362.946725,0.0415507464033944
2023-01-07 00:00:00,1673049600000,1269.13,1271.09,1261.3,1264.07,129474.2884,1238.6057142857142,1219.314,1296.244747474747,64.2159416514717,3.631001229269032,-5.393061250124522,9.024062479393551,260223.653945,0.0292807647523429
2023-01-08 00:00:00,1673136000000,1264.06,1296.0,1257.77,1290.16,213636.7848,1251.4371428571428,1218.6228,1296.026262626263,70.15471167369904,7.783845219879822,-2.7576799561236536,10.541525176003477,256063.857045,0.0648838265032396
2023-01-09 00:00:00,1673222400000,1290.15,1344.91,1285.44,1320.39,581727.6968,1266.6357142857144,1220.7768,1296.4673737373737,73.25839298316366,13.36030310175579,0.4659166554522351,12.894386446303557,261891.03217,0.1094315842540856
2023-01-10 00:00:00,1673308800000,1320.4,1347.69,1316.8,1335.62,459660.2307,1283.9314285714286,1227.5284,1296.5939393939395,81.48185739659984,18.7919974183053,4.131132808022849,14.660864610282452,272587.85182,0.1125623703654339
2023-01-11 00:00:00,1673395200000,1335.63,1398.0,1321.04,1389.39,472465.9556,1302.8585714285714,1235.6176,1296.8757575757577,93.42254380611972,27.12278929117701,8.729464104653681,18.39332518652333,279373.06661,0.1578346486220718
2023-01-12 00:00:00,1673481600000,1389.4,1438.0,1361.92,1415.92,877712.4492,1326.384285714286,1244.932,1297.519393939394,93.85611335043356,35.457024641248154,14.074976211972576,21.38204842927557,309328.47466,0.1837509300828503
2023-01-13 00:00:00,1673568000000,1415.91,1464.0,1401.03,1451.2,499377.8649,1352.392857142857,1256.2672,1298.520808080808,94.79653339990722,44.39698652929519,20.1393782754371,24.25760825385809,328112.2914,0.2089907859439825
2023-01-14 00:00:00,1673654400000,1451.21,1599.98,1449.14,1549.9,940691.7774,1393.2257142857145,1269.5856,1300.730909090909,97.14042054206747,58.76878588284444,27.86525979691857,30.903526085925872,363564.27721,0.27668863261944
2023-01-15 00:00:00,1673740800000,1549.91,1566.66,1516.03,1552.52,387832.7138,1430.7057142857143,1283.1352,1303.1252525252526,97.12825179316984,69.5680157366753,36.20581098486992,33.362204751805386,374819.758615,0.2782676711539253
2023-01-16 00:00:00,1673827200000,1552.52,1604.5,1521.31,1576.94,574622.8953,1467.3557142857142,1297.5044,1305.68898989899,97.20863683662846,79.18418709524167,44.80148620694428,34.38270088829739,390429.02139,0.2546264619301455
2023-01-17 00:00:00,1673913600000,1576.94,1609.0,1541.15,1565.57,506771.7219,1500.2057142857143,1311.3276,1308.4722222222222,94.40817772379933,84.90883203890189,52.8229553733358,32.08587666556609,397376.162915,0.2512147949234358
2023-01-18 00:00:00,1674000000000,1565.56,1610.0,1501.39,1511.43,752534.8857,1517.64,1322.9684,1310.808787878788,81.2682735067934,84.10747030485936,59.07985835964052,25.027611945218844,422546.382855,0.1909088043872229
2023-01-19 00:00:00,1674086400000,1511.44,1564.43,1509.15,1551.09,308679.4645,1536.9500000000005,1336.2716,1313.4012121212122,83.99582775900771,85.68489378610957,64.40086544493433,21.284028341175244,424679.645505,0.2270602102731651
2023-01-20 00:00:00,1674172800000,1551.09,1669.9,1542.02,1658.52,440570.9974,1566.5671428571427,1353.4879999999998,1317.153131313131,86.69657330267272,94.5142153878171,70.42353543351088,24.090679954306225,439739.2313200001,0.2855149748868357
2023-01-21 00:00:00,1674259200000,1658.53,1679.26,1616.21,1626.66,494248.6009,1577.532857142857,1370.0924,1320.490404040404,82.52920172967544,97.8131515100913,75.90145864882697,21.911692861264328,458563.55794,0.2319541953513735
2023-01-22 00:00:00,1674345600000,1626.65,1663.89,1604.0,1627.44,431729.6909,1588.2357142857145,1387.5839999999998,1324.0512121212123,81.69805646404272,99.34533050606046,80.59023302027367,18.75509748578679,467510.3354850001,0.2184902891541009
2023-01-23 00:00:00,1674432000000,1627.43,1648.09,1585.29,1626.29,407267.1156,1595.2857142857142,1404.616,1327.2869696969697,80.41118224837953,99.32187723502692,84.33656186322433,14.9853153718026,477597.716545,0.1705064812615606
2023-01-24 00:00:00,1674518400000,1626.28,1641.46,1535.0,1555.97,462275.3243,1593.9142857142856,1418.8552000000002,1329.5553535353536,69.74356217407669,92.56205627071267,85.981660744722,6.580395525990667,477821.49952,0.0989109554212102
2023-01-25 00:00:00,1674604800000,1555.97,1641.0,1518.0,1611.94,646474.9166,1608.2728571428572,1435.4875999999997,1332.5980808080808,69.8623779519126,90.6759053012845,86.92050965603451,3.7553956452499904,496504.97885,0.1107635060639471
2023-01-26 00:00:00,1674691200000,1611.95,1632.84,1577.43,1601.09,532777.8466,1615.4157142857143,1451.5176,1335.79,67.00211183546045,87.29928097707375,86.99626392024237,0.3030170568313792,506026.661065,0.0330279372862765
2023-01-27 00:00:00,1674777600000,1601.08,1621.0,1552.54,1597.62,512093.3875,1606.7157142857145,1466.8624,1338.972323232323,64.27819167609313,83.38210487147194,86.27343211048829,-2.8913272390163485,525157.61602,0.0290495452554555
2023-01-28 00:00:00,1674864000000,1597.61,1606.83,1555.99,1572.1,313675.6574,1598.9214285714284,1481.1644,1341.7233333333336,52.52525252525251,77.32708536000064,84.48416276039077,-7.157077400390136,530159.55965,-0.0030692353545475
2023-01-29 00:00:00,1674950400000,1572.1,1660.0,1566.33,1644.72,551767.9134,1601.39,1496.6772,1345.0678787878787,59.047020959258965,77.49495229135528,83.08632066658367,-5.591368375228399,528661.57048,0.0505566662621281
2023-01-30 00:00:00,1675036800000,1644.73,1647.53,1535.0,1566.2,595055.3281,1592.8057142857142,1509.2756,1347.1082828282829,49.04729801653479,70.47963490376856,80.56498351402065,-10.085348610252098,535431.3253499999,0.0362372058249471
2023-01-31 00:00:00,1675123200000,1566.21,1605.18,1561.63,1585.33,348856.6751,1597.0,1521.9232000000002,1349.549898989899,51.72902593538903,65.70615678068748,77.59321816735402,-11.887061386666543,529250.8613250001,0.0220747990123075
2023-02-01 00:00:00,1675209600000,1585.32,1647.77,1555.18,1641.68,474617.1709,1601.2485714285715,1537.0276,1351.3876767676768,61.35313703955511,65.71262085199783,75.21709870428279,-9.504477852284964,509096.0974100001,-0.010153630948074
2023-02-02 00:00:00,1675296000000,1641.67,1714.68,1626.85,1643.12,629188.8874,1607.252857142857,1551.146,1352.1656565656565,58.59434825647634,65.08369531411313,73.19041802624886,-8.106722712135735,515586.648535,0.010118893929893
2023-02-03 00:00:00,1675382400000,1643.12,1676.0,1625.93,1663.52,464815.032,1616.6671428571428,1564.8712,1353.6754545454544,50.5575627815692,65.47660327942685,71.64765507688446,-6.171051797457608,491792.811265,0.0221697881335103
2023-02-04 00:00:00,1675468800000,1663.52,1695.29,1645.43,1666.38,308227.1295,1630.1357142857144,1578.1016,1354.8064646464643,54.73556202012495,65.26641318638872,70.37140669878532,-5.104993512396604,487812.5320499999,0.024651199970485
2023-02-05 00:00:00,1675555200000,1666.39,1673.81,1609.3,1629.02,413579.6748,1627.892857142857,1587.6868,1354.9021212121213,50.17326081235196,61.37767264983313,68.57265988899488,-7.194987239161748,479760.37102500006,0.0469482059422738
2023-02-06 00:00:00,1675641600000,1629.01,1658.56,1605.01,1614.29,384119.4197,1634.7628571428572,1595.6216,1355.14303030303,48.72215359713763,56.45643521920056,66.14941495503602,-9.692979735835465,473627.755915,0.0014578706403463
2023-02-07 00:00:00,1675728000000,1614.28,1678.37,1613.14,1671.03,451922.4,1647.0057142857145,1604.4147999999998,1356.1363636363635,62.61733485393454,56.48365449469679,64.21626286296818,-7.732608368271386,458597.13163,0.0436827411326035
2023-02-08 00:00:00,1675814400000,1671.03,1697.91,1630.47,1650.43,417966.2539,1648.2557142857142,1608.4359999999997,1356.8631313131314,54.57571506692978,54.21798692427706,62.21660767522996,-7.998620750952902,464061.4711,0.0330554199371566
2023-02-09 00:00:00,1675900800000,1650.42,1656.17,1524.4,1545.35,658011.6964,1634.2885714285717,1608.1492,1357.1359595959595,44.586457402587314,43.44257231013876,58.46180060221173,-15.019228292072969,474933.5060500001,-0.0170154570319954
2023-02-10 00:00:00,1675987200000,1545.35,1555.01,1490.0,1513.06,484654.2199,1612.7942857142857,1605.594,1356.9546464646469,42.22279449635789,31.92938339809143,53.155317161387664,-21.22593376329624,474453.787,-0.0800500997130211
2023-02-11 00:00:00,1676073600000,1513.05,1543.0,1505.0,1538.51,289691.5708,1594.5271428571427,1604.5116,1355.881212121212,46.91024155122616,24.57541050804753,47.43933583071964,-22.86392532267212,467351.880995,-0.0176797343889669
2023-02-12 00:00:00,1676160000000,1538.5,1548.02,1493.08,1514.83,286758.374,1578.2142857142858,1604.6475999999998,1354.748383838384,36.86998362412309,16.644686329146452,41.280405930405,-24.63571960125855,461326.443915,-0.0444702364807326
2023-02-13 00:00:00,1676246400000,1514.82,1526.1,1461.93,1505.24,643152.3904,1562.635714285714,1602.8136000000002,1354.1115151515153,42.8400281888654,9.47645870944757,34.91961648621352,-25.44315777676595,470370.29722,-0.0831099848935237
2023-02-14 00:00:00,1676332800000,1505.25,1569.0,1482.66,1555.71,668964.3768,1546.1614285714284,1598.7012,1353.9863636363636,46.75958340626642,7.778428993620992,29.49137898769501,-21.712949994074023,471494.77023,-0.0531975753444665
2023-02-15 00:00:00,1676419200000,1555.7,1680.0,1542.55,1674.92,581207.8586,1549.66,1600.6316,1357.4222222222224,53.19676860934795,15.86905039582416,26.766913269320845,-10.897862873496685,473916.27083,0.0068529383476003
2023-02-16 00:00:00,1676505600000,1674.92,1742.97,1633.72,1637.84,832723.6731,1562.8728571428571,1601.0476,1362.8273737373738,49.52478669402743,19.06906374061805,25.22734336358029,-6.15827962296224,489947.78511000006,-0.0171269458346836
2023-02-17 00:00:00,1676592000000,1637.83,1722.0,1630.51,1693.87,579934.663,1588.702857142857,1603.7507999999998,1366.8131313131314,52.56694351878477,25.82851506499333,25.3475777038629,0.4809373611304259,503260.7353899999,0.0398092104455438
2023-02-18 00:00:00,1676678400000,1693.81,1713.13,1679.77,1691.62,267305.7813,1610.5757142857144,1609.1768,1370.8771717171717,52.136954754808976,30.65055225571496,26.408172614233315,4.242379641481641,489037.628785,0.0479034126458071
2023-02-19 00:00:00,1676764800000,1691.62,1726.59,1666.14,1679.75,401023.0477,1634.1357142857144,1611.8892,1375.1448484848484,54.48882439343798,33.132312991970366,27.753000689780727,5.379312302189639,479336.014765,0.0052183383900947
2023-02-20 00:00:00,1676851200000,1679.74,1719.89,1650.56,1703.27,451314.8335,1662.4257142857143,1615.9763999999998,1380.0113131313133,57.75276199769978,36.57537552901408,29.5174756576274,7.0578998713866845,484458.922685,0.0320158988869567
2023-02-21 00:00:00,1676937600000,1703.27,1716.66,1636.3,1659.76,520354.4688,1677.2899999999995,1618.4620000000002,1384.2181818181818,48.99488075914597,35.38523506055503,30.691027538212925,4.694207522342108,486745.78758,0.074035008250558
2023-02-22 00:00:00,1677024000000,1659.77,1666.95,1595.07,1643.14,528875.4809,1672.75,1621.3036,1388.1566666666668,49.34518997574778,32.72372631677035,31.09756729392441,1.6261590228459433,481730.1172550001,0.0859714750241233
2023-02-23 00:00:00,1677110400000,1643.15,1679.0,1628.75,1650.53,501305.9717,1674.562857142857,1621.536,1392.5441414141414,61.45851490325956,30.85509437999576,31.04907271113868,-0.1939783311429188,483554.66424,0.0728107064627463
2023-02-24 00:00:00,1677196800000,1650.52,1664.66,1575.64,1607.8,512515.4982,1662.267142857143,1623.2,1396.6589898989898,60.09160630592245,25.630780533463167,29.96541427560357,-4.334633742140412,493769.082675,0.0613732233980051
2023-02-25 00:00:00,1677283200000,1607.8,1608.98,1557.33,1594.58,290188.0391,1648.4042857142856,1623.57,1400.517575757576,56.13229214515387,20.19098158779252,28.010527738041368,-7.819546150248847,487599.50089,0.0593526613696153
2023-02-26 00:00:00,1677369600000,1594.58,1651.26,1587.76,1641.36,308607.9941,1642.9199999999998,1623.5571999999995,1404.797272727273,63.17279863410165,19.430672082349474,26.294556606903,-6.863884524553519,483823.9296100001,0.0550552480860828
2023-02-27 00:00:00,1677456000000,1641.37,1665.22,1608.0,1633.45,431861.4129,1632.945714285714,1623.1704,1409.759292929293,63.39455483817047,17.98255868540832,24.632157022604066,-6.649598337195741,482820.880255,-0.024759391493325
2023-02-28 00:00:00,1677542400000,1633.45,1647.52,1596.66,1605.23,393523.1647,1625.1557142857143,1620.8387999999998,1414.7884848484848,55.425779024411625,14.39189937230185,22.58410549254362,-8.19220612024177,481598.725795,-0.0199103697552873
2023-03-01 00:00:00,1677628800000,1605.24,1669.72,1595.0,1665.22,474456.8235,1628.31,1620.7923999999998,1420.0977777777778,48.77870668815471,16.200221570041094,21.30732870804312,-5.107107138002021,472420.98215,-0.0169139308211373
2023-03-02 00:00:00,1677715200000,1665.23,1677.86,1619.18,1647.86,423023.8082,1627.928571428571,1621.546,1424.7779797979797,51.3275039745628,16.047537006218136,20.25537036767812,-4.207833361459986,469339.4615649999,-0.025868693914709
2023-03-03 00:00:00,1677801600000,1647.86,1649.25,1544.39,1569.45,742816.5976,1622.45,1619.7524000000003,1428.472121212121,34.43894141777977,9.490105658422635,18.102317425827025,-8.61221176740439,491995.712905,-0.0656645334127101
2023-03-04 00:00:00,1677888000000,1569.45,1577.53,1549.12,1566.73,237640.2606,1618.4714285714283,1615.5803999999998,1432.1835353535353,34.39850093691443,4.027387586407031,15.287331457943028,-11.259943871535995,489539.807235,-0.0801634503044144
2023-03-05 00:00:00,1677974400000,1566.74,1588.77,1553.05,1564.58,299240.7415,1607.5028571428572,1612.1464,1435.8095959595962,35.2546539318362,-0.469925861313186,12.135879994091784,-12.60580585540497,472344.22479,-0.0573456403335422
2023-03-06 00:00:00,1678060800000,1564.57,1583.49,1554.44,1565.84,307709.3011,1597.8442857142857,1612.9659999999997,1439.5667676767678,31.34113557987344,-3.88759393731857,8.931185207809714,-12.818779145128284,454281.471005,-0.0470440741507115
2023-03-07 00:00:00,1678147200000,1565.84,1584.49,1536.14,1561.96,437947.9032,1591.662857142857,1614.922,1443.5484848484848,35.12049659201557,-6.830466715530065,5.778854823141758,-12.609321538671823,447118.473235,-0.0536615511381192
2023-03-08 00:00:00,1678233600000,1561.95,1570.89,1523.61,1532.38,460101.7658,1572.685714285714,1614.6768,1446.739292929293,33.78805620608898,-11.417954314236797,2.339492995666048,-13.757447309902842,428487.37787,-0.0469088195049134
2023-03-09 00:00:00,1678320000000,1532.38,1546.45,1408.0,1437.32,718485.1364,1542.6085714285714,1611.5764,1448.1823232323234,25.16597945349081,-22.46515452046856,-2.6214365075608743,-19.843718012907686,435414.90154,-0.098621580604297
2023-03-10 00:00:00,1678406400000,1437.32,1439.43,1368.39,1426.44,960262.4509,1522.178571428571,1608.4244,1449.6977777777777,27.18282924865383,-31.73227542825157,-8.443604291699014,-23.288671136552555,470062.73502,-0.1309401959350781
2023-03-11 00:00:00,1678492800000,1426.43,1478.07,1408.4,1471.97,1374859.6201,1508.6414285714286,1605.0748,1451.479393939394,35.73406557605938,-34.99919607761717,-13.754722648882645,-21.244473428734526,518754.56364,-0.0988582448192476
2023-03-12 00:00:00,1678579200000,1471.93,1594.19,1448.3,1580.33,1002355.0929,1510.8914285714286,1601.2912,1454.9119191919192,43.78905375424885,-28.51579549147777,-16.70693721740167,-11.808858274076105,546306.5766100001,-0.0155117958174219
2023-03-13 00:00:00,1678665600000,1580.33,1693.49,1565.0,1673.45,1228063.6053,1526.2642857142855,1602.7156,1458.892121212121,53.46909040449595,-15.682865738901684,-16.502122921701673,0.8192571827999906,581692.0334349999,0.0049422899076398
2023-03-14 00:00:00,1678752000000,1673.44,1780.02,1655.24,1699.4,1283321.2355,1545.8985714285714,1602.9368,1463.3364646464647,58.19939050936004,-3.379768459943989,-13.877652029350138,10.497883569406149,619414.321165,0.0312769288653163
2023-03-15 00:00:00,1678838400000,1699.41,1716.9,1611.0,1649.96,963142.4833,1562.6957142857143,1601.2704,1467.1611111111113,48.64644314351605,2.3539945758197973,-10.631322708316151,12.985317284135949,642506.146745,0.051298225493007
2023-03-16 00:00:00,1678924800000,1649.95,1691.42,1632.18,1673.73,627985.6119,1596.4685714285715,1601.0295999999998,1471.6313131313132,52.26886039536231,8.71561524969934,-6.761935116713053,15.477550366412393,648279.65243,0.0682951114742169
2023-03-17 00:00:00,1679011200000,1673.73,1800.0,1662.65,1789.27,907528.2825,1648.3014285714287,1604.4696,1476.7736363636363,68.0999275410052,22.8173338375002,-0.8460813258704025,23.6634151633706,679146.6646,0.1436104258011734
2023-03-18 00:00:00,1679097600000,1789.26,1841.0,1747.47,1758.84,711614.731,1689.282857142857,1608.4328,1481.781111111111,65.12796283171903,31.17819787252916,5.558774513809509,25.619423358719644,699297.001445,0.1232565268482093
2023-03-19 00:00:00,1679184000000,1758.84,1841.36,1757.92,1780.68,541131.8908,1717.9042857142856,1613.9344,1486.9763636363637,66.50525479652939,39.11564749686795,12.270149110421196,26.84549838644676,704760.5253399999,0.1400291940894773
2023-03-20 00:00:00,1679270400000,1780.67,1803.05,1722.0,1732.78,682848.1248,1726.38,1617.2244,1491.7215151515152,61.90252110426648,41.06760207437696,18.02963970321236,23.03796237116461,719226.773345,0.13077696132813
2023-03-21 00:00:00,1679356800000,1732.77,1835.0,1717.01,1801.23,742348.4999,1740.9271428571428,1624.9616,1497.032929292929,65.6212051968401,47.589303215452446,23.941572405660374,23.64773080979208,732621.357165,0.253186485959981
2023-03-22 00:00:00,1679443200000,1801.23,1819.98,1710.12,1734.33,891287.6009,1752.9799999999998,1630.5515999999998,1501.211111111111,62.57205821930598,46.81981774802762,28.517221474133827,18.30259627389379,756034.5468,0.2158450408008747
2023-03-23 00:00:00,1679529600000,1734.34,1857.16,1729.35,1813.79,732061.103,1772.9885714285715,1637.4488,1506.3257575757575,73.90073263328973,52.02207480063771,33.218192139434606,18.803882661203104,755496.77207,0.2322194066455158
2023-03-24 00:00:00,1679616000000,1813.78,1818.99,1726.4,1749.57,564770.1417,1767.3171428571427,1642.0936,1511.2048484848483,69.21311436420066,50.38211010053851,36.65097573165539,13.73113436888312,771853.266125,0.1070915568267387
2023-03-25 00:00:00,1679702400000,1749.57,1763.23,1713.09,1741.88,355679.3743,1764.8942857142858,1647.5596000000005,1517.0134343434345,66.80488624901938,47.90963507794777,38.90270760091387,9.006927477033898,774675.1977649999,0.0408915713047894
2023-03-26 00:00:00,1679788800000,1741.88,1801.0,1739.31,1773.88,354933.2372,1763.9228571428573,1651.906,1522.9398989898991,63.316866425396654,47.979238577878505,40.7180137963068,7.2612247815717055,777036.3945699999,0.0438272331411087
2023-03-27 00:00:00,1679875200000,1773.88,1780.48,1686.13,1715.22,570563.5023,1761.4142857142856,1654.6004,1528.3152525252528,53.01697363669194,42.80756908548392,41.13592485414223,1.6716442313416875,783667.174525,0.0395524739993697
2023-03-28 00:00:00,1679961600000,1715.21,1795.73,1701.13,1772.99,536511.3973,1757.38,1662.7419999999995,1534.428080808081,55.08169099672683,42.87628878135138,41.48399763958406,1.3922911417673165,787487.6561,0.0593046668220083
2023-03-29 00:00:00,1680048000000,1773.0,1827.99,1772.48,1793.07,536865.5972,1765.7714285714287,1671.7956,1540.2475757575758,60.299981287155774,44.043333685163816,41.995864848700016,2.0474688364638,778406.67914,0.0021237711468922
2023-03-30 00:00:00,1680134400000,1793.06,1829.69,1763.0,1793.61,579690.0394,1762.8885714285714,1680.9568,1546.1044444444444,58.926550306785,44.49884369601227,42.49646061816247,2.0023830778497995,759378.058565,0.0197687111960156
2023-03-31 00:00:00,1680220800000,1793.6,1847.28,1777.91,1821.52,554525.4762,1773.1671428571428,1691.1840000000002,1552.2035353535352,52.7618395135737,46.57505417521247,43.31217932957247,3.262874845639999,718361.35137,0.0229350585169709
2023-04-01 00:00:00,1680307200000,1821.52,1842.83,1807.81,1820.79,272904.9674,1784.44,1701.5371999999998,1558.272222222222,55.58964179373816,47.61271134068011,44.172285731794,3.440425608886109,681888.845095,0.050791214118353
2023-04-02 00:00:00,1680393600000,1820.8,1824.81,1771.7,1794.51,322122.9385,1787.3871428571426,1712.0223999999998,1564.0712121212125,51.23793838056535,45.78668534393046,44.49516565422129,1.291519689709169,636591.8117549999,-0.003730783964291
2023-04-03 00:00:00,1680480000000,1794.51,1839.99,1762.77,1810.51,628503.6619,1801.0,1726.95,1570.0510101010102,57.37910345744176,45.1106058838684,44.61825370015071,0.492352183717692,603850.9330750001,0.0439247432726181
2023-04-04 00:00:00,1680566400000,1810.51,1891.91,1802.01,1870.37,622208.6411,1814.9114285714288,1744.7072,1576.5384848484848,56.67245705462264,48.84198971562751,45.46300090324607,3.3789888123814364,586804.240965,0.0311943499523097
2023-04-05 00:00:00,1680652800000,1870.38,1942.98,1864.58,1908.69,548595.5155,1831.428571428572,1762.1760000000002,1583.5803030303032,67.80928256251022,54.26570081212685,47.223540885022224,7.042159927104628,582834.736145,0.0909480615236888
2023-04-06 00:00:00,1680739200000,1908.68,1909.91,1853.7,1872.41,396241.4352,1842.685714285714,1773.8592,1590.4718181818184,56.56674284177982,55.002503513804186,48.77933341077862,6.223170103025566,557270.3937799999,0.0749362757480422
2023-04-07 00:00:00,1680825600000,1872.41,1882.61,1841.46,1863.72,284256.4873,1848.7142857142856,1781.47,1597.1711111111108,64.60428341137639,54.25974205769626,49.87541514016216,4.384326917534104,535902.481595,0.05064604144587
2023-04-08 00:00:00,1680912000000,1863.73,1879.38,1847.0,1848.82,197905.5407,1852.7185714285715,1787.4468000000002,1603.7249494949494,63.43399829154311,51.8708578164983,50.274503675429386,1.5963541410689146,518741.16409,0.077890882802206
2023-04-09 00:00:00,1680998400000,1848.82,1873.99,1824.01,1858.92,287131.3079,1861.92,1795.8051999999998,1610.419797979798,61.30490269063064,50.213801982893074,50.26236333692213,-0.0485613540290543,498955.323245,0.0484661504012995
2023-04-10 00:00:00,1681084800000,1858.91,1918.79,1846.4,1910.2,434739.7984,1876.1614285714288,1805.264,1617.5901010101009,76.43868308293105,52.4340140564741,50.69669348083253,1.7373205756415686,483574.88817,0.0653237185385959
2023-04-11 00:00:00,1681171200000,1910.21,1937.37,1881.11,1889.86,405203.4892,1878.945714285714,1809.2876,1624.4169696969698,67.637559989134,51.953393726015065,50.94803352986904,1.0053601961460288,459270.682585,0.0536627248956016
2023-04-12 00:00:00,1681257600000,1889.86,1933.0,1852.65,1917.39,630844.4186,1880.1885714285715,1815.6296,1631.5163636363636,68.34927382217498,53.1809032252163,51.394607468938496,1.786295756277802,454209.8483650001,0.052631867890553
2023-04-13 00:00:00,1681344000000,1917.4,2023.0,1899.55,2012.01,676164.5188,1900.1314285714284,1824.8828,1639.1437373737374,75.22872192958135,61.08461120065658,53.332608215282114,7.752002985374467,459779.56722,0.1050203483103489
2023-04-14 00:00:00,1681430400000,2012.0,2128.76,2009.22,2099.99,896307.3934,1933.8842857142856,1839.5712,1647.7169696969695,78.24755026272541,73.59920165206245,57.38592690263818,16.213274749424265,486810.9681750001,0.1702303135674918
2023-04-15 00:00:00,1681516800000,2099.99,2111.85,2071.13,2090.6,321823.7851,1968.4242857142856,1851.146,1656.0145454545454,76.89654484917358,81.8162830410322,62.27199813031699,19.54428491071521,485155.4955700001,0.1547022662122827
2023-04-16 00:00:00,1681603200000,2090.61,2141.54,2072.72,2118.67,319880.4393,2005.5314285714285,1866.5196000000003,1664.6468686868689,82.19961856325492,89.56099030542691,67.72979656533897,21.83119374008794,472621.34242,0.1327544817335608
2023-04-17 00:00:00,1681689600000,2118.66,2120.51,2056.25,2074.0,426972.7071,2028.9314285714283,1876.928,1672.5644444444445,74.76270135142754,91.04472402761188,72.39278205779357,18.651941969818324,467144.40791,0.0866091403004154
2023-04-18 00:00:00,1681776000000,2073.99,2125.0,2051.0,2103.5,414244.6135,2059.451428571429,1891.0852,1680.4746464646466,73.23539378475888,93.5229231087808,76.61881026799101,16.90411284078978,461013.35872500006,0.1234184820632233
2023-04-19 00:00:00,1681862400000,2103.51,2104.6,1923.03,1933.73,775389.0602,2061.785714285714,1898.7592,1686.5161616161613,51.977508213292886,80.85583779506692,77.46621577340619,3.389622021660728,470798.3097650001,0.0375646556349666
2023-04-20 00:00:00,1681948800000,1933.74,1982.99,1914.43,1942.98,625336.2495,2051.924285714286,1905.5232,1692.10797979798,55.821742645481685,70.74794089349552,76.12256079742406,-5.374619903928533,474338.84843,0.0509297822394825
2023-04-21 00:00:00,1682035200000,1942.98,1957.27,1825.0,1848.78,688876.6186,2016.0371428571427,1910.8656,1696.4803030303028,48.9198958935801,54.507874194047645,71.79962347674878,-17.291749282701133,495137.43099,-0.0054547801949519
2023-04-22 00:00:00,1682121600000,1848.77,1887.31,1841.64,1874.16,331007.5879,1985.1171428571429,1914.9124,1700.7526262626263,51.80463764813128,43.18761824212652,66.07722242982433,-22.889604187697813,495581.66346,-0.0188671343314835
2023-04-23 00:00:00,1682208000000,1874.17,1882.01,1836.37,1862.0,344514.3444,1948.4500000000005,1917.6696,1703.9051515151516,50.218706507228674,32.856276761366644,59.43303329613279,-26.576756534766147,481382.1975849999,-0.0147418327283501
2023-04-24 00:00:00,1682294400000,1862.01,1890.0,1806.0,1841.84,447864.0517,1915.2842857142853,1919.5988,1706.8275757575757,44.921399066892505,22.77928526776418,52.10228369045907,-29.322998422694887,472664.96811500005,-0.039402521135502
2023-04-25 00:00:00,1682380800000,1841.84,1877.86,1801.66,1866.1,457870.6047,1881.37,1921.382,1709.748383838384,48.24504387390315,16.55988412300121,44.9938037769675,-28.43391965396629,468128.722575,-0.0725195202807144
2023-04-26 00:00:00,1682467200000,1866.1,1964.72,1785.0,1866.01,897709.7298,1871.6957142857143,1923.1908,1712.7831313131312,46.04464973056197,11.491237822996029,38.293290586173214,-26.802052763177187,493202.137305,-0.1114195781884674
2023-04-27 00:00:00,1682553600000,1866.01,1940.96,1861.19,1908.68,727472.9466,1866.7957142857144,1927.7576,1716.7957575757575,41.35386160153962,10.792996558627236,32.79323178066402,-22.000235222036785,515362.96027,-0.0870180809337032
2023-04-28 00:00:00,1682640000000,1908.68,1923.88,1873.94,1890.94,387630.7791,1872.818571428572,1930.9748,1720.2285858585858,30.177694335400474,8.707787630035,27.97614295053821,-19.26835532050322,524849.22219,-0.1074872443561291
2023-04-29 00:00:00,1682726400000,1890.93,1918.0,1883.05,1907.8,182046.1406,1877.6242857142856,1932.472,1722.7465656565655,32.90885971801491,8.319800148886998,24.044874390207976,-15.72507424132098,519594.963825,-0.0801350048216007
2023-04-30 00:00:00,1682812800000,1907.79,1939.0,1866.16,1870.09,355336.4888,1878.78,1930.928,1725.2054545454546,27.17019947834393,4.912803687601354,20.21846024968665,-15.3056565620853,515624.798345,-0.1109626812455432
2023-05-01 00:00:00,1682899200000,1870.08,1886.49,1806.12,1830.73,445519.1779,1877.1928571428573,1929.2608,1727.258888888889,27.43781417521471,-0.9523109608430786,15.984306007580708,-16.936616968423785,517640.58278,-0.0532649335739736
2023-05-02 00:00:00,1682985600000,1830.73,1881.87,1822.94,1870.08,373753.2027,1877.7614285714285,1929.5152,1729.721414141414,28.739798892451176,-2.397602369614788,12.30792433214161,-14.705526701756398,504786.021985,-0.0375196862551339
2023-05-03 00:00:00,1683072000000,1870.09,1916.52,1842.64,1905.12,465185.2501,1883.348571428572,1931.7672,1733.2481818181816,46.5466045433696,-0.707416409311918,9.704856183850906,-10.412272593162823,494237.05855,0.030474150520884
2023-05-04 00:00:00,1683158400000,1905.12,1918.26,1866.71,1877.07,354528.6144,1878.8328571428567,1932.4932,1735.9262626262623,42.38967277093965,-1.6127417519887786,7.441336596682969,-9.054078348671748,467148.1196,0.0015526956076321
2023-05-05 00:00:00,1683244800000,1877.07,1998.36,1875.65,1993.3,546608.875,1893.455714285714,1935.8172,1739.8879797979798,65.87922471761965,6.968245421150414,7.346718361576459,-0.3784729404260449,478387.374095,0.0705155746509129
2023-05-06 00:00:00,1683331200000,1993.3,2019.0,1860.0,1896.33,608106.9915,1891.8171428571427,1936.076,1742.9052525252523,52.104813443463385,5.876332289893298,7.052641147239827,-1.1763088573465286,492798.701705,0.0295845458888937
2023-05-07 00:00:00,1683417600000,1896.33,1933.33,1867.59,1870.4,413268.8357,1891.8614285714284,1934.1964,1745.9183838383838,50.777173309648056,2.8853880156618743,6.219190520924237,-3.333802505262363,492113.50813500007,0.0023042709393923
2023-05-08 00:00:00,1683504000000,1870.41,1883.97,1810.73,1847.56,625316.6168,1894.2657142857145,1927.6184,1747.9672727272723,50.526606518136624,-1.3128206096268968,4.712788294814011,-6.025608904440908,502667.1083,-0.0098874068198991
2023-05-09 00:00:00,1683590400000,1847.55,1861.88,1830.99,1846.52,304396.186,1890.9,1917.4796,1750.798787878788,48.11687312456721,-4.670017445854683,2.8362271466802724,-7.506244592534955,479117.46459,-0.0325670096611271
2023-05-10 00:00:00,1683676800000,1846.53,1887.47,1790.51,1840.84,639933.3855,1881.7171428571423,1907.4892,1753.3796969696969,47.60500123698783,-7.700185708473327,0.7289445756495523,-8.42913028412288,479847.32139,-0.0264947592202819
2023-05-11 00:00:00,1683763200000,1840.83,1842.02,1772.68,1794.3,522096.0725,1869.892857142857,1894.5144,1754.9213131313131,39.19597989949747,-13.699090350599365,-2.156662409600231,-11.542427940999133,471508.294085,-0.0594926092881853
2023-05-12 00:00:00,1683849600000,1794.31,1818.63,1740.0,1807.45,565539.8309,1843.3428571428567,1883.8524,1756.5812121212125,42.04478323010958,-17.193969026332297,-5.164123732946645,-12.029845293385652,483234.906235,-0.033495714110016
2023-05-13 00:00:00,1683936000000,1807.45,1817.03,1785.23,1795.11,212895.4373,1828.882857142857,1871.5168,1757.910404040404,39.16921361705399,-20.72056663237572,-8.275412312832461,-12.44515431954326,476653.96088,-0.019456719450711
2023-05-14 00:00:00,1684022400000,1795.12,1824.0,1789.82,1799.21,218101.0977,1818.712857142857,1866.136,1759.2521212121214,42.71710985984959,-22.920373114234508,-11.20440447311287,-11.715968641121638,465165.81318,-0.0378967744695413
2023-05-15 00:00:00,1684108800000,1799.2,1846.7,1785.05,1816.2,388171.9261,1814.232857142857,1861.0648,1761.142828282828,48.435110393107166,-23.02733975256569,-13.568991529003435,-9.45834822356226,461680.87925000006,-0.0466742252456537
2023-05-16 00:00:00,1684195200000,1816.21,1832.64,1796.2,1824.21,311238.6786,1811.0457142857144,1860.082,1763.2632323232324,44.702132082880986,-22.209751338123624,-15.297143490827471,-6.912607847296151,432357.32669,-0.028160910354968
2023-05-17 00:00:00,1684281600000,1824.21,1837.5,1783.68,1822.12,352097.9913,1808.3714285714289,1858.0004,1764.789393939394,39.62396239623964,-21.48281168192989,-16.534277129047958,-4.948534552881931,413588.578925,-0.085877690262379
2023-05-18 00:00:00,1684368000000,1822.12,1831.92,1771.12,1800.56,293755.311,1809.265714285714,1855.5428,1766.3058585858587,40.2775306884896,-22.38833973839405,-17.705089650917177,-4.683250087476875,408894.80552000005,-0.0505028133289037
2023-05-19 00:00:00,1684454400000,1800.56,1829.54,1796.81,1812.32,243116.4676,1809.9614285714283,1854.362,1769.0025252525252,18.68858131487893,-21.90454160897525,-18.544980042528792,-3.359561566446459,411948.32187,-0.0310521813515826
2023-05-20 00:00:00,1684540800000,1812.31,1828.87,1807.06,1819.42,127754.4349,1813.4342857142856,1852.4948,1772.0970707070703,30.688494953045847,-20.70949131830276,-18.977882297683585,-1.7316090206191674,400569.219175,-0.0152308991318278
2023-05-21 00:00:00,1684627200000,1819.42,1828.98,1797.21,1804.91,161517.8053,1814.248571428572,1850.0508,1774.78797979798,32.55553779766667,-20.69468563394912,-19.32124296493669,-1.3734426690124266,386369.150545,-0.0225342807009942
2023-05-22 00:00:00,1684713600000,1804.91,1828.27,1792.01,1817.35,237498.9423,1814.412857142857,1846.3976,1777.8437373737374,41.481021938976944,-19.45488419311414,-19.347971210572183,-0.1069129825419565,379556.437525,-0.012760478911801
2023-05-23 00:00:00,1684800000000,1817.36,1872.5,1815.24,1854.05,396869.6097,1818.6757142857143,1844.922,1781.3670707070708,51.7678546274123,-15.33418637829368,-18.545214244116483,3.211027865822804,376140.655505,0.0332998941091233
2023-05-24 00:00:00,1684886400000,1854.06,1854.09,1777.6,1799.89,420846.1445,1815.5,1840.6056,1783.8335353535356,42.16867469879522,-16.251426707100336,-18.08645673671325,1.8350300296129165,379456.53201,-0.0041826883177957
2023-05-25 00:00:00,1684972800000,1799.89,1818.81,1761.41,1805.6,350633.0089,1816.22,1838.026,1785.1535353535353,52.56096455443748,-16.32936227289383,-17.735037843949367,1.4056755710555358,369657.738705,0.0058436530351899
2023-05-26 00:00:00,1685059200000,1805.61,1838.2,1796.99,1827.79,275690.6854,1818.43,1837.9084,1787.072222222222,54.42828529130016,-14.434190852670554,-17.074868445693607,2.640677593023053,353036.9234,0.0158847494178
2023-05-27 00:00:00,1685145600000,1827.8,1836.12,1812.18,1829.89,138824.9406,1819.9257142857143,1836.3008,1788.4461616161618,57.9254397958254,-12.61735636841945,-16.183366030238776,3.5660096618193258,339314.728645,0.0075377161105605
2023-05-28 00:00:00,1685232000000,1829.89,1918.65,1823.6,1908.64,378392.4371,1834.7442857142853,1836.4416,1790.6382828282829,68.60611419049887,-4.768071728411769,-13.900307169873376,9.132235441461606,326968.51966,0.046283048552524
2023-05-29 00:00:00,1685318400000,1908.64,1927.62,1873.65,1892.6,313593.4942,1845.4942857142853,1837.0628,1792.788282828283,63.03220524017464,0.1564455448526587,-11.08895662692817,11.245402171780828,327428.38507,0.0386802186464119
2023-05-30 00:00:00,1685404800000,1892.6,1917.0,1881.19,1900.59,272665.8402,1852.142857142857,1833.3544,1794.781414141414,63.02968270214941,4.650281635930469,-7.941108974356442,12.591390610286911,309065.00780499994,0.0555549384635891
2023-05-31 00:00:00,1685491200000,1900.58,1907.13,1846.95,1873.63,319255.5681,1862.6771428571428,1832.4464,1796.9417171717173,58.09982073780549,5.967443455026341,-5.159398488479886,11.126841943506228,298922.982585,0.0338295665224686
2023-06-01 00:00:00,1685577600000,1873.63,1889.2,1840.0,1861.78,270496.6097,1870.702857142857,1832.1016,1799.150202020202,59.92992928047752,5.986103644289187,-2.930298061926071,8.916401706215257,284170.821525,0.0232821448593507
2023-06-02 00:00:00,1685664000000,1861.78,1910.0,1847.51,1906.68,313004.0658,1881.9728571428573,1834.4664,1801.7375757575755,63.81956649091976,9.514272127109962,-0.4413840241188644,9.955656151228826,289176.25295,0.0563850829127214
2023-06-03 00:00:00,1685750400000,1906.69,1907.92,1881.6,1892.06,148818.2427,1890.8542857142857,1836.288,1804.608888888889,60.40926286827924,11.003814133569447,1.8476556074187984,9.156158526150652,285712.1102,0.0411093075081849
2023-06-04 00:00:00,1685836800000,1892.05,1914.63,1884.22,1890.01,172683.0119,1888.1928571428573,1838.2548,1807.5930303030304,62.64637698389108,11.881901869302055,3.8545048597954494,8.027397009506604,274937.66449,0.0193953776866859
2023-06-05 00:00:00,1685923200000,1890.0,1890.63,1778.0,1810.5,555361.2683,1876.4642857142856,1838.9028,1809.301515151515,49.15124030431444,6.091777994228551,4.301959486682071,1.78981850754648,287143.793975,0.0058948046825082
2023-06-06 00:00:00,1686009600000,1810.49,1898.29,1797.18,1884.64,491407.2174,1874.185714285714,1841.9904,1811.838787878788,53.468489919949214,7.400236177641318,4.92161482487392,2.478621352767398,294109.25528000004,0.0437749224634471
2023-06-07 00:00:00,1686096000000,1884.65,1897.8,1821.18,1832.13,429196.7064,1868.257142857143,1843.4712,1814.130707070707,53.66930711098971,4.15221639339029,4.767735138577194,-0.615518745186904,300881.32505,0.0023744522073105
2023-06-08 00:00:00,1686182400000,1832.12,1861.28,1828.31,1845.64,189270.4853,1865.9514285714288,1845.3284,1815.9531313131315,54.47754517802828,2.6378736405627023,4.341762838974296,-1.7038891984115931,298189.025935,0.0086070747421975
2023-06-09 00:00:00,1686268800000,1845.65,1855.0,1827.0,1840.37,198324.3252,1856.4785714285715,1846.2952,1817.8976767676768,51.46211064621105,1.0009626673725052,3.6736028046539375,-2.6726401372814323,301717.52045,-0.0357689244697796
2023-06-10 00:00:00,1686355200000,1840.37,1844.99,1715.03,1751.53,652324.6695,1836.402857142857,1843.388,1819.7368686868688,42.42078384338608,-7.379875988744061,1.4629070459743378,-8.8427830347184,326257.86366,-0.0745376730423755
2023-06-11 00:00:00,1686441600000,1751.52,1778.25,1738.72,1752.76,219956.2434,1816.7957142857144,1840.6136,1821.61595959596,32.26298302307588,-13.763839312040544,-1.582442225628639,-12.181397086411906,325380.72871500003,-0.0777811100763447
2023-06-12 00:00:00,1686528000000,1752.77,1759.33,1720.0,1742.57,302132.4819,1807.0914285714284,1838.2940000000003,1823.413838383838,32.69829554627859,-19.421544601665573,-5.150262700836026,-14.271281900829546,320643.872325,-0.069949776636796
2023-06-13 00:00:00,1686614400000,1742.57,1770.13,1724.22,1740.12,284268.0018,1786.4457142857143,1835.406,1825.1742424242425,31.254818587482205,-23.828333137962545,-8.885876788261331,-14.942456349701214,313814.96519,-0.0653460666673828
2023-06-14 00:00:00,1686700800000,1740.12,1750.03,1630.43,1650.95,415847.327,1760.562857142857,1828.6672,1826.0731313131312,27.28867493472586,-34.12267363633805,-13.933236157876676,-20.18943747846137,317075.681095,-0.1341231879497346
2023-06-15 00:00:00,1686787200000,1650.95,1680.91,1626.01,1666.96,370774.7696,1735.037142857143,1823.1492,1827.4325252525248,30.2973300970874,-40.522026748896224,-19.250994276080583,-21.27103247281564,321829.885305,-0.1189708571609778
2023-06-16 00:00:00,1686873600000,1666.96,1729.5,1649.86,1717.92,311734.5904,1717.5442857142857,1819.172,1830.2668686868683,31.141349958038617,-41.00879027869087,-23.602553476602644,-17.406236802088223,330475.367795,-0.0910524282940301
2023-06-17 00:00:00,1686960000000,1717.91,1770.0,1714.26,1727.76,210914.9216,1714.1485714285716,1814.1204,1833.3105050505053,33.42680761781796,-40.1378638102542,-26.90961554333296,-13.228248266921243,322101.49202,-0.0457000828500414
2023-06-18 00:00:00,1687046400000,1727.75,1747.84,1712.0,1720.95,156535.0128,1709.6042857142857,1810.9628,1835.8254545454545,33.10886419950444,-39.541350322900826,-29.43596249924653,-10.105387823654294,314248.56794999994,-0.0868547839375158
2023-06-19 00:00:00,1687132800000,1720.95,1752.19,1698.0,1737.11,245162.7589,1708.8242857142857,1808.2232,1837.409090909091,41.60470383673841,-37.33426596303252,-31.01562319200373,-6.318642771028792,312873.41388500005,-0.0518631319829926
2023-06-20 00:00:00,1687219200000,1737.1,1796.99,1714.72,1791.99,328855.6846,1716.2342857142855,1806.7912,1838.6064646464647,38.91295502955746,-30.801715356719345,-30.97284162494685,0.1711262682275105,313353.41971,-0.0290685074012266
2023-06-21 00:00:00,1687305600000,1791.99,1901.0,1787.38,1889.11,613755.8869,1750.257142857143,1809.16,1840.522727272728,56.16079923882015,-17.585139065656676,-28.29530111308882,10.710162047432142,330516.38357,0.0264838048870608
2023-06-22 00:00:00,1687392000000,1889.1,1933.17,1865.98,1872.01,416714.5719,1779.5499999999995,1807.6948,1842.7656565656564,52.8292170031972,-8.393973720058739,-24.315035634482804,15.921061914424063,335701.908875,0.0687855760392341
2023-06-23 00:00:00,1687478400000,1872.0,1936.42,1861.01,1892.63,401147.9324,1804.508571428572,1807.696,1844.976767676768,55.42814408575347,0.5476398552109458,-19.34250053654405,19.890140391755,348318.39336,0.0797998585088661
2023-06-24 00:00:00,1687564800000,1892.63,1906.0,1864.77,1874.96,226910.2941,1825.5371428571427,1806.6708,1845.842323232323,65.04473318544161,6.137363997029752,-14.246527629829297,20.383891626859047,351029.75746999995,0.0759739924364588
2023-06-25 00:00:00,1687651200000,1874.95,1930.0,1868.83,1898.8,338757.6158,1850.9442857142856,1807.6776,1847.2560606060608,66.87075458620212,12.348602410169178,-8.9275016218296,21.276104031998777,340199.57484500005,0.0911891133944786
2023-06-26 00:00:00,1687737600000,1898.8,1909.1,1837.18,1858.97,458743.861,1868.3528571428567,1807.5652,1848.0468686868687,62.58487220516371,13.896910541145644,-4.362619189234552,18.2595297303802,338566.407025,0.1260001817135587
2023-06-27 00:00:00,1687824000000,1858.97,1912.53,1855.19,1889.58,366634.5707,1882.2942857142857,1806.8812,1849.630707070707,65.23174758468878,17.393426478051424,-0.0114100557773566,17.40483653382878,335438.30024,0.133548495464798
2023-06-28 00:00:00,1687910400000,1889.58,1890.19,1816.56,1828.02,337836.5792,1873.5671428571427,1804.3196,1849.9013131313127,69.12161724368806,15.023877124025375,2.9956473801831898,12.028229743842186,342866.604935,0.0640891310421905
2023-06-29 00:00:00,1687996800000,1828.03,1880.0,1827.84,1851.99,241844.8281,1870.7071428571428,1802.7988,1851.089797979798,69.6435017092384,14.90831706461472,5.3781813170694965,9.530135747545224,345042.63008,0.0719023475482705
2023-06-30 00:00:00,1688083200000,1851.99,1948.6,1825.01,1933.79,716538.1035,1876.587142857143,1807.7304,1852.3019191919195,71.50913692433392,21.1732393307218,8.537192919799956,12.636046410921844,348253.30178,0.1236758766960108
2023-07-01 00:00:00,1688169600000,1933.8,1944.56,1909.44,1924.5,178373.3688,1883.6642857142856,1809.3248,1854.068888888889,69.62454614371785,25.099281113788948,11.849610558597757,13.249670555191193,346174.15805,0.1078745732855144
2023-07-02 00:00:00,1688256000000,1924.5,1959.2,1885.75,1937.48,255852.7832,1889.19,1813.5388,1856.0446464646463,71.33594781546225,28.924649677573143,15.264618382392834,13.660031295180309,343860.173115,0.0811890691354304
2023-07-03 00:00:00,1688342400000,1937.49,1976.16,1933.55,1955.54,322102.4295,1902.9857142857145,1817.9348,1857.879595959596,71.44287593505194,33.03279143350005,18.81825299261428,14.214538440885772,345751.8945,0.0351647071901584
2023-07-04 00:00:00,1688428800000,1955.55,1967.08,1931.58,1936.2,205525.0984,1909.6457142857143,1821.768,1860.1117171717167,65.21876780852278,34.33218692394439,21.921039778880303,12.411147145064088,335235.78307,0.0342893467449425
2023-07-05 00:00:00,1688515200000,1936.19,1942.5,1894.51,1910.36,267633.4783,1921.408571428572,1828.1212,1861.4992929292928,52.6396859705349,32.89767128911922,24.11636608092809,8.781305208191128,330078.718505,0.0093679166028224
2023-07-06 00:00:00,1688601600000,1910.35,1958.0,1846.0,1846.17,456362.741,1920.577142857143,1831.8576,1862.0356565656568,47.12633451957296,26.278290990733467,24.548751062889167,1.7295399278443,337310.126035,-0.015354994239877
2023-07-07 00:00:00,1688688000000,1846.17,1878.0,1826.0,1870.91,232944.3466,1911.5942857142857,1836.9912,1862.8164646464647,47.60645331922771,22.76626037529468,24.19225292537027,-1.4259925500755912,338411.597285,-0.014688224141563
2023-07-08 00:00:00,1688774400000,1870.92,1876.0,1842.8,1865.24,125819.8273,1903.128571428572,1841.996,1863.2580808080809,48.899755501222494,19.30291718228364,23.214385776752945,-3.9114685944693086,336875.83801,0.0033728354949245
2023-07-09 00:00:00,1688860800000,1865.24,1879.36,1856.15,1862.8,135046.3743,1892.46,1850.47,1863.6824242424243,45.71754853444993,16.17485152186441,21.80647892577524,-5.6316274039108265,331370.01878,-0.0141724616052244
2023-07-10 00:00:00,1688947200000,1862.81,1905.5,1846.63,1880.4,247868.1494,1881.7257142857145,1859.0076,1864.55,52.691602401467016,14.943747639520552,20.433932668524303,-5.490185029003751,327320.64202,0.0286539534578396
2023-07-11 00:00:00,1689033600000,1880.41,1891.99,1862.38,1878.3,177771.6117,1873.4542857142856,1865.4228,1865.234747474748,48.473943395205374,13.641387074840624,19.07542354978757,-5.4340364749469465,305521.42826,0.0142063402070204
2023-07-12 00:00:00,1689120000000,1878.31,1902.0,1864.37,1871.82,264406.8673,1867.9485714285715,1871.1852,1865.249393939394,56.96343402225754,11.94863863157434,17.650066566144922,-5.701427934570582,297906.04303,-0.0320458788182791
2023-07-13 00:00:00,1689206400000,1871.82,2012.63,1862.59,2004.49,548861.4207,1890.5657142857144,1882.5268,1866.217070707071,68.01748582230623,21.069606220108653,18.333974496937667,2.735631723170986,305291.717445,0.0415640426084698
2023-07-14 00:00:00,1689292800000,2004.49,2029.11,1898.39,1937.83,498724.0359,1900.125714285714,1890.5556,1866.877878787879,50.49502524138606,22.657947137392057,19.198769025028547,3.45917811236351,318882.40453500004,0.0001806470260337
2023-07-15 00:00:00,1689379200000,1937.82,1946.37,1926.23,1931.41,135181.7663,1909.578571428572,1896.1324,1867.5616161616165,50.85268639403738,23.13202680606264,19.985420581235367,3.146606224827273,308703.61206,-0.0123393026989986
2023-07-16 00:00:00,1689465600000,1931.41,1943.55,1914.0,1922.11,148667.1051,1918.0514285714287,1897.4524,1868.3019191919195,48.08597544270378,22.4979635629295,20.487929177574195,2.010034385355304,293199.774265,-0.0072771407912406
2023-07-17 00:00:00,1689552000000,1922.12,1936.18,1873.26,1911.2,277159.0349,1922.4514285714288,1899.02,1868.83,44.37823308651994,20.874489927278542,20.565241327515068,0.3092485997634782,288725.997475,0.0004397076990725
2023-07-18 00:00:00,1689638400000,1911.21,1917.19,1875.73,1897.21,215780.5006,1925.152857142857,1899.2032,1868.698787878788,44.98856070538033,18.24864032752612,20.10192112751728,-1.853280799991161,282623.19354500005,0.0276464247604499
2023-07-19 00:00:00,1689724800000,1897.21,1922.04,1882.17,1888.63,218045.0005,1927.554285714286,1899.75,1868.686363636364,47.07733691997313,15.298944597491982,19.14132582151222,-3.8423812240202366,281433.202165,0.009471326787499
2023-07-20 00:00:00,1689811200000,1888.64,1929.05,1878.0,1891.59,292907.5164,1911.4257142857143,1899.4616,1868.4257575757576,57.31353858044567,13.049707833533605,17.923002223916495,-4.873294390382892,260251.67281,0.0141268683922712
2023-07-21 00:00:00,1689897600000,1891.59,1905.74,1884.64,1891.73,165554.0428,1904.84,1900.772,1867.210808080808,53.64087856743143,11.1499387696515,16.568389533063495,-5.418450763411997,259610.70651,0.0155303843676186
2023-07-22 00:00:00,1689984000000,1891.73,1897.35,1851.18,1866.52,131901.6487,1895.57,1899.8496,1864.8525252525253,50.20952006809403,7.523396753565521,14.759390977163902,-7.2359942235983805,253413.149785,-0.0073814082110189
2023-07-23 00:00:00,1690070400000,1866.52,1905.25,1857.82,1888.73,153501.0178,1890.8014285714287,1902.278,1862.8134343434344,53.98640961780895,6.368090082802382,13.081130798291598,-6.713040715489216,244983.07920000004,0.0055528935739765
2023-07-24 00:00:00,1690156800000,1888.74,1890.86,1833.19,1850.0,276504.5547,1882.058571428572,1902.1984,1860.099595959596,45.61150248296569,2.300791807044334,10.925063000042146,-8.624271192997812,248532.052015,-0.0116571037813464
2023-07-25 00:00:00,1690243200000,1850.0,1868.71,1845.45,1857.66,152251.21,1876.408571428572,1899.1532,1857.914343434344,47.06751534439647,-0.3010036147838946,8.679849677076938,-8.980853291860832,242762.9386,-0.0732505525096158
2023-07-26 00:00:00,1690329600000,1857.66,1888.0,1848.35,1872.0,272090.5333,1874.032857142857,1897.0532,1855.57595959596,50.02501528711991,-1.192085456788618,6.705462650303828,-7.897548107092446,233549.328215,-0.0339709881671767
2023-07-27 00:00:00,1690416000000,1871.99,1886.11,1854.84,1861.28,163766.4259,1869.702857142857,1894.0052,1854.8441414141407,19.892360089139288,-2.731798176800339,4.818010484882995,-7.549808661683334,230090.43218,-0.0363102603797226
2023-07-28 00:00:00,1690502400000,1861.29,1883.39,1856.52,1874.19,138695.7147,1867.1971428571428,1890.7512,1854.1492929292929,32.714037375054346,-2.8771366534272147,3.278981057220953,-6.156117710648168,230734.22655,-0.0249309352742558
2023-07-29 00:00:00,1690588800000,1874.2,1886.58,1869.54,1880.46,72867.0269,1869.1885714285715,1888.5216,1854.4692929292928,36.14962213885716,-2.4580470080104533,2.131575444174672,-4.589622452185125,227625.25918,-0.016084135621599
2023-07-30 00:00:00,1690675200000,1880.45,1885.3,1848.17,1861.79,158657.5902,1865.34,1886.5788,1854.3443434343435,34.39730988101398,-3.591033217350514,0.9870537118696348,-4.578086929220149,223164.73122,-0.018669519979338
2023-07-31 00:00:00,1690761600000,1861.79,1877.4,1851.02,1856.14,168204.4534,1866.217142857143,1886.9776,1854.285151515152,35.35949797915339,-4.888489270624177,-0.1880548846291275,-4.70043438599505,222686.373305,-0.017202946050841
2023-08-01 00:00:00,1690848000000,1856.13,1875.62,1813.8,1873.47,358476.0966,1868.4757142857145,1887.08,1854.6046464646463,43.79768000836032,-4.466855246600517,-1.0438149570234054,-3.423040289577111,227389.83477,-0.0095792428591818
2023-08-02 00:00:00,1690934400000,1873.48,1879.74,1821.21,1839.9,254213.0553,1863.89,1886.0664,1854.34,38.73919674631416,-6.763559583943106,-2.1877638824073458,-4.57579570153576,212657.4165,-0.0273982016461122
2023-08-03 00:00:00,1691020800000,1839.9,1859.12,1826.0,1835.81,171148.052,1860.2514285714285,1884.9868,1854.0349494949487,37.177011494252895,-8.812162018226218,-3.51264350957112,-5.2995185086550975,196278.617305,-0.0164530784561643
2023-08-04 00:00:00,1691107200000,1835.81,1851.31,1815.74,1830.23,187699.4552,1853.9714285714288,1882.98,1853.242525252525,36.20705122454472,-10.761897121801669,-4.96249423201723,-5.799402889784437,198904.50175,-0.0309731936274639
2023-08-05 00:00:00,1691193600000,1830.24,1839.0,1827.5,1836.48,93657.3255,1847.6885714285715,1881.3072,1852.692424242424,42.63653299343074,-11.66824915882762,-6.303645217379309,-5.364603941448312,196154.01277,-0.0073081081081081
2023-08-06 00:00:00,1691280000000,1836.48,1838.58,1825.86,1830.28,90403.9915,1843.187142857143,1879.6456,1851.909393939394,34.4523062190775,-12.73996942534268,-7.590910058971983,-5.149059366370696,186816.2606,-0.0147389726860674
2023-08-07 00:00:00,1691366400000,1830.28,1847.0,1802.0,1829.1,224092.9059,1839.3242857142857,1872.63,1851.4953535353536,43.052785533838566,-13.528582518192252,-8.778444550816037,-4.750137967376215,187231.880865,-0.0229166666666666
2023-08-08 00:00:00,1691452800000,1829.1,1876.51,1826.33,1856.3,236336.03,1836.8714285714289,1869.3688,1851.753636363636,49.59990586020236,-11.822469328621992,-9.387249506377229,-2.4352198222447647,188146.43234,-0.0026755780967936
2023-08-09 00:00:00,1691539200000,1856.3,1871.99,1846.28,1855.35,191926.8343,1839.078571428572,1866.3264,1851.6048484848488,44.682889442421896,-10.426825441310712,-9.595164693363923,-0.8316607479467866,183097.398235,-0.0100523426120084
2023-08-10 00:00:00,1691625600000,1855.36,1865.95,1845.38,1852.47,127321.4553,1841.4585714285715,1863.5408,1851.0730303030305,47.03825724467158,-9.444291621436603,-9.56499007897846,0.1206984575418559,181185.76886,-0.0148846558820714
2023-08-11 00:00:00,1691712000000,1852.47,1857.26,1838.05,1848.84,113209.3103,1844.1171428571429,1861.0464,1850.7878787878788,40.91072068841874,-8.856445561746796,-9.423281175532129,0.566835613785333,180251.15194,-0.0069556716922961
2023-08-12 00:00:00,1691798400000,1848.84,1854.01,1846.08,1849.93,63292.6476,1846.038571428572,1859.1552,1849.339696969697,38.631116407239176,-8.208002688066472,-9.180225478038995,0.9722227899725252,175740.73343,-0.0033456528063615
2023-08-13 00:00:00,1691884800000,1849.94,1862.0,1834.51,1840.73,120674.1364,1847.5314285714287,1857.2392,1848.7780808080809,41.56250000000004,-8.3403280413022,-9.012245990691635,0.6719179493894369,167949.212515,-0.0174755934175621
2023-08-14 00:00:00,1691971200000,1840.73,1856.5,1835.0,1845.5,150196.1203,1849.8742857142856,1855.3956,1848.5265656565657,45.70690768237569,-7.96844245718421,-8.803485283990153,0.8350428268059424,167846.45803,0.0030436436762866
2023-08-15 00:00:00,1692057600000,1845.5,1847.36,1814.0,1828.98,186081.6989,1845.9714285714283,1852.8856,1848.338888888889,31.93079359922025,-8.904105404588336,-8.82360930810979,-0.0804960964785461,163546.01631,-0.0037204285846573
2023-08-16 00:00:00,1692144000000,1828.98,1831.52,1798.17,1807.81,205430.7368,1839.18,1850.5372,1847.9478787878788,35.507180923132495,-11.224478307488198,-9.303783107985472,-1.9206951995027253,165629.231855,-0.0122498265245352
2023-08-17 00:00:00,1692230400000,1807.81,1809.99,1550.0,1681.49,812138.2159,1814.7542857142853,1842.2476,1846.338282828283,16.87559028075904,-22.991329119646025,-12.041292310317584,-10.95003680932844,199301.356915,-0.0843951472381948
2023-08-18 00:00:00,1692316800000,1681.49,1699.4,1641.02,1661.59,538083.1018,1788.0042857142855,1834.7112,1844.9977777777776,15.898244762598123,-33.53582671755157,-16.340199191764384,-17.195627525787188,222562.16066,-0.0921662259326442
2023-08-19 00:00:00,1692403200000,1661.6,1696.72,1654.31,1669.67,231919.0485,1762.252857142857,1827.1916,1843.6060606060605,16.51611867196604,-40.77045216642296,-21.2262497866961,-19.54420237972685,226225.233575,-0.0871630856705483
2023-08-20 00:00:00,1692489600000,1669.68,1694.75,1662.03,1685.24,195623.5263,1740.0399999999995,1819.7212,1842.4962626262627,21.9414996517837,-44.7319341885709,-25.92738666707106,-18.80454752149984,227596.18722,-0.0921510531702849
2023-08-21 00:00:00,1692576000000,1685.23,1688.59,1649.4,1667.55,250835.1518,1714.6185714285714,1811.972,1841.166363636364,20.62406808015426,-48.737061878988015,-30.48932170945445,-18.247740169533564,222214.13998,-0.1012207939202846
2023-08-22 00:00:00,1692662400000,1667.56,1669.38,1580.0,1634.99,402012.045,1686.9057142857143,1802.404,1839.33595959596,10.52687903542261,-53.91695323895601,-35.17484801535476,-18.74210522360125,229604.089465,-0.1174000118760357
2023-08-23 00:00:00,1692748800000,1635.0,1702.11,1629.05,1679.61,374761.1088,1668.5914285714284,1794.37,1837.8753535353533,22.879629629629648,-53.80140426754679,-38.90015926579317,-14.901245001753622,239784.742305,-0.0915330693840462
2023-08-24 00:00:00,1692835200000,1679.61,1683.37,1635.28,1661.16,231539.7805,1665.687142857143,1786.3448,1836.2494949494949,21.830550401979,-54.56954790228224,-42.03403699309098,-12.53551090919126,241976.75857,-0.1020416988750925
2023-08-25 00:00:00,1692921600000,1661.16,1677.22,1635.51,1653.8,236261.6898,1664.5742857142857,1778.2512,1834.7670707070708,21.593358578502787,-55.13661715568173,-44.65455302560913,-10.4820641300726,249106.97678499995,-0.1015521016118605
2023-08-26 00:00:00,1693008000000,1653.79,1655.59,1644.0,1647.04,79175.425,1661.3414285714284,1769.194,1833.097575757576,20.930165916840977,-55.49182392508965,-46.82200720550524,-8.66981671958441,248545.54846,-0.1075372527770252
2023-08-27 00:00:00,1693094400000,1647.03,1660.24,1646.32,1658.33,87789.9196,1657.4971428571428,1761.9312,1831.470404040404,24.02153478037941,-54.23710758858488,-48.305027282121166,-5.93208030646371,241730.399145,-0.0933033712779801
2023-08-28 00:00:00,1693180800000,1658.33,1664.34,1621.75,1653.08,214351.0143,1655.4299999999998,1754.622,1829.936767676768,22.631848438300025,-53.05478444643904,-49.254978714984745,-3.799805731454299,240631.14836,-0.0855897467101077
2023-08-29 00:00:00,1693267200000,1653.08,1745.84,1640.0,1729.42,494371.0823,1668.9199999999998,1750.5896,1829.0485858585853,37.89867755737068,-45.43404939836,-48.490792851659805,3.056743453299802,255753.36076,0.028504481144699
2023-08-30 00:00:00,1693353600000,1729.41,1730.93,1694.34,1705.23,202841.4402,1672.58,1745.3396,1827.545353535353,37.62247212703317,-40.875307700880285,-46.96769582150391,6.092388120623625,259529.360005,0.02626400014444
2023-08-31 00:00:00,1693440000000,1705.23,1729.0,1630.0,1645.76,330518.2668,1670.38,1737.9588,1825.9884848484849,44.85943659540183,-41.581874089454914,-45.89053147509411,4.308657385639194,270394.80783,-0.0143201950085946
2023-09-01 00:00:00,1693526400000,1645.77,1654.53,1602.33,1629.12,302406.1686,1666.8542857142857,1729.9596,1824.2058585858583,45.28422459116391,-42.98899164073737,-45.31022350822276,2.3212318674853947,282350.48388,-0.0333008948280364
2023-09-02 00:00:00,1693612800000,1629.13,1645.0,1628.03,1637.03,102145.9476,1665.4242857142856,1721.1888,1822.27898989899,45.257192676547504,-42.97053397703303,-44.84228560198481,1.8717516249517845,281424.07444,-0.0183022997811159
2023-09-03 00:00:00,1693699200000,1637.02,1647.5,1625.14,1635.84,116767.2862,1662.2114285714283,1712.4084,1820.3188888888888,42.50879534150187,-42.56130892453507,-44.38609026649486,1.824781341959792,279752.632735,0.0005198808555404
2023-09-04 00:00:00,1693785600000,1635.84,1644.82,1616.32,1630.51,168010.9056,1658.9871428571428,1703.53,1817.5094949494949,44.164355936475935,-42.18084702956321,-43.94504161910854,1.7641945895453262,278849.09307,-0.029232976702925
2023-09-05 00:00:00,1693872000000,1630.52,1648.02,1609.69,1634.45,204365.4907,1645.4199999999998,1694.9543999999996,1814.9019191919192,49.90649026806124,-41.087768940572914,-43.37358708340142,2.285818142828504,278795.830765,-0.0160791254304221
2023-09-06 00:00:00,1693958400000,1634.46,1670.0,1609.2,1633.15,219541.0193,1635.122857142857,1686.2832,1812.2005050505047,40.53459375764001,-39.86683574902145,-42.67223681652543,2.805401067503979,249165.970935,-0.0124863949691618
2023-09-07 00:00:00,1694044800000,1633.15,1660.0,1623.4,1648.11,228558.2782,1635.4585714285713,1678.5784,1809.922525252525,47.30293886661428,-37.2625509322902,-41.59029963967839,4.327748707388189,233689.729755,0.0006496502817174
2023-09-08 00:00:00,1694131200000,1648.11,1658.93,1616.21,1636.44,221570.0458,1636.5042857142855,1670.216,1807.6463636363635,46.47498375568553,-35.72845256097867,-40.41793022393844,4.689477662959774,233172.27962,-0.0132000265327165
2023-09-09 00:00:00,1694217600000,1636.43,1637.52,1629.74,1635.54,58519.6229,1636.2914285714285,1662.4784,1804.907575757576,47.6079540727182,-34.191156656834664,-39.17257551051769,4.981418853683024,226317.08445,-0.0106104967696663
2023-09-10 00:00:00,1694304000000,1635.53,1635.7,1600.0,1617.42,207957.8428,1633.66,1654.8628,1802.1334343434344,41.72565834715428,-34.04254981846748,-38.14657037210765,4.104020553640169,224173.219,-0.0647615963733505
2023-09-11 00:00:00,1694390400000,1617.42,1619.0,1531.01,1551.85,417424.8189,1622.4228571428573,1649.6772,1798.7176767676767,33.54144311124119,-38.76882594432254,-38.27102148655062,-0.4978044577719203,224943.857695,-0.0899468106941586
2023-09-12 00:00:00,1694476800000,1551.84,1626.0,1549.67,1592.97,329739.9685,1616.4971428571428,1646.9324,1796.520404040404,24.945833792369,-38.7497109324504,-38.36675937573058,-0.3829515567198172,222692.80068,-0.0320763659342795
2023-09-13 00:00:00,1694563200000,1592.97,1619.3,1581.88,1607.62,223409.2889,1612.85,1644.4504000000002,1793.7222222222222,31.42672298968677,-37.12448166750824,-38.11830383408611,0.9938221665778784,222286.2761,-0.0131973089766254
2023-09-14 00:00:00,1694649600000,1607.61,1644.29,1607.05,1626.47,275301.1505,1609.7585714285713,1642.0996,1791.6448484848484,45.65833896016206,-33.92437917597226,-37.279518902463344,3.355139726491082,224238.249135,-0.0064507064623128
2023-09-15 00:00:00,1694736000000,1626.48,1654.08,1611.42,1641.29,181340.024,1610.4514285714286,1641.0492,1789.580707070707,52.76176644124724,-29.84835153529912,-35.7932854290305,5.944933893731381,229346.479085,0.0033316216744914
2023-09-16 00:00:00,1694822400000,1641.3,1653.17,1631.31,1634.4,99555.4671,1610.2885714285717,1641.0256,1787.500202020202,49.400392138981374,-26.86436006143481,-34.00750035551136,7.143140294076552,229934.75646,0.0023857566037621
2023-09-17 00:00:00,1694908800000,1634.4,1635.0,1612.0,1622.48,120227.4117,1611.0114285714285,1638.7404,1786.1966666666667,47.09615719005392,-25.1712116410406,-32.24024261261721,7.069030971576609,225228.57633,-0.0073235645018201
2023-09-18 00:00:00,1694995200000,1622.48,1669.5,1603.88,1636.66,279041.6978,1623.1271428571429,1637.7604,1785.0239393939394,51.28720331533344,-22.42665134995059,-30.277524360083888,7.850873010133299,214462.107105,0.0021492208309095
2023-09-19 00:00:00,1695081600000,1636.66,1661.04,1626.32,1643.12,184282.4258,1630.2914285714287,1637.3332,1784.019393939394,51.79570026096679,-19.50545281590621,-28.12311005124836,8.617657235342143,213534.156385,-0.0030277105290302
2023-09-20 00:00:00,1695168000000,1643.13,1649.34,1604.51,1622.26,232844.2347,1632.3828571428571,1636.342,1782.828888888889,47.91355328198642,-18.658525727228607,-26.230193186444406,7.571667459215799,208650.45478,-0.0086651511818337
2023-09-21 00:00:00,1695254400000,1622.27,1625.3,1567.77,1583.94,240627.544,1626.3071428571432,1633.3664,1782.1520202020204,38.71557697042172,-20.83921218792625,-25.151996986740777,4.312784798814526,205561.52355,-0.0315492131039288
2023-09-22 00:00:00,1695340800000,1583.94,1602.68,1576.58,1593.08,124886.091,1619.4199999999998,1630.9664000000002,1781.4057575757574,42.3066004258339,-21.581126512541687,-24.43782289190096,2.8566963793592706,206698.53072,-0.0150486577388682
2023-09-23 00:00:00,1695427200000,1593.07,1598.24,1587.45,1593.86,64537.1341,1613.6285714285714,1625.544,1780.1526262626264,42.60153365521156,-21.85423743339379,-23.921105800199527,2.0668683668057355,204087.023115,0.0270709153590875
2023-09-24 00:00:00,1695513600000,1593.85,1601.12,1570.01,1580.71,137517.8533,1607.6614285714288,1620.5632,1778.6672727272728,43.366701600954045,-22.86816493624474,-23.71051762740857,0.8423526911638319,202562.3705,-0.0076963156870499
2023-09-25 00:00:00,1695600000000,1580.71,1597.5,1563.01,1588.33,176706.9277,1600.757142857143,1618.266,1777.3276767676768,58.33790455293475,-22.79408346484616,-23.527230794896088,0.7331473300499347,201179.44235,-0.0119991042659334
2023-09-26 00:00:00,1695686400000,1588.34,1599.78,1580.05,1594.01,125583.0161,1593.7414285714283,1616.8615999999995,1775.8822222222225,50.283656993235866,-22.023175377968755,-23.226419711510623,1.2032443335418677,196481.54219,-0.0199573309068105
2023-09-27 00:00:00,1695772800000,1594.02,1634.1,1583.5,1598.64,274404.4328,1590.3671428571429,1615.326,1773.929191919192,47.4091171379112,-20.79886647368608,-22.740909063945715,1.9420425902596392,198773.84992,-0.0259856576229672
2023-09-28 00:00:00,1695859200000,1598.63,1668.21,1598.14,1652.99,331409.7015,1600.2314285714288,1616.0120000000002,1771.5441414141414,56.35057471264369,-15.267013440716257,-21.246129939299824,5.9791164985835685,204265.832705,0.0113742046010767
2023-09-29 00:00:00,1695945600000,1653.0,1688.0,1648.37,1667.45,251975.6728,1610.8557142857146,1617.4896,1769.4778787878788,56.275187104202686,-9.605453218979392,-18.917994595235736,9.312541376256345,213938.6352,0.0277168285587496
2023-09-30 00:00:00,1696032000000,1667.45,1694.32,1666.19,1670.89,136924.9141,1621.86,1618.9472,1767.238080808081,58.9004341675204,-4.785878079795793,-16.091571292147748,11.305693212351954,210386.988765,0.0209145454767636
2023-10-01 00:00:00,1696118400000,1670.89,1751.0,1668.0,1733.79,225611.5868,1643.7285714285713,1622.9728,1765.8121212121214,71.74278235730755,4.062346067197495,-12.0607878202787,16.123133887476193,200796.32716,0.0551816057256926
2023-10-02 00:00:00,1696204800000,1733.8,1744.0,1636.79,1662.4,378575.6898,1654.31,1623.5444,1763.4242424242425,54.10945781978416,5.253492096127502,-8.597931836997459,13.85142393312496,203238.113225,0.0247432594035481
2023-10-03 00:00:00,1696291200000,1662.41,1670.65,1643.0,1656.88,198287.1164,1663.2914285714285,1624.362,1761.3829292929292,52.203433256469424,5.686515428239545,-5.741042383950058,11.427557812189605,201982.0046,0.0460497241057111
2023-10-04 00:00:00,1696377600000,1656.88,1657.66,1625.0,1646.58,222861.7167,1670.14,1624.8036,1758.928383838384,54.03076107133386,5.139322706352914,-3.5649693658894632,8.704292072242378,199360.03291,0.0335827453737413
2023-10-05 00:00:00,1696464000000,1646.58,1655.47,1606.73,1611.79,237378.7449,1664.2542857142855,1624.5784,1756.7442424242424,54.670467885292624,1.876772024460252,-2.4766210878195203,4.353393112279772,202161.968955,0.0112494196478989
2023-10-06 00:00:00,1696550400000,1611.79,1662.0,1611.68,1645.03,220507.9286,1661.0514285714285,1628.3056,1754.6537373737374,58.06051202482546,1.9508787890804344,-1.5911211124395297,3.541999901519964,208209.59203,0.0406905757539333
2023-10-07 00:00:00,1696636800000,1645.03,1647.71,1630.03,1633.57,101241.5732,1655.72,1629.9296,1751.621212121212,55.963716096476745,1.0725193734517688,-1.05839301526127,2.130912388713039,207260.300105,0.0284827460288479
2023-10-08 00:00:00,1696723200000,1633.56,1641.4,1616.17,1632.84,149424.6635,1641.2985714285712,1630.9384,1748.6751515151516,58.13235156469375,0.3138899808830047,-0.783936416032415,1.0978263969154196,200779.44839,0.024359947553654
2023-10-09 00:00:00,1696809600000,1632.85,1636.0,1546.0,1580.13,340141.0988,1629.5457142857142,1629.0848,1745.0655555555556,48.87855579868711,-4.488841195413215,-1.5249173719085751,-2.96392382350464,208572.38204,-0.0115785918030325
2023-10-10 00:00:00,1696896000000,1580.13,1594.9,1550.55,1567.63,240659.3287,1616.7957142857142,1626.1384,1741.1472727272726,46.45829976907794,-9.197660878318857,-3.059466073190632,-6.138194805128225,208963.13674,-0.0516397558363933
2023-10-11 00:00:00,1696982400000,1567.62,1578.43,1544.26,1566.87,260253.9671,1605.4085714285716,1623.4372,1737.4166666666667,45.689865689865655,-12.8427172010704,-5.016116298766586,-7.826600902303814,209944.457895,-0.0603196497646106
2023-10-12 00:00:00,1697068800000,1566.86,1568.56,1521.0,1539.61,237221.4977,1595.097142857143,1620.1224,1733.671717171717,33.39776254905404,-17.726761702359227,-7.558245379485115,-10.168516322874112,215561.22823,-0.0785689063912048
2023-10-13 00:00:00,1697155200000,1539.61,1575.36,1537.76,1552.16,192205.8736,1581.8300000000002,1616.7424,1730.7019191919192,33.02311883375057,-20.350138315023287,-10.116623966592751,-10.233514348430536,221944.665205,-0.1047589385104308
2023-10-14 00:00:00,1697241600000,1552.16,1561.72,1544.55,1554.94,100314.6754,1570.597142857143,1613.2152,1727.510303030303,32.89267904039659,-21.951813572067067,-12.483661887687616,-9.468151684379452,220084.50631,-0.0646414821944176
2023-10-15 00:00:00,1697328000000,1554.94,1567.62,1547.44,1557.77,120311.2738,1559.8728571428571,1610.6356,1724.404545454545,18.4348325084284,-22.730769245568126,-14.533083359263715,-8.19768588630441,217264.723615,-0.059817246873642
2023-10-16 00:00:00,1697414400000,1557.78,1639.43,1555.06,1599.42,418510.8644,1562.6285714285714,1611.2548000000002,1721.7441414141415,37.35747550987636,-19.759514924287032,-15.578369672268382,-4.18114525201865,231911.11603,-0.028641183544073
2023-10-17 00:00:00,1697500800000,1599.41,1600.53,1551.08,1565.01,234817.0699,1562.2542857142855,1610.132,1718.558383838384,33.4748354138936,-19.951386724716485,-16.452973082758003,-3.498413641958482,229931.747885,-0.0290236321108828
2023-10-18 00:00:00,1697587200000,1565.01,1585.42,1555.88,1563.44,177750.2253,1561.7642857142855,1608.9152,1715.3779797979796,34.560243648789225,-19.999589568645888,-17.162296379935583,-2.837293188710305,222248.774075,-0.0495978796739269
2023-10-19 00:00:00,1697673600000,1563.45,1574.45,1541.61,1566.57,216217.6675,1565.6157142857144,1608.3496,1712.2946464646463,40.48320565704184,-19.55975316923264,-17.641787737794996,-1.91796543143764,220460.87381,-0.0410144652509534
2023-10-20 00:00:00,1697760000000,1566.57,1630.4,1561.19,1603.89,315995.792,1573.0057142857142,1608.9719999999998,1708.2481818181818,41.4880410494083,-16.01515481448746,-17.31646115313349,1.3013063386460288,229414.417705,-0.017729844932755
2023-10-21 00:00:00,1697846400000,1603.88,1644.53,1592.36,1628.94,176419.4092,1583.577142857143,1610.3692,1705.128080808081,49.09304603330071,-11.057248356331227,-16.064618593773037,5.007370237441808,226954.808825,0.0308898634922443
2023-10-22 00:00:00,1697932800000,1628.94,1667.8,1621.1,1663.7,228650.9225,1598.7100000000005,1612.9716,1702.4239393939397,55.33393252212391,-4.273962688472693,-13.70648741271297,9.432524724240276,219458.57046,0.0612835937051472
2023-10-23 00:00:00,1698019200000,1663.69,1800.0,1657.07,1765.46,610931.9663,1622.43,1617.4704000000002,1700.841616161616,77.38893979251023,9.206890329803628,-9.123811864209651,18.33070219401328,240090.812955,0.1267431248284798
2023-10-24 00:00:00,1698105600000,1765.47,1854.38,1756.21,1784.98,674055.1375,1653.8542857142857,1622.1716,1699.5666666666668,81.46807586506438,21.221041380250423,-3.0548412153176363,24.275882595568063,262650.483995,0.1593715291534869
2023-10-25 00:00:00,1698192000000,1784.98,1817.69,1760.0,1787.15,354410.8294,1685.8128571428572,1626.822,1698.4549494949492,81.76260237628333,30.56510797099668,3.6691486219452254,26.89595934905145,268502.08822,0.1513954746933306
2023-10-26 00:00:00,1698278400000,1787.15,1865.54,1762.21,1803.38,431169.0453,1719.642857142857,1629.6056,1697.5938383838384,89.2830548357311,38.832338399974105,10.701786577551005,28.1305518224231,279035.144055,0.1597746536843864
2023-10-27 00:00:00,1698364800000,1803.39,1803.91,1744.66,1779.4,274532.6921,1744.7157142857145,1634.2856,1696.460606060606,82.72842493374812,42.9540449936178,17.152238260764364,25.80180673285344,287699.7,0.1422738915244228
2023-10-28 00:00:00,1698451200000,1779.41,1803.23,1770.0,1776.2,122919.7382,1765.7528571428572,1639.0584000000003,1695.2936363636363,81.82864376546405,45.438526854807606,22.80949597957301,22.62903087523459,286374.453735,0.1105275662427629
2023-10-29 00:00:00,1698537600000,1776.21,1811.3,1762.66,1795.14,144110.6508,1784.53,1645.0008000000005,1694.572626262626,82.63356154967141,48.37812344856229,27.92322147337088,20.45490197519142,276572.93133500003,0.1470469837253436
2023-10-30 00:00:00,1698624000000,1795.14,1829.84,1777.77,1809.04,277686.192,1790.7557142857145,1652.8908,1693.767676767677,81.19902363517292,51.23874045565117,32.58632526982693,18.65241518582424,278424.2745,0.157089494959832
2023-10-31 00:00:00,1698710400000,1809.03,1819.41,1780.99,1814.67,258074.5796,1794.997142857143,1659.6764,1693.4108080808082,90.64005729912748,53.34516414547125,36.73809304495579,16.607071100515455,278315.305125,0.1583714739845652
2023-11-01 00:00:00,1698796800000,1814.67,1857.66,1783.19,1846.99,471921.6184,1803.5457142857144,1668.2132,1693.3030303030305,91.9564381048208,56.965807615894846,40.7836359591436,16.182171656751244,290050.31116,0.1515689978739189
2023-11-02 00:00:00,1698883200000,1846.99,1875.0,1785.01,1800.8,368738.2193,1803.1771428571428,1674.9316,1692.5838383838382,80.74126571646059,55.46863873812549,43.72063651493998,11.748002223185509,298876.928445,0.1055041929107272
2023-11-03 00:00:00,1698969600000,1800.79,1834.58,1777.11,1832.71,315000.2678,1810.7928571428567,1685.0348,1692.2952525252526,80.46384066460749,56.209049004965664,46.21831901294512,9.990729992020547,309611.208065,0.1015868245476949
2023-11-04 00:00:00,1699056000000,1832.7,1869.9,1824.03,1855.54,171538.0364,1822.1271428571429,1696.5512000000003,1692.106868686869,80.34767236299349,57.96978013704893,48.568611237765886,9.401168899283045,312172.546195,0.0510235292784881
2023-11-05 00:00:00,1699142400000,1855.54,1912.67,1846.11,1891.71,383106.7628,1835.9228571428573,1709.5448,1692.2205050505052,80.42161440960638,61.574002190538295,51.169689428320375,10.40431276221792,310402.341115,0.0597933870407512
2023-11-06 00:00:00,1699228800000,1891.71,1914.23,1868.48,1900.95,328746.2394,1849.052857142857,1723.9984,1692.6160606060605,74.00347234525032,64.4332188741489,53.82239531748608,10.610823556662822,315098.79959,0.0636768038497048
2023-11-07 00:00:00,1699315200000,1900.95,1906.99,1850.32,1885.27,332419.4406,1859.138571428572,1737.3228,1692.9103030303029,68.01250044901036,64.68823799807024,55.99556385360292,8.692674144467318,322832.260355,0.0454091761026516
2023-11-08 00:00:00,1699401600000,1885.26,1904.69,1872.51,1888.12,247881.0997,1865.0142857142853,1750.65,1693.0582828282827,68.0904432579639,64.37820183592225,57.67209145006679,6.706110385855467,324415.431965,0.0610992469371696
2023-11-09 00:00:00,1699488000000,1888.11,2132.0,1882.07,2121.32,1100330.3237,1910.8028571428567,1773.1919999999998,1695.9009090909092,82.0478187242964,82.00449029194942,62.53857121844332,19.465919073506107,363632.15855,0.1943024434185341
2023-11-10 00:00:00,1699574400000,2121.33,2136.99,2064.61,2077.72,555573.6495,1945.8042857142857,1792.3239999999998,1698.3444444444444,78.92603653570174,91.40167366585185,68.31119170792502,23.09048195792681,382589.870565,0.1574139064362667
2023-11-11 00:00:00,1699660800000,2077.72,2089.6,2030.3,2053.17,370966.0372,1974.037142857143,1811.8504,1700.5963636363638,75.78816036945307,95.76412019907048,73.80177740615412,21.96234279291636,389705.6263,0.1349500287445275
2023-11-12 00:00:00,1699747200000,2053.16,2066.5,2012.1,2044.68,281907.559,1995.89,1831.1,1702.6993939393938,73.69530537830445,97.41339745217238,78.52410141535778,18.8892960368146,373254.4059350001,0.1267503182396798
2023-11-13 00:00:00,1699833600000,2044.69,2118.0,2028.49,2053.65,529143.5815,2017.7042857142856,1850.5832,1704.955656565657,73.44669593389949,98.3109976082817,82.48148065394255,15.82951695433914,366008.828135,0.1118901564166563
2023-11-14 00:00:00,1699920000000,2053.65,2064.96,1936.6,1979.39,481909.733,2031.15,1865.6032,1706.473737373737,63.95317317792159,91.9700177008658,84.3791880633272,7.590829637538604,372383.773315,0.0991725899600177
2023-11-15 00:00:00,1700006400000,1979.4,2062.4,1967.01,2058.48,421870.8032,2055.4871428571428,1882.7848,1708.5159595959597,66.59968918261305,92.26309591926224,85.95596963451422,6.307126284748023,371918.86121,0.1231891570406664
2023-11-16 00:00:00,1700092800000,2058.49,2090.4,1939.1,1961.77,545286.1297,2032.6942857142856,1894.7076,1709.590909090909,61.70605774125518,83.72652647875498,85.51008100336237,-1.7835545246073965,385456.53309,0.0572501805404357
2023-11-17 00:00:00,1700179200000,1961.77,1991.5,1904.0,1960.82,401100.5069,2015.9942857142853,1902.522,1710.6853535353537,59.75570751915197,76.00839912247443,83.6097446271848,-7.601345504710366,399365.571525,0.0365330838236304
2023-11-18 00:00:00,1700265600000,1960.82,1971.22,1916.0,1962.6,279368.2208,2003.0557142857144,1909.6268,1711.834444444445,58.42275859898668,69.23723496444859,80.73524269463755,-11.49800773018896,406128.450025,0.0324311528446301
2023-11-19 00:00:00,1700352000000,1962.59,2015.75,1942.89,2011.47,251132.6192,1998.311428571429,1918.5996,1713.4661616161618,59.23731951129211,67.04162504047463,77.99651916380498,-10.954894123330348,404800.771385,0.0669400138972136
2023-11-20 00:00:00,1700438400000,2011.47,2066.4,1990.0,2021.4,421717.679,1993.7042857142856,1927.3204,1715.2911111111111,59.28066201285193,65.34954746425001,75.46712482389398,-10.117577359643974,412982.926355,0.0705887337669217
2023-11-21 00:00:00,1700524800000,2021.41,2034.6,1931.43,1933.01,490163.9863,1987.078571428572,1933.4648,1716.1750505050506,53.30774347319994,56.22806734083474,71.61931332728214,-15.391245986447402,413895.04475,-0.0887701996869874
2023-11-22 00:00:00,1700611200000,1933.01,2092.46,1928.41,2063.21,466120.5109,1987.7542857142853,1944.9452,1718.54101010101,60.3116644483445,58.827157644816,69.06088219078892,-10.23372454597292,418764.15933,-0.0069836166567197
2023-11-23 00:00:00,1700697600000,2063.22,2088.94,2040.35,2062.2,250960.6958,2002.1014285714284,1955.6276,1721.110606060606,45.20752269779505,60.112517197567286,67.2712091921446,-7.15869199457731,415562.18073,0.0043980771197706
2023-11-24 00:00:00,1700784000000,2062.21,2133.02,2059.37,2080.84,426932.5402,2019.2471428571428,1966.4996,1725.1444444444446,50.26358475263588,61.9214739161323,66.20126213694215,-4.2797882208098486,428331.90592,0.0176849189115166
2023-11-25 00:00:00,1700870400000,2080.84,2090.54,2065.3,2083.09,138847.393,2036.46,1977.2364,1729.4020202020204,52.62668118130422,62.812577055564816,65.52352512066669,-2.7109480651018742,416118.9374300001,0.0143354515131595
2023-11-26 00:00:00,1700956800000,2083.1,2094.99,2036.42,2062.33,241262.9136,2043.7257142857145,1985.85,1733.3682828282826,51.516818205256,61.13885356588298,64.64659080970995,-3.5077372438269663,411744.77114,0.0419017980286855
2023-11-27 00:00:00,1701043200000,2062.34,2071.24,1985.78,2027.5,326073.2298,2044.597142857143,1994.918,1736.8254545454545,47.84833873648526,56.35233113304525,62.987738874377015,-6.635407741331761,411427.4606,-0.0150499397613773
2023-11-28 00:00:00,1701129600000,2027.5,2075.0,1995.15,2048.14,283775.9279,2061.0442857142857,2003.5352,1740.669797979798,56.20431369010014,53.60651063856517,61.11149322721465,-7.504982588649483,413222.20201,0.0440265678443445
2023-11-29 00:00:00,1701216000000,2048.14,2075.7,2019.31,2028.81,254843.7319,2056.13,2010.466,1744.6477777777775,46.99872544457707,49.30233206723665,58.74966099521906,-9.447328927982412,370947.87242,0.0346742689283054
2023-11-30 00:00:00,1701302400000,2028.8,2054.75,2020.85,2051.96,243680.0921,2054.667142857143,2016.876,1748.408888888889,60.71827537850877,47.21498609748096,56.44272601567144,-9.22773991819048,355353.19455,0.0455314378885152
2023-12-01 00:00:00,1701388800000,2051.95,2110.87,2045.04,2087.24,372645.586,2055.5814285714287,2024.3276,1752.7127272727273,63.890475981189255,47.85589753317117,54.72536031917139,-6.86946278600022,355437.17199000006,0.0376689684658482
2023-12-02 00:00:00,1701475200000,2087.24,2186.6,2086.25,2164.74,320979.9768,2067.2457142857143,2035.5064,1757.8737373737374,69.04178755793357,53.995005951068606,54.57928944555084,-0.5842834944822357,357390.79288,0.0709112496289698
2023-12-03 00:00:00,1701561600000,2164.75,2217.27,2149.0,2192.95,257879.1136,2085.905714285714,2047.6996,1763.3879797979798,67.78797145769619,60.43989139584824,55.751409835610325,4.688481560237911,343827.569485,0.1344742137909269
2023-12-04 00:00:00,1701648000000,2192.96,2274.28,2191.0,2243.37,565307.7134,2116.744285714285,2052.5816,1769.2974747474746,70.1567352572601,68.82263764009599,58.36565539650746,10.456982243588527,347997.468505,0.087320243697927
2023-12-05 00:00:00,1701734400000,2243.36,2309.72,2188.33,2293.33,529829.7214,2151.7714285714287,2061.206,1775.7646464646466,85.17513374204377,78.59142586405005,62.41080949001599,16.180616374034066,353395.414415,0.1120793327514306
2023-12-06 00:00:00,1701820800000,2293.33,2312.23,2220.0,2232.7,408338.9056,2180.898571428572,2068.3872,1780.848282828283,69.14665280947104,80.51282489006462,66.03121257002572,14.481612320038906,346548.05321,0.0729801426347049
2023-12-07 00:00:00,1701907200000,2232.7,2382.8,2222.0,2355.73,485190.0609,2224.2942857142857,2080.8292,1787.41898989899,75.99312824327436,90.9150284017278,71.00797573636613,19.90705266536166,350752.53091000003,0.1308824870744902
2023-12-08 00:00:00,1701993600000,2355.74,2392.0,2336.34,2358.72,378569.8126,2263.077142857143,2093.032,1794.6206060606062,75.30875441728293,98.26735276668614,76.45985114243014,21.807501624256005,355712.6105,0.1437160881139294
2023-12-09 00:00:00,1702080000000,2358.71,2403.0,2328.01,2340.49,287771.0664,2288.1842857142856,2107.476,1801.8061616161613,72.78037383177566,101.45361997265992,81.4586049084761,19.995015064183804,357544.53286000004,0.1543723797780516
2023-12-10 00:00:00,1702166400000,2340.48,2377.47,2320.0,2352.39,200037.2102,2310.9614285714283,2119.2324,1809.03202020202,76.07984175508003,103.74310430813604,85.91550478840809,17.82759951972794,346460.50942,0.1485494155672952
2023-12-11 00:00:00,1702252800000,2352.39,2355.0,2156.62,2225.12,640414.9166,2308.3542857142857,2129.7664,1814.984343434344,65.23576032318746,94.20200965008326,87.57280576074312,6.629203889340133,353973.05593499995,0.0967611555542411
2023-12-12 00:00:00,1702339200000,2225.11,2244.12,2166.0,2203.46,361588.9087,2295.5157142857142,2139.472,1820.771717171717,61.95578545476939,83.92540261428576,86.84332513145166,-2.9179225171659056,348746.47582500003,0.0738318485740463
2023-12-13 00:00:00,1702425600000,2203.47,2284.02,2144.32,2260.16,418916.6154,2299.438571428572,2151.3744,1827.09202020202,66.83941595213486,79.44059194391139,85.36277849394361,-5.922186550032222,357144.271805,0.0828462467181541
2023-12-14 00:00:00,1702512000000,2260.16,2332.11,2228.2,2315.32,409508.0931,2293.6657142857143,2163.5284,1833.9826262626264,68.31585389601358,79.42177341932847,84.17457747902058,-4.75280405969211,356273.04945,0.0695603167123999
2023-12-15 00:00:00,1702598400000,2315.32,2317.81,2200.0,2220.5,333552.6328,2273.92,2171.4924,1839.764343434344,58.5589867433974,70.93794952207008,81.52725188763048,-10.5893023655604,366008.31144,0.0125629859321918
2023-12-16 00:00:00,1702684800000,2220.51,2263.4,2210.0,2228.96,199285.923,2257.9871428571428,2183.3304,1845.749393939394,54.52610509697792,64.15754106100394,78.05330972230517,-13.895768661301233,363909.46191,-0.006423371980547
2023-12-17 00:00:00,1702771200000,2228.96,2248.68,2191.5,2196.52,225925.7675,2235.7200000000003,2188.6628,1851.4158585858588,50.2501155996469,55.52630889280681,73.5479095564055,-18.02160066359869,358902.08879500005,-0.0422137241478548
2023-12-18 00:00:00,1702857600000,2196.53,2224.0,2116.6,2219.43,364103.1181,2234.907142857143,2194.952,1857.496767676768,48.25550891920251,49.95874740612453,68.83007712634931,-18.87132972022478,362918.448305,-0.0059434765082635
2023-12-19 00:00:00,1702944000000,2219.44,2255.0,2135.55,2177.91,383551.4049,2231.2571428571428,2198.8348,1863.8206060606065,41.48468394027032,41.71523060138861,63.40710782135717,-21.69187721996856,369353.831955,-0.0754840325504196
2023-12-20 00:00:00,1703030400000,2177.9,2266.0,2156.0,2202.17,416841.6272,2222.9728571428573,2203.598,1869.9741414141413,47.61986434863961,36.71651822615331,58.0689899023164,-21.35247167616309,378011.90871,-0.0663707434540766
2023-12-21 00:00:00,1703116800000,2202.17,2279.31,2182.98,2239.61,453069.7252,2212.157142857143,2210.6892,1876.357878787879,39.55304447963151,35.368392938135,53.52887050948013,-18.16047757134513,382033.11567,-0.0431020854607366
2023-12-22 00:00:00,1703203200000,2239.6,2343.15,2230.59,2324.54,591357.488,2227.02,2222.5708,1883.409090909091,47.32005645287754,40.68415354794252,50.959927117172604,-10.27577356923009,395551.99123,-0.0118390232912058
2023-12-23 00:00:00,1703289600000,2324.54,2330.65,2265.0,2308.2,255626.9352,2238.34,2232.9732,1890.145555555556,47.46071939730423,43.08181039553574,49.38430377284524,-6.302493377309496,395439.38231,0.0373373121449629
2023-12-24 00:00:00,1703376000000,2308.2,2326.19,2245.0,2264.05,307951.076,2247.9871428571428,2242.3828,1896.5056565656569,43.38831841451369,40.94741834854449,47.69692668798509,-6.749508339440602,382571.55044,0.0274976627667395
2023-12-25 00:00:00,1703462400000,2264.04,2304.8,2253.1,2271.35,286277.1616,2255.4042857142854,2251.1584,1903.059898989899,54.21737305916912,39.390872803482125,46.035715911084495,-6.6448431076023695,370393.92245,0.0049509769219877
2023-12-26 00:00:00,1703548800000,2271.36,2274.99,2178.45,2230.88,410413.1591,2262.9714285714285,2256.904,1909.0621212121207,52.41841594637503,34.494082159305435,43.72738916072869,-9.233307001423247,370497.635125,-0.0364701207608452
2023-12-27 00:00:00,1703635200000,2230.88,2392.44,2211.88,2378.35,541537.3574,2288.1400000000003,2265.4484,1916.488686868687,58.98550945002814,42.02845892344794,43.38760311327253,-1.3591441898245904,373314.99995,0.0710875928844854
2023-12-28 00:00:00,1703721600000,2378.35,2445.8,2335.0,2344.15,580459.982,2303.074285714286,2271.4964,1923.7805050505049,52.26398203263652,44.72429873668352,43.654942237954735,1.0693564987287871,383409.50842,0.0516788098485392
2023-12-29 00:00:00,1703808000000,2344.15,2385.41,2255.34,2299.2,450201.2069,2299.4542857142856,2273.7296,1931.0053535353536,56.70540522118464,42.740990342646,43.47215185889299,-0.731161516246992,391531.015445,0.0467466720084497
2023-12-30 00:00:00,1703894400000,2299.2,2322.84,2268.0,2291.68,210539.1327,2297.094285714286,2273.6636,1938.0619191919195,55.35244922341696,40.10015339184565,42.79775216548353,-2.6975987736378784,392056.11157,0.0325534033513108
2023-12-31 00:00:00,1703980800000,2291.68,2321.34,2258.88,2281.87,222175.8779,2299.64,2275.6304,1945.011515151515,57.57629555985584,36.79157568518622,41.59651686942407,-4.804941184237855,371144.1596350001,0.0477338365680859
2024-01-01 00:00:00,1704067200000,2281.87,2352.37,2265.24,2352.04,216702.6914,2311.167142857143,2275.4828,1952.8027272727272,60.860236188229926,39.37771479609228,41.152756454757714,-1.7750416586654367,363899.84877,0.0680555997039282
2024-01-02 00:00:00,1704153600000,2352.05,2431.3,2341.0,2355.34,458041.6642,2328.947142857143,2275.3476,1960.5503030303032,65.50121437682378,41.21839113886927,41.16588339158003,0.0525077472892334,365856.10121,0.0516741754144693
2024-01-03 00:00:00,1704240000000,2355.35,2385.45,2100.0,2209.72,798729.4869,2304.8571428571427,2270.1168,1966.769595959596,50.54420689953434,30.574380967098023,39.04758290668363,-8.473201939585607,385317.1709,-0.0493947189551481
2024-01-04 00:00:00,1704326400000,2209.72,2294.69,2201.91,2267.11,448844.055,2293.8514285714286,2266.7056,1973.5218181818184,51.926795773661055,26.46475042263773,36.53101640987445,-10.06626598723672,391081.7420100001,-0.0178017502816045
2024-01-05 00:00:00,1704412800000,2267.11,2277.21,2206.17,2268.78,405568.0006,2289.505714285714,2268.452,1979.7419191919191,45.577130528586856,23.07658118783138,33.84012936546584,-10.763548177634462,401395.84589,0.0020891764757846
2024-01-06 00:00:00,1704499200000,2268.78,2270.0,2216.4,2240.78,194067.8656,2282.2342857142858,2269.9448,1985.5331313131312,44.749384754369046,17.9254334262273,30.657190177618137,-12.731756751390837,399802.950795,-0.0134589561274131
2024-01-07 00:00:00,1704585600000,2240.77,2258.01,2203.46,2221.42,207138.6927,2273.598571428572,2268.3952000000004,1991.0940404040405,46.54666817879882,12.140967989913406,26.95394574007719,-14.812977750163784,391954.729525,-0.0042404790934519
2024-01-08 00:00:00,1704672000000,2221.42,2358.2,2166.38,2330.44,539407.5547,2270.512857142857,2269.0,1997.120808080808,54.10946519229433,16.16737292738935,24.796631177539627,-8.629258250150276,399747.537015,-0.0201442176298694
2024-01-09 00:00:00,1704758400000,2330.43,2371.72,2226.78,2344.29,551454.9931,2268.934285714286,2273.9516,2004.008585858586,58.19045830745452,20.242563429088023,23.88581762784931,-3.643254198761287,406478.20531,5.972314058388939e-05
2024-01-10 00:00:00,1704844800000,2344.3,2643.1,2339.59,2584.38,1038388.666,2322.457142857143,2288.1684000000005,2013.3772727272724,63.12376584495827,42.357170649175714,27.58008823211459,14.777082417061123,435744.15235,0.1240344467640919
2024-01-11 00:00:00,1704931200000,2584.37,2689.39,2566.01,2618.01,838712.2577,2372.5857142857144,2305.028,2023.189696969697,67.45709987506052,61.88346211050748,34.44076300779317,27.442699102714307,448111.890835,0.1423977169587378
2024-01-12 00:00:00,1705017600000,2618.01,2717.32,2458.0,2522.54,887457.7627,2408.837142857143,2317.1524,2032.389191919192,63.37525452149956,68.8607735162741,41.32476510948936,27.53600840678473,479703.43221000006,0.1054705132194209
2024-01-13 00:00:00,1705104000000,2522.55,2590.0,2497.5,2578.19,422061.232,2457.038571428572,2333.1636000000003,2041.8150505050503,66.22311812735693,77.98190611604832,48.65619331080116,29.325712805247164,485408.94001,0.0961505756704819
2024-01-14 00:00:00,1705190400000,2578.18,2578.69,2470.0,2472.87,306207.7463,2492.96,2343.9916,2050.2928282828284,59.75943752938049,75.83781449346634,54.0925175473342,21.745296946132143,486405.469245,0.0498993775845524
2024-01-15 00:00:00,1705276800000,2472.87,2553.82,2470.92,2511.78,315247.8819,2518.8657142857146,2354.8784,2059.17101010101,58.43150916307744,76.39765365533594,58.55354476893455,17.844108886401393,481647.205385,0.1366960519884874
2024-01-16 00:00:00,1705363200000,2511.79,2614.43,2500.05,2587.4,381077.6247,2553.5957142857146,2365.3928,2069.3454545454542,61.37995292271477,81.99801022198199,63.24243785954404,18.755572362437945,473624.21875,0.1412767796886784
2024-01-17 00:00:00,1705449600000,2587.41,2592.97,2506.75,2530.19,366281.3477,2545.8542857142857,2374.2724,2079.068282828283,67.20755162748739,80.88754302807865,66.77145889325097,14.116084134827688,462915.287035,0.1152205149904352
2024-01-18 00:00:00,1705536000000,2530.2,2550.0,2428.56,2470.81,452090.1074,2524.825714285714,2382.5428,2088.1989898989896,60.91429306243166,74.35885741430093,68.28893859746096,6.069918816839973,463009.73206,0.1026562179241155
2024-01-19 00:00:00,1705622400000,2470.81,2504.2,2415.2,2492.0,424209.0029,2520.462857142857,2391.3688,2097.819090909091,61.71512543297993,70.08676632186189,68.64850414234114,1.4382621795207484,473693.22557,0.1218049715947455
2024-01-20 00:00:00,1705708800000,2491.99,2492.0,2454.2,2472.01,136620.9577,2505.2942857142857,2401.014,2107.1105050505053,62.23840624966918,64.34633294377636,67.7880699026282,-3.441736958851834,469415.47956,0.0607481848921234
2024-01-21 00:00:00,1705795200000,2472.02,2482.18,2452.13,2457.05,122572.1687,2503.034285714286,2404.1620000000003,2116.222727272728,62.52964510948749,57.922160548480406,65.81488803179863,-7.892727483318225,464708.9534250001,0.0480998511276336
2024-01-22 00:00:00,1705881600000,2457.06,2466.1,2303.59,2314.2,526337.6492,2474.808571428571,2402.964,2123.8634343434346,49.16642713423396,40.83345385075927,60.81860119559076,-19.98514734483149,468123.752675,-0.1045434494927217
2024-01-23 00:00:00,1705968000000,2314.19,2352.23,2168.07,2242.6,700105.3314,2425.5514285714285,2400.7,2130.360202020202,45.07253820733232,21.267846565071068,52.90845026948682,-31.64060370441576,463192.5449,-0.1433951741971957
2024-01-24 00:00:00,1706054400000,2242.6,2264.6,2196.12,2235.02,359851.1496,2383.3842857142854,2398.4336000000003,2137.12797979798,28.147518014411546,5.091626081240975,43.34508543183765,-38.25345935059668,458742.89963,-0.1139803531361246
2024-01-25 00:00:00,1706140800000,2235.02,2242.89,2171.3,2218.64,330426.6061,2347.36,2395.9044,2143.7461616161618,24.468425157586537,-8.946741831518011,32.88671997916652,-41.83346181068453,454985.82990499993,-0.1394583021422005
2024-01-26 00:00:00,1706227200000,2218.64,2282.36,2195.84,2267.68,363566.4255,2315.3142857142857,2392.53,2150.828080808081,32.678610265332765,-15.93148316679617,23.123079349973985,-39.05456251677016,463460.7579,-0.0829764605498873
2024-01-27 00:00:00,1706313600000,2267.67,2282.94,2251.4,2267.94,145109.3836,2286.1614285714286,2389.034,2157.5356565656566,27.19722471299008,-21.20156275236377,14.258150929506437,-35.459713681870205,460359.292445,-0.09707856579796
2024-01-28 00:00:00,1706400000000,2267.94,2308.24,2239.89,2256.9,209326.9087,2257.5685714285714,2390.9212,2163.8786868686866,31.572840053924025,-25.96961299459099,6.212598144686951,-32.18221113927794,443855.260145,-0.1277344051944036
2024-01-29 00:00:00,1706486400000,2256.9,2322.34,2233.8,2317.6,305528.0776,2258.054285714286,2392.9408000000003,2170.4837373737373,34.02599539322142,-24.56714964596995,0.0566485865555712,-24.62379823252552,431558.91437,-0.084021358079828
2024-01-30 00:00:00,1706572800000,2317.61,2391.98,2297.0,2343.01,372879.5791,2272.398571428572,2395.91,2176.317575757576,28.085152172743435,-21.161377510771672,-4.186956632909878,-16.974420877861796,398283.460025,-0.0517239285902192
2024-01-31 00:00:00,1706659200000,2343.0,2351.6,2263.57,2283.14,397116.1859,2279.272857142857,2397.6044,2181.349494949495,27.951807228915683,-23.02783663549372,-7.955132633426645,-15.072704002067068,376203.656435,-0.0838121990369181
2024-02-01 00:00:00,1706745600000,2283.15,2311.72,2240.0,2304.28,310997.4538,2291.5071428571428,2400.9188,2186.5730303030305,34.04915614643403,-22.541354905455137,-10.872377087832344,-11.668977817622793,347380.64099,-0.0678516672667182
2024-02-02 00:00:00,1706832000000,2304.28,2324.74,2281.94,2309.06,238230.511,2297.418571428572,2400.0636,2191.680909090909,31.908623417721543,-21.522016172172243,-13.002304904700324,-8.51971126747192,338189.10494,-0.0602307645347063
2024-02-03 00:00:00,1706918400000,2309.07,2329.98,2292.75,2296.49,133232.845,2301.497142857143,2398.1516,2196.90404040404,32.383877313420854,-21.48085886065792,-14.698015695891844,-6.782843164766074,329540.359875,-0.0076527525710828
2024-02-04 00:00:00,1707004800000,2296.5,2311.0,2266.0,2289.79,171232.0444,2306.195714285714,2386.3680000000004,2202.0918181818183,32.92986610058786,-21.73828992587414,-16.106070541888304,-5.632219383985838,322339.568,0.0210425399090341
2024-02-05 00:00:00,1707091200000,2289.79,2338.41,2269.11,2301.83,236610.412,2303.942857142857,2373.7208,2207.209898989899,48.27768650274291,-20.731795291204435,-17.03121549175153,-3.7005797994529033,315116.20736500004,0.0298923499565999
2024-02-06 00:00:00,1707177600000,2301.84,2392.4,2299.0,2372.64,368942.7498,2308.175714285714,2367.7248,2212.9028282828285,68.14579147131052,-14.058310374683517,-16.436634468337928,2.378324093654413,315249.27747,0.0694118919698554
2024-02-07 00:00:00,1707264000000,2372.63,2444.44,2354.0,2425.1,342791.7013,2328.4557142857143,2361.6012,2219.068787878788,73.57142857142853,-4.484744581116502,-14.046256490893644,9.561511909777142,309784.357165,0.0694189656388908
2024-02-08 00:00:00,1707350400000,2425.09,2463.15,2411.01,2419.55,338040.0539,2344.922857142857,2359.4684,2224.8522222222223,75.60211025307747,2.6242855372752274,-10.712148085259871,13.3364336225351,305475.909715,0.0668492111784262
2024-02-09 00:00:00,1707436800000,2419.56,2525.0,2419.16,2486.56,492384.385,2370.28,2358.4596,2231.779090909091,76.67056587220354,13.509659156673024,-5.8677866368732925,19.377445793546315,323264.08108000003,0.1017590500243696
2024-02-10 00:00:00,1707523200000,2486.56,2516.45,2471.57,2500.24,185099.59,2399.387142857143,2354.9732,2238.521818181818,77.4093826694355,22.97541160313358,-0.0991469888719178,23.0745585920055,326390.45214500005,0.0788056610286502
2024-02-11 00:00:00,1707609600000,2500.24,2539.63,2493.45,2507.21,219975.1471,2430.447142857143,2354.054,2245.104343434344,79.82082012914293,30.68578276086646,6.057838961075758,24.6279437997907,311072.32704,0.0700807935092038
2024-02-12 00:00:00,1707696000000,2507.22,2665.58,2472.0,2659.99,449501.776,2481.612857142857,2361.6212,2252.864747474747,83.4515505012017,48.56455466209991,14.559182101280587,34.00537256081932,298542.14927,0.1650577713149434
2024-02-13 00:00:00,1707782400000,2659.99,2686.12,2590.0,2639.99,502447.745,2519.805714285714,2367.5408,2260.329797979798,79.32498617584325,60.42325567119087,23.731996815262647,36.69125885592823,305671.97904,0.1456897599250088
2024-02-14 00:00:00,1707868800000,2639.99,2786.0,2618.4,2774.81,461670.6944,2569.764285714285,2379.6528,2269.3150505050507,92.28982814677198,79.78054841995208,34.941707136200534,44.83884128375155,312234.18345500005,0.2017054558998035
2024-02-15 00:00:00,1707955200000,2774.8,2867.65,2759.25,2822.59,481689.1874,2627.3414285714284,2394.2744,2278.754141414141,92.62768319763144,97.84884845479428,47.52313539991928,50.325713054875,318140.32155,0.2290887397724355
2024-02-16 00:00:00,1708041600000,2822.58,2857.4,2740.0,2801.8,378070.8037,2672.3757142857144,2413.7784,2285.627676767677,89.48490287838969,109.2313758501291,59.86478348996125,49.36659236016785,329788.392555,0.2236056581607921
2024-02-17 00:00:00,1708128000000,2801.81,2804.21,2719.01,2785.93,243302.8759,2713.188571428572,2435.5116,2292.781313131313,89.01412492427384,115.63852550915044,71.0195318937991,44.61899361535134,331487.190915,0.2103109265236789
2024-02-18 00:00:00,1708214400000,2785.92,2895.0,2764.25,2881.2,367987.8833,2766.6157142857146,2461.3588,2301.1452525252525,91.30938910076416,126.94044019346438,82.20371355373216,44.73672663973223,334610.1812,0.2143435160833502
2024-02-19 00:00:00,1708300800000,2881.2,2984.52,2856.93,2944.8,446451.0401,2807.302857142857,2490.4052,2310.2373737373737,91.89330066849972,139.42210622597895,93.64739208818152,45.77471413779743,338288.75425000006,0.2143004412189189
2024-02-20 00:00:00,1708387200000,2944.8,3033.09,2874.56,3014.81,634681.7471,2860.848571428572,2520.2904,2319.94606060606,91.88484065797884,153.1971766933225,105.55734900920972,47.63982768411277,350167.03231,0.2460209543096856
2024-02-21 00:00:00,1708473600000,3014.81,3017.15,2868.0,2967.9,595955.0033,2888.432857142857,2548.2888,2329.93101010101,85.66172605907707,158.50166578661583,116.14621236469095,42.35545342192488,364414.909785,0.1935766681680715
2024-02-22 00:00:00,1708560000000,2967.91,3036.02,2906.51,2971.4,563525.9936,2909.691428571429,2576.8688,2339.1524242424243,86.35423391612537,161.13052002453423,125.14307389665962,35.98744612787462,380679.68391500006,0.1884459091927175
2024-02-23 00:00:00,1708646400000,2971.4,2993.8,2906.05,2922.24,428826.5787,2926.8971428571426,2601.0543999999995,2348.8541414141414,79.39255741155513,157.4323229741908,131.6009237121659,25.831399262024945,395459.3706,0.165534598218737
2024-02-24 00:00:00,1708732800000,2922.25,3007.48,2906.4,2992.62,243854.0783,2956.424285714286,2627.0388000000003,2359.2763636363634,80.85706407299706,158.35513357036916,136.9517656838065,21.40336788656265,399090.472295,0.1250493422907606
2024-02-25 00:00:00,1708819200000,2992.62,3122.0,2983.61,3112.59,412306.2237,2989.48,2660.2168,2370.892424242424,83.23196170567824,166.84377282868172,142.93016711278156,23.91360571590016,407875.26288,0.1790158296054154
2024-02-26 00:00:00,1708905600000,3112.6,3196.0,3036.59,3175.94,546722.7747,3022.5,2695.0832,2382.654747474747,81.40636223079824,176.64662383928362,149.67345845808197,26.973165381201653,416764.264125,0.1445612492386867
2024-02-27 00:00:00,1708992000000,3175.95,3288.14,3160.02,3242.36,625939.1221,3055.0071428571428,2732.4152000000004,2394.987676767677,84.70552988488527,187.61231481523328,157.26122972951222,30.351085085721053,430921.635165,0.1487180213917005
2024-02-28 00:00:00,1709078400000,3242.35,3488.0,3176.16,3383.1,947538.766,3114.3214285714284,2775.8796,2409.6350505050505,84.80915593705289,205.29275857342463,166.86753549829473,38.42522307512991,461396.57077,0.2074737668641586
2024-02-29 00:00:00,1709164800000,3383.11,3522.81,3300.0,3340.09,759698.1123,3166.9914285714285,2817.8916,2422.532828282828,79.77628944279499,213.37444233185488,176.16891686500676,37.20552546684812,474762.257135,0.1989138276984705
2024-03-01 00:00:00,1709251200000,3340.1,3450.0,3338.54,3433.43,412788.5773,3240.018571428572,2863.1556,2436.3836363636365,83.54274425668856,224.7205541957892,185.87924433116325,38.84130986462594,486146.7065,0.1916666666666666
2024-03-02 00:00:00,1709337600000,3433.42,3460.04,3390.01,3421.4,283984.9448,3301.272857142857,2905.106,2449.9246464646462,83.88486600049059,230.0893819615976,194.7212718572501,35.368110104347494,489347.1963850001,0.1618446074436295
2024-03-03 00:00:00,1709424000000,3421.39,3491.8,3360.0,3487.81,341631.531,3354.875714285714,2947.6144,2464.113737373737,83.37312808776122,236.971291100489,203.17127570589795,33.80001539459107,483953.6841350001,0.1568921424567386
2024-03-04 00:00:00,1709510400000,3487.8,3640.94,3423.78,3627.76,715360.6361,3419.421428571429,2995.9428000000003,2479.9261616161616,84.66168618932583,250.82667528508543,212.70235562173545,38.12431966335001,494599.32869,0.2223322888237475
2024-03-05 00:00:00,1709596800000,3627.75,3822.04,3200.0,3553.65,1392904.864,3463.891428571428,3038.6264,2495.3418181818183,77.23394792172087,252.91170078258847,220.7442246539061,32.16747612868241,541161.03717,0.1959514033788787
2024-03-06 00:00:00,1709683200000,3553.66,3900.0,3499.4,3818.59,969494.71,3526.104285714286,3091.3604,2513.225151515151,85.23080236227648,272.7978979583236,231.1549593147896,41.642938643534,565551.3132999999,0.3067338753832678
2024-03-07 00:00:00,1709769600000,3818.58,3933.81,3735.0,3868.76,540780.675,3601.628571428572,3145.8224,2531.810505050505,85.78047496770284,289.27160915916056,242.7782892836638,46.49331987549675,573686.8068649999,0.2927668731746764
2024-03-08 00:00:00,1709856000000,3868.76,3993.75,3820.0,3883.36,646399.2589,3665.904285714286,3194.7572000000005,2550.309494949495,89.40889931278807,300.04649275914244,254.23192997875955,45.814562780382886,593841.6260149999,0.2476297874117696
2024-03-09 00:00:00,1709942400000,3883.37,3942.0,3870.01,3905.21,254839.1386,3735.02,3245.366,2568.6728282828285,88.96992885753575,306.81203982170155,264.747951947348,42.06408787435356,588184.1887800001,0.2296233556049547
2024-03-10 00:00:00,1710028800000,3905.2,3964.67,3791.26,3878.47,356664.68,3790.828571428572,3289.5124,2585.983232323232,85.53439860438357,306.48314319183555,273.0949901962455,33.38815299559008,583694.870775,0.1961873450202937
2024-03-11 00:00:00,1710115200000,3878.47,4086.23,3722.95,4064.8,721554.5139,3853.262857142857,3339.2008,2604.8908080808083,87.01609141791046,317.5967068785012,281.99533353269663,35.601373345804575,588038.509115,0.2015015813898495
2024-03-12 00:00:00,1710201600000,4064.8,4093.92,3828.98,3979.96,632787.3941,3914.164285714286,3386.3272,2622.4321212121213,80.25281774481978,315.91671595633306,288.7796100174239,27.137105938909144,589880.128655,0.1915726821732348
2024-03-13 00:00:00,1710288000000,3979.97,4083.0,3932.23,4004.79,482305.7766,3940.7642857142855,3435.0815999999995,2639.719595959596,78.17794497575126,312.9810339978667,293.6198948135125,19.36113918435421,585819.117805,0.166410848626592
2024-03-14 00:00:00,1710374400000,4004.79,4010.98,3723.0,3881.7,648237.5245,3942.612857142857,3475.1016,2656.3761616161614,72.8869281542895,297.2951175461012,294.35493936003024,2.940178186070966,596789.6650950001,0.1345355702344068
2024-03-15 00:00:00,1710460800000,3881.69,3934.02,3570.0,3742.19,947537.4071,3922.445714285714,3506.9972,2670.380808080808,62.55734504636409,270.488600467982,289.58167158162064,-19.093071113638644,631973.831535,0.0729340187682241
2024-03-16 00:00:00,1710547200000,3742.19,3781.12,3468.8,3523.09,548288.1569,3867.857142857143,3527.3284,2682.1421212121213,53.53957966403754,228.92578964645872,277.45049519458826,-48.52470554812953,638772.928195,-0.0288525150506097
2024-03-17 00:00:00,1710633600000,3523.09,3678.68,3412.0,3644.71,517790.9936,3834.462857142857,3554.4008000000003,2695.316060606061,55.259170867746434,203.45537330883872,262.6514708174384,-59.19609750859968,637326.33914,0.0256243580543946
2024-03-18 00:00:00,1710720000000,3644.7,3645.02,3454.09,3520.46,570901.2851,3756.7,3576.3632,2707.114747474747,46.36512689873845,171.26965824877834,244.3751083037064,-73.10545005492804,634574.44729,-0.0780733202569534
2024-03-19 00:00:00,1710806400000,3520.47,3548.09,3150.88,3158.64,1049629.6936,3639.368571428572,3585.8192000000004,2716.5442424242424,38.801603456389714,115.23800504504152,218.54768765197343,-103.30968260693191,639678.99367,-0.1835523526918187
2024-03-20 00:00:00,1710892800000,3158.65,3535.24,3056.56,3516.53,1207322.8201,3569.617142857143,3606.7756,2729.807575757576,41.865412788693554,98.57493766268362,194.5531376541155,-95.97819999143186,662060.22906,-0.0944620122780273
2024-03-21 00:00:00,1710979200000,3516.53,3587.32,3412.0,3492.85,602755.2072,3514.067142857143,3621.986,2742.25898989899,39.73007676966368,82.50746392821293,172.144002908935,-89.63653898072207,671558.560555,-0.1055922728867333
2024-03-22 00:00:00,1711065600000,3492.84,3542.52,3250.0,3336.35,558848.888,3456.09,3628.4024,2752.572424242424,36.13092974316067,56.49440087210951,149.0140825015699,-92.5196816294604,685301.757715,-0.1397767676429107
2024-03-23 00:00:00,1711152000000,3336.35,3435.48,3270.08,3329.53,323675.9448,3428.438571428572,3631.8892,2763.7747474747475,35.29192343460977,34.925939493428814,126.19645389994167,-91.27051440651287,684403.978405,-0.1808871285180082
2024-03-24 00:00:00,1711238400000,3329.53,3471.22,3298.76,3454.98,260824.1408,3401.3342857142857,3634.7644,2776.158787878788,39.6997660198567,27.636963319323968,106.48455578381814,-78.84759246449417,661677.1536399999,-0.1319058482999828
2024-03-25 00:00:00,1711324800000,3454.99,3666.0,3420.12,3590.42,548577.6942,3411.328571428571,3644.7776,2790.238585858586,38.16913070369705,32.41560633597328,91.67076589424916,-59.25515955827589,619460.79515,-0.1034685963558638
2024-03-26 00:00:00,1711411200000,3590.43,3678.86,3542.62,3587.33,499013.8384,3472.57,3650.9336,2804.055757575758,39.79168941651197,35.543653071684275,80.44534332973619,-44.90169025805192,595936.75157,-0.0758353298812375
2024-03-27 00:00:00,1711497600000,3587.32,3665.84,3460.02,3501.19,443195.3297,3470.378571428572,3654.1252,2817.422222222222,37.31102600282201,30.71777911166646,70.49983048612225,-39.78205137445579,591057.484305,-0.0644007920495752
2024-03-28 00:00:00,1711584000000,3501.2,3611.78,3465.0,3560.49,404654.0311,3480.0414285714287,3657.032400000001,2831.1426262626264,41.63781298649908,31.31724789955388,62.66331396880858,-31.346066069254704,578970.222915,0.0106156811208342
2024-03-29 00:00:00,1711670400000,3560.49,3584.37,3445.91,3509.74,323086.179,3504.8114285714287,3652.3116,2843.972222222222,43.65532112345443,27.38159241542553,55.60696965813197,-28.225377242706443,582382.5749349999,-0.037031752869227
2024-03-30 00:00:00,1711756800000,3509.74,3565.81,3485.0,3505.64,216025.2634,3529.9700000000003,3650.3912,2855.902525252525,49.460370473451455,23.658995185234744,49.21737476355253,-25.558379578317783,575350.604105,-0.004209677144464
2024-03-31 00:00:00,1711843200000,3505.65,3655.32,3505.09,3645.29,243464.9877,3557.157142857144,3643.4592,2869.408484848485,50.01773830495205,31.61298316516786,45.6964964438756,-14.08351327870774,551446.1277949999,0.1540694729377201
2024-04-01 00:00:00,1711929600000,3645.29,3645.95,3413.71,3503.8,408854.1225,3544.782857142857,3628.8608,2881.931212121212,49.495799336609934,26.197526646139067,41.79670248432829,-15.599175838189224,540249.4642149999,-0.0036200458975182
2024-04-02 00:00:00,1712016000000,3503.8,3505.6,3212.0,3278.96,623264.6476,3500.73,3604.6848,2892.109090909091,53.97059017648535,3.7201458788531454,34.181391163233265,-30.46124528438012,547297.407765,-0.0612365260460655
2024-04-03 00:00:00,1712102400000,3278.96,3367.4,3202.79,3310.83,410484.1933,3473.535714285714,3580.9096000000004,2903.0176767676767,41.3507467707212,-11.39039627077409,25.067033676431794,-36.45742994720588,535409.741205,-0.0076490775847857
2024-04-04 00:00:00,1712188800000,3310.83,3443.93,3250.92,3327.4,356338.5716,3440.2371428571428,3558.8668,2912.604040404041,43.00132824595393,-21.77751167266706,15.698124606612026,-37.47563627927909,505849.79943,-0.0006397299318522
2024-04-05 00:00:00,1712275200000,3327.39,3350.0,3210.0,3317.85,344556.7983,3412.824285714286,3528.9888,2922.439393939394,49.106332000077295,-30.429211640842823,6.472657357121057,-36.90186899796388,495663.2315,-0.0396905336644496
2024-04-06 00:00:00,1712361600000,3317.85,3398.42,3306.68,3351.59,183312.2125,3390.817142857143,3503.854,2933.069595959596,51.03862596282416,-34.1693274376662,-1.6557396018363937,-32.5135878358298,478939.292445,-0.0665186802658184
2024-04-07 00:00:00,1712448000000,3351.59,3459.94,3344.08,3454.2,210459.0752,3363.5185714285712,3481.8304,2944.812222222222,49.96246896472082,-28.5248104415864,-7.029553769786395,-21.4952566718,460917.18195,-0.0371111662434178
2024-04-08 00:00:00,1712534400000,3454.2,3730.71,3406.36,3694.61,496841.3532,3390.7771428571427,3474.3468,2959.082323232324,54.55332092193933,-4.599393302872613,-6.543521676403639,1.9441283735310253,433277.76493,0.0552440741576436
2024-04-09 00:00:00,1712620800000,3694.61,3727.34,3450.46,3506.39,457592.252,3423.2671428571425,3464.9148,2970.742424242424,46.95540308747856,-0.8166944813401642,-5.398156237390944,4.58146175605078,395791.236525,-0.015194537830467
2024-04-10 00:00:00,1712707200000,3506.4,3562.95,3411.82,3545.64,389404.9055,3456.8114285714287,3465.8168,2982.7656565656566,51.73314617694077,5.287319632182971,-3.261061063476161,8.548380695659132,385123.72144,0.0102286779077653
2024-04-11 00:00:00,1712793600000,3545.64,3618.3,3474.52,3502.52,338139.5534,3481.828571428571,3460.1292,2995.8242424242426,47.71081292401495,6.569640437567614,-1.294920763267406,7.86456120083502,374088.25471,-0.0008899944090094
2024-04-12 00:00:00,1712880000000,3502.52,3552.4,3100.0,3237.43,697327.1174,3470.34,3448.8080000000004,3005.6254545454544,40.80350689964945,-13.647340588841416,-3.765404728382208,-9.881935860459208,392770.81334,-0.1118868457653575
2024-04-13 00:00:00,1712966400000,3237.42,3301.9,2852.0,3007.01,994971.2354,3421.1142857142854,3442.7427999999995,3013.082323232324,35.3930971449998,-47.71241301022883,-12.554806384751531,-35.1576066254773,429478.16807,-0.1417860608482218
2024-04-14 00:00:00,1713052800000,3007.01,3174.23,2906.73,3155.11,737580.4666,3378.387142857144,3428.286,3022.31797979798,35.71137073830512,-62.04359609809353,-22.45256432741993,-39.5910317706736,438928.30669,-0.0377711225510527
2024-04-15 00:00:00,1713139200000,3155.11,3277.85,3023.19,3101.99,605430.8863,3293.727142857143,3412.6516,3031.212626262626,37.65113005636451,-76.80217434530277,-33.322486330996504,-43.47968801430627,444249.1590850001,-0.06307783848763
2024-04-16 00:00:00,1713225600000,3102.0,3128.01,2986.0,3084.22,526113.855,3233.417142857143,3402.5664,3038.826565656566,43.14218503493351,-88.90747440399628,-44.439483945596464,-44.46799045839981,448395.08535,-0.0730840896796298
2024-04-17 00:00:00,1713312000000,3084.21,3123.75,2914.47,2985.41,491897.5661,3153.3842857142854,3388.8016,3045.3025252525254,39.05621544545932,-105.26077246247178,-56.603741648971535,-48.65703081350024,452757.2621000001,-0.1001974170019741
2024-04-18 00:00:00,1713398400000,2985.41,3094.4,2950.98,3064.4,389060.7133,3090.7957142857144,3373.1784,3050.151212121212,41.51174799896721,-110.57243592751684,-67.3974805046806,-43.17495542283624,456055.988815,-0.0856876885299215
2024-04-19 00:00:00,1713484800000,3064.4,3128.89,2865.18,3056.46,607850.4019,3064.942857142857,3351.82,3054.58,41.55493380029595,-114.10730119582786,-76.73944464291006,-37.3678565529178,475647.24574,-0.1151467778356782
2024-04-20 00:00:00,1713571200000,3056.45,3171.88,3018.75,3155.79,242577.6371,3086.1971428571424,3334.5584000000003,3060.976464646465,43.93124139897593,-107.65265374284309,-82.92208646289667,-24.730567279946413,475602.87821000005,-0.1458394796744446
2024-04-21 00:00:00,1713657600000,3155.79,3197.18,3116.49,3147.67,219970.5072,3085.1342857142854,3320.4176,3066.728787878788,39.908078673066925,-102.01653219144056,-86.74097560860545,-15.275556582835094,466158.69744500006,-0.1023046495113206
2024-04-22 00:00:00,1713744000000,3147.66,3235.0,3129.15,3200.2,290879.9569,3099.164285714286,3306.006,3074.075555555556,31.424470811009822,-92.24775852932817,-87.84233219274999,-4.405426336578174,449539.46291,-0.0974266987060163
2024-04-23 00:00:00,1713830400000,3200.19,3263.61,3152.0,3219.46,253914.2263,3118.4842857142858,3294.3948000000005,3081.223838383838,37.65202048457202,-82.00649416693977,-86.67516458758796,4.668670420648184,441710.96456000005,-0.0808160981236366
2024-04-24 00:00:00,1713916800000,3219.46,3293.56,3104.9,3140.8,393314.3414,3140.682857142857,3279.8012,3086.813737373737,33.14935983883589,-79.32303639963357,-85.20473894999708,5.881702550363514,443559.75305000006,-0.0298477496038522
2024-04-25 00:00:00,1714003200000,3140.79,3191.64,3072.2,3155.8,352288.5502,3153.74,3260.2216,3093.13303030303,35.22256508174644,-75.12006479961155,-83.18780411991999,8.067739320308434,443946.3406450001,0.0494810459559496
2024-04-26 00:00:00,1714089600000,3155.81,3167.7,3102.0,3131.3,252522.655,3164.431428571429,3245.3216,3099.8046464646463,44.30968848855291,-72.92548517224805,-81.13534033038562,8.209855158137572,447406.86277,-0.0075464880780701
2024-04-27 00:00:00,1714176000000,3131.3,3285.0,3066.74,3255.56,323811.1919,3178.684285714286,3244.3856,3107.5173737373734,65.03829910816926,-60.46254688673844,-77.00078164165618,16.538234754917738,453074.468605,0.0495069294227255
2024-04-28 00:00:00,1714262400000,3255.55,3357.4,3250.45,3263.45,304766.009,3195.224285714285,3242.4904,3115.511717171717,57.89443003293595,-49.3797029663333,-71.4765659065916,22.096862940258305,443470.701395,0.0581119375401235
2024-04-29 00:00:00,1714348800000,3263.44,3286.95,3115.13,3216.73,421831.2912,3197.585714285714,3238.0636000000004,3123.185252525252,58.43949513077763,-43.86078305186948,-65.95340933564718,22.092626283777705,441682.653355,0.0774834947293672
2024-04-30 00:00:00,1714435200000,3216.74,3250.95,2921.0,3014.05,561717.4866,3168.2414285714285,3225.9116,3130.2544444444443,45.94247649446624,-55.20521009265303,-63.80376948704836,8.598559394395323,450298.28241,-0.0164306226341208
2024-05-01 00:00:00,1714521600000,3014.04,3023.24,2817.0,2972.46,624963.7773,3144.192857142857,3210.7464,3137.6267676767675,49.19811262337921,-66.78189555090012,-64.39939469981871,-2.382500851081403,464639.493605,-0.0274827741897488
2024-05-02 00:00:00,1714608000000,2972.46,3016.72,2893.26,2986.19,365939.7191,3119.962857142857,3192.0260000000003,3145.214343434343,44.73127551501596,-73.99563036233758,-66.3186418323225,-7.67698853001508,448070.12369,-0.0537424860336079
2024-05-03 00:00:00,1714694400000,2986.19,3126.99,2958.32,3102.61,355825.8391,3115.8642857142854,3168.3460000000005,3154.143333333333,52.71250396736768,-69.51709632158554,-66.9583327301751,-2.55876359141044,416112.853875,-0.0143153507197386
2024-05-04 00:00:00,1714780800000,3102.61,3168.0,3092.85,3117.23,196263.9488,3096.1028571428574,3152.7796000000003,3162.724646464647,47.48296300164496,-64.04978792701831,-66.37662376954374,2.3268358425254263,389047.027985,-0.0259265045934627
2024-05-05 00:00:00,1714867200000,3117.24,3171.93,3072.99,3136.41,218760.2662,3077.9542857142856,3136.4104,3171.497070707071,49.27545557500256,-57.50634359592368,-64.60256773481973,7.096224138896048,369713.49698,-0.0257962515452903
2024-05-06 00:00:00,1714953600000,3136.4,3221.4,3046.35,3062.6,355135.3027,3055.9357142857143,3118.8136,3179.635454545454,41.38190199418779,-57.61234768300392,-63.20452372445656,5.592176041452646,361164.569365,-0.0248981151299032
2024-05-07 00:00:00,1715040000000,3062.59,3129.85,2998.0,3005.69,298796.6829,3054.741428571429,3109.544,3186.5858585858587,37.214254100027496,-61.57867740726351,-62.87935446101796,1.3006770537544483,351509.52520499995,-0.047566385702516
2024-05-08 00:00:00,1715126400000,3005.69,3038.15,2936.48,2974.21,266934.8125,3054.9914285714285,3108.232,3192.9616161616163,39.44015517438098,-66.49567445724188,-63.60261846026275,-2.893055996979129,345403.230165,-0.0501676619934212
2024-05-09 00:00:00,1715212800000,2974.2,3059.0,2950.77,3036.23,238561.7462,3062.14,3103.4768,3200.5685858585857,42.84705854201312,-64.6427727219575,-63.8106493126017,-0.8321234093557948,326938.79738,-0.0673708977871702
2024-05-10 00:00:00,1715299200000,3036.24,3053.89,2878.03,2909.99,327855.8758,3034.6228571428574,3095.7968,3206.686868686869,38.19742947042821,-72.52482665902016,-65.5534847818854,-6.971341877134762,331202.709315,-0.1083086917219506
2024-05-11 00:00:00,1715385600000,2909.98,2945.67,2886.46,2912.45,138163.1087,3005.368571428571,3088.9260000000004,3212.7817171717165,28.96965982224944,-77.67749197541889,-67.97828622059211,-9.699205754826778,327112.33939,-0.0945929562008623
2024-05-12 00:00:00,1715472000000,2912.45,2955.2,2901.17,2929.29,107670.6323,2975.78,3086.6812,3219.1736363636364,29.74051170122469,-79.48590506404571,-70.27980998928282,-9.206095074762883,317951.87316,-0.0281216303644598
2024-05-13 00:00:00,1715558400000,2929.3,2996.4,2864.76,2950.99,368664.7648,2959.8357142857144,3082.1448,3225.8524242424246,33.38460384153659,-78.26587651451973,-71.8770232943302,-6.388853220189532,323689.400085,-0.0072229735639841
2024-05-14 00:00:00,1715644800000,2950.99,2960.6,2862.0,2881.93,269675.3037,2942.1557142857137,3075.1636,3231.71202020202,40.081974596883136,-81.92715469919858,-73.88704957530388,-8.040105123894705,317507.4482,-0.034914054363587
2024-05-15 00:00:00,1715731200000,2881.93,3041.36,2863.75,3032.55,350254.3188,2950.49,3070.2339999999995,3238.3777777777773,53.87632403978893,-71.84676404959646,-73.4789924701624,1.6322284205659372,317405.73663000006,-0.0225809882647189
2024-05-16 00:00:00,1715817600000,3032.55,3041.24,2922.8,2944.7,293874.1513,2937.414285714286,3062.1152,3243.626262626263,47.55714134313066,-70.13823275375944,-72.8108405268818,2.6726077731223654,319473.311445,-0.0553472153161621
2024-05-17 00:00:00,1715904000000,2944.7,3120.0,2933.06,3092.01,357724.7731,2963.4171428571426,3057.7876,3250.418787878788,49.39779570503352,-56.24911868717754,-69.49849615894095,13.24937747176341,321168.990505,-0.0141563124719025
2024-05-18 00:00:00,1715990400000,3092.0,3146.98,3083.61,3122.94,199976.5456,2993.4871428571428,3053.9268,3256.846868686869,50.31849265403108,-42.258968137151896,-64.05059055458314,21.79162241743124,315929.517335,0.0197022138052636
2024-05-19 00:00:00,1716076800000,3122.94,3136.64,3053.38,3071.19,166145.0102,3013.7585714285715,3051.1424,3262.6140404040407,46.48969837886715,-34.94464541975731,-58.22940152761797,23.284756107860662,303145.20328499994,0.0217920011711121
2024-05-20 00:00:00,1716163200000,3071.2,3694.0,3047.67,3661.78,847107.8828,3115.3,3071.3816,3274.2763636363634,70.72197321823815,18.296771471873853,-42.92416692771961,61.22093839959346,317414.723095,0.2311773546588842
2024-05-21 00:00:00,1716249600000,3661.79,3841.54,3624.28,3789.6,952437.2694,3244.9671428571423,3097.7136,3285.686565656566,75.84313001509885,69.99808930466816,-20.33971568124205,90.3378049859102,333788.3977,0.248126788813759
2024-05-22 00:00:00,1716336000000,3789.59,3813.69,3653.15,3737.73,574938.3099,3345.707142857143,3117.0004,3296.774848484849,74.83702653116988,105.56934299925524,4.842096054857404,100.72724694439783,344238.32724,0.2844477128787386
2024-05-23 00:00:00,1716422400000,3737.72,3949.29,3498.0,3783.61,1127866.076,3465.5514285714285,3137.8068,3306.964747474748,74.56999710701416,135.89543244089143,31.052763332064217,104.84266910882724,382840.339085,0.2991158646500371
2024-05-24 00:00:00,1716508800000,3783.6,3829.61,3626.1,3728.28,479418.4318,3556.447142857143,3158.2688,3316.113131313132,78.21670195377963,153.69273405538252,55.58075747672788,98.11197657865463,396998.063235,0.2727589279313418
2024-05-25 00:00:00,1716595200000,3728.28,3779.43,3709.03,3749.26,158711.8992,3645.921428571429,3187.6772,3325.683434343435,78.49141658665468,167.55862296638998,77.9763305746603,89.58229239172968,393995.644885,0.2705092189400846
2024-05-26 00:00:00,1716681600000,3749.25,3884.2,3731.17,3826.47,292208.2937,3753.818571428571,3221.8376000000003,3336.19393939394,79.3407024658251,182.6719134469068,98.91544714910958,83.75646629779715,390849.2944350001,0.327745642676956
2024-05-27 00:00:00,1716768000000,3826.47,3977.0,3823.37,3894.22,363717.6473,3787.024285714286,3258.1588,3346.4264646464644,79.9447601511159,197.8356377442128,118.69948526813025,79.13615247608259,394095.342655,0.2841404098860693
2024-05-28 00:00:00,1716854400000,3894.21,3931.09,3773.9,3844.69,416249.8344,3794.8942857142856,3287.842,3355.5162626262627,80.94855408828485,203.5104002250746,135.6616682595191,67.84873196555549,401561.09375,0.3056304547152513
2024-05-29 00:00:00,1716940800000,3844.69,3888.55,3742.59,3767.43,334759.6348,3799.137142857143,3313.85,3363.1184848484854,74.79251852151734,199.47404148244368,148.42414290410403,51.04989857833965,406370.98818,0.218440431952031
2024-05-30 00:00:00,1717027200000,3767.44,3825.35,3702.58,3747.91,277034.2894,3794.037142857144,3338.31,3370.997373737373,78.40747526048115,192.4812927070784,157.2355728646989,35.245719842379515,403829.90886,0.2001223206337616
2024-05-31 00:00:00,1717113600000,3747.9,3849.94,3723.75,3762.29,273406.766,3798.8957142857134,3366.2976,3378.9861616161616,76.16645846346034,185.95624688356293,162.97970766847172,22.976539215091208,410592.091725,0.2250267811499777
2024-06-01 00:00:00,1717200000000,3762.29,3833.3,3752.67,3815.82,132687.2006,3808.404285714286,3398.7028000000005,3388.0122222222217,76.57971459260398,182.9950714163242,166.9827804180422,16.012290998281998,411842.92014,0.0420669728929645
2024-06-02 00:00:00,1717286400000,3815.82,3838.59,3752.62,3780.91,210295.4407,3801.8957142857134,3430.9708,3395.974747474748,77.58207934336525,175.80480492300194,168.74718531903417,7.057619603967765,403924.453935,-0.0022931180071775
2024-06-03 00:00:00,1717372800000,3780.92,3849.99,3758.43,3767.06,248848.702,3783.73,3460.204,3402.585555555556,57.41596461074637,167.06308838352743,168.41036593193283,-1.3472775484054011,402883.12385,0.0078470087459501
2024-06-04 00:00:00,1717459200000,3767.07,3831.65,3730.0,3810.23,232063.7468,3778.807142857143,3496.2136,3408.9925252525254,51.64995121327,161.754072993529,167.0791073442521,-5.325034350723058,396973.59525,0.0070356088497491
2024-06-05 00:00:00,1717545600000,3810.23,3887.47,3777.33,3865.99,273738.6035,3792.887142857143,3534.3552,3415.291818181818,60.19457603408258,160.1993279102703,165.70315145745573,-5.503823547185419,395966.81786,0.0369366034739879
2024-06-06 00:00:00,1717632000000,3866.0,3878.6,3760.0,3813.46,237504.1905,3802.251428571428,3569.722,3419.6388888888887,52.34776863664249,152.9651620711329,163.15555358019117,-10.19039150905826,389955.78873,0.0171233790134586
2024-06-07 00:00:00,1717718400000,3813.47,3841.39,3600.0,3678.32,362223.3594,3790.255714285714,3598.8152,3423.055353535354,46.50883273703041,134.7737767319668,157.47919821054631,-22.705421478579524,398068.12942,-0.0387171466129355
2024-06-08 00:00:00,1717804800000,3678.31,3709.5,3660.08,3681.57,140550.8394,3771.077142857143,3630.8008,3425.5618181818186,45.149686868542105,119.24464261459208,149.83228709135545,-30.587644476763387,396788.42088,-0.0546065707638498
2024-06-09 00:00:00,1717891200000,3681.58,3721.52,3666.36,3706.4,103451.102,3760.432857142857,3657.7548000000006,3428.440606060606,40.69816085898888,107.6997695298728,141.40578357905892,-33.70601404918611,359605.58184,-0.0359690898355914
2024-06-10 00:00:00,1717977600000,3706.4,3713.67,3642.74,3667.85,156363.1846,3746.26,3686.6808,3430.2591919191923,31.63207348144303,94.35207956856992,131.99504277696113,-37.6429632083912,319801.8776,-0.0264318116063204
2024-06-11 00:00:00,1718064000000,3667.85,3673.0,3432.0,3497.33,439568.5978,3701.56,3702.8936,3428.941717171717,26.4405860010852,69.21651530180998,119.4393372819309,-50.222821980120926,313033.391995,-0.0668585958574244
2024-06-12 00:00:00,1718150400000,3497.33,3659.01,3462.07,3560.12,387043.774,3657.864285714285,3720.3808,3429.0070707070704,35.65785286344831,53.74350608652185,106.3001710428491,-52.55666495632725,275992.276895,-0.0537358895778901
2024-06-13 00:00:00,1718236800000,3560.13,3561.65,3428.0,3469.4,300230.8299,3608.7128571428575,3736.3092,3425.479898989899,32.4600405577318,33.77139338409916,91.79441551109912,-58.02302212699996,267032.8968,-0.0907852047528448
2024-06-14 00:00:00,1718323200000,3469.4,3532.61,3362.26,3481.8,322316.4214,3580.638571428572,3729.11,3421.571212121212,32.29117999873729,18.728041342211327,77.18114067732157,-58.45309933511024,275213.12291000003,-0.0791105844889192
2024-06-15 00:00:00,1718409600000,3481.8,3594.39,3473.1,3568.74,246649.5894,3564.5200000000004,3720.2756,3418.393232323232,35.031986042454164,13.66389895791508,64.47769233344027,-50.8137933755252,272935.187695,-0.0526458299044878
2024-06-16 00:00:00,1718496000000,3568.75,3653.79,3541.05,3624.41,149839.982,3552.807142857143,3715.7428,3415.5568686868687,40.75190280338485,13.981463768418962,54.378446620436016,-40.396982852017054,262241.30443,-0.0487687095004764
2024-06-17 00:00:00,1718582400000,3624.41,3638.37,3463.39,3511.46,337805.6402,3530.4657142857145,3704.856800000001,3411.849696969697,36.47933814350097,5.060678776438635,44.51489305163655,-39.45421427519791,258319.09472,-0.0917048414507021
2024-06-18 00:00:00,1718668800000,3511.47,3517.2,3355.0,3483.42,449913.3014,3528.478571428572,3695.0624,3405.977171717172,32.4312700921416,-4.223020904188616,34.76731026047152,-38.99033116466013,264076.77805,-0.0865460762666974
2024-06-19 00:00:00,1718755200000,3483.42,3590.01,3465.65,3560.51,321500.0027,3528.534285714286,3687.5124,3401.7403030303035,33.94610161653108,-5.298819561042819,26.754084296168653,-32.05290385721148,266300.063715,-0.0320282085299811
2024-06-20 00:00:00,1718841600000,3560.51,3625.96,3486.0,3513.08,329117.8453,3534.7742857142853,3674.9768,3396.773535353535,34.1290472567419,-9.86488609207072,19.43029021852078,-29.2951763105915,269085.61768,-0.0457658010033763
2024-06-21 00:00:00,1718928000000,3513.08,3547.55,3446.82,3518.5,342155.102,3540.0171428571425,3659.948,3393.1048484848484,40.21430320842517,-12.897503618180052,12.964731451180617,-25.86223506936067,279559.01275,-0.0506960932441182
2024-06-22 00:00:00,1719014400000,3518.5,3521.19,3475.09,3495.75,115774.6157,3529.59,3645.9904,3390.615555555556,38.887692859705766,-16.94132072703269,6.983521015537955,-23.92484174257064,274832.9715,-0.0469212208787164
2024-06-23 00:00:00,1719100800000,3495.76,3521.45,3406.38,3420.91,133411.4304,3500.5185714285712,3632.1296,3389.5834343434344,33.89082619539333,-25.886632470697805,0.4094903182908025,-26.296122788988608,269061.10792,-0.0218509548712875
2024-06-24 00:00:00,1719187200000,3420.91,3435.76,3240.0,3352.73,543370.4229,3477.842857142857,3616.3224,3386.634141414141,32.79424290737546,-38.03892363772093,-7.280192472911543,-30.758731164809383,284626.441725,-0.0582536543712008
2024-06-25 00:00:00,1719273600000,3352.74,3430.88,3336.76,3394.91,240036.2236,3465.1985714285715,3601.6272000000004,3385.36595959596,43.49631699263399,-43.76167114877626,-14.576488208084488,-29.18518294069177,282941.32273,-0.0214705712803366
2024-06-26 00:00:00,1719360000000,3394.91,3426.75,3325.01,3371.44,206949.3418,3438.188571428572,3583.8520000000003,3387.5154545454543,37.38904929954016,-49.61884744776489,-21.58496005602057,-28.03388739174432,281413.580295,-0.0316962490665747
2024-06-27 00:00:00,1719446400000,3371.77,3477.0,3361.74,3450.44,201041.6609,3429.24,3570.6332,3386.847878787879,48.71258623499376,-47.34035198460515,-26.736038441737485,-20.604313542867665,273354.49537,-0.0331489545329724
2024-06-28 00:00:00,1719532800000,3450.44,3487.7,3365.22,3380.15,221634.3435,3409.4757142857147,3555.1568,3385.709494949495,43.60088133459237,-50.62289426293182,-31.51340960597636,-19.109484656955463,277408.670575,-0.0673930377633876
2024-06-29 00:00:00,1719619200000,3380.15,3408.32,3371.86,3378.8,88329.7651,3392.768571428572,3537.8996,3386.1382828282826,36.59865097507975,-52.725479874009125,-35.75582365958292,-16.96965621442621,276652.60373,-0.0377791573875253
2024-06-30 00:00:00,1719705600000,3378.8,3460.0,3352.66,3438.16,141221.6185,3395.232857142857,3520.7863999999995,3387.2355555555555,36.92707236611216,-49.03667395819775,-38.41199371930588,-10.62468023889187,275895.525425,-0.0129929781651366
2024-07-01 00:00:00,1719792000000,3438.16,3524.94,3423.78,3442.2,224273.2122,3408.014285714286,3505.936,3387.106464646464,44.26123558265939,-45.265482155688005,-39.78269140658231,-5.482790749105696,265130.75614500005,-0.0332283858211325
2024-07-02 00:00:00,1719878400000,3442.2,3464.12,3402.0,3421.35,137932.7014,3411.7914285714287,3495.6572,3385.398686868687,44.7949685534591,-43.4582466163356,-40.51780244853297,-2.940444167802632,252675.202515,-0.0261109909253418
2024-07-03 00:00:00,1719964800000,3421.35,3432.1,3251.0,3295.48,310408.451,3400.94,3480.2136,3382.450707070707,29.455994294838973,-51.58798234343704,-42.73183842751378,-8.856143915923255,253184.08357,-0.0633849651840272
2024-07-04 00:00:00,1720051200000,3295.49,3313.45,3050.34,3059.7,450402.5692,3345.12,3454.3456,3377.9912121212124,22.79872327149677,-76.17819714565712,-49.42111017114245,-26.75708697451467,259588.39096,-0.1247371808624758
2024-07-05 00:00:00,1720137600000,3059.7,3110.0,2810.0,2981.78,886994.3753,3288.21,3426.9028000000003,3372.1456565656563,20.37576720978494,-100.79174780670428,-59.69523769825482,-41.09651010844946,291605.630255,-0.1283664288157243
2024-07-06 00:00:00,1720224000000,2981.79,3081.78,2955.06,3066.83,214487.9713,3243.6428571428573,3409.6828000000005,3367.6718181818183,27.849160280113168,-112.1426294037451,-70.18471603935288,-41.95791336439223,294838.02972,-0.0852737918054838
2024-07-07 00:00:00,1720310400000,3066.83,3073.08,2922.24,2931.0,179892.7612,3171.191428571429,3384.5180000000005,3361.867373737374,26.19878154240793,-130.5932331689055,-82.26641946526341,-48.32681370364209,286942.38576999994,-0.136648688772309
2024-07-08 00:00:00,1720396800000,2930.99,3097.06,2822.8,3019.01,500445.0105,3110.7357142857145,3366.5024,3355.541313131313,34.093422306959,-136.53985169524003,-93.12110591125874,-43.418745783981294,289468.971225,-0.1045339676814653
2024-07-09 00:00:00,1720483200000,3019.01,3115.2,3004.0,3066.65,280358.1424,3060.0642857142857,3349.8964,3351.1256565656568,34.43468694876998,-135.84253171792125,-101.66539107259123,-34.17714064533,287411.87821,-0.1112292924960295
2024-07-10 00:00:00,1720569600000,3066.65,3151.51,3024.0,3101.05,270827.0844,3032.288571428572,3331.1888,3349.328585858586,37.310280742263394,-131.0039758186781,-107.53310802180864,-23.47086779686947,284497.340165,-0.0825703001346094
2024-07-11 00:00:00,1720656000000,3101.06,3217.24,3054.76,3099.57,289229.32,3037.9842857142858,3310.1952,3347.1946464646467,32.24108435320436,-125.8382243213373,-111.19413128171436,-14.64409303962293,281851.051065,-0.0826417663075648
2024-07-12 00:00:00,1720742400000,3099.57,3157.89,3045.58,3133.88,185745.1825,3059.712857142857,3295.092,3345.239898989899,37.064156572713216,-117.61994922431676,-112.47929487023484,-5.140654354081917,285349.579405,-0.0885008260232216
2024-07-13 00:00:00,1720828800000,3133.89,3201.8,3113.37,3175.93,119302.4769,3075.2985714285714,3282.7924,3343.806363636364,39.78077554680177,-106.48631546768502,-111.2806989897249,4.79438352203988,284644.13173,-0.077354598803091
2024-07-14 00:00:00,1720915200000,3175.93,3268.72,3163.67,3245.08,165430.7716,3120.167142857143,3270.1752,3342.7305050505047,40.368921965721576,-91.03362445644734,-107.2312840830694,16.197659626622055,265747.14916499995,-0.0515205985941221
2024-07-15 00:00:00,1721001600000,3245.2,3493.63,3233.22,3483.39,314296.8452,3186.507142857143,3268.9876,3343.0253535353536,51.66538632596127,-58.87891070739852,-97.56080940793524,38.68189870053672,269460.18024500005,0.0570205250828406
2024-07-16 00:00:00,1721088000000,3483.2,3498.59,3346.55,3444.13,376128.7869,3240.432857142857,3266.0127999999995,3340.495252525252,50.9075263334024,-36.14733827486816,-85.27811518132182,49.13077690645366,277919.1525,0.1256430368990424
2024-07-17 00:00:00,1721174400000,3444.14,3517.0,3376.0,3387.05,297812.5162,3281.2900000000004,3261.6648,3339.289797979798,53.85957665624184,-22.47915658812917,-72.71832346268329,50.23916687455412,282757.69526500005,0.135915459893084
2024-07-18 00:00:00,1721260800000,3387.05,3489.98,3367.2,3426.5,241950.3457,3327.994285714285,3261.8884,3338.086363636364,68.52637533587898,-8.367285960762729,-59.84811596229918,51.48083000153645,283773.495375,0.1172774493532409
2024-07-19 00:00:00,1721347200000,3426.49,3540.27,3377.0,3503.53,299511.6422,3380.8014285714285,3267.9204,3338.0965656565654,76.37632071179416,8.929219926328187,-46.09264878457371,55.0218687109019,294332.58923,0.1953360627772091
2024-07-20 00:00:00,1721433600000,3503.53,3539.65,3480.0,3517.5,147510.8165,3429.597142857143,3272.824,3340.9255555555555,74.54709848905739,23.49327188998768,-32.17546464966144,55.66873653964912,294647.04913,0.1651170416792258
2024-07-21 00:00:00,1721520000000,3517.5,3547.0,3411.4,3535.92,218890.9656,3471.1457142857143,3279.4032,3346.2680808080804,87.78105326271613,36.10552602801181,-18.519266514126787,54.62479254213859,294377.9368,0.1530236577372703
2024-07-22 00:00:00,1721606400000,3535.93,3562.82,3422.34,3439.6,207859.5043,3464.89,3278.9696000000004,3349.1417171717176,75.99861535228158,37.8918160104754,-7.237050009206351,45.12886601968175,297874.276945,0.1091726995695006
2024-07-23 00:00:00,1721692800000,3439.61,3541.0,3389.0,3482.51,500568.7811,3470.3728571428574,3283.064,3352.9853535353536,75.85743775959412,42.28253532994995,2.666867058624909,39.61566827132504,307382.29345,0.1235461693073556
2024-07-24 00:00:00,1721779200000,3482.51,3487.82,3300.0,3335.81,275479.0506,3463.052857142857,3281.3444,3355.526666666666,62.80825804198855,33.538141231761074,8.841121893252142,24.69701933850893,298636.11752,0.0644345029165123
2024-07-25 00:00:00,1721865600000,3335.82,3342.5,3087.53,3175.48,494282.6398,3427.192857142857,3270.8372000000004,3357.446565656566,53.529745464014354,13.515061625125782,9.77590983962687,3.739151785498912,279000.530745,-0.0001416907803383
2024-07-26 00:00:00,1721952000000,3175.47,3286.36,3171.0,3274.61,260237.4641,3394.49,3264.1336,3359.569898989899,56.17177289910622,5.581252114227482,8.936978294546993,-3.355726180319511,281288.005385,0.0090999297397906
2024-07-27 00:00:00,1722038400000,3274.6,3327.59,3191.01,3249.01,231991.9037,3356.134285714286,3257.24,3361.5148484848487,53.25187334247016,-2.7404647631342414,6.601489683010747,-9.341954446144989,283892.96251000004,-0.067285029812912
2024-07-28 00:00:00,1722124800000,3249.0,3284.3,3198.11,3270.16,103529.8329,3318.168571428572,3256.2272000000003,3362.670101010101,51.1657958834576,-7.541918558638372,3.7728080346809234,-11.314726593319296,264047.20363,-0.0505120306144077
2024-07-29 00:00:00,1722211200000,3270.16,3396.77,3258.0,3317.66,318471.5055,3300.748571428572,3266.5456,3364.387171717172,40.6351358987399,-7.428619753877683,1.532522476969202,-8.961142230846885,265952.871785,-0.0204868543422743
2024-07-30 00:00:00,1722297600000,3317.66,3366.4,3233.18,3279.21,197277.1641,3271.7057142857147,3278.4428,3365.185252525252,40.67236776616443,-10.322432715915513,-0.8384685616077403,-9.48396415430777,262275.37577,-0.0429855537720705
2024-07-31 00:00:00,1722384000000,3279.2,3350.0,3213.75,3232.74,233711.3352,3256.9814285714283,3285.0792,3365.3193939393946,41.166435776192685,-16.179039079724134,-3.9065826652310194,-12.272456414493115,259499.47653,-0.0772906183192381
2024-08-01 00:00:00,1722470400000,3232.74,3242.57,3080.02,3203.4,323285.6105,3260.9700000000003,3295.9751999999994,3365.951717171717,37.07895102627068,-22.92368464590163,-7.710003061365142,-15.213681584536488,266376.49792999995,-0.0892963752665244
2024-08-02 00:00:00,1722556800000,3203.4,3218.6,2967.0,2989.61,385704.0395,3220.2557142857145,3294.7992,3364.27303030303,24.30605551555876,-45.00118547813918,-15.16823954471995,-29.832945933419225,279696.57606,-0.1545029299305413
2024-08-03 00:00:00,1722643200000,2989.61,3018.02,2859.0,2903.64,344595.3157,3170.9171428571426,3288.2788,3361.9734343434343,21.370606671143943,-68.64354441532623,-25.863300518841207,-42.78024389648503,288654.803265,-0.155820444237702
2024-08-04 00:00:00,1722729600000,2903.65,2935.46,2630.0,2688.92,512064.2612,3087.882857142857,3271.7936,3356.2497979797977,16.610952553651117,-103.51315846109584,-41.39327210729213,-62.11988635380369,298543.174065,-0.2278787426310333
2024-08-05 00:00:00,1722816000000,2688.91,2697.44,2111.0,2419.59,2670604.1003,2959.587142857143,3244.5944,3347.7259595959595,14.617140399198007,-151.13803375665793,-63.3422244371653,-87.79580931949263,413266.939735,-0.2746619261888416
2024-08-06 00:00:00,1722902400000,2419.76,2556.23,2414.19,2461.33,642283.8038,2842.747142857143,3217.6924000000004,3340.095656565657,14.547777422893688,-183.3989128770368,-87.3535621251396,-96.04535075189716,430490.504115,-0.2248951339639991
2024-08-07 00:00:00,1722988800000,2461.33,2551.32,2309.04,2342.8,630115.4228,2715.612857142857,3184.3672,3333.315353535354,14.838001487199447,-216.0398989357145,-113.0908294872546,-102.94906944845992,449898.75797,-0.2845560234653898
2024-08-08 00:00:00,1723075200000,2342.79,2724.1,2320.4,2682.5,586502.8754,2641.1985714285715,3161.864,3330.386464646465,34.51131693707505,-212.0527524126196,-132.8832140723276,-79.16953834029201,464248.31963,-0.1743638831520987
2024-08-09 00:00:00,1723161600000,2682.5,2707.98,2552.61,2598.78,406739.9611,2585.3657142857146,3126.4796,3326.473232323232,28.55882894144071,-213.190882602074,-148.9447477782769,-64.24613482379709,477209.77686,-0.2053049392078674
2024-08-10 00:00:00,1723248000000,2598.79,2644.7,2576.49,2609.92,171012.3619,2543.405714285714,3093.1112000000007,3321.496565656566,29.53667830040662,-210.7643933476338,-161.3086768921483,-49.45571645548552,474815.846675,-0.213325054405816
2024-08-11 00:00:00,1723334400000,2609.92,2720.0,2540.0,2555.38,297098.9145,2524.328571428571,3059.8444,3315.821313131313,27.592260523906845,-210.8121935802219,-171.20938022976304,-39.60281335045886,479277.81718499993,-0.2207330424096046
2024-08-12 00:00:00,1723420800000,2555.38,2750.0,2510.05,2722.3,483414.2506,2567.5728571428576,3031.6764000000003,3311.638383838384,32.63608576961664,-195.1316701888859,-175.99383822158762,-19.13783196729827,478420.0906600001,-0.1578970161534796
2024-08-13 00:00:00,1723507200000,2722.3,2738.4,2611.37,2702.44,325668.6964,2602.0171428571434,2999.6328000000003,3308.000404040404,32.99386119579894,-182.206910606626,-177.23645269859531,-4.97045790803071,480929.57295000006,-0.1563838421676968
2024-08-14 00:00:00,1723593600000,2702.44,2780.0,2632.2,2661.45,338808.7141,2647.538571428572,2965.3908,3304.5232323232326,33.10082885185382,-173.27409998683197,-176.44398215624264,3.16988216941067,473155.876665,-0.1097668257732614
2024-08-15 00:00:00,1723680000000,2661.45,2675.6,2515.71,2569.89,356546.8059,2631.451428571429,2926.7496,3300.439191919192,31.925638084804064,-171.6047571936956,-175.47613716373323,3.871379970037623,477971.343755,-0.1149419349506136
2024-08-16 00:00:00,1723766400000,2569.9,2630.97,2550.04,2592.73,270684.1373,2630.587142857143,2892.8748,3295.9593939393944,37.29219498450267,-166.51926347036988,-173.68476242506057,7.16549895469069,479905.955435,-0.0357727265965518
2024-08-17 00:00:00,1723852800000,2592.72,2629.69,2587.5,2614.51,89348.676,2631.242857142857,2858.1548000000003,3292.974747474748,40.3454056111716,-158.89981096952715,-170.72777213395392,11.827961164426767,479196.89759,0.0805591029885228
2024-08-18 00:00:00,1723939200000,2614.51,2689.16,2594.53,2612.15,174074.0585,2639.3528571428574,2829.2083999999995,3289.941414141414,47.01286371312285,-151.30759250340225,-166.84373620784362,15.536143704441372,471977.02524,0.0612758142955232
2024-08-19 00:00:00,1724025600000,2612.15,2648.08,2563.58,2636.36,224867.1336,2627.075714285714,2807.6436,3286.9825252525247,60.42273702026176,-141.70368809258116,-161.81572658479115,20.11203849220999,473356.523715,0.1253030561721018
2024-08-20 00:00:00,1724112000000,2636.36,2695.0,2555.0,2572.82,281315.8751,2608.558571428571,2779.572,3283.162626262626,55.250591038815486,-137.6331226642451,-156.97920580068194,19.34608313643685,475736.75071,-0.0408872320596458
2024-08-21 00:00:00,1724198400000,2572.81,2663.74,2536.22,2630.71,245286.6218,2604.1671428571426,2754.84,3280.6250505050507,64.38040057939162,-128.25745889373366,-151.23485641929227,22.97739752555861,471836.801275,0.0122865344507807
2024-08-22 00:00:00,1724284800000,2630.71,2644.69,2584.2,2622.88,199063.1196,2611.7371428571428,2728.9488,3276.48696969697,45.54529424071252,-120.07484529696558,-145.00285419482694,24.92800889786136,462504.75528,0.0049656694458066
2024-08-23 00:00:00,1724371200000,2622.89,2799.13,2621.4,2762.48,401786.4447,2635.9871428571428,2706.7416000000003,3274.646363636364,61.288720933439976,-101.1594090567978,-136.2341651672211,35.074756110423294,465364.31173,0.0810446978531569
2024-08-24 00:00:00,1724457600000,2762.49,2820.0,2731.26,2768.0,263542.9441,2657.914285714286,2686.2932,3271.373535353536,60.98632269542976,-84.74646716997904,-125.9366255677727,41.19015839779365,452938.245875,0.0167872754655988
2024-08-25 00:00:00,1724544000000,2768.01,2792.28,2733.21,2746.13,154527.2352,2677.054285714286,2666.8288,3267.5673737373736,63.88747324431759,-72.66616834503566,-115.28253412322528,42.61636577818963,327134.40261999995,0.0161668714199021
2024-08-26 00:00:00,1724630400000,2746.12,2762.0,2666.66,2680.49,211708.1247,2683.358571428572,2645.9124,3263.6209090909088,46.429486413089855,-67.60968159221602,-105.74796361702344,38.138282024807424,305605.618665,0.0071539950027239
2024-08-27 00:00:00,1724716800000,2680.49,2699.98,2392.96,2457.33,412660.7197,2666.86,2624.6212,3251.454747474748,34.4629115480673,-80.67950329194764,-100.7342715520083,20.05476826006065,294732.88351,-0.0437995400581348
2024-08-28 00:00:00,1724803200000,2457.33,2554.6,2418.8,2528.33,451266.634,2652.2342857142858,2609.6088,3238.714646464646,41.87103077674647,-84.33614988527643,-97.45464721866192,13.118497333385504,287971.07144,-0.0248386835497719
2024-08-29 00:00:00,1724889600000,2528.33,2595.4,2505.88,2527.61,237002.9632,2638.6242857142856,2603.1564000000003,3226.4912121212124,47.09599428540031,-86.29738411212611,-95.22319459735478,8.925810485228666,279484.221545,-0.0332375856278996
2024-08-30 00:00:00,1724976000000,2527.6,2552.17,2431.14,2526.0,338379.1941,2604.8414285714284,2607.4128,3213.788080808081,45.27896084784855,-86.97895071023231,-93.57434581993029,6.595395109697975,287852.563155,-0.0329804949945448
2024-08-31 00:00:00,1725062400000,2525.99,2533.95,2491.92,2513.01,97946.1147,2568.414285714286,2609.48,3201.5126262626263,42.728601312433725,-87.55796783740698,-92.37107022342563,4.813102386018656,277894.923165,-0.046787995569649
2024-09-01 00:00:00,1725148800000,2513.0,2516.28,2400.0,2425.72,223127.776,2522.641428571428,2612.7968,3188.143535353535,38.09317000268241,-93.97710697878392,-92.6922775744973,-1.2848294042866255,264880.599435,-0.0571746177346259
2024-09-02 00:00:00,1725235200000,2425.71,2564.83,2423.52,2538.01,262632.8385,2502.287142857143,2607.0172,3175.128787878788,44.35386646765028,-88.97777602711312,-91.94937726502047,2.9716012379073504,261728.80654,-0.0352376354672312
2024-09-03 00:00:00,1725321600000,2538.0,2553.6,2411.12,2425.29,224793.1299,2497.71,2600.0776,3160.291111111111,41.98319802636584,-93.03883837521062,-92.1672694870585,-0.8715688881521118,256028.02733,-0.0753332214969805
2024-09-04 00:00:00,1725408000000,2425.28,2490.0,2306.65,2450.71,384179.3854,2486.621428571428,2593.7092,3146.210505050505,39.86098280873309,-93.13250444992808,-92.36031647963244,-0.7721879702956613,257409.656305,-0.1128587356288551
2024-09-05 00:00:00,1725494400000,2450.71,2466.0,2348.04,2368.81,278549.0969,2463.9357142857143,2586.2464,3132.0830303030302,36.79099123454608,-98.6778838024852,-93.62382994420298,-5.054053858282231,257802.904285,-0.1442160404624277
2024-09-06 00:00:00,1725580800000,2368.81,2408.83,2150.55,2225.23,643027.111,2420.968571428571,2566.3636,3116.702424242424,22.183678329933443,-113.35169516072848,-97.56940298750808,-15.782292173220384,285486.82603500003,-0.1896851205150521
2024-09-07 00:00:00,1725667200000,2225.24,2311.27,2220.98,2273.58,219453.2076,2386.764285714285,2549.2092,3101.6649494949497,25.48832966466378,-119.69953374441502,-101.99542913888948,-17.704104605525544,287755.78349,-0.1518043342821647
2024-09-08 00:00:00,1725753600000,2273.58,2333.58,2240.94,2297.3,192775.6493,2368.418571428572,2534.6432,3086.326363636364,27.789269489998944,-121.41662056930409,-105.8796674249724,-15.53695314433169,286151.20927500003,-0.0651235283824311
2024-09-09 00:00:00,1725840000000,2297.3,2381.41,2272.8,2359.5,321698.99,2342.9171428571426,2526.2276,3071.9686868686863,34.061274144694394,-116.4164279612337,-107.98701953222466,-8.42940842900903,288170.36502,-0.0667753022746239
2024-09-10 00:00:00,1725926400000,2359.51,2400.0,2320.41,2388.52,224382.1729,2337.6642857142856,2518.0592,3058.04404040404,45.76715345529706,-108.85722944538112,-108.16106151485596,-0.6961679305251494,287125.142575,-0.0550282678103031
2024-09-11 00:00:00,1726012800000,2388.52,2389.32,2277.68,2340.55,282898.3125,2321.927142857143,2507.1008,3043.198787878788,38.11187925751478,-105.52090890509317,-107.6330309929034,2.112122087810249,291316.90222,-0.0734164687252572
2024-09-12 00:00:00,1726099200000,2340.54,2391.93,2315.39,2361.76,202611.1308,2320.92,2497.0852,3028.0045454545457,39.7657570933146,-100.01249926349874,-106.10892464702248,6.096425383523751,281358.13652500004,-0.0601867879554797
2024-09-13 00:00:00,1726185600000,2361.75,2464.82,2337.35,2439.19,253888.616,2351.4857142857145,2489.1984,3014.12303030303,45.10151339028768,-88.3802979857428,-102.56319931476656,14.182901329023764,280875.42012,0.0055529904523194
2024-09-14 00:00:00,1726272000000,2439.19,2440.6,2376.72,2417.79,122931.2302,2372.087142857143,2482.9972,3001.390404040404,44.6774734488541,-79.96668960019952,-98.04389737185316,18.077207771653647,279295.61987,-0.0473678196697413
2024-09-15 00:00:00,1726358400000,2417.8,2430.32,2283.75,2316.1,174364.1946,2374.772857142857,2470.4128,2987.597777777777,43.96963362306085,-80.57555266451482,-94.5502284303855,13.974675765870684,277428.423365,-0.0450214201188311
2024-09-16 00:00:00,1726444800000,2316.09,2335.7,2252.39,2295.68,330555.232,2365.655714285714,2457.3248000000003,2973.348080808081,35.170067194595035,-81.76328808339986,-91.99284036098838,10.229552277588525,273323.14898,-0.0632592187570133
2024-09-17 00:00:00,1726531200000,2295.67,2393.63,2263.29,2341.8,274206.2588,2358.9814285714283,2440.4976,2959.953636363636,44.43718934477568,-78.08298633941058,-89.21086955667282,11.127883217262236,264470.13022,-0.0114023497030153
2024-09-18 00:00:00,1726617600000,2341.79,2376.14,2277.34,2374.75,292917.6008,2363.867142857143,2424.7676,2948.6144444444444,44.98918148714972,-71.68123441646276,-85.70494252863082,14.023708112168066,267265.8621,0.0671930542011387
2024-09-19 00:00:00,1726704000000,2374.74,2494.95,2372.6,2465.21,326746.032,2378.6457142857143,2413.5308,2937.554747474748,56.28815947398634,-58.63255431254129,-80.29046488541293,21.657910572871643,266684.203995,0.0842855760518654
2024-09-20 00:00:00,1726790400000,2465.21,2571.93,2437.31,2561.4,340754.5912,2396.1042857142857,2408.7672,2928.38303030303,73.3733817251401,-40.0677758343968,-72.2459270752097,32.17815124081291,278824.62782,0.1149610412223043
2024-09-21 00:00:00,1726876800000,2561.4,2623.34,2528.97,2612.4,154757.8773,2423.905714285714,2414.97,2919.6012121212125,73.47114079082269,-20.99773257278048,-61.996288174723865,40.99855560194339,275406.132885,0.1071837253655436
2024-09-22 00:00:00,1726963200000,2612.4,2632.57,2524.58,2581.0,214266.3257,2461.748571428572,2417.0768,2909.624040404041,69.44589148136977,-8.322368392622138,-51.26150421830353,42.93913582568139,272987.807245,0.0805854671512065
2024-09-23 00:00:00,1727049600000,2580.99,2702.82,2539.49,2646.97,333282.0149,2511.932857142857,2421.8512,2899.750909090909,69.60298951215852,6.965878396876633,-39.6160276952675,46.58190609214413,278412.251495,0.1309179466364742
2024-09-24 00:00:00,1727136000000,2646.98,2670.96,2591.56,2653.2,288600.0402,2556.418571428572,2426.9392,2891.081616161616,68.62789257361635,19.361446355636417,-27.82053288508672,47.18197924072314,273633.284235,0.123399498678951
2024-09-25 00:00:00,1727222400000,2653.2,2673.5,2554.05,2579.95,220343.4293,2585.732857142857,2429.6168,2881.955656565656,66.26977654542486,23.009125567135925,-17.65460119464219,40.66372676177812,270723.00085500005,0.0577076816484158
2024-09-26 00:00:00,1727308800000,2580.09,2666.22,2559.2,2632.26,278686.3573,2609.597142857143,2437.8784,2872.579393939394,67.63777679246758,29.77765913093572,-8.168149129526608,37.94580826046233,252505.96317,0.0887049743774275
2024-09-27 00:00:00,1727395200000,2632.25,2728.6,2615.21,2694.43,281826.9792,2628.6014285714286,2444.1352,2864.3102020202023,66.98068018521474,39.70072492444388,1.4056256812674883,38.29509924317639,255624.65175,0.163347869262985
2024-09-28 00:00:00,1727481600000,2694.43,2704.35,2650.0,2675.21,137230.0342,2637.574285714285,2454.132,2855.792121212122,67.17553177293229,45.48955738460609,10.222412021935208,35.26714536267088,252847.370995,0.1653235642598272
2024-09-29 00:00:00,1727568000000,2675.21,2683.7,2629.73,2657.62,160554.3146,2648.52,2462.4084,2847.326161616162,75.66738816738815,48.103377034196,17.798605024387367,30.30477200980864,244790.137225,0.134862071910496
2024-09-30 00:00:00,1727654400000,2657.62,2663.5,2575.0,2602.23,282475.7961,2642.128571428571,2471.7452000000003,2839.0566666666664,71.88861121028205,45.184479300578914,23.27577987962568,21.90869942095324,247694.818385,0.095791135909043
2024-10-01 00:00:00,1727740800000,2602.24,2659.0,2414.0,2447.79,502828.6804,2612.784285714286,2480.6476,2829.9158585858586,56.5541635232571,30.062670770815657,24.633158057863675,5.429512712951983,258691.33678,-0.0070663351195233
2024-10-02 00:00:00,1727827200000,2447.78,2499.0,2352.0,2364.1,317484.735,2581.9485714285715,2484.2684000000004,2819.503636363637,49.38031676577719,11.196380090564617,21.945802464403865,-10.749422373839248,264435.01699000003,-0.0770281877098462
2024-10-03 00:00:00,1727913600000,2364.09,2403.38,2310.0,2349.8,314635.9263,2541.597142857143,2486.3684,2809.184040404041,42.63167975483624,-4.85323659727419,16.585994652068255,-21.439231249342445,267472.382505,-0.1005205940897259
2024-10-04 00:00:00,1728000000000,2349.8,2441.64,2339.15,2414.41,239383.017,2501.594285714286,2488.5648,2798.719090909091,40.22113708636585,-12.218340992620597,10.825127523130488,-23.043468515751083,273294.971845,-0.0645447500968617
2024-10-05 00:00:00,1728086400000,2414.41,2428.23,2390.05,2414.66,103740.2316,2464.3728571428574,2489.6104,2788.9666666666667,35.89224051825002,-17.829538556010448,5.094194307302299,-22.923732863312747,269763.77369500004,-0.0877645005421292
2024-10-06 00:00:00,1728172800000,2414.66,2457.8,2407.0,2440.03,105752.7096,2433.288571428572,2493.5896,2779.484141414141,39.855208048475085,-19.9987726748368,0.0756009108744786,-20.07437358571128,258523.647575,-0.0803444896728478
2024-10-07 00:00:00,1728259200000,2440.02,2521.0,2403.0,2422.71,300459.5407,2407.6428571428573,2496.0276,2769.2270707070707,32.64617575138517,-22.85206125597051,-4.50993152249452,-18.342129733476,259836.31167,-0.0609469175759219
2024-10-08 00:00:00,1728345600000,2422.7,2466.66,2401.18,2440.89,201358.3312,2406.657142857143,2496.0956,2759.112828282829,33.86922761324439,-23.376865001805072,-8.28331821835663,-15.093546783448442,255258.34819,-0.0727017847780995
2024-10-09 00:00:00,1728432000000,2440.88,2473.61,2351.42,2370.47,242082.2725,2407.567142857143,2494.2028,2748.4978787878786,34.01550529560784,-29.139182865329985,-12.454491147751302,-16.684691717578684,251025.160215,-0.1202332218688182
2024-10-10 00:00:00,1728518400000,2370.47,2421.36,2330.66,2386.49,257862.9619,2412.808571428571,2497.0184,2739.316161616161,30.14685687513122,-32.043800190139336,-16.37235295622891,-15.671447233910428,246880.57875,-0.1079242377233937
2024-10-11 00:00:00,1728604800000,2386.49,2471.45,2381.86,2439.5,235441.2197,2416.3928571428573,2502.7712,2733.051515151515,29.097587773240846,-29.72560806353522,-19.043003977690173,-10.682604085845046,250914.74587,-0.0820734341252699
2024-10-12 00:00:00,1728691200000,2439.49,2490.51,2434.35,2476.4,139637.5062,2425.212857142857,2508.1552,2727.946666666667,34.15831327989291,-24.62701755906164,-20.15980669396447,-4.467210865097172,247183.304895,-0.0483546804087263
2024-10-13 00:00:00,1728777600000,2476.4,2484.92,2436.4,2468.91,120022.8179,2429.3385714285714,2511.9216,2721.9070707070705,34.717115599539994,-20.94923847368682,-20.31769304990894,-0.6315454237778795,236520.345045,0.0086281911438481
2024-10-14 00:00:00,1728864000000,2468.92,2654.0,2443.39,2629.79,435900.1619,2458.9214285714284,2518.5048,2718.864545454546,51.90626383355467,-4.995317669205633,-17.25321797376828,12.257900304562646,243885.35113,0.1123852628907406
2024-10-15 00:00:00,1728950400000,2629.79,2688.6,2537.36,2607.41,416285.6663,2482.71,2520.3452,2714.7069696969697,63.50834433499202,5.775820484380802,-12.647410282138464,18.423230766519268,253682.46298,0.1096306068601582
2024-10-16 00:00:00,1729036800000,2607.41,2647.79,2588.67,2611.1,260322.4242,2517.085714285714,2520.2932,2710.1054545454544,74.17681375044045,14.443284046486497,-7.229271416413472,21.672555462899968,252764.26632500003,0.0814650370069707
2024-10-17 00:00:00,1729123200000,2611.1,2648.37,2575.4,2605.8,221624.5434,2548.4157142857143,2521.2852,2705.1029292929293,75.50715395958707,20.6466439991732,-1.6540883332961398,22.30073233246933,249754.144535,0.0791581423471627
2024-10-18 00:00:00,1729209600000,2605.79,2675.58,2596.49,2642.17,292444.1153,2577.368571428572,2521.0932,2700.482727272727,74.04662359052323,28.172847449293386,4.311298823221765,23.86154862607162,257514.84859,0.0828432437306099
2024-10-19 00:00:00,1729296000000,2642.17,2663.49,2631.02,2648.2,105413.7646,2601.911428571428,2520.8932,2695.5768686868687,74.35956275033374,34.22941314440959,10.29492168745933,23.934491456950266,254757.82109,0.0930734590603084
2024-10-20 00:00:00,1729382400000,2648.2,2759.0,2635.54,2746.91,256910.7448,2641.625714285714,2527.5716,2691.243333333333,77.76189614619138,46.45880890959279,17.527699131886024,28.93110977770677,253479.568525,0.1253723027256452
2024-10-21 00:00:00,1729468800000,2746.91,2769.48,2655.01,2666.7,310674.7232,2646.898571428572,2528.9492,2685.401111111112,69.81757338488278,49.11228070385778,23.84461544628038,25.2676652575774,243871.870665,0.124966778740081
2024-10-22 00:00:00,1729555200000,2666.71,2671.92,2606.56,2622.81,265747.713,2649.098571428571,2526.0844,2676.708383838384,64.18368938094497,47.13033090501858,28.50175853802802,18.62857236699056,241285.019565,0.0990240897720082
2024-10-23 00:00:00,1729641600000,2622.81,2628.2,2450.0,2524.61,352647.7086,2636.742857142857,2520.0604000000003,2667.420303030303,61.51880193698813,37.20680521185432,30.242767872793284,6.964037339061033,243185.60868,0.0348882967821275
2024-10-24 00:00:00,1729728000000,2524.6,2562.65,2507.31,2535.82,290851.7842,2626.7457142857143,2515.1884,2658.82202020202,61.2401583693378,29.90219898260148,30.17465409475492,-0.2724551121534446,245759.04704,0.0239945081570021
2024-10-25 00:00:00,1729814400000,2535.82,2566.33,2382.59,2440.62,514799.8822,2597.952857142857,2508.724,2648.8636363636365,50.07926846530589,16.244149099482,27.38855309570034,-11.144403996218337,266312.02957,-0.011458497879631
2024-10-26 00:00:00,1729900800000,2440.63,2508.0,2430.12,2482.51,248724.8313,2574.282857142857,2510.1128,2638.550303030303,50.429404736805125,8.699931679949714,23.650828812550216,-14.950897132600502,273460.635655,-0.0560044718399567
2024-10-27 00:00:00,1729987200000,2482.51,2527.99,2464.13,2507.8,137580.8836,2540.1242857142856,2515.8608,2628.351313131313,52.66643812135758,4.707511403336866,19.862165330707544,-15.154653927370678,265316.7028,-0.0382026608780359
2024-10-28 00:00:00,1730073600000,2507.8,2589.67,2471.67,2567.48,360605.327,2525.9500000000003,2524.568,2618.569090909091,45.039407690470505,6.2866976663513015,17.147071797836297,-10.860374131484996,273279.05259000004,-0.0167056030025659
2024-10-29 00:00:00,1730160000000,2567.49,2681.86,2561.2,2638.8,451915.7025,2528.2342857142858,2533.5436,2610.480202020202,52.3183503449091,13.141653312116889,16.345988100692416,-3.2043347885755296,283770.72409000003,0.0126640571033846
2024-10-30 00:00:00,1730246400000,2638.8,2722.3,2599.66,2659.19,460627.126,2547.46,2543.3248000000003,2602.1638383838385,53.46624572936039,19.98913533301993,17.07461754715792,2.91451778586201,293908.932295,0.0064416748354572
2024-10-31 00:00:00,1730332800000,2659.19,2669.0,2503.0,2518.61,403427.2017,2545.0014285714287,2546.4680000000003,2593.909292929293,44.74106421221516,13.911816285772602,16.442057294880858,-2.530241009108256,302308.231395,-0.0489351257457895
2024-11-01 00:00:00,1730419200000,2518.61,2586.8,2467.67,2511.49,430249.1073,2555.1257142857144,2550.0192,2587.202323232323,41.82964037413093,8.423867558889015,14.838419347682487,-6.414551788793474,316838.81145,-0.0857035723776898
2024-11-02 00:00:00,1730505600000,2511.49,2523.45,2470.0,2494.23,145961.13,2556.8,2552.1528,2579.319696969697,40.50681299710217,2.6513280428534927,12.40100108671669,-9.749673043863195,318135.727055,-0.0646754415569804
2024-11-03 00:00:00,1730592000000,2494.23,2496.39,2411.0,2457.73,276009.1197,2549.647142857143,2555.6432,2571.3269696969696,30.688890669658377,-4.813212353388735,8.958158398695605,-13.77137075208434,310141.174945,-0.0629401290981809
2024-11-04 00:00:00,1730678400000,2457.73,2491.39,2357.59,2398.21,306316.9645,2525.465714285714,2556.112,2562.519393939394,31.56101916077195,-15.354681753825387,4.095590368191407,-19.450272122016795,304642.739855,-0.0500671390828683
2024-11-05 00:00:00,1730764800000,2398.21,2480.0,2380.74,2422.55,331619.2545,2494.5728571428576,2555.434,2553.477878787879,35.86732533521527,-21.4970332014168,-1.0229343457302345,-20.474098855686563,308207.58137,-0.0446679969398459
2024-11-06 00:00:00,1730851200000,2422.6,2744.7,2420.3,2721.87,1002141.3618,2503.5271428571427,2565.2528,2547.8481818181817,60.842989380180725,-2.187057461479526,-1.2557589688800928,-0.9312984925994332,347233.42229,0.1152371118814072
2024-11-07 00:00:00,1730937600000,2721.88,2916.11,2699.49,2895.47,730845.9524,2557.3642857142854,2582.3152,2544.441414141414,66.77456367011499,26.815197690453715,4.358432362986669,22.456765327467046,369153.514145,0.1663477689918668
2024-11-08 00:00:00,1731024000000,2895.47,2981.69,2886.4,2961.75,568864.435,2621.6871428571426,2595.5936,2542.000505050505,74.98010718154714,54.51946941700635,14.390639773790603,40.12882964321575,392326.047665,0.181015232474679
2024-11-09 00:00:00,1731110400000,2961.75,3157.4,2953.71,3126.21,526719.4212,2711.9700000000003,2616.3456,2543.380303030303,77.61096717739306,88.72310715812864,29.25713325065821,59.46597390747043,405816.481485,0.2176180534999299
2024-11-10 00:00:00,1731196800000,3126.2,3248.52,3069.0,3183.21,865536.7322,2815.61,2639.23,2546.2042424242422,78.20389687398213,119.0567480418208,47.21705620889074,71.83969183293007,433559.581935,0.2063096862210094
2024-11-11 00:00:00,1731283200000,3183.2,3387.61,3105.0,3371.59,1000093.9664,2954.664285714286,2669.8616,2553.099898989899,80.31928932861764,156.4931134288522,69.07226765288304,87.42084577596917,470276.894605,0.2679011277870329
2024-11-12 00:00:00,1731369600000,3371.59,3442.5,3207.67,3243.8,973215.7285,3071.985714285714,2693.9268,2561.4252525252527,71.88001793799818,173.8461277528363,90.0270396728737,83.81908807996261,501305.2956,0.2879326295059576
2024-11-13 00:00:00,1731456000000,3243.79,3331.0,3116.69,3187.16,919686.3747,3138.4557142857143,2715.4852,2568.756868686869,68.60634766244475,180.94235119467203,108.21010197723336,72.73224921743866,532747.0251249999,0.2690315310831419
2024-11-14 00:00:00,1731542400000,3187.16,3240.4,3028.56,3058.82,605780.6662,3161.7914285714287,2727.9616000000005,2575.9893939393937,69.20336994774448,174.2021006012992,121.40850170204656,52.79359889925266,537296.0643249999,0.2263584352685999
2024-11-15 00:00:00,1731628800000,3058.81,3131.06,3014.5,3090.01,519623.6317,3180.1142857142863,2744.894,2580.1056565656563,70.21920565908489,169.42415953126238,131.01163326788972,38.412526263372655,550841.004345,0.2572617822136687
2024-11-16 00:00:00,1731715200000,3090.01,3219.97,3072.0,3132.87,423639.1573,3181.065714285714,2765.2964,2585.500505050505,71.92800538380189,167.16903009426778,138.24311263316534,28.925917461102443,565143.9180300001,0.306336809537113
2024-11-17 00:00:00,1731801600000,3132.88,3162.11,3034.99,3076.0,449818.9575,3165.75,2787.3520000000003,2590.208383838384,70.93573706987044,158.9604924431269,142.38658859515766,16.573903847969234,569604.599555,0.2697364347485087
2024-11-18 00:00:00,1731888000000,3075.99,3224.94,3050.01,3207.8,640658.4357,3142.3514285714286,2814.2312000000006,2596.798484848485,76.13485960732663,161.2317465062711,146.15562017738034,15.076126328890725,579041.736215,0.1785279972959768
2024-11-19 00:00:00,1731974400000,3207.81,3221.2,3065.4,3107.44,500112.0194,3122.871428571429,2840.9040000000005,2600.688787878788,71.07496507455889,153.16789431635516,147.5580750051753,5.609819311179848,581015.980885,0.073207458547317
2024-11-20 00:00:00,1732060800000,3107.45,3159.2,3029.41,3069.97,503607.8336,3106.13,2864.4024,2604.401212121212,62.76925108580818,142.11549850583606,146.46955970530746,-4.354061199471403,586025.0124799999,0.0365392082383724
2024-11-21 00:00:00,1732147200000,3069.97,3386.73,3032.59,3355.81,974923.3035,3148.557142857143,2898.3228000000004,2611.4149494949497,65.6017840681091,154.6387154804338,148.10339086033275,6.535324620101051,613258.72229,0.0734435626525409
2024-11-22 00:00:00,1732233600000,3355.88,3425.92,3257.54,3327.78,603273.7093,3182.5242857142853,2928.7348,2619.070404040404,62.73564226216572,160.4520767513527,150.57312803853674,9.87894871281597,636124.351255,0.0454164192748829
2024-11-23 00:00:00,1732320000000,3327.78,3497.51,3312.72,3393.91,721024.0009,3219.815714285714,2958.9392,2627.1631313131315,59.998506013296485,168.45351846786934,154.14920612440326,14.30431234346608,658375.095315,0.0066200220074208
2024-11-24 00:00:00,1732406400000,3393.91,3450.0,3281.4,3361.2,479098.0921,3260.558571428571,2987.0196,2634.7054545454544,56.770718421192775,170.1934113401512,157.35804716755283,12.83536417259836,667014.151695,0.0361921203526727
2024-11-25 00:00:00,1732492800000,3361.21,3546.66,3300.01,3414.49,949330.37,3290.0857142857144,3022.8548,2642.809898989899,51.818844757996125,173.86810334732127,160.66005840350655,13.208044943814713,697899.70747,0.0713268238808217
2024-11-26 00:00:00,1732579200000,3414.49,3462.49,3252.0,3324.73,672367.1503,3321.127142857142,3055.3843999999995,2649.763131313131,53.54554933452496,167.6053907791802,162.0491248786413,5.556265900538904,681410.996895,0.0869322156910179
2024-11-27 00:00:00,1732665600000,3324.74,3684.92,3302.4,3653.28,754573.6485,3404.457142857143,3101.7464,2660.6768686868686,66.49165015567507,186.99779100893693,167.03885810470044,19.95893290423649,682597.3817,0.1822874359629904
2024-11-28 00:00:00,1732752000000,3653.27,3661.92,3529.76,3578.79,560976.425,3436.3114285714287,3146.5888,2670.253434343434,69.12568507007025,194.118015792832,172.45468964232677,21.66332615050524,682202.9812,0.1423359411657681
2024-11-29 00:00:00,1732838400000,3578.8,3647.98,3534.28,3592.21,425493.2449,3474.087142857143,3194.3488,2680.044646464646,68.71673698176775,198.55490967431345,177.6747336487241,20.88017602558932,677141.672385,0.1678185955786735
2024-11-30 00:00:00,1732924800000,3592.22,3738.98,3568.4,3703.6,503684.7485,3518.328571428572,3245.5908,2689.550909090909,70.23707370346995,208.65418653673487,183.87062422632627,24.7835623104086,659049.0732,0.1545607581520043
2024-12-01 00:00:00,1733011200000,3703.59,3746.8,3659.2,3707.61,429089.2633,3567.815714285714,3285.0204,2699.0419191919195,73.26800515748756,214.50878594134747,189.9982565693305,24.510529372016947,630498.838045,0.1931396905491336
2024-12-02 00:00:00,1733097600000,3707.61,3760.0,3554.32,3643.42,737130.569,3600.52,3314.9383999999995,2708.1054545454544,66.88920939176823,211.53060842711105,194.3047269408866,17.22588148622441,618694.5800699999,0.1867933562868693
2024-12-03 00:00:00,1733184000000,3643.43,3670.0,3500.0,3614.51,678400.2032,3641.917142857143,3341.0488,2717.5400000000004,70.81243484185555,204.48046241536304,196.33987403578192,8.140588379581118,606630.271495,0.0770901809101232
2024-12-04 00:00:00,1733270400000,3614.51,3887.24,3614.51,3837.8,968744.0399,3668.277142857143,3369.5124,2731.484141414141,77.3441784602674,214.4388897575509,199.9596771801357,14.479212577415185,624778.44018,0.1532613333814134
2024-12-05 00:00:00,1733356800000,3837.8,3956.0,3677.0,3785.2,946493.276,3697.7642857142855,3393.592,2744.179797979798,68.33793144682559,215.6013169942221,203.08800514295305,12.513311851269066,646121.922395,0.1152918020807858
2024-12-06 00:00:00,1733443200000,3785.21,4087.73,3777.26,3998.87,803855.1146,3755.858571428572,3418.6832,2759.04101010101,74.73772679352112,231.09995580364512,208.69039527509145,22.40956052855367,665132.72026,0.1897149827442581
2024-12-07 00:00:00,1733529600000,3998.87,4024.46,3968.0,3996.22,283920.02,3797.6614285714286,3448.78,2773.8917171717167,73.2924442931945,240.39775024631444,215.03186626933604,25.36588397697841,656837.7733850001,0.1703709778034201
2024-12-08 00:00:00,1733616000000,3996.22,4015.58,3923.5,4004.15,251362.1685,3840.024285714286,3481.4596,2788.953737373737,75.34991917359933,245.57536412309173,221.1405658400872,24.43479828300454,637372.960025,0.204353436218881
2024-12-09 00:00:00,1733702400000,4004.15,4006.17,3509.0,3712.0,939642.2001,3849.821428571429,3507.5868,2801.946464646465,59.87087013357576,223.5279064581955,221.61803396370888,1.9098724944866208,659349.46906,0.0160732273463846
2024-12-10 00:00:00,1733788800000,3712.0,3780.76,3515.89,3628.25,942206.0337,3851.784285714286,3529.1163999999994,2812.95898989899,60.11059293804129,197.0260190403056,216.69963097902823,-19.6736119387227,681279.3790650001,0.0138203135696701
2024-12-11 00:00:00,1733875200000,3628.24,3848.64,3562.34,3831.81,461818.7801,3850.928571428572,3557.074,2827.166262626263,56.4872348311422,190.25552583209765,211.4108099496421,-21.15528411754445,655624.1528950001,0.0666998866992742
2024-12-12 00:00:00,1733961600000,3831.82,3987.41,3796.8,3881.61,572098.6343,3864.701428571429,3589.2984,2841.619797979798,61.20459994671876,186.75550379339256,206.47974871839224,-19.724244924999653,654065.399145,0.0480640457932821
2024-12-13 00:00:00,1734048000000,3881.6,3968.47,3852.94,3906.8,387765.6873,3851.548571428571,3617.2584,2857.1550505050504,61.53959019580511,183.8945121243969,201.9627013995932,-18.06818927519629,637402.4834649999,0.0537246366257508
2024-12-14 00:00:00,1734134400000,3906.8,3945.0,3825.03,3870.29,265538.9479,3833.558571428571,3647.7724,2873.7718181818186,56.46983022954332,176.64485184670048,196.89913148901468,-20.2542796423142,626724.526255,0.0622684181346098
2024-12-15 00:00:00,1734220800000,3870.3,3974.61,3831.5,3959.09,253833.2141,3827.121428571428,3683.3372,2890.797171717172,59.15804806991987,176.03563251976811,192.72643169516536,-16.690799175397245,591949.6684600001,0.0953324240353463
2024-12-16 00:00:00,1734307200000,3959.09,4107.8,3884.0,3986.24,673351.0723,3866.298571428571,3708.5544,2907.857171717172,62.8304739662864,175.71803182180338,189.324751720493,-13.60671989868962,591998.86456,0.0386784095054457
2024-12-17 00:00:00,1734393600000,3986.24,4041.82,3847.96,3893.01,450825.9861,3904.121428571428,3731.1636,2923.3471717171715,59.94443968349187,166.02956367585648,184.6657141115657,-18.636150435709222,576811.48144,0.0284819824579944
2024-12-18 00:00:00,1734480000000,3893.01,3907.19,3617.42,3626.8,722505.0618,3874.834285714286,3740.4792,2935.8550505050507,42.68985587583149,135.31068334867996,174.79470795898857,-39.48402461030861,584887.9132800001,-0.0930437848692254
2024-12-19 00:00:00,1734566400000,3626.8,3720.0,3326.8,3417.01,1078153.4851,3808.4628571428575,3742.7116,2946.728383838384,38.49686638881774,92.96579781201854,158.42892592959458,-65.46312811757605,617520.9252899999,-0.1449394677970681
2024-12-20 00:00:00,1734652800000,3417.01,3497.84,3101.9,3472.21,1332783.731,3746.378571428571,3745.0204,2957.9450505050504,31.7375443852641,63.13358495210423,139.3698577340965,-76.23627278199228,658975.8744150001,-0.1328471710600252
2024-12-21 00:00:00,1734739200000,3472.2,3555.18,3293.11,3338.92,475275.82,3670.468571428572,3745.588,2967.033232323232,29.100956402299445,28.408477042460163,117.17758159576924,-88.76910455330909,661285.2022499999,-0.1005064655172414
2024-12-22 00:00:00,1734825600000,3338.92,3403.0,3221.1,3281.83,361920.2495,3573.717142857143,3730.73,2975.760909090909,27.72981772439138,-3.675735445636292,93.00691818748815,-96.68265363312445,642524.686275,-0.095478536484531
2024-12-23 00:00:00,1734912000000,3281.83,3466.99,3216.97,3422.53,488253.41,3493.187142857143,3724.4796,2986.9369696969698,40.15588973453856,-17.547118614992087,70.8961108269921,-88.44322944198419,633017.3466149999,-0.1068111414710019
2024-12-24 00:00:00,1734998400000,3422.53,3539.65,3358.19,3493.18,315723.6763,3436.068571428572,3720.5184,2999.0329292929296,45.36533143010081,-22.57914681189549,52.201059299214585,-74.78020611111009,600366.328435,-0.1000693011405061
2024-12-25 00:00:00,1735084800000,3493.17,3547.95,3440.93,3497.0,219846.0452,3417.5257142857145,3712.2544,3010.7016161616166,36.68673405279021,-25.95957748682622,36.56893194200643,-62.52850942883265,564033.966895,-0.1048940309204464
2024-12-26 00:00:00,1735171200000,3497.0,3514.94,3304.63,3335.05,310170.1719,3405.817142857143,3697.352,3020.4016161616164,30.04643759400692,-41.2313157365661,21.008882406291924,-62.24019814285803,539349.71976,-0.1382945464034994
2024-12-27 00:00:00,1735257600000,3335.04,3444.16,3306.6,3333.51,342529.6038,3386.002857142857,3684.9556,3029.1723232323234,28.702830013447937,-52.84932928566059,6.237240067901421,-59.08656935356201,542280.1989499999,-0.1580110580966838
2024-12-28 00:00:00,1735344000000,3333.51,3428.68,3322.23,3404.0,175963.613,3395.3,3676.5352,3037.683434343435,33.104332891275504,-55.7263560915253,-6.155479163983925,-49.57087692754138,538510.271175,-0.1460624548446656
2024-12-29 00:00:00,1735430400000,3404.01,3413.78,3326.17,3356.48,156256.8819,3405.964285714286,3657.282400000001,3045.1993939393938,27.49153985791441,-61.13614796402271,-17.151612923991685,-43.98453504003103,499341.005265,-0.1378188085825621
2024-12-30 00:00:00,1735516800000,3356.48,3437.59,3305.0,3361.84,420794.6476,3397.2942857142853,3640.348,3053.086666666667,26.29172868381883,-64.25030230328366,-26.57135079985008,-37.67895150343358,473270.4359599999,-0.0730561376419984
2024-12-31 00:00:00,1735603200000,3361.83,3451.0,3315.59,3337.78,303053.1685,3375.094285714286,3613.9044,3060.0645454545456,27.749324741317807,-67.8772858761713,-34.83253781511433,-33.04474806105697,465332.15538,-0.0231869382881525
2025-01-01 00:00:00,1735689600000,3337.78,3374.85,3313.88,3360.38,190238.5861,3355.577142857143,3588.4708,3067.2077777777777,36.73286456984641,-68.14256034636946,-41.49454232136536,-26.648018025004102,446239.15297,-0.0322071533691797
2025-01-02 00:00:00,1735776000000,3360.39,3509.99,3354.5,3455.67,338632.8874,3372.808571428571,3566.5316000000003,3076.053434343434,52.17298439678043,-59.972361594002,-45.19010617589269,-14.782255418109308,443782.512975,0.0349663963197681
2025-01-03 00:00:00,1735862400000,3455.68,3630.0,3423.44,3609.01,334041.0604,3412.165714285715,3562.4120000000003,3085.919595959596,56.92517971043841,-40.655512296916186,-44.28318740009739,3.627675103181204,447207.6186,0.0996943778318804
2025-01-04 00:00:00,1735948800000,3609.0,3671.6,3572.42,3656.88,229266.3133,3448.2914285714287,3563.5572,3095.641313131313,67.61980759852818,-21.239228519463268,-39.67439562397056,18.435167104507293,445979.27356,0.0684727380037575
2025-01-05 00:00:00,1736035200000,3656.88,3675.25,3593.7,3635.99,155444.1741,3488.2214285714285,3555.7244000000005,3105.346161616161,70.44614816183261,-7.451436630923126,-33.229803825361074,25.778367194437948,420083.92865,0.0408825196525801
2025-01-06 00:00:00,1736121600000,3636.0,3744.83,3610.63,3687.45,329642.3648,3534.7371428571428,3547.9580000000005,3115.7484848484846,67.05113021986507,7.540952303185804,-25.0756525996517,32.61660490283751,414024.747585,0.0544609665427509
2025-01-07 00:00:00,1736208000000,3687.44,3700.86,3356.31,3381.31,541543.2874,3540.9557142857143,3526.9384000000005,3123.61797979798,44.47462783874824,-5.220235310297994,-21.10456914178096,15.884333831482966,404976.658865,0.0138708565088978
2025-01-08 00:00:00,1736294400000,3381.31,3415.1,3208.2,3327.29,584749.9627,3536.228571428572,3505.2184,3132.501818181818,42.01387254948095,-19.46811466205554,-20.77727824583588,1.309163583780336,380306.482745,-0.0018659011072413
2025-01-09 00:00:00,1736380800000,3327.29,3357.27,3158.0,3219.2,501818.4247,3502.447142857143,3475.6228,3141.1391919191915,44.25728930175377,-39.03168834605867,-24.42816026588044,-14.603528080178233,338758.21743,-0.0542890716803761
2025-01-10 00:00:00,1736467200000,3219.2,3322.49,3193.97,3267.04,454142.1333,3453.594285714285,3446.8548,3150.4042424242425,46.84967345042986,-50.09817270422582,-29.56216275354952,-20.5360099506763,337701.533095,-0.0266469634855562
2025-01-11 00:00:00,1736553600000,3267.05,3320.18,3217.56,3282.83,151679.7487,3400.158571428572,3422.4476,3159.1761616161616,43.943135353454565,-56.93797472040524,-35.037325146920665,-21.90064957348457,327189.508055,-0.0235020108036075
2025-01-12 00:00:00,1736640000000,3282.83,3300.0,3224.49,3267.3,164879.9709,3347.488571428571,3408.0676000000003,3167.788686868687,45.39492708720619,-62.88678855393209,-40.60721782832295,-22.27957072560914,311020.8361,-0.0211158314808046
2025-01-13 00:00:00,1736726400000,3267.3,3339.0,2920.0,3137.51,845907.5669,3268.925714285714,3396.8876,3174.8339393939395,39.73515388346405,-77.18449980750484,-47.92267422415933,-29.261825583345505,337530.03063000005,-0.0663228563436277
2025-01-14 00:00:00,1736812800000,3137.51,3256.67,3125.65,3225.63,374308.4517,3246.6857142857148,3387.0244,3182.944242424242,45.15245035746086,-80.47729922489088,-54.43359922430564,-26.043700000585247,345253.150955,-0.0665688564012189
2025-01-15 00:00:00,1736899200000,3225.63,3473.75,3186.36,3451.52,464188.034,3264.432857142857,3391.5284,3193.152626262626,53.35058747408202,-64.12029250945352,-56.370937881335216,-7.749354628118304,352954.04406000004,-0.0436380059905625
2025-01-16 00:00:00,1736985600000,3451.51,3460.79,3265.44,3308.05,471282.6787,3277.1257142857144,3392.5772,3202.623131313131,44.758705902403,-62.01915855850484,-57.50058201676914,-4.518576541735698,359391.697805,-0.0953900592855111
2025-01-17 00:00:00,1737072000000,3308.04,3525.72,3307.5,3473.63,518550.1813,3306.638571428572,3394.6212,3213.604343434344,45.23470939400765,-46.457538983732775,-55.29197341016187,8.834434426429098,376521.02622,-0.0446535881561829
2025-01-18 00:00:00,1737158400000,3473.64,3494.39,3227.0,3307.71,634197.1281,3310.192857142857,3387.2024,3222.374141414142,38.65247996464157,-46.97173972733026,-53.62792667359555,6.656186946265294,400418.03853,-0.1029817353455639
2025-01-19 00:00:00,1737244800000,3307.71,3448.99,3130.48,3215.12,1342301.5217,3302.7385714285715,3375.9272,3229.83595959596,36.93137005272538,-54.22540994265773,-53.747423327408,-0.4779866152497405,446493.382235,-0.0491495899518233
2025-01-20 00:00:00,1737331200000,3215.2,3453.69,3142.78,3284.0,1158354.7814,3323.6657142857143,3373.8852,3238.069191919192,37.60636500476147,-53.79583065332599,-53.7571047925916,-0.0387258607343952,489258.4628799999,-0.0130105881964001
2025-01-21 00:00:00,1737417600000,3283.99,3368.0,3204.6,3327.54,548706.0513,3338.224285714285,3373.6464,3245.1171717171715,48.03047507417311,-49.37293143059196,-52.88027012019168,3.507338689599713,507181.83614,0.0336543240556661
2025-01-22 00:00:00,1737504000000,3327.55,3365.99,3222.85,3242.6,349240.7498,3308.378571428572,3367.1904000000004,3251.533232323233,46.966625357278446,-52.12088296342881,-52.7283926888391,0.6075097254102886,507712.22926000005,-0.0074807777070375
2025-01-23 00:00:00,1737590400000,3242.61,3347.97,3185.0,3338.21,605592.7225,3312.6871428571426,3366.4596,3258.8777777777773,54.30107915489089,-46.05285772034222,-51.39328569513973,5.340427974797507,521289.812365,0.0168695911759062
2025-01-24 00:00:00,1737676800000,3338.22,3428.0,3275.9,3310.09,451524.2752,3289.324285714286,3364.3896000000004,3265.9918181818184,51.57834532215845,-43.017078880654935,-49.71804433224277,6.700965451587834,532402.71046,0.0130964404860283
2025-01-25 00:00:00,1737763200000,3310.1,3350.68,3268.66,3318.77,208559.0415,3290.9042857142854,3363.6292,3272.826161616161,51.32457653354562,-39.4559749022028,-47.66563044623478,8.209655544031982,535058.45383,0.0577719274201515
2025-01-26 00:00:00,1737849600000,3318.76,3362.0,3230.0,3232.61,272165.469,3293.402857142857,3358.5183999999995,3278.729292929293,48.7847599296569,-43.08945782618321,-46.75039592222446,3.660938096041257,532184.6090399999,0.0021639183663346
2025-01-27 00:00:00,1737936000000,3232.61,3253.91,3020.01,3182.44,753004.7529,3278.8942857142856,3347.5892,3283.128585858586,51.66695110820898,-49.44732099652401,-47.28978093708437,-2.15754005943964,542757.682315,-0.0779598553680697
2025-01-28 00:00:00,1738022400000,3182.44,3223.01,3040.03,3077.72,350959.7173,3243.2057142857143,3326.3376000000003,3287.280303030303,44.579152220601486,-62.21878278529312,-50.27558130672613,-11.94320147856699,531068.1700449999,-0.0696271217182329
2025-01-29 00:00:00,1738108800000,3077.72,3182.52,3054.06,3113.9,409737.2576,3224.82,3304.6184,3292.240808080808,35.627809562729894,-68.629714012558,-53.9464078478925,-14.683306164665495,526464.1116899999,-0.1035602525312137
2025-01-30 00:00:00,1738195200000,3113.9,3283.43,3091.06,3247.39,350639.4823,3211.8457142857146,3289.0743999999995,3299.5416161616167,47.39562760823643,-62.2216434468819,-55.60145496769039,-6.620188479191512,521288.97914,-0.0182361815274011
2025-01-31 00:00:00,1738281600000,3247.38,3437.31,3213.8,3300.99,648681.6561,3210.5457142857144,3273.616,3307.2706060606065,41.79935398061941,-52.21621330628841,-54.92440663541,2.7081933291215847,546139.0745100001,0.0267081788549106
2025-02-01 00:00:00,1738368000000,3300.99,3331.98,3101.7,3117.54,354065.2525,3181.7985714285714,3263.0652,3314.108181818182,41.11463093269042,-58.41633256016712,-55.62279182036143,-2.7935407398056924,555598.33859,-0.0506881851400731
2025-02-02 00:00:00,1738454400000,3117.54,3163.2,2750.71,2869.68,1050805.93,3129.951428571429,3244.7608,3318.0189898989897,35.9050106087808,-82.38057035098245,-60.97434752648563,-21.406222824496822,565843.256745,-0.1375971438359869
2025-02-03 00:00:00,1738540800000,2869.68,2921.0,2125.01,2879.9,2807979.021,3086.7314285714288,3231.1888,3321.777575757576,32.68251709892522,-99.40188975574074,-68.65985597233666,-30.74203378340408,687526.78521,-0.1118546845124281
2025-02-04 00:00:00,1738627200000,2879.89,2888.5,2632.6,2731.19,1259594.3919,3037.227142857143,3209.7548,3323.431212121212,26.556910473225315,-123.46780222664027,-79.62144522319738,-43.8463570034429,727297.103105,-0.1818399681266307
2025-02-05 00:00:00,1738713600000,2731.19,2826.95,2699.13,2788.25,686593.0429,2990.7057142857143,3189.9716,3324.9408080808084,31.73878443445897,-136.36402650182708,-90.96996147892332,-45.39406502290376,738062.621315,-0.1576513025325595
2025-02-06 00:00:00,1738800000000,2788.25,2857.64,2655.28,2686.64,719459.9571,2910.598571428571,3166.7451999999994,3325.2180808080807,23.937825492188185,-153.01954094532903,-103.37987737220446,-49.639663573124565,748108.110105,-0.1904711685353308
2025-02-07 00:00:00,1738886400000,2686.63,2797.5,2562.51,2622.1,695467.3612,2813.6142857142854,3146.1288,3326.2634343434347,23.260134478603906,-169.4734107692084,-116.59858405160526,-52.87482671760313,751171.62176,-0.1888597758467616
2025-02-08 00:00:00,1738972800000,2622.11,2667.3,2588.8,2632.46,379685.1509,2744.317142857143,3122.402,3327.485353535354,23.360219853586216,-179.60685965379523,-129.20023917204327,-50.40662048175199,703040.8032199999,-0.1728170837470619
2025-02-09 00:00:00,1739059200000,2632.46,2698.9,2520.02,2627.18,387166.7911,2709.674285714286,3089.4284,3328.8282828282827,24.92524332159867,-185.9205662197392,-140.54430458158245,-45.37626163815671,664481.4037050001,-0.1463875856153256
2025-02-10 00:00:00,1739145600000,2627.18,2693.79,2559.85,2661.19,398173.2716,2678.43,3063.554,3330.8834343434346,28.118781956023497,-186.0354010936872,-149.6425238840034,-36.39287720968375,656954.7647200001,-0.1453836025562799
2025-02-11 00:00:00,1739232000000,2661.19,2725.04,2558.24,2602.59,484196.1435,2660.058571428571,3028.7124,3332.9478787878784,29.25142143462277,-188.6799537602424,-157.4500098592512,-31.229943900991174,663702.5344049999,-0.1985594585189951
2025-02-12 00:00:00,1739318400000,2602.59,2795.45,2546.92,2738.27,646295.8959,2652.918571428572,3005.9348000000005,3336.1369696969696,34.90803313860518,-177.77822204588847,-161.51565229657865,-16.26256974930982,665737.693075,-0.1704700710998821
2025-02-13 00:00:00,1739404800000,2738.27,2757.28,2612.76,2675.87,443769.2853,2651.38,2984.3648,3335.6723232323234,25.646423153624585,-172.18879438312206,-163.65028071388735,-8.538513669234703,665349.94358,-0.1416726008327078
2025-02-14 00:00:00,1739491200000,2675.87,2791.78,2664.46,2725.95,419895.7862,2666.215714285714,2962.0428,3333.9600000000005,25.42270015215497,-161.85236194781328,-163.29069696067253,1.4383350128592554,675916.780815,-0.0500857238437735
2025-02-15 00:00:00,1739577600000,2725.95,2739.0,2662.28,2693.04,202971.4295,2674.87,2936.6628,3331.2457575757576,29.17729466703294,-154.534845231286,-161.53952661479525,7.004681383509251,672457.07884,-0.0648841973679642
2025-02-16 00:00:00,1739664000000,2693.04,2727.31,2651.26,2661.41,191231.5314,2679.76,2913.4151999999995,3326.550808080809,37.03320922935165,-149.5638581145622,-159.14439291474866,9.580534800186456,644368.417765,-0.0255493026849102
2025-02-17 00:00:00,1739750400000,2661.41,2849.7,2637.71,2744.05,639739.8197,2691.597142857143,2889.6488,3322.1148484848486,42.24166485819696,-137.37241398476908,-154.78999712875276,17.417583143983677,658807.422885,-0.0158522370662601
2025-02-18 00:00:00,1739836800000,2744.05,2756.93,2605.44,2671.99,604863.8737,2701.5114285714285,2864.1248,3315.048181818182,46.29471997596573,-132.00359121658585,-150.2327159463194,18.22912472973354,668563.7536899999,-0.0054529077211684
2025-02-19 00:00:00,1739923200000,2672.0,2736.7,2656.03,2715.5,326154.0202,2698.258571428571,2839.994,3309.7118181818187,45.368071207548624,-122.8220509712396,-144.75058295130344,21.92853198006384,667339.480585,0.0356203043362191
2025-02-20 00:00:00,1740009600000,2715.51,2770.59,2707.18,2738.04,336735.2544,2707.14,2820.2112,3305.1752525252523,53.6389895786135,-112.43079236338964,-138.28662483372068,25.85583247033105,651742.1605,0.0401069721857121
2025-02-21 00:00:00,1740096000000,2738.04,2845.32,2616.72,2663.0,890440.0604,2698.1471428571426,2799.4336,3301.1770707070705,52.85319641711081,-108.99432715936656,-132.42816529884988,23.433838139483328,678560.900895,0.0136343912484109
2025-02-22 00:00:00,1740182400000,2663.0,2798.07,2653.33,2763.22,444989.6669,2708.172857142857,2786.8536,3297.8761616161614,58.105628564344144,-97.06508146209036,-125.355548531498,28.29046706940764,648270.08774,0.0383399907560151
2025-02-23 00:00:00,1740268800000,2763.23,2857.34,2745.41,2819.69,611002.1222,2730.784285714285,2775.0852,3294.712727272727,61.22127793515895,-82.10792222391547,-116.70602326998149,34.59810104606602,538421.2428,0.0834169039303154
2025-02-24 00:00:00,1740355200000,2819.7,2839.95,2470.33,2513.52,876876.3707,2697.8514285714286,2745.7304,3289.0311111111105,43.46564007256959,-93.87746501766514,-112.14031161951824,18.262846601853084,519285.34174000006,-0.0820773700182961
2025-02-25 00:00:00,1740441600000,2513.52,2533.49,2313.49,2495.7,1322016.8718,2672.6671428571426,2713.5188,3281.838181818181,45.09305250787296,-103.4503265795197,-110.40231461151852,6.951988031998823,551056.5331850001,-0.0673313726003131
2025-02-26 00:00:00,1740528000000,2495.69,2507.5,2253.77,2336.37,863087.2133,2618.505714285714,2682.272,3274.0495959595955,31.942272784457515,-122.48159616126212,-112.81817092146726,-9.663425239794876,558237.895995,-0.1429153139272546
2025-02-27 00:00:00,1740614400000,2336.38,2381.6,2230.57,2307.72,637583.9106,2557.031428571429,2659.7936,3266.3501010101013,32.941329107472185,-138.28180342717087,-117.910897422608,-20.370906004562883,555343.723465,-0.1430799393993406
2025-02-28 00:00:00,1740700800000,2307.72,2314.18,2076.26,2237.59,1291539.0557,2496.258571428571,2634.1012,3255.0549494949496,27.78404541815273,-154.679438140608,-125.264605566208,-29.414832574399995,600936.418705,-0.1592464144945723
2025-03-01 00:00:00,1740787200000,2237.59,2281.14,2142.73,2217.39,446430.7271,2418.282857142857,2613.5492,3243.838888888889,28.109093252087177,-167.37525521648467,-133.68673549626334,-33.688519720221336,603899.615505,-0.1919279896503344
2025-03-02 00:00:00,1740873600000,2217.4,2550.58,2172.04,2518.11,1266684.7748,2375.2000000000003,2602.7436,3234.992424242424,44.71412762818149,-151.4256503019551,-137.2345184574017,-14.19113184455341,647325.1906649999,-0.0575900358908527
2025-03-03 00:00:00,1740960000000,2518.12,2523.56,2097.91,2149.01,1109565.2003,2323.127142857142,2581.2384,3222.748080808081,31.880191965699552,-166.64774730280033,-143.11716422648144,-23.53058307631889,678593.643505,-0.2086135150064444
2025-03-04 00:00:00,1741046400000,2149.02,2221.88,1993.2,2171.51,1257822.3372,2276.8142857142857,2563.2148,3210.192727272728,34.285355438332104,-174.87990025442787,-149.46971143207074,-25.410188822357128,709169.9655699999,-0.206910782895794
2025-03-05 00:00:00,1741132800000,2171.5,2273.51,2155.03,2241.59,687130.7897,2263.2742857142857,2547.58,3199.251919191919,35.363842443034784,-173.74623205123635,-154.32501555590386,-19.421216495332487,721338.04079,-0.1582463387157341
2025-03-06 00:00:00,1741219200000,2241.59,2319.99,2176.9,2202.2,596908.3935,2248.2000000000003,2530.5808,3184.5945454545454,33.62166986587768,-174.02023864929197,-158.2640601745815,-15.75617847471048,730188.6711549999,-0.2030312461548483
2025-03-07 00:00:00,1741305600000,2202.21,2258.47,2101.82,2141.6,782387.2606,2234.4871428571428,2509.7971999999995,3170.077474747475,33.92110424453243,-177.08596759478496,-162.02844165862217,-15.05752593616279,759159.46271,-0.2404838829800439
2025-03-08 00:00:00,1741392000000,2141.6,2234.93,2105.06,2203.58,328793.0979,2232.514285714286,2493.8368,3156.050909090909,32.32499968417197,-172.52554477322246,-164.12786228154224,-8.397682491680229,766037.541035,-0.1233091441484451
2025-03-09 00:00:00,1741478400000,2203.57,2212.0,1989.66,2020.41,601671.5882,2161.4142857142856,2465.1224,3139.0489898989904,26.62705282365601,-181.5983127076306,-167.62195236675993,-13.976360340870684,764134.12946,-0.1904435629282365
2025-03-10 00:00:00,1741564800000,2020.43,2152.4,1810.01,1865.1,1248745.3514,2120.8557142857144,2432.6916,3120.437777777777,29.20371011815419,-199.02651194162445,-173.90286428173283,-25.123647659891617,796328.203345,-0.2017103455360238
2025-03-11 00:00:00,1741651200000,1865.11,1963.2,1754.28,1923.43,1171427.9995,2085.4157142857143,2400.5908,3103.064141414141,32.110860336732344,-205.7598701797492,-180.2742654613361,-25.4856047184131,838591.90231,-0.1665236683826459
2025-03-12 00:00:00,1741737600000,1923.42,1960.0,1829.72,1908.2,788739.6763,2037.788571428572,2369.1972,3085.828686868687,35.29019712929181,-209.90538025030585,-186.20048841913007,-23.70489183117576,861192.123405,-0.1472074866262362
2025-03-13 00:00:00,1741824000000,1908.2,1923.09,1821.81,1864.59,569537.2622,1989.558571428572,2337.3244,3065.897272727273,34.93113884449282,-214.2400632941858,-191.80840339414124,-22.431659900044565,845146.983495,-0.1591059759446916
2025-03-14 00:00:00,1741910400000,1864.59,1945.64,1861.31,1911.65,375805.7355,1956.7085714285715,2304.0284,3046.972525252525,38.73956663534355,-211.4406262112516,-195.7348479575633,-15.705778253688266,841687.7869249999,-0.240839359678489
2025-03-15 00:00:00,1741996800000,1911.64,1957.19,1903.75,1937.17,209545.8675,1918.65,2274.6356,3026.147272727273,40.35453669282667,-204.80197178774188,-197.54827272359904,-7.253699064142836,821614.97419,-0.0985756231939358
2025-03-16 00:00:00,1742083200000,1937.18,1940.87,1860.38,1887.0,324766.6564,1899.5914285714289,2241.4956,3004.8420202020206,23.74859614824676,-201.2689864498041,-198.29241546884003,-2.976570980964027,794009.4884749999,-0.1310194288766804
2025-03-17 00:00:00,1742169600000,1887.01,1952.4,1879.98,1926.31,334840.4877,1908.3357142857144,2209.0264,2983.8537373737377,37.23431087061197,-193.07147387506893,-197.24822715008585,4.1767532750168925,744650.66927,-0.1406501635000157
2025-03-18 00:00:00,1742256000000,1926.3,1936.2,1872.31,1931.54,332896.0155,1909.4942857142853,2179.768,2965.869292929293,35.966502532193346,-184.03146859429285,-194.60487543892725,10.573406844634404,718141.10938,-0.1229043683589137
2025-03-19 00:00:00,1742342400000,1931.54,2069.9,1927.58,2056.06,691809.5034,1930.6171428571429,2151.4816,2949.988585858586,39.79965472878616,-164.91839928776676,-188.6675802086952,23.74918092092838,720852.3890199999,-0.0399420993649607
2025-03-20 00:00:00,1742428800000,2056.05,2067.9,1952.17,1983.79,401518.9282,1947.645714285714,2118.0456,2931.321717171717,38.410926340588574,-153.82948858564214,-181.69996188408456,27.87047329844242,676351.382645,-0.0997422376314906
2025-03-21 00:00:00,1742515200000,1983.79,1996.73,1937.1,1965.75,262641.659,1955.3742857142856,2096.1348,2911.969595959596,40.22784106696305,-144.82764129952602,-174.32549776717286,29.49785646764684,667161.92924,-0.0270539147994713
2025-03-22 00:00:00,1742601600000,1965.74,2006.61,1964.34,1980.69,170782.9574,1961.5914285714284,2075.5344,2892.5139393939394,36.93049219547093,-134.932659621805,-166.4469301380993,31.51427051629432,612366.83837,0.06197522921023
2025-03-23 00:00:00,1742688000000,1980.68,2020.74,1976.81,2005.99,268707.5233,1978.59,2062.3192,2873.6826262626264,48.96235104484485,-123.62425335439592,-157.88239478135864,34.25814142696271,570323.9545199999,0.0429233192785805
2025-03-24 00:00:00,1742774400000,2005.99,2104.11,1977.67,2081.2,477912.8154,2000.717142857143,2053.2584,2854.7140404040406,67.57653642190192,-107.35590937446705,-147.77709769998032,40.42118832551327,531328.47843,0.0906613562519651
2025-03-25 00:00:00,1742860800000,2081.2,2097.7,2037.08,2066.15,328765.3292,2019.9471428571428,2046.4008,2835.319191919192,62.48731319777413,-94.58719646284815,-137.1391174525539,42.551920989705735,513410.205405,0.10809883137848
2025-03-26 00:00:00,1742947200000,2066.16,2079.21,1981.6,2009.52,428975.3286,2013.298571428572,2038.086,2816.294040404041,58.26616192931501,-88.02279521912578,-127.31585300586828,39.29305778674251,505013.5521600001,0.0511966102581538
2025-03-27 00:00:00,1743033600000,2009.52,2037.38,1987.06,2003.66,360634.8383,2016.137142857143,2017.508,2799.8986868686866,62.09073046895379,-82.3441014216894,-118.32150268903251,35.97740126734311,483925.931045,0.0343232653819747
2025-03-28 00:00:00,1743120000000,2003.67,2015.93,1860.0,1896.9,626167.5832,2006.3014285714287,2007.4236,2784.544040404041,48.83823506245963,-85.473055267895,-111.75181320480502,26.27875793691001,498794.65531,0.0052464228934818
2025-03-29 00:00:00,1743206400000,1896.9,1913.6,1797.2,1828.08,409769.7555,1984.5,1993.6864,2767.9366666666665,41.95631977112856,-92.44037745204014,-107.88952605425206,15.44914860221192,489199.563675,-0.0509938691072568
2025-03-30 00:00:00,1743292800000,1828.09,1849.01,1767.69,1807.74,327843.4476,1956.178571428572,1976.3324,2752.4702020202026,43.88690072191028,-98.4682181666608,-106.0052644767338,7.537046310073023,443154.468485,-0.0640939354090518
2025-03-31 00:00:00,1743379200000,1807.74,1854.22,1776.75,1822.43,497854.9052,1919.2114285714283,1961.1416,2737.728787878788,41.67174421960684,-100.89688860499132,-104.98358930238533,4.086700697393994,409475.81377,-0.1136299524332946
2025-04-01 00:00:00,1743465600000,1822.43,1927.9,1817.88,1904.98,452989.0974,1896.1871428571428,1951.6768,2722.4,48.105509429655626,-95.06468580191677,-102.9998086022916,7.935122800374842,392688.284825,-0.0397269872315113
2025-04-02 00:00:00,1743552000000,1904.98,1957.0,1781.53,1795.22,750840.7823,1865.5728571428567,1935.3424,2705.2488888888884,30.994433272128475,-98.16772137441512,-102.03339115671632,3.8656697823011967,401753.46083,-0.086750604095129
2025-04-03 00:00:00,1743638400000,1795.21,1845.26,1750.0,1817.23,508075.018,1838.94,1927.2152,2688.281515151515,36.90483678218756,-97.72437065344457,-101.17158705606197,3.4472164026174,408366.924955,-0.0825267962174798
2025-04-04 00:00:00,1743724800000,1817.23,1835.68,1758.72,1816.87,572734.4702,1827.5071428571428,1925.286,2672.9463636363635,37.96014750598433,-96.29206600706084,-100.19568284626176,3.9036168392009074,426526.35509,-0.0942776384727741
2025-04-05 00:00:00,1743811200000,1816.88,1827.29,1764.39,1806.01,201716.2696,1824.3542857142857,1920.5892,2657.5170707070706,35.77987626180396,-94.9388693068222,-99.14432013837384,4.205450831551644,420373.83575,-0.1322266000384393
2025-04-06 00:00:00,1743897600000,1806.02,1817.0,1537.5,1580.76,979847.0958,1791.928571428571,1907.4916,2639.100505050505,23.885033470490683,-110.76540899402175,-101.46853790950342,-9.29687108451833,452624.166155,-0.2349248602473199
2025-04-07 00:00:00,1743984000000,1580.77,1639.0,1411.01,1553.04,2168796.0067,1753.4442857142858,1895.0296,2620.88393939394,15.554483082461587,-124.11411776326328,-105.9976538802554,-18.116463883007867,544419.165715,-0.2271587244715156
2025-04-08 00:00:00,1744070400000,1553.04,1618.67,1441.3,1473.41,891846.1327,1691.7914285714287,1877.5,2601.808888888889,14.346037245560836,-139.51035263644962,-112.70019363149424,-26.81015900495538,554420.9971800001,-0.2646407075052653
2025-04-09 00:00:00,1744156800000,1473.41,1689.0,1385.05,1669.51,1968530.9138,1673.832857142857,1866.7936,2584.9576767676767,32.48653047769159,-134.3397634044852,-117.02810758609245,-17.311655818392765,632771.5964599999,-0.1198745321313723
2025-04-10 00:00:00,1744243200000,1669.51,1669.85,1471.02,1522.25,911855.3934,1631.6928571428568,1852.2036,2566.390707070707,28.35600794885397,-140.50503094748206,-121.72349225837038,-18.78153868911167,665232.28318,-0.1672957419806572
2025-04-11 00:00:00,1744329600000,1522.24,1591.47,1504.63,1566.85,578484.3183,1595.9757142857145,1837.8252,2547.311717171717,34.28258488499452,-140.17633707435994,-125.41406122156828,-14.762275852791646,685617.351225,-0.1332547822142565
2025-04-12 00:00:00,1744416000000,1566.85,1669.59,1546.06,1644.18,501867.9033,1572.857142857143,1826.3308,2527.464949494949,41.3128507454226,-132.15258732106645,-126.76176644146793,-5.390820879598522,697275.370225,-0.0978089693431297
2025-04-13 00:00:00,1744502400000,1644.19,1649.75,1562.01,1597.76,580136.6145,1575.2857142857142,1807.9988,2506.6657575757577,40.3193980858244,-128.06318124858785,-127.02204940289192,-1.0411318456959435,702386.5601799999,-0.1612720343520667
2025-04-14 00:00:00,1744588800000,1597.76,1691.5,1595.56,1623.77,645930.1419,1585.39,1793.5980000000002,2486.340303030303,40.935885970835685,-121.3249493542121,-125.88262939315597,4.557680038943857,718244.800815,-0.0955036151558026
2025-04-15 00:00:00,1744675200000,1623.78,1661.21,1583.12,1588.78,476178.8915,1601.8714285714284,1778.5192000000002,2465.141616161616,34.91843937804063,-117.4543124072884,-124.19696599598244,6.742653588694054,720604.97896,-0.1257133109182657
2025-04-16 00:00:00,1744761600000,1588.77,1613.66,1538.07,1577.14,611387.8686,1588.6757142857143,1762.3772,2446.9176767676768,38.52427961017913,-114.0117984185897,-122.15993248050393,8.148134061914206,733142.630475,-0.1319466995437207
2025-04-17 00:00:00,1744848000000,1577.15,1616.96,1563.2,1583.62,449870.3628,1597.4428571428568,1745.4824,2429.304848484848,37.50280853795538,-109.49846924318648,-119.62763983304043,10.129170589853942,724327.7694550001,-0.1231388530517549
2025-04-18 00:00:00,1744934400000,1583.63,1600.64,1573.54,1588.6,200409.0359,1600.55,1725.7784,2412.8341414141414,37.84854195279312,-104.31727437079736,-116.56556674059182,12.24829236979447,713859.733475,0.0049596396669955
2025-04-19 00:00:00,1745020800000,1588.6,1631.81,1585.01,1613.27,223096.3899,1596.134285714286,1707.6632,2396.129393939394,39.88857178830738,-97.10115560330382,-112.6726845131342,15.571528909830391,708622.38059,0.0387820017514037
2025-04-20 00:00:00,1745107200000,1613.26,1619.19,1565.59,1587.36,276052.2306,1594.6485714285714,1690.7768,2379.0034343434345,50.43781675378777,-92.4078300093613,-108.61971361237964,16.211883603018336,697532.2468600001,0.077337604604285
2025-04-21 00:00:00,1745193600000,1587.36,1658.75,1564.07,1579.57,691486.6667,1588.3342857142857,1673.8132,2361.9556565656567,51.80768863874845,-88.29906688009714,-104.55558426592314,16.256517385826,709457.125325,-0.0538720942072824
2025-04-22 00:00:00,1745280000000,1579.57,1778.0,1537.26,1756.26,1103036.9586,1612.26,1668.1876000000002,2348.0036363636364,67.02131500716116,-69.97876452092873,-97.64022031692429,27.661455795995536,727066.93414,0.1537263918541631
2025-04-23 00:00:00,1745366400000,1756.25,1834.86,1744.95,1795.07,887545.6316,1643.392857142857,1666.8672,2333.553535353535,59.3203479913299,-51.731818062652565,-88.45853986606993,36.72672180341736,746040.46482,0.1456552956568912
2025-04-24 00:00:00,1745452800000,1795.08,1802.82,1722.9,1769.65,483465.0385,1669.9685714285715,1665.3436000000002,2316.5649494949494,72.41998042556278,-38.874047269842094,-78.54164134682436,39.66759407698227,741576.9932350001,0.0763115960539599
2025-04-25 00:00:00,1745539200000,1769.64,1827.32,1738.6,1784.6,595610.8894,1697.9685714285713,1663.8304,2301.176565656566,70.8536842306882,-27.1646935459039,-68.26625178664027,41.10155824073637,761271.724225,0.1169387141998798
2025-04-26 00:00:00,1745625600000,1784.6,1841.16,1778.94,1820.88,355068.0442,1727.6271428571429,1660.4663999999998,2284.482121212121,68.36645601197407,-14.78699825169724,-57.57040107965167,42.783402827954426,730032.771645,0.1213903446916744
2025-04-27 00:00:00,1745712000000,1820.87,1857.47,1781.9,1791.29,340332.6435,1756.76,1660.3092,2269.1647474747474,70.84509166110166,-7.281316773310664,-47.51258421838347,40.23126744507281,638609.603485,0.1274625813517289
2025-04-28 00:00:00,1745798400000,1791.29,1827.98,1744.71,1799.88,587269.743,1788.2328571428573,1659.6152,2254.869393939394,69.70836410841784,-0.6325769623433644,-38.136582767175454,37.50400580483209,623380.784,0.141230328315812
2025-04-29 00:00:00,1745884800000,1799.88,1842.99,1780.47,1797.81,480456.3884,1794.1685714285716,1658.8528,2239.8573737373736,75.25309879913982,4.41863031932462,-29.62554014987544,34.04417046920006,548977.05773,0.1352534067516198
2025-04-30 00:00:00,1745971200000,1797.81,1816.8,1731.7,1793.61,473523.9877,1793.9600000000005,1658.3568000000002,2224.363131313132,76.63066210663578,7.990731405311635,-22.10228583883803,30.093017244149664,527060.487445,0.129050736497545
2025-05-01 00:00:00,1746057600000,1793.62,1873.17,1792.52,1838.11,537198.7291,1803.74,1668.6508,2210.1763636363635,78.62976712791087,14.248181186010015,-14.83219243386842,29.08037361987844,524996.207985,0.1393691074649623
2025-05-02 00:00:00,1746144000000,1838.1,1871.0,1813.0,1842.2,410667.875,1811.9685714285715,1680.2172,2195.065151515152,78.58688790693478,19.314636926602816,-8.002826561774175,27.31746348837699,520436.20657,0.1605432920068543
2025-05-03 00:00:00,1746230400000,1842.2,1848.6,1810.0,1833.52,213751.5979,1813.7742857142853,1694.6215999999995,2180.150303030303,75.75601655869211,22.37155083246216,-1.9279510829269075,24.29950191538907,502116.95574,0.1607716023981209
2025-05-04 00:00:00,1746316800000,1833.52,1849.95,1803.0,1808.86,238254.3564,1816.284285714286,1700.1956,2164.898686868687,75.97813848752108,22.544442914460205,2.966527716550515,19.57791519790969,481733.166465,0.029950007402093
2025-05-05 00:00:00,1746403200000,1808.86,1833.55,1781.85,1820.19,342341.0078,1819.185714285714,1712.1132,2150.6318181818183,77.98818219885541,23.326800609308293,7.038582295102071,16.288218314206222,475041.27228,0.0139938832468928
2025-05-06 00:00:00,1746489600000,1820.19,1820.9,1752.0,1817.0,384584.2451,1821.9271428571428,1722.1192,2136.839494949495,61.84662193789979,23.41945349718867,10.314756535519392,13.104696961669278,463701.091105,0.026756703302913
2025-05-07 00:00:00,1746576000000,1817.0,1850.0,1787.01,1811.11,456170.0705,1824.4271428571428,1728.7964000000002,2124.0454545454545,53.5893304690297,22.755298882312218,12.802865004877958,9.95243387743426,464016.07649,0.0148548694385295
2025-05-08 00:00:00,1746662400000,1811.11,2226.0,1808.71,2207.39,1473152.686,1877.1814285714288,1753.1816,2114.888787878788,86.82820124516229,53.587709951770194,20.959833994256407,32.62787595751379,527653.258995,0.2122654980009664
2025-05-09 00:00:00,1746748800000,2207.39,2490.77,2184.33,2345.04,1667041.0382,1949.0157142857145,1782.0323999999998,2105.774141414141,89.08228730822866,88.11409799819126,34.39068679504338,53.72341120314788,599850.49141,0.3091347576327674
2025-05-10 00:00:00,1746835200000,2345.04,2600.0,2317.0,2583.23,979350.1606,2056.117142857143,1821.8104,2098.5240404040405,91.4812114352874,133.16144933942496,54.144839303919696,79.01661003550527,635015.3879099999,0.4352234593417339
2025-05-11 00:00:00,1746921600000,2583.22,2608.13,2435.51,2514.57,831584.3888,2156.932857142857,1859.3076,2092.4334343434343,87.75026618509779,161.46029783367453,75.60793100987067,85.85236682380386,642020.274015,0.3986850668313115
2025-05-12 00:00:00,1747008000000,2514.58,2624.0,2406.63,2495.47,1068680.9433,2253.4014285714284,1895.7816,2088.6535353535355,85.9110574192815,180.2681102114064,96.5399668501778,83.72814336122853,640302.47325,0.3913113776127475
2025-05-13 00:00:00,1747094400000,2495.48,2738.5,2415.3,2679.71,1031355.6465,2376.6457142857143,1939.426,2086.631414141414,88.3214850607477,207.64644628841663,118.76126273782558,88.88518355059108,647492.9739949999,0.4578616078471909
2025-05-14 00:00:00,1747180800000,2679.71,2725.99,2547.26,2609.74,830047.1122,2490.735714285714,1979.2848,2085.4046464646462,83.54611444966002,221.1487159067192,139.2387533716043,81.90996253511489,664822.07768,0.4166431440668763
2025-05-15 00:00:00,1747267200000,2609.75,2647.03,2476.03,2548.69,768954.0332,2539.492857142857,2017.738,2082.9848484848485,78.81555256370743,224.33711841784816,156.25842638085308,68.07869203699508,673489.23487,0.3900530127841528
2025-05-16 00:00:00,1747353600000,2548.7,2649.31,2529.4,2537.12,605953.6919,2566.932857142857,2056.04,2081.474545454545,78.01057672153875,223.3556432522905,169.6778697551406,53.67777349714993,686033.5172550001,0.4026071669449267
2025-05-17 00:00:00,1747440000000,2537.13,2538.16,2446.42,2475.08,494333.2782,2551.4828571428566,2084.7928,2079.9894949494947,74.7932479015628,215.09225794306624,178.7607473927257,36.33151055034051,693733.54899,0.3597921096149301
2025-05-18 00:00:00,1747526400000,2475.09,2587.61,2323.21,2497.78,810103.1851,2549.0842857142857,2112.9012,2078.629090909091,76.66387998699548,207.97772805187287,184.6041435245552,23.37358452731772,704875.221095,0.374672537149147
2025-05-19 00:00:00,1747612800000,2497.78,2547.36,2348.38,2528.14,861747.523,2553.7514285714287,2143.2408,2077.628686868687,77.00264705657986,202.4554299541928,188.1744008104827,14.281029143710128,723939.777825,0.3959063778566736
2025-05-20 00:00:00,1747699200000,2528.14,2588.63,2442.4,2524.19,676989.1747,2531.534285714285,2172.8244,2076.2448484848483,76.95802996226126,195.50655902348444,189.64083245308308,5.865726570401364,734113.037175,0.1435179102922457
2025-05-21 00:00:00,1747785600000,2524.19,2615.95,2452.2,2550.99,1095890.2902,2523.141428571428,2202.0288,2075.7236363636366,77.76160172900282,189.9721836900403,189.7071027004745,0.2650809895657744,762047.61523,0.087823661856514
2025-05-22 00:00:00,1747872000000,2551.0,2692.99,2544.83,2664.82,852555.6669,2539.7314285714288,2236.97,2074.9817171717173,71.78009922769996,192.55166530982024,190.2760152223437,2.2756500874765493,784142.004825,0.031584489186019
2025-05-23 00:00:00,1747958400000,2664.83,2734.23,2498.3,2526.5,971442.4532,2538.214285714286,2266.0348,2073.472929292929,58.63453815261043,181.344231646573,188.4896585071896,-7.145426860616567,822026.54759,0.0047443499286159
2025-05-24 00:00:00,1748044800000,2526.49,2575.85,2515.08,2530.4,257544.2344,2546.117142857143,2295.3384,2071.497676767677,46.76481034672808,170.80798895717317,184.9533245971863,-14.145335640013144,822991.04149,0.0139973632221586
2025-05-25 00:00:00,1748131200000,2530.41,2554.26,2463.0,2551.22,359890.0299,2553.7514285714283,2325.6428,2070.065151515152,52.38404995771806,162.2674228733731,180.4161442524237,-18.148721379050585,823868.492595,-0.0479492183855716
2025-05-26 00:00:00,1748217600000,2551.22,2599.0,2525.86,2563.7,362971.1182,2558.8314285714287,2354.6664,2069.0781818181817,54.4768578664882,154.7224503248308,175.27740546690512,-20.55495514207433,822787.8362499999,-0.0176416041444741
2025-05-27 00:00:00,1748304000000,2563.7,2712.36,2509.46,2660.81,798430.8862,2578.348571428571,2387.4108,2068.2373737373737,48.59979256186101,154.7945949056043,171.18084335464496,-16.386248449040664,839900.877035,0.0439912268655662
2025-05-28 00:00:00,1748390400000,2660.81,2689.14,2608.5,2681.6,560095.6833,2597.0071428571428,2421.334,2068.334444444444,55.7421850028767,154.74553900842648,167.8937824854013,-13.148243476974812,794248.0268999999,0.0569464589771078
2025-05-29 00:00:00,1748476800000,2681.61,2788.0,2619.05,2631.39,811567.2545,2592.2314285714283,2454.2352,2067.4848484848485,56.72488940931562,148.9382668495723,164.1026793582355,-15.16441250866319,751474.3377149999,0.0631535142298431
2025-05-30 00:00:00,1748563200000,2631.39,2649.23,2507.35,2531.34,763045.2564,2592.922857142857,2482.6812,2065.39696969697,49.5891151046406,134.7099109775404,158.22412568209648,-23.51421470455608,740659.092505,0.0134359311068228
2025-05-31 00:00:00,1748649600000,2531.35,2550.34,2475.33,2528.06,394537.2521,2592.5885714285714,2511.1236,2064.03393939394,54.10952528699969,121.7655306108195,150.9324066678411,-29.1668760570216,718806.73567,-3.164381719367171e-05
2025-06-01 00:00:00,1748736000000,2528.06,2547.79,2468.56,2539.21,332021.7088,2590.8728571428574,2540.2476,2061.771212121212,53.27225337651053,111.12573937637126,142.97107320954714,-31.84533383317589,681973.773945,0.005950423700276
2025-06-02 00:00:00,1748822400000,2539.2,2615.0,2475.0,2607.41,468889.9737,2597.117142857143,2556.2484,2059.62696969697,55.90782393536944,106.96378625107492,135.7696158178527,-28.80582956677779,653850.4903050001,0.0221169036334913
2025-06-03 00:00:00,1748908800000,2607.42,2655.38,2575.0,2593.36,454383.0439,2587.4814285714283,2566.1812,2060.4334343434343,55.07863551594004,101.3632385175688,128.88834035779593,-27.525101840227137,635067.28689,-0.026816070128564
2025-06-04 00:00:00,1748995200000,2593.35,2679.88,2583.5,2607.68,502494.8214,2576.921428571429,2567.1592,2061.5645454545456,54.24002632720528,96.96254455521968,122.50318119728068,-25.540636642061017,621744.3263000001,0.0321314070848999
2025-06-05 00:00:00,1749081600000,2607.68,2640.86,2391.66,2414.01,808938.0344,2545.867142857143,2563.1368,2062.348787878788,33.24246676020576,76.96026245303528,113.3945974484316,-36.43433499539633,631893.543425,-0.0459966803667404
2025-06-06 00:00:00,1749168000000,2414.02,2531.36,2381.49,2476.1,578843.4974,2537.9757142857147,2562.362,2064.049595959596,46.25066952329939,65.36496721681624,103.78867140210852,-38.42370418529229,636119.054385,-0.0294447362438362
2025-06-07 00:00:00,1749254400000,2476.1,2544.36,2457.0,2524.63,264787.6743,2537.485714285714,2556.1588,2066.9489898989896,49.59748866410882,59.406773317022726,94.91229178509138,-35.50551846806866,608853.278845,-0.015239692631743
2025-06-08 00:00:00,1749340800000,2524.64,2548.63,2490.58,2509.83,266474.7139,2533.288571428572,2552.1624,2069.902929292929,47.08820508491269,52.88104563693378,86.50604255545987,-33.624996918526094,579089.63839,-0.0567421198807881
2025-06-09 00:00:00,1749427200000,2509.84,2693.99,2477.73,2680.13,568726.3025,2543.677142857144,2557.42,2071.539494949495,56.7025502273905,60.75084821649944,81.35500368766779,-20.604155471168355,573676.4947800001,-0.0005481801909307
2025-06-10 00:00:00,1749513600000,2680.13,2827.0,2655.61,2816.4,1138405.4775,2575.54,2568.5912,2078.280808080808,58.57046854171488,77.09487191027392,80.50297733218902,-3.408105421915096,575802.2541449999,0.0703088481752991
2025-06-11 00:00:00,1749600000000,2816.41,2879.22,2743.75,2771.61,850210.9324,2598.958571428572,2580.4524,2084.3424242424244,54.8303656717219,85.44845318704529,81.49207250316029,3.956380683885001,575685.01742,0.0949181066154685
2025-06-12 00:00:00,1749686400000,2771.6,2784.83,2616.24,2642.65,699593.3757,2631.621428571429,2586.2472,2088.393535353536,50.557171981077936,80.73210286899393,81.34007857632703,-0.6079757073330967,562092.563545,0.0453272469798977
2025-06-13 00:00:00,1749772800000,2642.66,2645.45,2436.98,2579.19,1202176.2972,2646.348571428572,2588.2892,2092.201515151515,52.456693398502864,71.05459646175768,79.28298215341316,-8.228385691655475,609324.166685,0.0157450545642148
2025-06-14 00:00:00,1749859200000,2579.19,2579.43,2488.72,2530.76,331438.9278,2647.224285714285,2588.552,2096.1324242424243,50.1324802260996,58.799403732876726,75.18626646930588,-16.38686273642915,607901.61158,-0.0293969878154949
2025-06-15 00:00:00,1749945600000,2530.77,2559.51,2492.0,2547.61,299701.6624,2652.621428571428,2588.4168,2099.6074747474745,50.40986806151924,49.87183787711092,70.12338075086689,-20.25154287375597,604738.13879,-0.0176412067742234
2025-06-16 00:00:00,1750032000000,2547.62,2680.34,2514.85,2544.17,680429.988,2633.1985714285715,2583.5908,2104.89797979798,46.706112754698125,42.03455023652987,64.50561464799948,-22.47106441146961,598838.09388,-0.0243549822064056
2025-06-17 00:00:00,1750118400000,2544.17,2618.6,2453.8,2509.95,715930.4081,2589.42,2582.9288,2111.411616161616,45.74495220021832,32.685398378678656,58.14157139413532,-25.456173015456663,606629.83012,0.0397430002361214
2025-06-18 00:00:00,1750204800000,2509.95,2548.42,2465.78,2525.0,504532.1818,2554.19,2582.7128,2117.4880808080807,45.78533123993231,26.188650930177573,51.75098730134377,-25.5623363711662,591278.076485,0.0197487985137918
2025-06-19 00:00:00,1750291200000,2525.0,2546.91,2485.03,2521.12,252646.059,2536.828571428571,2581.5088,2123.679191919192,56.7699445055431,20.49064479895651,45.49891880086632,-25.00827400190981,565758.116615,-0.0013903027374309
2025-06-20 00:00:00,1750377600000,2521.13,2569.0,2367.36,2406.49,632027.8235,2512.157142857143,2575.2204,2129.152929292929,45.87427839878616,6.648609855134055,37.728857011719874,-31.08024715658582,577632.645185,-0.0411741034253316
2025-06-21 00:00:00,1750464000000,2406.49,2448.8,2216.0,2295.73,496783.864,2478.5814285714287,2560.6172,2133.0325252525254,37.36531837852159,-13.107612506608804,27.56156310805414,-40.66917561466295,585870.752945,-0.1434258785954413
2025-06-22 00:00:00,1750550400000,2295.72,2314.48,2111.89,2227.7,840155.8295,2432.88,2542.4612,2135.967171717172,35.29148028819587,-33.86365438539133,15.276519609365046,-49.14017399475637,604434.0457349999,-0.2090257065757705
2025-06-23 00:00:00,1750636800000,2227.7,2438.68,2188.0,2411.66,744583.8003,2413.95,2533.672,2141.266767676768,36.20017887800314,-35.0647281720685,5.208270053078337,-40.27299822514684,618944.083555,-0.1298703641565733
2025-06-24 00:00:00,1750723200000,2411.66,2482.04,2376.11,2448.45,516760.6621,2405.1642857142856,2530.3564,2146.5409090909093,28.932150014314345,-32.67132754143631,-2.3676494658245923,-30.30367807561172,619657.37559,-0.0734868408604999
2025-06-25 00:00:00,1750809600000,2448.46,2468.69,2389.69,2418.49,414894.7387,2389.9485714285715,2525.9736000000003,2151.459595959596,29.43197968360475,-32.813804796166096,-8.456880531892894,-24.356924264273204,599955.210805,-0.0623063830117208
2025-06-26 00:00:00,1750896000000,2418.5,2520.92,2394.32,2415.96,463704.0261,2374.925714285714,2521.0436,2155.0949494949496,34.51549884561264,-32.75330914336291,-13.316166254186898,-19.437142889176016,594198.2372399999,-0.04536186758128
2025-06-27 00:00:00,1750982400000,2415.96,2463.54,2382.53,2423.17,381474.766,2377.308571428571,2513.674,2159.5331313131314,38.45561902506883,-31.75749848497435,-17.00443270034439,-14.75306578462996,600032.591825,-0.0488457809476332
2025-06-28 00:00:00,1751068800000,2423.17,2447.8,2405.81,2435.62,155814.9859,2397.292857142857,2507.3644,2164.2792929292928,42.5643991496811,-29.622233741394663,-19.527992908554445,-10.09424083284022,594499.605425,-0.0426661740371123
2025-06-29 00:00:00,1751155200000,2435.62,2525.0,2412.0,2500.09,284291.8057,2436.2057142857143,2503.0608,2169.5257575757573,46.54339666559982,-22.46882422729186,-20.116159172301927,-2.3526650549899344,580277.8805849999,-0.0039283651068745
2025-06-30 00:00:00,1751241600000,2500.09,2524.3,2431.0,2485.47,440455.714,2446.75,2505.9192,2174.36898989899,45.798499770957385,-17.774513933025446,-19.64783012444663,1.8733161914211856,545380.3924100001,-0.0156554455445545
2025-07-01 00:00:00,1751328000000,2485.47,2500.8,2386.52,2405.01,351951.0868,2440.5442857142857,2503.0756,2177.639797979798,42.95515574650916,-20.312538472468987,-19.780771794051105,-0.5317666784178812,520467.4001300001,-0.0460549279685218
2025-07-02 00:00:00,1751414400000,2405.01,2619.28,2373.0,2570.41,634967.0337,2462.247142857143,2504.9068,2182.7333333333336,52.536446405630336,-8.875235322774188,-17.599664499795722,8.724429177021534,517236.08303,0.0681158035146625
2025-07-03 00:00:00,1751500800000,2570.41,2635.5,2556.12,2591.25,504943.6592,2487.288571428572,2508.1636,2188.609393939394,53.844382804705575,1.8492071486139137,-13.709890170113797,15.559097318727709,482374.45113000006,0.1287259390259307
2025-07-04 00:00:00,1751587200000,2591.26,2603.17,2474.24,2508.04,452593.02,2499.412857142857,2501.28,2193.7041414141413,55.76536579273071,3.5926397726511823,-10.2493841815608,13.842023954211983,488432.15574,0.1258427975041522
2025-07-05 00:00:00,1751673600000,2508.04,2529.81,2487.95,2516.41,157198.0958,2510.9542857142856,2489.2804,2199.961818181818,64.17705255043042,5.585327557607798,-7.082441833727081,12.66776939133488,481306.97741,0.0434348125357637
2025-07-06 00:00:00,1751760000000,2516.42,2605.0,2503.5,2570.35,277593.6319,2520.9914285714285,2481.23,2207.459494949495,72.4185760458513,11.38580570755812,-3.3887923254700416,14.774598033028164,461165.15960500005,0.0497865996855153
2025-07-07 00:00:00,1751846400000,2570.35,2590.57,2512.0,2542.29,315707.5272,2529.1085714285714,2477.2156,2214.879191919192,60.73712416366656,13.562182540624235,0.0014026477488138,13.560779892875422,441154.0155599999,0.0511889650153609
2025-07-08 00:00:00,1751932800000,2542.3,2628.21,2523.59,2615.25,370915.7321,2559.1428571428573,2478.6580000000004,2222.8874747474747,62.94066534260181,20.932937238432714,4.187709565885594,16.74522767254712,434473.193075,0.0824889484925246
2025-07-09 00:00:00,1752019200000,2615.25,2795.74,2589.78,2768.74,686119.3772,2587.4757142857147,2488.1772,2231.612323232323,72.80243746826216,38.71340958300107,11.09284956930869,27.620560013692376,456146.858985,0.142610712413904
2025-07-10 00:00:00,1752105600000,2768.74,3000.0,2755.5,2951.29,951896.07,2638.91,2504.3244,2243.289797979798,78.2338111663133,66.76519378933835,22.227318413314627,44.53787537602373,472140.2713099999,0.2117202190817944
2025-07-11 00:00:00,1752192000000,2951.29,3040.15,2913.75,2958.22,906839.1689,2703.2214285714285,2520.8864000000003,2254.8149494949494,78.22738063835399,88.53505100183247,35.4888649310182,53.04618607081427,492643.036555,0.183245403165486
2025-07-12 00:00:00,1752278400000,2958.21,2979.78,2903.85,2943.28,348884.8877,2764.202857142857,2538.2196,2266.192828282828,76.71219902340465,103.39046561558872,49.06918506793231,54.3212805476564,468079.489465,0.1841945386586845
2025-07-13 00:00:00,1752364800000,2943.29,3020.31,2936.49,2972.03,357333.5016,2821.5857142857144,2556.1008,2277.970808080808,75.80260683199933,116.14453158801234,62.484254371948325,53.66027721606402,448716.97453000006,0.2357661714504304
2025-07-14 00:00:00,1752451200000,2972.03,3083.0,2962.81,3013.62,815552.6496,2888.918571428572,2575.8008,2292.444141414141,78.04862505177968,128.13116981041776,75.6136374596422,52.517532350775554,463656.573905,0.1724277449900988
2025-07-15 00:00:00,1752537600000,3013.61,3144.14,2932.46,3137.89,863583.7377,2963.5814285714287,2605.0568,2308.452727272727,87.19070333908456,145.97550266488997,89.68601050069176,56.28949216419821,486091.023855,0.2109561022672454
2025-07-16 00:00:00,1752624000000,3137.9,3425.0,3101.0,3371.35,1135950.5831,3049.668571428572,2648.0815999999995,2327.623838383838,88.01834130781502,176.91615658033243,107.1320397166199,69.78411686371253,519703.351705,0.3442169981340011
2025-07-17 00:00:00,1752710400000,3371.35,3523.44,3310.77,3476.87,974065.8264,3124.7514285714287,2698.0484,2345.88,88.9098801448104,207.5588209690086,127.21739596709764,80.34142500191095,549332.904725,0.3816786612674405
2025-07-18 00:00:00,1752796800000,3476.88,3673.84,3458.68,3546.92,1163823.3977,3208.8514285714286,2743.4588,2366.331212121212,96.17737003058107,234.7892979576413,148.7317763652064,86.05752159243494,599733.325315,0.379936584511837
2025-07-19 00:00:00,1752883200000,3546.92,3608.3,3506.79,3592.01,381791.9213,3301.527142857143,2789.2012,2386.787373737374,96.29820936639122,257.0449788124656,170.39441685465826,86.65056195780735,604608.331095,0.4129033273151372
2025-07-20 00:00:00,1752969600000,3592.0,3824.56,3579.13,3756.69,852356.5533,3413.621428571428,2842.7292,2408.1258585858586,96.62040020749174,284.689344396018,193.25340236293025,91.43594203308776,625203.37306,0.4364554057929453
2025-07-21 00:00:00,1753056000000,3756.69,3860.0,3701.01,3762.33,812074.0534,3520.5800000000004,2896.5840000000003,2429.990202020202,98.80472350230418,303.5536268971373,215.31344726977164,88.24017962736565,648209.5213900001,0.3588599868532258
2025-07-22 00:00:00,1753142400000,3762.32,3798.65,3616.54,3746.21,870127.3864,3607.4828571428575,2949.5056,2451.42898989899,97.3966540382875,313.58810889206416,234.96837959423016,78.619729297834,659967.5390250001,0.2693466246963192
2025-07-23 00:00:00,1753228800000,3746.21,3764.2,3527.0,3628.29,800259.4025,3644.1885714285713,2997.2124,2472.030101010101,87.12926886160814,308.469505225502,249.66860472048447,58.80090050501741,674733.32619,0.2265112128239279
2025-07-24 00:00:00,1753315200000,3628.29,3771.0,3502.85,3706.94,749459.495,3677.055714285714,3045.4864,2493.543232323232,85.86004308994792,307.2179552847415,261.17847483333594,46.03948045140555,689576.64994,0.2594588350411784
2025-07-25 00:00:00,1753401600000,3706.95,3747.0,3573.76,3724.96,764606.7261,3702.49,3095.066,2515.172929292929,86.00732600732604,304.1738297723541,269.7775458211396,34.396283951214514,719947.081455,0.2533386271336426
2025-07-26 00:00:00,1753488000000,3724.97,3793.0,3697.66,3741.1,407259.7024,3723.788571428572,3148.5096000000003,2536.915353535353,87.42471151139881,299.60998408860496,275.74403347463266,23.865950613972306,726430.38498,0.2413973891864269
2025-07-27 00:00:00,1753574400000,3741.11,3879.82,3731.0,3872.1,457352.4605,3740.2757142857145,3200.5772,2559.731818181818,88.52544621837949,303.07010517297704,281.20924781430153,21.860857358675503,733512.631645,0.2339820707545516
2025-07-28 00:00:00,1753660800000,3872.11,3941.0,3754.0,3799.0,620994.7463,3745.5142857142855,3248.8872,2582.071616161616,82.73344114165681,296.49589684679586,284.26657762080043,12.229319225995424,746016.582355,0.1268482951933203
2025-07-29 00:00:00,1753747200000,3799.0,3886.44,3716.04,3793.79,584210.4393,3752.3114285714287,3300.3171999999995,2604.437474747475,80.34888025171202,287.550680672759,284.9233982311921,2.62728244156682,740921.1354599999,0.0911509489857256
2025-07-30 00:00:00,1753833600000,3793.79,3834.03,3677.65,3810.0,525424.9003,3778.27,3352.0608,2625.182323232324,75.40394973070019,278.55849500167324,283.6504175852884,-5.091922583615144,719597.5769750001,0.0741713937726251
2025-07-31 00:00:00,1753920000000,3810.0,3878.67,3684.33,3698.39,516088.4503,3777.048571428571,3397.1824,2644.407777777778,62.73923444976076,259.43551768100315,278.80743760443136,-19.37191992342821,700060.041045,0.0296157304684563
2025-08-01 00:00:00,1754006400000,3698.39,3724.02,3431.75,3488.2,783869.1517,3743.225714285714,3435.0188,2661.7668686868687,47.091859981378384,224.7293044789853,267.9918109793422,-43.26250650035684,721809.2542450001,-0.0714698311545536
2025-08-02 00:00:00,1754092800000,3488.21,3537.69,3368.29,3393.94,494195.7094,3693.631428571429,3466.1664,2678.0228282828284,40.646044864226674,187.4574929448795,251.8849473724497,-64.42745442757015,728652.364635,-0.0979153875391046
2025-08-03 00:00:00,1754179200000,3393.94,3521.79,3354.28,3496.74,296347.6758,3640.008571428571,3495.2864,2694.950707070707,36.961690089981616,164.32023327633715,234.3720045532272,-70.05177127689001,702692.115945,-0.0665926362910782
2025-08-04 00:00:00,1754265600000,3496.75,3736.73,3490.73,3720.99,463349.9861,3628.864285714285,3526.0744,2714.442626262626,48.29943725935432,162.20904426791913,219.9394124961656,-57.73036822824645,682680.4283649999,0.0255492256682898
2025-08-05 00:00:00,1754352000000,3720.99,3722.24,3546.0,3612.0,489070.9589,3602.8942857142856,3552.2256,2732.7468686868688,44.871020751328,150.0120837141112,205.9539467397547,-55.9418630256435,650336.4471550001,-0.0256114207405568
2025-08-06 00:00:00,1754438400000,3612.01,3698.6,3564.19,3683.31,365309.9205,3584.7957142857144,3581.8268,2751.792323232324,52.18032241190737,144.4350680811949,193.6501710080428,-49.21510292684786,619898.65186,-0.0111813281216442
2025-08-07 00:00:00,1754524800000,3683.31,3927.77,3647.63,3910.31,631678.9872,3615.07,3619.358,2773.173131313132,57.21124183562751,156.5278898151646,186.2257147694672,-29.69782495430257,593291.431335,0.0452300125631499
2025-08-08 00:00:00,1754611200000,3910.3,4071.0,3880.0,4009.5,723300.0109,3689.541428571428,3659.1932,2795.106363636364,59.54025454984376,172.13112177408448,183.40679617039063,-11.275674396306158,610366.835815,0.0354846207484311
2025-08-09 00:00:00,1754697600000,4009.51,4326.2,4006.63,4260.62,691932.1048,3813.3528571428574,3704.1024,2819.534848484848,65.04773380294745,202.4266326048724,187.210763457287,15.215869147585352,602345.61339,0.1215109239273493
2025-08-10 00:00:00,1754784000000,4260.63,4332.6,4153.07,4250.57,494843.8105,3921.0428571428574,3739.2712,2843.949494949495,61.78821272168892,223.05386607509263,194.37938398084813,28.674482094244496,586484.1012449999,0.120402025415218
2025-08-11 00:00:00,1754870400000,4250.58,4366.46,4166.77,4223.22,722664.04,3992.79,3769.1252,2868.3369696969703,63.60080536568477,234.4911131976287,202.40172982420427,32.089383373424425,579110.933925,0.1084566929133858
2025-08-12 00:00:00,1754956800000,4223.22,4639.7,4219.04,4590.52,885288.0652,4132.578571428571,3810.8692,2896.320101010101,70.73057768665146,270.0799408497851,215.93737202932044,54.142568820464646,583362.36706,0.2412211800269847
2025-08-13 00:00:00,1755043200000,4590.52,4783.85,4564.33,4749.3,925931.4988,4284.862857142857,3857.1608,2925.939292929293,72.75215579885672,307.5513022199957,234.2601580674555,73.2911441525402,592185.96725,0.3615331689696692
2025-08-14 00:00:00,1755129600000,4749.31,4788.0,4451.33,4546.84,1265449.0453,4375.795714285714,3888.7668,2953.572929292929,69.68515811698106,317.2536930118131,250.85886505632703,66.39482795548605,617228.08321,0.3396936893404125
2025-08-15 00:00:00,1755216000000,4546.84,4672.67,4368.0,4439.47,880409.2591,4437.22,3915.8524,2976.1191919191924,73.17649581187297,312.67472633290254,263.2220373116421,49.452689021260426,640885.5610450001,0.2696025440839182
2025-08-16 00:00:00,1755302400000,4439.47,4490.42,4372.54,4421.99,358676.5884,4460.272857142857,3942.8836,2997.098484848485,76.02065352198233,304.1295561276838,271.40354107485047,32.72601505283336,635951.76744,0.1883907239739961
2025-08-17 00:00:00,1755388800000,4422.0,4576.0,4393.98,4472.33,442461.3829,4491.952857142857,3976.6452,3016.180303030302,75.36648656519274,297.9844848144471,276.7197298227698,21.264754991677307,627025.09927,0.2381866002214838
2025-08-18 00:00:00,1755475200000,4472.34,4481.88,4225.86,4312.99,823188.1269,4504.777142857143,4000.8872,3034.3461616161617,65.93042280203221,277.0632524771313,276.7884343536421,0.2748181234891831,638973.9836500001,0.1709549291262477
2025-08-19 00:00:00,1755561600000,4312.99,4355.0,4067.34,4075.59,831222.7951,4431.215714285715,4014.9124,3050.3069696969696,61.66857119844551,238.5766658598368,269.1460806548811,-30.56941479504428,654263.87839,0.0422677485928226
2025-08-20 00:00:00,1755648000000,4075.58,4378.0,4060.0,4336.16,728324.8933,4372.1957142857145,4038.7148,3067.0387878787883,65.0028725726761,226.4907456797928,260.61501365986345,-34.12426798007067,664875.70054,0.0814715051752088
2025-08-21 00:00:00,1755734400000,4336.16,4340.26,4204.2,4225.3,433836.3992,4326.261428571428,4052.8428,3083.357575757576,57.64683605148549,205.5970960153172,249.6114301309542,-44.01433411563698,647374.0629149999,-0.0082898733048241
2025-08-22 00:00:00,1755820800000,4225.3,4887.59,4207.39,4832.07,1277976.63526,4382.347142857143,4094.1656,3106.4220202020206,66.02082432542974,235.2877454689005,246.74669319854348,-11.458947729642944,686563.109208,0.1368051814227269
2025-08-23 00:00:00,1755907200000,4832.07,4832.07,4659.7,4778.4,512442.0888,4433.262857142857,4133.55,3129.061212121212,60.9248271962325,251.58694096137788,247.7147427511104,3.8721982102674986,697367.829858,0.1314589341781862
2025-08-24 00:00:00,1755993600000,4778.4,4956.78,4711.0,4780.15,780668.77842,4477.237142857143,4172.356,3152.344747474748,61.21307337895522,261.62947941319,250.49769008352632,11.13178932966366,713233.769474,0.0413090455983198
2025-08-25 00:00:00,1756080000000,4780.15,4797.97,4334.13,4376.18,1043917.1659,4486.2642857142855,4199.4676,3171.3184848484843,52.79321855620404,234.29050550035663,247.2562531668924,-12.965747666535776,740976.0798239999,-0.0785631566757205
2025-08-26 00:00:00,1756166400000,4376.17,4633.46,4311.04,4600.63,834750.2767,4561.27,4243.9648,3192.2527272727275,50.194781925162125,228.1059475287593,243.4261920392658,-15.320244510506484,764448.097634,0.011830194156821
2025-08-27 00:00:00,1756252800000,4600.63,4663.93,4481.53,4506.71,606669.3611,4585.634285714285,4288.4756,3212.278181818182,45.20639437232003,213.1688044167813,237.37471451476893,-24.20591009798761,763197.616329,0.0151459521068955
2025-08-28 00:00:00,1756339200000,4506.71,4633.97,4430.0,4511.21,485243.4027,4626.478571428571,4329.0544,3232.078383838384,49.23619120301493,199.3956147488016,229.77889456157544,-30.38327981277388,751294.785919,0.0201764364008061
2025-08-29 00:00:00,1756425600000,4511.2,4516.75,4265.0,4360.18,679063.8777,4559.065714285714,4354.622,3249.2032323232324,48.33147450600787,174.28436227675047,218.6799881046105,-44.39562582785999,750651.374564,-0.0250764143075309
2025-08-30 00:00:00,1756512000000,4360.18,4415.61,4257.2,4373.7,340319.1826,4501.251428571429,4385.09,3267.8618181818183,48.98212125172316,153.70267601201886,205.6845256860921,-51.98184967407329,742925.143169,0.014076081790127
2025-08-31 00:00:00,1756598400000,4373.7,4498.47,4372.63,4391.83,356586.1861,4445.777142857143,4413.4308,3286.6641414141413,48.27982631587944,137.27209359934295,192.00203926874232,-54.72994566939937,724621.250474,0.077593673554013
2025-09-01 00:00:00,1756684800000,4391.83,4491.84,4210.61,4314.5,513830.0395,4436.965714285715,4429.5984,3304.4750505050506,50.033438594781806,116.66600089882104,176.9348315947581,-60.268830695937055,706048.349189,-0.0049952031290357
2025-09-02 00:00:00,1756771200000,4314.5,4416.78,4257.85,4326.5,524605.0512,4397.8042857142855,4442.278399999999,3322.2811111111114,56.17253883206149,100.14936415739884,161.57773810728625,-61.4283739498874,685982.0268090001,0.0239509620618654
2025-09-03 00:00:00,1756857600000,4326.49,4490.64,4283.23,4450.46,487091.6861,4389.768571428572,4449.872,3340.358383838384,53.01446309326639,95.9562229593348,148.45343507769596,-52.49721211836115,647064.158849,-0.0789744353869045
2025-09-04 00:00:00,1756944000000,4450.46,4482.05,4265.33,4297.55,471795.7096,4359.245714285715,4451.751200000001,3356.681111111111,51.864121656836495,79.37953144564563,134.6386543512859,-55.25912290564028,626633.481374,-0.1006299179641719
2025-09-05 00:00:00,1757030400000,4297.56,4490.0,4256.03,4307.45,624169.8754,4351.7128571428575,4455.120400000001,3373.61101010101,30.43980791027856,66.27722861929942,120.96636920488862,-54.6891405855892,639908.1457240001,-0.0988881102057466
2025-09-06 00:00:00,1757116800000,4307.46,4329.3,4236.0,4273.14,191166.0686,4337.347142857143,4442.425200000001,3391.204949494949,30.88569093880514,52.5196155374706,107.277018471405,-54.757402933934415,627343.380009,-0.0235456494019898
2025-09-07 00:00:00,1757203200000,4273.15,4336.02,4270.81,4306.19,169620.8372,4325.112857142857,4424.7008000000005,3409.1658585858586,32.48458957264701,43.77881194871589,94.5773771668672,-50.79856521815131,594665.015524,-0.0639999304443088
2025-09-08 00:00:00,1757289600000,4306.19,4384.06,4279.0,4306.37,372882.4355,4323.9514285714295,4415.082,3427.015959595959,46.32265405240255,36.44605914329623,82.95111356215301,-46.50505441885679,571747.997544,-0.0444537145722712
2025-09-09 00:00:00,1757376000000,4306.36,4381.87,4276.76,4310.09,405485.7821,4321.607142857143,4409.9068,3444.214747474748,30.057930428575304,30.582437325450883,72.47737831481258,-41.8949409893617,555606.041984,-0.0445822739353742
2025-09-10 00:00:00,1757462400000,4310.08,4453.57,4285.1,4349.32,506633.9098,4307.158571428571,4407.0,3461.951717171717,38.32019828724929,28.76937251288928,63.73577715442793,-34.96640464153865,559245.917514,-0.0024907228600655
2025-09-11 00:00:00,1757548800000,4349.33,4481.09,4338.82,4458.82,441259.6649,4330.197142857142,4406.459599999999,3480.650101010101,46.636362469021634,35.75606677640462,58.13983507882327,-22.383768302418645,517410.068996,0.0194617829297847
2025-09-12 00:00:00,1757635200000,4458.83,4748.4,4450.71,4712.16,510777.5402,4388.012857142857,4422.4264,3503.8637373737374,69.97434966177875,61.0319546834171,58.718258999742034,2.313695683675064,517326.841566,0.072937704783655
2025-09-13 00:00:00,1757721600000,4712.16,4769.36,4605.0,4666.53,394393.6869,4444.211428571429,4446.064,3525.989292929293,66.0333555996014,76.49947991331646,62.274503182456925,14.224976730859538,498013.08699,0.0815923050179625
2025-09-14 00:00:00,1757808000000,4666.54,4692.36,4576.89,4604.49,278244.3205,4486.825714285714,4456.7972,3546.9979797979795,61.10960192247415,82.79706258730221,66.37901506342598,16.418047523876226,459729.44472,0.0642528602796717
2025-09-15 00:00:00,1757894400000,4604.48,4670.28,4466.0,4523.74,412291.9687,4517.878571428571,4468.7348,3567.3405050505053,60.89201682422022,80.34591439641008,69.1723949300228,11.173519466387276,438606.52932,0.0164657136565657
2025-09-16 00:00:00,1757980800000,4523.74,4538.25,4424.0,4501.29,293307.1099,4545.192857142857,4455.5036,3585.7360606060606,59.0007930214116,75.71899300016776,70.4817145440518,5.237278456115959,422938.41676000005,0.0474084071156821
2025-09-17 00:00:00,1758067200000,4501.3,4616.77,4412.0,4590.53,476981.4561,4579.651428571428,4447.9888,3603.656565656566,57.4803738317757,78.34987802590149,72.05534724042174,6.294530785479751,422525.31943,0.065718696676688
2025-09-18 00:00:00,1758153600000,4590.54,4644.47,4553.7,4587.66,290660.377,4598.057142857143,4440.2892,3622.000505050505,68.44990524160214,79.28929076086843,73.50213594451108,5.787154816357344,403105.144395,0.0736039540010389
2025-09-19 00:00:00,1758240000000,4587.66,4620.72,4435.7,4468.59,331611.1482,4563.261428571428,4443.9856,3640.444343434344,58.99841408117228,69.62325468984909,72.72635969357869,-3.1031050037295955,402669.742675,0.0377131524619211
2025-09-20 00:00:00,1758326400000,4468.59,4508.71,4454.45,4480.42,130781.913,4536.674285714285,4439.1772,3659.648686868687,61.87306678886471,62.20042580583322,70.6211729160296,-8.420747110196373,391379.52902,0.0404168708215968
2025-09-21 00:00:00,1758412800000,4480.41,4498.16,4443.0,4444.97,149349.8262,4513.885714285714,4436.7076,3678.9841414141415,57.92756769107739,52.84806214108266,67.0665507610402,-14.21848861995754,373155.518355,0.0312940101018772
2025-09-22 00:00:00,1758499200000,4444.98,4455.76,4077.0,4199.08,708243.2348,4467.505714285714,4424.2224,3695.665656565656,45.21458327758003,25.30329787791743,58.71390018441565,-33.41060230649822,382337.427535,-0.0345433309114987
2025-09-23 00:00:00,1758585600000,4199.09,4229.03,4114.39,4164.26,315227.9057,4419.358571428571,4416.3856,3712.030202020202,43.67117723134076,0.6566216275414263,47.10244447304081,-46.445822845499386,373744.238515,-0.0660623214213624
2025-09-24 00:00:00,1758672000000,4164.25,4206.9,4073.74,4152.81,353665.5671,4356.827142857143,4407.55,3728.624747474747,41.26101767274735,-19.574325538736048,33.76709047068544,-53.341416009421486,367837.73139,-0.1187035244983191
2025-09-25 00:00:00,1758758400000,4152.81,4161.04,3815.0,3874.36,930327.6951,4254.927142857143,4386.8512,3742.254646464646,27.403965111963387,-57.41424909592024,15.530822557364305,-72.94507165328454,383145.622375,-0.1697556857022241
2025-09-26 00:00:00,1758844800000,3874.35,4068.3,3867.65,4032.24,575711.0859,4192.591428571429,4375.5608,3757.5184848484846,21.618440166302094,-73.81220346014197,-2.337782646136951,-71.47442081400501,402372.87324,-0.1242808649817894
2025-09-27 00:00:00,1758931200000,4032.24,4039.01,3972.98,4018.38,172693.2638,4126.585714285715,4363.236000000001,3773.8002020202016,22.207452510612725,-86.9240799168947,-19.2550421002885,-67.66903781660619,402526.49457,-0.1117128747452328
2025-09-28 00:00:00,1759017600000,4018.39,4144.88,3966.0,4142.16,240331.8589,4083.327142857143,4350.904,3792.4510101010105,31.17226887334151,-86.33214175717876,-32.67046203166655,-53.66167972551221,395898.96574,-0.0797837953120106
2025-09-29 00:00:00,1759104000000,4142.16,4235.86,4082.25,4215.07,380728.6784,4085.611428571429,4347.6048,3812.525454545455,37.34907168326568,-79.06834813623664,-41.950039252580574,-37.11830888365606,394661.110555,-0.0817901200950652
2025-09-30 00:00:00,1759190400000,4215.07,4245.0,4092.1,4145.15,391126.6172,4082.881428571429,4341.1128,3830.035454545454,35.95019804011295,-78.05394175930269,-49.170819753925,-28.88312200537769,388885.74592500005,-0.0964565813508412
2025-10-01 00:00:00,1759276800000,4145.15,4355.46,4123.08,4348.03,507026.3822,4110.77,4344.1084,3849.223131313132,41.22051178080604,-60.1855157744194,-51.373758958023885,-8.811756816395516,392174.08179,-0.026979427515167
2025-10-02 00:00:00,1759363200000,4348.03,4516.74,4332.73,4484.35,526411.1571,4197.911428571429,4351.2348,3870.090404040404,46.5893259205948,-34.625631988263194,-48.02413356407176,13.39850157580856,392955.762635,0.000877149910053
2025-10-03 00:00:00,1759449600000,4484.35,4591.59,4428.0,4512.87,485684.0267,4266.572857142857,4359.4948,3891.271313131313,51.55481895558863,-11.930388201522874,-40.80538449156198,28.874996290039107,397520.279625,0.0152756936492259
2025-10-04 00:00:00,1759536000000,4512.88,4517.93,4440.0,4487.15,199732.7088,4333.54,4366.5772,3912.119595959596,50.23402997531035,3.935006653632626,-31.85730626252306,35.79231291615569,393594.69904,0.0686031225887575
2025-10-05 00:00:00,1759622400000,4487.16,4618.17,4467.05,4514.32,506587.9614,4386.705714285714,4373.1772,3933.116565656566,52.42555453737836,18.487723344668662,-21.78830034108472,40.27602368575339,398309.498675,0.0840629547626707
2025-10-06 00:00:00,1759708800000,4514.32,4735.93,4488.25,4684.01,456200.6528,4453.697142857142,4382.1848,3955.176363636364,67.91564760560675,43.2152623664806,-8.787587799571652,52.002850166052255,406454.17582,0.1279133887656791
2025-10-07 00:00:00,1759795200000,4684.02,4755.0,4430.43,4447.7,640685.9319,4496.918571428571,4371.606400000001,3974.996868686868,59.11464697786296,43.24526858167246,1.618983476677171,41.62628510499529,414639.39961,0.1479831507655458
2025-10-08 00:00:00,1759881600000,4447.7,4558.0,4410.08,4525.72,399904.3287,4522.302857142857,4365.974,3996.418181818182,61.49941718113023,48.99977181486702,11.09514114431514,37.90463067055188,420101.597195,0.1223835882784756
2025-10-09 00:00:00,1759968000000,4525.72,4531.52,4265.06,4368.09,515978.1829,4505.694285714286,4356.518,4014.576565656565,66.45097660284817,40.37541085153043,16.9511950857582,23.42421576577223,429319.94893,0.087027608140594
2025-10-10 00:00:00,1760054400000,4368.09,4393.63,3435.0,3829.72,1493971.0244,4408.101428571428,4328.7572,4027.0863636363633,44.61697942693105,-9.788580340275075,11.603240000551546,-21.39182034082662,497479.4045,-0.0754292446453058
2025-10-11 00:00:00,1760140800000,3829.72,3878.3,3643.33,3746.79,789885.6582,4302.335714285714,4298.5772,4039.5989898989897,43.03676089776789,-55.59480044393695,-1.836368088346152,-53.7584323555908,529506.1961000001,-0.1110966128676391
2025-10-12 00:00:00,1760227200000,3746.8,4197.7,3694.74,4152.29,811308.152,4250.617142857142,4281.0476,4056.12303030303,50.22693770750351,-58.50172730072154,-13.16943993082123,-45.33228736990032,534659.4419600001,0.0017224949639942
2025-10-13 00:00:00,1760313600000,4152.29,4292.0,4042.29,4240.85,622813.9247,4187.308571428571,4267.1752,4072.996767676768,50.57351593297562,-53.04793236172645,-21.14513841700228,-31.902793944724174,550038.74291,-0.0246502439035607
2025-10-14 00:00:00,1760400000000,4240.86,4263.38,3888.74,4125.02,962996.7658,4141.211428571429,4253.4324,4088.98393939394,49.56114151169637,-57.410481257252286,-28.39820698505228,-29.01227427220001,580505.3028449999,-0.0801297846956637
2025-10-15 00:00:00,1760486400000,4125.01,4217.6,3926.74,3985.61,626081.6966,4064.052857142857,4233.64,4102.82595959596,41.873918151732326,-71.2952078134931,-36.97760715074045,-34.31760066275266,565293.0029200001,-0.1168347415281184
2025-10-16 00:00:00,1760572800000,3985.61,4086.49,3826.04,3894.51,643804.6163,3996.3985714285714,4211.6216,4114.197373737374,36.50103443856534,-88.62831029700374,-47.30774777999311,-41.32056251701063,568697.67944,-0.1320749250637931
2025-10-17 00:00:00,1760659200000,3894.5,3950.45,3674.5,3831.57,830127.0885,3996.662857142857,4196.9212,4123.089090909091,34.649735487882936,-106.219221812039,-59.09004258640229,-47.12917922563671,601569.370675,-0.1512409399422282
2025-10-18 00:00:00,1760745600000,3831.58,3927.73,3819.07,3889.21,250710.6121,4017.008571428572,4185.9192,4132.493030303031,36.71893740837815,-114.19273685302596,-70.11058143972703,-44.082155413298935,602088.308335,-0.1696836684806395
2025-10-19 00:00:00,1760832000000,3889.2,4030.94,3827.04,3982.58,408538.2545,3992.764285714286,4179.11,4142.99101010101,38.526733698701086,-111.69013197798132,-78.42649154737789,-33.26364043060342,603478.78714,-0.1045753985205836
2025-10-20 00:00:00,1760918400000,3982.58,4085.3,3908.73,3979.22,511382.3301,3955.388571428571,4183.3044,4153.164646464647,33.61692631696398,-108.72461383396694,-84.4861160046957,-24.23849782927124,609491.5727850001,-0.1207542667244108
2025-10-21 00:00:00,1761004800000,3979.22,4110.0,3840.24,3873.05,590594.1382,3919.392857142857,4176.9368,4161.845757575758,35.78183221745522,-113.63157695379596,-90.31520819451576,-23.316368759280195,613669.960585,-0.1133309982166118
2025-10-22 00:00:00,1761091200000,3873.04,3889.27,3710.0,3805.53,593130.0905,3893.667142857143,4168.422799999999,4168.589595959596,32.087766685071614,-121.5673278088898,-96.56563211739058,-25.001695691499208,617005.907255,-0.0063163886654897
2025-10-23 00:00:00,1761177600000,3805.53,3934.86,3796.54,3856.8,477231.0181,3888.28,4157.008400000001,4173.493131313131,36.57305524771924,-122.3094992445458,-101.71440554282162,-20.59509370172418,616583.256825,0.0293611331299592
2025-10-24 00:00:00,1761264000000,3856.8,4026.39,3845.86,3934.88,425926.9383,3903.038571428572,4145.8008,4178.119494949495,53.64208134766709,-115.26852815573466,-104.42523006540424,-10.84329809033042,627892.9683000001,-0.0523590596995874
2025-10-25 00:00:00,1761350400000,3934.88,3969.22,3912.4,3953.82,138526.3338,3912.268571428572,4138.1476,4182.229595959596,57.50277236190739,-106.92761316415,-104.9257066851534,-2.001906478996588,609489.88692,-0.0676821863541508
2025-10-26 00:00:00,1761436800000,3953.81,4178.78,3919.03,4158.46,344698.0918,3937.394285714286,4130.5648,4187.951313131313,50.26170016032846,-82.84960155348836,-100.5104856588204,17.660884105332045,603914.75887,0.0081066273618066
2025-10-27 00:00:00,1761523200000,4158.46,4253.72,4095.0,4120.15,487131.2291,3957.527142857143,4115.9968,4191.622626262626,44.65257225894484,-66.09697591489567,-93.62778371003546,27.5308077951398,596237.02373,0.0337564387885416
2025-10-28 00:00:00,1761609600000,4120.16,4175.55,3931.33,3979.2,472965.8377,3972.691428571429,4094.65,4193.813232323232,43.68033284215998,-63.46233217052941,-87.59469340213425,24.132361231604847,599890.09918,0.0217459962870809
2025-10-29 00:00:00,1761696000000,3979.19,4036.66,3840.37,3902.99,486452.3127,3986.614285714285,4071.2836000000007,4195.396868686868,46.2118294360385,-66.75436533753009,-83.42662778921343,16.672262451683338,598413.80567,0.0186398786920243
2025-10-30 00:00:00,1761782400000,3903.0,3948.74,3680.0,3805.09,531455.9923,3979.227142857143,4042.9144,4197.182727272727,45.92545338558279,-76.38254670384049,-82.01781157213884,5.63526486829835,550288.054065,-0.0216290711995494
2025-10-31 00:00:00,1761868800000,3804.95,3906.09,3796.36,3847.99,478636.2995,3966.8142857142857,4009.4736,4198.607474747475,50.76211870857544,-79.63331504834196,-81.54091226737947,1.9075972190375128,534725.58613,-0.0337946758131664
2025-11-01 00:00:00,1761955200000,3848.0,3909.39,3831.0,3873.77,152998.1626,3955.378571428572,3986.5164,4200.110606060606,49.26152668834896,-79.21618694163135,-81.07596720222985,1.859780260598498,501810.0866599999,-0.0265001683747065
2025-11-02 00:00:00,1762041600000,3873.78,3918.23,3839.12,3906.58,216083.1542,3919.3957142857134,3961.7508,4201.782121212121,46.14150521912189,-75.36930666495937,-79.93463509477576,4.56532842981639,481473.548135,0.0086572597823419
2025-11-03 00:00:00,1762128000000,3906.58,3914.29,3558.82,3603.83,877187.3852,3845.6357142857146,3931.1804,4199.072323232323,35.384627364257184,-95.64745679958968,-83.07719943573855,-12.57025736385114,477183.079105,-0.0530018157786169
2025-11-04 00:00:00,1762214400000,3603.84,3654.54,3057.0,3287.05,1568004.2379,3746.757142857143,3909.4736,4193.901111111111,30.39924005244707,-135.71509628627064,-93.60477880584496,-42.110317480425664,524279.20617,-0.1477260941713337
2025-11-05 00:00:00,1762300800000,3287.05,3480.46,3166.66,3424.29,809591.5132,3678.371428571429,3896.5736,4190.168787878788,37.816382880809925,-154.612590513314,-105.80634114733876,-48.80624936597522,532568.551015,-0.1297599926808441
2025-11-06 00:00:00,1762387200000,3424.29,3456.46,3245.45,3315.14,566363.7003,3608.378571428572,3863.0876,4185.170202020202,33.30724094573603,-176.36347527224189,-119.9177679723194,-56.44570729992249,519380.38160500006,-0.1615349206590083
2025-11-07 00:00:00,1762473600000,3315.14,3473.0,3194.2,3436.05,683417.3854,3549.53,3830.8956,4182.520303030303,35.02254889597482,-181.74968441075,-132.28415126000553,-49.46553315074445,541015.72027,-0.1737205600150054
2025-11-08 00:00:00,1762560000000,3436.04,3488.0,3355.58,3401.51,291532.2881,3482.064285714285,3801.9552,4181.644646464647,33.57071040592075,-186.65375499606807,-143.15807200721804,-43.49568298885004,535165.42195,-0.1744208341929297
2025-11-09 00:00:00,1762646400000,3401.51,3623.25,3358.66,3583.46,464098.052,3435.904285714286,3785.8692,4183.558989898989,32.661713444861235,-173.85433730654677,-149.2973250670838,-24.557012239462978,532801.208045,-0.099452151186168
2025-11-10 00:00:00,1762732800000,3583.46,3658.98,3507.3,3567.85,595273.0298,3430.764285714285,3772.8028,4184.277272727273,33.11504879301489,-163.09029966026628,-152.0559199857203,-11.034379674545988,533035.152625,-0.0858675015821203
2025-11-11 00:00:00,1762819200000,3567.85,3648.27,3405.24,3417.76,660283.2747,3449.437142857143,3756.2504,4181.214343434343,32.93101141905122,-164.7713493714682,-154.5990058628699,-10.172343508598315,536392.8118350001,-0.1017925988609993
2025-11-12 00:00:00,1762905600000,3417.76,3588.19,3371.65,3414.92,553101.9368,3448.098571428571,3737.2788,4179.223636363637,34.46873508353222,-164.43722764239283,-156.5666502187745,-7.870577423618329,540186.35777,-0.1125444712694159
2025-11-13 00:00:00,1762992000000,3414.91,3565.84,3154.22,3231.54,951989.1347,3436.155714285714,3707.237200000001,4174.660303030303,32.69029956601257,-176.9301268273921,-160.63934554049803,-16.29078128689406,566489.46759,-0.1657893989576045
2025-11-14 00:00:00,1763078400000,3231.55,3256.71,3070.0,3112.4,890446.1491,3389.9200000000005,3672.5644,4166.600606060606,28.77660894302845,-194.20575864666625,-167.3526281617317,-26.85313048493456,604085.458355,-0.2032929058153166
2025-11-15 00:00:00,1763164800000,3112.4,3230.0,3110.68,3167.88,338463.4782,3356.5442857142853,3644.3576,4158.099393939394,29.976683100069778,-201.1018717968477,-174.10247688875492,-26.9993949080928,603773.727675,-0.1209685251524073
2025-11-16 00:00:00,1763251200000,3167.87,3249.0,3004.0,3095.29,570633.5809,3286.805714285714,3615.948,4146.328383838384,27.494798746151066,-210.003705498023,-181.2827226106085,-28.720982887414465,607948.8452649999,-0.0583380234556821
2025-11-17 00:00:00,1763337600000,3095.29,3223.38,2959.46,3031.44,762500.4289,3210.175714285714,3582.9336,4134.01393939394,31.695820408685364,-219.6783193038096,-188.9618419492488,-30.716477354560794,622425.574825,-0.1147245122346529
2025-11-18 00:00:00,1763424000000,3031.44,3169.95,2946.56,3123.66,766640.1058,3168.161428571428,3550.4848,4122.907272727272,43.89875951276707,-217.39810710829988,-194.64909498105897,-22.74901212724092,636434.96448,-0.0577592499864259
2025-11-19 00:00:00,1763510400000,3123.65,3125.54,2873.64,3025.48,737926.7146,3112.527142857143,3513.3512,4107.098787878788,34.66032786380805,-220.96616755787727,-199.91250949642264,-21.05365806145465,646758.500595,-0.1194889480653658
2025-11-20 00:00:00,1763596800000,3025.48,3063.61,2790.01,2834.22,912524.3718,3055.7671428571425,3460.3816,4087.7545454545448,32.60108245781598,-236.5007315276848,-207.23015390267508,-29.270577625009736,668452.9042100001,-0.1667759318655539
2025-11-21 00:00:00,1763683200000,2834.21,2886.73,2623.57,2765.85,1180475.4085,3006.26,3406.2096,4069.764747474748,24.795035727717178,-251.4305382672469,-216.0702307755895,-35.36030749165744,719826.766505,-0.2281621672908307
2025-11-22 00:00:00,1763769600000,2765.86,2799.01,2704.33,2770.12,264691.3089,2949.437142857143,3357.8464000000004,4052.902626262626,25.701376969435728,-259.92174823964206,-224.8405342684,-35.08121397124205,722257.17424,-0.2235884356124837
2025-11-23 00:00:00,1763856000000,2770.12,2858.16,2768.29,2802.16,409808.5734,2907.5614285714287,3313.8132,4036.540707070707,16.010336546827673,-261.0564369845133,-232.08371481162268,-28.972722172890627,698888.2336500001,-0.180117972005056
2025-11-24 00:00:00,1763942400000,2802.16,2987.0,2763.0,2953.38,715279.7551,2896.4100000000003,3279.7448,4021.197777777778,26.08935895340604,-246.9073021038912,-235.0484322700764,-11.858869833814794,656252.00951,-0.1351539713961088
2025-11-25 00:00:00,1764028800000,2953.38,2980.82,2857.32,2959.36,427686.4528,2872.938571428572,3244.1995999999995,4007.524747474747,29.909188127837865,-232.53100210221965,-234.54494623650504,2.013944134285396,637156.75649,-0.0842260965360168
2025-11-26 00:00:00,1764115200000,2959.36,3045.0,2888.69,3026.56,364535.326,2873.0928571428567,3210.3112,3996.928484848485,33.88788396754012,-213.25690948436068,-230.28733888607616,17.03042940171548,627065.337775,-0.0275800025703637
2025-11-27 00:00:00,1764201600000,3026.56,3071.37,2985.78,3015.23,274980.3955,2898.951428571429,3174.6572,3983.585757575757,39.53132713211309,-196.62966416285465,-223.55580394143183,26.92613977857724,606643.4882799999,-0.0481868000050507
2025-11-28 00:00:00,1764288000000,3015.23,3099.0,2994.36,3031.15,346616.0275,2936.8514285714286,3151.75,3971.523636363636,45.631297652460994,-180.09185470397824,-214.8630140939412,34.77115938996292,609397.6752500001,-0.020721806357401
2025-11-29 00:00:00,1764374400000,3031.14,3052.64,2961.91,2989.16,217904.1303,2968.1428571428573,3139.8344,3952.908383838384,40.24901246153509,-168.43218228230626,-205.57684773161407,37.14466544930792,597087.979165,-0.013947167022933
2025-11-30 00:00:00,1764460800000,2989.17,3053.02,2975.3,2991.26,182722.4253,2995.157142857143,3122.5132,3934.856464646465,43.85114607591647,-157.2101348604001,-195.90350515737137,38.69337029697127,576460.44894,-0.0423861751919222
2025-12-01 00:00:00,1764547200000,2991.25,2999.47,2716.04,2799.07,849002.9909,2973.112857142857,3101.8704,3914.845555555555,38.07466102825706,-161.95775998727777,-189.11435612335268,27.15659613607491,585896.43475,-0.0748344064412919
2025-12-02 00:00:00,1764633600000,2799.07,3033.76,2782.19,2996.07,523707.3586,2978.3571428571427,3084.2712,3900.9050505050495,44.08785505768965,-148.11663710962011,-180.91481232060616,32.798175210986045,584426.70584,0.0571056586997482
2025-12-03 00:00:00,1764720000000,2996.07,3214.99,2985.58,3188.36,553669.8146,3001.4714285714285,3075.7451999999994,3886.639696969697,56.94193460397559,-120.24514041505016,-168.78087793949496,48.535737524444784,564510.7398349999,0.1527595495055771
2025-12-04 00:00:00,1764806400000,3188.39,3240.35,3066.37,3133.26,486698.3987,3018.3328571428574,3057.7372000000005,3872.766464646464,64.4185149469624,-101.4336243105854,-155.31142721371305,53.877802903127645,544323.352315,0.1310917938573059
2025-12-05 00:00:00,1764892800000,3133.26,3193.33,2983.08,3021.78,530382.8986,3016.994285714285,3035.8944,3857.7217171717175,61.847404431030185,-94.43230970668174,-143.1356037123068,48.703294005625054,553919.323335,0.0783752533759671
2025-12-06 00:00:00,1764979200000,3021.77,3069.0,3012.58,3038.06,159721.2488,3023.98,3020.7064,3844.36696969697,62.26696699996337,-86.57210812576977,-131.8229045949994,45.25079646922961,533373.70673,0.0286722331701303
2025-12-07 00:00:00,1765065600000,3038.06,3150.0,2907.52,3059.85,391129.675,3033.7785714285715,3006.5036000000005,3831.0957575757575,61.909471563126814,-77.68902018487552,-120.9961277129746,43.307107528099095,514805.169035,0.0339566663062282
2025-12-08 00:00:00,1765152000000,3059.86,3180.51,3040.87,3124.16,452820.2207,3080.2200000000003,3002.2083999999995,3818.29101010101,58.5822545629975,-64.71384849118522,-109.73967186861674,45.02582337743152,499114.17478,0.032247832522732
2025-12-09 00:00:00,1765238400000,3124.16,3397.85,3090.8,3318.04,603859.9458,3126.2157142857145,3010.434,3808.225757575757,65.16155758077878,-38.34442510164217,-95.46062251522184,57.116197413579656,492410.83634,0.1004268331105753
2025-12-10 00:00:00,1765324800000,3318.04,3447.44,3288.1,3324.14,539585.4535,3145.612857142857,3016.6844,3798.1009090909088,63.26397803451719,-16.761037259673685,-79.7207054641122,62.95966820443852,473763.890425,0.0966596836184285
2025-12-11 00:00:00,1765411200000,3324.14,3327.37,3145.28,3237.39,504114.2391,3160.488571428571,3022.3684000000003,3785.847676767677,59.27847107368984,-6.580194508733712,-65.0926032730365,58.51240876430279,439945.831955,0.0830433968071298
2025-12-12 00:00:00,1765497600000,3237.38,3265.5,3045.31,3084.86,435686.4435,3169.5,3024.5052,3773.598282828282,52.01343539837606,-10.696398114022486,-54.213362241233696,43.51696412721121,448495.588685,0.0312911615840816
2025-12-13 00:00:00,1765584000000,3084.86,3135.68,3078.6,3114.64,136465.7567,3180.44,3024.1444,3761.5496969696974,54.74734787148716,-11.423835148205852,-45.65545682262813,34.23162167442228,434828.44785,0.1127410175522583
2025-12-14 00:00:00,1765670400000,3114.64,3129.54,3024.44,3063.5,279058.3545,3180.9614285714283,3025.6652000000004,3749.331111111112,52.63530373115816,-15.94312245250103,-39.71298994860271,23.76986749610168,413017.37782,0.0225061497228034
2025-12-15 00:00:00,1765756800000,3063.49,3177.5,2894.57,2964.85,520509.9555,3158.2028571428573,3030.8904,3735.782222222222,56.4905879036552,-27.17170227834504,-37.20473241455118,10.033030136206143,417658.552955,-0.0701018705541407
2025-12-16 00:00:00,1765843200000,2964.85,2981.87,2876.0,2962.3,378293.1159,3107.382857142857,3038.7483999999995,3722.2057575757576,48.44037205693542,-35.862792429324145,-36.93634441750578,1.0735519881816344,418346.44245,-0.0545629791335542
2025-12-17 00:00:00,1765929600000,2962.3,3030.92,2791.02,2833.49,497630.4162,3037.29,3041.2832,3707.2906060606056,32.589903350831534,-52.5387998988449,-40.056835513773606,-12.481964385071294,429478.943485,-0.062310955794267
2025-12-18 00:00:00,1766016000000,2833.5,2997.4,2775.19,2828.57,595253.7997,2978.887142857143,3042.3396,3691.929494949495,34.27763501449992,-65.39779378637468,-45.12502716829383,-20.27276661808085,441910.832095,-0.0689551885084559
2025-12-19 00:00:00,1766102400000,2828.56,3020.0,2808.63,2979.5,531702.5439,2963.835714285714,3043.3844,3676.986868686868,47.90365125642092,-62.68723009385394,-48.63746775340585,-14.04976234044809,457600.752775,-0.0262594571629327
2025-12-20 00:00:00,1766188800000,2979.49,2994.41,2964.17,2977.93,91783.7734,2944.305714285714,3044.1272000000004,3659.4693939393937,46.97446941260528,-59.97442685790338,-50.90485957430536,-9.06956728359802,453053.82018,-0.0468061815015876
2025-12-21 00:00:00,1766275200000,2977.93,3013.4,2944.0,3002.02,162244.8067,2935.522857142857,3043.1456,3642.656161616161,47.09691669762353,-55.24383256354986,-51.77265417215427,-3.47117839139559,418715.91097,-0.0952429747682366
2025-12-22 00:00:00,1766361600000,3002.03,3077.39,2963.43,3009.49,298443.5633,2941.9,3042.916,3626.5450505050494,43.89514145468871,-50.31206971112442,-51.4805372799483,1.1684675688238784,407452.721205,-0.0946560614173891
2025-12-23 00:00:00,1766448000000,3009.48,3035.79,2900.93,2965.02,386465.747,2942.288571428572,3040.2708,3610.800404040404,27.650172204213906,-49.42226041408321,-51.06888190677529,1.646621492692077,399092.517825,-0.084132588288714
2025-12-24 00:00:00,1766534400000,2965.03,2978.15,2888.7,2947.47,197035.5598,2958.5714285714284,3038.6032,3595.1052525252526,26.49367831155375,-49.561899735044335,-50.7674854724291,1.2055857373847658,384609.37588,-0.0445368671511836
2025-12-25 00:00:00,1766620800000,2947.48,2971.46,2891.2,2903.95,188721.2981,2969.34,3035.1108000000004,3578.0690909090904,28.00469669384414,-52.57817669893075,-51.12962371772944,-1.4485529812013098,367526.295855,-0.0676450568926103
2025-12-26 00:00:00,1766707200000,2903.9,2994.38,2894.26,2927.99,314830.9989,2961.981428571428,3040.2676,3561.304747474748,37.53991326311772,-52.42445435782838,-51.38858984574923,-1.0358645120791508,375281.78336,-0.0442337196017628
2025-12-27 00:00:00,1766793600000,2928.0,2960.89,2917.13,2949.05,95040.3956,2957.8557142857144,3038.3868,3545.9558585858586,36.66253201668898,-50.02658694690399,-51.11618926598019,1.0896023190761994,360477.31939,-0.0053291060255998
2025-12-28 00:00:00,1766880000000,2949.05,2961.23,2924.54,2950.91,128834.139,2950.554285714286,3028.8888,3530.5062626262625,40.14943393585188,-47.4294362751325,-50.378838667810655,2.9494023926781523,344278.015305,-0.0038449853154644
2025-12-29 00:00:00,1766966400000,2950.91,3057.78,2910.25,2937.9,485959.1824,2940.3271428571425,3021.0744,3515.2833333333338,47.22651023978596,-45.89195997929846,-49.481462930108215,3.589502950809752,338382.977135,0.0368485507271951
2025-12-30 00:00:00,1767052800000,2937.91,3009.8,2919.44,2973.69,286583.2879,2941.565714285714,3019.1507999999994,3502.905656565657,51.09711225413704,-41.3093564998926,-47.8470416440651,6.5376851441725,325732.868855,0.0513050764167051
2025-12-31 00:00:00,1767139200000,2973.69,3028.08,2958.91,2971.64,233729.5887,2945.018571428572,3016.494,3490.85898989899,67.60635179568223,-37.41176851460432,-45.75998701817295,8.348218503568631,312213.63633500005,-0.0026380265145159
2026-01-01 00:00:00,1767225600000,2971.65,3010.0,2971.15,3004.19,136088.5207,2959.3385714285714,3014.2676,3479.256767676768,70.90913420325744,-31.33517657724633,-42.87502492998763,11.539848352741302,297233.740195,0.0088182059349952
2026-01-02 00:00:00,1767312000000,3004.19,3150.01,2992.49,3125.45,369891.2449,2987.5471428571427,3014.3192000000004,3471.69202020202,68.69763509185475,-16.54405552572871,-37.60883104913585,21.064775523407143,308905.014605,0.041115648796477
2026-01-03 00:00:00,1767398400000,3125.46,3136.71,3076.0,3127.11,134405.2258,3012.9842857142858,3006.682,3462.549292929293,69.10702392540604,-4.6346124736769525,-31.01398733404407,26.37937486036712,301672.35817,0.039083034002439
2026-01-04 00:00:00,1767484800000,3127.11,3167.22,3118.75,3144.7,181576.0686,3040.668571428572,2999.5044,3453.7242424242427,68.58393247889964,6.152154732046256,-23.580758920826007,29.732913652872263,284725.663825,0.060599928499639
2026-01-05 00:00:00,1767571200000,3144.71,3265.66,3135.02,3224.99,382446.6618,3081.681428571429,2999.0084,3444.459898989898,73.59316838186994,20.93811587918526,-14.676983960823751,35.61509984000901,284933.34112,0.0941553264324996
2026-01-06 00:00:00,1767657600000,3224.99,3308.86,3183.27,3296.84,412503.5066,3127.845714285714,3007.4876,3435.1848484848483,84.27326061807965,38.01557129783578,-4.138472909091846,42.15404420692762,280676.99564,0.1352950291843868
2026-01-07 00:00:00,1767744000000,3296.83,3296.84,3125.42,3168.72,321350.1225,3156.0,3009.6507999999994,3425.32191919192,68.6033801395779,40.74171931760111,4.837565536246746,35.90415378135437,266981.81178,0.0822168108497638
2026-01-08 00:00:00,1767830400000,3168.72,3184.39,3054.65,3106.65,343616.1005,3170.637142857143,3011.3768,3412.7827272727272,66.5280495759948,37.46184418416806,11.36242126583101,26.099422918337048,257577.48961,0.053440938607348
2026-01-09 00:00:00,1767916800000,3106.66,3148.41,3058.69,3088.4,274587.4533,3165.344285714286,3016.3188,3398.6822222222227,63.204425346965,33.00938538522041,15.691814089708892,17.31757129551152,266717.673605,0.046592407087983
2026-01-10 00:00:00,1768003200000,3088.4,3104.12,3077.99,3086.72,82341.0546,3159.574285714286,3021.2956,3384.276666666666,61.70603540635679,29.010799313278767,18.35561113442287,10.655188178855898,262722.48600000003,0.0506552299261375
2026-01-11 00:00:00,1768089600000,3086.72,3147.27,3084.46,3123.45,149381.2965,3156.538571428571,3032.894,3370.501919191919,63.84973510996948,28.47742504821599,20.37997391718149,8.097451131034497,255269.37266,0.0503616718622317
2026-01-12 00:00:00,1768176000000,3123.46,3171.49,3065.55,3095.75,297373.4681,3138.075714285714,3043.5812,3356.172929292929,62.37864458350976,25.52532355794483,21.409043845334164,4.116279712610666,250814.758715,0.0417648167341939
2026-01-13 00:00:00,1768262400000,3095.75,3367.79,3091.96,3325.82,457782.2816,3142.2157142857145,3057.434,3342.4538383838385,71.1649656797336,41.27469904496365,25.382174885260063,15.89252415970359,263852.094805,0.1070604722071506
2026-01-14 00:00:00,1768348800000,3325.83,3402.89,3280.48,3354.92,503440.0759,3168.815714285714,3072.5136,3331.4156565656567,72.31174032505938,55.46495392459428,31.39873069312691,24.06622323146737,279588.033695,0.0734198275448336
2026-01-15 00:00:00,1768435200000,3354.92,3384.19,3273.72,3318.69,389993.836,3199.1071428571427,3085.1804,3319.2234343434343,68.22977046139577,63.06045328698747,37.73107521189903,25.32937807508844,283346.17555,0.0612642343889404
2026-01-16 00:00:00,1768521600000,3318.7,3326.79,3253.01,3296.28,223921.7876,3228.804285714286,3096.652,3308.397070707071,61.18363338788872,66.50501314883968,43.48586279928716,23.01915034955252,289790.24515,0.0482017362546507
2026-01-17 00:00:00,1768608000000,3296.28,3330.26,3283.96,3310.56,124325.0303,3260.781428571428,3110.4736,3303.1530303030304,61.814598709378245,69.58499579674344,48.705689398778425,20.879306397965017,289564.789715,0.0265334156074903
2026-01-18 00:00:00,1768694400000,3310.56,3368.82,3278.86,3284.03,173354.3026,3283.721428571429,3123.936,3298.478686868687,58.87101908800349,69.08874293345661,52.782300105714064,16.30644282774255,273934.545725,-0.0038855388796544
2026-01-19 00:00:00,1768780800000,3284.04,3284.58,3165.38,3189.55,442540.5596,3297.121428571429,3135.36,3288.75404040404,47.78361475922453,60.37573863391981,54.30098781135521,6.074750822564596,281732.40931,0.0065736322552956
2026-01-20 00:00:00,1768867200000,3189.56,3200.5,2920.0,2939.88,518166.4787,3241.9871428571428,3135.8356,3275.612929292929,31.737813612736872,32.94457300170234,50.02970484942464,-17.0851318477223,295954.25381,-0.0536816184636184
2026-01-21 00:00:00,1768953600000,2939.88,3069.07,2866.11,2982.27,577800.2481,3188.7514285714287,3137.1644,3264.07,39.54396078915197,14.459020748521198,42.91556802924396,-28.45654728072276,318039.84018,-0.0343640720113975
2026-01-22 00:00:00,1769040000000,2982.28,3038.33,2906.02,2952.69,291660.7349,3136.4657142857145,3137.2356,3253.636464646465,41.03945989989524,-2.5483950709058263,33.822775409214,-36.37117048011983,314128.31468,-0.0434214959568732
2026-01-23 00:00:00,1769126400000,2952.7,3019.26,2892.4,2956.41,318415.3317,3087.912857142857,3137.976,3244.160707070707,42.18596445528492,-15.547499828908258,23.94872036158955,-39.49622019049781,323328.819975,-0.0534793257455697
2026-01-24 00:00:00,1769212800000,2956.41,2970.41,2943.84,2953.22,92082.9039,3036.8642857142863,3137.1572,3235.288484848485,42.110675113464445,-25.80927706291141,13.997120876689362,-39.80639793960077,318854.16174,-0.046040539449245
2026-01-25 00:00:00,1769299200000,2953.23,2960.29,2787.0,2816.89,380186.5326,2970.13,3130.9672000000005,3224.45696969697,33.791557397851264,-44.43033584097202,2.3116295331570846,-46.74196537412911,318741.15528,-0.1530239159064532
2026-01-26 00:00:00,1769385600000,2816.9,2951.21,2812.37,2930.35,485169.3372,2933.1014285714286,3128.0136,3213.828383838384,41.98208330101604,-49.46221567174916,-8.043139507824165,-41.419076163925,322374.44681,-0.1265514527917208
2026-01-27 00:00:00,1769472000000,2930.35,3035.08,2899.77,3026.77,478792.3988,2945.514285714285,3124.0664,3204.2076767676767,33.34521435970548,-45.14927575943193,-15.46436675814572,-29.68490900128621,330246.56062500004,-0.0879624189062552
2026-01-28 00:00:00,1769558400000,3026.77,3045.78,2983.67,3010.78,296607.6549,2949.587142857142,3119.4132,3195.4978787878786,30.550029389157643,-42.5312256770244,-20.877738541921456,-21.65348713510294,327896.138345,-0.0866127877486135
2026-01-29 00:00:00,1769644800000,3010.78,3013.5,2754.53,2822.59,561288.5979,2931.0014285714283,3106.5288,3185.569191919192,26.071731748726634,-55.00766819733781,-27.703724473004726,-27.30394372433308,342231.195575,-0.1473980232951524
2026-01-30 00:00:00,1769731200000,2822.6,2828.65,2636.01,2707.38,793279.6252,2895.425714285714,3085.8244,3173.9588888888893,23.929558011049693,-73.34633207282741,-36.83224599296926,-36.51408607985815,377778.124105,-0.1755921839934471
2026-01-31 00:00:00,1769817600000,2707.37,2714.64,2250.0,2451.95,1113097.7132,2823.815714285714,3052.0288,3158.979797979798,18.677357926148588,-107.25455782060044,-50.9167083584955,-56.33784946210494,425963.94494,-0.2312551927387877
2026-02-01 00:00:00,1769904000000,2451.96,2475.98,2222.0,2270.15,1026573.9466,2745.71,3016.086,3141.9730303030306,16.776768510872543,-147.1011214939772,-70.15359098559185,-76.94753050838534,462423.968865,-0.2278086180388315
2026-02-02 00:00:00,1769990400000,2270.16,2396.62,2157.14,2347.02,1248535.2114,2662.377142857142,2985.7008,3123.6756565656565,22.06928559588927,-170.51149335780246,-90.22517146003398,-80.28632189776849,501961.615355,-0.2130088824955487
2026-02-03 00:00:00,1770076800000,2347.01,2359.88,2110.0,2233.72,1321099.3867,2549.0842857142857,2951.5136,3104.620808080808,24.26305507770357,-195.9479785119925,-111.36973287042568,-84.57824564156678,542844.580895,-0.2434966081776279
2026-02-04 00:00:00,1770163200000,2233.72,2295.74,2076.68,2148.26,1264743.43,2425.867142857143,2913.9752000000003,3086.1264646464647,20.52864058800664,-220.4611451882156,-133.18801533398369,-87.27312985423191,586582.0605949999,-0.2733551841591659
2026-02-05 00:00:00,1770249600000,2148.25,2173.77,1818.18,1826.83,1952286.6951,2283.615714285714,2862.1104000000005,3065.155151515152,17.018397000234344,-262.79537953353883,-159.10948817389473,-103.6858913596441,673000.30597,-0.3814107990600091
2026-02-06 00:00:00,1770336000000,1826.83,2093.94,1747.8,2063.38,2102311.5573,2191.6157142857146,2820.8156,3047.5621212121214,26.97937235452123,-274.0983223450198,-182.1072550081197,-91.99106733690007,771899.63232,-0.2674971333633901
2026-02-07 00:00:00,1770422400000,2063.37,2121.7,1994.57,2087.08,1142616.4487,2139.4914285714285,2771.266,3029.775151515152,27.906169967451305,-277.93967842415714,-201.2737396913272,-76.66593873282991,820362.7396249999,-0.2877710853652294
2026-02-08 00:00:00,1770508800000,2087.08,2152.03,2064.1,2089.74,482837.2515,2113.718571428571,2720.6588,3011.7546464646466,30.09411597234008,-277.56969041294906,-216.5329298356516,-61.03676057729746,822377.5742200001,-0.3095808403017078
2026-02-09 00:00:00,1770595200000,2089.73,2147.73,2008.62,2105.02,625378.5569,2079.1471428571426,2672.112,2993.5570707070706,26.12293075814823,-272.8977090319404,-227.8058856749093,-45.09182335703102,827738.1781300001,-0.3008389852463482
2026-02-10 00:00:00,1770681600000,2105.02,2124.71,1989.38,2022.67,574321.6908,2048.997142857143,2621.1676,2977.5857575757573,20.71262731738049,-272.6966101262278,-236.78403056517303,-35.91257956105477,827564.250265,-0.2833992893052126
2026-02-11 00:00:00,1770768000000,2022.67,2032.31,1903.19,1941.18,529655.8177,2019.4142857142856,2566.3924,2963.991111111111,19.950329265277688,-275.93202710749347,-244.6136298736372,-31.318397233856302,839464.004405,-0.2830042328745872
2026-02-12 00:00:00,1770854400000,1941.19,2001.42,1897.24,1947.85,427567.1469,2036.702857142857,2512.9452,2949.077575757576,22.633587786259525,-274.7902936642399,-250.6489626317577,-24.141331032482185,844921.5951650001,-0.2055914680152532
2026-02-13 00:00:00,1770940800000,1947.85,2073.68,1924.72,2048.72,425649.7698,2034.608571428572,2467.312,2936.285454545454,29.207126892528365,-262.7176501555459,-253.0627001365154,-9.654950019030537,861599.9384600001,-0.0975398101447042
2026-02-14 00:00:00,1771027200000,2048.72,2107.67,2042.37,2086.59,220677.2355,2034.538571428572,2433.1804,2922.6545454545453,36.62958354680524,-247.2441243278736,-251.89898497478703,4.654860646913477,853624.4736050001,-0.1109619858373596
2026-02-15 00:00:00,1771113600000,2086.59,2103.32,1928.88,1966.58,834778.0952,2016.9442857142856,2392.5528,2908.160303030303,38.36459666848088,-241.8768419919152,-249.8945563782127,8.017714386297541,871104.911505,-0.1195942195082642
2026-02-16 00:00:00,1771200000000,1966.59,2023.51,1937.24,1998.33,351347.9433,2001.702857142857,2354.3784,2892.148888888889,36.156393174473365,-232.3825114780797,-246.39214739818613,14.009635920106348,864732.6887299999,-0.0697913660357686
2026-02-17 00:00:00,1771286400000,1998.34,2015.33,1941.66,1991.66,406246.9427,1997.2728571428568,2315.7884,2876.2277777777776,39.50085013359243,-222.8277794632163,-241.67927381119216,18.85149434797586,870214.6531199999,0.0902273336873162
2026-02-18 00:00:00,1771372800000,1991.67,2039.05,1923.78,1955.91,393639.0086,1999.3771428571429,2275.896,2861.461616161616,41.28099360863062,-215.6543822497105,-236.47429549889583,20.81991324918528,861832.1736549999,-0.0520844439705725
2026-02-19 00:00:00,1771459200000,1955.9,1987.55,1907.0,1949.08,300257.0733,1999.552857142857,2241.1836,2846.6551515151514,57.7525524763777,-208.12144275480227,-230.8037249500772,22.682282195274865,837181.04606,-0.0661210878356364
2026-02-20 00:00:00,1771545600000,1949.08,1981.18,1922.97,1968.88,386253.5557,1988.1471428571429,2202.7248,2833.9010101010103,41.735175791499046,-198.26832556927843,-224.2966450739174,26.02831950463897,800838.838185,-0.0578349459741401
2026-02-21 00:00:00,1771632000000,1968.88,1995.56,1955.62,1973.35,179173.8456,1971.97,2160.588,2822.3954545454544,39.70713341900918,-187.9325975684344,-217.0238355728208,29.09123800438641,758468.8331350001,-0.062550474579814
2026-02-22 00:00:00,1771718400000,1973.35,1983.13,1935.0,1957.82,155325.6482,1970.7185714285715,2118.4696,2810.1726262626257,38.33268475607601,-178.9319833504694,-209.40546512835056,30.473481777881148,703808.354975,-0.0320615819683883
2026-02-23 00:00:00,1771804800000,1957.82,1958.33,1837.13,1856.3,547359.4869,1950.428571428572,2079.818,2797.657575757576,30.91408576076614,-177.93957069137423,-203.11228624095529,25.172715549581056,665121.359985,-0.0437259811042768
2026-02-24 00:00:00,1771891200000,1856.3,1869.58,1800.0,1851.94,438064.0284,1930.4685714285715,2045.6004,2785.7434343434343,35.117418365034254,-175.48204429816474,-197.5862378523972,22.104193554232467,623787.389905,-0.0492389044330928
2026-02-25 00:00:00,1771977600000,1851.95,2148.39,1846.74,2057.48,682979.4378,1944.9785714285715,2029.8216,2774.97393939394,58.33524453873057,-155.16048322886195,-189.1010869276901,33.9406036988282,560322.02704,0.0042758405248155
2026-02-26 00:00:00,1772064000000,2057.48,2083.33,1975.35,2027.68,439783.3566,1956.207142857143,2020.1228,2764.895151515152,55.53782760103779,-139.84802959076,-179.25047546030413,39.40244586954413,477195.617005,-0.0282326666954217
2026-02-27 00:00:00,1772150400000,2027.68,2063.52,1887.0,1929.84,428687.234,1950.63,2003.4356,2755.76,41.71844957784157,-134.06228352568587,-170.21283707338048,36.15055354769461,441499.15627,-0.0186821792146772
2026-02-28 00:00:00,1772236800000,1929.84,1984.99,1835.36,1964.51,461680.9835,1949.367142857143,1992.6672,2747.6656565656563,41.45744115095025,-125.235818277828,-161.21743331427,35.98161503644201,440441.34287,-0.0169241316499276
2026-03-01 00:00:00,1772323200000,1964.51,2054.8,1907.41,1939.71,529196.8464,1946.78,1984.3252,2739.277676767677,47.83072029451182,-118.87165526850504,-152.74827770511703,33.876622436612,435632.257345,-0.0260837693180563
2026-03-02 00:00:00,1772409600000,1939.71,2090.0,1920.0,2027.35,577406.3749,1971.2157142857145,1992.346,2731.451313131313,52.14892923787803,-105.53959985928076,-143.3065421359498,37.76694227666903,435786.49155,0.0365251979896825
2026-03-03 00:00:00,1772496000000,2027.34,2041.48,1929.56,1982.8,509329.8534,1989.91,1989.1228,2721.647474747475,49.37876875613517,-97.44537297331522,-134.1343083034229,36.68893533010768,434770.193335,0.0173004699653169
2026-03-04 00:00:00,1772582400000,1982.81,2199.0,1945.08,2127.28,737644.8152,1999.8814285714288,1990.7308,2713.2426262626263,60.42612219072071,-78.46778355584047,-123.00100335390644,44.53321979806596,450274.07675,0.0804518304823047
2026-03-05 00:00:00,1772668800000,2127.28,2163.66,2054.75,2072.86,432157.8126,2006.3357142857144,1990.0556,2703.609292929293,57.11853879597894,-67.04627864407712,-111.81005841194056,44.763779767863454,450599.47889,0.0504269389616642
2026-03-06 00:00:00,1772755200000,2072.86,2093.33,1955.95,1978.68,411597.7569,2013.3128571428567,1985.002,2693.1390909090906,50.519177791905065,-64.84668045230706,-102.41738282001388,37.570702367706815,460145.5049600001,0.0106547077872327
2026-03-07 00:00:00,1772841600000,1978.68,1996.04,1948.09,1969.59,184459.82,2014.038571428572,1982.8788,2682.416262626263,49.80177558465659,-63.109483231378135,-94.55580290228671,31.4463196709086,427629.5912,0.0610300059257662
2026-03-08 00:00:00,1772928000000,1969.6,1979.8,1916.14,1937.1,391189.7317,2013.6657142857143,1982.7156,2671.789393939393,48.92684745903168,-63.62102975935272,-88.36884827369992,24.7478185143472,429621.68062000006,0.0459842111515491
2026-03-09 00:00:00,1773014400000,1937.11,2053.52,1929.65,1992.98,550825.4883,2008.7557142857145,1984.5208,2661.7057575757576,57.43036075412616,-58.83912427831456,-82.46290347462285,23.62377919630829,436850.6079,-0.031349028909151
2026-03-10 00:00:00,1773100800000,1992.97,2088.19,1991.0,2036.51,463411.8739,2016.428571428572,1984.0324000000005,2654.0031313131312,59.62394802431927,-50.949607171765365,-76.16024421405135,25.21063704228598,440339.251165,0.0043547305294719
2026-03-11 00:00:00,1773187200000,2036.5,2085.58,2007.17,2051.97,350061.256,2005.67,1982.6476,2644.466767676768,49.64166330658272,-42.95446291823782,-69.51908795488865,26.564625036650824,442829.4602999999,0.0632850391742319
2026-03-12 00:00:00,1773273600000,2051.97,2095.0,2017.59,2073.52,400507.8132,2005.7642857142853,1986.9252,2633.2057575757576,53.01348970522495,-34.48186314218947,-62.51164299234882,28.02977985015935,443542.173175,0.0554896640892639
2026-03-13 00:00:00,1773360000000,2073.51,2209.03,2070.12,2092.22,599657.0399,2021.9842857142853,1990.6808,2622.690202020202,61.91447522892696,-25.959092797511403,-55.20113295338134,29.242040155869937,464566.33289,0.0786251553067209
2026-03-14 00:00:00,1773446400000,2092.21,2106.09,2061.6,2096.16,152500.5822,2040.0657142857144,1994.8608,2613.340505050505,60.115873430560455,-18.6715765126778,-47.89522166524064,29.22364515256284,464425.0795899999,0.0339408587565048
2026-03-15 00:00:00,1773532800000,2096.16,2202.87,2083.35,2178.3,280825.9377,2074.522857142857,2003.7564,2604.6560606060607,66.84838641338888,-6.196723850626313,-39.55552210231778,33.35879825169147,451098.40213,0.0985979423038128
2026-03-16 00:00:00,1773619200000,2178.29,2386.02,2164.73,2352.97,845892.7756,2125.95,2019.912,2597.5158585858585,70.47718468581776,17.58142822192758,-28.12813203746871,45.70956025939629,471489.83949,0.1060932270317023
2026-03-17 00:00:00,1773705600000,2352.97,2376.66,2294.15,2317.39,493831.1016,2166.075714285714,2033.8524,2589.3666666666663,71.28137283586264,33.17238579191235,-15.8680284715925,49.04041426350484,462032.42268,0.1179674459442507
2026-03-18 00:00:00,1773792000000,2317.38,2350.0,2153.21,2203.39,488040.8887,2187.7071428571426,2043.054,2578.107575757576,55.03619496314331,35.91547350865903,-5.511328075542192,41.42680158420123,464445.299285,0.113565609396163
2026-03-19 00:00:00,1773878400000,2203.39,2233.72,2099.38,2137.81,490791.679,2196.8914285714286,2050.2536,2566.1244444444446,54.23518825232461,32.423870169829115,2.07571157353207,30.348158596297047,467550.521535,0.0854086383460517
2026-03-20 00:00:00,1773964800000,2137.82,2176.84,2116.88,2146.22,300156.1778,2204.6057142857144,2061.8504,2555.102525252525,62.30066664708817,29.98966390527812,7.65850203988128,22.33116186539684,459474.28125,0.1079551907490579
2026-03-21 00:00:00,1774051200000,2146.21,2168.27,2070.78,2084.87,132559.4646,2202.992857142857,2071.1676,2545.0016161616163,57.86057167794022,22.8467425993731,10.696150151779644,12.150592447593455,439642.41216,0.0461068349908178
2026-03-22 00:00:00,1774137600000,2084.86,2127.21,2026.0,2053.89,313070.5572,2185.22,2071.024,2534.2869696969697,57.979966382879866,14.518735962560186,11.460667313935753,3.058068648624433,426425.621275,0.0085342080323691
2026-03-23 00:00:00,1774224000000,2053.9,2198.57,2023.04,2152.03,614508.4369,2156.514285714286,2075.998,2525.0802020202023,60.27414958076562,15.657320666338364,12.299997984416276,3.3573226819220885,431684.55045,0.0487628961437061
2026-03-24 00:00:00,1774310400000,2152.03,2175.16,2103.02,2156.23,316703.4728,2133.4914285714285,2085.0536,2516.912323232323,58.14754321491766,16.705985939482616,13.181195575429545,3.524790364053072,410637.48333,0.0398886916933522
2026-03-25 00:00:00,1774396800000,2156.22,2199.02,2146.35,2169.02,275641.5255,2128.5814285714287,2093.234,2508.8993939393936,57.99489091977106,18.357493080100085,14.216455076363651,4.141038003736432,402811.668975,0.0367074208257258
2026-03-26 00:00:00,1774483200000,2169.02,2172.19,2034.54,2060.43,338010.6238,2117.5271428571427,2098.0628,2501.090707070707,49.20092299803434,10.77975658821788,13.5291153787345,-2.74935879051662,399132.31232,-0.0170454545454545
2026-03-27 00:00:00,1774569600000,2060.43,2077.19,1970.93,1992.75,394873.5248,2095.6028571428574,2096.6788,2492.648080808081,44.27049133114453,-0.679037034632529,10.687484896061092,-11.366521930693622,409652.99756,-0.0851811045310564
2026-03-28 00:00:00,1774656000000,1992.76,2047.45,1983.17,1994.74,154831.8055,2082.727142857143,2097.1564,2482.70101010101,44.14501789631682,-9.490239593450951,6.651939998158685,-16.142179591609636,397835.10125,-0.1522458849879088
2026-03-29 00:00:00,1774742400000,1994.74,2019.65,1938.82,1984.64,166726.7382,2072.8342857142857,2091.4508,2472.6677777777777,37.80570737727626,-17.09115054872518,1.903321888781912,-18.99447243750709,378630.163745,-0.1435882609314788
2026-03-30 00:00:00,1774828800000,1984.65,2085.0,1980.28,2026.48,338304.4344,2054.898571428572,2089.5956,2462.813838383838,25.31191869697382,-19.51384545044993,-2.380111579064457,-17.133733871385477,372374.79177,-0.0802899169007755
2026-03-31 00:00:00,1774915200000,2026.48,2124.03,2012.64,2105.43,421897.9023,2047.6414285714288,2094.6656,2453.681919191919,34.95884189611125,-14.891582533562996,-4.882405769964166,-10.00917676359883,375966.624085,-0.0151463413493247
2026-04-01 00:00:00,1775001600000,2105.43,2167.85,2082.08,2140.35,399227.3779,2043.5457142857144,2101.496,2445.351919191919,44.96099245427804,-8.31480580342577,-5.568885776656487,-2.745920026769284,375902.60232,-0.0027350411421009
2026-04-02 00:00:00,1775088000000,2140.35,2159.37,2017.04,2057.17,346872.8323,2043.08,2106.2988,2436.35898989899,43.730563502923246,-9.70274647578617,-6.395657916482424,-3.3070885593037467,363263.39194,-0.0132862000988069
2026-04-03 00:00:00,1775174400000,2057.18,2081.76,2040.66,2053.83,136266.6393,2051.8057142857147,2108.7328,2427.771919191919,42.75997178904475,-10.946030518509817,-7.305732436887903,-3.640298081621912,362451.694795,-2.921285950074904e-05
2026-04-04 00:00:00,1775260800000,2053.83,2084.0,2044.63,2065.52,86504.4406,2061.9171428571426,2109.8932,2419.060101010101,48.355682455514206,-10.862836756899924,-8.017153300890307,-2.845683456009617,352735.61994,-0.0401992537278755
2026-04-05 00:00:00,1775347200000,2065.51,2123.49,2021.5,2110.17,157353.3199,2079.85,2112.2212,2410.5865656565657,54.673952762183184,-7.1120400860440895,-7.836130657921064,0.7240905718769746,318308.647155,-0.0213613575546207
2026-04-06 00:00:00,1775433600000,2110.17,2174.79,2087.5,2107.16,356054.2894,2091.3757142857144,2113.5668,2402.063838383838,45.57433965241746,-4.332446795931446,-7.135393885523141,2.8029470895916946,311419.806545,-0.0285197923486183
2026-04-07 00:00:00,1775520000000,2107.16,2273.87,2060.24,2240.01,460094.8093,2110.6014285714286,2119.4784,2395.0144444444445,56.59083042260614,8.492390645563319,-4.009836979305849,12.502227624869167,310022.502575,0.0871565644064591
2026-04-08 00:00:00,1775606400000,2240.01,2270.55,2179.78,2190.0,404717.6321,2117.694285714286,2123.232,2387.098383838384,51.55915576694412,14.454159118009557,-0.3170377598427678,14.771196877852324,305718.80023,0.0989838163342116
2026-04-09 00:00:00,1775692800000,2190.0,2246.0,2157.31,2190.2,275317.9503,2136.6985714285715,2123.708,2379.20505050505,61.496075547917286,18.97629499678669,3.5416287914831246,15.434666205303568,304476.888855,0.097987707671175
2026-04-10 00:00:00,1775779200000,2190.17,2257.99,2176.1,2245.05,272899.0858,2164.0157142857142,2119.3912,2371.5369696969697,72.87066246056781,26.678523448856595,8.169007722957819,18.509515725898776,311493.869915,0.131212713640761
2026-04-11 00:00:00,1775865600000,2245.06,2329.93,2229.0,2284.99,214785.4039,2195.368571428571,2118.0952,2363.047474747475,74.617067833698,35.59510102869626,13.65422638410551,21.94087464459076,306579.61225,0.1275660258181674
2026-04-12 00:00:00,1775952000000,2285.0,2288.57,2175.0,2191.65,258156.8821,2207.0085714285715,2117.6256,2353.598383838384,65.38490122924625,34.72945553109321,17.869272213503052,16.860183317590156,288762.03451,0.0409512546130721
2026-04-13 00:00:00,1776038400000,2191.64,2394.71,2175.68,2369.46,453870.8292,2244.48,2126.8916,2345.7676767676767,71.2045898558251,47.839739479909895,23.86336566678442,23.97637381312548,295620.40233,0.107043240591492
2026-04-14 00:00:00,1776124800000,2369.46,2415.5,2302.9,2322.44,460107.3841,2256.255714285714,2133.9404,2336.65101010101,63.96802306870406,53.815264061120615,29.853745345651664,23.96151871546895,304843.69526,0.1289489930341196
2026-04-15 00:00:00,1776211200000,2322.44,2385.61,2308.5,2359.95,268190.6377,2280.534285714286,2144.9436,2327.187474747475,64.08775981524249,60.8759142137942,36.058179119280176,24.817735094514028,301352.695955,0.1490483633017338
2026-04-16 00:00:00,1776297600000,2359.94,2369.59,2285.1,2348.17,328960.9377,2303.1014285714286,2156.7148,2318.899090909091,70.55084745762713,64.77430491217092,41.801404277858325,22.972900634312595,298057.0666,0.1368420543010962
2026-04-17 00:00:00,1776384000000,2348.16,2464.91,2317.43,2419.0,491731.3615,2327.951428571429,2167.3936,2311.953131313131,73.54446865852559,72.74068731218449,47.98926088472356,24.75142642746093,314902.0444,0.1463531374249467
2026-04-18 00:00:00,1776470400000,2419.0,2427.64,2339.92,2350.32,221741.3888,2337.284285714285,2175.1572,2304.4977777777776,67.10551604843363,72.6744548641932,52.92629968061748,19.74815518357571,317652.77693000005,0.1153970272784223
2026-04-19 00:00:00,1776556800000,2350.33,2355.3,2252.72,2263.27,256086.8276,2347.5157142857142,2178.9272,2296.180101010101,58.74977139722019,64.850204885121,55.3110807215182,9.539124163602809,313541.89659,0.0103838822148114
2026-04-20 00:00:00,1776643200000,2263.28,2346.78,2259.67,2313.85,301000.0659,2339.5714285714284,2189.064,2288.002323232323,61.20331725296765,62.0159326236244,56.65205110193944,5.363881521684952,307497.00477,0.0565525114155249
2026-04-21 00:00:00,1776729600000,2313.84,2338.75,2284.19,2327.14,226645.977,2340.242857142857,2202.4396,2280.238585858586,55.42602349014185,60.14878560822217,57.351398003196,2.7973876050261737,298867.934725,0.0625239704136608
2026-04-22 00:00:00,1776816000000,2327.15,2423.75,2312.95,2374.07,379707.1259,2342.26,2217.6128,2270.6249494949493,61.50710793813533,61.744168594921575,58.22995212154112,3.5142164733804577,300509.649405,0.0574686532593928
2026-04-23 00:00:00,1776902400000,2374.08,2382.0,2285.42,2330.26,356645.6923,2339.701428571429,2231.4376,2260.2748484848485,58.30309928623939,58.79566046661012,58.34309379055492,0.4525666760551985,311528.602055,0.0198119028967305
2026-04-24 00:00:00,1776988800000,2330.27,2337.5,2300.22,2314.99,183887.6181,2324.842857142857,2242.978,2250.136464646465,54.35036823248405,54.59742007586374,57.593959047616686,-2.996538971752948,316397.76093,0.0562772340474071
2026-04-25 00:00:00,1777075200000,2314.98,2323.21,2300.55,2319.5,68139.2191,2320.44,2251.5408,2240.27,52.24554599757944,51.04577965489853,56.284323169073055,-5.2385435141745305,311937.05589,-0.0210849729474226
2026-04-26 00:00:00,1777161600000,2319.49,2380.0,2306.72,2369.44,154591.6219,2335.6071428571427,2260.7044,2230.763737373737,62.26121019020427,51.66525477061077,55.36050948938061,-3.695254718769832,301863.92251500004,0.0202373365942716
2026-04-27 00:00:00,1777248000000,2369.45,2404.37,2266.09,2303.67,300363.8586,2334.152857142857,2270.5644,2220.861111111112,44.63350571806125,46.31521100348391,53.55144979220127,-7.236238788717358,293877.37498,-0.0238479628805694
2026-04-28 00:00:00,1777334400000,2303.66,2310.88,2258.24,2289.42,187932.2201,2328.764285714286,2279.988,2211.768888888889,47.15442950706653,40.45902046224819,50.93296392621066,-10.47394346396247,283038.10438000003,-0.0250194832571747
2026-04-29 00:00:00,1777420800000,2289.42,2346.95,2220.36,2252.9,355078.1015,2311.4542857142856,2287.4832,2204.829696969697,40.75896479687854,32.49648917823424,47.24566897661538,-14.749179798381142,287026.11194,-0.0686647374948324
2026-04-30 00:00:00,1777507200000,2252.9,2279.0,2231.64,2257.51,167194.2776,2301.0614285714287,2293.3768,2197.508888888889,42.075728970002125,26.255457668784857,43.04762671504928,-16.79216904626442,281740.87153,-0.0394882398992477
2026-05-01 00:00:00,1777593600000,2257.51,2325.28,2257.21,2295.63,191082.555,2298.2957142857144,2300.9156,2190.871919191919,38.56266107948754,24.10746480333273,39.259594332705966,-15.152129529373234,280555.729085,0.0142978964065267
2026-05-02 00:00:00,1777680000000,2295.63,2343.6,2292.91,2316.97,85588.4724,2297.934285714286,2303.994,2184.412929292929,46.61070346958269,23.85217164888081,36.17810979594094,-12.325938147060128,271927.3086,0.0013484020139593
2026-05-03 00:00:00,1777766400000,2316.97,2356.92,2297.59,2322.65,151074.4342,2291.2500000000005,2309.3,2178.0435353535354,57.230529443280886,23.833441437855527,33.70917612432386,-9.875734686468334,256787.48885,-0.0019294069114877
2026-05-04 00:00:00,1777852800000,2322.65,2398.93,2309.24,2347.16,453020.7985,2297.462857142857,2315.5784,2173.298787878788,54.33103627616693,25.502374276079536,32.067815754675,-6.56544147859546,256433.15957,-0.0113349648493937
2026-05-05 00:00:00,1777939200000,2347.17,2399.5,2344.93,2360.77,286636.7312,2307.655714285714,2320.2072,2167.5454545454545,54.369007716891424,27.605015396898125,31.175255683119623,-3.570240286221498,257355.464245,0.0130929595839088
2026-05-06 00:00:00,1778025600000,2360.76,2423.74,2338.0,2350.84,420667.3161,2321.6471428571426,2322.8412,2160.717878787879,46.661109034984335,28.145659974212776,30.569336541338256,-2.4236765671254794,261940.783165,0.0154860280173998
2026-05-07 00:00:00,1778112000000,2350.84,2352.3,2280.1,2291.06,469521.9378,2326.44,2326.8176000000003,2153.44797979798,44.61301671064201,23.479718717416745,29.15141297655396,-5.671694259137212,260830.31198,-0.0122612632032765
2026-05-08 00:00:00,1778198400000,2291.06,2321.22,2265.61,2307.06,421035.1582,2328.072857142857,2324.3216,2148.2406060606063,48.91241736840664,20.83284486987077,27.48769935521732,-6.654854485346551,270795.00045,-0.0263268958066041
2026-05-09 00:00:00,1778284800000,2307.07,2338.37,2300.0,2326.44,230431.157,2329.4257142857145,2324.4816,2144.392727272728,50.91450558718112,20.067654876838333,26.003690459541524,-5.936035582703191,269512.21692,0.0098842282097695
2026-05-10 00:00:00,1778371200000,2326.43,2382.53,2311.83,2371.27,398122.8623,2336.371428571428,2324.9344,2143.5777777777776,50.24443672695214,22.81563816005428,25.36607999964408,-2.5504418395898014,274368.35674,0.0357514130216385
2026-05-11 00:00:00,1778457600000,2371.26,2374.92,2304.0,2339.87,236962.0552,2335.33,2324.6024,2144.28202020202,55.32415578303328,22.203765938526885,24.73361718742064,-2.529851248893756,274884.16065,0.0386035776110789
2026-05-12 00:00:00,1778544000000,2339.88,2340.85,2256.27,2274.96,252981.1082,2323.0714285714284,2318.8408,2143.5541414141417,48.14909630843274,16.2933388027036,23.045561510477235,-6.752222707773633,268547.859765,0.0077297553499209
2026-05-13 00:00:00,1778630400000,2274.97,2323.36,2234.13,2258.65,258455.7299,2309.901428571429,2315.1740000000004,2143.80595959596,50.77616695013633,10.175900576030472,20.471629323587884,-10.295728747557412,263638.361645,-0.0161088677182298
2026-05-14 00:00:00,1778716800000,2258.66,2319.33,2238.64,2283.25,256680.8359,2308.785714285714,2315.9732,2145.169494949495,53.29661885245899,7.22946435198719,17.823196329267745,-10.593731977280555,267278.022535,-0.0145534901185598
2026-05-15 00:00:00,1778803200000,2283.26,2300.29,2205.11,2228.55,254115.9101,2297.57,2312.5612,2149.2272727272725,41.75880878667257,0.4750831012179333,14.353573683657784,-13.87849058243985,276576.857085,-0.0405140679826921
