step,net_worth,action
0,10000.0,
1,10000.0,0.0
2,10000.0,0.0
3,10000.0,0.0
4,10000.0,0.0
5,10000.0,0.0
6,10000.0,0.0
7,10000.0,0.0
8,10000.0,0.0
9,10000.0,0.0
10,10000.0,0.0
11,10000.0,0.0
12,10000.0,0.0
13,10000.0,0.0
14,10000.0,0.0
15,10000.0,0.0
16,10000.0,0.0
17,10000.0,0.0
18,10000.0,0.0
19,10000.0,0.0
20,10000.0,0.0
21,10000.0,0.0
22,10000.0,0.0
23,10000.0,0.0
24,10000.0,0.0
25,10000.0,0.0
26,10000.0,0.0
27,10000.0,0.0
28,10000.0,0.0
29,10000.0,0.0
30,10000.0,0.0
31,10000.0,0.0
32,10000.0,0.0
33,10000.0,0.0
34,10000.0,0.0
35,10000.0,0.0
36,10000.0,0.0
37,10000.0,0.0
38,10000.0,0.0
39,10000.0,0.0
40,10000.0,0.0
41,10000.0,0.0
42,10000.0,0.0
43,10000.0,0.0
44,10000.0,0.0
45,10000.0,0.0
46,10000.0,0.0
47,10000.0,0.0
48,10000.0,0.0
49,10000.0,0.0
50,10000.0,0.0
51,10000.0,0.0
52,10000.0,0.0
53,10000.0,0.0
54,10000.0,0.0
55,10000.0,0.0
56,10000.0,0.0
57,10000.0,0.0
58,10000.0,0.0
59,10000.0,0.0
60,10000.0,0.0
61,10000.0,0.0
62,10000.0,0.0
63,10000.0,0.0
64,10000.0,0.0
65,10000.0,0.0
66,10000.0,0.0
67,10000.0,0.0
68,10000.0,0.0
69,10000.0,0.0
70,10000.0,0.0
71,10000.0,0.0
72,9974.553071622864,1.0
73,9959.596229291968,0.0
74,9959.596229291968,0.0
75,9959.596229291968,0.0
76,9959.596229291968,0.0
77,9959.596229291968,0.0
78,9959.596229291968,0.0
79,9959.596229291968,0.0
80,9959.596229291968,0.0
81,9959.596229291968,0.0
82,9959.596229291968,0.0
83,9959.596229291968,0.0
84,9959.596229291968,0.0
85,9959.596229291968,0.0
86,9959.596229291968,0.0
87,9959.596229291968,0.0
88,9959.596229291968,0.0
89,9959.596229291968,0.0
90,9959.596229291968,0.0
91,9959.596229291968,0.0
92,9959.596229291968,0.0
93,9959.596229291968,0.0
94,9959.596229291968,0.0
95,9959.596229291968,0.0
96,9959.596229291968,0.0
97,9959.596229291968,0.0
98,9959.596229291968,0.0
99,9959.596229291968,0.0
100,9959.596229291968,0.0
101,9959.596229291968,0.0
102,9959.596229291968,0.0
103,9959.596229291968,0.0
104,9959.596229291968,0.0
105,9959.596229291968,0.0
106,9959.596229291968,0.0
107,9959.596229291968,0.0
108,9959.596229291968,0.0
109,9959.596229291968,0.0
110,9959.596229291968,0.0
111,9959.596229291968,0.0
112,9959.596229291968,0.0
113,9959.596229291968,0.0
114,9959.596229291968,0.0
115,9959.596229291968,0.0
116,9959.596229291968,0.0
117,9959.596229291968,0.0
118,9959.596229291968,0.0
119,9959.596229291968,0.0
120,9959.596229291968,0.0
121,9959.596229291968,0.0
122,9959.596229291968,0.0
123,9959.596229291968,0.0
124,9959.596229291968,0.0
125,9959.596229291968,0.0
126,9959.596229291968,0.0
127,9959.596229291968,0.0
128,9959.596229291968,0.0
129,9959.596229291968,0.0
130,9959.596229291968,0.0
131,9959.596229291968,0.0
132,9959.596229291968,0.0
133,9959.596229291968,0.0
134,9959.596229291968,0.0
135,9959.596229291968,0.0
136,9959.596229291968,0.0
137,9959.596229291968,0.0
138,9959.596229291968,0.0
139,9959.596229291968,0.0
140,9959.596229291968,0.0
141,9959.596229291968,0.0
142,9959.596229291968,0.0
143,9959.596229291968,0.0
144,9959.596229291968,0.0
145,9959.596229291968,0.0
146,9959.596229291968,0.0
147,9959.596229291968,0.0
148,9959.596229291968,0.0
149,9959.596229291968,0.0
150,9959.596229291968,0.0
151,9959.596229291968,0.0
152,9959.596229291968,0.0
153,9959.596229291968,0.0
154,9959.596229291968,0.0
155,9959.596229291968,0.0
156,9959.596229291968,0.0
157,9959.596229291968,0.0
158,9959.596229291968,0.0
159,9959.596229291968,0.0
160,9959.596229291968,0.0
161,9959.596229291968,0.0
162,9959.596229291968,0.0
163,9959.596229291968,0.0
164,9959.596229291968,0.0
165,9959.596229291968,0.0
166,9959.596229291968,0.0
167,9959.596229291968,0.0
168,9959.596229291968,0.0
169,9959.596229291968,0.0
170,9959.596229291968,0.0
171,9959.596229291968,0.0
172,9959.596229291968,0.0
173,9959.596229291968,0.0
174,9959.596229291968,0.0
175,9959.596229291968,0.0
176,9959.596229291968,0.0
177,9959.596229291968,0.0
178,9959.596229291968,0.0
179,9959.596229291968,0.0
180,9959.596229291968,0.0
181,9959.596229291968,0.0
182,9959.596229291968,0.0
183,9959.596229291968,0.0
184,9959.596229291968,0.0
185,9959.596229291968,0.0
186,9959.596229291968,0.0
187,9959.596229291968,0.0
188,9959.596229291968,0.0
189,9959.596229291968,0.0
190,9959.596229291968,0.0
191,9959.596229291968,0.0
192,9959.596229291968,0.0
193,9959.596229291968,0.0
194,9959.596229291968,0.0
195,9959.596229291968,0.0
196,9959.596229291968,0.0
197,9959.596229291968,0.0
198,9959.596229291968,0.0
199,9959.596229291968,0.0
200,9959.596229291968,0.0
201,9959.596229291968,0.0
202,9959.596229291968,0.0
203,9959.596229291968,0.0
204,9959.596229291968,0.0
205,9959.596229291968,0.0
206,9959.596229291968,0.0
207,9959.596229291968,0.0
208,9959.596229291968,0.0
209,9959.596229291968,0.0
210,9959.596229291968,0.0
211,9959.596229291968,0.0
212,9959.596229291968,0.0
213,9959.596229291968,0.0
214,9959.596229291968,0.0
215,9959.596229291968,0.0
216,9959.596229291968,0.0
217,9959.596229291968,0.0
218,9959.596229291968,0.0
219,9959.596229291968,0.0
220,9959.596229291968,0.0
221,9959.596229291968,0.0
222,9959.596229291968,0.0
223,9959.596229291968,0.0
224,9959.596229291968,0.0
225,9959.596229291968,0.0
226,9959.596229291968,0.0
227,9959.596229291968,0.0
228,9959.596229291968,0.0
229,9959.596229291968,0.0
230,9959.596229291968,0.0
231,9959.596229291968,0.0
232,9959.596229291968,0.0
233,9959.596229291968,0.0
234,9959.596229291968,0.0
235,9959.596229291968,0.0
236,9959.596229291968,0.0
237,9959.596229291968,0.0
238,9959.596229291968,0.0
239,9959.596229291968,0.0
240,9959.596229291968,0.0
241,9959.596229291968,0.0
242,9959.596229291968,0.0
243,9959.596229291968,0.0
244,9959.596229291968,0.0
245,9959.596229291968,0.0
246,9959.596229291968,0.0
247,9959.596229291968,0.0
248,9959.596229291968,0.0
249,9959.596229291968,0.0
250,9959.596229291968,0.0
251,9959.596229291968,0.0
252,9959.596229291968,0.0
253,9959.596229291968,0.0
254,9959.596229291968,0.0
255,9959.596229291968,0.0
256,9959.596229291968,0.0
257,9959.596229291968,0.0
258,9959.596229291968,0.0
259,9959.596229291968,0.0
260,9959.596229291968,0.0
261,9959.596229291968,0.0
262,9959.596229291968,0.0
263,9959.596229291968,0.0
264,9959.596229291968,0.0
265,9959.596229291968,0.0
266,9959.596229291968,0.0
267,9959.596229291968,0.0
268,9959.596229291968,0.0
269,9959.596229291968,0.0
270,9959.596229291968,0.0
271,9959.596229291968,0.0
272,9959.596229291968,0.0
273,9959.596229291968,0.0
274,9959.596229291968,0.0
275,9959.596229291968,0.0
276,9959.596229291968,0.0
277,9959.596229291968,0.0
278,9959.596229291968,0.0
279,9959.596229291968,0.0
280,9959.596229291968,0.0
281,9959.596229291968,0.0
282,9959.596229291968,0.0
283,9959.596229291968,0.0
284,9959.596229291968,0.0
285,9959.596229291968,0.0
286,9959.596229291968,0.0
287,9959.596229291968,0.0
288,9959.596229291968,0.0
289,9959.596229291968,0.0
290,9959.596229291968,0.0
291,9959.596229291968,0.0
292,9959.596229291968,0.0
293,9959.596229291968,0.0
294,9959.596229291968,0.0
295,9959.596229291968,0.0
296,9959.596229291968,0.0
297,9959.596229291968,0.0
298,9959.596229291968,0.0
299,9959.596229291968,0.0
300,9959.596229291968,0.0
301,9959.596229291968,0.0
302,9997.79219869159,1.0
303,9982.800509289651,0.0
304,9982.800509289651,0.0
305,9982.800509289651,0.0
306,9982.800509289651,0.0
307,9982.800509289651,0.0
308,9982.800509289651,0.0
309,9982.800509289651,0.0
310,9982.800509289651,0.0
311,9982.800509289651,0.0
312,9982.800509289651,0.0
313,9982.800509289651,0.0
314,9982.800509289651,0.0
315,9982.800509289651,0.0
316,9982.800509289651,0.0
317,9982.800509289651,0.0
318,9982.800509289651,0.0
319,9982.800509289651,0.0
320,9982.800509289651,0.0
321,9982.800509289651,0.0
322,9982.800509289651,0.0
323,9982.800509289651,0.0
324,9982.800509289651,0.0
325,9982.800509289651,0.0
326,9982.800509289651,0.0
327,9982.800509289651,0.0
328,9982.800509289651,0.0
329,9982.800509289651,0.0
330,9982.800509289651,0.0
331,9982.800509289651,0.0
332,9982.800509289651,0.0
333,9982.800509289651,0.0
334,9982.800509289651,0.0
335,9982.800509289651,0.0
336,9982.800509289651,0.0
337,9982.800509289651,0.0
338,9982.800509289651,0.0
339,9982.800509289651,0.0
340,9982.800509289651,0.0
341,9982.800509289651,0.0
342,9982.800509289651,0.0
343,9982.800509289651,0.0
344,9982.800509289651,0.0
345,9982.800509289651,0.0
346,9982.800509289651,0.0
347,9982.800509289651,0.0
348,9982.800509289651,0.0
349,9982.800509289651,0.0
350,9982.800509289651,0.0
351,9982.800509289651,0.0
352,9982.800509289651,0.0
353,9982.800509289651,0.0
354,9982.800509289651,0.0
355,9982.800509289651,0.0
356,9982.800509289651,0.0
357,9982.800509289651,0.0
358,9982.800509289651,0.0
359,9982.800509289651,0.0
360,9982.800509289651,0.0
361,9982.800509289651,0.0
362,9982.800509289651,0.0
363,9982.800509289651,0.0
364,9982.800509289651,0.0
365,9982.800509289651,0.0
366,9982.800509289651,0.0
367,9982.800509289651,0.0
368,9982.800509289651,0.0
369,9982.800509289651,0.0
370,9982.800509289651,0.0
371,9982.800509289651,0.0
372,9982.800509289651,0.0
373,9982.800509289651,0.0
374,9982.800509289651,0.0
375,9982.800509289651,0.0
376,9982.800509289651,0.0
377,9982.800509289651,0.0
378,9982.800509289651,0.0
379,9982.800509289651,0.0
380,9982.800509289651,0.0
381,9982.800509289651,0.0
382,9982.800509289651,0.0
383,9982.800509289651,0.0
384,9982.800509289651,0.0
385,9982.800509289651,0.0
386,9982.800509289651,0.0
387,9982.800509289651,0.0
388,9982.800509289651,0.0
389,9982.800509289651,0.0
390,9982.800509289651,0.0
391,9982.800509289651,0.0
392,9982.800509289651,0.0
393,9982.800509289651,0.0
394,9982.800509289651,0.0
395,9982.800509289651,0.0
396,9982.800509289651,0.0
397,9982.800509289651,0.0
398,9982.800509289651,0.0
399,9982.800509289651,0.0
400,9982.800509289651,0.0
401,9982.800509289651,0.0
402,9982.800509289651,0.0
403,9982.800509289651,0.0
404,9982.800509289651,0.0
405,9982.800509289651,0.0
406,9982.800509289651,0.0
407,9982.800509289651,0.0
408,9982.800509289651,0.0
409,9982.800509289651,0.0
410,9982.800509289651,0.0
411,9982.800509289651,0.0
412,9982.800509289651,0.0
413,9982.800509289651,0.0
414,9982.800509289651,0.0
415,9982.800509289651,0.0
416,9982.800509289651,0.0
417,9982.800509289651,0.0
418,9982.800509289651,0.0
419,9960.521308663767,1.0
420,9945.586355975167,0.0
421,9945.586355975167,0.0
422,9945.586355975167,0.0
423,9945.586355975167,0.0
424,9945.586355975167,0.0
425,9945.586355975167,0.0
426,9945.586355975167,0.0
427,9945.586355975167,0.0
428,9945.586355975167,0.0
429,9945.586355975167,0.0
430,9945.586355975167,0.0
431,9945.586355975167,0.0
432,9945.586355975167,0.0
433,9945.586355975167,0.0
434,9945.586355975167,0.0
435,9945.586355975167,0.0
436,9945.586355975167,0.0
437,9945.586355975167,0.0
438,9945.586355975167,0.0
439,9945.586355975167,0.0
440,9945.586355975167,0.0
441,9945.586355975167,0.0
442,9945.586355975167,0.0
443,9945.586355975167,0.0
444,9945.586355975167,0.0
445,9945.586355975167,0.0
446,9945.586355975167,0.0
447,9945.586355975167,0.0
448,9945.586355975167,0.0
449,9945.586355975167,0.0
450,9945.586355975167,0.0
451,9945.586355975167,0.0
452,9945.586355975167,0.0
453,9945.586355975167,0.0
454,9945.586355975167,0.0
455,9945.586355975167,0.0
456,9945.586355975167,0.0
457,9945.586355975167,0.0
458,9945.586355975167,0.0
459,9945.586355975167,0.0
460,9945.586355975167,0.0
461,9945.586355975167,0.0
462,9945.586355975167,0.0
463,9945.586355975167,0.0
464,9945.586355975167,0.0
465,9945.586355975167,0.0
466,9945.586355975167,0.0
467,9945.586355975167,0.0
468,9945.586355975167,0.0
469,9945.586355975167,0.0
470,9945.586355975167,0.0
471,9945.586355975167,0.0
472,9945.586355975167,0.0
473,9945.586355975167,0.0
474,9945.586355975167,0.0
475,9945.586355975167,0.0
476,9945.586355975167,0.0
477,9945.586355975167,0.0
478,9945.586355975167,0.0
479,9945.586355975167,0.0
480,9945.586355975167,0.0
481,9945.586355975167,0.0
482,9945.586355975167,0.0
483,9945.586355975167,0.0
484,9945.586355975167,0.0
485,9945.586355975167,0.0
486,9945.586355975167,0.0
487,9945.586355975167,0.0
488,9945.586355975167,0.0
489,9945.586355975167,0.0
490,9945.586355975167,0.0
491,9945.586355975167,0.0
492,9945.586355975167,0.0
493,9945.586355975167,0.0
494,9945.586355975167,0.0
495,9945.586355975167,0.0
496,9945.586355975167,0.0
497,9945.586355975167,0.0
498,9945.586355975167,0.0
499,9945.586355975167,0.0
500,9945.586355975167,0.0
501,9945.586355975167,0.0
502,9945.586355975167,0.0
503,9945.586355975167,0.0
504,9945.586355975167,0.0
505,9945.586355975167,0.0
506,9945.586355975167,0.0
507,9945.586355975167,0.0
508,9945.586355975167,0.0
509,9945.586355975167,0.0
510,9945.586355975167,0.0
511,9945.586355975167,0.0
512,9945.586355975167,0.0
513,9945.586355975167,0.0
514,9945.586355975167,0.0
515,9945.586355975167,0.0
516,9945.586355975167,0.0
517,9945.586355975167,0.0
518,9945.586355975167,0.0
519,9945.586355975167,0.0
520,9945.586355975167,0.0
521,9945.586355975167,0.0
522,9945.586355975167,0.0
523,9945.586355975167,0.0
524,9945.586355975167,0.0
525,9945.586355975167,0.0
526,9945.586355975167,0.0
527,9945.586355975167,0.0
528,9945.586355975167,0.0
529,9945.586355975167,0.0
530,9945.586355975167,0.0
531,9945.586355975167,0.0
532,9945.586355975167,0.0
533,9945.586355975167,0.0
534,9945.586355975167,0.0
535,9945.586355975167,0.0
536,9945.586355975167,0.0
537,9945.586355975167,0.0
538,9945.586355975167,0.0
539,9945.586355975167,0.0
540,9945.586355975167,0.0
541,9945.586355975167,0.0
542,9945.586355975167,0.0
543,9945.586355975167,0.0
544,9945.586355975167,0.0
545,9945.586355975167,0.0
546,9945.586355975167,0.0
547,9945.586355975167,0.0
548,9945.586355975167,0.0
549,9945.586355975167,0.0
550,9945.586355975167,0.0
551,9945.586355975167,0.0
552,9945.586355975167,0.0
553,9945.586355975167,0.0
554,9945.586355975167,0.0
555,9945.586355975167,0.0
556,9945.586355975167,0.0
557,9945.586355975167,0.0
558,9945.586355975167,0.0
559,9945.586355975167,0.0
560,9945.586355975167,0.0
561,9945.586355975167,0.0
562,9945.586355975167,0.0
563,9945.586355975167,0.0
564,9945.586355975167,0.0
565,9945.586355975167,0.0
566,9945.586355975167,0.0
567,9945.586355975167,0.0
568,9945.586355975167,0.0
569,9945.586355975167,0.0
570,9945.586355975167,0.0
571,9945.586355975167,0.0
572,9945.586355975167,0.0
573,9945.586355975167,0.0
574,9945.586355975167,0.0
575,9945.586355975167,0.0
576,9945.586355975167,0.0
577,9945.586355975167,0.0
578,9945.586355975167,0.0
579,9945.586355975167,0.0
580,9945.586355975167,0.0
581,9945.586355975167,0.0
582,9945.586355975167,0.0
583,9945.586355975167,0.0
584,9945.586355975167,0.0
585,9945.586355975167,0.0
586,9945.586355975167,0.0
587,9945.586355975167,0.0
588,9945.586355975167,0.0
589,9945.586355975167,0.0
590,9945.586355975167,0.0
591,9945.586355975167,0.0
592,9945.586355975167,0.0
593,9945.586355975167,0.0
594,9945.586355975167,0.0
595,9945.586355975167,0.0
596,9945.586355975167,0.0
597,9945.586355975167,0.0
598,9945.586355975167,0.0
599,9945.586355975167,0.0
600,9945.586355975167,0.0
601,9945.586355975167,0.0
602,9945.586355975167,0.0
603,9945.586355975167,0.0
604,9945.586355975167,0.0
605,9945.586355975167,0.0
606,9945.586355975167,0.0
607,9945.586355975167,0.0
608,9945.586355975167,0.0
609,9945.586355975167,0.0
610,9945.586355975167,0.0
611,9945.586355975167,0.0
612,9945.586355975167,0.0
613,9945.586355975167,0.0
614,9945.586355975167,0.0
615,9945.586355975167,0.0
616,9945.586355975167,0.0
617,9945.586355975167,0.0
618,9945.586355975167,0.0
619,9945.586355975167,0.0
620,9945.586355975167,0.0
621,9945.586355975167,0.0
622,9945.586355975167,0.0
623,9945.586355975167,0.0
624,9945.586355975167,0.0
625,9945.586355975167,0.0
626,9945.586355975167,0.0
627,9945.586355975167,0.0
628,9945.586355975167,0.0
629,9945.586355975167,0.0
630,9945.586355975167,0.0
631,9945.586355975167,0.0
632,9945.586355975167,0.0
633,9945.586355975167,0.0
634,9945.586355975167,0.0
635,9945.586355975167,0.0
636,9945.586355975167,0.0
637,9945.586355975167,0.0
638,9945.586355975167,0.0
639,9945.586355975167,0.0
640,9945.586355975167,0.0
641,9945.586355975167,0.0
642,9945.586355975167,0.0
643,9945.586355975167,0.0
644,9945.586355975167,0.0
645,9945.586355975167,0.0
646,9945.586355975167,0.0
647,9945.586355975167,0.0
648,9945.586355975167,0.0
649,9945.586355975167,0.0
650,9945.586355975167,0.0
651,9945.586355975167,0.0
652,9945.586355975167,0.0
653,9945.586355975167,0.0
654,9945.586355975167,0.0
655,9945.586355975167,0.0
656,9945.586355975167,0.0
657,9945.586355975167,0.0
658,9945.586355975167,0.0
659,9945.586355975167,0.0
660,9945.586355975167,0.0
661,9945.586355975167,0.0
662,9945.586355975167,0.0
663,9945.586355975167,0.0
664,9945.586355975167,0.0
665,9945.586355975167,0.0
666,9945.586355975167,0.0
667,9945.586355975167,0.0
668,9945.586355975167,0.0
669,9945.586355975167,0.0
670,9945.586355975167,0.0
671,9945.586355975167,0.0
672,9945.586355975167,0.0
673,9945.586355975167,0.0
674,9945.586355975167,0.0
675,9945.586355975167,0.0
676,9945.586355975167,0.0
677,9945.586355975167,0.0
678,9945.586355975167,0.0
679,9945.586355975167,0.0
680,9945.586355975167,0.0
681,9945.586355975167,0.0
682,9945.586355975167,0.0
683,9945.586355975167,0.0
684,9945.586355975167,0.0
685,9945.586355975167,0.0
686,9945.586355975167,0.0
687,9945.586355975167,0.0
688,9945.586355975167,0.0
689,9945.586355975167,0.0
690,9945.586355975167,0.0
691,9945.586355975167,0.0
692,9945.586355975167,0.0
693,9945.586355975167,0.0
694,9945.586355975167,0.0
695,9945.586355975167,0.0
696,9945.586355975167,0.0
697,9945.586355975167,0.0
698,9945.586355975167,0.0
699,9945.586355975167,0.0
700,9945.586355975167,0.0
701,9945.586355975167,0.0
702,9945.586355975167,0.0
703,9945.586355975167,0.0
704,9945.586355975167,0.0
705,9945.586355975167,0.0
706,9945.586355975167,0.0
707,9945.586355975167,0.0
708,9945.586355975167,0.0
709,9945.586355975167,0.0
710,9945.586355975167,0.0
711,9945.586355975167,0.0
712,9945.586355975167,0.0
713,9945.586355975167,0.0
714,9945.586355975167,0.0
715,9945.586355975167,0.0
716,9945.586355975167,0.0
717,9945.586355975167,0.0
718,9945.586355975167,0.0
719,9945.586355975167,0.0
720,9945.586355975167,0.0
721,9945.586355975167,0.0
722,9945.586355975167,0.0
723,9945.586355975167,0.0
724,9945.586355975167,0.0
725,9945.586355975167,0.0
726,9945.586355975167,0.0
727,9945.586355975167,0.0
728,9945.586355975167,0.0
729,9945.586355975167,0.0
730,9945.586355975167,0.0
731,9945.586355975167,0.0
732,9945.586355975167,0.0
733,9945.586355975167,0.0
734,9945.586355975167,0.0
735,9945.586355975167,0.0
736,9945.586355975167,0.0
737,9945.586355975167,0.0
738,9945.586355975167,0.0
739,9945.586355975167,0.0
740,9945.586355975167,0.0
741,9945.586355975167,0.0
742,9945.586355975167,0.0
743,9945.586355975167,0.0
744,9945.586355975167,0.0
745,9945.586355975167,0.0
746,9945.586355975167,0.0
747,9945.586355975167,0.0
748,9945.586355975167,0.0
749,9945.586355975167,0.0
750,9945.586355975167,0.0
751,9945.586355975167,0.0
752,9945.586355975167,0.0
753,9945.586355975167,0.0
754,9945.586355975167,0.0
755,9945.586355975167,0.0
756,9945.586355975167,0.0
757,9945.586355975167,0.0
758,9945.586355975167,0.0
759,9945.586355975167,0.0
760,9945.586355975167,0.0
761,9945.586355975167,0.0
762,9945.586355975167,0.0
763,9945.586355975167,0.0
764,9945.586355975167,0.0
765,9945.586355975167,0.0
766,9945.586355975167,0.0
767,9945.586355975167,0.0
768,9945.586355975167,0.0
769,9945.586355975167,0.0
770,9945.586355975167,0.0
771,9945.586355975167,0.0
772,9945.586355975167,0.0
773,9945.586355975167,0.0
774,9945.586355975167,0.0
775,9945.586355975167,0.0
776,9945.586355975167,0.0
777,9945.586355975167,0.0
778,9945.586355975167,0.0
779,9945.586355975167,0.0
780,9945.586355975167,0.0
781,9945.586355975167,0.0
782,9945.586355975167,0.0
783,9945.586355975167,0.0
784,9945.586355975167,0.0
785,9945.586355975167,0.0
786,9945.586355975167,0.0
787,9945.586355975167,0.0
788,9945.586355975167,0.0
789,9945.586355975167,0.0
790,9945.586355975167,0.0
791,9945.586355975167,0.0
792,9945.586355975167,0.0
793,9945.586355975167,0.0
794,9945.586355975167,0.0
795,9945.586355975167,0.0
796,9945.586355975167,0.0
797,9945.586355975167,0.0
798,9945.586355975167,0.0
799,9945.586355975167,0.0
800,9945.586355975167,0.0
801,9945.586355975167,0.0
802,9945.586355975167,0.0
803,9945.586355975167,0.0
804,9945.586355975167,0.0
805,9945.586355975167,0.0
806,9945.586355975167,0.0
807,9945.586355975167,0.0
808,9945.586355975167,0.0
809,9945.586355975167,0.0
810,9945.586355975167,0.0
811,9945.586355975167,0.0
812,9945.586355975167,0.0
813,9945.586355975167,0.0
814,9945.586355975167,0.0
815,9945.586355975167,0.0
816,9945.586355975167,0.0
817,9945.586355975167,0.0
818,9945.586355975167,0.0
819,9945.586355975167,0.0
820,9945.586355975167,0.0
821,9945.586355975167,0.0
822,9945.586355975167,0.0
823,9945.586355975167,0.0
824,9945.586355975167,0.0
825,9945.586355975167,0.0
826,9945.586355975167,0.0
827,9945.586355975167,0.0
828,9945.586355975167,0.0
829,9945.586355975167,0.0
830,9945.586355975167,0.0
831,9945.586355975167,0.0
832,9945.586355975167,0.0
833,9945.586355975167,0.0
834,9945.586355975167,0.0
835,9945.586355975167,0.0
836,9945.586355975167,0.0
837,9945.586355975167,0.0
838,9945.586355975167,0.0
839,9945.586355975167,0.0
840,9945.586355975167,0.0
841,9945.586355975167,0.0
842,9945.586355975167,0.0
843,9945.586355975167,0.0
844,9945.586355975167,0.0
845,9924.691769097184,1.0
846,9909.80882977058,0.0
847,9909.80882977058,0.0
848,9909.80882977058,0.0
849,9909.80882977058,0.0
850,9909.80882977058,0.0
851,9909.80882977058,0.0
852,9909.80882977058,0.0
853,9909.80882977058,0.0
854,9909.80882977058,0.0
855,9909.80882977058,0.0
856,9909.80882977058,0.0
857,9909.80882977058,0.0
858,9909.80882977058,0.0
859,9909.80882977058,0.0
860,9909.80882977058,0.0
861,9909.80882977058,0.0
862,9909.80882977058,0.0
863,9909.80882977058,0.0
864,9909.80882977058,0.0
865,9909.80882977058,0.0
866,9909.80882977058,0.0
867,9909.80882977058,0.0
868,9909.80882977058,0.0
869,9909.80882977058,0.0
870,9909.80882977058,0.0
871,9909.80882977058,0.0
872,9909.80882977058,0.0
873,9909.80882977058,0.0
874,9909.80882977058,0.0
875,9909.80882977058,0.0
876,9909.80882977058,0.0
877,9909.80882977058,0.0
878,9909.80882977058,0.0
879,9909.80882977058,0.0
880,9909.80882977058,0.0
881,9909.80882977058,0.0
882,9909.80882977058,0.0
883,9909.80882977058,0.0
884,9909.80882977058,0.0
885,9909.80882977058,0.0
886,9909.80882977058,0.0
887,9909.80882977058,0.0
888,9909.80882977058,0.0
889,9909.80882977058,0.0
890,9909.80882977058,0.0
891,9909.80882977058,0.0
892,9909.80882977058,0.0
893,9909.80882977058,0.0
894,9909.80882977058,0.0
895,9909.80882977058,0.0
896,9909.80882977058,0.0
897,9909.80882977058,0.0
898,9909.80882977058,0.0
899,9909.80882977058,0.0
900,9909.80882977058,0.0
901,9909.80882977058,0.0
902,9909.80882977058,0.0
903,9909.80882977058,0.0
904,9909.80882977058,0.0
905,9909.80882977058,0.0
906,9909.80882977058,0.0
907,9909.80882977058,0.0
908,9909.80882977058,0.0
909,9909.80882977058,0.0
910,9909.80882977058,0.0
911,9909.80882977058,0.0
912,9909.80882977058,0.0
913,9909.80882977058,0.0
914,9909.80882977058,0.0
915,9909.80882977058,0.0
916,9909.80882977058,0.0
917,9909.80882977058,0.0
918,9909.80882977058,0.0
919,9909.80882977058,0.0
920,9909.80882977058,0.0
921,9909.80882977058,0.0
922,9909.80882977058,0.0
923,9909.80882977058,0.0
924,9909.80882977058,0.0
925,9909.80882977058,0.0
926,9909.80882977058,0.0
927,9909.80882977058,0.0
928,9909.80882977058,0.0
929,9909.80882977058,0.0
930,9909.80882977058,0.0
931,9909.80882977058,0.0
932,9909.80882977058,0.0
933,9909.80882977058,0.0
934,9909.80882977058,0.0
935,9909.80882977058,0.0
936,9909.80882977058,0.0
937,9909.80882977058,0.0
938,9909.80882977058,0.0
939,9909.80882977058,0.0
940,9909.80882977058,0.0
941,9909.80882977058,0.0
942,9909.80882977058,0.0
943,9909.80882977058,0.0
944,9909.80882977058,0.0
945,9909.80882977058,0.0
946,9909.80882977058,0.0
947,9909.80882977058,0.0
948,9909.80882977058,0.0
949,9909.80882977058,0.0
950,9909.80882977058,0.0
951,9909.80882977058,0.0
952,9909.80882977058,0.0
953,9909.80882977058,0.0
954,9909.80882977058,0.0
955,9909.80882977058,0.0
956,9909.80882977058,0.0
957,9909.80882977058,0.0
958,9909.80882977058,0.0
959,9909.80882977058,0.0
960,9909.80882977058,0.0
961,9909.80882977058,0.0
962,9909.80882977058,0.0
963,9909.80882977058,0.0
964,9909.80882977058,0.0
965,9909.80882977058,0.0
966,9909.80882977058,0.0
967,9909.80882977058,0.0
968,9909.80882977058,0.0
969,9909.80882977058,0.0
970,9909.80882977058,0.0
971,9909.80882977058,0.0
972,9909.80882977058,0.0
973,9909.80882977058,0.0
974,9909.80882977058,0.0
975,9909.80882977058,0.0
976,9909.80882977058,0.0
977,9909.80882977058,0.0
978,9909.80882977058,0.0
979,9909.80882977058,0.0
980,9909.80882977058,0.0
981,9909.80882977058,0.0
982,9909.80882977058,0.0
983,9909.80882977058,0.0
984,9909.80882977058,0.0
985,9909.80882977058,0.0
986,9909.80882977058,0.0
987,9909.80882977058,0.0
988,9909.80882977058,0.0
989,9909.80882977058,0.0
990,9909.80882977058,0.0
991,9909.80882977058,0.0
992,9909.80882977058,0.0
993,9909.80882977058,0.0
994,9909.80882977058,0.0
995,9909.80882977058,0.0
996,9909.80882977058,0.0
997,9909.80882977058,0.0
998,9909.80882977058,0.0
999,9909.80882977058,0.0
1000,9909.80882977058,0.0
1001,9909.80882977058,0.0
1002,9909.80882977058,0.0
1003,9909.80882977058,0.0
1004,9909.80882977058,0.0
1005,9909.80882977058,0.0
1006,9909.80882977058,0.0
1007,9909.80882977058,0.0
1008,9909.80882977058,0.0
1009,9909.80882977058,0.0
1010,9909.80882977058,0.0
1011,9909.80882977058,0.0
1012,9909.80882977058,0.0
1013,9909.80882977058,0.0
1014,9895.885943830763,1.0
1015,9881.04706285799,0.0
1016,9881.04706285799,0.0
1017,9881.04706285799,0.0
1018,9881.04706285799,0.0
1019,9881.04706285799,0.0
1020,9881.04706285799,0.0
1021,9881.04706285799,0.0
1022,9881.04706285799,0.0
1023,9881.04706285799,0.0
1024,9881.04706285799,0.0
1025,9881.04706285799,0.0
1026,9881.04706285799,0.0
1027,9881.04706285799,0.0
1028,9881.04706285799,0.0
1029,9881.04706285799,0.0
1030,9881.04706285799,0.0
1031,9881.04706285799,0.0
1032,9881.04706285799,0.0
1033,9881.04706285799,0.0
1034,9881.04706285799,0.0
1035,9881.04706285799,0.0
1036,9881.04706285799,0.0
1037,9881.04706285799,0.0
1038,9881.04706285799,0.0
1039,9881.04706285799,0.0
1040,9881.04706285799,0.0
1041,9881.04706285799,0.0
1042,9881.04706285799,0.0
1043,9881.04706285799,0.0
1044,9881.04706285799,0.0
1045,9881.04706285799,0.0
1046,9881.04706285799,0.0
1047,9881.04706285799,0.0
1048,9881.04706285799,0.0
1049,9881.04706285799,0.0
1050,9881.04706285799,0.0
1051,9881.04706285799,0.0
1052,9881.04706285799,0.0
1053,9881.04706285799,0.0
1054,9881.04706285799,0.0
1055,9881.04706285799,0.0
1056,9881.04706285799,0.0
1057,9881.04706285799,0.0
1058,9881.04706285799,0.0
1059,9881.04706285799,0.0
1060,9881.04706285799,0.0
1061,9881.04706285799,0.0
1062,9881.04706285799,0.0
1063,9881.04706285799,0.0
1064,9881.04706285799,0.0
1065,9881.04706285799,0.0
1066,9881.04706285799,0.0
1067,9881.04706285799,0.0
1068,9881.04706285799,0.0
1069,9881.04706285799,0.0
1070,9881.04706285799,0.0
1071,9881.04706285799,0.0
1072,9881.04706285799,0.0
1073,9881.04706285799,0.0
1074,9881.04706285799,0.0
1075,9881.04706285799,0.0
1076,9881.04706285799,0.0
1077,9881.04706285799,0.0
1078,9881.04706285799,0.0
1079,9881.04706285799,0.0
1080,9881.04706285799,0.0
1081,9881.04706285799,0.0
1082,9881.04706285799,0.0
1083,9881.04706285799,0.0
1084,9881.04706285799,0.0
1085,9881.04706285799,0.0
1086,9881.04706285799,0.0
1087,9881.04706285799,0.0
1088,9896.015953157352,1.0
1089,9881.175982524897,0.0
1090,9881.175982524897,0.0
1091,9881.175982524897,0.0
1092,9881.175982524897,0.0
1093,9881.175982524897,0.0
1094,9881.175982524897,0.0
1095,9881.175982524897,0.0
1096,9881.175982524897,0.0
1097,9881.175982524897,0.0
1098,9881.175982524897,0.0
1099,9881.175982524897,0.0
1100,9881.175982524897,0.0
1101,9881.175982524897,0.0
1102,9881.175982524897,0.0
1103,9881.175982524897,0.0
1104,9881.175982524897,0.0
1105,9881.175982524897,0.0
1106,9881.175982524897,0.0
1107,9881.175982524897,0.0
1108,9881.175982524897,0.0
1109,9881.175982524897,0.0
1110,9881.175982524897,0.0
1111,9881.175982524897,0.0
1112,9881.175982524897,0.0
1113,9881.175982524897,0.0
1114,9881.175982524897,0.0
1115,9881.175982524897,0.0
1116,9881.175982524897,0.0
1117,9881.175982524897,0.0
1118,9881.175982524897,0.0
1119,9881.175982524897,0.0
1120,9881.175982524897,0.0
1121,9881.175982524897,0.0
1122,9881.175982524897,0.0
1123,9881.175982524897,0.0
1124,9881.175982524897,0.0
1125,9881.175982524897,0.0
1126,9881.175982524897,0.0
1127,9881.175982524897,0.0
1128,9881.175982524897,0.0
1129,9881.175982524897,0.0
1130,9881.175982524897,0.0
1131,9881.175982524897,0.0
1132,9881.175982524897,0.0
1133,9881.175982524897,0.0
1134,9881.175982524897,0.0
1135,9881.175982524897,0.0
1136,9881.175982524897,0.0
1137,9881.175982524897,0.0
1138,9881.175982524897,0.0
1139,9881.175982524897,0.0
1140,9881.175982524897,0.0
1141,9881.175982524897,0.0
1142,9881.175982524897,0.0
1143,9881.175982524897,0.0
1144,9881.175982524897,0.0
1145,9881.175982524897,0.0
1146,9881.175982524897,0.0
1147,9881.175982524897,0.0
1148,9881.175982524897,0.0
1149,9881.175982524897,0.0
1150,9881.175982524897,0.0
1151,9881.175982524897,0.0
1152,9881.175982524897,0.0
1153,9881.175982524897,0.0
1154,9881.175982524897,0.0
1155,9881.175982524897,0.0
1156,9881.175982524897,0.0
1157,9881.175982524897,0.0
1158,9881.175982524897,0.0
1159,9881.175982524897,0.0
1160,9881.175982524897,0.0
1161,9881.175982524897,0.0
1162,9881.175982524897,0.0
1163,9881.175982524897,0.0
1164,9881.175982524897,0.0
1165,9881.175982524897,0.0
1166,9881.175982524897,0.0
1167,9881.175982524897,0.0
1168,9881.175982524897,0.0
1169,9881.175982524897,0.0
1170,9881.175982524897,0.0
1171,9881.175982524897,0.0
1172,9881.175982524897,0.0
1173,9881.175982524897,0.0
1174,9881.175982524897,0.0
1175,9881.175982524897,0.0
1176,9881.175982524897,0.0
1177,9881.175982524897,0.0
1178,9881.175982524897,0.0
1179,9881.175982524897,0.0
1180,9881.175982524897,0.0
1181,9881.175982524897,0.0
1182,9881.175982524897,0.0
1183,9881.175982524897,0.0
1184,9881.175982524897,0.0
1185,9881.175982524897,0.0
1186,9881.175982524897,0.0
1187,9881.175982524897,0.0
1188,9881.175982524897,0.0
1189,9881.175982524897,0.0
1190,9881.175982524897,0.0
1191,9881.175982524897,0.0
1192,9881.175982524897,0.0
1193,9881.175982524897,0.0
1194,9881.175982524897,0.0
1195,9881.175982524897,0.0
1196,9881.175982524897,0.0
1197,9881.175982524897,0.0
1198,9881.175982524897,0.0
1199,9881.175982524897,0.0
1200,9881.175982524897,0.0
1201,9881.175982524897,0.0
1202,9881.175982524897,0.0
1203,9881.175982524897,0.0
1204,9881.175982524897,0.0
1205,9881.175982524897,0.0
1206,9881.175982524897,0.0
1207,9881.175982524897,0.0
1208,9881.175982524897,0.0
1209,9881.175982524897,0.0
1210,9881.175982524897,0.0
1211,9881.175982524897,0.0
1212,9881.175982524897,0.0
1213,9881.175982524897,0.0
1214,9881.175982524897,0.0
1215,9881.175982524897,0.0
1216,9881.175982524897,0.0
1217,9881.175982524897,0.0
1218,9881.175982524897,0.0
1219,9881.175982524897,0.0
1220,9881.175982524897,0.0
1221,9881.175982524897,0.0
1222,9881.175982524897,0.0
1223,9881.175982524897,0.0
1224,9881.175982524897,0.0
1225,9881.175982524897,0.0
1226,9881.175982524897,0.0
1227,9881.175982524897,0.0
1228,9881.175982524897,0.0
1229,9881.175982524897,0.0
1230,9881.175982524897,0.0
1231,9881.175982524897,0.0
1232,9881.175982524897,0.0
1233,9881.175982524897,0.0
1234,9881.175982524897,0.0
1235,9881.175982524897,0.0
1236,9881.175982524897,0.0
1237,9881.175982524897,0.0
1238,9881.175982524897,0.0
1239,9881.175982524897,0.0
1240,9881.175982524897,0.0
1241,9881.175982524897,0.0
1242,9881.175982524897,0.0
1243,9881.175982524897,0.0
1244,9881.175982524897,0.0
1245,9881.175982524897,0.0
1246,9881.175982524897,0.0
1247,9881.175982524897,0.0
1248,9881.175982524897,0.0
1249,9881.175982524897,0.0
1250,9881.175982524897,0.0
1251,9881.175982524897,0.0
1252,9881.175982524897,0.0
1253,9881.175982524897,0.0
1254,9881.175982524897,0.0
1255,9881.175982524897,0.0
1256,9881.175982524897,0.0
1257,9881.175982524897,0.0
1258,9881.175982524897,0.0
1259,9881.175982524897,0.0
1260,9881.175982524897,0.0
1261,9881.175982524897,0.0
1262,9881.175982524897,0.0
1263,9881.175982524897,0.0
1264,9881.175982524897,0.0
1265,9881.175982524897,0.0
1266,9881.175982524897,0.0
1267,9881.175982524897,0.0
1268,9881.175982524897,0.0
1269,9881.175982524897,0.0
1270,9881.175982524897,0.0
1271,9881.175982524897,0.0
1272,9881.175982524897,0.0
1273,9881.175982524897,0.0
1274,9881.175982524897,0.0
1275,9881.175982524897,0.0
1276,9881.175982524897,0.0
1277,9881.175982524897,0.0
1278,9881.175982524897,0.0
1279,9881.175982524897,0.0
1280,9881.175982524897,0.0
1281,9881.175982524897,0.0
1282,9881.175982524897,0.0
1283,9881.175982524897,0.0
1284,9881.175982524897,0.0
1285,9881.175982524897,0.0
1286,9881.175982524897,0.0
1287,9881.175982524897,0.0
1288,9881.175982524897,0.0
1289,9881.175982524897,0.0
1290,9881.175982524897,0.0
1291,9881.175982524897,0.0
1292,9881.175982524897,0.0
1293,9881.175982524897,0.0
1294,9881.175982524897,0.0
1295,9881.175982524897,0.0
1296,9881.175982524897,0.0
1297,9881.175982524897,0.0
1298,9881.175982524897,0.0
1299,9881.175982524897,0.0
1300,9881.175982524897,0.0
1301,9881.175982524897,0.0
1302,9881.175982524897,0.0
1303,9881.175982524897,0.0
1304,9881.175982524897,0.0
1305,9881.175982524897,0.0
1306,9881.175982524897,0.0
1307,9881.175982524897,0.0
1308,9881.175982524897,0.0
1309,9881.175982524897,0.0
1310,9881.175982524897,0.0
1311,9881.175982524897,0.0
1312,9881.175982524897,0.0
1313,9881.175982524897,0.0
1314,9881.175982524897,0.0
1315,9881.175982524897,0.0
1316,9881.175982524897,0.0
1317,9881.175982524897,0.0
1318,9881.175982524897,0.0
1319,9881.175982524897,0.0
1320,9881.175982524897,0.0
1321,9881.175982524897,0.0
1322,9881.175982524897,0.0
1323,9881.175982524897,0.0
1324,9881.175982524897,0.0
1325,9881.175982524897,0.0
1326,9881.175982524897,0.0
1327,9881.175982524897,0.0
1328,9881.175982524897,0.0
1329,9881.175982524897,0.0
1330,9881.175982524897,0.0
1331,9881.175982524897,0.0
1332,9881.175982524897,0.0
1333,9881.175982524897,0.0
1334,9881.175982524897,0.0
1335,9881.175982524897,0.0
1336,9881.175982524897,0.0
1337,9881.175982524897,0.0
1338,9881.175982524897,0.0
1339,9881.175982524897,0.0
1340,9881.175982524897,0.0
1341,9881.175982524897,0.0
1342,9881.175982524897,0.0
1343,9881.175982524897,0.0
1344,9881.175982524897,0.0
1345,9881.175982524897,0.0
1346,9881.175982524897,0.0
1347,9881.175982524897,0.0
1348,9881.175982524897,0.0
1349,9881.175982524897,0.0
1350,9881.175982524897,0.0
1351,9881.175982524897,0.0
1352,9881.175982524897,0.0
1353,9881.175982524897,0.0
1354,9853.311714857853,1.0
1355,9838.538430762583,0.0
1356,9838.538430762583,0.0
1357,9838.538430762583,0.0
1358,9838.538430762583,0.0
1359,9838.538430762583,0.0
1360,9838.538430762583,0.0
1361,9838.538430762583,0.0
1362,9838.538430762583,0.0
1363,9838.538430762583,0.0
1364,9838.538430762583,0.0
1365,9838.538430762583,0.0
1366,9838.538430762583,0.0
1367,9838.538430762583,0.0
1368,9838.538430762583,0.0
1369,9838.538430762583,0.0
1370,9838.538430762583,0.0
1371,9838.538430762583,0.0
1372,9838.538430762583,0.0
1373,9838.538430762583,0.0
1374,9838.538430762583,0.0
1375,9838.538430762583,0.0
1376,9838.538430762583,0.0
1377,9838.538430762583,0.0
1378,9838.538430762583,0.0
1379,9838.538430762583,0.0
1380,9838.538430762583,0.0
1381,9838.538430762583,0.0
1382,9838.538430762583,0.0
1383,9838.538430762583,0.0
1384,9838.538430762583,0.0
1385,9838.538430762583,0.0
1386,9838.538430762583,0.0
1387,9838.538430762583,0.0
1388,9838.538430762583,0.0
1389,9838.538430762583,0.0
1390,9838.538430762583,0.0
1391,9838.538430762583,0.0
1392,9838.538430762583,0.0
1393,9838.538430762583,0.0
1394,9838.538430762583,0.0
1395,9838.538430762583,0.0
1396,9838.538430762583,0.0
1397,9838.538430762583,0.0
1398,9838.538430762583,0.0
1399,9838.538430762583,0.0
1400,9838.538430762583,0.0
1401,9838.538430762583,0.0
1402,9838.538430762583,0.0
1403,9838.538430762583,0.0
1404,9838.538430762583,0.0
1405,9838.538430762583,0.0
1406,9838.538430762583,0.0
1407,9838.538430762583,0.0
1408,9838.538430762583,0.0
1409,9838.538430762583,0.0
1410,9838.538430762583,0.0
1411,9838.538430762583,0.0
1412,9838.538430762583,0.0
1413,9838.538430762583,0.0
1414,9838.538430762583,0.0
1415,9838.538430762583,0.0
1416,9838.538430762583,0.0
1417,9838.538430762583,0.0
1418,9838.538430762583,0.0
1419,9838.538430762583,0.0
1420,9838.538430762583,0.0
1421,9838.538430762583,0.0
1422,9838.538430762583,0.0
1423,9838.538430762583,0.0
1424,9838.538430762583,0.0
1425,9838.538430762583,0.0
1426,9838.538430762583,0.0
1427,9838.538430762583,0.0
1428,9838.538430762583,0.0
1429,9838.538430762583,0.0
1430,9838.538430762583,0.0
1431,9838.538430762583,0.0
1432,9838.538430762583,0.0
1433,9838.538430762583,0.0
1434,9838.538430762583,0.0
1435,9838.538430762583,0.0
1436,9838.538430762583,0.0
1437,9838.538430762583,0.0
1438,9838.538430762583,0.0
1439,9838.538430762583,0.0
1440,9838.538430762583,0.0
1441,9838.538430762583,0.0
1442,9838.538430762583,0.0
1443,9838.538430762583,0.0
1444,9838.538430762583,0.0
1445,9838.538430762583,0.0
1446,9838.538430762583,0.0
1447,9838.538430762583,0.0
1448,9838.538430762583,0.0
1449,9838.538430762583,0.0
1450,9838.538430762583,0.0
1451,9838.538430762583,0.0
1452,9838.538430762583,0.0
1453,9838.538430762583,0.0
1454,9838.538430762583,0.0
1455,9838.538430762583,0.0
1456,9838.538430762583,0.0
1457,9838.538430762583,0.0
1458,9838.538430762583,0.0
1459,9838.538430762583,0.0
1460,9838.538430762583,0.0
1461,9838.538430762583,0.0
1462,9838.538430762583,0.0
1463,9838.538430762583,0.0
1464,9838.538430762583,0.0
1465,9838.538430762583,0.0
1466,9838.538430762583,0.0
1467,9838.538430762583,0.0
1468,9838.538430762583,0.0
1469,9838.538430762583,0.0
1470,9838.538430762583,0.0
1471,9838.538430762583,0.0
1472,9838.538430762583,0.0
1473,9838.538430762583,0.0
1474,9838.538430762583,0.0
1475,9838.538430762583,0.0
1476,9838.538430762583,0.0
1477,9838.538430762583,0.0
1478,9838.538430762583,0.0
1479,9838.538430762583,0.0
1480,9838.538430762583,0.0
1481,9838.538430762583,0.0
1482,9838.538430762583,0.0
1483,9838.538430762583,0.0
1484,9838.538430762583,0.0
1485,9838.538430762583,0.0
1486,9838.538430762583,0.0
1487,9838.538430762583,0.0
1488,9838.538430762583,0.0
1489,9838.538430762583,0.0
1490,9838.538430762583,0.0
1491,9838.538430762583,0.0
1492,9838.538430762583,0.0
1493,9838.538430762583,0.0
1494,9838.538430762583,0.0
1495,9838.538430762583,0.0
1496,9838.538430762583,0.0
1497,9838.538430762583,0.0
1498,9838.538430762583,0.0
1499,9838.538430762583,0.0
1500,9838.538430762583,0.0
1501,9838.538430762583,0.0
1502,9838.538430762583,0.0
1503,9838.538430762583,0.0
1504,9838.538430762583,0.0
1505,9838.538430762583,0.0
1506,9838.538430762583,0.0
1507,9838.538430762583,0.0
1508,9838.538430762583,0.0
1509,9838.538430762583,0.0
1510,9838.538430762583,0.0
1511,9838.538430762583,0.0
1512,9838.538430762583,0.0
1513,9838.538430762583,0.0
1514,9838.538430762583,0.0
1515,9838.538430762583,0.0
1516,9838.538430762583,0.0
1517,9838.538430762583,0.0
1518,9838.538430762583,0.0
1519,9838.538430762583,0.0
1520,9838.538430762583,0.0
1521,9838.538430762583,0.0
1522,9838.538430762583,0.0
1523,9838.538430762583,0.0
1524,9838.538430762583,0.0
1525,9838.538430762583,0.0
1526,9838.538430762583,0.0
1527,9838.538430762583,0.0
1528,9838.538430762583,0.0
1529,9838.538430762583,0.0
1530,9838.538430762583,0.0
1531,9838.538430762583,0.0
1532,9838.538430762583,0.0
1533,9838.538430762583,0.0
1534,9838.538430762583,0.0
1535,9838.538430762583,0.0
1536,9838.538430762583,0.0
1537,9838.538430762583,0.0
1538,9838.538430762583,0.0
1539,9838.538430762583,0.0
1540,9838.538430762583,0.0
1541,9838.538430762583,0.0
1542,9838.538430762583,0.0
1543,9838.538430762583,0.0
1544,9838.538430762583,0.0
1545,9838.538430762583,0.0
1546,9838.538430762583,0.0
1547,9838.538430762583,0.0
1548,9838.538430762583,0.0
1549,9838.538430762583,0.0
1550,9838.538430762583,0.0
1551,9838.538430762583,0.0
1552,9838.538430762583,0.0
1553,9838.538430762583,0.0
1554,9838.538430762583,0.0
1555,9838.538430762583,0.0
1556,9838.538430762583,0.0
1557,9838.538430762583,0.0
1558,9838.538430762583,0.0
1559,9838.538430762583,0.0
1560,9838.538430762583,0.0
1561,9838.538430762583,0.0
1562,9838.538430762583,0.0
1563,9838.538430762583,0.0
1564,9838.538430762583,0.0
1565,9838.538430762583,0.0
1566,9838.538430762583,0.0
1567,9838.538430762583,0.0
1568,9838.538430762583,0.0
1569,9838.538430762583,0.0
1570,9838.538430762583,0.0
1571,9838.538430762583,0.0
1572,9838.538430762583,0.0
1573,9838.538430762583,0.0
1574,9838.538430762583,0.0
1575,9838.538430762583,0.0
1576,9838.538430762583,0.0
1577,9838.538430762583,0.0
1578,9838.538430762583,0.0
1579,9838.538430762583,0.0
1580,9838.538430762583,0.0
1581,9838.538430762583,0.0
1582,9838.538430762583,0.0
1583,9838.538430762583,0.0
1584,9838.538430762583,0.0
1585,9838.538430762583,0.0
1586,9838.538430762583,0.0
1587,9838.538430762583,0.0
1588,9838.538430762583,0.0
1589,9838.538430762583,0.0
1590,9838.538430762583,0.0
1591,9838.538430762583,0.0
1592,9838.538430762583,0.0
1593,9838.538430762583,0.0
1594,9838.538430762583,0.0
1595,9838.538430762583,0.0
1596,9838.538430762583,0.0
1597,9838.538430762583,0.0
1598,9838.538430762583,0.0
1599,9838.538430762583,0.0
1600,9838.538430762583,0.0
1601,9838.538430762583,0.0
1602,9838.538430762583,0.0
1603,9838.538430762583,0.0
1604,9838.538430762583,0.0
1605,9838.538430762583,0.0
1606,9838.538430762583,0.0
1607,9838.538430762583,0.0
1608,9838.538430762583,0.0
1609,9838.538430762583,0.0
1610,9838.538430762583,0.0
1611,9838.538430762583,0.0
1612,9838.538430762583,0.0
1613,9838.538430762583,0.0
1614,9838.538430762583,0.0
1615,9838.538430762583,0.0
1616,9838.538430762583,0.0
1617,9838.538430762583,0.0
1618,9838.538430762583,0.0
1619,9838.538430762583,0.0
1620,9838.538430762583,0.0
1621,9838.538430762583,0.0
1622,9838.538430762583,0.0
1623,9838.538430762583,0.0
1624,9838.538430762583,0.0
1625,9838.538430762583,0.0
1626,9838.538430762583,0.0
1627,9838.538430762583,0.0
1628,9838.538430762583,0.0
1629,9838.538430762583,0.0
1630,9838.538430762583,0.0
1631,9838.538430762583,0.0
1632,9838.538430762583,0.0
1633,9838.538430762583,0.0
1634,9838.538430762583,0.0
1635,9838.538430762583,0.0
1636,9838.538430762583,0.0
1637,9838.538430762583,0.0
1638,9838.538430762583,0.0
1639,9838.538430762583,0.0
1640,9838.538430762583,0.0
1641,9838.538430762583,0.0
1642,9838.538430762583,0.0
1643,9838.538430762583,0.0
1644,9838.538430762583,0.0
1645,9838.538430762583,0.0
1646,9838.538430762583,0.0
1647,9838.538430762583,0.0
1648,9838.538430762583,0.0
1649,9838.538430762583,0.0
1650,9838.538430762583,0.0
1651,9838.538430762583,0.0
1652,9838.538430762583,0.0
1653,9838.538430762583,0.0
1654,9838.538430762583,0.0
1655,9838.538430762583,0.0
1656,9838.538430762583,0.0
1657,9838.538430762583,0.0
1658,9838.538430762583,0.0
1659,9838.538430762583,0.0
1660,9838.538430762583,0.0
1661,9838.538430762583,0.0
1662,9838.538430762583,0.0
1663,9838.538430762583,0.0
1664,9838.538430762583,0.0
1665,9838.538430762583,0.0
1666,9838.538430762583,0.0
1667,9838.538430762583,0.0
1668,9838.538430762583,0.0
1669,9838.538430762583,0.0
1670,9838.538430762583,0.0
1671,9838.538430762583,0.0
1672,9838.538430762583,0.0
1673,9838.538430762583,0.0
1674,9838.538430762583,0.0
1675,9838.538430762583,0.0
1676,9838.538430762583,0.0
1677,9838.538430762583,0.0
1678,9838.538430762583,0.0
1679,9838.538430762583,0.0
1680,9838.538430762583,0.0
1681,9838.538430762583,0.0
1682,9838.538430762583,0.0
1683,9838.538430762583,0.0
1684,9838.538430762583,0.0
1685,9838.538430762583,0.0
1686,9838.538430762583,0.0
1687,9838.538430762583,0.0
1688,9838.538430762583,0.0
1689,9838.538430762583,0.0
1690,9838.538430762583,0.0
1691,9838.538430762583,0.0
1692,9838.538430762583,0.0
1693,9838.538430762583,0.0
1694,9838.538430762583,0.0
1695,9838.538430762583,0.0
1696,9838.538430762583,0.0
1697,9838.538430762583,0.0
1698,9838.538430762583,0.0
1699,9838.538430762583,0.0
1700,9838.538430762583,0.0
1701,9838.538430762583,0.0
1702,9838.538430762583,0.0
1703,9838.538430762583,0.0
1704,9838.538430762583,0.0
1705,9838.538430762583,0.0
1706,9838.538430762583,0.0
1707,9838.538430762583,0.0
1708,9838.538430762583,0.0
1709,9838.538430762583,0.0
1710,9838.538430762583,0.0
1711,9838.538430762583,0.0
1712,9838.538430762583,0.0
1713,9838.538430762583,0.0
1714,9838.538430762583,0.0
1715,9838.538430762583,0.0
1716,9838.538430762583,0.0
1717,9838.538430762583,0.0
1718,9838.538430762583,0.0
1719,9838.538430762583,0.0
1720,9838.538430762583,0.0
1721,9838.538430762583,0.0
1722,9838.538430762583,0.0
1723,9838.538430762583,0.0
1724,9838.538430762583,0.0
1725,9838.538430762583,0.0
1726,9838.538430762583,0.0
1727,9838.538430762583,0.0
1728,9838.538430762583,0.0
1729,9838.538430762583,0.0
1730,9838.538430762583,0.0
1731,9838.538430762583,0.0
1732,9838.538430762583,0.0
1733,9838.538430762583,0.0
1734,9838.538430762583,0.0
1735,9838.538430762583,0.0
1736,9838.538430762583,0.0
1737,9838.538430762583,0.0
1738,9838.538430762583,0.0
1739,9838.538430762583,0.0
1740,9838.538430762583,0.0
1741,9838.538430762583,0.0
1742,9838.538430762583,0.0
1743,9838.538430762583,0.0
1744,9838.538430762583,0.0
1745,9838.538430762583,0.0
1746,9838.538430762583,0.0
1747,9838.538430762583,0.0
1748,9838.538430762583,0.0
1749,9838.538430762583,0.0
1750,9838.538430762583,0.0
1751,9838.538430762583,0.0
1752,9838.538430762583,0.0
1753,9838.538430762583,0.0
1754,9838.538430762583,0.0
1755,9838.538430762583,0.0
1756,9838.538430762583,0.0
1757,9838.538430762583,0.0
1758,9838.538430762583,0.0
1759,9838.538430762583,0.0
1760,9838.538430762583,0.0
1761,9838.538430762583,0.0
1762,9838.538430762583,0.0
1763,9838.538430762583,0.0
1764,9838.538430762583,0.0
1765,9838.538430762583,0.0
1766,9838.538430762583,0.0
1767,9838.538430762583,0.0
1768,9838.538430762583,0.0
1769,9838.538430762583,0.0
1770,9838.538430762583,0.0
1771,9838.538430762583,0.0
1772,9838.538430762583,0.0
1773,9838.538430762583,0.0
1774,9838.538430762583,0.0
1775,9838.538430762583,0.0
1776,9838.538430762583,0.0
1777,9838.538430762583,0.0
1778,9838.538430762583,0.0
1779,9838.538430762583,0.0
1780,9838.538430762583,0.0
1781,9838.538430762583,0.0
1782,9838.538430762583,0.0
1783,9838.538430762583,0.0
1784,9838.538430762583,0.0
1785,9838.538430762583,0.0
1786,9838.538430762583,0.0
1787,9838.538430762583,0.0
1788,9838.538430762583,0.0
1789,9838.538430762583,0.0
1790,9838.538430762583,0.0
1791,9838.538430762583,0.0
1792,9838.538430762583,0.0
1793,9838.538430762583,0.0
1794,9838.538430762583,0.0
1795,9838.538430762583,0.0
1796,9838.538430762583,0.0
1797,9838.538430762583,0.0
1798,9838.538430762583,0.0
1799,9838.538430762583,0.0
1800,9838.538430762583,0.0
1801,9838.538430762583,0.0
1802,9838.538430762583,0.0
1803,9838.538430762583,0.0
1804,9838.538430762583,0.0
1805,9838.538430762583,0.0
1806,9838.538430762583,0.0
1807,9838.538430762583,0.0
1808,9838.538430762583,0.0
1809,9838.538430762583,0.0
1810,9838.538430762583,0.0
1811,9838.538430762583,0.0
1812,9838.538430762583,0.0
1813,9838.538430762583,0.0
1814,9838.538430762583,0.0
1815,9838.538430762583,0.0
1816,9838.538430762583,0.0
1817,9838.538430762583,0.0
1818,9838.538430762583,0.0
1819,9838.538430762583,0.0
1820,9838.538430762583,0.0
1821,9838.538430762583,0.0
1822,9838.538430762583,0.0
1823,9838.538430762583,0.0
1824,9838.538430762583,0.0
1825,9838.538430762583,0.0
1826,9838.538430762583,0.0
1827,9838.538430762583,0.0
1828,9838.538430762583,0.0
1829,9838.538430762583,0.0
1830,9838.538430762583,0.0
1831,9838.538430762583,0.0
1832,9838.538430762583,0.0
1833,9838.538430762583,0.0
1834,9838.538430762583,0.0
1835,9838.538430762583,0.0
1836,9838.538430762583,0.0
1837,9838.538430762583,0.0
1838,9838.538430762583,0.0
1839,9838.538430762583,0.0
1840,9838.538430762583,0.0
1841,9838.538430762583,0.0
1842,9838.538430762583,0.0
1843,9838.538430762583,0.0
1844,9838.538430762583,0.0
1845,9838.538430762583,0.0
1846,9838.538430762583,0.0
1847,9838.538430762583,0.0
1848,9838.538430762583,0.0
1849,9838.538430762583,0.0
1850,9838.538430762583,0.0
1851,9838.538430762583,0.0
1852,9838.538430762583,0.0
1853,9838.538430762583,0.0
1854,9838.538430762583,0.0
1855,9838.538430762583,0.0
1856,9838.538430762583,0.0
1857,9838.538430762583,0.0
1858,9838.538430762583,0.0
1859,9838.538430762583,0.0
1860,9838.538430762583,0.0
1861,9838.538430762583,0.0
1862,9838.538430762583,0.0
1863,9838.538430762583,0.0
1864,9838.538430762583,0.0
1865,9838.538430762583,0.0
1866,9838.538430762583,0.0
1867,9838.538430762583,0.0
1868,9838.538430762583,0.0
1869,9838.538430762583,0.0
1870,9838.538430762583,0.0
1871,9838.538430762583,0.0
1872,9838.538430762583,0.0
1873,9838.538430762583,0.0
1874,9838.538430762583,0.0
1875,9838.538430762583,0.0
1876,9838.538430762583,0.0
1877,9838.538430762583,0.0
1878,9838.538430762583,0.0
1879,9838.538430762583,0.0
1880,9838.538430762583,0.0
1881,9838.538430762583,0.0
1882,9838.538430762583,0.0
1883,9838.538430762583,0.0
1884,9838.538430762583,0.0
1885,9838.538430762583,0.0
1886,9838.538430762583,0.0
1887,9838.538430762583,0.0
1888,9838.538430762583,0.0
1889,9838.538430762583,0.0
1890,9838.538430762583,0.0
1891,9838.538430762583,0.0
1892,9838.538430762583,0.0
1893,9838.538430762583,0.0
1894,9838.538430762583,0.0
1895,9838.538430762583,0.0
1896,9838.538430762583,0.0
1897,9838.538430762583,0.0
1898,9838.538430762583,0.0
1899,9838.538430762583,0.0
1900,9838.538430762583,0.0
1901,9838.538430762583,0.0
1902,9838.538430762583,0.0
1903,9838.538430762583,0.0
1904,9838.538430762583,0.0
1905,9838.538430762583,0.0
1906,9838.538430762583,0.0
1907,9838.538430762583,0.0
1908,9838.538430762583,0.0
1909,9838.538430762583,0.0
1910,9838.538430762583,0.0
1911,9838.538430762583,0.0
1912,9838.538430762583,0.0
1913,9838.538430762583,0.0
1914,9838.538430762583,0.0
1915,9838.538430762583,0.0
1916,9838.538430762583,0.0
1917,9838.538430762583,0.0
1918,9838.538430762583,0.0
1919,9838.538430762583,0.0
1920,9838.538430762583,0.0
1921,9838.538430762583,0.0
1922,9838.538430762583,0.0
1923,9838.538430762583,0.0
1924,9838.538430762583,0.0
1925,9838.538430762583,0.0
1926,9838.538430762583,0.0
1927,9838.538430762583,0.0
1928,9838.538430762583,0.0
1929,9838.538430762583,0.0
1930,9838.538430762583,0.0
1931,9838.538430762583,0.0
1932,9838.538430762583,0.0
1933,9838.538430762583,0.0
1934,9838.538430762583,0.0
1935,9838.538430762583,0.0
1936,9838.538430762583,0.0
1937,9838.538430762583,0.0
1938,9838.538430762583,0.0
1939,9838.538430762583,0.0
1940,9838.538430762583,0.0
1941,9838.538430762583,0.0
1942,9838.538430762583,0.0
1943,9838.538430762583,0.0
1944,9838.538430762583,0.0
1945,9838.538430762583,0.0
1946,9838.538430762583,0.0
1947,9838.538430762583,0.0
1948,9838.538430762583,0.0
1949,9838.538430762583,0.0
1950,9838.538430762583,0.0
1951,9838.538430762583,0.0
1952,9838.538430762583,0.0
1953,9838.538430762583,0.0
1954,9838.538430762583,0.0
1955,9838.538430762583,0.0
1956,9838.538430762583,0.0
1957,9838.538430762583,0.0
1958,9838.538430762583,0.0
1959,9838.538430762583,0.0
1960,9838.538430762583,0.0
1961,9838.538430762583,0.0
1962,9838.538430762583,0.0
1963,9838.538430762583,0.0
1964,9838.538430762583,0.0
1965,9838.538430762583,0.0
1966,9838.538430762583,0.0
1967,9838.538430762583,0.0
1968,9838.538430762583,0.0
1969,9838.538430762583,0.0
1970,9838.538430762583,0.0
1971,9838.538430762583,0.0
1972,9838.538430762583,0.0
1973,9838.538430762583,0.0
1974,9838.538430762583,0.0
1975,9838.538430762583,0.0
1976,9838.538430762583,0.0
1977,9838.538430762583,0.0
1978,9838.538430762583,0.0
1979,9838.538430762583,0.0
1980,9838.538430762583,0.0
1981,9838.538430762583,0.0
1982,9838.538430762583,0.0
1983,9838.538430762583,0.0
1984,9838.538430762583,0.0
1985,9838.538430762583,0.0
1986,9838.538430762583,0.0
1987,9838.538430762583,0.0
1988,9838.538430762583,0.0
1989,9838.538430762583,0.0
1990,9838.538430762583,0.0
1991,9838.538430762583,0.0
1992,9838.538430762583,0.0
1993,9838.538430762583,0.0
1994,9838.538430762583,0.0
1995,9838.538430762583,0.0
1996,9838.538430762583,0.0
1997,9838.538430762583,0.0
1998,9838.538430762583,0.0
1999,9838.538430762583,0.0
2000,9838.538430762583,0.0
2001,9838.538430762583,0.0
2002,9838.538430762583,0.0
2003,9838.538430762583,0.0
2004,9838.538430762583,0.0
2005,9838.538430762583,0.0
2006,9838.538430762583,0.0
2007,9838.538430762583,0.0
2008,9838.538430762583,0.0
2009,9838.538430762583,0.0
2010,9838.538430762583,0.0
2011,9838.538430762583,0.0
2012,9838.538430762583,0.0
2013,9838.538430762583,0.0
2014,9838.538430762583,0.0
2015,9838.538430762583,0.0
2016,9838.538430762583,0.0
2017,9838.538430762583,0.0
2018,9838.538430762583,0.0
2019,9838.538430762583,0.0
2020,9838.538430762583,0.0
2021,9838.538430762583,0.0
2022,9838.538430762583,0.0
2023,9838.538430762583,0.0
2024,9838.538430762583,0.0
2025,9838.538430762583,0.0
2026,9838.538430762583,0.0
2027,9838.538430762583,0.0
2028,9838.538430762583,0.0
2029,9838.538430762583,0.0
2030,9838.538430762583,0.0
2031,9838.538430762583,0.0
2032,9838.538430762583,0.0
2033,9838.538430762583,0.0
2034,9838.538430762583,0.0
2035,9838.538430762583,0.0
2036,9838.538430762583,0.0
2037,9838.538430762583,0.0
2038,9838.538430762583,0.0
2039,9838.538430762583,0.0
2040,9838.538430762583,0.0
2041,9838.538430762583,0.0
2042,9838.538430762583,0.0
2043,9838.538430762583,0.0
2044,9838.538430762583,0.0
2045,9838.538430762583,0.0
2046,9838.538430762583,0.0
2047,9838.538430762583,0.0
2048,9838.538430762583,0.0
2049,9838.538430762583,0.0
2050,9838.538430762583,0.0
2051,9838.538430762583,0.0
2052,9838.538430762583,0.0
2053,9838.538430762583,0.0
2054,9838.538430762583,0.0
2055,9838.538430762583,0.0
2056,9838.538430762583,0.0
2057,9838.538430762583,0.0
2058,9838.538430762583,0.0
2059,9838.538430762583,0.0
2060,9838.538430762583,0.0
2061,9838.538430762583,0.0
2062,9838.538430762583,0.0
2063,9838.538430762583,0.0
2064,9838.538430762583,0.0
2065,9838.538430762583,0.0
2066,9838.538430762583,0.0
2067,9838.538430762583,0.0
2068,9838.538430762583,0.0
2069,9838.538430762583,0.0
2070,9838.538430762583,0.0
2071,9838.538430762583,0.0
2072,9838.538430762583,0.0
2073,9838.538430762583,0.0
2074,9838.538430762583,0.0
2075,9838.538430762583,0.0
2076,9838.538430762583,0.0
2077,9838.538430762583,0.0
2078,9838.538430762583,0.0
2079,9838.538430762583,0.0
2080,9838.538430762583,0.0
2081,9838.538430762583,0.0
2082,9838.538430762583,0.0
2083,9838.538430762583,0.0
2084,9838.538430762583,0.0
2085,9838.538430762583,0.0
2086,9838.538430762583,0.0
2087,9838.538430762583,0.0
2088,9838.538430762583,0.0
2089,9838.538430762583,0.0
2090,9838.538430762583,0.0
2091,9838.538430762583,0.0
2092,9838.538430762583,0.0
2093,9838.538430762583,0.0
2094,9838.538430762583,0.0
2095,9838.538430762583,0.0
2096,9838.538430762583,0.0
2097,9838.538430762583,0.0
2098,9838.538430762583,0.0
2099,9838.538430762583,0.0
2100,9838.538430762583,0.0
2101,9838.538430762583,0.0
2102,9838.538430762583,0.0
2103,9838.538430762583,0.0
2104,9838.538430762583,0.0
2105,9838.538430762583,0.0
2106,9838.538430762583,0.0
2107,9838.538430762583,0.0
2108,9838.538430762583,0.0
2109,9838.538430762583,0.0
2110,9838.538430762583,0.0
2111,9838.538430762583,0.0
2112,9838.538430762583,0.0
2113,9838.538430762583,0.0
2114,9838.538430762583,0.0
2115,9838.538430762583,0.0
2116,9838.538430762583,0.0
2117,9838.538430762583,0.0
2118,9838.538430762583,0.0
2119,9838.538430762583,0.0
2120,9838.538430762583,0.0
2121,9838.538430762583,0.0
2122,9838.538430762583,0.0
2123,9838.538430762583,0.0
2124,9838.538430762583,0.0
2125,9838.538430762583,0.0
2126,9838.538430762583,0.0
2127,9838.538430762583,0.0
2128,9838.538430762583,0.0
2129,9838.538430762583,0.0
2130,9838.538430762583,0.0
2131,9838.538430762583,0.0
2132,9838.538430762583,0.0
2133,9838.538430762583,0.0
2134,9838.538430762583,0.0
2135,9838.538430762583,0.0
2136,9838.538430762583,0.0
2137,9838.538430762583,0.0
2138,9838.538430762583,0.0
2139,9838.538430762583,0.0
2140,9838.538430762583,0.0
2141,9838.538430762583,0.0
2142,9838.538430762583,0.0
2143,9838.538430762583,0.0
2144,9838.538430762583,0.0
2145,9838.538430762583,0.0
2146,9838.538430762583,0.0
2147,9838.538430762583,0.0
2148,9838.538430762583,0.0
2149,9838.538430762583,0.0
2150,9838.538430762583,0.0
2151,9838.538430762583,0.0
2152,9838.538430762583,0.0
2153,9838.538430762583,0.0
2154,9838.538430762583,0.0
2155,9838.538430762583,0.0
2156,9838.538430762583,0.0
2157,9838.538430762583,0.0
2158,9838.538430762583,0.0
2159,9838.538430762583,0.0
2160,9838.538430762583,0.0
2161,9838.538430762583,0.0
2162,9838.538430762583,0.0
2163,9838.538430762583,0.0
2164,9838.538430762583,0.0
2165,9838.538430762583,0.0
2166,9838.538430762583,0.0
2167,9838.538430762583,0.0
2168,9838.538430762583,0.0
2169,9838.538430762583,0.0
2170,9838.538430762583,0.0
2171,9861.434878163198,1.0
2172,9846.647656563393,0.0
2173,9846.647656563393,0.0
2174,9846.647656563393,0.0
2175,9846.647656563393,0.0
2176,9846.647656563393,0.0
2177,9846.647656563393,0.0
2178,9846.647656563393,0.0
2179,9846.647656563393,0.0
2180,9846.647656563393,0.0
2181,9846.647656563393,0.0
2182,9846.647656563393,0.0
2183,9846.647656563393,0.0
2184,9846.647656563393,0.0
2185,9846.647656563393,0.0
2186,9846.647656563393,0.0
2187,9846.647656563393,0.0
2188,9846.647656563393,0.0
2189,9846.647656563393,0.0
2190,9846.647656563393,0.0
2191,9846.647656563393,0.0
2192,9846.647656563393,0.0
2193,9846.647656563393,0.0
2194,9846.647656563393,0.0
2195,9846.647656563393,0.0
2196,9846.647656563393,0.0
2197,9846.647656563393,0.0
2198,9846.647656563393,0.0
2199,9846.647656563393,0.0
2200,9846.647656563393,0.0
2201,9846.647656563393,0.0
2202,9846.647656563393,0.0
2203,9846.647656563393,0.0
2204,9846.647656563393,0.0
2205,9846.647656563393,0.0
2206,9846.647656563393,0.0
2207,9846.647656563393,0.0
2208,9846.647656563393,0.0
2209,9846.647656563393,0.0
2210,9846.647656563393,0.0
2211,9846.647656563393,0.0
2212,9846.647656563393,0.0
2213,9846.647656563393,0.0
2214,9846.647656563393,0.0
2215,9846.647656563393,0.0
2216,9846.647656563393,0.0
2217,9846.647656563393,0.0
2218,9846.647656563393,0.0
2219,9846.647656563393,0.0
2220,9846.647656563393,0.0
2221,9814.069322793779,1.0
2222,9799.35312584425,0.0
2223,9799.35312584425,0.0
2224,9799.35312584425,0.0
2225,9799.35312584425,0.0
2226,9799.35312584425,0.0
2227,9799.35312584425,0.0
2228,9799.35312584425,0.0
2229,9799.35312584425,0.0
2230,9799.35312584425,0.0
2231,9799.35312584425,0.0
2232,9799.35312584425,0.0
2233,9799.35312584425,0.0
2234,9799.35312584425,0.0
2235,9799.35312584425,0.0
2236,9799.35312584425,0.0
2237,9799.35312584425,0.0
2238,9799.35312584425,0.0
2239,9799.35312584425,0.0
2240,9799.35312584425,0.0
2241,9799.35312584425,0.0
2242,9799.35312584425,0.0
2243,9799.35312584425,0.0
2244,9799.35312584425,0.0
2245,9799.35312584425,0.0
2246,9799.35312584425,0.0
2247,9799.35312584425,0.0
2248,9799.35312584425,0.0
2249,9799.35312584425,0.0
2250,9799.35312584425,0.0
2251,9799.35312584425,0.0
2252,9799.35312584425,0.0
2253,9799.35312584425,0.0
2254,9799.35312584425,0.0
2255,9799.35312584425,0.0
2256,9799.35312584425,0.0
2257,9799.35312584425,0.0
2258,9799.35312584425,0.0
2259,9799.35312584425,0.0
2260,9799.35312584425,0.0
2261,9799.35312584425,0.0
2262,9799.35312584425,0.0
2263,9799.35312584425,0.0
2264,9799.35312584425,0.0
2265,9799.35312584425,0.0
2266,9799.35312584425,0.0
2267,9799.35312584425,0.0
2268,9799.35312584425,0.0
2269,9799.35312584425,0.0
2270,9799.35312584425,0.0
2271,9799.35312584425,0.0
2272,9799.35312584425,0.0
2273,9799.35312584425,0.0
2274,9799.35312584425,0.0
2275,9799.35312584425,0.0
2276,9799.35312584425,0.0
2277,9799.35312584425,0.0
2278,9799.35312584425,0.0
2279,9799.35312584425,0.0
2280,9799.35312584425,0.0
2281,9799.35312584425,0.0
2282,9799.35312584425,0.0
2283,9799.35312584425,0.0
2284,9799.35312584425,0.0
2285,9799.35312584425,0.0
2286,9799.35312584425,0.0
2287,9799.35312584425,0.0
2288,9799.35312584425,0.0
2289,9799.35312584425,0.0
2290,9799.35312584425,0.0
2291,9799.35312584425,0.0
2292,9799.35312584425,0.0
2293,9799.35312584425,0.0
2294,9799.35312584425,0.0
2295,9799.35312584425,0.0
2296,9799.35312584425,0.0
2297,9799.35312584425,0.0
2298,9799.35312584425,0.0
2299,9799.35312584425,0.0
2300,9799.35312584425,0.0
2301,9799.35312584425,0.0
2302,9799.35312584425,0.0
2303,9799.35312584425,0.0
2304,9799.35312584425,0.0
2305,9799.35312584425,0.0
2306,9799.35312584425,0.0
2307,9799.35312584425,0.0
2308,9799.35312584425,0.0
2309,9799.35312584425,0.0
2310,9799.35312584425,0.0
2311,9799.35312584425,0.0
2312,9799.35312584425,0.0
2313,9799.35312584425,0.0
2314,9799.35312584425,0.0
2315,9799.35312584425,0.0
2316,9799.35312584425,0.0
2317,9799.35312584425,0.0
2318,9799.35312584425,0.0
2319,9799.35312584425,0.0
2320,9799.35312584425,0.0
2321,9799.35312584425,0.0
2322,9799.35312584425,0.0
2323,9799.35312584425,0.0
2324,9799.35312584425,0.0
2325,9799.35312584425,0.0
2326,9799.35312584425,0.0
2327,9799.35312584425,0.0
2328,9799.35312584425,0.0
2329,9799.35312584425,0.0
2330,9799.35312584425,0.0
2331,9799.35312584425,0.0
2332,9799.35312584425,0.0
2333,9799.35312584425,0.0
2334,9799.35312584425,0.0
2335,9799.35312584425,0.0
2336,9799.35312584425,0.0
2337,9799.35312584425,0.0
2338,9799.35312584425,0.0
2339,9883.121741451609,1.0
2340,9868.3020004003,0.0
2341,9868.3020004003,0.0
2342,9868.3020004003,0.0
2343,9868.3020004003,0.0
2344,9868.3020004003,0.0
2345,9868.3020004003,0.0
2346,9868.3020004003,0.0
2347,9868.3020004003,0.0
2348,9868.3020004003,0.0
2349,9868.3020004003,0.0
2350,9868.3020004003,0.0
2351,9868.3020004003,0.0
2352,9868.3020004003,0.0
2353,9868.3020004003,0.0
2354,9868.3020004003,0.0
2355,9868.3020004003,0.0
2356,9868.3020004003,0.0
2357,9868.3020004003,0.0
2358,9868.3020004003,0.0
2359,9868.3020004003,0.0
2360,9868.3020004003,0.0
2361,9868.3020004003,0.0
2362,9868.3020004003,0.0
2363,9868.3020004003,0.0
2364,9868.3020004003,0.0
2365,9868.3020004003,0.0
2366,9868.3020004003,0.0
2367,9868.3020004003,0.0
2368,9868.3020004003,0.0
2369,9868.3020004003,0.0
2370,9868.3020004003,0.0
2371,9868.3020004003,0.0
2372,9868.3020004003,0.0
2373,9868.3020004003,0.0
2374,9868.3020004003,0.0
2375,9868.3020004003,0.0
2376,9868.3020004003,0.0
2377,9868.3020004003,0.0
2378,9868.3020004003,0.0
2379,9868.3020004003,0.0
2380,9868.3020004003,0.0
2381,9868.3020004003,0.0
2382,9868.3020004003,0.0
2383,9868.3020004003,0.0
2384,9868.3020004003,0.0
2385,9868.3020004003,0.0
2386,9868.3020004003,0.0
2387,9868.3020004003,0.0
2388,9868.3020004003,0.0
2389,9868.3020004003,0.0
2390,9868.3020004003,0.0
2391,9868.3020004003,0.0
2392,9868.3020004003,0.0
2393,9868.3020004003,0.0
2394,9868.3020004003,0.0
2395,9868.3020004003,0.0
2396,9868.3020004003,0.0
2397,9868.3020004003,0.0
2398,9868.3020004003,0.0
2399,9868.3020004003,0.0
2400,9868.3020004003,0.0
2401,9868.3020004003,0.0
2402,9868.3020004003,0.0
2403,9868.3020004003,0.0
2404,9868.3020004003,0.0
2405,9868.3020004003,0.0
2406,9868.3020004003,0.0
2407,9868.3020004003,0.0
2408,9868.3020004003,0.0
2409,9868.3020004003,0.0
2410,9868.3020004003,0.0
2411,9868.3020004003,0.0
2412,9868.3020004003,0.0
2413,9868.3020004003,0.0
2414,9868.3020004003,0.0
2415,9868.3020004003,0.0
2416,9868.3020004003,0.0
2417,9868.3020004003,0.0
2418,9868.3020004003,0.0
2419,9868.3020004003,0.0
2420,9868.3020004003,0.0
2421,9868.3020004003,0.0
2422,9868.3020004003,0.0
2423,9868.3020004003,0.0
2424,9868.3020004003,0.0
2425,9868.3020004003,0.0
2426,9868.3020004003,0.0
2427,9868.3020004003,0.0
2428,9868.3020004003,0.0
2429,9868.3020004003,0.0
2430,9868.3020004003,0.0
2431,9868.3020004003,0.0
2432,9868.3020004003,0.0
2433,9868.3020004003,0.0
2434,9868.3020004003,0.0
2435,9868.3020004003,0.0
2436,9868.3020004003,0.0
2437,9868.3020004003,0.0
2438,9868.3020004003,0.0
2439,9868.3020004003,0.0
2440,9868.3020004003,0.0
2441,9868.3020004003,0.0
2442,9868.3020004003,0.0
2443,9868.3020004003,0.0
2444,9868.3020004003,0.0
2445,9868.3020004003,0.0
2446,9868.3020004003,0.0
2447,9868.3020004003,0.0
2448,9868.3020004003,0.0
2449,9868.3020004003,0.0
2450,9868.3020004003,0.0
2451,9868.3020004003,0.0
2452,9868.3020004003,0.0
2453,9868.3020004003,0.0
2454,9868.3020004003,0.0
2455,9868.3020004003,0.0
2456,9868.3020004003,0.0
2457,9868.3020004003,0.0
2458,9868.3020004003,0.0
2459,9868.3020004003,0.0
2460,9868.3020004003,0.0
2461,9868.3020004003,0.0
2462,9868.3020004003,0.0
2463,9868.3020004003,0.0
2464,9868.3020004003,0.0
2465,9868.3020004003,0.0
2466,9868.3020004003,0.0
2467,9868.3020004003,0.0
2468,9868.3020004003,0.0
2469,9868.3020004003,0.0
2470,9868.3020004003,0.0
2471,9868.3020004003,0.0
2472,9868.3020004003,0.0
2473,9868.3020004003,0.0
2474,9868.3020004003,0.0
2475,9868.3020004003,0.0
2476,9868.3020004003,0.0
2477,9868.3020004003,0.0
2478,9868.3020004003,0.0
2479,9868.3020004003,0.0
2480,9868.3020004003,0.0
2481,9868.3020004003,0.0
2482,9868.3020004003,0.0
2483,9868.3020004003,0.0
2484,9868.3020004003,0.0
2485,9868.3020004003,0.0
2486,9868.3020004003,0.0
2487,9868.3020004003,0.0
2488,9868.3020004003,0.0
2489,9868.3020004003,0.0
2490,9868.3020004003,0.0
2491,9868.3020004003,0.0
2492,9868.3020004003,0.0
2493,9868.3020004003,0.0
2494,9868.3020004003,0.0
2495,9868.3020004003,0.0
2496,9868.3020004003,0.0
2497,9868.3020004003,0.0
2498,9868.3020004003,0.0
2499,9868.3020004003,0.0
2500,9868.3020004003,0.0
2501,9868.3020004003,0.0
2502,9868.3020004003,0.0
2503,9868.3020004003,0.0
2504,9868.3020004003,0.0
2505,9868.3020004003,0.0
2506,9868.3020004003,0.0
2507,9868.3020004003,0.0
2508,9868.3020004003,0.0
2509,9881.43538912813,1.0
2510,9866.617030958634,0.0
2511,9866.617030958634,0.0
2512,9866.617030958634,0.0
2513,9866.617030958634,0.0
2514,9866.617030958634,0.0
2515,9866.617030958634,0.0
2516,9866.617030958634,0.0
2517,9866.617030958634,0.0
2518,9866.617030958634,0.0
2519,9866.617030958634,0.0
2520,9866.617030958634,0.0
2521,9866.617030958634,0.0
2522,9866.617030958634,0.0
2523,9866.617030958634,0.0
2524,9866.617030958634,0.0
2525,9866.617030958634,0.0
2526,9866.617030958634,0.0
2527,9866.617030958634,0.0
2528,9866.617030958634,0.0
2529,9866.617030958634,0.0
2530,9866.617030958634,0.0
2531,9866.617030958634,0.0
2532,9866.617030958634,0.0
2533,9866.617030958634,0.0
2534,9866.617030958634,0.0
2535,9866.617030958634,0.0
2536,9866.617030958634,0.0
2537,9866.617030958634,0.0
2538,9866.617030958634,0.0
2539,9866.617030958634,0.0
2540,9866.617030958634,0.0
2541,9866.617030958634,0.0
2542,9866.617030958634,0.0
2543,9866.617030958634,0.0
2544,9866.617030958634,0.0
2545,9866.617030958634,0.0
2546,9866.617030958634,0.0
2547,9866.617030958634,0.0
2548,9866.617030958634,0.0
2549,9866.617030958634,0.0
2550,9866.617030958634,0.0
2551,9866.617030958634,0.0
2552,9866.617030958634,0.0
2553,9866.617030958634,0.0
2554,9866.617030958634,0.0
2555,9866.617030958634,0.0
2556,9866.617030958634,0.0
2557,9866.617030958634,0.0
2558,9866.617030958634,0.0
2559,9866.617030958634,0.0
2560,9866.617030958634,0.0
2561,9866.617030958634,0.0
2562,9866.617030958634,0.0
2563,9866.617030958634,0.0
2564,9866.617030958634,0.0
2565,9866.617030958634,0.0
2566,9866.617030958634,0.0
2567,9866.617030958634,0.0
2568,9866.617030958634,0.0
2569,9866.617030958634,0.0
2570,9866.617030958634,0.0
2571,9866.617030958634,0.0
2572,9866.617030958634,0.0
2573,9866.617030958634,0.0
2574,9866.617030958634,0.0
2575,9866.617030958634,0.0
2576,9866.617030958634,0.0
2577,9866.617030958634,0.0
2578,9866.617030958634,0.0
2579,9853.917666077417,1.0
2580,9839.14395066402,0.0
2581,9839.14395066402,0.0
2582,9839.14395066402,0.0
2583,9839.14395066402,0.0
2584,9839.14395066402,0.0
2585,9839.14395066402,0.0
2586,9839.14395066402,0.0
2587,9839.14395066402,0.0
2588,9839.14395066402,0.0
2589,9839.14395066402,0.0
2590,9839.14395066402,0.0
2591,9839.14395066402,0.0
2592,9839.14395066402,0.0
2593,9839.14395066402,0.0
2594,9839.14395066402,0.0
2595,9839.14395066402,0.0
2596,9839.14395066402,0.0
2597,9839.14395066402,0.0
2598,9839.14395066402,0.0
2599,9839.14395066402,0.0
2600,9839.14395066402,0.0
2601,9839.14395066402,0.0
2602,9839.14395066402,0.0
2603,9839.14395066402,0.0
2604,9839.14395066402,0.0
2605,9839.14395066402,0.0
2606,9839.14395066402,0.0
2607,9839.14395066402,0.0
2608,9839.14395066402,0.0
2609,9839.14395066402,0.0
2610,9839.14395066402,0.0
2611,9839.14395066402,0.0
2612,9839.14395066402,0.0
2613,9839.14395066402,0.0
2614,9839.14395066402,0.0
2615,9839.14395066402,0.0
2616,9839.14395066402,0.0
2617,9839.14395066402,0.0
2618,9839.14395066402,0.0
2619,9839.14395066402,0.0
2620,9839.14395066402,0.0
2621,9839.14395066402,0.0
2622,9839.14395066402,0.0
2623,9839.14395066402,0.0
2624,9839.14395066402,0.0
2625,9839.14395066402,0.0
2626,9839.14395066402,0.0
2627,9839.14395066402,0.0
2628,9839.14395066402,0.0
2629,9839.14395066402,0.0
2630,9839.14395066402,0.0
2631,9839.14395066402,0.0
2632,9839.14395066402,0.0
2633,9839.14395066402,0.0
2634,9839.14395066402,0.0
2635,9839.14395066402,0.0
2636,9839.14395066402,0.0
2637,9839.14395066402,0.0
2638,9839.14395066402,0.0
2639,9839.14395066402,0.0
2640,9839.14395066402,0.0
2641,9839.14395066402,0.0
2642,9839.14395066402,0.0
2643,9839.14395066402,0.0
2644,9839.14395066402,0.0
2645,9839.14395066402,0.0
2646,9839.14395066402,0.0
2647,9839.14395066402,0.0
2648,9839.14395066402,0.0
2649,9839.14395066402,0.0
2650,9839.14395066402,0.0
2651,9839.14395066402,0.0
2652,9839.14395066402,0.0
2653,9839.14395066402,0.0
2654,9839.14395066402,0.0
2655,9839.14395066402,0.0
2656,9839.14395066402,0.0
2657,9839.14395066402,0.0
2658,9839.14395066402,0.0
2659,9839.14395066402,0.0
2660,9839.14395066402,0.0
2661,9839.14395066402,0.0
2662,9839.14395066402,0.0
2663,9839.14395066402,0.0
2664,9839.14395066402,0.0
2665,9839.14395066402,0.0
2666,9839.14395066402,0.0
2667,9839.14395066402,0.0
2668,9839.14395066402,0.0
2669,9839.14395066402,0.0
2670,9839.14395066402,0.0
2671,9839.14395066402,0.0
2672,9839.14395066402,0.0
2673,9839.14395066402,0.0
2674,9839.14395066402,0.0
2675,9839.14395066402,0.0
2676,9839.14395066402,0.0
2677,9839.14395066402,0.0
2678,9839.14395066402,0.0
2679,9839.14395066402,0.0
2680,9839.14395066402,0.0
2681,9839.14395066402,0.0
2682,9839.14395066402,0.0
2683,9839.14395066402,0.0
2684,9839.14395066402,0.0
2685,9839.14395066402,0.0
2686,9839.14395066402,0.0
2687,9839.14395066402,0.0
2688,9839.14395066402,0.0
2689,9839.14395066402,0.0
2690,9839.14395066402,0.0
2691,9839.14395066402,0.0
2692,9839.14395066402,0.0
2693,9839.14395066402,0.0
2694,9839.14395066402,0.0
2695,9839.14395066402,0.0
2696,9839.14395066402,0.0
2697,9839.14395066402,0.0
2698,9839.14395066402,0.0
2699,9839.14395066402,0.0
2700,9839.14395066402,0.0
2701,9839.14395066402,0.0
2702,9839.14395066402,0.0
2703,9839.14395066402,0.0
2704,9839.14395066402,0.0
2705,9839.14395066402,0.0
2706,9839.14395066402,0.0
2707,9839.14395066402,0.0
2708,9839.14395066402,0.0
2709,9839.14395066402,0.0
2710,9839.14395066402,0.0
2711,9839.14395066402,0.0
2712,9839.14395066402,0.0
2713,9839.14395066402,0.0
2714,9839.14395066402,0.0
2715,9839.14395066402,0.0
2716,9839.14395066402,0.0
2717,9839.14395066402,0.0
2718,9839.14395066402,0.0
2719,9839.14395066402,0.0
2720,9839.14395066402,0.0
2721,9839.14395066402,0.0
2722,9839.14395066402,0.0
2723,9839.14395066402,0.0
2724,9839.14395066402,0.0
2725,9839.14395066402,0.0
2726,9839.14395066402,0.0
2727,9839.14395066402,0.0
2728,9839.14395066402,0.0
2729,9839.14395066402,0.0
2730,9839.14395066402,0.0
2731,9839.14395066402,0.0
2732,9839.14395066402,0.0
2733,9839.14395066402,0.0
2734,9839.14395066402,0.0
2735,9839.14395066402,0.0
2736,9839.14395066402,0.0
2737,9839.14395066402,0.0
2738,9839.14395066402,0.0
2739,9839.14395066402,0.0
2740,9839.14395066402,0.0
2741,9839.14395066402,0.0
2742,9839.14395066402,0.0
2743,9839.14395066402,0.0
2744,9839.14395066402,0.0
2745,9839.14395066402,0.0
2746,9839.14395066402,0.0
2747,9839.14395066402,0.0
2748,9839.14395066402,0.0
2749,9839.14395066402,0.0
2750,9839.14395066402,0.0
2751,9839.14395066402,0.0
2752,9839.14395066402,0.0
2753,9839.14395066402,0.0
2754,9839.14395066402,0.0
2755,9839.14395066402,0.0
2756,9839.14395066402,0.0
2757,9839.14395066402,0.0
2758,9839.14395066402,0.0
2759,9839.14395066402,0.0
2760,9839.14395066402,0.0
2761,9839.14395066402,0.0
2762,9839.14395066402,0.0
2763,9839.14395066402,0.0
2764,9839.14395066402,0.0
2765,9839.14395066402,0.0
2766,9839.14395066402,0.0
2767,9839.14395066402,0.0
2768,9839.14395066402,0.0
2769,9839.14395066402,0.0
2770,9839.14395066402,0.0
2771,9839.14395066402,0.0
2772,9839.14395066402,0.0
2773,9839.14395066402,0.0
2774,9839.14395066402,0.0
2775,9839.14395066402,0.0
2776,9869.163846937188,1.0
2777,9854.366832681822,0.0
2778,9854.366832681822,0.0
2779,9854.366832681822,0.0
2780,9854.366832681822,0.0
2781,9854.366832681822,0.0
2782,9854.366832681822,0.0
2783,9854.366832681822,0.0
2784,9854.366832681822,0.0
2785,9854.366832681822,0.0
2786,9854.366832681822,0.0
2787,9854.366832681822,0.0
2788,9854.366832681822,0.0
2789,9854.366832681822,0.0
2790,9854.366832681822,0.0
2791,9854.366832681822,0.0
2792,9854.366832681822,0.0
2793,9854.366832681822,0.0
2794,9854.366832681822,0.0
2795,9854.366832681822,0.0
2796,9854.366832681822,0.0
2797,9854.366832681822,0.0
2798,9854.366832681822,0.0
2799,9854.366832681822,0.0
2800,9854.366832681822,0.0
2801,9854.366832681822,0.0
2802,9854.366832681822,0.0
2803,9854.366832681822,0.0
2804,9854.366832681822,0.0
2805,9854.366832681822,0.0
2806,9854.366832681822,0.0
2807,9854.366832681822,0.0
2808,9854.366832681822,0.0
2809,9854.366832681822,0.0
2810,9854.366832681822,0.0
2811,9854.366832681822,0.0
2812,9854.366832681822,0.0
2813,9854.366832681822,0.0
2814,9854.366832681822,0.0
2815,9854.366832681822,0.0
2816,9854.366832681822,0.0
2817,9854.366832681822,0.0
2818,9854.366832681822,0.0
2819,9854.366832681822,0.0
2820,9854.366832681822,0.0
2821,9854.366832681822,0.0
2822,9854.366832681822,0.0
2823,9854.366832681822,0.0
2824,9854.366832681822,0.0
2825,9854.366832681822,0.0
2826,9854.366832681822,0.0
2827,9854.366832681822,0.0
2828,9854.366832681822,0.0
2829,9854.366832681822,0.0
2830,9854.366832681822,0.0
2831,9854.366832681822,0.0
2832,9854.366832681822,0.0
2833,9854.366832681822,0.0
2834,9854.366832681822,0.0
2835,9854.366832681822,0.0
2836,9854.366832681822,0.0
2837,9854.366832681822,0.0
2838,9854.366832681822,0.0
2839,9854.366832681822,0.0
2840,9854.366832681822,0.0
2841,9854.366832681822,0.0
2842,9854.366832681822,0.0
2843,9854.366832681822,0.0
2844,9854.366832681822,0.0
2845,9854.366832681822,0.0
2846,9854.366832681822,0.0
2847,9854.366832681822,0.0
2848,9854.366832681822,0.0
2849,9854.366832681822,0.0
2850,9854.366832681822,0.0
2851,9854.366832681822,0.0
2852,9854.366832681822,0.0
2853,9854.366832681822,0.0
2854,9854.366832681822,0.0
2855,9854.366832681822,0.0
2856,9854.366832681822,0.0
2857,9854.366832681822,0.0
2858,9854.366832681822,0.0
2859,9854.366832681822,0.0
2860,9854.366832681822,0.0
2861,9828.77658675095,1.0
2862,9814.038336259116,0.0
2863,9814.038336259116,0.0
2864,9814.038336259116,0.0
2865,9814.038336259116,0.0
2866,9814.038336259116,0.0
2867,9814.038336259116,0.0
2868,9814.038336259116,0.0
2869,9814.038336259116,0.0
2870,9814.038336259116,0.0
2871,9814.038336259116,0.0
2872,9814.038336259116,0.0
2873,9814.038336259116,0.0
2874,9814.038336259116,0.0
2875,9814.038336259116,0.0
2876,9814.038336259116,0.0
2877,9814.038336259116,0.0
2878,9814.038336259116,0.0
2879,9814.038336259116,0.0
2880,9814.038336259116,0.0
2881,9814.038336259116,0.0
2882,9814.038336259116,0.0
2883,9814.038336259116,0.0
2884,9814.038336259116,0.0
2885,9814.038336259116,0.0
2886,9814.038336259116,0.0
2887,9814.038336259116,0.0
2888,9814.038336259116,0.0
2889,9814.038336259116,0.0
2890,9814.038336259116,0.0
2891,9814.038336259116,0.0
2892,9814.038336259116,0.0
2893,9814.038336259116,0.0
2894,9814.038336259116,0.0
2895,9814.038336259116,0.0
2896,9814.038336259116,0.0
2897,9814.038336259116,0.0
2898,9814.038336259116,0.0
2899,9814.038336259116,0.0
2900,9814.038336259116,0.0
2901,9814.038336259116,0.0
2902,9814.038336259116,0.0
2903,9814.038336259116,0.0
2904,9814.038336259116,0.0
2905,9814.038336259116,0.0
2906,9814.038336259116,0.0
2907,9814.038336259116,0.0
2908,9814.038336259116,0.0
2909,9814.038336259116,0.0
2910,9814.038336259116,0.0
2911,9814.038336259116,0.0
2912,9814.038336259116,0.0
2913,9814.038336259116,0.0
2914,9814.038336259116,0.0
2915,9814.038336259116,0.0
2916,9814.038336259116,0.0
2917,9814.038336259116,0.0
2918,9814.038336259116,0.0
2919,9814.038336259116,0.0
2920,9814.038336259116,0.0
2921,9814.038336259116,0.0
2922,9814.038336259116,0.0
2923,9814.038336259116,0.0
2924,9814.038336259116,0.0
2925,9814.038336259116,0.0
2926,9814.038336259116,0.0
2927,9814.038336259116,0.0
2928,9814.038336259116,0.0
2929,9814.038336259116,0.0
2930,9814.038336259116,0.0
2931,9814.038336259116,0.0
2932,9814.038336259116,0.0
2933,9814.038336259116,0.0
2934,9814.038336259116,0.0
2935,9814.038336259116,0.0
2936,9814.038336259116,0.0
2937,9814.038336259116,0.0
2938,9814.038336259116,0.0
2939,9814.038336259116,0.0
2940,9814.038336259116,0.0
2941,9814.038336259116,0.0
2942,9814.038336259116,0.0
2943,9814.038336259116,0.0
2944,9814.038336259116,0.0
2945,9814.038336259116,0.0
2946,9814.038336259116,0.0
2947,9814.038336259116,0.0
2948,9814.038336259116,0.0
2949,9814.038336259116,0.0
2950,9814.038336259116,0.0
2951,9814.038336259116,0.0
2952,9814.038336259116,0.0
2953,9814.038336259116,0.0
2954,9814.038336259116,0.0
2955,9814.038336259116,0.0
2956,9814.038336259116,0.0
2957,9814.038336259116,0.0
2958,9814.038336259116,0.0
2959,9814.038336259116,0.0
2960,9814.038336259116,0.0
2961,9814.038336259116,0.0
2962,9814.038336259116,0.0
2963,9814.038336259116,0.0
2964,9814.038336259116,0.0
2965,9814.038336259116,0.0
2966,9814.038336259116,0.0
2967,9814.038336259116,0.0
2968,9814.038336259116,0.0
2969,9814.038336259116,0.0
2970,9814.038336259116,0.0
2971,9814.038336259116,0.0
2972,9814.038336259116,0.0
2973,9814.038336259116,0.0
2974,9814.038336259116,0.0
2975,9814.038336259116,0.0
2976,9814.038336259116,0.0
2977,9814.038336259116,0.0
2978,9814.038336259116,0.0
2979,9814.038336259116,0.0
2980,9814.038336259116,0.0
2981,9814.038336259116,0.0
2982,9814.038336259116,0.0
2983,9814.038336259116,0.0
2984,9814.038336259116,0.0
2985,9814.038336259116,0.0
2986,9814.038336259116,0.0
2987,9814.038336259116,0.0
2988,9814.038336259116,0.0
2989,9814.038336259116,0.0
2990,9814.038336259116,0.0
2991,9814.038336259116,0.0
2992,9814.038336259116,0.0
2993,9814.038336259116,0.0
2994,9814.038336259116,0.0
2995,9814.038336259116,0.0
2996,9814.038336259116,0.0
2997,9814.038336259116,0.0
2998,9814.038336259116,0.0
2999,9814.038336259116,0.0
3000,9814.038336259116,0.0
3001,9814.038336259116,0.0
3002,9814.038336259116,0.0
3003,9814.038336259116,0.0
3004,9814.038336259116,0.0
3005,9814.038336259116,0.0
3006,9814.038336259116,0.0
3007,9814.038336259116,0.0
3008,9814.038336259116,0.0
3009,9814.038336259116,0.0
3010,9814.038336259116,0.0
3011,9814.038336259116,0.0
3012,9814.038336259116,0.0
3013,9814.038336259116,0.0
3014,9814.038336259116,0.0
3015,9814.038336259116,0.0
3016,9814.038336259116,0.0
3017,9814.038336259116,0.0
3018,9814.038336259116,0.0
3019,9814.038336259116,0.0
3020,9814.038336259116,0.0
3021,9814.038336259116,0.0
3022,9814.038336259116,0.0
3023,9814.038336259116,0.0
3024,9814.038336259116,0.0
3025,9814.038336259116,0.0
3026,9814.038336259116,0.0
3027,9814.038336259116,0.0
3028,9814.038336259116,0.0
3029,9814.038336259116,0.0
3030,9814.038336259116,0.0
3031,9814.038336259116,0.0
3032,9814.038336259116,0.0
3033,9814.038336259116,0.0
3034,9814.038336259116,0.0
3035,9814.038336259116,0.0
3036,9814.038336259116,0.0
3037,9814.038336259116,0.0
3038,9814.038336259116,0.0
3039,9814.038336259116,0.0
3040,9814.038336259116,0.0
3041,9814.038336259116,0.0
3042,9814.038336259116,0.0
3043,9814.038336259116,0.0
3044,9814.038336259116,0.0
3045,9814.038336259116,0.0
3046,9814.038336259116,0.0
3047,9814.038336259116,0.0
3048,9814.038336259116,0.0
3049,9814.038336259116,0.0
3050,9814.038336259116,0.0
3051,9814.038336259116,0.0
3052,9814.038336259116,0.0
3053,9814.038336259116,0.0
3054,9814.038336259116,0.0
3055,9814.038336259116,0.0
3056,9814.038336259116,0.0
3057,9814.038336259116,0.0
3058,9814.038336259116,0.0
3059,9814.038336259116,0.0
3060,9814.038336259116,0.0
3061,9814.038336259116,0.0
3062,9814.038336259116,0.0
3063,9814.038336259116,0.0
3064,9814.038336259116,0.0
3065,9814.038336259116,0.0
3066,9814.038336259116,0.0
3067,9814.038336259116,0.0
3068,9814.038336259116,0.0
3069,9814.038336259116,0.0
3070,9814.038336259116,0.0
3071,9814.038336259116,0.0
3072,9814.038336259116,0.0
3073,9814.038336259116,0.0
3074,9814.038336259116,0.0
3075,9814.038336259116,0.0
3076,9814.038336259116,0.0
3077,9814.038336259116,0.0
3078,9814.038336259116,0.0
3079,9814.038336259116,0.0
3080,9814.038336259116,0.0
3081,9814.038336259116,0.0
3082,9814.038336259116,0.0
3083,9814.038336259116,0.0
3084,9814.038336259116,0.0
3085,9814.038336259116,0.0
3086,9814.038336259116,0.0
3087,9814.038336259116,0.0
3088,9814.038336259116,0.0
3089,9814.038336259116,0.0
3090,9814.038336259116,0.0
3091,9814.038336259116,0.0
3092,9814.038336259116,0.0
3093,9814.038336259116,0.0
3094,9814.038336259116,0.0
3095,9814.038336259116,0.0
3096,9814.038336259116,0.0
3097,9814.038336259116,0.0
3098,9814.038336259116,0.0
3099,9814.038336259116,0.0
3100,9814.038336259116,0.0
3101,9814.038336259116,0.0
3102,9814.038336259116,0.0
3103,9814.038336259116,0.0
3104,9814.038336259116,0.0
3105,9814.038336259116,0.0
3106,9814.038336259116,0.0
3107,9814.038336259116,0.0
3108,9814.038336259116,0.0
3109,9814.038336259116,0.0
3110,9814.038336259116,0.0
3111,9814.038336259116,0.0
3112,9814.038336259116,0.0
3113,9814.038336259116,0.0
3114,9814.038336259116,0.0
3115,9814.038336259116,0.0
3116,9814.038336259116,0.0
3117,9814.038336259116,0.0
3118,9814.038336259116,0.0
3119,9814.038336259116,0.0
3120,9814.038336259116,0.0
3121,9814.038336259116,0.0
3122,9814.038336259116,0.0
3123,9814.038336259116,0.0
3124,9814.038336259116,0.0
3125,9814.038336259116,0.0
3126,9814.038336259116,0.0
3127,9814.038336259116,0.0
3128,9814.038336259116,0.0
3129,9814.038336259116,0.0
3130,9814.038336259116,0.0
3131,9814.038336259116,0.0
3132,9814.038336259116,0.0
3133,9814.038336259116,0.0
3134,9814.038336259116,0.0
3135,9814.038336259116,0.0
3136,9814.038336259116,0.0
3137,9814.038336259116,0.0
3138,9814.038336259116,0.0
3139,9814.038336259116,0.0
3140,9814.038336259116,0.0
3141,9814.038336259116,0.0
3142,9814.038336259116,0.0
3143,9814.038336259116,0.0
3144,9814.038336259116,0.0
3145,9814.038336259116,0.0
3146,9814.038336259116,0.0
3147,9814.038336259116,0.0
3148,9814.038336259116,0.0
3149,9814.038336259116,0.0
3150,9814.038336259116,0.0
3151,9814.038336259116,0.0
3152,9814.038336259116,0.0
3153,9814.038336259116,0.0
3154,9814.038336259116,0.0
3155,9814.038336259116,0.0
3156,9814.038336259116,0.0
3157,9814.038336259116,0.0
3158,9814.038336259116,0.0
3159,9814.038336259116,0.0
3160,9814.038336259116,0.0
3161,9814.038336259116,0.0
3162,9814.038336259116,0.0
3163,9814.038336259116,0.0
3164,9814.038336259116,0.0
3165,9814.038336259116,0.0
3166,9814.038336259116,0.0
3167,9814.038336259116,0.0
3168,9814.038336259116,0.0
3169,9814.038336259116,0.0
3170,9814.038336259116,0.0
3171,9814.038336259116,0.0
3172,9814.038336259116,0.0
3173,9814.038336259116,0.0
3174,9814.038336259116,0.0
3175,9814.038336259116,0.0
3176,9814.038336259116,0.0
3177,9814.038336259116,0.0
3178,9814.038336259116,0.0
3179,9814.038336259116,0.0
3180,9814.038336259116,0.0
3181,9814.038336259116,0.0
3182,9814.038336259116,0.0
3183,9814.038336259116,0.0
3184,9814.038336259116,0.0
3185,9814.038336259116,0.0
3186,9814.038336259116,0.0
3187,9814.038336259116,0.0
3188,9814.038336259116,0.0
3189,9814.038336259116,0.0
3190,9814.038336259116,0.0
3191,9814.038336259116,0.0
3192,9814.038336259116,0.0
3193,9814.038336259116,0.0
3194,9814.038336259116,0.0
3195,9814.038336259116,0.0
3196,9814.038336259116,0.0
3197,9814.038336259116,0.0
3198,9814.038336259116,0.0
3199,9814.038336259116,0.0
3200,9814.038336259116,0.0
3201,9814.038336259116,0.0
3202,9814.038336259116,0.0
3203,9814.038336259116,0.0
3204,9814.038336259116,0.0
3205,9814.038336259116,0.0
3206,9765.004966066148,1.0
3207,9750.36342009331,0.0
3208,9750.36342009331,0.0
3209,9750.36342009331,0.0
3210,9750.36342009331,0.0
3211,9750.36342009331,0.0
3212,9750.36342009331,0.0
3213,9750.36342009331,0.0
3214,9750.36342009331,0.0
3215,9750.36342009331,0.0
3216,9750.36342009331,0.0
3217,9750.36342009331,0.0
3218,9750.36342009331,0.0
3219,9750.36342009331,0.0
3220,9750.36342009331,0.0
3221,9750.36342009331,0.0
3222,9750.36342009331,0.0
3223,9750.36342009331,0.0
3224,9750.36342009331,0.0
3225,9750.36342009331,0.0
3226,9750.36342009331,0.0
3227,9750.36342009331,0.0
3228,9750.36342009331,0.0
3229,9750.36342009331,0.0
3230,9750.36342009331,0.0
3231,9750.36342009331,0.0
3232,9750.36342009331,0.0
3233,9750.36342009331,0.0
3234,9750.36342009331,0.0
3235,9750.36342009331,0.0
3236,9750.36342009331,0.0
3237,9750.36342009331,0.0
3238,9750.36342009331,0.0
3239,9750.36342009331,0.0
3240,9750.36342009331,0.0
3241,9750.36342009331,0.0
3242,9750.36342009331,0.0
3243,9750.36342009331,0.0
3244,9750.36342009331,0.0
3245,9750.36342009331,0.0
3246,9750.36342009331,0.0
3247,9750.36342009331,0.0
3248,9750.36342009331,0.0
3249,9750.36342009331,0.0
3250,9750.36342009331,0.0
3251,9750.36342009331,0.0
3252,9750.36342009331,0.0
3253,9750.36342009331,0.0
3254,9750.36342009331,0.0
3255,9750.36342009331,0.0
3256,9750.36342009331,0.0
3257,9750.36342009331,0.0
3258,9750.36342009331,0.0
3259,9750.36342009331,0.0
3260,9750.36342009331,0.0
3261,9750.36342009331,0.0
3262,9750.36342009331,0.0
3263,9750.36342009331,0.0
3264,9750.36342009331,0.0
3265,9750.36342009331,0.0
3266,9750.36342009331,0.0
3267,9750.36342009331,0.0
3268,9750.36342009331,0.0
3269,9750.36342009331,0.0
3270,9750.36342009331,0.0
3271,9750.36342009331,0.0
3272,9750.36342009331,0.0
3273,9750.36342009331,0.0
3274,9750.36342009331,0.0
3275,9750.36342009331,0.0
3276,9750.36342009331,0.0
3277,9750.36342009331,0.0
3278,9750.36342009331,0.0
3279,9750.36342009331,0.0
3280,9750.36342009331,0.0
3281,9750.36342009331,0.0
3282,9750.36342009331,0.0
3283,9750.36342009331,0.0
3284,9750.36342009331,0.0
3285,9750.36342009331,0.0
3286,9750.36342009331,0.0
3287,9750.36342009331,0.0
3288,9750.36342009331,0.0
3289,9750.36342009331,0.0
3290,9750.36342009331,0.0
3291,9750.36342009331,0.0
3292,9750.36342009331,0.0
3293,9750.36342009331,0.0
3294,9750.36342009331,0.0
3295,9750.36342009331,0.0
3296,9750.36342009331,0.0
3297,9750.36342009331,0.0
3298,9750.36342009331,0.0
3299,9750.36342009331,0.0
3300,9750.36342009331,0.0
3301,9750.36342009331,0.0
3302,9750.36342009331,0.0
3303,9750.36342009331,0.0
3304,9750.36342009331,0.0
3305,9750.36342009331,0.0
3306,9750.36342009331,0.0
3307,9750.36342009331,0.0
3308,9750.36342009331,0.0
3309,9750.36342009331,0.0
3310,9750.36342009331,0.0
3311,9750.36342009331,0.0
3312,9750.36342009331,0.0
3313,9750.36342009331,0.0
3314,9750.36342009331,0.0
3315,9750.36342009331,0.0
3316,9750.36342009331,0.0
3317,9736.360566777787,1.0
3318,9721.7619664638,0.0
3319,9721.7619664638,0.0
3320,9721.7619664638,0.0
3321,9721.7619664638,0.0
3322,9721.7619664638,0.0
3323,9721.7619664638,0.0
3324,9721.7619664638,0.0
3325,9721.7619664638,0.0
3326,9721.7619664638,0.0
3327,9721.7619664638,0.0
3328,9721.7619664638,0.0
3329,9721.7619664638,0.0
3330,9721.7619664638,0.0
3331,9721.7619664638,0.0
3332,9721.7619664638,0.0
3333,9721.7619664638,0.0
3334,9721.7619664638,0.0
3335,9721.7619664638,0.0
3336,9721.7619664638,0.0
3337,9721.7619664638,0.0
3338,9721.7619664638,0.0
3339,9721.7619664638,0.0
3340,9721.7619664638,0.0
3341,9721.7619664638,0.0
3342,9721.7619664638,0.0
3343,9721.7619664638,0.0
3344,9721.7619664638,0.0
3345,9721.7619664638,0.0
3346,9721.7619664638,0.0
3347,9721.7619664638,0.0
3348,9721.7619664638,0.0
3349,9721.7619664638,0.0
3350,9721.7619664638,0.0
3351,9721.7619664638,0.0
3352,9721.7619664638,0.0
3353,9721.7619664638,0.0
3354,9721.7619664638,0.0
3355,9721.7619664638,0.0
3356,9721.7619664638,0.0
3357,9721.7619664638,0.0
3358,9721.7619664638,0.0
3359,9721.7619664638,0.0
3360,9721.7619664638,0.0
3361,9721.7619664638,0.0
3362,9721.7619664638,0.0
3363,9721.7619664638,0.0
3364,9721.7619664638,0.0
3365,9721.7619664638,0.0
3366,9721.7619664638,0.0
3367,9721.7619664638,0.0
3368,9721.7619664638,0.0
3369,9721.7619664638,0.0
3370,9721.7619664638,0.0
3371,9721.7619664638,0.0
3372,9721.7619664638,0.0
3373,9721.7619664638,0.0
3374,9721.7619664638,0.0
3375,9721.7619664638,0.0
3376,9721.7619664638,0.0
3377,9721.7619664638,0.0
3378,9721.7619664638,0.0
3379,9721.7619664638,0.0
3380,9721.7619664638,0.0
3381,9721.7619664638,0.0
3382,9721.7619664638,0.0
3383,9721.7619664638,0.0
3384,9721.7619664638,0.0
3385,9721.7619664638,0.0
3386,9721.7619664638,0.0
3387,9721.7619664638,0.0
3388,9721.7619664638,0.0
3389,9721.7619664638,0.0
3390,9721.7619664638,0.0
3391,9721.7619664638,0.0
3392,9721.7619664638,0.0
3393,9721.7619664638,0.0
3394,9721.7619664638,0.0
3395,9721.7619664638,0.0
3396,9721.7619664638,0.0
3397,9721.7619664638,0.0
3398,9721.7619664638,0.0
3399,9721.7619664638,0.0
3400,9721.7619664638,0.0
3401,9721.7619664638,0.0
3402,9721.7619664638,0.0
3403,9721.7619664638,0.0
3404,9721.7619664638,0.0
3405,9721.7619664638,0.0
3406,9721.7619664638,0.0
3407,9721.7619664638,0.0
3408,9721.7619664638,0.0
3409,9721.7619664638,0.0
3410,9721.7619664638,0.0
3411,9721.7619664638,0.0
3412,9721.7619664638,0.0
3413,9721.7619664638,0.0
3414,9721.7619664638,0.0
3415,9721.7619664638,0.0
3416,9721.7619664638,0.0
3417,9721.7619664638,0.0
3418,9721.7619664638,0.0
3419,9721.7619664638,0.0
3420,9721.7619664638,0.0
3421,9721.7619664638,0.0
3422,9721.7619664638,0.0
3423,9721.7619664638,0.0
3424,9721.7619664638,0.0
3425,9721.7619664638,0.0
3426,9721.7619664638,0.0
3427,9721.7619664638,0.0
3428,9721.7619664638,0.0
3429,9721.7619664638,0.0
3430,9721.7619664638,0.0
3431,9721.7619664638,0.0
3432,9721.7619664638,0.0
3433,9721.7619664638,0.0
3434,9721.7619664638,0.0
3435,9721.7619664638,0.0
3436,9721.7619664638,0.0
3437,9721.7619664638,0.0
3438,9721.7619664638,0.0
3439,9721.7619664638,0.0
3440,9721.7619664638,0.0
3441,9721.7619664638,0.0
3442,9721.7619664638,0.0
3443,9721.7619664638,0.0
3444,9721.7619664638,0.0
3445,9721.7619664638,0.0
3446,9721.7619664638,0.0
3447,9721.7619664638,0.0
3448,9721.7619664638,0.0
3449,9721.7619664638,0.0
3450,9721.7619664638,0.0
3451,9721.7619664638,0.0
3452,9721.7619664638,0.0
3453,9721.7619664638,0.0
3454,9721.7619664638,0.0
3455,9721.7619664638,0.0
3456,9721.7619664638,0.0
3457,9721.7619664638,0.0
3458,9721.7619664638,0.0
3459,9721.7619664638,0.0
3460,9721.7619664638,0.0
3461,9721.7619664638,0.0
3462,9721.7619664638,0.0
3463,9721.7619664638,0.0
3464,9721.7619664638,0.0
3465,9721.7619664638,0.0
3466,9721.7619664638,0.0
3467,9721.7619664638,0.0
3468,9721.7619664638,0.0
3469,9721.7619664638,0.0
3470,9721.7619664638,0.0
3471,9721.7619664638,0.0
3472,9721.7619664638,0.0
3473,9721.7619664638,0.0
3474,9721.7619664638,0.0
3475,9721.7619664638,0.0
3476,9721.7619664638,0.0
3477,9721.7619664638,0.0
3478,9721.7619664638,0.0
3479,9721.7619664638,0.0
3480,9721.7619664638,0.0
3481,9721.7619664638,0.0
3482,9721.7619664638,0.0
3483,9721.7619664638,0.0
3484,9721.7619664638,0.0
3485,9721.7619664638,0.0
3486,9721.7619664638,0.0
3487,9721.7619664638,0.0
3488,9721.7619664638,0.0
3489,9721.7619664638,0.0
3490,9721.7619664638,0.0
3491,9721.7619664638,0.0
3492,9721.7619664638,0.0
3493,9721.7619664638,0.0
3494,9721.7619664638,0.0
3495,9721.7619664638,0.0
3496,9721.7619664638,0.0
3497,9721.7619664638,0.0
3498,9721.7619664638,0.0
3499,9721.7619664638,0.0
3500,9721.7619664638,0.0
3501,9721.7619664638,0.0
3502,9721.7619664638,0.0
3503,9721.7619664638,0.0
3504,9721.7619664638,0.0
3505,9721.7619664638,0.0
3506,9721.7619664638,0.0
3507,9721.7619664638,0.0
3508,9721.7619664638,0.0
3509,9721.7619664638,0.0
3510,9721.7619664638,0.0
3511,9721.7619664638,0.0
3512,9721.7619664638,0.0
3513,9721.7619664638,0.0
3514,9721.7619664638,0.0
3515,9721.7619664638,0.0
3516,9721.7619664638,0.0
3517,9721.7619664638,0.0
3518,9721.7619664638,0.0
3519,9721.7619664638,0.0
3520,9721.7619664638,0.0
3521,9721.7619664638,0.0
3522,9721.7619664638,0.0
3523,9721.7619664638,0.0
3524,9721.7619664638,0.0
3525,9721.7619664638,0.0
3526,9721.7619664638,0.0
3527,9721.7619664638,0.0
3528,9721.7619664638,0.0
3529,9670.263114439576,1.0
3530,9655.763694774876,0.0
3531,9655.763694774876,0.0
3532,9655.763694774876,0.0
3533,9655.763694774876,0.0
3534,9655.763694774876,0.0
3535,9655.763694774876,0.0
3536,9655.763694774876,0.0
3537,9655.763694774876,0.0
3538,9655.763694774876,0.0
3539,9655.763694774876,0.0
3540,9655.763694774876,0.0
3541,9655.763694774876,0.0
3542,9655.763694774876,0.0
3543,9655.763694774876,0.0
3544,9655.763694774876,0.0
3545,9655.763694774876,0.0
3546,9655.763694774876,0.0
3547,9655.763694774876,0.0
3548,9655.763694774876,0.0
3549,9655.763694774876,0.0
3550,9655.763694774876,0.0
3551,9655.763694774876,0.0
3552,9655.763694774876,0.0
3553,9655.763694774876,0.0
3554,9655.763694774876,0.0
3555,9655.763694774876,0.0
3556,9655.763694774876,0.0
3557,9655.763694774876,0.0
3558,9655.763694774876,0.0
3559,9655.763694774876,0.0
3560,9655.763694774876,0.0
3561,9655.763694774876,0.0
3562,9655.763694774876,0.0
3563,9655.763694774876,0.0
3564,9655.763694774876,0.0
3565,9655.763694774876,0.0
3566,9655.763694774876,0.0
3567,9655.763694774876,0.0
3568,9655.763694774876,0.0
3569,9655.763694774876,0.0
3570,9655.763694774876,0.0
3571,9655.763694774876,0.0
3572,9655.763694774876,0.0
3573,9655.763694774876,0.0
3574,9655.763694774876,0.0
3575,9655.763694774876,0.0
3576,9655.763694774876,0.0
3577,9655.763694774876,0.0
3578,9655.763694774876,0.0
3579,9655.763694774876,0.0
3580,9655.763694774876,0.0
3581,9655.763694774876,0.0
3582,9655.763694774876,0.0
3583,9655.763694774876,0.0
3584,9655.763694774876,0.0
3585,9655.763694774876,0.0
3586,9655.763694774876,0.0
3587,9655.763694774876,0.0
3588,9655.763694774876,0.0
3589,9655.763694774876,0.0
3590,9655.763694774876,0.0
3591,9655.763694774876,0.0
3592,9655.763694774876,0.0
3593,9655.763694774876,0.0
3594,9655.763694774876,0.0
3595,9655.763694774876,0.0
3596,9655.763694774876,0.0
3597,9655.763694774876,0.0
3598,9655.763694774876,0.0
3599,9655.763694774876,0.0
3600,9655.763694774876,0.0
3601,9655.763694774876,0.0
3602,9655.763694774876,0.0
3603,9655.763694774876,0.0
3604,9655.763694774876,0.0
3605,9655.763694774876,0.0
3606,9655.763694774876,0.0
3607,9655.763694774876,0.0
3608,9655.763694774876,0.0
3609,9655.763694774876,0.0
3610,9655.763694774876,0.0
3611,9655.763694774876,0.0
3612,9655.763694774876,0.0
3613,9655.763694774876,0.0
3614,9655.763694774876,0.0
3615,9655.763694774876,0.0
3616,9655.763694774876,0.0
3617,9655.763694774876,0.0
3618,9655.763694774876,0.0
3619,9655.763694774876,0.0
3620,9655.763694774876,0.0
3621,9655.763694774876,0.0
3622,9655.763694774876,0.0
3623,9655.763694774876,0.0
3624,9655.763694774876,0.0
3625,9655.763694774876,0.0
3626,9655.763694774876,0.0
3627,9655.763694774876,0.0
3628,9655.763694774876,0.0
3629,9655.763694774876,0.0
3630,9655.763694774876,0.0
3631,9655.763694774876,0.0
3632,9655.763694774876,0.0
3633,9655.763694774876,0.0
3634,9655.763694774876,0.0
3635,9655.763694774876,0.0
3636,9655.763694774876,0.0
3637,9655.763694774876,0.0
3638,9655.763694774876,0.0
3639,9655.763694774876,0.0
3640,9655.763694774876,0.0
3641,9655.763694774876,0.0
3642,9655.763694774876,0.0
3643,9655.763694774876,0.0
3644,9655.763694774876,0.0
3645,9655.763694774876,0.0
3646,9655.763694774876,0.0
3647,9655.763694774876,0.0
3648,9655.763694774876,0.0
3649,9655.763694774876,0.0
3650,9655.763694774876,0.0
3651,9655.763694774876,0.0
3652,9655.763694774876,0.0
3653,9655.763694774876,0.0
3654,9655.763694774876,0.0
3655,9655.763694774876,0.0
3656,9655.763694774876,0.0
3657,9655.763694774876,0.0
3658,9655.763694774876,0.0
3659,9655.763694774876,0.0
3660,9655.763694774876,0.0
3661,9655.763694774876,0.0
3662,9655.763694774876,0.0
3663,9655.763694774876,0.0
3664,9655.763694774876,0.0
3665,9655.763694774876,0.0
3666,9655.763694774876,0.0
3667,9655.763694774876,0.0
3668,9655.763694774876,0.0
3669,9640.809061482305,1.0
3670,9626.353791844856,0.0
3671,9626.353791844856,0.0
3672,9626.353791844856,0.0
3673,9626.353791844856,0.0
3674,9626.353791844856,0.0
3675,9626.353791844856,0.0
3676,9626.353791844856,0.0
3677,9626.353791844856,0.0
3678,9626.353791844856,0.0
3679,9626.353791844856,0.0
3680,9626.353791844856,0.0
3681,9626.353791844856,0.0
3682,9626.353791844856,0.0
3683,9626.353791844856,0.0
3684,9626.353791844856,0.0
3685,9626.353791844856,0.0
3686,9626.353791844856,0.0
3687,9626.353791844856,0.0
3688,9626.353791844856,0.0
3689,9626.353791844856,0.0
3690,9626.353791844856,0.0
3691,9626.353791844856,0.0
3692,9626.353791844856,0.0
3693,9626.353791844856,0.0
3694,9626.353791844856,0.0
3695,9626.353791844856,0.0
3696,9626.353791844856,0.0
3697,9626.353791844856,0.0
3698,9626.353791844856,0.0
3699,9626.353791844856,0.0
3700,9626.353791844856,0.0
3701,9626.353791844856,0.0
3702,9626.353791844856,0.0
3703,9626.353791844856,0.0
3704,9626.353791844856,0.0
3705,9626.353791844856,0.0
3706,9626.353791844856,0.0
3707,9626.353791844856,0.0
3708,9626.353791844856,0.0
3709,9626.353791844856,0.0
3710,9626.353791844856,0.0
3711,9626.353791844856,0.0
3712,9626.353791844856,0.0
3713,9626.353791844856,0.0
3714,9626.353791844856,0.0
3715,9626.353791844856,0.0
3716,9626.353791844856,0.0
3717,9626.353791844856,0.0
3718,9626.353791844856,0.0
3719,9626.353791844856,0.0
3720,9626.353791844856,0.0
3721,9626.353791844856,0.0
3722,9626.353791844856,0.0
3723,9626.353791844856,0.0
3724,9626.353791844856,0.0
3725,9626.353791844856,0.0
3726,9626.353791844856,0.0
3727,9626.353791844856,0.0
3728,9626.353791844856,0.0
3729,9626.353791844856,0.0
3730,9626.353791844856,0.0
3731,9626.353791844856,0.0
3732,9626.353791844856,0.0
3733,9626.353791844856,0.0
3734,9626.353791844856,0.0
3735,9626.353791844856,0.0
3736,9626.353791844856,0.0
3737,9626.353791844856,0.0
3738,9626.353791844856,0.0
3739,9626.353791844856,0.0
3740,9626.353791844856,0.0
3741,9626.353791844856,0.0
3742,9626.353791844856,0.0
3743,9626.353791844856,0.0
3744,9626.353791844856,0.0
3745,9626.353791844856,0.0
3746,9626.353791844856,0.0
3747,9626.353791844856,0.0
3748,9626.353791844856,0.0
3749,9626.353791844856,0.0
3750,9626.353791844856,0.0
3751,9626.353791844856,0.0
3752,9626.353791844856,0.0
3753,9626.353791844856,0.0
3754,9626.353791844856,0.0
3755,9626.353791844856,0.0
3756,9626.353791844856,0.0
3757,9626.353791844856,0.0
3758,9626.353791844856,0.0
3759,9626.353791844856,0.0
3760,9626.353791844856,0.0
3761,9626.353791844856,0.0
3762,9626.353791844856,0.0
3763,9626.353791844856,0.0
3764,9626.353791844856,0.0
3765,9626.353791844856,0.0
3766,9626.353791844856,0.0
3767,9626.353791844856,0.0
3768,9626.353791844856,0.0
3769,9626.353791844856,0.0
3770,9626.353791844856,0.0
3771,9626.353791844856,0.0
3772,9626.353791844856,0.0
3773,9626.353791844856,0.0
3774,9626.353791844856,0.0
3775,9626.353791844856,0.0
3776,9626.353791844856,0.0
3777,9626.353791844856,0.0
3778,9626.353791844856,0.0
3779,9626.353791844856,0.0
3780,9626.353791844856,0.0
3781,9626.353791844856,0.0
3782,9626.353791844856,0.0
3783,9626.353791844856,0.0
3784,9626.353791844856,0.0
3785,9626.353791844856,0.0
3786,9626.353791844856,0.0
3787,9626.353791844856,0.0
3788,9626.353791844856,0.0
3789,9626.353791844856,0.0
3790,9626.353791844856,0.0
3791,9626.353791844856,0.0
3792,9626.353791844856,0.0
3793,9626.353791844856,0.0
3794,9626.353791844856,0.0
3795,9626.353791844856,0.0
3796,9626.353791844856,0.0
3797,9626.353791844856,0.0
3798,9626.353791844856,0.0
3799,9626.353791844856,0.0
3800,9626.353791844856,0.0
3801,9626.353791844856,0.0
3802,9626.353791844856,0.0
3803,9626.353791844856,0.0
3804,9626.353791844856,0.0
3805,9626.353791844856,0.0
3806,9626.353791844856,0.0
3807,9626.353791844856,0.0
3808,9626.353791844856,0.0
3809,9626.353791844856,0.0
3810,9626.353791844856,0.0
3811,9626.353791844856,0.0
3812,9626.353791844856,0.0
3813,9626.353791844856,0.0
3814,9626.353791844856,0.0
3815,9626.353791844856,0.0
3816,9626.353791844856,0.0
3817,9626.353791844856,0.0
3818,9626.353791844856,0.0
3819,9626.353791844856,0.0
3820,9626.353791844856,0.0
3821,9626.353791844856,0.0
3822,9626.353791844856,0.0
3823,9626.353791844856,0.0
3824,9626.353791844856,0.0
3825,9626.353791844856,0.0
3826,9626.353791844856,0.0
3827,9626.353791844856,0.0
3828,9626.353791844856,0.0
3829,9626.353791844856,0.0
3830,9626.353791844856,0.0
3831,9626.353791844856,0.0
3832,9626.353791844856,0.0
3833,9626.353791844856,0.0
3834,9626.353791844856,0.0
3835,9626.353791844856,0.0
3836,9626.353791844856,0.0
3837,9626.353791844856,0.0
3838,9626.353791844856,0.0
3839,9626.353791844856,0.0
3840,9626.353791844856,0.0
3841,9626.353791844856,0.0
3842,9626.353791844856,0.0
3843,9626.353791844856,0.0
3844,9626.353791844856,0.0
3845,9626.353791844856,0.0
3846,9626.353791844856,0.0
3847,9626.353791844856,0.0
3848,9626.353791844856,0.0
3849,9626.353791844856,0.0
3850,9626.353791844856,0.0
3851,9626.353791844856,0.0
3852,9626.353791844856,0.0
3853,9626.353791844856,0.0
3854,9626.353791844856,0.0
3855,9626.353791844856,0.0
3856,9626.353791844856,0.0
3857,9626.353791844856,0.0
3858,9626.353791844856,0.0
3859,9626.353791844856,0.0
3860,9626.353791844856,0.0
3861,9626.353791844856,0.0
3862,9626.353791844856,0.0
3863,9626.353791844856,0.0
3864,9626.353791844856,0.0
3865,9626.353791844856,0.0
3866,9626.353791844856,0.0
3867,9626.353791844856,0.0
3868,9626.353791844856,0.0
3869,9626.353791844856,0.0
3870,9626.353791844856,0.0
3871,9626.353791844856,0.0
3872,9626.353791844856,0.0
3873,9626.353791844856,0.0
3874,9626.353791844856,0.0
3875,9626.353791844856,0.0
3876,9626.353791844856,0.0
3877,9626.353791844856,0.0
3878,9626.353791844856,0.0
3879,9626.353791844856,0.0
3880,9626.353791844856,0.0
3881,9626.353791844856,0.0
3882,9626.353791844856,0.0
3883,9626.353791844856,0.0
3884,9626.353791844856,0.0
3885,9626.353791844856,0.0
3886,9626.353791844856,0.0
3887,9626.353791844856,0.0
3888,9626.353791844856,0.0
3889,9626.353791844856,0.0
3890,9626.353791844856,0.0
3891,9626.353791844856,0.0
3892,9626.353791844856,0.0
3893,9626.353791844856,0.0
3894,9626.353791844856,0.0
3895,9626.353791844856,0.0
3896,9626.353791844856,0.0
3897,9626.353791844856,0.0
3898,9626.353791844856,0.0
3899,9626.353791844856,0.0
3900,9626.353791844856,0.0
3901,9626.353791844856,0.0
3902,9626.353791844856,0.0
3903,9626.353791844856,0.0
3904,9626.353791844856,0.0
3905,9626.353791844856,0.0
3906,9626.353791844856,0.0
3907,9626.353791844856,0.0
3908,9626.353791844856,0.0
3909,9626.353791844856,0.0
3910,9626.353791844856,0.0
3911,9626.353791844856,0.0
3912,9626.353791844856,0.0
3913,9626.353791844856,0.0
3914,9626.353791844856,0.0
3915,9626.353791844856,0.0
3916,9626.353791844856,0.0
3917,9626.353791844856,0.0
3918,9626.353791844856,0.0
3919,9626.353791844856,0.0
3920,9626.353791844856,0.0
3921,9626.353791844856,0.0
3922,9626.353791844856,0.0
3923,9626.353791844856,0.0
3924,9626.353791844856,0.0
3925,9626.353791844856,0.0
3926,9626.353791844856,0.0
3927,9626.353791844856,0.0
3928,9626.353791844856,0.0
3929,9626.353791844856,0.0
3930,9626.353791844856,0.0
3931,9626.353791844856,0.0
3932,9626.353791844856,0.0
3933,9626.353791844856,0.0
3934,9626.353791844856,0.0
3935,9626.353791844856,0.0
3936,9626.353791844856,0.0
3937,9626.353791844856,0.0
3938,9626.353791844856,0.0
3939,9626.353791844856,0.0
3940,9626.353791844856,0.0
3941,9626.353791844856,0.0
3942,9626.353791844856,0.0
3943,9626.353791844856,0.0
3944,9626.353791844856,0.0
3945,9626.353791844856,0.0
3946,9626.353791844856,0.0
3947,9626.353791844856,0.0
3948,9626.353791844856,0.0
3949,9626.353791844856,0.0
3950,9626.353791844856,0.0
3951,9626.353791844856,0.0
3952,9626.353791844856,0.0
3953,9626.353791844856,0.0
3954,9626.353791844856,0.0
3955,9626.353791844856,0.0
3956,9626.353791844856,0.0
3957,9626.353791844856,0.0
3958,9626.353791844856,0.0
3959,9626.353791844856,0.0
3960,9626.353791844856,0.0
3961,9626.353791844856,0.0
3962,9626.353791844856,0.0
3963,9626.353791844856,0.0
3964,9626.353791844856,0.0
3965,9626.353791844856,0.0
3966,9626.353791844856,0.0
3967,9626.353791844856,0.0
3968,9626.353791844856,0.0
3969,9626.353791844856,0.0
3970,9626.353791844856,0.0
3971,9626.353791844856,0.0
3972,9626.353791844856,0.0
3973,9626.353791844856,0.0
3974,9626.353791844856,0.0
3975,9626.353791844856,0.0
3976,9626.353791844856,0.0
3977,9626.353791844856,0.0
3978,9626.353791844856,0.0
3979,9626.353791844856,0.0
3980,9626.353791844856,0.0
3981,9626.353791844856,0.0
3982,9626.353791844856,0.0
3983,9626.353791844856,0.0
3984,9626.353791844856,0.0
3985,9626.353791844856,0.0
3986,9626.353791844856,0.0
3987,9626.353791844856,0.0
3988,9626.353791844856,0.0
3989,9626.353791844856,0.0
3990,9626.353791844856,0.0
3991,9626.353791844856,0.0
3992,9626.353791844856,0.0
3993,9626.353791844856,0.0
3994,9626.353791844856,0.0
3995,9626.353791844856,0.0
3996,9626.353791844856,0.0
3997,9626.353791844856,0.0
3998,9626.353791844856,0.0
3999,9626.353791844856,0.0
4000,9626.353791844856,0.0
4001,9626.353791844856,0.0
4002,9626.353791844856,0.0
4003,9626.353791844856,0.0
4004,9626.353791844856,0.0
4005,9626.353791844856,0.0
4006,9626.353791844856,0.0
4007,9626.353791844856,0.0
4008,9626.353791844856,0.0
4009,9626.353791844856,0.0
4010,9626.353791844856,0.0
4011,9626.353791844856,0.0
4012,9626.353791844856,0.0
4013,9626.353791844856,0.0
4014,9626.353791844856,0.0
4015,9626.353791844856,0.0
4016,9626.353791844856,0.0
4017,9626.353791844856,0.0
4018,9626.353791844856,0.0
4019,9626.353791844856,0.0
4020,9626.353791844856,0.0
4021,9626.353791844856,0.0
4022,9626.353791844856,0.0
4023,9626.353791844856,0.0
4024,9626.353791844856,0.0
4025,9626.353791844856,0.0
4026,9626.353791844856,0.0
4027,9626.353791844856,0.0
4028,9626.353791844856,0.0
4029,9626.353791844856,0.0
4030,9626.353791844856,0.0
4031,9626.353791844856,0.0
4032,9626.353791844856,0.0
4033,9626.353791844856,0.0
4034,9626.353791844856,0.0
4035,9626.353791844856,0.0
4036,9626.353791844856,0.0
4037,9626.353791844856,0.0
4038,9626.353791844856,0.0
4039,9626.353791844856,0.0
4040,9626.353791844856,0.0
4041,9626.353791844856,0.0
4042,9626.353791844856,0.0
4043,9626.353791844856,0.0
4044,9626.353791844856,0.0
4045,9626.353791844856,0.0
4046,9626.353791844856,0.0
4047,9626.353791844856,0.0
4048,9626.353791844856,0.0
4049,9626.353791844856,0.0
4050,9626.353791844856,0.0
4051,9626.353791844856,0.0
4052,9626.353791844856,0.0
4053,9626.353791844856,0.0
4054,9626.353791844856,0.0
4055,9626.353791844856,0.0
4056,9626.353791844856,0.0
4057,9626.353791844856,0.0
4058,9626.353791844856,0.0
4059,9626.353791844856,0.0
4060,9626.353791844856,0.0
4061,9626.353791844856,0.0
4062,9626.353791844856,0.0
4063,9626.353791844856,0.0
4064,9626.353791844856,0.0
4065,9626.353791844856,0.0
4066,9626.353791844856,0.0
4067,9626.353791844856,0.0
4068,9626.353791844856,0.0
4069,9626.353791844856,0.0
4070,9626.353791844856,0.0
4071,9626.353791844856,0.0
4072,9626.353791844856,0.0
4073,9626.353791844856,0.0
4074,9626.353791844856,0.0
4075,9626.353791844856,0.0
4076,9626.353791844856,0.0
4077,9626.353791844856,0.0
4078,9626.353791844856,0.0
4079,9626.353791844856,0.0
4080,9626.353791844856,0.0
4081,9626.353791844856,0.0
4082,9626.353791844856,0.0
4083,9626.353791844856,0.0
4084,9626.353791844856,0.0
4085,9626.353791844856,0.0
4086,9626.353791844856,0.0
4087,9626.353791844856,0.0
4088,9626.353791844856,0.0
4089,9626.353791844856,0.0
4090,9626.353791844856,0.0
4091,9626.353791844856,0.0
4092,9626.353791844856,0.0
4093,9626.353791844856,0.0
4094,9626.353791844856,0.0
4095,9626.353791844856,0.0
4096,9626.353791844856,0.0
4097,9626.353791844856,0.0
4098,9626.353791844856,0.0
4099,9626.353791844856,0.0
4100,9626.353791844856,0.0
4101,9626.353791844856,0.0
4102,9626.353791844856,0.0
4103,9626.353791844856,0.0
4104,9626.353791844856,0.0
4105,9626.353791844856,0.0
4106,9626.353791844856,0.0
4107,9626.353791844856,0.0
4108,9626.353791844856,0.0
4109,9626.353791844856,0.0
4110,9626.353791844856,0.0
4111,9626.353791844856,0.0
4112,9626.353791844856,0.0
4113,9626.353791844856,0.0
4114,9626.353791844856,0.0
4115,9626.353791844856,0.0
4116,9626.353791844856,0.0
4117,9626.353791844856,0.0
4118,9626.353791844856,0.0
4119,9626.353791844856,0.0
4120,9626.353791844856,0.0
4121,9626.353791844856,0.0
4122,9626.353791844856,0.0
4123,9626.353791844856,0.0
4124,9626.353791844856,0.0
4125,9626.353791844856,0.0
4126,9626.353791844856,0.0
4127,9626.353791844856,0.0
4128,9626.353791844856,0.0
4129,9626.353791844856,0.0
4130,9626.353791844856,0.0
4131,9626.353791844856,0.0
4132,9626.353791844856,0.0
4133,9626.353791844856,0.0
4134,9626.353791844856,0.0
4135,9626.353791844856,0.0
4136,9626.353791844856,0.0
4137,9626.353791844856,0.0
4138,9626.353791844856,0.0
4139,9626.353791844856,0.0
4140,9626.353791844856,0.0
4141,9626.353791844856,0.0
4142,9626.353791844856,0.0
4143,9626.353791844856,0.0
4144,9626.353791844856,0.0
4145,9626.353791844856,0.0
4146,9626.353791844856,0.0
4147,9626.353791844856,0.0
4148,9626.353791844856,0.0
4149,9626.353791844856,0.0
4150,9626.353791844856,0.0
4151,9626.353791844856,0.0
4152,9626.353791844856,0.0
4153,9626.353791844856,0.0
4154,9626.353791844856,0.0
4155,9626.353791844856,0.0
4156,9626.353791844856,0.0
4157,9626.353791844856,0.0
4158,9626.353791844856,0.0
4159,9626.353791844856,0.0
4160,9626.353791844856,0.0
4161,9626.353791844856,0.0
4162,9626.353791844856,0.0
4163,9626.353791844856,0.0
4164,9626.353791844856,0.0
4165,9626.353791844856,0.0
4166,9626.353791844856,0.0
4167,9626.353791844856,0.0
4168,9626.353791844856,0.0
4169,9626.353791844856,0.0
4170,9626.353791844856,0.0
4171,9626.353791844856,0.0
4172,9626.353791844856,0.0
4173,9626.353791844856,0.0
4174,9626.353791844856,0.0
4175,9626.353791844856,0.0
4176,9626.353791844856,0.0
4177,9626.353791844856,0.0
4178,9626.353791844856,0.0
4179,9626.353791844856,0.0
4180,9626.353791844856,0.0
4181,9626.353791844856,0.0
4182,9626.353791844856,0.0
4183,9626.353791844856,0.0
4184,9626.353791844856,0.0
4185,9626.353791844856,0.0
4186,9626.353791844856,0.0
4187,9626.353791844856,0.0
4188,9626.353791844856,0.0
4189,9626.353791844856,0.0
4190,9626.353791844856,0.0
4191,9626.353791844856,0.0
4192,9626.353791844856,0.0
4193,9626.353791844856,0.0
4194,9626.353791844856,0.0
4195,9626.353791844856,0.0
4196,9626.353791844856,0.0
4197,9626.353791844856,0.0
4198,9626.353791844856,0.0
4199,9626.353791844856,0.0
4200,9626.353791844856,0.0
4201,9626.353791844856,0.0
4202,9626.353791844856,0.0
4203,9626.353791844856,0.0
4204,9626.353791844856,0.0
4205,9626.353791844856,0.0
4206,9626.353791844856,0.0
4207,9626.353791844856,0.0
4208,9626.353791844856,0.0
4209,9626.353791844856,0.0
4210,9626.353791844856,0.0
4211,9626.353791844856,0.0
4212,9626.353791844856,0.0
4213,9626.353791844856,0.0
4214,9626.353791844856,0.0
4215,9626.353791844856,0.0
4216,9626.353791844856,0.0
4217,9626.353791844856,0.0
4218,9626.353791844856,0.0
4219,9626.353791844856,0.0
4220,9626.353791844856,0.0
4221,9626.353791844856,0.0
4222,9626.353791844856,0.0
4223,9626.353791844856,0.0
4224,9626.353791844856,0.0
4225,9626.353791844856,0.0
4226,9626.353791844856,0.0
4227,9626.353791844856,0.0
4228,9626.353791844856,0.0
4229,9626.353791844856,0.0
4230,9626.353791844856,0.0
4231,9626.353791844856,0.0
4232,9626.353791844856,0.0
4233,9626.353791844856,0.0
4234,9626.353791844856,0.0
4235,9626.353791844856,0.0
4236,9626.353791844856,0.0
4237,9626.353791844856,0.0
4238,9626.353791844856,0.0
4239,9626.353791844856,0.0
4240,9626.353791844856,0.0
4241,9626.353791844856,0.0
4242,9626.353791844856,0.0
4243,9626.353791844856,0.0
4244,9626.353791844856,0.0
4245,9626.353791844856,0.0
4246,9626.353791844856,0.0
4247,9626.353791844856,0.0
4248,9626.353791844856,0.0
4249,9626.353791844856,0.0
4250,9626.353791844856,0.0
4251,9626.353791844856,0.0
4252,9626.353791844856,0.0
4253,9626.353791844856,0.0
4254,9626.353791844856,0.0
4255,9626.353791844856,0.0
4256,9626.353791844856,0.0
4257,9626.353791844856,0.0
4258,9626.353791844856,0.0
4259,9626.353791844856,0.0
4260,9626.353791844856,0.0
4261,9626.353791844856,0.0
4262,9626.353791844856,0.0
4263,9626.353791844856,0.0
4264,9626.353791844856,0.0
4265,9626.353791844856,0.0
4266,9626.353791844856,0.0
4267,9626.353791844856,0.0
4268,9626.353791844856,0.0
4269,9626.353791844856,0.0
4270,9626.353791844856,0.0
4271,9626.353791844856,0.0
4272,9626.353791844856,0.0
4273,9626.353791844856,0.0
4274,9626.353791844856,0.0
4275,9626.353791844856,0.0
4276,9626.353791844856,0.0
4277,9626.353791844856,0.0
4278,9626.353791844856,0.0
4279,9626.353791844856,0.0
4280,9626.353791844856,0.0
4281,9626.353791844856,0.0
4282,9626.353791844856,0.0
4283,9626.353791844856,0.0
4284,9626.353791844856,0.0
4285,9626.353791844856,0.0
4286,9626.353791844856,0.0
4287,9626.353791844856,0.0
4288,9626.353791844856,0.0
4289,9626.353791844856,0.0
4290,9626.353791844856,0.0
4291,9626.353791844856,0.0
4292,9626.353791844856,0.0
4293,9626.353791844856,0.0
4294,9626.353791844856,0.0
4295,9626.353791844856,0.0
4296,9626.353791844856,0.0
4297,9626.353791844856,0.0
4298,9626.353791844856,0.0
4299,9626.353791844856,0.0
4300,9626.353791844856,0.0
4301,9626.353791844856,0.0
4302,9626.353791844856,0.0
4303,9626.353791844856,0.0
4304,9626.353791844856,0.0
4305,9626.353791844856,0.0
4306,9626.353791844856,0.0
4307,9626.353791844856,0.0
4308,9626.353791844856,0.0
4309,9626.353791844856,0.0
4310,9626.353791844856,0.0
4311,9626.353791844856,0.0
4312,9626.353791844856,0.0
4313,9626.353791844856,0.0
4314,9626.353791844856,0.0
4315,9626.353791844856,0.0
4316,9626.353791844856,0.0
4317,9626.353791844856,0.0
4318,9626.353791844856,0.0
4319,9626.353791844856,0.0
4320,9626.353791844856,0.0
4321,9626.353791844856,0.0
4322,9626.353791844856,0.0
4323,9626.353791844856,0.0
4324,9626.353791844856,0.0
4325,9626.353791844856,0.0
4326,9626.353791844856,0.0
4327,9626.353791844856,0.0
4328,9626.353791844856,0.0
4329,9626.353791844856,0.0
4330,9626.353791844856,0.0
4331,9626.353791844856,0.0
4332,9626.353791844856,0.0
4333,9626.353791844856,0.0
4334,9626.353791844856,0.0
4335,9626.353791844856,0.0
4336,9626.353791844856,0.0
4337,9626.353791844856,0.0
4338,9626.353791844856,0.0
4339,9626.353791844856,0.0
4340,9626.353791844856,0.0
4341,9626.353791844856,0.0
4342,9626.353791844856,0.0
4343,9626.353791844856,0.0
4344,9626.353791844856,0.0
4345,9626.353791844856,0.0
4346,9626.353791844856,0.0
4347,9626.353791844856,0.0
4348,9626.353791844856,0.0
4349,9626.353791844856,0.0
4350,9626.353791844856,0.0
4351,9626.353791844856,0.0
4352,9626.353791844856,0.0
4353,9626.353791844856,0.0
4354,9626.353791844856,0.0
4355,9626.353791844856,0.0
4356,9626.353791844856,0.0
4357,9626.353791844856,0.0
4358,9626.353791844856,0.0
4359,9626.353791844856,0.0
4360,9626.353791844856,0.0
4361,9626.353791844856,0.0
4362,9626.353791844856,0.0
4363,9626.353791844856,0.0
4364,9626.353791844856,0.0
4365,9626.353791844856,0.0
4366,9626.353791844856,0.0
4367,9626.353791844856,0.0
4368,9626.353791844856,0.0
4369,9626.353791844856,0.0
4370,9626.353791844856,0.0
4371,9626.353791844856,0.0
4372,9626.353791844856,0.0
4373,9626.353791844856,0.0
4374,9626.353791844856,0.0
4375,9626.353791844856,0.0
4376,9626.353791844856,0.0
4377,9626.353791844856,0.0
4378,9626.353791844856,0.0
4379,9626.353791844856,0.0
4380,9626.353791844856,0.0
4381,9626.353791844856,0.0
4382,9626.353791844856,0.0
4383,9626.353791844856,0.0
4384,9626.353791844856,0.0
4385,9626.353791844856,0.0
4386,9626.353791844856,0.0
4387,9626.353791844856,0.0
4388,9626.353791844856,0.0
4389,9626.353791844856,0.0
4390,9626.353791844856,0.0
4391,9626.353791844856,0.0
4392,9626.353791844856,0.0
4393,9626.353791844856,0.0
4394,9626.353791844856,0.0
4395,9626.353791844856,0.0
4396,9626.353791844856,0.0
4397,9626.353791844856,0.0
4398,9626.353791844856,0.0
4399,9626.353791844856,0.0
4400,9626.353791844856,0.0
4401,9626.353791844856,0.0
4402,9626.353791844856,0.0
4403,9626.353791844856,0.0
4404,9626.353791844856,0.0
4405,9626.353791844856,0.0
4406,9626.353791844856,0.0
4407,9626.353791844856,0.0
4408,9626.353791844856,0.0
4409,9626.353791844856,0.0
4410,9626.353791844856,0.0
4411,9626.353791844856,0.0
4412,9626.353791844856,0.0
4413,9626.353791844856,0.0
4414,9626.353791844856,0.0
4415,9626.353791844856,0.0
4416,9626.353791844856,0.0
4417,9626.353791844856,0.0
4418,9626.353791844856,0.0
4419,9626.353791844856,0.0
4420,9626.353791844856,0.0
4421,9626.353791844856,0.0
4422,9626.353791844856,0.0
4423,9626.353791844856,0.0
4424,9626.353791844856,0.0
4425,9626.353791844856,0.0
4426,9626.353791844856,0.0
4427,9626.353791844856,0.0
4428,9626.353791844856,0.0
4429,9626.353791844856,0.0
4430,9626.353791844856,0.0
4431,9626.353791844856,0.0
4432,9626.353791844856,0.0
4433,9626.353791844856,0.0
4434,9626.353791844856,0.0
4435,9626.353791844856,0.0
4436,9626.353791844856,0.0
4437,9626.353791844856,0.0
4438,9626.353791844856,0.0
4439,9626.353791844856,0.0
4440,9626.353791844856,0.0
4441,9626.353791844856,0.0
4442,9626.353791844856,0.0
4443,9626.353791844856,0.0
4444,9626.353791844856,0.0
4445,9626.353791844856,0.0
4446,9626.353791844856,0.0
4447,9626.353791844856,0.0
4448,9626.353791844856,0.0
4449,9626.353791844856,0.0
4450,9626.353791844856,0.0
4451,9626.353791844856,0.0
4452,9626.353791844856,0.0
4453,9626.353791844856,0.0
4454,9626.353791844856,0.0
4455,9626.353791844856,0.0
4456,9626.353791844856,0.0
4457,9626.353791844856,0.0
4458,9626.353791844856,0.0
4459,9626.353791844856,0.0
4460,9626.353791844856,0.0
4461,9626.353791844856,0.0
4462,9626.353791844856,0.0
4463,9626.353791844856,0.0
4464,9626.353791844856,0.0
4465,9626.353791844856,0.0
4466,9626.353791844856,0.0
4467,9626.353791844856,0.0
4468,9626.353791844856,0.0
4469,9626.353791844856,0.0
4470,9626.353791844856,0.0
4471,9626.353791844856,0.0
4472,9626.353791844856,0.0
4473,9626.353791844856,0.0
4474,9626.353791844856,0.0
4475,9626.353791844856,0.0
4476,9626.353791844856,0.0
4477,9626.353791844856,0.0
4478,9626.353791844856,0.0
4479,9626.353791844856,0.0
4480,9626.353791844856,0.0
4481,9626.353791844856,0.0
4482,9626.353791844856,0.0
4483,9626.353791844856,0.0
4484,9626.353791844856,0.0
4485,9626.353791844856,0.0
4486,9626.353791844856,0.0
4487,9626.353791844856,0.0
4488,9626.353791844856,0.0
4489,9626.353791844856,0.0
4490,9626.353791844856,0.0
4491,9626.353791844856,0.0
4492,9626.353791844856,0.0
4493,9626.353791844856,0.0
4494,9626.353791844856,0.0
4495,9626.353791844856,0.0
4496,9626.353791844856,0.0
4497,9626.353791844856,0.0
4498,9626.353791844856,0.0
4499,9626.353791844856,0.0
4500,9626.353791844856,0.0
4501,9626.353791844856,0.0
4502,9626.353791844856,0.0
4503,9626.353791844856,0.0
4504,9626.353791844856,0.0
4505,9626.353791844856,0.0
4506,9626.353791844856,0.0
4507,9626.353791844856,0.0
4508,9626.353791844856,0.0
4509,9626.353791844856,0.0
4510,9626.353791844856,0.0
4511,9626.353791844856,0.0
4512,9626.353791844856,0.0
4513,9626.353791844856,0.0
4514,9626.353791844856,0.0
4515,9626.353791844856,0.0
4516,9626.353791844856,0.0
4517,9626.353791844856,0.0
4518,9626.353791844856,0.0
4519,9626.353791844856,0.0
4520,9626.353791844856,0.0
4521,9626.353791844856,0.0
4522,9626.353791844856,0.0
4523,9626.353791844856,0.0
4524,9626.353791844856,0.0
4525,9626.353791844856,0.0
4526,9626.353791844856,0.0
4527,9626.353791844856,0.0
4528,9626.353791844856,0.0
4529,9626.353791844856,0.0
4530,9626.353791844856,0.0
4531,9626.353791844856,0.0
4532,9626.353791844856,0.0
4533,9626.353791844856,0.0
4534,9626.353791844856,0.0
4535,9626.353791844856,0.0
4536,9626.353791844856,0.0
4537,9626.353791844856,0.0
4538,9626.353791844856,0.0
4539,9626.353791844856,0.0
4540,9626.353791844856,0.0
4541,9626.353791844856,0.0
4542,9626.353791844856,0.0
4543,9626.353791844856,0.0
4544,9626.353791844856,0.0
4545,9626.353791844856,0.0
4546,9626.353791844856,0.0
4547,9626.353791844856,0.0
4548,9626.353791844856,0.0
4549,9626.353791844856,0.0
4550,9626.353791844856,0.0
4551,9626.353791844856,0.0
4552,9626.353791844856,0.0
4553,9626.353791844856,0.0
4554,9626.353791844856,0.0
4555,9626.353791844856,0.0
4556,9626.353791844856,0.0
4557,9626.353791844856,0.0
4558,9626.353791844856,0.0
4559,9626.353791844856,0.0
4560,9626.353791844856,0.0
4561,9626.353791844856,0.0
4562,9626.353791844856,0.0
4563,9626.353791844856,0.0
4564,9626.353791844856,0.0
4565,9626.353791844856,0.0
4566,9626.353791844856,0.0
4567,9626.353791844856,0.0
4568,9626.353791844856,0.0
4569,9626.353791844856,0.0
4570,9626.353791844856,0.0
4571,9626.353791844856,0.0
4572,9626.353791844856,0.0
4573,9626.353791844856,0.0
4574,9626.353791844856,0.0
4575,9626.353791844856,0.0
4576,9626.353791844856,0.0
4577,9626.353791844856,0.0
4578,9626.353791844856,0.0
4579,9626.353791844856,0.0
4580,9626.353791844856,0.0
4581,9626.353791844856,0.0
4582,9626.353791844856,0.0
4583,9626.353791844856,0.0
4584,9626.353791844856,0.0
4585,9626.353791844856,0.0
4586,9626.353791844856,0.0
4587,9626.353791844856,0.0
4588,9626.353791844856,0.0
4589,9626.353791844856,0.0
4590,9626.353791844856,0.0
4591,9626.353791844856,0.0
4592,9626.353791844856,0.0
4593,9626.353791844856,0.0
4594,9626.353791844856,0.0
4595,9626.353791844856,0.0
4596,9626.353791844856,0.0
4597,9626.353791844856,0.0
4598,9626.353791844856,0.0
4599,9626.353791844856,0.0
4600,9626.353791844856,0.0
4601,9626.353791844856,0.0
4602,9626.353791844856,0.0
4603,9626.353791844856,0.0
4604,9626.353791844856,0.0
4605,9626.353791844856,0.0
4606,9626.353791844856,0.0
4607,9626.353791844856,0.0
4608,9626.353791844856,0.0
4609,9626.353791844856,0.0
4610,9626.353791844856,0.0
4611,9626.353791844856,0.0
4612,9626.353791844856,0.0
4613,9626.353791844856,0.0
4614,9626.353791844856,0.0
4615,9626.353791844856,0.0
4616,9626.353791844856,0.0
4617,9626.353791844856,0.0
4618,9626.353791844856,0.0
4619,9626.353791844856,0.0
4620,9626.353791844856,0.0
4621,9626.353791844856,0.0
4622,9626.353791844856,0.0
4623,9626.353791844856,0.0
4624,9626.353791844856,0.0
4625,9626.353791844856,0.0
4626,9626.353791844856,0.0
4627,9626.353791844856,0.0
4628,9626.353791844856,0.0
4629,9626.353791844856,0.0
4630,9626.353791844856,0.0
4631,9626.353791844856,0.0
4632,9626.353791844856,0.0
4633,9626.353791844856,0.0
4634,9626.353791844856,0.0
4635,9626.353791844856,0.0
4636,9626.353791844856,0.0
4637,9626.353791844856,0.0
4638,9626.353791844856,0.0
4639,9626.353791844856,0.0
4640,9626.353791844856,0.0
4641,9626.353791844856,0.0
4642,9626.353791844856,0.0
4643,9626.353791844856,0.0
4644,9626.353791844856,0.0
4645,9626.353791844856,0.0
4646,9626.353791844856,0.0
4647,9626.353791844856,0.0
4648,9626.353791844856,0.0
4649,9626.353791844856,0.0
4650,9626.353791844856,0.0
4651,9626.353791844856,0.0
4652,9626.353791844856,0.0
4653,9626.353791844856,0.0
4654,9626.353791844856,0.0
4655,9626.353791844856,0.0
4656,9626.353791844856,0.0
4657,9626.353791844856,0.0
4658,9626.353791844856,0.0
4659,9626.353791844856,0.0
4660,9626.353791844856,0.0
4661,9626.353791844856,0.0
4662,9626.353791844856,0.0
4663,9626.353791844856,0.0
4664,9626.353791844856,0.0
4665,9626.353791844856,0.0
4666,9626.353791844856,0.0
4667,9626.353791844856,0.0
4668,9626.353791844856,0.0
4669,9626.353791844856,0.0
4670,9626.353791844856,0.0
4671,9626.353791844856,0.0
4672,9626.353791844856,0.0
4673,9626.353791844856,0.0
4674,9626.353791844856,0.0
4675,9626.353791844856,0.0
4676,9626.353791844856,0.0
4677,9626.353791844856,0.0
4678,9626.353791844856,0.0
4679,9626.353791844856,0.0
4680,9626.353791844856,0.0
4681,9626.353791844856,0.0
4682,9626.353791844856,0.0
4683,9626.353791844856,0.0
4684,9626.353791844856,0.0
4685,9626.353791844856,0.0
4686,9626.353791844856,0.0
4687,9626.353791844856,0.0
4688,9626.353791844856,0.0
4689,9626.353791844856,0.0
4690,9626.353791844856,0.0
4691,9626.353791844856,0.0
4692,9626.353791844856,0.0
4693,9626.353791844856,0.0
4694,9626.353791844856,0.0
4695,9626.353791844856,0.0
4696,9626.353791844856,0.0
4697,9626.353791844856,0.0
4698,9626.353791844856,0.0
4699,9626.353791844856,0.0
4700,9626.353791844856,0.0
4701,9626.353791844856,0.0
4702,9626.353791844856,0.0
4703,9626.353791844856,0.0
4704,9611.765810827519,1.0
4705,9597.352967994184,0.0
4706,9597.352967994184,0.0
4707,9597.352967994184,0.0
4708,9597.352967994184,0.0
4709,9597.352967994184,0.0
4710,9597.352967994184,0.0
4711,9597.352967994184,0.0
4712,9597.352967994184,0.0
4713,9597.352967994184,0.0
4714,9597.352967994184,0.0
4715,9597.352967994184,0.0
4716,9597.352967994184,0.0
4717,9597.352967994184,0.0
4718,9597.352967994184,0.0
4719,9597.352967994184,0.0
4720,9597.352967994184,0.0
4721,9597.352967994184,0.0
4722,9597.352967994184,0.0
4723,9597.352967994184,0.0
4724,9597.352967994184,0.0
4725,9597.352967994184,0.0
4726,9597.352967994184,0.0
4727,9597.352967994184,0.0
4728,9597.352967994184,0.0
4729,9597.352967994184,0.0
4730,9597.352967994184,0.0
4731,9597.352967994184,0.0
4732,9597.352967994184,0.0
4733,9597.352967994184,0.0
4734,9597.352967994184,0.0
4735,9597.352967994184,0.0
4736,9597.352967994184,0.0
4737,9597.352967994184,0.0
4738,9597.352967994184,0.0
4739,9597.352967994184,0.0
4740,9597.352967994184,0.0
4741,9597.352967994184,0.0
4742,9597.352967994184,0.0
4743,9597.352967994184,0.0
4744,9597.352967994184,0.0
4745,9597.352967994184,0.0
4746,9597.352967994184,0.0
4747,9597.352967994184,0.0
4748,9597.352967994184,0.0
4749,9597.352967994184,0.0
4750,9597.352967994184,0.0
4751,9597.352967994184,0.0
4752,9597.352967994184,0.0
4753,9597.352967994184,0.0
4754,9597.352967994184,0.0
4755,9597.352967994184,0.0
4756,9597.352967994184,0.0
4757,9597.352967994184,0.0
4758,9597.352967994184,0.0
4759,9597.352967994184,0.0
4760,9597.352967994184,0.0
4761,9597.352967994184,0.0
4762,9597.352967994184,0.0
4763,9597.352967994184,0.0
4764,9597.352967994184,0.0
4765,9597.352967994184,0.0
4766,9597.352967994184,0.0
4767,9597.352967994184,0.0
4768,9597.352967994184,0.0
4769,9597.352967994184,0.0
4770,9597.352967994184,0.0
4771,9597.352967994184,0.0
4772,9597.352967994184,0.0
4773,9597.352967994184,0.0
4774,9597.352967994184,0.0
4775,9597.352967994184,0.0
4776,9597.352967994184,0.0
4777,9597.352967994184,0.0
4778,9597.352967994184,0.0
4779,9597.352967994184,0.0
4780,9597.352967994184,0.0
4781,9597.352967994184,0.0
4782,9597.352967994184,0.0
4783,9597.352967994184,0.0
4784,9597.352967994184,0.0
4785,9597.352967994184,0.0
4786,9597.352967994184,0.0
4787,9597.352967994184,0.0
4788,9597.352967994184,0.0
4789,9597.352967994184,0.0
4790,9597.352967994184,0.0
4791,9597.352967994184,0.0
4792,9597.352967994184,0.0
4793,9597.352967994184,0.0
4794,9597.352967994184,0.0
4795,9597.352967994184,0.0
4796,9597.352967994184,0.0
4797,9597.352967994184,0.0
4798,9597.352967994184,0.0
4799,9597.352967994184,0.0
4800,9597.352967994184,0.0
4801,9597.352967994184,0.0
4802,9597.352967994184,0.0
4803,9597.352967994184,0.0
4804,9597.352967994184,0.0
4805,9597.352967994184,0.0
4806,9597.352967994184,0.0
4807,9597.352967994184,0.0
4808,9597.352967994184,0.0
4809,9597.352967994184,0.0
4810,9597.352967994184,0.0
4811,9597.352967994184,0.0
4812,9597.352967994184,0.0
4813,9597.352967994184,0.0
4814,9597.352967994184,0.0
4815,9597.352967994184,0.0
4816,9597.352967994184,0.0
4817,9597.352967994184,0.0
4818,9597.352967994184,0.0
4819,9597.352967994184,0.0
4820,9597.352967994184,0.0
4821,9597.352967994184,0.0
4822,9597.352967994184,0.0
4823,9597.352967994184,0.0
4824,9597.352967994184,0.0
4825,9597.352967994184,0.0
4826,9597.352967994184,0.0
4827,9597.352967994184,0.0
4828,9597.352967994184,0.0
4829,9597.352967994184,0.0
4830,9597.352967994184,0.0
4831,9597.352967994184,0.0
4832,9597.352967994184,0.0
4833,9597.352967994184,0.0
4834,9597.352967994184,0.0
4835,9597.352967994184,0.0
4836,9597.352967994184,0.0
4837,9597.352967994184,0.0
4838,9597.352967994184,0.0
4839,9597.352967994184,0.0
4840,9597.352967994184,0.0
4841,9597.352967994184,0.0
4842,9597.352967994184,0.0
4843,9597.352967994184,0.0
4844,9597.352967994184,0.0
4845,9597.352967994184,0.0
4846,9597.352967994184,0.0
4847,9597.352967994184,0.0
4848,9597.352967994184,0.0
4849,9597.352967994184,0.0
4850,9597.352967994184,0.0
4851,9597.352967994184,0.0
4852,9597.352967994184,0.0
4853,9597.352967994184,0.0
4854,9597.352967994184,0.0
4855,9597.352967994184,0.0
4856,9597.352967994184,0.0
4857,9597.352967994184,0.0
4858,9597.352967994184,0.0
4859,9597.352967994184,0.0
4860,9597.352967994184,0.0
4861,9597.352967994184,0.0
4862,9597.352967994184,0.0
4863,9597.352967994184,0.0
4864,9597.352967994184,0.0
4865,9597.352967994184,0.0
4866,9597.352967994184,0.0
4867,9597.352967994184,0.0
4868,9597.352967994184,0.0
4869,9597.352967994184,0.0
4870,9597.352967994184,0.0
4871,9597.352967994184,0.0
4872,9597.352967994184,0.0
4873,9597.352967994184,0.0
4874,9597.352967994184,0.0
4875,9597.352967994184,0.0
4876,9597.352967994184,0.0
4877,9597.352967994184,0.0
4878,9597.352967994184,0.0
4879,9597.352967994184,0.0
4880,9597.352967994184,0.0
4881,9597.352967994184,0.0
4882,9597.352967994184,0.0
4883,9597.352967994184,0.0
4884,9597.352967994184,0.0
4885,9597.352967994184,0.0
4886,9597.352967994184,0.0
4887,9597.352967994184,0.0
4888,9597.352967994184,0.0
4889,9597.352967994184,0.0
4890,9597.352967994184,0.0
4891,9597.352967994184,0.0
4892,9597.352967994184,0.0
4893,9597.352967994184,0.0
4894,9597.352967994184,0.0
4895,9597.352967994184,0.0
4896,9597.352967994184,0.0
4897,9597.352967994184,0.0
4898,9597.352967994184,0.0
4899,9597.352967994184,0.0
4900,9597.352967994184,0.0
4901,9597.352967994184,0.0
4902,9597.352967994184,0.0
4903,9597.352967994184,0.0
4904,9597.352967994184,0.0
4905,9597.352967994184,0.0
4906,9597.352967994184,0.0
4907,9597.352967994184,0.0
4908,9597.352967994184,0.0
4909,9597.352967994184,0.0
4910,9597.352967994184,0.0
4911,9597.352967994184,0.0
4912,9597.352967994184,0.0
4913,9597.352967994184,0.0
4914,9597.352967994184,0.0
4915,9597.352967994184,0.0
4916,9597.352967994184,0.0
4917,9597.352967994184,0.0
4918,9597.352967994184,0.0
4919,9597.352967994184,0.0
4920,9597.352967994184,0.0
4921,9597.352967994184,0.0
4922,9597.352967994184,0.0
4923,9597.352967994184,0.0
4924,9597.352967994184,0.0
4925,9597.352967994184,0.0
4926,9597.352967994184,0.0
4927,9597.352967994184,0.0
4928,9597.352967994184,0.0
4929,9597.352967994184,0.0
4930,9597.352967994184,0.0
4931,9597.352967994184,0.0
4932,9597.352967994184,0.0
4933,9597.352967994184,0.0
4934,9597.352967994184,0.0
4935,9597.352967994184,0.0
4936,9597.352967994184,0.0
4937,9597.352967994184,0.0
4938,9597.352967994184,0.0
4939,9597.352967994184,0.0
4940,9597.352967994184,0.0
4941,9597.352967994184,0.0
4942,9597.352967994184,0.0
4943,9597.352967994184,0.0
4944,9597.352967994184,0.0
4945,9597.352967994184,0.0
4946,9597.352967994184,0.0
4947,9597.352967994184,0.0
4948,9597.352967994184,0.0
4949,9597.352967994184,0.0
4950,9597.352967994184,0.0
4951,9597.352967994184,0.0
4952,9597.352967994184,0.0
4953,9597.352967994184,0.0
4954,9597.352967994184,0.0
4955,9597.352967994184,0.0
4956,9597.352967994184,0.0
4957,9597.352967994184,0.0
4958,9597.352967994184,0.0
4959,9597.352967994184,0.0
4960,9597.352967994184,0.0
4961,9597.352967994184,0.0
4962,9597.352967994184,0.0
4963,9597.352967994184,0.0
4964,9597.352967994184,0.0
4965,9597.352967994184,0.0
4966,9597.352967994184,0.0
4967,9597.352967994184,0.0
4968,9597.352967994184,0.0
4969,9597.352967994184,0.0
4970,9597.352967994184,0.0
4971,9597.352967994184,0.0
4972,9597.352967994184,0.0
4973,9597.352967994184,0.0
4974,9597.352967994184,0.0
4975,9597.352967994184,0.0
4976,9597.352967994184,0.0
4977,9597.352967994184,0.0
4978,9597.352967994184,0.0
4979,9597.352967994184,0.0
4980,9597.352967994184,0.0
4981,9597.352967994184,0.0
4982,9597.352967994184,0.0
4983,9597.352967994184,0.0
4984,9597.352967994184,0.0
4985,9597.352967994184,0.0
4986,9597.352967994184,0.0
4987,9597.352967994184,0.0
4988,9597.352967994184,0.0
4989,9597.352967994184,0.0
4990,9597.352967994184,0.0
4991,9597.352967994184,0.0
4992,9597.352967994184,0.0
4993,9597.352967994184,0.0
4994,9597.352967994184,0.0
4995,9597.352967994184,0.0
4996,9597.352967994184,0.0
4997,9597.352967994184,0.0
4998,9597.352967994184,0.0
4999,9597.352967994184,0.0
5000,9597.352967994184,0.0
5001,9597.352967994184,0.0
5002,9597.352967994184,0.0
5003,9597.352967994184,0.0
5004,9597.352967994184,0.0
5005,9597.352967994184,0.0
5006,9597.352967994184,0.0
5007,9597.352967994184,0.0
5008,9597.352967994184,0.0
5009,9597.352967994184,0.0
5010,9597.352967994184,0.0
5011,9597.352967994184,0.0
5012,9597.352967994184,0.0
5013,9597.352967994184,0.0
5014,9597.352967994184,0.0
5015,9597.352967994184,0.0
5016,9597.352967994184,0.0
5017,9597.352967994184,0.0
5018,9597.352967994184,0.0
5019,9597.352967994184,0.0
5020,9597.352967994184,0.0
5021,9597.352967994184,0.0
5022,9597.352967994184,0.0
5023,9597.352967994184,0.0
5024,9597.352967994184,0.0
5025,9597.352967994184,0.0
5026,9597.352967994184,0.0
5027,9597.352967994184,0.0
5028,9597.352967994184,0.0
5029,9597.352967994184,0.0
5030,9597.352967994184,0.0
5031,9597.352967994184,0.0
5032,9597.352967994184,0.0
5033,9597.352967994184,0.0
5034,9597.352967994184,0.0
5035,9597.352967994184,0.0
5036,9597.352967994184,0.0
5037,9597.352967994184,0.0
5038,9597.352967994184,0.0
5039,9597.352967994184,0.0
5040,9597.352967994184,0.0
5041,9597.352967994184,0.0
5042,9597.352967994184,0.0
5043,9597.352967994184,0.0
5044,9597.352967994184,0.0
5045,9597.352967994184,0.0
5046,9597.352967994184,0.0
5047,9597.352967994184,0.0
5048,9597.352967994184,0.0
5049,9597.352967994184,0.0
5050,9597.352967994184,0.0
5051,9597.352967994184,0.0
5052,9597.352967994184,0.0
5053,9597.352967994184,0.0
5054,9597.352967994184,0.0
5055,9597.352967994184,0.0
5056,9597.352967994184,0.0
5057,9597.352967994184,0.0
5058,9597.352967994184,0.0
5059,9597.352967994184,0.0
5060,9597.352967994184,0.0
5061,9597.352967994184,0.0
5062,9597.352967994184,0.0
5063,9597.352967994184,0.0
5064,9597.352967994184,0.0
5065,9597.352967994184,0.0
5066,9597.352967994184,0.0
5067,9597.352967994184,0.0
5068,9597.352967994184,0.0
5069,9597.352967994184,0.0
5070,9597.352967994184,0.0
5071,9597.352967994184,0.0
5072,9597.352967994184,0.0
5073,9597.352967994184,0.0
5074,9597.352967994184,0.0
5075,9597.352967994184,0.0
5076,9597.352967994184,0.0
5077,9597.352967994184,0.0
5078,9597.352967994184,0.0
5079,9597.352967994184,0.0
5080,9597.352967994184,0.0
5081,9597.352967994184,0.0
5082,9597.352967994184,0.0
5083,9597.352967994184,0.0
5084,9597.352967994184,0.0
5085,9597.352967994184,0.0
5086,9597.352967994184,0.0
5087,9597.352967994184,0.0
