open,high,low,close,volume,volume_sma_20,market_regime
100.0,100.32035530787401,99.99,100.31032427544646,100.0,100.0,0.0
100.31032427544646,100.61630380690268,100.30029324301891,100.60624318258442,100.0,100.0,0.0
100.60624318258442,100.91296863715935,100.59618255826616,100.90287834932442,100.0,100.0,0.0
100.90287834932442,101.21295883883244,100.8927880614895,101.20283855497694,100.0,100.0,0.0
101.20283855497694,101.51237745823462,101.19271827112144,101.50222723551107,100.0,100.0,0.0
101.50222723551107,101.8027491824747,101.49207701278752,101.79256992548216,100.0,100.0,0.0
101.79256992548216,102.12255588148443,101.78239066848961,102.11234464701973,100.0,100.0,0.0
102.11234464701973,102.43388030801613,102.10213341255502,102.42363794422171,100.0,100.0,0.0
102.42363794422171,102.73433155122528,102.41339558042729,102.72405914531075,100.0,100.0,0.0
102.72405914531075,103.0460595054246,102.71378673939621,103.03575592983161,100.0,100.0,0.0
103.03575592983161,103.35113025044973,103.02545235423862,103.34079617083265,100.0,100.0,0.0
103.34079617083265,103.65945534139405,103.33046209121557,103.64909043235082,100.0,100.0,0.0
103.64909043235082,103.97468487538772,103.63872552330758,103.96428844654307,100.0,100.0,0.0
103.96428844654307,104.29701594604745,103.95389201769841,104.28658728731872,100.0,100.0,0.0
104.28658728731872,104.62627380708153,104.27615862859,104.61581222585895,100.0,100.0,0.0
104.61581222585895,104.95850637343466,104.60535064463636,104.94801157227744,100.0,100.0,0.0
104.94801157227744,105.27123487955936,104.93751677112022,105.26070880867849,100.0,100.0,0.0
105.26070880867849,105.58224618910558,105.25018273779762,105.57168902020355,100.0,100.0,0.0
105.57168902020355,105.90052326076182,105.56113185130152,105.88993426733508,100.0,100.0,0.0
105.88993426733508,106.22006511349714,105.87934527390834,106.20944416908023,100.0,100.0,0.0
106.20944416908023,106.53138172305763,106.19882322466331,106.52072965009263,100.0,100.0,0.0
106.52072965009263,106.84482607609496,106.51007757712763,106.83414266182878,100.0,100.0,0.0
106.83414266182878,107.17455770790706,106.8234592475626,107.16384132377468,100.0,100.0,0.0
107.16384132377468,107.51421439485719,107.1531249396423,107.50346404845234,100.0,100.0,0.0
107.50346404845234,107.83479884118009,107.4927137020475,107.82401643953614,100.0,100.0,0.0
107.82401643953614,108.15178089371919,107.81323403789219,108.14096679703948,100.0,100.0,0.0
108.14096679703948,108.47364953201496,108.13015270035977,108.46280325168979,100.0,100.0,0.0
108.46280325168979,108.78873265390622,108.45195697136462,108.77785486841938,100.0,100.0,0.0
108.77785486841938,109.11261147531916,108.76697708293254,109.10170130518864,100.0,100.0,0.0
109.10170130518864,109.44506415283243,109.09079113505813,109.43412074075836,100.0,100.0,0.0
109.43412074075836,109.77299941123286,109.42317732868429,109.76202320891197,100.0,100.0,0.0
109.76202320891197,110.11640676804699,109.75104700659108,110.10539622842414,100.0,100.0,0.0
110.10539622842414,110.44891853750218,110.0943856888013,110.43787475002718,100.0,100.0,0.0
110.43787475002718,110.78609281768286,110.42683096255217,110.77501531615124,100.0,100.0,0.0
110.77501531615124,111.11729716667713,110.76393781461962,111.10618654802234,100.0,100.0,0.0
111.10618654802234,111.46581379660302,111.09507592936754,111.45466832977004,100.0,100.0,0.0
111.45466832977004,111.7870482602898,111.44352286293707,111.77587067322247,100.0,100.0,0.0
111.77587067322247,112.119509047335,111.76469308615515,112.10829821751325,100.0,100.0,0.0
112.10829821751325,112.44317451461758,112.0970873876915,112.43193132148544,100.0,100.0,0.0
112.43193132148544,112.7903297199353,112.42068812835329,112.77905181475383,100.0,100.0,0.0
112.77905181475383,113.13882881129982,112.76777390957236,113.12751605969385,100.0,100.0,0.0
113.12751605969385,113.47290221647457,113.11620330808788,113.46155606086847,100.0,100.0,0.0
113.46155606086847,113.83270524992115,113.45020990526238,113.82132311760938,100.0,100.0,0.0
113.82132311760938,114.1713221886737,113.80994098529762,114.15990619805389,100.0,100.0,0.0
114.15990619805389,114.49850988281409,114.14849020743408,114.48706117669643,100.0,100.0,0.0
114.48706117669643,114.83929179336295,114.47561247057877,114.8278090124617,100.0,100.0,0.0
114.8278090124617,115.18847390938262,114.81632623156045,115.17695621376124,100.0,100.0,0.0
115.17695621376124,115.5318501919284,115.16543851813987,115.52029816211218,100.0,100.0,0.0
115.52029816211218,115.5318501919284,115.18883247528332,115.20035251053437,100.0,100.0,0.0
115.20035251053437,115.21187254578543,114.85360781376208,114.8650943231944,100.0,100.0,0.0
114.8650943231944,114.87658083262671,114.5293898365655,114.5408439209576,100.0,100.0,0.0
114.5408439209576,114.5522980053497,114.2021425463293,114.21356390271957,100.0,100.0,0.0
114.21356390271957,114.22498525910984,113.84085677989866,113.85224200409907,100.0,100.0,0.0
113.85224200409907,113.86362722829948,113.49555850812915,113.50690919904905,100.0,100.0,0.0
113.50690919904905,113.51825988996895,113.12471192529539,113.13602552784818,100.0,100.0,0.0
113.13602552784818,113.14733913040097,112.7785561373711,112.78983512088318,100.0,100.0,0.0
112.78983512088318,112.80111410439527,112.45326647781283,112.46451292910574,100.0,100.0,0.0
112.46451292910574,112.47575938039864,112.1069588307021,112.11817064776687,100.0,100.0,0.0
112.11817064776687,112.12938246483165,111.76402581858471,111.7752033389186,100.0,100.0,0.0
111.7752033389186,111.78638085925249,111.43287032406252,111.44401472553507,100.0,100.0,0.0
111.44401472553507,111.45515912700762,111.10782001759439,111.11893191078546,100.0,100.0,0.0
111.11893191078546,111.13004380397653,110.77104905206821,110.78212726479468,100.0,100.0,0.0
110.78212726479468,110.79320547752116,110.4364087426048,110.4474534879536,100.0,100.0,0.0
110.4474534879536,110.4584982333024,110.1145036851779,110.12551623680157,100.0,100.0,0.0
110.12551623680157,110.13652878842525,109.78744440418778,109.79842424661244,100.0,100.0,0.0
109.79842424661244,109.8094040890371,109.45545295698383,109.46639959694353,100.0,100.0,0.0
109.46639959694353,109.47734623690323,109.13101080990064,109.14192500240088,100.0,100.0,0.0
109.14192500240088,109.15283919490112,108.80493661273273,108.81581819455218,100.0,100.0,0.0
108.81581819455218,108.82669977637163,108.4817732037914,108.49262246603801,100.0,100.0,0.0
108.49262246603801,108.50347172828462,108.1784624094854,108.18928133761916,100.0,100.0,0.0
108.18928133761916,108.20010026575292,107.85112158697784,107.86190777775562,100.0,100.0,0.0
107.86190777775562,107.8726939685334,107.52224925900988,107.53300255926581,100.0,100.0,0.0
107.53300255926581,107.54375585952174,107.21532109459775,107.22604369896764,100.0,100.0,0.0
107.22604369896764,107.23676630333753,106.88661385676629,106.897303587125,100.0,100.0,0.0
106.897303587125,106.9079933174837,106.58476434946745,106.59542389185663,100.0,100.0,0.0
106.59542389185663,106.6060834342458,106.26342557613637,106.27405298143451,100.0,100.0,0.0
106.27405298143451,106.28468038673265,105.94589530349265,105.9564909525879,100.0,100.0,0.0
105.9564909525879,105.96708660168315,105.63628338994698,105.64684807475446,100.0,100.0,0.0
105.64684807475446,105.65741275956194,105.3326266560848,105.34316097218202,100.0,100.0,0.0
105.34316097218202,105.35369528827924,105.02757301219006,105.03807681987205,100.0,100.0,0.0
105.03807681987205,105.04858062755403,104.71083014054219,104.72130227076926,100.0,100.0,0.0
104.72130227076926,104.73177440099633,104.39334303481309,104.4037834131544,100.0,100.0,0.0
104.4037834131544,104.41422379149571,104.08424888643817,104.0946583522734,100.0,100.0,0.0
104.0946583522734,104.10506781810862,103.77386207329583,103.78424049734556,100.0,100.0,0.0
103.78424049734556,103.7946189213953,103.4563620655193,103.46670873639295,100.0,100.0,0.0
103.46670873639295,103.47705540726659,103.15069466936622,103.16101077044326,100.0,100.0,0.0
103.16101077044326,103.1713268715203,102.85193050364994,102.86221672532247,100.0,100.0,0.0
102.86221672532247,102.872502946995,102.54554452119724,102.55580010120737,100.0,100.0,0.0
102.55580010120737,102.56605568121749,102.25436020996423,102.2645866686311,100.0,100.0,0.0
102.2645866686311,102.27481312729796,101.95223985044903,101.96243609405843,100.0,100.0,0.0
101.96243609405843,101.97263233766783,101.64525767993551,101.65542322225774,100.0,100.0,0.0
101.65542322225774,101.66558876457997,101.34179444408315,101.35192963704685,100.0,100.0,0.0
101.35192963704685,101.36206483001055,101.03256555095841,101.04266981794021,100.0,100.0,0.0
101.04266981794021,101.052774084922,100.7195343258021,100.72960728653075,100.0,100.0,0.0
100.72960728653075,100.7396802472594,100.42261381767993,100.43265708338826,100.0,100.0,0.0
100.43265708338826,100.4427003490966,100.1132548953322,100.12326722205441,100.0,100.0,0.0
100.12326722205441,100.13327954877661,99.80978902143937,99.81977099853923,100.0,100.0,0.0
99.81977099853923,99.82975297563908,99.50992071663222,99.5198727039026,100.0,100.0,0.0
99.5198727039026,99.52982469117299,99.21565906454148,99.22558162270376,100.0,100.0,0.0
99.22558162270376,99.23550418086603,98.92301996013012,98.93291325145526,100.0,100.0,0.0
98.93291325145526,98.9428065427804,98.62723039935486,98.63709410876574,100.0,100.0,0.0
98.63709410876574,98.64695781817662,98.3128030266792,98.32263529020823,100.0,100.0,0.0
98.32263529020823,98.33246755373725,98.01628161740965,98.02608422583222,100.0,100.0,0.0
98.02608422583222,98.0358868342548,97.71509492050978,97.72486740725051,100.0,100.0,0.0
97.72486740725051,97.73463989399124,97.42130414587419,97.43104725059925,100.0,100.0,0.0
97.43104725059925,97.44079035532431,97.13910736780255,97.14882225002755,100.0,100.0,0.0
97.14882225002755,97.15853713225255,96.85592162105152,96.8656081818697,100.0,100.0,0.0
96.8656081818697,96.87529474268788,96.56791693237354,96.57757468984252,100.0,100.0,0.0
96.57757468984252,96.58723244731151,96.2835168130273,96.29314612764007,100.0,100.0,0.0
96.29314612764007,96.30277544225284,95.98081217945419,95.99041122057625,100.0,100.0,0.0
95.99041122057625,96.0000102616983,95.69516599425916,95.70473646790595,100.0,100.0,0.0
95.70473646790595,95.71430694155273,95.41446924460809,95.42401164577267,100.0,100.0,0.0
95.42401164577267,95.43355404693725,95.12193771621783,95.13145086130396,100.0,100.0,0.0
95.13145086130396,95.14096400639009,94.84084038273646,94.850325415278,100.0,100.0,0.0
94.850325415278,94.85981044781953,94.55314331842871,94.56259957838655,100.0,100.0,0.0
94.56259957838655,94.5720558383444,94.27934119232694,94.28877006933386,100.0,100.0,0.0
94.28877006933386,94.29819894634079,94.00734637525916,94.01674805006417,100.0,100.0,0.0
94.01674805006417,94.02614972486917,93.7207347860075,93.73010779678718,100.0,100.0,0.0
93.73010779678718,93.73948080756686,93.45366445123321,93.46301075230843,100.0,100.0,0.0
93.46301075230843,93.47235705338366,93.17195254707235,93.18127067413977,100.0,100.0,0.0
93.18127067413977,93.19058880120718,92.91201151091548,92.92130364127961,100.0,100.0,0.0
92.92130364127961,92.93059577164374,92.62913982632412,92.63840366669079,100.0,100.0,0.0
92.63840366669079,92.64766750705746,92.35225762353262,92.36149377290991,100.0,100.0,0.0
92.36149377290991,92.3707299222872,92.07757899617333,92.08678767494082,100.0,100.0,0.0
92.08678767494082,92.09599635370832,91.79486801311201,91.80404841795381,100.0,100.0,0.0
91.80404841795381,91.81322882279561,91.50410677986538,91.51325810567594,100.0,100.0,0.0
91.51325810567594,91.52240943148651,91.22271132091475,91.2318345043652,100.0,100.0,0.0
91.2318345043652,91.24095768781564,90.9592727635467,90.96836960050676,100.0,100.0,0.0
90.96836960050676,90.97746643746682,90.6838233295368,90.69289261879868,100.0,100.0,0.0
90.69289261879868,90.9715042133805,90.6838233295368,90.96240797258324,100.0,100.0,0.0
90.96240797258324,91.258669590107,90.95331173178597,91.24954463564345,100.0,100.0,0.0
91.24954463564345,91.53737427774176,91.24041968117989,91.52822145559621,100.0,100.0,0.0
91.52822145559621,91.81884701892353,91.51906863345066,91.8096660523183,100.0,100.0,0.0
91.8096660523183,92.10254046395957,91.80048508571308,92.0933311308465,100.0,100.0,0.0
92.0933311308465,92.37088068155435,92.08412179773342,92.36164451710265,100.0,100.0,0.0
92.36164451710265,92.64956498407204,92.35240835265094,92.64030095397665,100.0,100.0,0.0
92.64030095397665,92.92932696428002,92.63103692388125,92.92003496078395,100.0,100.0,0.0
92.92003496078395,93.20705278499894,92.91074295728788,93.19773301169776,100.0,100.0,0.0
93.19773301169776,93.47687591654058,93.18841323839659,93.46752916362422,100.0,100.0,0.0
93.46752916362422,93.76207600562354,93.45818241070786,93.75270073555,100.0,100.0,0.0
93.75270073555,94.02818906638299,93.74332546547645,94.01878718766423,100.0,100.0,0.0
94.01878718766423,94.30186005593953,94.00938530894547,94.29243081285824,100.0,100.0,0.0
94.29243081285824,94.57753558867269,94.28300156977696,94.56807878079461,100.0,100.0,0.0
94.56807878079461,94.8577847498149,94.55862197291653,94.84829991982292,100.0,100.0,0.0
94.84829991982292,95.15078811706115,94.83881508983094,95.1412739896622,100.0,100.0,0.0
95.1412739896622,95.45248120441882,95.13175986226324,95.44293691072774,100.0,100.0,0.0
95.44293691072774,95.75575916356615,95.43339261703666,95.74618454511165,100.0,100.0,0.0
95.74618454511165,96.05120167923003,95.73660992665714,96.04159751947809,100.0,100.0,0.0
96.04159751947809,96.34402404175667,96.03199335972614,96.3343906026964,100.0,100.0,0.0
96.3343906026964,96.61091384631375,96.32475716363614,96.60125372094166,100.0,100.0,0.0
96.60125372094166,96.91213338378442,96.59159359556956,96.90244313947048,100.0,100.0,0.0
96.90244313947048,97.2288639141427,96.89275289515653,97.2191419999427,100.0,100.0,0.0
97.2191419999427,97.52540506937575,97.2094200857427,97.51565350402535,100.0,100.0,0.0
97.51565350402535,97.82070995050286,97.50590193867495,97.8109288576171,100.0,100.0,0.0
97.8109288576171,98.12146818060984,97.80114776473134,98.11165701490835,100.0,100.0,0.0
98.11165701490835,98.42344572598161,98.10184584920685,98.41360436554505,100.0,100.0,0.0
98.41360436554505,98.7204913036046,98.4037630051085,98.71062024158044,100.0,100.0,0.0
98.71062024158044,99.0133961172792,98.70074917955628,99.00349576770243,100.0,100.0,0.0
99.00349576770243,99.31447503942262,98.99359541812566,99.30454458496412,100.0,100.0,0.0
99.30454458496412,99.59920197869916,99.29461413050562,99.58924305439372,100.0,100.0,0.0
99.58924305439372,99.87964485037331,99.57928413008828,99.86965788458485,100.0,100.0,0.0
99.86965788458485,100.19336846796553,99.8596709187964,100.18335013295223,100.0,100.0,0.0
100.18335013295223,100.48979674031249,100.17333179793893,100.47974876543594,100.0,100.0,0.0
100.47974876543594,100.79893528379819,100.4697007905594,100.78885639815837,100.0,100.0,0.0
100.78885639815837,101.11750458345767,100.77877751251856,101.10739384407327,100.0,100.0,0.0
101.10739384407327,101.43368957998142,101.09728310468887,101.4235472252589,100.0,100.0,0.0
101.4235472252589,101.73281758139264,101.41340487053638,101.72264531686095,100.0,100.0,0.0
101.72264531686095,102.04178808433436,101.71247305232926,102.03158492584177,100.0,100.0,0.0
102.03158492584177,102.33643908147623,102.02138176734918,102.32620646083015,100.0,100.0,0.0
102.32620646083015,102.64283599997393,102.31597384018407,102.63257274269965,100.0,100.0,0.0
102.63257274269965,102.96199629905864,102.62230948542538,102.95170112894574,100.0,100.0,0.0
102.95170112894574,103.27167682044069,102.94140595883285,103.26135068537215,100.0,100.0,0.0
103.26135068537215,103.55242620767449,103.25102455030361,103.54207200047443,100.0,100.0,0.0
103.54207200047443,103.84017014942276,103.53171779327438,103.82978717070569,100.0,100.0,0.0
103.82978717070569,104.14381005613616,103.81940419198861,104.13339671646452,100.0,100.0,0.0
104.13339671646452,104.47063813468318,104.12298337679287,104.46019211547164,100.0,100.0,0.0
104.46019211547164,104.78660676356101,104.4497460962601,104.77612915064594,100.0,100.0,0.0
104.77612915064594,105.10292340682075,104.76565153773088,105.09241416540421,100.0,100.0,0.0
105.09241416540421,105.40483377056697,105.08190492398766,105.39429434113285,100.0,100.0,0.0
105.39429434113285,105.72307117736477,105.38375491169873,105.71249992737204,100.0,100.0,0.0
105.71249992737204,106.01659327493277,105.7019286773793,106.00599267566521,100.0,100.0,0.0
106.00599267566521,106.33875554563032,105.99539207639765,106.32812273335699,100.0,100.0,0.0
106.32812273335699,106.67082912871162,106.31748992108366,106.66016311240038,100.0,100.0,0.0
106.66016311240038,106.98257499788325,106.64949709608915,106.97187781010224,100.0,100.0,0.0
106.97187781010224,107.31564126134569,106.96118062232124,107.30491077026866,100.0,100.0,0.0
107.30491077026866,107.63032305264508,107.29418027919164,107.61956109653543,100.0,100.0,0.0
107.61956109653543,107.95528981965312,107.60879914042579,107.9444953701161,100.0,100.0,0.0
107.9444953701161,108.27817007228333,107.93370092057908,108.26734333794954,100.0,100.0,0.0
108.26734333794954,108.60451176073248,108.25651660361575,108.59365239549292,100.0,100.0,0.0
108.59365239549292,108.94744900678606,108.58279303025337,108.93655535125093,100.0,100.0,0.0
108.93655535125093,109.28441200054287,108.9256616957158,109.27348465207767,100.0,100.0,0.0
109.27348465207767,109.60532906860647,109.26255730361247,109.5943696316433,100.0,100.0,0.0
109.5943696316433,109.90424646290273,109.58341019468014,109.89325713718901,100.0,100.0,0.0
109.89325713718901,110.24431852386472,109.88226781147529,110.23329519434529,100.0,100.0,0.0
110.23329519434529,110.58399536945336,110.22227186482586,110.5729380756458,100.0,100.0,0.0
110.5729380756458,110.91808128845842,110.56188078183823,110.90699058939948,100.0,100.0,0.0
110.90699058939948,111.24512538967662,110.89589989034054,111.23400198947768,100.0,100.0,0.0
111.23400198947768,111.59719822801137,111.22287858927874,111.58603962404896,100.0,100.0,0.0
111.58603962404896,111.9124895923067,111.57488102008656,111.90129946236047,100.0,100.0,0.0
111.90129946236047,112.23992696920233,111.89010933241424,112.22870409879245,100.0,100.0,0.0
112.22870409879245,112.56064584781082,112.21748122838257,112.54939090871994,100.0,100.0,0.0
112.54939090871994,112.9030269068102,112.53813596962907,112.89173773303689,100.0,100.0,0.0
112.89173773303689,113.23696145064066,112.88044855926358,113.225638886752,100.0,100.0,0.0
113.225638886752,113.60116324807048,113.21431632286333,113.58980426764371,100.0,100.0,0.0
113.58980426764371,113.94268134572205,113.57844528721695,113.93128821690036,100.0,100.0,0.0
113.93128821690036,114.28229347114677,113.91989508807866,114.27086638450832,100.0,100.0,0.0
114.27086638450832,114.28229347114677,113.92369886164593,113.93509237088301,100.0,100.0,0.0
113.93509237088301,113.9464858801201,113.57412374386232,113.58548229209153,100.0,100.0,0.0
113.58548229209153,113.59684084032074,113.2216390822005,113.23296237843834,100.0,100.0,0.0
113.23296237843834,113.24428567467619,112.8885225950478,112.89981257630544,100.0,100.0,0.0
112.89981257630544,112.91110255756307,112.54486073271353,112.55611634434797,100.0,100.0,0.0
112.55611634434797,112.56737195598241,112.21868381975737,112.22990681043842,100.0,100.0,0.0
112.22990681043842,112.24112980111947,111.88627791343296,111.89746766019898,100.0,100.0,0.0
111.89746766019898,111.908657406965,111.55242076204527,111.56357711975724,100.0,100.0,0.0
111.56357711975724,111.57473347746921,111.21902627975189,111.23014929468135,100.0,100.0,0.0
111.23014929468135,111.24127230961082,110.8849121311035,110.89600173127663,100.0,100.0,0.0
110.89600173127663,110.90709133144975,110.55726131013728,110.56831814195147,100.0,100.0,0.0
110.56831814195147,110.57937497376565,110.22170815714277,110.2327314302858,100.0,100.0,0.0
110.2327314302858,110.24375470342882,109.87002712229825,109.88101522382064,100.0,100.0,0.0
109.88101522382064,109.89200332534303,109.54176319466437,109.55271846651102,100.0,100.0,0.0
109.55271846651102,109.56367373835768,109.20860011781276,109.21952207001976,100.0,100.0,0.0
109.21952207001976,109.23044402222676,108.86647418405047,108.87736192024249,100.0,100.0,0.0
108.87736192024249,108.88824965643451,108.54883808483875,108.55969405424418,100.0,100.0,0.0
108.55969405424418,108.5705500236496,108.21956446911193,108.23038750786272,100.0,100.0,0.0
108.23038750786272,108.2412105466135,107.87656364410543,107.88735237934337,100.0,100.0,0.0
107.88735237934337,107.8981411145813,107.55261478737978,107.56337112449224,100.0,100.0,0.0
107.56337112449224,107.57412746160469,107.22320514757132,107.23392854042537,100.0,100.0,0.0
107.23392854042537,107.24465193327941,106.88382921866543,106.89451867053248,100.0,100.0,0.0
106.89451867053248,106.90520812239953,106.56698505473292,106.57764281901483,100.0,100.0,0.0
106.57764281901483,106.58830058329673,106.23660180275571,106.24722652540825,100.0,100.0,0.0
106.24722652540825,106.25785124806079,105.92597872403827,105.9365723812764,100.0,100.0,0.0
105.9365723812764,105.94716603851454,105.59919913653485,105.6097601125461,100.0,100.0,0.0
105.6097601125461,105.62032108855735,105.29316338864875,105.30369375802455,100.0,100.0,0.0
105.30369375802455,105.31422412740035,104.98222333967304,104.99272261193423,100.0,100.0,0.0
104.99272261193423,105.00322188419541,104.66888541910087,104.67935335443632,100.0,100.0,0.0
104.67935335443632,104.68982128977176,104.34746205367172,104.35789784345606,100.0,100.0,0.0
104.35789784345606,104.3683336332404,104.04430237510833,104.05470784589292,100.0,100.0,0.0
104.05470784589292,104.06511331667751,103.73786084527904,103.74823566884592,100.0,100.0,0.0
103.74823566884592,103.7586104924128,103.42336549362058,103.43370886450703,100.0,100.0,0.0
103.43370886450703,103.44405223539347,103.11954766898174,103.12986065504724,100.0,100.0,0.0
103.12986065504724,103.14017364111274,102.80010906412333,102.81039010313364,100.0,100.0,0.0
102.81039010313364,102.82067114214395,102.47905511638062,102.48930404678529,100.0,100.0,0.0
102.48930404678529,102.49955297718996,102.17110222818546,102.18132036022148,100.0,100.0,0.0
102.18132036022148,102.1915384922575,101.86577266598948,101.87596026201568,100.0,100.0,0.0
101.87596026201568,101.88614785804188,101.56497922535166,101.57513673902557,100.0,100.0,0.0
101.57513673902557,101.58529425269947,101.26139954445306,101.27152669712277,100.0,100.0,0.0
101.27152669712277,101.28165384979248,100.97059734767515,100.98069541721688,100.0,100.0,0.0
100.98069541721688,100.9907934867586,100.65514904736726,100.66521556892415,100.0,100.0,0.0
100.66521556892415,100.67528209048105,100.35933961857069,100.36937655622631,100.0,100.0,0.0
100.36937655622631,100.37941349388194,100.06097054611459,100.07097764387898,100.0,100.0,0.0
100.07097764387898,100.08098474164336,99.77476810479229,99.78474657945023,100.0,100.0,0.0
99.78474657945023,99.79472505410817,99.47713495840543,99.48708366677211,100.0,100.0,0.0
99.48708366677211,99.49703237513879,99.18228787693285,99.19220709764261,100.0,100.0,0.0
99.19220709764261,99.20212631835237,98.90260491074943,98.91249616036546,100.0,100.0,0.0
98.91249616036546,98.9223874099815,98.61419395946051,98.62405636509702,100.0,100.0,0.0
98.62405636509702,98.63391877073353,98.32477812667808,98.33461158783686,100.0,100.0,0.0
98.33461158783686,98.63607318220963,98.32477812667808,98.62621056115351,100.0,100.0,0.0
98.62621056115351,98.93380038392016,98.6163479400974,98.92390799312085,100.0,100.0,0.0
98.92390799312085,99.21465172214123,98.91401560232154,99.20473124901632,100.0,100.0,0.0
99.20473124901632,99.50434680143255,99.19481077589141,99.49439736169637,100.0,100.0,0.0
99.49439736169637,99.80976547599664,99.4844479219602,99.7997854974469,100.0,100.0,0.0
99.7997854974469,100.09183475669744,99.78980551889717,100.08182657404004,100.0,100.0,0.0
100.08182657404004,100.39349369564314,100.07181839138264,100.38345535010814,100.0,100.0,0.0
100.38345535010814,100.69530598228872,100.37341700457313,100.68523745854286,100.0,100.0,0.0
100.68523745854286,101.0017753729265,100.675168934797,100.99167620530598,100.0,100.0,0.0
100.99167620530598,101.28805273595178,100.98157703768545,101.27792494345744,100.0,100.0,0.0
101.27792494345744,101.57174324265146,101.26779715096309,101.56158708394307,100.0,100.0,0.0
101.56158708394307,101.88822050618728,101.55143092523467,101.878032702917,100.0,100.0,0.0
101.878032702917,102.19547562339005,101.86784489964671,102.18525709768029,100.0,100.0,0.0
102.18525709768029,102.50672674110554,102.17503857197053,102.4964770933962,100.0,100.0,0.0
102.4964770933962,102.83133135667426,102.48622744568685,102.82104925174909,100.0,100.0,0.0
102.82104925174909,103.14208154104814,102.81076714682392,103.13176836421172,100.0,100.0,0.0
103.13176836421172,103.43165487730539,103.1214551873753,103.4213127460308,100.0,100.0,0.0
103.4213127460308,103.73917812064404,103.4109706147562,103.72880524012002,100.0,100.0,0.0
103.72880524012002,104.05937855254263,103.71843235959601,104.04897365517711,100.0,100.0,0.0
104.04897365517711,104.36758541961336,104.03856875781159,104.3571497046429,100.0,100.0,0.0
104.3571497046429,104.67798784999414,104.34671398967242,104.66752109788435,100.0,100.0,0.0
104.66752109788435,104.9861776240551,104.65705434577455,104.9756800560495,100.0,100.0,0.0
104.9756800560495,105.31706716777018,104.9651824880439,105.30653651411876,100.0,100.0,0.0
105.30653651411876,105.64662702260539,105.29600586046735,105.63606341626377,100.0,100.0,0.0
105.63606341626377,105.94486712639586,105.62549980992215,105.93427369902597,100.0,100.0,0.0
105.93427369902597,106.28341644113296,105.92368027165607,106.27278916221674,100.0,100.0,0.0
106.27278916221674,106.59449383210944,106.26216188330052,106.58383544856459,100.0,100.0,0.0
106.58383544856459,106.93643812064275,106.57317706501973,106.92574554608814,100.0,100.0,0.0
106.92574554608814,107.24363709526503,106.91505297153353,107.23291380388464,100.0,100.0,0.0
107.23291380388464,107.57770137334069,107.22219051250426,107.5669446788728,100.0,100.0,0.0
107.5669446788728,107.8948074031727,107.55618798440491,107.88401900127258,100.0,100.0,0.0
107.88401900127258,108.21729265421249,107.87323059937245,108.20647200701178,100.0,100.0,0.0
108.20647200701178,108.55202077829608,108.19565135981108,108.54116666162992,100.0,100.0,0.0
108.54116666162992,108.87011286874146,108.53031254496375,108.85922694604686,100.0,100.0,0.0
108.85922694604686,109.20065679403443,108.84834102335226,109.1897378202524,100.0,100.0,0.0
109.1897378202524,109.53211832805394,109.17881884647038,109.5211662114328,100.0,100.0,0.0
109.5211662114328,109.87429624349619,109.51021409481166,109.86330991250495,100.0,100.0,0.0
109.86330991250495,110.21947625603383,109.8523235815137,110.20845541049277,100.0,100.0,0.0
110.20845541049277,110.57140574314955,110.19743456495172,110.56034970817873,100.0,100.0,0.0
110.56034970817873,110.90698811092632,110.54929367320791,110.89589852107422,100.0,100.0,0.0
110.89589852107422,111.24475537758322,110.88480893122211,111.23363201438178,100.0,100.0,0.0
111.23363201438178,111.57264661342813,111.22250865118035,111.56149046438169,100.0,100.0,0.0
111.56149046438169,111.89928545081756,111.55033431533525,111.88809664115344,100.0,100.0,0.0
111.88809664115344,112.22066012216501,111.87690783148932,112.2094391782472,100.0,100.0,0.0
112.2094391782472,112.55528063199701,112.19821823432937,112.54402622937407,100.0,100.0,0.0
112.54402622937407,112.89521917395513,112.53277182675113,112.88393078087704,100.0,100.0,0.0
112.88393078087704,113.23464229511758,112.87264238779895,113.22331996312127,100.0,100.0,0.0
113.22331996312127,113.58136797225566,113.21199763112496,113.57001097115855,100.0,100.0,0.0
113.57001097115855,113.90717461121814,113.55865397006144,113.89578503271487,100.0,100.0,0.0
113.89578503271487,114.26920584513867,113.8843954542116,114.25778006713196,100.0,100.0,0.0
114.25778006713196,114.61604809816987,114.24635428912525,114.60458763940593,100.0,100.0,0.0
114.60458763940593,114.97298073238431,114.593127180642,114.96148458392592,100.0,100.0,0.0
114.96148458392592,115.32239897935371,114.94998843546753,115.31086789256445,100.0,100.0,0.0
115.31086789256445,115.65874754137525,115.29933680577518,115.64718282309295,100.0,100.0,0.0
115.64718282309295,116.00246458999645,115.63561810481065,115.9908655034461,100.0,100.0,0.0
115.9908655034461,116.31262501357136,115.97926641689575,116.30099491407995,100.0,100.0,0.0
116.30099491407995,116.66458168444865,116.28936481458854,116.65291639280937,100.0,100.0,0.0
116.65291639280937,117.01428996275507,116.6412511011701,117.0025897037847,100.0,100.0,0.0
117.0025897037847,117.38009743653348,116.99088944481431,117.36836060047342,100.0,100.0,0.0
117.36836060047342,117.71209487709406,117.35662376441337,117.7003248446096,100.0,100.0,0.0
117.7003248446096,118.0648335771259,117.68855481212513,118.05302827429847,100.0,100.0,0.0
118.05302827429847,118.41594333369412,118.04122297147104,118.40410292340178,100.0,100.0,0.0
118.40410292340178,118.75672242135435,118.39226251310944,118.7448479365607,100.0,100.0,0.0
118.7448479365607,119.09604104559027,118.73297345176705,119.08413263232704,100.0,100.0,0.0
119.08413263232704,119.43982458628388,119.07222421906381,119.42788179810407,100.0,100.0,0.0
119.42788179810407,119.81046950210263,119.41593900992426,119.79848965313732,100.0,100.0,0.0
119.79848965313732,120.1822815145908,119.78650980417201,120.17026448814198,100.0,100.0,0.0
120.17026448814198,120.52601337582921,120.15824746169316,120.51396197963125,100.0,100.0,0.0
120.51396197963125,120.88611875409757,120.50191058343329,120.87403135096247,100.0,100.0,0.0
120.87403135096247,121.25506157701356,120.86194394782737,121.24293728328523,100.0,100.0,0.0
121.24293728328523,121.62333367529395,121.2308129895569,121.61117255803815,100.0,100.0,0.0
121.61117255803815,121.97022922006126,121.59901144078235,121.95803341671959,100.0,100.0,0.0
121.95803341671959,122.32932885941099,121.94583761337792,122.31709714969602,100.0,100.0,0.0
122.31709714969602,122.67925311731449,122.30486543998106,122.66698641867262,100.0,100.0,0.0
122.66698641867262,123.06035084053563,122.65471972003076,123.04804603593205,100.0,100.0,0.0
123.04804603593205,123.46212425780213,123.03574123132846,123.44977927987415,100.0,100.0,0.0
123.44977927987415,123.83244919992431,123.43743430194617,123.82006719320499,100.0,100.0,0.0
123.82006719320499,124.17785686777484,123.80768518648567,124.16544032374246,100.0,100.0,0.0
124.16544032374246,124.56114549416925,124.15302377971008,124.54869062510674,100.0,100.0,0.0
124.54869062510674,124.95484192259204,124.53623575604423,124.94234768782326,100.0,100.0,0.0
124.94234768782326,125.348802917128,124.92985345305448,125.33626929019898,100.0,100.0,0.0
125.33626929019898,125.72748392445934,125.32373566326997,125.71491243321601,100.0,100.0,0.0
125.71491243321601,126.1119141396548,125.7023409419727,126.09930420923388,100.0,100.0,0.0
126.09930420923388,126.49201776805229,126.08669427881296,126.47936983106919,100.0,100.0,0.0
126.47936983106919,126.88120577505956,126.46672189408609,126.86851892316724,100.0,100.0,0.0
126.86851892316724,127.2744021594087,126.85583207127493,127.26167599180951,100.0,100.0,0.0
127.26167599180951,127.64717910638333,127.24894982421033,127.63441566481686,100.0,100.0,0.0
127.63441566481686,128.02318674968865,127.62165222325038,128.01038571111755,100.0,100.0,0.0
128.01038571111755,128.40344576209642,127.99758467254644,128.3906067014263,100.0,100.0,0.0
128.3906067014263,128.7862685170657,128.37776764075616,128.7733911779479,100.0,100.0,0.0
128.7733911779479,129.17568411061836,128.7605138388301,129.16276783383498,100.0,100.0,0.0
129.16276783383498,129.57828761776366,129.1498515570516,129.5653310846552,100.0,100.0,0.0
129.5653310846552,129.57828761776366,129.14742471291697,129.16034074699166,100.0,100.0,0.0
129.16034074699166,129.17325678106636,128.77239030008013,128.78526882696283,100.0,100.0,0.0
128.78526882696283,128.79814735384554,128.38412269092265,128.39696238716138,100.0,100.0,0.0
128.39696238716138,128.4098020834001,127.96286651925675,127.97566408566531,100.0,100.0,0.0
127.97566408566531,127.98846165207388,127.57446656120992,127.58722528373829,100.0,100.0,0.0
127.58722528373829,127.59998400626667,127.18884581467695,127.20156597127408,100.0,100.0,0.0
127.20156597127408,127.2142861278712,126.8148029804395,126.8274857290124,100.0,100.0,0.0
126.8274857290124,126.8401684775853,126.44238297780447,126.45502848065253,100.0,100.0,0.0
126.45502848065253,126.46767398350059,126.06354400442862,126.07615161959058,100.0,100.0,0.0
126.07615161959058,126.08875923475253,125.67568409275317,125.68825291804498,100.0,100.0,0.0
125.68825291804498,125.70082174333679,125.31116068295266,125.32369305225788,100.0,100.0,0.0
125.32369305225788,125.3362254215631,124.92733104237696,124.93982502487945,100.0,100.0,0.0
124.93982502487945,124.95231900738194,124.53830905851952,124.550764134933,100.0,100.0,0.0
124.550764134933,124.56321921134649,124.15728914136552,124.16970611197672,100.0,100.0,0.0
124.16970611197672,124.18212308258792,123.77870846888375,123.7910875776415,100.0,100.0,0.0
123.7910875776415,123.80346668639926,123.40652055981342,123.41886244605801,100.0,100.0,0.0
123.41886244605801,123.43120433230261,123.0313444178718,123.04364878275007,100.0,100.0,0.0
123.04364878275007,123.05595314762834,122.65833407664466,122.67060113675834,100.0,100.0,0.0
122.67060113675834,122.68286819687201,122.29998020747809,122.31221142862094,100.0,100.0,0.0
122.31221142862094,122.3244426497638,121.94334247639985,121.95553803020287,100.0,100.0,0.0
121.95553803020287,121.9677335840059,121.58453913579879,121.59669880567935,100.0,100.0,0.0
121.59669880567935,121.60885847555991,121.21658106256909,121.22870393296239,100.0,100.0,0.0
121.22870393296239,121.24082680335569,120.84541248019957,120.85749823002257,100.0,100.0,0.0
120.85749823002257,120.86958397984557,120.4806270442779,120.49267631190908,100.0,100.0,0.0
120.49267631190908,120.50472557954026,120.11796470246475,120.12997770023478,100.0,100.0,0.0
120.12997770023478,120.1419906980048,119.7682282376959,119.78020625832173,100.0,100.0,0.0
119.78020625832173,119.79218427894756,119.40611595253634,119.41805775831217,100.0,100.0,0.0
119.41805775831217,119.429999564088,119.03409321852646,119.0459978183083,100.0,100.0,0.0
119.0459978183083,119.05790241809012,118.66758990520893,118.67945785099403,100.0,100.0,0.0
118.67945785099403,118.69132579677913,118.33299489924937,118.34482938218758,100.0,100.0,0.0
118.34482938218758,118.3566638651258,117.96752499932431,117.97932293161747,100.0,100.0,0.0
117.97932293161747,117.99112086391064,117.59928964784928,117.61105075292457,100.0,100.0,0.0
117.61105075292457,117.62281185799986,117.24360075875556,117.2553262913847,100.0,100.0,0.0
117.2553262913847,117.26705182401385,116.91298435004357,116.92467681772534,100.0,100.0,0.0
116.92467681772534,116.93636928540711,116.56389512525178,116.57555268051982,100.0,100.0,0.0
116.57555268051982,116.58721023578786,116.21812851068873,116.22975148583731,100.0,100.0,0.0
116.22975148583731,116.2413744609859,115.85173039241924,115.86331672409165,100.0,100.0,0.0
115.86331672409165,115.87490305576405,115.4873851611422,115.49893505464766,100.0,100.0,0.0
115.49893505464766,115.51048494815312,115.14141488277089,115.15293017578847,100.0,100.0,0.0
115.15293017578847,115.16444546880605,114.79125515582848,114.80273542937141,100.0,100.0,0.0
114.80273542937141,114.81421570291434,114.45185708920538,114.46330341954733,100.0,100.0,0.0
114.46330341954733,114.47474974988928,114.09643648996058,114.10784727468805,100.0,100.0,0.0
114.10784727468805,114.11925805941553,113.76663965531009,113.7780174570558,100.0,100.0,0.0
113.7780174570558,113.7893952588015,113.44124948182208,113.45259474129621,100.0,100.0,0.0
113.45259474129621,113.46394000077034,113.083941341083,113.09525086616962,100.0,100.0,0.0
113.09525086616962,113.10656039125624,112.7479617280622,112.75923765182738,100.0,100.0,0.0
112.75923765182738,112.77051357559256,112.40708598680082,112.41832781958279,100.0,100.0,0.0
112.41832781958279,112.42956965236475,112.08653856499723,112.09774833983121,100.0,100.0,0.0
112.09774833983121,112.1089581146652,111.75330652428381,111.76448297258108,100.0,100.0,0.0
111.76448297258108,111.77565942087834,111.42917049299753,111.44031452444997,100.0,100.0,0.0
111.44031452444997,111.45145855590242,111.09453658724317,111.10564715195837,100.0,100.0,0.0
111.10564715195837,111.11675771667356,110.76523247252486,110.77631010353521,100.0,100.0,0.0
110.77631010353521,110.78738773454556,110.45699077066593,110.46803757442336,100.0,100.0,0.0
110.46803757442336,110.4790843781808,110.14898488909807,110.16000088918699,100.0,100.0,0.0
110.16000088918699,110.1710168892759,109.80040461373146,109.81138575230669,100.0,100.0,0.0
109.81138575230669,109.82236689088192,109.47567061939385,109.48661928132198,100.0,100.0,0.0
109.48661928132198,109.4975679432501,109.15036940431456,109.16128553286785,100.0,100.0,0.0
109.16128553286785,109.17220166142114,108.81172431555213,108.82260657620975,100.0,100.0,0.0
108.82260657620975,109.1520962709083,108.81172431555213,109.14118215269303,100.0,100.0,0.0
109.14118215269303,109.48206895773201,109.13026803447777,109.47112184554746,100.0,100.0,0.0
109.47112184554746,109.82150679193386,109.4601747333629,109.81052573935992,100.0,100.0,0.0
109.81052573935992,110.15722832160436,109.79954468678598,110.14621370023434,100.0,100.0,0.0
110.14621370023434,110.48356978521056,110.13519907886432,110.47252253295727,100.0,100.0,0.0
110.47252253295727,110.80375943149615,110.46147528070398,110.7926801634798,100.0,100.0,0.0
110.7926801634798,111.11340812006667,110.78160089546346,111.10229789027764,100.0,100.0,0.0
111.10229789027764,111.46441317347397,111.09118766048861,111.4532678466893,100.0,100.0,0.0
111.4532678466893,111.7930842977288,111.44212251990463,111.78190610711809,100.0,100.0,0.0
111.78190610711809,112.11933082452838,111.77072791650738,112.10812001252712,100.0,100.0,0.0
112.10812001252712,112.45999074984196,112.09690920052587,112.44874587525445,100.0,100.0,0.0
112.44874587525445,112.79690842022518,112.43750100066693,112.78562985723946,100.0,100.0,0.0
112.78562985723946,113.13561877586034,112.77435129425373,113.12430634522582,100.0,100.0,0.0
113.12430634522582,113.48299276275691,113.1129939145913,113.47164559819709,100.0,100.0,0.0
113.47164559819709,113.8184187387765,113.46029843363726,113.807038034973,100.0,100.0,0.0
113.807038034973,114.14831269329643,113.79565733116951,114.1368990033961,100.0,100.0,0.0
114.1368990033961,114.48963987238005,114.12548531349576,114.47819205317474,100.0,100.0,0.0
114.47819205317474,114.83437766115998,114.46674423396942,114.82289537162282,100.0,100.0,0.0
114.82289537162282,115.16686223262009,114.81141308208566,115.15534669795029,100.0,100.0,0.0
115.15534669795029,115.50011660048433,115.1438311632805,115.48856774370996,100.0,100.0,0.0
115.48856774370996,115.83500422745243,115.4770188869356,115.82342188526391,100.0,100.0,0.0
115.82342188526391,116.19250986405432,115.8118395430754,116.18089177487683,100.0,100.0,0.0
116.18089177487683,116.55774605934113,116.16927368569934,116.54609145019612,100.0,100.0,0.0
116.54609145019612,116.92283327690348,116.5344368410511,116.91114216268721,100.0,100.0,0.0
116.91114216268721,117.26342037067003,116.89945104847095,117.25169520114991,100.0,100.0,0.0
117.25169520114991,117.60758010579826,117.2399700316298,117.59582052374589,100.0,100.0,0.0
117.59582052374589,117.94586741492087,117.58406094169351,117.93407400752012,100.0,100.0,0.0
117.93407400752012,118.32196588043129,117.92228060011938,118.3101348669446,100.0,100.0,0.0
118.3101348669446,118.67171821142304,118.2983038534579,118.65985222620043,100.0,100.0,0.0
118.65985222620043,119.02782100228194,118.64798624097781,119.01591941034091,100.0,100.0,0.0
119.01591941034091,119.37975881822035,119.00401781839989,119.36782203601675,100.0,100.0,0.0
119.36782203601675,119.7404413128917,119.35588525381314,119.7284684660451,100.0,100.0,0.0
119.7284684660451,120.08760873480112,119.7164956191985,120.07560117468365,100.0,100.0,0.0
120.07560117468365,120.44094041161142,120.06359361456619,120.42889752185924,100.0,100.0,0.0
120.42889752185924,120.7917876980174,120.41685463210706,120.7797097270447,100.0,100.0,0.0
120.7797097270447,121.12605562850874,120.767631756072,121.11394423408532,100.0,100.0,0.0
121.11394423408532,121.49307095512083,121.10183283966191,121.48092286283455,100.0,100.0,0.0
121.48092286283455,121.86709105777015,121.46877477054826,121.85490556721344,100.0,100.0,0.0
121.85490556721344,122.24509819419096,121.84272007665672,122.23287490670029,100.0,100.0,0.0
122.23287490670029,122.63150165868045,122.22065161920962,122.61923973470698,100.0,100.0,0.0
122.61923973470698,123.01163084901481,122.60697781073351,122.99933091592321,100.0,100.0,0.0
122.99933091592321,123.38032831661843,122.98703098283161,123.36799151746669,100.0,100.0,0.0
123.36799151746669,123.7577446058804,123.35565471831495,123.74537006887351,100.0,100.0,0.0
123.74537006887351,124.12298262501469,123.73299553186662,124.1105715678579,100.0,100.0,0.0
124.1105715678579,124.50577934535832,124.09816051070112,124.49333001235709,100.0,100.0,0.0
124.49333001235709,124.87626974912568,124.48088067935586,124.86378337078861,100.0,100.0,0.0
124.86378337078861,125.22234268532426,124.85129699245154,125.20982170315395,100.0,100.0,0.0
125.20982170315395,125.59817753653833,125.19730072098363,125.58561897464087,100.0,100.0,0.0
125.58561897464087,125.9763089151291,125.5730604127434,125.9637125438747,100.0,100.0,0.0
125.9637125438747,126.33995821519223,125.95111617262032,126.32732548264396,100.0,100.0,0.0
126.32732548264396,126.72555601644262,126.31469275009569,126.71288472796982,100.0,100.0,0.0
126.71288472796982,127.12139184723459,126.70021343949702,127.10868097913668,100.0,100.0,0.0
127.10868097913668,127.48858883151622,127.09597011103877,127.47584124739149,100.0,100.0,0.0
127.47584124739149,127.881295819954,127.46309366326675,127.8685089690571,100.0,100.0,0.0
127.8685089690571,128.2766417875356,127.8557221181602,128.263815405995,100.0,100.0,0.0
128.263815405995,128.6498222740152,128.25098902445438,128.6369585781574,100.0,100.0,0.0
128.6369585781574,129.03063385193806,128.62409488229957,129.0177320787302,100.0,100.0,0.0
129.0177320787302,129.40415973349025,129.00483030552235,129.3912206114291,100.0,100.0,0.0
129.3912206114291,129.78544401737858,129.37828148936796,129.7724667707015,100.0,100.0,0.0
129.7724667707015,130.174734025923,129.75948952402442,130.16171785413758,100.0,100.0,0.0
130.16171785413758,130.174734025923,129.7739742598463,129.78695295514183,100.0,100.0,0.0
129.78695295514183,129.79993165043734,129.37696936091302,129.3899083517482,100.0,100.0,0.0
129.3899083517482,129.40284734258339,128.96936798987485,128.9822662164965,100.0,100.0,0.0
128.9822662164965,128.99516444311814,128.54261368512485,128.55546923204804,100.0,100.0,0.0
128.55546923204804,128.56832477897123,128.14898441119502,128.16180059125415,100.0,100.0,0.0
128.16180059125415,128.17461677131328,127.74833333002825,127.76110944097235,100.0,100.0,0.0
127.76110944097235,127.77388555191645,127.36802625727402,127.38076433370739,100.0,100.0,0.0
127.38076433370739,127.39350241014075,126.98940797768934,127.00210818850819,100.0,100.0,0.0
127.00210818850819,127.01480839932704,126.5889200908437,126.60158024886859,100.0,100.0,0.0
126.60158024886859,126.61424040689347,126.2142949118559,126.22691760361626,100.0,100.0,0.0
126.22691760361626,126.23954029537661,125.83355688177704,125.84614149592663,100.0,100.0,0.0
125.84614149592663,125.85872611007622,125.4534455063163,125.46599210552685,100.0,100.0,0.0
125.46599210552685,125.4785387047374,125.0711379814737,125.08364634610831,100.0,100.0,0.0
125.08364634610831,125.09615471074292,124.70846335080907,124.7209354443535,100.0,100.0,0.0
124.7209354443535,124.73340753789793,124.34229144746952,124.35472692016154,100.0,100.0,0.0
124.35472692016154,124.36716239285356,123.97214448702411,123.98454294131824,100.0,100.0,0.0
123.98454294131824,123.99694139561237,123.61501172189642,123.62737445934235,100.0,100.0,0.0
123.62737445934235,123.63973719678827,123.24515039926561,123.2574761468803,100.0,100.0,0.0
123.2574761468803,123.26980189449498,122.8776731047822,122.8899621009923,100.0,100.0,0.0
122.8899621009923,122.90225109720241,122.51615063585378,122.52840347620139,100.0,100.0,0.0
122.52840347620139,122.540656316549,122.14584998166752,122.15806578824635,100.0,100.0,0.0
122.15806578824635,122.17028159482517,121.7653243025017,121.77750205270696,100.0,100.0,0.0
121.77750205270696,121.78967980291223,121.42197375995347,121.43411717167064,100.0,100.0,0.0
121.43411717167064,121.4462605833878,121.06967021933814,121.08177839717786,100.0,100.0,0.0
121.08177839717786,121.09388657501758,120.69132128379428,120.70339162295657,100.0,100.0,0.0
120.70339162295657,120.71546196211887,120.31795951787983,120.32999251713154,100.0,100.0,0.0
120.32999251713154,120.34202551638326,119.94476395991558,119.95675963587917,100.0,100.0,0.0
119.95675963587917,119.96875531184276,119.56724947515985,119.57920739589945,100.0,100.0,0.0
119.57920739589945,119.59116531663904,119.21340160993029,119.22532414234452,100.0,100.0,0.0
119.22532414234452,119.23724667475875,118.87415246951878,118.88604107362613,100.0,100.0,0.0
118.88604107362613,118.89792967773349,118.52265277684317,118.53450622746593,100.0,100.0,0.0
118.53450622746593,118.54635967808868,118.18604345972939,118.197863246054,100.0,100.0,0.0
118.197863246054,118.2096830323786,117.82708805389535,117.83887194108947,100.0,100.0,0.0
117.83887194108947,117.85065582828358,117.47722550408548,117.48897440152564,100.0,100.0,0.0
117.48897440152564,117.5007232989658,117.11446951427965,117.1261821324929,100.0,100.0,0.0
117.1261821324929,117.13789475070615,116.76390349833703,116.77558105644268,100.0,100.0,0.0
116.77558105644268,116.78725861454832,116.42664118810453,116.43828501660619,100.0,100.0,0.0
116.43828501660619,116.44992884510785,116.08616756749625,116.09777734523077,100.0,100.0,0.0
116.09777734523077,116.10938712296529,115.75024070896212,115.76181689065119,100.0,100.0,0.0
115.76181689065119,115.77339307234026,115.39880521321874,115.41034624784352,100.0,100.0,0.0
115.41034624784352,115.4218872824683,115.06362833842573,115.07513585201093,100.0,100.0,0.0
115.07513585201093,115.08664336559613,114.7355925808811,114.74706728760987,100.0,100.0,0.0
114.74706728760987,114.75854199433863,114.39834845606303,114.40978943500653,100.0,100.0,0.0
114.40978943500653,114.42123041395003,114.03981388201247,114.05121900391286,100.0,100.0,0.0
114.05121900391286,114.06262412581326,113.70141720330857,113.71278848215678,100.0,100.0,0.0
113.71278848215678,113.724159761005,113.363593237951,113.3749307310241,100.0,100.0,0.0
113.3749307310241,113.3862682240972,113.01641628899502,113.0277190609011,100.0,100.0,0.0
113.0277190609011,113.0390218328072,112.66626097301759,112.67752872589017,100.0,100.0,0.0
112.67752872589017,112.68879647876275,112.31964402905088,112.33087711676255,100.0,100.0,0.0
112.33087711676255,112.34211020447422,111.99605650914455,112.00725723486804,100.0,100.0,0.0
112.00725723486804,112.01845796059152,111.66205691877299,111.6732242411971,100.0,100.0,0.0
111.6732242411971,111.68439156362122,111.34617614935785,111.3573118805459,100.0,100.0,0.0
111.3573118805459,111.36844761173394,110.9926912074238,111.00379158658247,100.0,100.0,0.0
111.00379158658247,111.01489196574113,110.66488748714,110.67595508264827,100.0,100.0,0.0
110.67595508264827,110.68702267815654,110.35104688792215,110.36208309623177,100.0,100.0,0.0
110.36208309623177,110.37311930454139,110.04064071366166,110.05164587824949,100.0,100.0,0.0
110.05164587824949,110.06265104283732,109.70509884191408,109.71607044895897,100.0,100.0,0.0
109.71607044895897,110.07423259671481,109.70509884191408,110.0632262740874,100.0,100.0,0.0
110.0632262740874,110.41702950833643,110.05221995145999,110.40598890944548,100.0,100.0,0.0
110.40598890944548,110.76187303569942,110.39494831055454,110.75079795590383,100.0,100.0,0.0
110.75079795590383,111.09703607954026,110.73972287610825,111.08592748679158,100.0,100.0,0.0
111.08592748679158,111.44208454594941,111.07481889404289,111.43094145180423,100.0,100.0,0.0
111.43094145180423,111.78714241260124,111.41979835765905,111.77596481611963,100.0,100.0,0.0
111.77596481611963,112.1162533677368,111.76478721963801,112.10504286345046,100.0,100.0,0.0
112.10504286345046,112.42272677187229,112.09383235916413,112.41148562330996,100.0,100.0,0.0
112.41148562330996,112.77337990147961,112.40024447474762,112.76210369111051,100.0,100.0,0.0
112.76210369111051,113.12427322720862,112.7508274807414,113.11296193101552,100.0,100.0,0.0
113.11296193101552,113.47269434731855,113.10165063482242,113.4613482124973,100.0,100.0,0.0
113.4613482124973,113.80913645961968,113.45000207767605,113.79775668395129,100.0,100.0,0.0
113.79775668395129,114.1465572954723,113.7863769082829,114.1351437810942,100.0,100.0,0.0
114.1351437810942,114.47161270915528,114.1237302667161,114.46016669248603,100.0,100.0,0.0
114.46016669248603,114.83430164714896,114.44872067581677,114.82281936521244,100.0,100.0,0.0
114.82281936521244,115.17848123904683,114.81133708327592,115.16696454259258,100.0,100.0,0.0
115.16696454259258,115.53442881020402,115.15544784613833,115.52287652255177,100.0,100.0,0.0
115.52287652255177,115.87767440160005,115.51132423489952,115.86608779282076,100.0,100.0,0.0
115.86608779282076,116.19866555557145,115.85450118404148,116.18704685088636,100.0,100.0,0.0
116.18704685088636,116.5572080536566,116.17542814620127,116.54555349830676,100.0,100.0,0.0
116.54555349830676,116.9218250146571,116.53389894295692,116.91013400125698,100.0,100.0,0.0
116.91013400125698,117.29514213563775,116.89844298785685,117.28341379425832,100.0,100.0,0.0
117.28341379425832,117.64645213963186,117.2716854528789,117.63468867076479,100.0,100.0,0.0
117.63468867076479,117.99451146860734,117.62292520189771,117.98271319728761,100.0,100.0,0.0
117.98271319728761,118.35105461555962,117.97091492596788,118.33922069349028,100.0,100.0,0.0
118.33922069349028,118.69451112978112,118.32738677142093,118.68264286549457,100.0,100.0,0.0
118.68264286549457,119.04091551602386,118.67077460120802,119.02901261476238,100.0,100.0,0.0
119.02901261476238,119.4060888896236,119.0171097135009,119.39414947467614,100.0,100.0,0.0
119.39414947467614,119.76222687753244,119.38221005972868,119.7502518523472,100.0,100.0,0.0
119.7502518523472,120.11587611532003,119.73827682716197,120.10386572874717,100.0,100.0,0.0
120.10386572874717,120.48163022766077,120.0918553421743,120.46958326933384,100.0,100.0,0.0
120.46958326933384,120.83956891490146,120.4575363110069,120.82748616628484,100.0,100.0,0.0
120.82748616628484,121.23197873770967,120.81540341766822,121.21985675203446,100.0,100.0,0.0
121.21985675203446,121.59280648780329,121.20773476635925,121.58064842296099,100.0,100.0,0.0
121.58064842296099,121.97719828015246,121.5684903581187,121.96500177997447,100.0,100.0,0.0
121.96500177997447,122.35238110886688,121.95280527979648,122.34014709415746,100.0,100.0,0.0
122.34014709415746,122.73206248769486,122.32791307944804,122.719790508644,100.0,100.0,0.0
122.719790508644,123.10533794564691,122.70751852959313,123.09302864278263,100.0,100.0,0.0
123.09302864278263,123.47351073584159,123.08071933991835,123.46116461937964,100.0,100.0,0.0
123.46116461937964,123.8446197258042,123.4488185029177,123.83223650215398,100.0,100.0,0.0
123.83223650215398,124.20932157696906,123.81985327850376,124.19690188678038,100.0,100.0,0.0
124.19690188678038,124.58724703886897,124.1844821965917,124.57478955991297,100.0,100.0,0.0
124.57478955991297,124.97380580876334,124.56233208095698,124.96130967779557,100.0,100.0,0.0
124.96130967779557,125.31884969703455,124.9488135468278,125.30631906512804,100.0,100.0,0.0
125.30631906512804,125.67952321876099,125.29378843322152,125.66695652310868,100.0,100.0,0.0
125.66695652310868,126.0420933879742,125.65438982745637,126.02949043893031,100.0,100.0,0.0
126.02949043893031,126.4290490896644,126.01688748988641,126.41640744891951,100.0,100.0,0.0
126.41640744891951,126.81683968651582,126.40376580817463,126.80415927058877,100.0,100.0,0.0
126.80415927058877,127.192611561697,126.79147885466172,127.17989357233978,100.0,100.0,0.0
127.17989357233978,127.59396535200509,127.16717558298255,127.58120723128197,100.0,100.0,0.0
127.58120723128197,127.97245238116948,127.56844911055884,127.95965641552792,100.0,100.0,0.0
127.95965641552792,128.3638678095959,127.94686044988636,128.35103270632527,100.0,100.0,0.0
128.35103270632527,128.7597894244976,128.33819760305465,128.74691473302428,100.0,100.0,0.0
128.74691473302428,129.14453046359162,128.73404004155097,129.13161730186144,100.0,100.0,0.0
129.13161730186144,129.54599421864378,129.11870414013126,129.53304091455232,100.0,100.0,0.0
129.53304091455232,129.93037195877653,129.52008761046085,129.91738022075447,100.0,100.0,0.0
129.91738022075447,130.32045144283254,129.9043884827324,130.30742070076246,100.0,100.0,0.0
130.30742070076246,130.71339652973833,130.2943899586924,130.70032649708864,100.0,100.0,0.0
130.70032649708864,131.1159824621336,130.68725646443895,131.1028721749161,100.0,100.0,0.0
131.1028721749161,131.52876786236695,131.0897618876986,131.51561630073687,100.0,100.0,0.0
131.51561630073687,131.9138711176576,131.50246473910678,131.90068104955265,100.0,100.0,0.0
131.90068104955265,132.29187450936766,131.88749098144768,132.2786466447032,100.0,100.0,0.0
132.2786466447032,132.6980891244375,132.26541878003874,132.68482064237327,100.0,100.0,0.0
132.68482064237327,133.068805230589,132.67155216030903,133.05549968062093,100.0,100.0,0.0
133.05549968062093,133.068805230589,132.6442687361052,132.65753448955417,100.0,100.0,0.0
132.65753448955417,132.67080024300313,132.2545291211534,132.2677558967431,100.0,100.0,0.0
132.2677558967431,132.28098267233278,131.83516721095808,131.8483520461627,100.0,100.0,0.0
131.8483520461627,131.8615368813673,131.42914398794417,131.44228821676586,100.0,100.0,0.0
131.44228821676586,131.45543244558755,131.03134557810804,131.04445002311036,100.0,100.0,0.0
131.04445002311036,131.05755446811267,130.63725092308792,130.65031595468338,100.0,100.0,0.0
130.65031595468338,130.66338098627884,130.24582620454157,130.25885208975055,100.0,100.0,0.0
130.25885208975055,130.27187797495952,129.86081200751386,129.8737993874526,100.0,100.0,0.0
129.8737993874526,129.88678676739136,129.48072944384646,129.49367881172762,100.0,100.0,0.0
129.49367881172762,129.50662817960878,129.0724085716192,129.08531710332954,100.0,100.0,0.0
129.08531710332954,129.09822563503988,128.70178521963692,128.71465668530544,100.0,100.0,0.0
128.71465668530544,128.72752815097397,128.31253175308822,128.32536428951718,100.0,100.0,0.0
128.32536428951718,128.33819682594614,127.92278808016103,127.93558163832486,100.0,100.0,0.0
127.93558163832486,127.9483751964887,127.55373481130903,127.56649146045507,100.0,100.0,0.0
127.56649146045507,127.57924810960111,127.16476415101164,127.17748189920155,100.0,100.0,0.0
127.17748189920155,127.19019964739147,126.77269273610015,126.78537127322747,100.0,100.0,0.0
126.78537127322747,126.79804981035478,126.36905360386304,126.38169177304034,100.0,100.0,0.0
126.38169177304034,126.39432994221765,126.00636123856826,126.01896313488174,100.0,100.0,0.0
126.01896313488174,126.03156503119523,125.60646973803001,125.61903164119413,100.0,100.0,0.0
125.61903164119413,125.63159354435824,125.21370924530339,125.22623186849025,100.0,100.0,0.0
125.22623186849025,125.2387544916771,124.81204901695484,124.82453147010186,100.0,100.0,0.0
124.82453147010186,124.83701392324888,124.43319068590904,124.44563524943398,100.0,100.0,0.0
124.44563524943398,124.45807981295891,124.03726164012127,124.04966660678195,100.0,100.0,0.0
124.04966660678195,124.06207157344264,123.68021094200533,123.69258020002533,100.0,100.0,0.0
123.69258020002533,123.70494945804533,123.30123501347683,123.31356637011383,100.0,100.0,0.0
123.31356637011383,123.32589772675084,122.9175261888243,122.92981917074137,100.0,100.0,0.0
122.92981917074137,122.94211215265844,122.55394134983261,122.56619796962957,100.0,100.0,0.0
122.56619796962957,122.57845458942653,122.17366181164198,122.18588039968195,100.0,100.0,0.0
122.18588039968195,122.19809898772192,121.80615064184863,121.81833247509614,100.0,100.0,0.0
121.81833247509614,121.83051430834365,121.45232858218942,121.4644750296924,100.0,100.0,0.0
121.4644750296924,121.47662147719537,121.07877855439664,121.09088764316095,100.0,100.0,0.0
121.09088764316095,121.10299673192527,120.71160382025545,120.72367618787423,100.0,100.0,0.0
120.72367618787423,120.73574855549302,120.34109729615176,120.3531326094127,100.0,100.0,0.0
120.3531326094127,120.36516792267363,119.97686628357684,119.98886517009385,100.0,100.0,0.0
119.98886517009385,120.00086405661085,119.6540625793817,119.66602918229994,100.0,100.0,0.0
119.66602918229994,119.67799578521817,119.27020698386339,119.28213519738313,100.0,100.0,0.0
119.28213519738313,119.29406341090287,118.92379258902258,118.93568615763834,100.0,100.0,0.0
118.93568615763834,118.9475797262541,118.5682486649424,118.58010667560997,100.0,100.0,0.0
118.58010667560997,118.59196468627754,118.20484474459575,118.21666641123687,100.0,100.0,0.0
118.21666641123687,118.228488077878,117.86275217909001,117.87453963305332,100.0,100.0,0.0
117.87453963305332,117.88632708701662,117.52439376508092,117.5361473798189,100.0,100.0,0.0
117.5361473798189,117.54790099455688,117.16181485375824,117.17353220697895,100.0,100.0,0.0
117.17353220697895,117.18524956019965,116.80983461146393,116.82151676314024,100.0,100.0,0.0
116.82151676314024,116.83319891481655,116.45283415191595,116.46448059997594,100.0,100.0,0.0
116.46448059997594,116.47612704803593,116.10924654028501,116.12085862614762,100.0,100.0,0.0
116.12085862614762,116.13247071201023,115.76352172120592,115.77509923112903,100.0,100.0,0.0
115.77509923112903,115.78667674105215,115.41655926746321,115.42810207767099,100.0,100.0,0.0
115.42810207767099,115.43964488787876,115.07579779139607,115.08730652204828,100.0,100.0,0.0
115.08730652204828,115.09881525270049,114.73696434020758,114.74843918412598,100.0,100.0,0.0
114.74843918412598,114.75991402804439,114.4102905406626,114.42173271393399,100.0,100.0,0.0
114.42173271393399,114.43317488720538,114.05775585485368,114.06916277113079,100.0,100.0,0.0
114.06916277113079,114.0805696874079,113.71536990971119,113.72674258396958,100.0,100.0,0.0
113.72674258396958,113.73811525822798,113.4025148626024,113.41385624822722,100.0,100.0,0.0
113.41385624822722,113.42519763385204,113.05563343220068,113.0669401262133,100.0,100.0,0.0
113.0669401262133,113.07824682022591,112.73087883416531,112.74215304947026,100.0,100.0,0.0
112.74215304947026,112.75342726477521,112.38221607858294,112.39345542412535,100.0,100.0,0.0
112.39345542412535,112.75063216868303,112.38221607858294,112.73935823285974,100.0,100.0,0.0
112.73935823285974,113.08745108938011,112.72808429703646,113.07614347503261,100.0,100.0,0.0
113.07614347503261,113.43189953874474,113.06483586068511,113.42055748299644,100.0,100.0,0.0
113.42055748299644,113.76941691421887,113.40921542724814,113.75804111010785,100.0,100.0,0.0
113.75804111010785,114.12606603607237,113.74666530599684,114.11465457061531,100.0,100.0,0.0
114.11465457061531,114.46855594085513,114.10324310515826,114.45711022983214,100.0,100.0,0.0
114.45711022983214,114.81058441296064,114.44566451880915,114.79910450251039,100.0,100.0,0.0
114.79910450251039,115.16105139338363,114.78762459206014,115.14953643973966,100.0,100.0,0.0
115.14953643973966,115.49889550770438,115.1380214860957,115.48734677302707,100.0,100.0,0.0
115.48734677302707,115.81884068009938,115.47579803834977,115.80725995410397,100.0,100.0,0.0
115.80725995410397,116.14939633559918,115.79567922810855,116.13778255734344,100.0,100.0,0.0
116.13778255734344,116.49002573019081,116.1261687790877,116.47837789240157,100.0,100.0,0.0
116.47837789240157,116.86013551067758,116.46673005461233,116.84845066561103,100.0,100.0,0.0
116.84845066561103,117.23800031917258,116.83676582054447,117.22627769140344,100.0,100.0,0.0
117.22627769140344,117.57445393066862,117.2145550636343,117.56269766090253,100.0,100.0,0.0
117.56269766090253,117.9296541135678,117.55094139113643,117.91786232733507,100.0,100.0,0.0
117.91786232733507,118.27595883600512,117.90607054110234,118.26413242276284,100.0,100.0,0.0
118.26413242276284,118.63435138989304,118.25230600952057,118.62248914097894,100.0,100.0,0.0
118.62248914097894,118.97554278577154,118.61062689206484,118.96364642112943,100.0,100.0,0.0
118.96364642112943,119.33733371527724,118.95175005648731,119.32540117515973,100.0,100.0,0.0
119.32540117515973,119.68635359762943,119.31346863504221,119.67438615901354,100.0,100.0,0.0
119.67438615901354,120.03167407430419,119.66241872039764,120.01967210709348,100.0,100.0,0.0
120.01967210709348,120.38443217381173,120.00767013988278,120.37239493431831,100.0,100.0,0.0
120.37239493431831,120.72181453193117,120.36035769482488,120.70974355757542,100.0,100.0,0.0
120.70974355757542,121.09272746473937,120.69767258321967,121.08061940279909,100.0,100.0,0.0
121.08061940279909,121.44616215228959,121.0685113408588,121.43401875041455,100.0,100.0,0.0
121.43401875041455,121.82930701368393,121.42187534853952,121.81712530115382,100.0,100.0,0.0
121.81712530115382,122.20561704716746,121.80494358862371,122.19339770739673,100.0,100.0,0.0
122.19339770739673,122.5879825976329,122.18117836762599,122.5757250251304,100.0,100.0,0.0
122.5757250251304,122.95136766228438,122.56346745262789,122.93907375490889,100.0,100.0,0.0
122.93907375490889,123.33724874898752,122.9267798475334,123.32491625736178,100.0,100.0,0.0
123.32491625736178,123.72428039984273,123.31258376573604,123.71190920892184,100.0,100.0,0.0
123.71190920892184,124.09122480763918,123.69953801800095,124.07881692594658,100.0,100.0,0.0
124.07881692594658,124.46503313846222,124.06640904425399,124.45258787967425,100.0,100.0,0.0
124.45258787967425,124.85734183624004,124.44014262088629,124.844857350505,100.0,100.0,0.0
124.844857350505,125.23467988237138,124.83237286476995,125.22215766660472,100.0,100.0,0.0
125.22215766660472,125.60215478835781,125.20963545083805,125.58959582877493,100.0,100.0,0.0
125.58959582877493,125.99344356595834,125.57703686919206,125.9808454814102,100.0,100.0,0.0
125.9808454814102,126.38756922774121,125.96824739686205,126.37493173456775,100.0,100.0,0.0
126.37493173456775,126.75611650888402,126.3622942413943,126.74344216466756,100.0,100.0,0.0
126.74344216466756,127.14280872046146,126.73076782045109,127.13009571089037,100.0,100.0,0.0
127.13009571089037,127.5252985538531,127.11738270131929,127.5125472991232,100.0,100.0,0.0
127.5125472991232,127.92320691259589,127.49979604439329,127.9104158710088,100.0,100.0,0.0
127.9104158710088,128.29820224685005,127.8976248294217,128.2853737094791,100.0,100.0,0.0
128.2853737094791,128.70101105591536,128.27254517210815,128.6881422416912,100.0,100.0,0.0
128.6881422416912,129.09998306269262,128.67527342746703,129.0870743552571,100.0,100.0,0.0
129.0870743552571,129.48319893486664,129.0741656478216,129.47025190967568,100.0,100.0,0.0
129.47025190967568,129.86527576402253,129.45730488448473,129.85229053496903,100.0,100.0,0.0
129.85229053496903,130.24025803915686,129.83930530591553,130.2272353156253,100.0,100.0,0.0
130.2272353156253,130.65050247594232,130.21421259209376,130.6374387320691,100.0,100.0,0.0
130.6374387320691,131.03048887544333,130.6243749881959,131.01738713672967,100.0,100.0,0.0
131.01738713672967,131.4218658100254,131.004285398016,131.40872493753164,100.0,100.0,0.0
131.40872493753164,131.84226119166817,131.3955840650379,131.82907828383978,100.0,100.0,0.0
131.82907828383978,132.24930328187537,131.81589537601138,132.236079673908,100.0,100.0,0.0
132.236079673908,132.65108160569898,132.22285606594062,132.63781782391658,100.0,100.0,0.0
132.63781782391658,133.05333149482092,132.62455404213418,133.04002749207172,100.0,100.0,0.0
133.04002749207172,133.45067670020748,133.0267234893225,133.4373329669108,100.0,100.0,0.0
133.4373329669108,133.83326763662703,133.4239892336141,133.8198856480622,100.0,100.0,0.0
133.8198856480622,134.2434759636016,133.8065036594974,134.23005295830578,100.0,100.0,0.0
134.23005295830578,134.6317353961998,134.21662995300994,134.6182735688429,100.0,100.0,0.0
134.6182735688429,135.06574466310556,134.60481174148603,135.05223943916164,100.0,100.0,0.0
135.05223943916164,135.44967207093785,135.03873421521772,135.43612845809204,100.0,100.0,0.0
135.43612845809204,135.85298346625274,135.42258484524623,135.8393995263001,100.0,100.0,0.0
135.8393995263001,136.2619035728665,135.82581558634746,136.24827874499198,100.0,100.0,0.0
136.24827874499198,136.6632713500963,136.23465391711747,136.64960638945735,100.0,100.0,0.0
136.64960638945735,136.6632713500963,136.22742542453494,136.2410495294879,100.0,100.0,0.0
136.2410495294879,136.25467363444085,135.82916562022433,135.84274989521384,100.0,100.0,0.0
135.84274989521384,135.85633417020335,135.44253704293075,135.45608265119586,100.0,100.0,0.0
135.45608265119586,135.46962825946096,135.03925984825898,135.05276512477147,100.0,100.0,0.0
135.05276512477147,135.06627040128396,134.6350862396191,134.6485510947286,100.0,100.0,0.0
134.6485510947286,134.66201594983806,134.23719234999007,134.25061741173124,100.0,100.0,0.0
134.25061741173124,134.26404247347241,133.83621141469658,133.849596374334,100.0,100.0,0.0
133.849596374334,133.86298133397142,133.42573952901313,133.43908343735686,100.0,100.0,0.0
133.43908343735686,133.45242734570058,133.02660425325163,133.03990824407603,100.0,100.0,0.0
133.03990824407603,133.05321223490043,132.6452569894167,132.6585228417009,100.0,100.0,0.0
132.6585228417009,132.67178869398506,132.24981014255792,132.26303644620253,100.0,100.0,0.0
132.26303644620253,132.27626274984715,131.8541620212216,131.86734875609721,100.0,100.0,0.0
131.86734875609721,131.88053549097282,131.45790409678168,131.47105120190187,100.0,100.0,0.0
131.47105120190187,131.48419830702207,131.0722068353484,131.08531536688508,100.0,100.0,0.0
131.08531536688508,131.09842389842177,130.68554245379084,130.69861231502236,100.0,100.0,0.0
130.69861231502236,130.71168217625387,130.3004758811664,130.3135072318896,100.0,100.0,0.0
130.3135072318896,130.32653858261278,129.90635018043736,129.91934211464883,100.0,100.0,0.0
129.91934211464883,129.9323340488603,129.48699129618052,129.49994129030955,100.0,100.0,0.0
129.49994129030955,129.51289128443858,129.09139813440123,129.10430856525775,100.0,100.0,0.0
129.10430856525775,129.11721899611427,128.70456638999275,128.71743813380613,100.0,100.0,0.0
128.71743813380613,128.7303098776195,128.30756389276826,128.3203959323615,100.0,100.0,0.0
128.3203959323615,128.33322797195473,127.93231477802219,127.94510928895109,100.0,100.0,0.0
127.94510928895109,127.95790379987999,127.53787652197585,127.55063158513435,100.0,100.0,0.0
127.55063158513435,127.56338664829286,127.12776130562034,127.14047535315565,100.0,100.0,0.0
127.14047535315565,127.15318940069096,126.75778068981113,126.77045773558469,100.0,100.0,0.0
126.77045773558469,126.78313478135824,126.37536923317533,126.38800803397874,100.0,100.0,0.0
126.38800803397874,126.40064683478214,125.99714036510872,126.00974133924264,100.0,100.0,0.0
126.00974133924264,126.02234231337656,125.59746720102935,125.61002820384972,100.0,100.0,0.0
125.61002820384972,125.6225892066701,125.2169400817058,125.2294630280086,100.0,100.0,0.0
125.2294630280086,125.24198597431139,124.84022488778456,124.85271015880043,100.0,100.0,0.0
124.85271015880043,124.86519542981631,124.46735643372239,124.4798044141638,100.0,100.0,0.0
124.4798044141638,124.4922523946052,124.1059987353117,124.11841057636934,100.0,100.0,0.0
124.11841057636934,124.13082241742698,123.726490157373,123.73886404377737,100.0,100.0,0.0
123.73886404377737,123.75123793018174,123.35320920687818,123.36554576145431,100.0,100.0,0.0
123.36554576145431,123.37788231603045,123.00493395026594,123.01723567383331,100.0,100.0,0.0
123.01723567383331,123.02953739740069,122.63483020783335,122.64709491732508,100.0,100.0,0.0
122.64709491732508,122.65935962681681,122.28541279293847,122.2976425571942,100.0,100.0,0.0
122.2976425571942,122.30987232144992,121.89783504255178,121.91002604515629,100.0,100.0,0.0
121.91002604515629,121.9222170477608,121.53072686983599,121.54288115795178,100.0,100.0,0.0
121.54288115795178,121.55503544606758,121.18194168928265,121.19406109539219,100.0,100.0,0.0
121.19406109539219,121.20618050150172,120.82764446029563,120.83972843313894,100.0,100.0,0.0
120.83972843313894,120.85181240598226,120.48435098708322,120.49640062714593,100.0,100.0,0.0
120.49640062714593,120.50845026720864,120.11922707285957,120.13124019687926,100.0,100.0,0.0
120.13124019687926,120.14325332089895,119.76124230595299,119.77321962791578,100.0,100.0,0.0
119.77321962791578,119.78519694987857,119.37434369449288,119.38628232272515,100.0,100.0,0.0
119.38628232272515,119.39822095095742,119.00012272526511,119.01202392765788,100.0,100.0,0.0
119.01202392765788,119.02392513005064,118.65012913238154,118.66199533191472,100.0,100.0,0.0
118.66199533191472,118.67386153144791,118.28742588569841,118.29925581127954,100.0,100.0,0.0
118.29925581127954,118.31108573686066,117.94333286137271,117.95512837421013,100.0,100.0,0.0
117.95512837421013,117.96692388704756,117.58659928752756,117.5983591234399,100.0,100.0,0.0
117.5983591234399,117.61011895935225,117.24095060505638,117.25267587264365,100.0,100.0,0.0
117.25267587264365,117.26440114023092,116.87997821106809,116.89166737780587,100.0,100.0,0.0
116.89166737780587,116.90335654454366,116.51771647436986,116.529369411311,100.0,100.0,0.0
116.529369411311,116.54102234825213,116.1815112045677,116.19313051761947,100.0,100.0,0.0
116.19313051761947,116.20474983067123,115.84024698863638,115.85183217185356,100.0,100.0,0.0
115.85183217185356,115.86341735507074,115.4934893279521,115.50503983193529,100.0,100.0,0.0
115.50503983193529,115.51659033591848,115.1574116099889,115.16892850283918,100.0,100.0,0.0
115.16892850283918,115.18044539568946,114.82292433537896,114.83440777615657,100.0,100.0,0.0
114.83440777615657,114.84589121693418,114.49228144267039,114.50373181585198,100.0,100.0,0.0
114.50373181585198,114.51518218903357,114.14569504833712,114.15711075941306,100.0,100.0,0.0
114.15711075941306,114.168526470489,113.7953789792123,113.80675965517781,100.0,100.0,0.0
113.80675965517781,113.81814033114333,113.4551682154364,113.46651486692309,100.0,100.0,0.0
113.46651486692309,113.47786151840978,113.11944537238257,113.1307584482274,100.0,100.0,0.0
113.1307584482274,113.14207152407222,112.76571810645095,112.77699580603155,100.0,100.0,0.0
112.77699580603155,112.78827350561215,112.40299308780268,112.41423451125381,100.0,100.0,0.0
112.41423451125381,112.42547593470493,112.07097847640004,112.08218669506955,100.0,100.0,0.0
112.08218669506955,112.09339491373906,111.74916163074825,111.7603376645147,100.0,100.0,0.0
111.7603376645147,111.77151369828114,111.4159472285736,111.42708993756736,100.0,100.0,0.0
111.42708993756736,111.43823264656112,111.07945089253936,111.0905599485342,100.0,100.0,0.0
111.0905599485342,111.10166900452906,110.74887690064698,110.75995289593656,100.0,100.0,0.0
110.75995289593656,110.77102889122615,110.41959062915507,110.43063369252432,100.0,100.0,0.0
110.43063369252432,110.44167675589358,110.07776396362222,110.0887728409063,100.0,100.0,0.0
110.0887728409063,110.09978171819039,109.75116681168168,109.76214302598429,100.0,100.0,0.0
109.76214302598429,109.77311924028689,109.4355314966086,109.44647614422303,100.0,100.0,0.0
109.44647614422303,109.45742079183745,109.1122427225242,109.123155038028,100.0,100.0,0.0
109.123155038028,109.1340673535318,108.78397458345506,108.79485406886195,100.0,100.0,0.0
108.79485406886195,108.80573355426884,108.46645356136929,108.47730129149843,100.0,100.0,0.0
108.47730129149843,108.48814902162758,108.14828114848241,108.15909705818822,100.0,100.0,0.0
108.15909705818822,108.16991296789404,107.81338415460391,107.82416657126103,100.0,100.0,0.0
107.82416657126103,107.83494898791815,107.50459501023171,107.5153465448862,100.0,100.0,0.0
107.5153465448862,107.52609807954069,107.19154332968381,107.20226355603941,100.0,100.0,0.0
107.20226355603941,107.21298378239501,106.87427844971437,106.88496694640901,100.0,100.0,0.0
106.88496694640901,106.89565544310365,106.55930581788401,106.56996281416542,100.0,100.0,0.0
106.56996281416542,106.58061981044683,106.24268292157907,106.25330825240431,100.0,100.0,0.0
106.25330825240431,106.26393358322954,105.91676515481518,105.92735789060424,100.0,100.0,0.0
105.92735789060424,105.9379506263933,105.60647003110994,105.61703173428336,100.0,100.0,0.0
105.61703173428336,105.62759343745678,105.2907217241269,105.30125184931183,100.0,100.0,0.0
105.30125184931183,105.64028483206411,105.2907217241269,105.62972185987813,100.0,100.0,0.0
105.62972185987813,105.95229800595003,105.61915888769215,105.94170383556647,100.0,100.0,0.0
105.94170383556647,106.26266426657301,105.93110966518292,106.25203906266674,100.0,100.0,0.0
106.25203906266674,106.57274032166579,106.24141385876047,106.56208411325447,100.0,100.0,0.0
106.56208411325447,106.90427211296235,106.55142790484315,106.89358275468688,100.0,100.0,0.0
106.89358275468688,107.22520208445191,106.8828933964114,107.21448063638827,100.0,100.0,0.0
107.21448063638827,107.54163869252304,107.20375918832464,107.53088560396264,100.0,100.0,0.0
107.53088560396264,107.85125062892345,107.52013251540225,107.84046658226522,100.0,100.0,0.0
107.84046658226522,108.2030256538697,107.82968253560699,108.19220643322637,100.0,100.0,0.0
108.19220643322637,108.52932612879084,108.18138721258305,108.51847428136271,100.0,100.0,0.0
108.51847428136271,108.84870410400728,108.50762243393459,108.83782032197509,100.0,100.0,0.0
108.83782032197509,109.17075625201979,108.82693653994289,109.15984026799299,100.0,100.0,0.0
109.15984026799299,109.51171006770463,109.1489242839662,109.50075999170545,100.0,100.0,0.0
109.50075999170545,109.83770861468837,109.48980991570627,109.82672594209416,100.0,100.0,0.0
109.82672594209416,110.15598716924677,109.81574326949995,110.14497267197957,100.0,100.0,0.0
110.14497267197957,110.48606027887806,110.13395817471238,110.4750127776003,100.0,100.0,0.0
110.4750127776003,110.83623274499962,110.46396527632254,110.82515022997663,100.0,100.0,0.0
110.82515022997663,111.18323909452111,110.81406771495364,111.17212188233287,100.0,100.0,0.0
111.17212188233287,111.53216134113869,111.16100467014464,111.52100924021467,100.0,100.0,0.0
111.52100924021467,111.85981011534568,111.50985713929065,111.8486252528204,100.0,100.0,0.0
111.8486252528204,112.17981520940134,111.83744039029511,112.16859834956638,100.0,100.0,0.0
112.16859834956638,112.5126705418746,112.15738148973142,112.50142039983461,100.0,100.0,0.0
112.50142039983461,112.84610189691843,112.49017025779463,112.83481841507692,100.0,100.0,0.0
112.83481841507692,113.18525701431858,112.82353493323542,113.17393962035655,100.0,100.0,0.0
113.17393962035655,113.53582228624282,113.16262222639452,113.5244698392589,100.0,100.0,0.0
113.5244698392589,113.8706111595162,113.51311739227498,113.8592252369925,100.0,100.0,0.0
113.8592252369925,114.20397673799604,113.8478393144688,114.19255748224782,100.0,100.0,0.0
114.19255748224782,114.53461123757188,114.1811382264996,114.52315892167971,100.0,100.0,0.0
114.52315892167971,114.88716145611451,114.51170660578754,114.87567388872564,100.0,100.0,0.0
114.87567388872564,115.23710900393478,114.86418632133677,115.22558644529025,100.0,100.0,0.0
115.22558644529025,115.59374011422969,115.21406388664572,115.58218189604008,100.0,100.0,0.0
115.58218189604008,115.9262058551583,115.57062367785048,115.91461439371894,100.0,100.0,0.0
115.91461439371894,116.26896465331619,115.90302293227957,116.25733891942424,100.0,100.0,0.0
116.25733891942424,116.6333466330497,116.2457131855323,116.62168446460323,100.0,100.0,0.0
116.62168446460323,116.98851998903194,116.61002229615677,116.97682230680127,100.0,100.0,0.0
116.97682230680127,117.35388706108093,116.96512462457059,117.34215284579635,100.0,100.0,0.0
117.34215284579635,117.7178446233281,117.33041863051177,117.70607401592652,100.0,100.0,0.0
117.70607401592652,118.08021982167458,117.69430340852493,118.06841298037654,100.0,100.0,0.0
118.06841298037654,118.42775692961006,118.0566061390785,118.41591533807625,100.0,100.0,0.0
118.41591533807625,118.78222761998951,118.40407374654244,118.77035058493102,100.0,100.0,0.0
118.77035058493102,119.14289805093084,118.75847354987253,119.1309849524356,100.0,100.0,0.0
119.1309849524356,119.52894318238279,119.11907185394035,119.51699148323446,100.0,100.0,0.0
119.51699148323446,119.89696498463834,119.50503978408614,119.88497648698964,100.0,100.0,0.0
119.88497648698964,120.25606534140407,119.87298798934094,120.24404093731033,100.0,100.0,0.0
120.24404093731033,120.61962249871418,120.2320165332166,120.60756174253993,100.0,100.0,0.0
120.60756174253993,120.98726592809734,120.59550098636568,120.97516841125622,100.0,100.0,0.0
120.97516841125622,121.34844235709261,120.9630708944151,121.33630872621998,100.0,100.0,0.0
121.33630872621998,121.72196224992143,121.32417509534736,121.70979127079436,100.0,100.0,0.0
121.70979127079436,122.10113374490565,121.69762029166728,122.0889248524204,100.0,100.0,0.0
122.0889248524204,122.49817158875011,122.07671595993516,122.48592299645047,100.0,100.0,0.0
122.48592299645047,122.8849980127444,122.47367440415083,122.87271074167023,100.0,100.0,0.0
122.87271074167023,123.25810967434084,122.86042347059606,123.24578509583127,100.0,100.0,0.0
123.24578509583127,123.62084990125825,123.23346051732169,123.60848905235302,100.0,100.0,0.0
123.60848905235302,123.9773635819135,123.59612820344779,123.96496708520498,100.0,100.0,0.0
123.96496708520498,124.36229511226942,123.95257058849646,124.3498601262568,100.0,100.0,0.0
124.3498601262568,124.7513500947636,124.33742514024418,124.73887620714288,100.0,100.0,0.0
124.73887620714288,125.14495347688509,124.72640231952217,125.13244023286181,100.0,100.0,0.0
125.13244023286181,125.52507627823513,125.11992698883853,125.51252502573256,100.0,100.0,0.0
125.51252502573256,125.90265773024827,125.49997377322998,125.89006872337593,100.0,100.0,0.0
125.89006872337593,126.2801438294454,125.8774797165036,126.26751707773762,100.0,100.0,0.0
126.26751707773762,126.67022493114841,126.25489032602985,126.65755917523089,100.0,100.0,0.0
126.65755917523089,127.02480144755393,126.64489341931336,127.01210023753018,100.0,100.0,0.0
127.01210023753018,127.38441471294446,126.99939902750643,127.37167754518994,100.0,100.0,0.0
127.37167754518994,127.73559308502617,127.35894037743542,127.72282080294588,100.0,100.0,0.0
127.72282080294588,128.11380725280011,127.71004852086558,128.10099715308482,100.0,100.0,0.0
128.10099715308482,128.49722720197795,128.08818705336952,128.48437876410154,100.0,100.0,0.0
128.48437876410154,128.89880561371444,128.47153032622512,128.88591702201225,100.0,100.0,0.0
128.88591702201225,129.28672846993703,128.87302843031006,129.27380108982805,100.0,100.0,0.0
129.27380108982805,129.68212208920576,129.26087370971908,129.66915517368838,100.0,100.0,0.0
129.66915517368838,130.0702630468403,129.656188258171,130.05725732110818,100.0,100.0,0.0
130.05725732110818,130.0702630468403,129.64839721143844,129.6613633477732,100.0,100.0,0.0
129.6613633477732,129.67432948410797,129.24591584333172,129.25884172750446,100.0,100.0,0.0
129.25884172750446,129.2717676116772,128.8620644564559,128.87495195165107,100.0,100.0,0.0
128.87495195165107,128.88783944684624,128.4756805305944,128.48852938353275,100.0,100.0,0.0
128.48852938353275,128.5013782364711,128.07731631127575,128.09012532380814,100.0,100.0,0.0
128.09012532380814,128.10293433634052,127.68654876297049,127.69931869483997,100.0,100.0,0.0
127.69931869483997,127.71208862670946,127.2904733320315,127.30320365239673,100.0,100.0,0.0
127.30320365239673,127.31593397276197,126.89839847264565,126.91108958160382,100.0,100.0,0.0
126.91108958160382,126.92378069056198,126.53402806564829,126.54668273392167,100.0,100.0,0.0
126.54668273392167,126.55933740219506,126.15974890569143,126.17236614230566,100.0,100.0,0.0
126.17236614230566,126.1849833789199,125.78847534418465,125.80105544972962,100.0,100.0,0.0
125.80105544972962,125.81363555527459,125.39979050413321,125.41233173730694,100.0,100.0,0.0
125.41233173730694,125.42487297048068,125.01699468035766,125.02949763012066,100.0,100.0,0.0
125.02949763012066,125.04200057988366,124.65774580321882,124.67021282450126,100.0,100.0,0.0
124.67021282450126,124.68267984578371,124.2758641898332,124.28829301913511,100.0,100.0,0.0
124.28829301913511,124.30072184843702,123.89588818231948,123.9082790102205,100.0,100.0,0.0
123.9082790102205,123.92066983812151,123.53301225912628,123.54536679580586,100.0,100.0,0.0
123.54536679580586,123.55772133248544,123.17747771350105,123.18979669317036,100.0,100.0,0.0
123.18979669317036,123.20211567283968,122.82367541169525,122.835959007596,100.0,100.0,0.0
122.835959007596,122.84824260349676,122.4584872014037,122.47073427483119,100.0,100.0,0.0
122.47073427483119,122.48298134825868,122.08412880872497,122.09633844256922,100.0,100.0,0.0
122.09633844256922,122.10854807641347,121.72283538706799,121.73500888795678,100.0,100.0,0.0
121.73500888795678,121.74718238884557,121.36445010608647,121.37658776486295,100.0,100.0,0.0
121.37658776486295,121.38872542363943,120.99829323308072,121.01039427250797,100.0,100.0,0.0
121.01039427250797,121.02249531193522,120.63306172013391,120.64512623275718,100.0,100.0,0.0
120.64512623275718,120.65719074538045,120.28090668546224,120.29293597906015,100.0,100.0,0.0
120.29293597906015,120.30496527265805,119.94420509465942,119.9562007147309,100.0,100.0,0.0
119.9562007147309,119.96819633480237,119.5649072133692,119.57686489985917,100.0,100.0,0.0
119.57686489985917,119.58882258634915,119.2072635930775,119.21918551162867,100.0,100.0,0.0
119.21918551162867,119.23110743017983,118.83143359614623,118.84331792793903,100.0,100.0,0.0
118.84331792793903,118.85520225973183,118.47635668329306,118.48820550384345,100.0,100.0,0.0
118.48820550384345,118.50005432439383,118.11784297036291,118.1296559359565,100.0,100.0,0.0
118.1296559359565,118.1414689015501,117.78805477434493,117.7998347578207,100.0,100.0,0.0
117.7998347578207,117.81161474129648,117.44160816458124,117.45335349993123,100.0,100.0,0.0
117.45335349993123,117.46509883528121,117.0773899235765,117.08909883345984,100.0,100.0,0.0
117.08909883345984,117.10080774334318,116.74493249283256,116.75660815364792,100.0,100.0,0.0
116.75660815364792,116.76828381446327,116.37728902374718,116.38892791653883,100.0,100.0,0.0
116.38892791653883,116.40056680933048,116.03677576873315,116.04838060679383,100.0,100.0,0.0
116.04838060679383,116.0599854448545,115.71023167617314,115.7218038565588,100.0,100.0,0.0
115.7218038565588,115.73337603694445,115.3683213564746,115.37985934240884,100.0,100.0,0.0
115.37985934240884,115.39139732834307,115.0311472957418,115.0426515608979,100.0,100.0,0.0
115.0426515608979,115.05415582605399,114.69291011974943,114.70438055780521,100.0,100.0,0.0
114.70438055780521,114.71585099586099,114.34806645053335,114.35950240077342,100.0,100.0,0.0
114.35950240077342,114.37093835101349,114.0090954387327,114.02049748848155,100.0,100.0,0.0
114.02049748848155,114.0318995382304,113.65083272213658,113.66219894203078,100.0,100.0,0.0
113.66219894203078,113.67356516192498,113.31719564488188,113.32852849773165,100.0,100.0,0.0
113.32852849773165,113.33986135058143,112.97030770875656,112.9816058693435,100.0,100.0,0.0
112.9816058693435,112.99290402993043,112.64182232101491,112.65308762977789,100.0,100.0,0.0
112.65308762977789,112.66435293854086,112.30116467437459,112.31239591396599,100.0,100.0,0.0
112.31239591396599,112.32362715355738,111.96397059575284,111.97516811256409,100.0,100.0,0.0
111.97516811256409,111.98636562937534,111.62656661442308,111.63773038746183,100.0,100.0,0.0
111.63773038746183,111.64889416050057,111.28353001177261,111.29465947772039,100.0,100.0,0.0
111.29465947772039,111.30578894366816,110.95644178350155,110.96753853735528,100.0,100.0,0.0
110.96753853735528,110.97863529120902,110.62157823149073,110.6326414956403,100.0,100.0,0.0
110.6326414956403,110.64370475978987,110.27905650319863,110.29008551174981,100.0,100.0,0.0
110.29008551174981,110.30111452030098,109.94400323501831,109.9549987348918,100.0,100.0,0.0
109.9549987348918,109.96599423476529,109.61301055740276,109.62397295469823,100.0,100.0,0.0
109.62397295469823,109.6349353519937,109.28933318567017,109.30026321199138,100.0,100.0,0.0
109.30026321199138,109.31119323831258,108.96445096221079,108.9753484970605,100.0,100.0,0.0
108.9753484970605,108.9862460319102,108.63324036330425,108.64410477378163,100.0,100.0,0.0
108.64410477378163,108.65496918425902,108.31109497293714,108.3219271656537,100.0,100.0,0.0
108.3219271656537,108.33275935837027,108.011070714516,108.02187290180618,100.0,100.0,0.0
108.02187290180618,108.03267508909636,107.68480375909033,107.69557331642197,100.0,100.0,0.0
107.69557331642197,107.70634287375361,107.33211444242723,107.34284872729995,100.0,100.0,0.0
107.34284872729995,107.35358301217268,106.99851650390607,107.00921742564864,100.0,100.0,0.0
107.00921742564864,107.01991834739121,106.67114393310386,106.68181211431529,100.0,100.0,0.0
106.68181211431529,106.69248029552672,106.36431662217926,106.37495411759102,100.0,100.0,0.0
106.37495411759102,106.38559161300277,106.05880295266857,106.06940989365793,100.0,100.0,0.0
106.06940989365793,106.0800168346473,105.73601800015958,105.74659265942552,100.0,100.0,0.0
105.74659265942552,105.75716731869146,105.42170553721463,105.43224876209084,100.0,100.0,0.0
105.43224876209084,105.44279198696704,105.10487250401724,105.11538404242148,100.0,100.0,0.0
105.11538404242148,105.12589558082573,104.77696675657488,104.78744550112499,100.0,100.0,0.0
104.78744550112499,104.7979242456751,104.46405152241134,104.47449897230857,100.0,100.0,0.0
104.47449897230857,104.4849464222058,104.1549895011186,104.16540604172278,100.0,100.0,0.0
104.16540604172278,104.17582258232694,103.83195206004564,103.842336293675,100.0,100.0,0.0
103.842336293675,103.85272052730437,103.52339835887845,103.53375173405186,100.0,100.0,0.0
103.53375173405186,103.54410510922527,103.22498879849448,103.23531232972745,100.0,100.0,0.0
103.23531232972745,103.24563586096042,102.89815911823,102.90844996322632,100.0,100.0,0.0
102.90844996322632,102.91874080822264,102.59191017660858,102.60217039364794,100.0,100.0,0.0
102.60217039364794,102.6124306106873,102.29267441215683,102.30290470262709,100.0,100.0,0.0
102.30290470262709,102.31313499309735,101.99678158142518,102.00698227965314,100.0,100.0,0.0
102.00698227965314,102.0171829778811,101.67995221819046,101.6901212303135,100.0,100.0,0.0
101.6901212303135,101.70029024243652,101.37145245420662,101.38159061326795,100.0,100.0,0.0
101.38159061326795,101.39172877232927,101.06820631685981,101.07831414827464,100.0,100.0,0.0
101.07831414827464,101.08842197968947,100.77615054427648,100.7862291671932,100.0,100.0,0.0
100.7862291671932,100.79630779010992,100.49406850216701,100.50411891405841,100.0,100.0,0.0
100.50411891405841,100.51416932594981,100.19533940348403,100.20535993947797,100.0,100.0,0.0
100.20535993947797,100.21538047547192,99.90806184863142,99.91805365399682,100.0,100.0,0.0
99.91805365399682,99.92804545936222,99.60706116402065,99.61702286630728,100.0,100.0,0.0
99.61702286630728,99.62698456859391,99.30521417883725,99.31514569340659,100.0,100.0,0.0
99.31514569340659,99.32507720797594,99.01850484576217,99.02840768653081,100.0,100.0,0.0
99.02840768653081,99.03831052729946,98.7380857278485,98.74796052390089,100.0,100.0,0.0
98.74796052390089,98.75783531995327,98.46087856289408,98.47072563545763,100.0,100.0,0.0
98.47072563545763,98.76939615327218,98.46087856289408,98.75952020125206,100.0,100.0,0.0
98.75952020125206,99.05623234364334,98.74964424923193,99.04632771087226,100.0,100.0,0.0
99.04632771087226,99.37050026054125,99.03642307810118,99.36056420412083,100.0,100.0,0.0
99.36056420412083,99.64791736571944,99.35062814770042,99.6379535703624,100.0,100.0,0.0
99.6379535703624,99.94521886051112,99.62798977500536,99.93522533797733,100.0,100.0,0.0
99.93522533797733,100.2393069369652,99.92523181544354,100.22928400856435,100.0,100.0,0.0
100.22928400856435,100.55465839393705,100.21926108016349,100.5446039335437,100.0,100.0,0.0
100.5446039335437,100.8581909433958,100.53454947315035,100.84810613278252,100.0,100.0,0.0
100.84810613278252,101.16668153103515,100.83802132216924,101.15656587444771,100.0,100.0,0.0
101.15656587444771,101.47248040167476,101.14645021786026,101.46233416825794,100.0,100.0,0.0
101.46233416825794,101.77476480761156,101.45218793484112,101.76458834877668,100.0,100.0,0.0
101.76458834877668,102.08654099268978,101.7544118899418,102.07633335935384,100.0,100.0,0.0
102.07633335935384,102.38366682840352,102.0661257260179,102.37342948545498,100.0,100.0,0.0
102.37342948545498,102.68058774570773,102.36319214250643,102.67032071363636,100.0,100.0,0.0
102.67032071363636,102.98465726778916,102.66005368156499,102.97435983180598,100.0,100.0,0.0
102.97435983180598,103.29207128676966,102.96406239582281,103.28174311245841,100.0,100.0,0.0
103.28174311245841,103.5948614335309,103.27141493814717,103.58450298323257,100.0,100.0,0.0
103.58450298323257,103.90727421023918,103.57414453293424,103.896884521787,100.0,100.0,0.0
103.896884521787,104.24253520843413,103.88649483333482,104.23211199723441,100.0,100.0,0.0
104.23211199723441,104.55291014713607,104.22168878603469,104.54245590154592,100.0,100.0,0.0
104.54245590154592,104.87652538490893,104.53200165595577,104.86603878103082,100.0,100.0,0.0
104.86603878103082,105.1884496633311,104.85555217715272,105.17793187014408,100.0,100.0,0.0
105.17793187014408,105.51684144035433,105.16741407695706,105.5062908112732,100.0,100.0,0.0
105.5062908112732,105.8216953513672,105.49574018219208,105.81111423994321,100.0,100.0,0.0
105.81111423994321,106.14920936719702,105.80053312851922,106.13859550764626,100.0,100.0,0.0
106.13859550764626,106.47191997456991,106.1279816480955,106.4612738471852,100.0,100.0,0.0
106.4612738471852,106.79624779640513,106.45062771980048,106.78556923948118,100.0,100.0,0.0
106.78556923948118,107.10358625345923,106.77489068255723,107.09287696576266,100.0,100.0,0.0
107.09287696576266,107.42039244207429,107.08216767806609,107.4096514769266,100.0,100.0,0.0
107.4096514769266,107.75783852540731,107.39891051177891,107.74706381902541,100.0,100.0,0.0
107.74706381902541,108.06507066365644,107.73628911264352,108.05426523713273,100.0,100.0,0.0
108.05426523713273,108.38533628367773,108.04345981060901,108.37449883379435,100.0,100.0,0.0
108.37449883379435,108.71593606195272,108.36366138391097,108.70506555539718,100.0,100.0,0.0
108.70506555539718,109.06402390331127,108.69419504884165,109.05311859145212,100.0,100.0,0.0
109.05311859145212,109.40493016093968,109.04221327959297,109.3939907618635,100.0,100.0,0.0
109.3939907618635,109.74868861116072,109.38305136278733,109.73771483967676,100.0,100.0,0.0
109.73771483967676,110.07328782076402,109.7267410681928,110.06228159260476,100.0,100.0,0.0
110.06228159260476,110.40611530871176,110.0512753644455,110.39507580113165,100.0,100.0,0.0
110.39507580113165,110.72958177445975,110.38403629355155,110.7185099234674,100.0,100.0,0.0
110.7185099234674,111.05883354585924,110.70743807247504,111.04772877298194,100.0,100.0,0.0
111.04772877298194,111.39373323137238,111.03662400010464,111.38259497187519,100.0,100.0,0.0
111.38259497187519,111.71992543780479,111.371456712378,111.70875456234856,100.0,100.0,0.0
111.70875456234856,112.0703337539766,111.69758368689233,112.05912784119248,100.0,100.0,0.0
112.05912784119248,112.40751574114914,112.04792192840836,112.3962761135378,100.0,100.0,0.0
112.3962761135378,112.74108315324686,112.38503648592645,112.72981017222963,100.0,100.0,0.0
112.72981017222963,113.06979914518286,112.7185371912124,113.05849329585327,100.0,100.0,0.0
113.05849329585327,113.42372737531349,113.04718744652368,113.41238613669982,100.0,100.0,0.0
113.41238613669982,113.77189052530643,113.40104489808616,113.76051447385905,100.0,100.0,0.0
113.76051447385905,114.11030067394725,113.74913842241166,114.09889078486877,100.0,100.0,0.0
114.09889078486877,114.43924088527588,114.08748089579029,114.42779810546533,100.0,100.0,0.0
114.42779810546533,114.79208609222164,114.41635532565478,114.7806080314185,100.0,100.0,0.0
114.7806080314185,115.13500437043345,114.76912997061535,115.12349202123133,100.0,100.0,0.0
115.12349202123133,115.49179149142772,115.11197967202921,115.48024346708101,100.0,100.0,0.0
115.48024346708101,115.8388348100737,115.4686954427343,115.82725208486522,100.0,100.0,0.0
115.82725208486522,116.20320140353068,115.81566935965674,116.19158224530615,100.0,100.0,0.0
116.19158224530615,116.55157139449399,116.17996308708162,116.53991740275372,100.0,100.0,0.0
116.53991740275372,116.92015284935978,116.52826341101344,116.90846200315947,100.0,100.0,0.0
116.90846200315947,117.28070069194344,116.89677115695916,117.26897379456398,100.0,100.0,0.0
117.26897379456398,117.61712532081431,117.25724689718452,117.60536478433588,100.0,100.0,0.0
117.60536478433588,117.96690150642,117.59360424785744,117.95510599582042,100.0,100.0,0.0
117.95510599582042,118.33963020850197,117.94331048522083,118.3277974287591,100.0,100.0,0.0
118.3277974287591,118.69837187656799,118.31596464901622,118.68650322624536,100.0,100.0,0.0
118.68650322624536,119.04864847615127,118.67463457592274,119.0367448016711,100.0,100.0,0.0
119.0367448016711,119.40732884792709,119.02484112719094,119.39538930899619,100.0,100.0,0.0
119.39538930899619,119.77980006605857,119.38344977006528,119.7678232837302,100.0,100.0,0.0
119.7678232837302,120.14415024098436,119.75584650140182,120.13213702728163,100.0,100.0,0.0
120.13213702728163,120.50277762887957,120.1201238135789,120.49072855602397,100.0,100.0,0.0
120.49072855602397,120.8443411718235,120.47867948316836,120.8322579460289,100.0,100.0,0.0
120.8322579460289,121.22773089052978,120.8201747202343,121.21560932959683,100.0,100.0,0.0
121.21560932959683,121.5806538526552,121.20348776866388,121.56849700295491,100.0,100.0,0.0
121.56849700295491,121.5806538526552,121.2050233258383,121.21714504034233,100.0,100.0,0.0
121.21714504034233,121.22926675484636,120.8232017214215,120.8352852499465,100.0,100.0,0.0
120.8352852499465,120.84736877847149,120.45457932500435,120.46662598760311,100.0,100.0,0.0
120.46662598760311,120.47867265020187,120.08331838259012,120.09532791538166,100.0,100.0,0.0
120.09532791538166,120.1073374481732,119.73382288764222,119.74579746738895,100.0,100.0,0.0
119.74579746738895,119.75777204713569,119.3682263311582,119.38016434759295,100.0,100.0,0.0
119.38016434759295,119.3921023640277,119.01738693401056,119.02928986299686,100.0,100.0,0.0
119.02928986299686,119.04119279198316,118.68153230631493,118.69340164647959,100.0,100.0,0.0
118.69340164647959,118.70527098664424,118.3274767074962,118.33931063856006,100.0,100.0,0.0
118.33931063856006,118.35114456962393,117.96252216887284,117.97431960083291,100.0,100.0,0.0
117.97431960083291,117.98611703279299,117.60544231854081,117.6172040389447,100.0,100.0,0.0
117.6172040389447,117.6289657593486,117.24133325252856,117.2530585583844,100.0,100.0,0.0
117.2530585583844,117.26478386424023,116.89993243018257,116.91162359254183,100.0,100.0,0.0
116.91162359254183,116.92331475490109,116.55787403800224,116.56953099110135,100.0,100.0,0.0
116.56953099110135,116.58118794420045,116.21224416896804,116.2238665556236,100.0,100.0,0.0
116.2238665556236,116.23548894227916,115.85183983018915,115.86342617280643,100.0,100.0,0.0
115.86342617280643,115.8750125154237,115.47941602274408,115.490965119256,100.0,100.0,0.0
115.490965119256,115.50251421576793,115.12938154293403,115.14089563249728,100.0,100.0,0.0
115.14089563249728,115.15240972206053,114.78073095421233,114.79221017522985,100.0,100.0,0.0
114.79221017522985,114.80368939624738,114.42569570209143,114.43713941603303,100.0,100.0,0.0
114.43713941603303,114.44858312997464,114.07268634907004,114.08409475854589,100.0,100.0,0.0
114.08409475854589,114.09550316802174,113.72666808098725,113.73804188517578,100.0,100.0,0.0
113.73804188517578,113.7494156893643,113.39489194544224,113.40623256869911,100.0,100.0,0.0
113.40623256869911,113.41757319195598,113.03156582762159,113.04287011463305,100.0,100.0,0.0
113.04287011463305,113.0541744016445,112.68735476716931,112.69862462963228,100.0,100.0,0.0
112.69862462963228,112.70989449209524,112.35988901542545,112.37112612803826,100.0,100.0,0.0
112.37112612803826,112.38236324065106,111.99889148992406,112.01009249917398,100.0,100.0,0.0
112.01009249917398,112.0212935084239,111.661596050095,111.67276332642764,100.0,100.0,0.0
111.67276332642764,111.68393060276028,111.32746146283273,111.33859532236497,100.0,100.0,0.0
111.33859532236497,111.3497291818972,110.99512522249005,111.00622584507455,100.0,100.0,0.0
111.00622584507455,111.01732646765906,110.68274935533466,110.69381873720839,100.0,100.0,0.0
110.69381873720839,110.70488811908211,110.35088960632682,110.36192579890671,100.0,100.0,0.0
110.36192579890671,110.3729619914866,110.0127376231345,110.02373999713421,100.0,100.0,0.0
110.02373999713421,110.03474237113393,109.67825812342481,109.68922704612942,100.0,100.0,0.0
109.68922704612942,109.70019596883402,109.35015408527605,109.36109019429547,100.0,100.0,0.0
109.36109019429547,109.3720263033149,109.01258284192323,109.02348519044227,100.0,100.0,0.0
109.02348519044227,109.03438753896131,108.66924339700778,108.68011140814859,100.0,100.0,0.0
108.68011140814859,108.6909794192894,108.33497118307169,108.34580576364804,100.0,100.0,0.0
108.34580576364804,108.3566403442244,108.00736302270424,108.01816483918816,100.0,100.0,0.0
108.01816483918816,108.02896665567208,107.70163187759377,107.71240311790555,100.0,100.0,0.0
107.71240311790555,107.72317435821734,107.37214881823401,107.38288710694471,100.0,100.0,0.0
107.38288710694471,107.3936253956554,107.04402832695341,107.05473380033344,100.0,100.0,0.0
107.05473380033344,107.06543927371347,106.70863593184727,106.71930786263353,100.0,100.0,0.0
106.71930786263353,106.72997979341979,106.40324754564307,106.41388893453652,100.0,100.0,0.0
106.41388893453652,106.42453032342996,106.08842009575557,106.09902999875544,100.0,100.0,0.0
106.09902999875544,106.10963990175532,105.77915196153833,105.78973093463179,100.0,100.0,0.0
105.78973093463179,105.80030990772525,105.46724599135796,105.47779377073503,100.0,100.0,0.0
105.47779377073503,105.48834155011211,105.14383014465751,105.15434557921543,100.0,100.0,0.0
105.15434557921543,105.16486101377335,104.83104856721819,104.84153272049024,100.0,100.0,0.0
104.84153272049024,104.85201687376228,104.5066965082735,104.51714822309582,100.0,100.0,0.0
104.51714822309582,104.52759993791813,104.1985800907828,104.20900099088189,100.0,100.0,0.0
104.20900099088189,104.21942189098098,103.89889925792592,103.90929018694462,100.0,100.0,0.0
103.90929018694462,103.91968111596331,103.61444257169597,103.6248050522012,100.0,100.0,0.0
103.6248050522012,103.63516753270642,103.29491877215811,103.30524929708783,100.0,100.0,0.0
103.30524929708783,103.31557982201754,102.99821644705187,103.00851729878175,100.0,100.0,0.0
103.00851729878175,103.01881815051163,102.69870754634852,102.70897844419294,100.0,100.0,0.0
102.70897844419294,102.71924934203736,102.37915915675231,102.38939809656196,100.0,100.0,0.0
102.38939809656196,102.39963703637162,102.07497630468471,102.08518482316703,100.0,100.0,0.0
102.08518482316703,102.09539334164934,101.78308278622008,101.79326211243132,100.0,100.0,0.0
101.79326211243132,101.80344143864257,101.4718146877778,101.4819628840662,100.0,100.0,0.0
101.4819628840662,101.49211108035462,101.17232250341651,101.18244074749126,100.0,100.0,0.0
101.18244074749126,101.4949853465478,101.17232250341651,101.48483686286151,100.0,100.0,0.0
101.48483686286151,101.8035232325406,101.47468837917523,101.79334389815078,100.0,100.0,0.0
101.79334389815078,102.10195877316464,101.78316456376096,102.09174959820481,100.0,100.0,0.0
102.09174959820481,102.4096651222783,102.08154042324499,102.39942517976033,100.0,100.0,0.0
102.39942517976033,102.72229667604859,102.38918523724236,102.71202547350124,100.0,100.0,0.0
102.71202547350124,103.02536974048279,102.7017542709539,103.01506823365942,100.0,100.0,0.0
103.01506823365942,103.32638237491251,103.00476672683605,103.31605076983553,100.0,100.0,0.0
103.31605076983553,103.63615615325166,103.30571916475854,103.62579357389427,100.0,100.0,0.0
103.62579357389427,103.94232270643752,103.61543099453688,103.93192951348618,100.0,100.0,0.0
103.93192951348618,104.25499821956139,103.92153632053484,104.24457376218517,100.0,100.0,0.0
104.24457376218517,104.56033115057042,104.23414930480895,104.54987616295412,100.0,100.0,0.0
104.54987616295412,104.88388467295464,104.53942117533782,104.87339733322132,100.0,100.0,0.0
104.87339733322132,105.20186323784817,104.862909993488,105.19134410343783,100.0,100.0,0.0
105.19134410343783,105.50307203845385,105.18082496902748,105.49252278617523,100.0,100.0,0.0
105.49252278617523,105.83547067651679,105.4819735338966,105.82488818769802,100.0,100.0,0.0
105.82488818769802,106.14461974453015,105.81430569887925,106.13400634389576,100.0,100.0,0.0
106.13400634389576,106.45993404988663,106.12339294326138,106.44928912097453,100.0,100.0,0.0
106.44928912097453,106.79208195141115,106.43864419206243,106.78140381103005,100.0,100.0,0.0
106.78140381103005,107.10443691180988,106.77072567064894,107.09372753905598,100.0,100.0,0.0
107.09372753905598,107.44838248387072,107.08301816630207,107.43763871999872,100.0,100.0,0.0
107.43763871999872,107.74614207628963,107.42689495612672,107.73536853943568,100.0,100.0,0.0
107.73536853943568,108.03865270747008,107.72459500258174,108.02784992247783,100.0,100.0,0.0
108.02784992247783,108.36567915902872,108.01704713748558,108.35484367466125,100.0,100.0,0.0
108.35484367466125,108.67566215448915,108.34400819029379,108.66479567492165,100.0,100.0,0.0
108.66479567492165,109.00306300632033,108.65392919535415,108.99216378994134,100.0,100.0,0.0
108.99216378994134,109.32135117842564,108.98126457356236,109.310420136412,100.0,100.0,0.0
109.310420136412,109.64650845133562,109.29948909439837,109.63554489684594,100.0,100.0,0.0
109.63554489684594,109.979123079972,109.62458134235627,109.96812626734527,100.0,100.0,0.0
109.96812626734527,110.31065590683237,109.95712945471854,110.29962594423795,100.0,100.0,0.0
110.29962594423795,110.63927893349444,110.28859598164352,110.62821611188325,100.0,100.0,0.0
110.62821611188325,110.96642580082515,110.61715329027206,110.95533026779837,100.0,100.0,0.0
110.95533026779837,111.29745500790212,110.9442347347716,111.2863263752646,100.0,100.0,0.0
111.2863263752646,111.62420502950363,111.27519774262707,111.61304372513112,100.0,100.0,0.0
111.61304372513112,111.97278601353463,111.60188242075861,111.96158985454917,100.0,100.0,0.0
111.96158985454917,112.29725786634735,111.95039369556372,112.28602926342101,100.0,100.0,0.0
112.28602926342101,112.63775328375024,112.27480066049468,112.62649063468677,100.0,100.0,0.0
112.62649063468677,112.97992522550865,112.6152279856233,112.96862836267239,100.0,100.0,0.0
112.96862836267239,113.29924254046762,112.95733149983613,113.28791374909271,100.0,100.0,0.0
113.28791374909271,113.64327569308043,113.2765849577178,113.63191250183024,100.0,100.0,0.0
113.63191250183024,113.99764410430463,113.62054931058006,113.98624547975665,100.0,100.0,0.0
113.98624547975665,114.33763807159579,113.97484685520867,114.32620545105068,100.0,100.0,0.0
114.32620545105068,114.68890103660459,114.31477283050558,114.67743329327527,100.0,100.0,0.0
114.67743329327527,115.03271964605118,114.66596554994595,115.02121752429875,100.0,100.0,0.0
115.02121752429875,115.38019693164082,115.00971540254632,115.36866006563426,100.0,100.0,0.0
115.36866006563426,115.73674977707282,115.3571231996277,115.72517725934688,100.0,100.0,0.0
115.72517725934688,116.08254760511667,115.71360474162094,116.07094051106557,100.0,100.0,0.0
116.07094051106557,116.43790371865559,116.05933341701447,116.42626109254634,100.0,100.0,0.0
116.42626109254634,116.76961747032684,116.41461846643709,116.75794167615922,100.0,100.0,0.0
116.75794167615922,117.12162748644006,116.7462658819916,117.10991649479058,100.0,100.0,0.0
117.10991649479058,117.45270004539759,117.0982055031411,117.44095594980261,100.0,100.0,0.0
117.44095594980261,117.80068834002918,117.42921185420764,117.78890944908427,100.0,100.0,0.0
117.78890944908427,118.14654745979541,117.77713055813936,118.13473398639678,100.0,100.0,0.0
118.13473398639678,118.5064267167492,118.12292051299815,118.4945772590233,100.0,100.0,0.0
118.4945772590233,118.85745610380238,118.4827278012974,118.84557154664772,100.0,100.0,0.0
118.84557154664772,119.23673453038461,118.83368698949306,119.22481204917969,100.0,100.0,0.0
119.22481204917969,119.59027940235859,119.21288956797477,119.57832157020157,100.0,100.0,0.0
119.57832157020157,119.93686745900321,119.56636373804454,119.92487497150606,100.0,100.0,0.0
119.92487497150606,120.27213562909968,119.9128824840089,120.26010961813786,100.0,100.0,0.0
120.26010961813786,120.63318910678224,120.24808360717604,120.62112699408283,100.0,100.0,0.0
120.62112699408283,120.99157674661296,120.60906488138342,120.9794787987331,100.0,100.0,0.0
120.9794787987331,121.3644382051982,120.96738085085323,121.35230297490071,100.0,100.0,0.0
121.35230297490071,121.73971181202018,121.34016774460322,121.72753905811436,100.0,100.0,0.0
121.72753905811436,122.11487316380041,121.71536630420854,122.10266289751065,100.0,100.0,0.0
122.10266289751065,122.47048516883295,122.0904526312209,122.45823934489846,100.0,100.0,0.0
122.45823934489846,122.8231784931011,122.44599352096397,122.81089740336076,100.0,100.0,0.0
122.81089740336076,123.18698426810344,122.79861631362041,123.1746668014233,100.0,100.0,0.0
123.1746668014233,123.5458587426657,123.16234933474315,123.53350539212649,100.0,100.0,0.0
123.53350539212649,123.91871339438796,123.52115204158727,123.90632276211176,100.0,100.0,0.0
123.90632276211176,124.28729965628312,123.89393212983555,124.27487216906621,100.0,100.0,0.0
124.27487216906621,124.66962089311433,124.2624446818493,124.65715517759656,100.0,100.0,0.0
124.65715517759656,125.03761185382143,124.6446894620788,125.02510934288715,100.0,100.0,0.0
125.02510934288715,125.39005208203145,125.01260683195287,125.37751433059839,100.0,100.0,0.0
125.37751433059839,125.77540310055238,125.36497657916533,125.76282681787059,100.0,100.0,0.0
125.76282681787059,126.18575684238428,125.7502505351888,126.17313952843143,100.0,100.0,0.0
126.17313952843143,126.57296169031365,126.16052221447859,126.56030565974767,100.0,100.0,0.0
126.56030565974767,126.9334703850304,126.54764962918169,126.92077830719968,100.0,100.0,0.0
126.92077830719968,127.29590005764827,126.90808622936896,127.28317174047422,100.0,100.0,0.0
127.28317174047422,127.6988200910226,127.27044342330016,127.68605148587402,100.0,100.0,0.0
127.68605148587402,128.08073392237395,127.67328288072544,128.067927129661,100.0,100.0,0.0
128.067927129661,128.46540965910185,128.05512033694805,128.45256440266158,100.0,100.0,0.0
128.45256440266158,128.84397679548073,128.4397191462213,128.83109368611213,100.0,100.0,0.0
128.83109368611213,129.24391255904325,128.81821057674352,129.23098946009725,100.0,100.0,0.0
129.23098946009725,129.63495201093994,129.21806636115124,129.62198981195874,100.0,100.0,0.0
129.62198981195874,130.00877062658944,129.60902761297754,129.9957710494845,100.0,100.0,0.0
129.9957710494845,130.3928255599266,129.98277147237954,130.37978758116847,100.0,100.0,0.0
130.37978758116847,130.78079787344373,130.36674960241035,130.7677211013336,100.0,100.0,0.0
130.7677211013336,130.78079787344373,130.35677128975078,130.36980827057783,100.0,100.0,0.0
130.36980827057783,130.3828452514049,129.97593626763998,129.9889351611561,100.0,100.0,0.0
129.9889351611561,130.0019340546722,129.57528384435096,129.58824266861782,100.0,100.0,0.0
129.58824266861782,129.60120149288468,129.18158572184944,129.1945051723667,100.0,100.0,0.0
129.1945051723667,129.20742462288393,128.81577856724743,128.82866143339078,100.0,100.0,0.0
128.82866143339078,128.84154429953412,128.45225179960337,128.46509830943432,100.0,100.0,0.0
128.46509830943432,128.47794481926528,128.09182292051494,128.10463338385333,100.0,100.0,0.0
128.10463338385333,128.1174438471917,127.71346657719543,127.72623920111555,100.0,100.0,0.0
127.72623920111555,127.73901182503566,127.34159036781034,127.35432580039038,100.0,100.0,0.0
127.35432580039038,127.36706123297043,126.95000974745653,126.96270601805834,100.0,100.0,0.0
126.96270601805834,126.97540228866015,126.56086853518926,126.57352588777803,100.0,100.0,0.0
126.57352588777803,126.58618324036681,126.16297198441731,126.17558954337164,100.0,100.0,0.0
126.17558954337164,126.18820710232598,125.79131048548479,125.80389087457225,100.0,100.0,0.0
125.80389087457225,125.81647126365971,125.42350978252526,125.43605338786405,100.0,100.0,0.0
125.43605338786405,125.44859699320284,125.05527331348162,125.06778009149077,100.0,100.0,0.0
125.06778009149077,125.08028686949993,124.67659831589941,124.68906722262167,100.0,100.0,0.0
124.68906722262167,124.70153612934394,124.29842984963611,124.31086093572968,100.0,100.0,0.0
124.31086093572968,124.32329202182325,123.93791681024794,123.95031184143208,100.0,100.0,0.0
123.95031184143208,123.96270687261622,123.55422191458179,123.56657857243903,100.0,100.0,0.0
123.56657857243903,123.57893523029627,123.18667722299259,123.19899712270485,100.0,100.0,0.0
123.19899712270485,123.21131702241712,122.83281486820988,122.8450993781477,100.0,100.0,0.0
122.8450993781477,122.85738388808551,122.47144530629772,122.4836936756653,100.0,100.0,0.0
122.4836936756653,122.49594204503286,122.10961394608024,122.12182612869312,100.0,100.0,0.0
122.12182612869312,122.13403831130599,121.75013824583178,121.7623144772795,100.0,100.0,0.0
121.7623144772795,121.77449070872723,121.39125253817488,121.40339287746262,100.0,100.0,0.0
121.40339287746262,121.41553321675036,121.026049412366,121.03815322768878,100.0,100.0,0.0
121.03815322768878,121.05025704301156,120.64330991782211,120.65537545536765,100.0,100.0,0.0
120.65537545536765,120.66744099291319,120.2595162453508,120.27154339969076,100.0,100.0,0.0
120.27154339969076,120.28357055403072,119.90257403000204,119.9145654865507,100.0,100.0,0.0
119.9145654865507,119.92655694309936,119.54063456402237,119.55258982300467,100.0,100.0,0.0
119.55258982300467,119.56454508198696,119.20424169352154,119.21616330985252,100.0,100.0,0.0
119.21616330985252,119.2280849261835,118.84892729315894,118.86081337449639,100.0,100.0,0.0
118.86081337449639,118.87269945583384,118.51859082158003,118.53044386596663,100.0,100.0,0.0
118.53044386596663,118.54229691035323,118.153810278596,118.16562684128013,100.0,100.0,0.0
118.16562684128013,118.17744340396426,117.81701315851983,117.82879603812364,100.0,100.0,0.0
117.82879603812364,117.84057891772746,117.47015300512035,117.48190119523987,100.0,100.0,0.0
117.48190119523987,117.49364938535939,117.13438354952335,117.14609815933929,100.0,100.0,0.0
117.14609815933929,117.15781276915523,116.7738687453222,116.7855473000522,100.0,100.0,0.0
116.7855473000522,116.7972258547822,116.41521043021191,116.42685311552347,100.0,100.0,0.0
116.42685311552347,116.43849580083503,116.060556644081,116.07216386046704,100.0,100.0,0.0
116.07216386046704,116.08377107685308,115.73065313997833,115.7422273627146,100.0,100.0,0.0
115.7422273627146,115.75380158545087,115.39012039807166,115.40166056412806,100.0,100.0,0.0
115.40166056412806,115.41320073018447,115.05928494579813,115.07079202500063,100.0,100.0,0.0
115.07079202500063,115.08229910420313,114.70245646653663,114.71392785932257,100.0,100.0,0.0
114.71392785932257,114.7253992521085,114.37820822306493,114.38964718778371,100.0,100.0,0.0
114.38964718778371,114.40108615250249,114.05023766132217,114.06164382570473,100.0,100.0,0.0
114.06164382570473,114.0730499900873,113.70187585240971,113.71324717712743,100.0,100.0,0.0
113.71324717712743,113.72461850184514,113.35318806485085,113.36452451730258,100.0,100.0,0.0
113.36452451730258,113.37586096975431,113.01323343192485,113.0245358855134,100.0,100.0,0.0
113.0245358855134,113.03583833910196,112.68119331767485,112.69246256393124,100.0,100.0,0.0
112.69246256393124,112.70373181018763,112.34182275421246,112.35305806001845,100.0,100.0,0.0
112.35305806001845,112.36429336582445,112.0125574823926,112.02375985837843,100.0,100.0,0.0
112.02375985837843,112.03496223436426,111.6640939784748,111.67526150462525,100.0,100.0,0.0
111.67526150462525,111.68642903077571,111.34456576760473,111.35570133773851,100.0,100.0,0.0
111.35570133773851,111.36683690787228,111.02438489626961,111.03548844511413,100.0,100.0,0.0
111.03548844511413,111.04659199395864,110.7018015091768,110.71287279645645,100.0,100.0,0.0
110.71287279645645,110.7239440837361,110.35891840207955,110.36995539761931,100.0,100.0,0.0
110.36995539761931,110.38099239315906,110.03914999313594,110.05015500863679,100.0,100.0,0.0
110.05015500863679,110.06116002413765,109.6974616230375,109.70843246628412,100.0,100.0,0.0
109.70843246628412,109.71940330953075,109.384163339871,109.39510285015601,100.0,100.0,0.0
109.39510285015601,109.40604236044102,109.04288752287573,109.05379290216595,100.0,100.0,0.0
109.05379290216595,109.06469828145617,108.71412833447047,108.72500083455392,100.0,100.0,0.0
108.72500083455392,108.73587333463738,108.39764139360227,108.40848224182645,100.0,100.0,0.0
108.40848224182645,108.41932309005063,108.06171450174779,108.07252175392318,100.0,100.0,0.0
108.07252175392318,108.08332900609858,107.71748162699932,107.72825445244456,100.0,100.0,0.0
107.72825445244456,107.7390272778898,107.38923297514249,107.39997297243973,100.0,100.0,0.0
107.39997297243973,107.41071296973696,107.06243456061699,107.07314187480448,100.0,100.0,0.0
107.07314187480448,107.08384918899196,106.73680840054756,106.74748314886244,100.0,100.0,0.0
106.74748314886244,106.75815789717733,106.41838662157076,106.42902952452322,100.0,100.0,0.0
106.42902952452322,106.43967242747567,106.09877278770449,106.1093837260771,100.0,100.0,0.0
106.1093837260771,106.1199946644497,105.7814761681441,105.79205537368146,100.0,100.0,0.0
105.79205537368146,105.80263457921883,105.45530555394213,105.46585213915604,100.0,100.0,0.0
105.46585213915604,105.47639872436996,105.13454525893428,105.14505976491077,100.0,100.0,0.0
105.14505976491077,105.15557427088726,104.82391012878269,104.8343935681395,100.0,100.0,0.0
104.8343935681395,104.84487700749632,104.49988042145452,104.51033145459998,100.0,100.0,0.0
104.51033145459998,104.52078248774544,104.1746856236849,104.1851041340983,100.0,100.0,0.0
104.1851041340983,104.1955226445117,103.86189179281722,103.87227902071929,100.0,100.0,0.0
103.87227902071929,103.88266624862136,103.573776276259,103.58413468972797,100.0,100.0,0.0
103.58413468972797,103.59449310319695,103.28581550952578,103.29614512403818,100.0,100.0,0.0
103.29614512403818,103.30647473855058,102.95182909589796,102.96212530842881,100.0,100.0,0.0
102.96212530842881,102.97242152095966,102.63853366254543,102.64879854239966,100.0,100.0,0.0
102.64879854239966,102.6590634222539,102.32927294539759,102.3395068960872,100.0,100.0,0.0
102.3395068960872,102.34974084677681,102.0211077597468,102.03131089083588,100.0,100.0,0.0
102.03131089083588,102.04151402192497,101.71463277569978,101.72480525622541,100.0,100.0,0.0
101.72480525622541,101.73497773675103,101.40344019692066,101.41358155507616,100.0,100.0,0.0
101.41358155507616,101.42372291323167,101.09730213567524,101.10741287696293,100.0,100.0,0.0
101.10741287696293,101.11752361825062,100.78238739598852,100.79246664265278,100.0,100.0,0.0
100.79246664265278,100.80254588931705,100.46390937980402,100.47395677548157,100.0,100.0,0.0
100.47395677548157,100.7743243355105,100.46390937980402,100.76424791071943,100.0,100.0,0.0
100.76424791071943,101.076690867288,100.75417148592837,101.06658420886711,100.0,100.0,0.0
101.06658420886711,101.38655923953182,101.05647755044623,101.37642159737209,100.0,100.0,0.0
101.37642159737209,101.71483506313294,101.36628395521235,101.70466459667327,100.0,100.0,0.0
101.70466459667327,102.01326417562375,101.6944941302136,102.00306386923683,100.0,100.0,0.0
102.00306386923683,102.32951891855869,101.9928635628499,102.3192869898597,100.0,100.0,0.0
102.3192869898597,102.6361027397855,102.30905506116072,102.62584015576992,100.0,100.0,0.0
102.62584015576992,102.94038771665812,102.61557757175434,102.93009470718741,100.0,100.0,0.0
102.93009470718741,103.25647858875244,102.9198016977167,103.2461539733551,100.0,100.0,0.0
103.2461539733551,103.56501271809833,103.23582935795777,103.55465725237309,100.0,100.0,0.0
103.55465725237309,103.86797888803731,103.54430178664785,103.85759312872445,100.0,100.0,0.0
103.85759312872445,104.17225650354425,103.84720736941158,104.1618403195123,100.0,100.0,0.0
104.1618403195123,104.47483462286056,104.15142413548034,104.46438818404215,100.0,100.0,0.0
104.46438818404215,104.77722503864094,104.45394174522374,104.76674836380455,100.0,100.0,0.0
104.76674836380455,105.09658492801847,104.75627168896817,105.08607632038644,100.0,100.0,0.0
105.08607632038644,105.41431634857881,105.0755677127544,105.40377597098171,100.0,100.0,0.0
105.40377597098171,105.71904718710242,105.39323559338462,105.70847633946848,100.0,100.0,0.0
105.70847633946848,106.02066878255746,105.69790549183453,106.01006777577989,100.0,100.0,0.0
106.01006777577989,106.349112738316,105.99946676900231,106.33847889042696,100.0,100.0,0.0
106.33847889042696,106.666367359976,106.32784504253792,106.65570178979702,100.0,100.0,0.0
106.65570178979702,106.98517968191423,106.64503621961805,106.97448223369086,100.0,100.0,0.0
106.97448223369086,107.30460241107582,106.9637847854675,107.29387302377344,100.0,100.0,0.0
107.29387302377344,107.62533783726207,107.28314363647107,107.61457637962411,100.0,100.0,0.0
107.61457637962411,107.93863019610701,107.60381492198616,107.92783741236578,100.0,100.0,0.0
107.92783741236578,108.27521357246624,107.91704462862454,108.26438713375286,100.0,100.0,0.0
108.26438713375286,108.61198503047046,108.25356069503948,108.60112491797867,100.0,100.0,0.0
108.60112491797867,108.93963461215172,108.59026480548687,108.92874173797793,100.0,100.0,0.0
108.92874173797793,109.23838014243648,108.91784886380414,109.22745739669682,100.0,100.0,0.0
109.22745739669682,109.5668383090728,109.21653465095716,109.55588272080072,100.0,100.0,0.0
109.55588272080072,109.89630927874192,109.54492713252864,109.88532074666726,100.0,100.0,0.0
109.88532074666726,110.23317110544265,109.8743322145926,110.2221488905536,100.0,100.0,0.0
110.2221488905536,110.56958129568297,110.21112667566454,110.55852544313865,100.0,100.0,0.0
110.55852544313865,110.91512026696415,110.54746959059433,110.90402986397775,100.0,100.0,0.0
110.90402986397775,111.24597405359651,110.89293946099136,111.23485056853966,100.0,100.0,0.0
111.23485056853966,111.5537768852477,111.2237270834828,111.5426226229854,100.0,100.0,0.0
111.5426226229854,111.90910513137322,111.53146836072311,111.89791533983924,100.0,100.0,0.0
111.89791533983924,112.26721232249255,111.88672554830526,112.25598672382017,100.0,100.0,0.0
112.25598672382017,112.61090733901874,112.24476112514779,112.5996473742813,100.0,100.0,0.0
112.5996473742813,112.93113895988701,112.58838740954387,112.91984697518949,100.0,100.0,0.0
112.91984697518949,113.27993374645014,112.90855499049196,113.26860688576157,100.0,100.0,0.0
113.26860688576157,113.61969205443468,113.257280025073,113.60833122131255,100.0,100.0,0.0
113.60833122131255,113.94709590629557,113.59697038819043,113.93570233606196,100.0,100.0,0.0
113.93570233606196,114.29767920307036,113.92430876582836,114.28625057801256,100.0,100.0,0.0
114.28625057801256,114.67136866724368,114.27482195295475,114.65990267697599,100.0,100.0,0.0
114.65990267697599,115.01762911021041,114.6484366867083,115.00612849736068,100.0,100.0,0.0
115.00612849736068,115.36300968208123,114.99462788451095,115.35147453462777,100.0,100.0,0.0
115.35147453462777,115.6970322538337,115.33993938717431,115.68546370746296,100.0,100.0,0.0
115.68546370746296,116.03983256600667,115.67389516109222,116.02822974303237,100.0,100.0,0.0
116.02822974303237,116.41021103794188,116.01662692005807,116.3985711808238,100.0,100.0,0.0
116.3985711808238,116.75660953033236,116.38693132370571,116.74493503682868,100.0,100.0,0.0
116.74493503682868,117.10101417541603,116.733260543325,117.08930524489153,100.0,100.0,0.0
117.08930524489153,117.44680241762376,117.07759631436704,117.43505891173258,100.0,100.0,0.0
117.43505891173258,117.80354432680292,117.42331540584141,117.79176515028789,100.0,100.0,0.0
117.79176515028789,118.14459223590924,117.77998597377285,118.13277895801345,100.0,100.0,0.0
118.13277895801345,118.50512993419818,118.12096568011765,118.49328060613757,100.0,100.0,0.0
118.49328060613757,118.85155103281416,118.48143127807697,118.83966706610755,100.0,100.0,0.0
118.83966706610755,119.21647530294861,118.82778309940095,119.20455484746387,100.0,100.0,0.0
119.20455484746387,119.59522046838272,119.19263439197913,119.58326214216851,100.0,100.0,0.0
119.58326214216851,119.94831460857522,119.5713038159543,119.93632097647757,100.0,100.0,0.0
119.93632097647757,120.31281994929503,119.92432734437993,120.30078987030801,100.0,100.0,0.0
120.30078987030801,120.68477850221679,120.28875979132098,120.67271123109367,100.0,100.0,0.0
120.67271123109367,121.05579285508945,120.66064395997056,121.04368848624082,100.0,100.0,0.0
121.04368848624082,121.42600415198737,121.0315841173922,121.4138627657108,100.0,100.0,0.0
121.4138627657108,121.8068504531325,121.40172137943424,121.79467098603389,100.0,100.0,0.0
121.79467098603389,122.14309897655963,121.78249151893529,122.13088588797083,100.0,100.0,0.0
122.13088588797083,122.50829449447316,122.11867279938204,122.49604488998416,100.0,100.0,0.0
122.49604488998416,122.864822574132,122.48379528549516,122.85253732039996,100.0,100.0,0.0
122.85253732039996,123.23899609074986,122.84025206666792,123.22667342340752,100.0,100.0,0.0
123.22667342340752,123.62631222671494,123.21435075606517,123.61395083163178,100.0,100.0,0.0
123.61395083163178,124.00111899332256,123.60158943654862,123.98872012131044,100.0,100.0,0.0
123.98872012131044,124.36694828022269,123.97632124929831,124.35451282893979,100.0,100.0,0.0
124.35451282893979,124.74840609612339,124.34207737765689,124.7359325028731,100.0,100.0,0.0
124.7359325028731,125.15312190747181,124.7234589096228,125.14060784668715,100.0,100.0,0.0
125.14060784668715,125.52660674580724,125.12809378590248,125.51405534027322,100.0,100.0,0.0
125.51405534027322,125.90199753008402,125.50150393473919,125.8894085892251,100.0,100.0,0.0
125.8894085892251,126.28633230294332,125.87681964836618,126.27370493245007,100.0,100.0,0.0
126.27370493245007,126.6646019364009,126.26107756195682,126.65193674272663,100.0,100.0,0.0
126.65193674272663,127.05777991726707,126.63927154905237,127.0450754097261,100.0,100.0,0.0
127.0450754097261,127.42498345820789,127.03237090218512,127.4122422339845,100.0,100.0,0.0
127.4122422339845,127.80105128825144,127.39950100976111,127.78827246100535,100.0,100.0,0.0
127.78827246100535,128.1543396229747,127.77549363375925,128.14152547042767,100.0,100.0,0.0
128.14152547042767,128.54061822588503,128.12871131788063,128.52776544934008,100.0,100.0,0.0
128.52776544934008,128.92996442290587,128.51491267279513,128.9170727156343,100.0,100.0,0.0
128.9170727156343,129.30806462303138,128.90418100836274,129.29513510952043,100.0,100.0,0.0
129.29513510952043,129.68551898231732,129.28220559600948,129.6725517271446,100.0,100.0,0.0
129.6725517271446,130.0788927692619,129.65958447197187,130.06588618064384,100.0,100.0,0.0
130.06588618064384,130.50529943601802,130.0528795920258,130.49225021099693,100.0,100.0,0.0
130.49225021099693,130.88063819979013,130.47920098597584,130.86755144464567,100.0,100.0,0.0
130.86755144464567,131.28009118431933,130.8544646895012,131.26696448787055,100.0,100.0,0.0
131.26696448787055,131.67195094565884,131.25383779142177,131.6587850671521,100.0,100.0,0.0
131.6587850671521,131.67195094565884,131.21818290518803,131.23130603579162,100.0,100.0,0.0
131.23130603579162,131.2444291663952,130.83700138148257,130.8500863901216,100.0,100.0,0.0
130.8500863901216,130.8631713987606,130.44687229850643,130.45991829033548,100.0,100.0,0.0
130.45991829033548,130.47296428216453,130.04656594678832,130.0595719039787,100.0,100.0,0.0
130.0595719039787,130.0725778611691,129.65564866126627,129.66861552281856,100.0,100.0,0.0
129.66861552281856,129.68158238437084,129.25925121192842,129.2721784297714,100.0,100.0,0.0
129.2721784297714,129.2851056476144,128.88986424161163,128.90275451706333,100.0,100.0,0.0
128.90275451706333,128.91564479251502,128.49294282525307,128.50579340459353,100.0,100.0,0.0
128.50579340459353,128.518643983934,128.0871229795871,128.09993297288437,100.0,100.0,0.0
128.09993297288437,128.11274296618166,127.7028145518672,127.71558611047826,100.0,100.0,0.0
127.71558611047826,127.7283576690893,127.311343741504,127.32407614911891,100.0,100.0,0.0
127.32407614911891,127.33680855673381,126.95235208276546,126.96504858762422,100.0,100.0,0.0
126.96504858762422,126.97774509248299,126.56950536039686,126.58216357675454,100.0,100.0,0.0
126.58216357675454,126.59482179311222,126.20714866568285,126.21977064274712,100.0,100.0,0.0
126.21977064274712,126.23239261981139,125.82755085131747,125.84013486480394,100.0,100.0,0.0
125.84013486480394,125.85271887829042,125.4324452351359,125.44498973410931,100.0,100.0,0.0
125.44498973410931,125.45753423308273,125.08620057972321,125.09871045076828,100.0,100.0,0.0
125.09871045076828,125.11122032181335,124.70343619089063,124.71590778166879,100.0,100.0,0.0
124.71590778166879,124.72837937244695,124.32397458439151,124.33640822521403,100.0,100.0,0.0
124.33640822521403,124.34884186603655,123.96778103766499,123.98017905557055,100.0,100.0,0.0
123.98017905557055,123.9925770734761,123.61213530508876,123.62449775486424,100.0,100.0,0.0
123.62449775486424,123.63686020463972,123.24929752016583,123.26162368253408,100.0,100.0,0.0
123.26162368253408,123.27394984490233,122.88657916667152,122.89886905357687,100.0,100.0,0.0
122.89886905357687,122.91115894048222,122.54291464626118,122.55517016327751,100.0,100.0,0.0
122.55517016327751,122.56742568029384,122.19673884292948,122.20895973890336,100.0,100.0,0.0
122.20895973890336,122.22118063487724,121.8427598963634,121.85494539090249,100.0,100.0,0.0
121.85494539090249,121.86713088544157,121.48060779775066,121.49275707345801,100.0,100.0,0.0
121.49275707345801,121.50490634916535,121.0904153525858,121.10252560514631,100.0,100.0,0.0
121.10252560514631,121.11463585770683,120.73274274322264,120.74481722494514,100.0,100.0,0.0
120.74481722494514,120.75689170666763,120.36599247058254,120.3780302736099,100.0,100.0,0.0
120.3780302736099,120.39006807663725,120.0279102196186,120.0399142110397,100.0,100.0,0.0
120.0399142110397,120.0519182024608,119.667391344307,119.67935928023503,100.0,100.0,0.0
119.67935928023503,119.69132721616306,119.30681680792655,119.31874868279483,100.0,100.0,0.0
119.31874868279483,119.33068055766311,118.94641901514503,118.95831484662969,100.0,100.0,0.0
118.95831484662969,118.97021067811436,118.59788132849829,118.60974230272856,100.0,100.0,0.0
118.60974230272856,118.62160327695884,118.23940902985342,118.25123415326874,100.0,100.0,0.0
118.25123415326874,118.26305927668406,117.8939615126112,117.90575208781998,100.0,100.0,0.0
117.90575208781998,117.91754266302875,117.55798557265055,117.56974254690525,100.0,100.0,0.0
117.56974254690525,117.58149952115994,117.20858830561725,117.22031033665093,100.0,100.0,0.0
117.22031033665093,117.2320323676846,116.867537984148,116.87922590673867,100.0,100.0,0.0
116.87922590673867,116.89091382932934,116.52655932537739,116.53821314669206,100.0,100.0,0.0
116.53821314669206,116.54986696800673,116.18677734639053,116.19839718610913,100.0,100.0,0.0
116.19839718610913,116.21001702582774,115.82202672299243,115.83361008400084,100.0,100.0,0.0
115.83361008400084,115.84519344500924,115.46723757586192,115.47878545440736,100.0,100.0,0.0
115.47878545440736,115.4903333329528,115.126910601782,115.13842444422642,100.0,100.0,0.0
115.13842444422642,115.14993828667083,114.78830644873307,114.7997864273758,100.0,100.0,0.0
114.7997864273758,114.81126640601855,114.44692700016007,114.45837283744382,100.0,100.0,0.0
114.45837283744382,114.46981867472756,114.07703066838388,114.08843951233511,100.0,100.0,0.0
114.08843951233511,114.09984835628634,113.724872171967,113.73624579654664,100.0,100.0,0.0
113.73624579654664,113.74761942112629,113.36232402292956,113.37366138906846,100.0,100.0,0.0
113.37366138906846,113.38499875520736,113.04251134902351,113.05381673069658,100.0,100.0,0.0
113.05381673069658,113.06512211236965,112.68671785805394,112.69798765681962,100.0,100.0,0.0
112.69798765681962,112.7092574555853,112.35102907418067,112.36226530071075,100.0,100.0,0.0
112.36226530071075,112.37350152724082,112.02413266845804,112.03533620207824,100.0,100.0,0.0
112.03533620207824,112.04653973569845,111.67899151175574,111.69016052780852,100.0,100.0,0.0
111.69016052780852,111.70132954386129,111.33043771061013,111.3415718677969,100.0,100.0,0.0
111.3415718677969,111.35270602498368,110.99552337220338,111.00662403460684,100.0,100.0,0.0
111.00662403460684,111.01772469701031,110.63886151186983,110.64992650452028,100.0,100.0,0.0
110.64992650452028,110.66099149717073,110.30635529597531,110.31738703467877,100.0,100.0,0.0
110.31738703467877,110.32841877338224,109.96875162170089,109.97974959666055,100.0,100.0,0.0
109.97974959666055,109.99074757162022,109.64369793351503,109.65466339985501,100.0,100.0,0.0
109.65466339985501,109.665628866195,109.2931825506768,109.304112961973,100.0,100.0,0.0
109.304112961973,109.3150433732692,108.9728887231761,108.98378710188628,100.0,100.0,0.0
108.98378710188628,108.99468548059646,108.65724823606219,108.66811504756694,100.0,100.0,0.0
108.66811504756694,108.6789818590717,108.32238775947366,108.33322108158181,100.0,100.0,0.0
108.33322108158181,108.34405440368997,108.00200852484474,108.01280980582533,100.0,100.0,0.0
108.01280980582533,108.02361108680591,107.67795866128589,107.68872753403929,100.0,100.0,0.0
107.68872753403929,107.69949640679269,107.37251668910831,107.38325501460977,100.0,100.0,0.0
107.38325501460977,107.39399334011124,107.05907793841875,107.06978491691044,100.0,100.0,0.0
107.06978491691044,107.08049189540212,106.73762012933881,106.74829495883469,100.0,100.0,0.0
106.74829495883469,106.75896978833057,106.3996263194015,106.41026734613612,100.0,100.0,0.0
106.41026734613612,106.42090837287074,106.06666869409953,106.0772764217417,100.0,100.0,0.0
106.0772764217417,106.08788414938387,105.74402889662944,105.75460435706515,100.0,100.0,0.0
105.75460435706515,105.76517981750085,105.4184593468009,105.42900224702561,100.0,100.0,0.0
105.42900224702561,105.43954514725031,105.09572372227571,105.10623434571028,100.0,100.0,0.0
105.10623434571028,105.11674496914485,104.79286667934068,104.80334701404207,100.0,100.0,0.0
104.80334701404207,104.81382734874347,104.48095147676507,104.49140061682675,100.0,100.0,0.0
104.49140061682675,104.50184975688843,104.17861748446145,104.18903638810026,100.0,100.0,0.0
104.18903638810026,104.19945529173907,103.86678944808381,103.87717716580039,100.0,100.0,0.0
103.87717716580039,103.88756488351697,103.55438226133232,103.56473873520584,100.0,100.0,0.0
103.56473873520584,103.57509520907935,103.23714785675624,103.24747260401664,100.0,100.0,0.0
103.24747260401664,103.25779735127703,102.91566406765561,102.92595666332194,100.0,100.0,0.0
102.92595666332194,102.93624925898827,102.60894650766753,102.61920842851038,100.0,100.0,0.0
102.61920842851038,102.62947034935323,102.31601398697723,102.32624661163838,100.0,100.0,0.0
102.32624661163838,102.33647923629954,102.00889347683416,102.0190953863728,100.0,100.0,0.0
102.0190953863728,102.02929729591143,101.71096598908537,101.72113810289565,100.0,100.0,0.0
101.72113810289565,101.73131021670594,101.3963062510891,101.40644689577867,100.0,100.0,0.0
101.40644689577867,101.41658754046824,101.08930013689752,101.0994100779053,100.0,100.0,0.0
101.0994100779053,101.10952001891309,100.78629722657352,100.79637686425995,100.0,100.0,0.0
100.79637686425995,100.80645650194639,100.48669778211433,100.49674745686002,100.0,100.0,0.0
100.49674745686002,100.50679713160571,100.18530151632454,100.19532104842939,100.0,100.0,0.0
100.19532104842939,100.50621615343533,100.18530151632454,100.49616653678166,100.0,100.0,0.0
100.49616653678166,100.80595212222458,100.48611692012798,100.79587253497108,100.0,100.0,0.0
100.79587253497108,101.11394289295065,100.78579294771758,101.10383250969967,100.0,100.0,0.0
101.10383250969967,101.42188088287719,101.0937221264487,101.4117397089063,100.0,100.0,0.0
101.4117397089063,101.72262971711675,101.4015985349354,101.71245847126961,100.0,100.0,0.0
101.71245847126961,102.01980839206814,101.70228722542248,102.00960743132501,100.0,100.0,0.0
102.00960743132501,102.31853561854189,101.99940647058187,102.30830478806308,100.0,100.0,0.0
102.30830478806308,102.64342972133801,102.29807395758428,102.63316640469755,100.0,100.0,0.0
102.63316640469755,102.95523532999236,102.62290308805709,102.94494083590877,100.0,100.0,0.0
102.94494083590877,103.27408600464683,102.93464634182517,103.26375962868397,100.0,100.0,0.0
103.26375962868397,103.5929140684888,103.25343325272111,103.5825558129075,100.0,100.0,0.0
103.5825558129075,103.90515237163265,103.5721975573262,103.89476289534312,100.0,100.0,0.0
103.89476289534312,104.22092975084827,103.88437341905359,104.21050869997828,100.0,100.0,0.0
104.21050869997828,104.53843607289325,104.20008764910828,104.5279832745658,100.0,100.0,0.0
104.5279832745658,104.83674366579083,104.51753047623835,104.82626103968687,100.0,100.0,0.0
104.82626103968687,105.15625694748041,104.8157784135829,105.1457423732431,100.0,100.0,0.0
105.1457423732431,105.46508176016808,105.13522779900578,105.45453630653742,100.0,100.0,0.0
105.45453630653742,105.77418682805494,105.44399085290677,105.76361046700823,100.0,100.0,0.0
105.76361046700823,106.09504636412098,105.75303410596153,106.08443792032894,100.0,100.0,0.0
106.08443792032894,106.44345962588598,106.0738294765369,106.43281634425155,100.0,100.0,0.0
106.43281634425155,106.74525504585677,106.42217306261712,106.734581587698,100.0,100.0,0.0
106.734581587698,107.04417669059549,106.72390812953924,107.03347334326116,100.0,100.0,0.0
107.03347334326116,107.36689961654861,107.02276999592684,107.3561640001486,100.0,100.0,0.0
107.3561640001486,107.66798015596184,107.34542838374858,107.6572144345184,100.0,100.0,0.0
107.6572144345184,107.98992248321264,107.64644871307495,107.97912457075556,100.0,100.0,0.0
107.97912457075556,108.2917832764267,107.96832665829848,108.2809551809086,100.0,100.0,0.0
108.2809551809086,108.62203078832769,108.27012708539051,108.61116967136056,100.0,100.0,0.0
108.61116967136056,108.94774457540782,108.60030855439342,108.9368508903188,100.0,100.0,0.0
108.9368508903188,109.26494642999717,108.92595720522976,109.25402102789438,100.0,100.0,0.0
109.25402102789438,109.60655357864235,109.2430956257916,109.59559401924042,100.0,100.0,0.0
109.59559401924042,109.93795593641241,109.5846344598385,109.9269632400884,100.0,100.0,0.0
109.9269632400884,110.27519756053177,109.91597054376439,110.26417114341743,100.0,100.0,0.0
110.26417114341743,110.59353814985475,110.25314472630309,110.58247990186456,100.0,100.0,0.0
110.58247990186456,110.92995418707423,110.57142165387437,110.91886230084415,100.0,100.0,0.0
110.91886230084415,111.2505479332776,110.90777041461408,111.23942399087852,100.0,100.0,0.0
111.23942399087852,111.61130628490466,111.22830004847944,111.60014627027763,100.0,100.0,0.0
111.60014627027763,111.95700111110686,111.58898625565061,111.94580653045382,100.0,100.0,0.0
111.94580653045382,112.29543570105365,111.93461194980078,112.28420728032562,100.0,100.0,0.0
112.28420728032562,112.64512708613924,112.27297885959759,112.63386369976926,100.0,100.0,0.0
112.63386369976926,112.9853692240119,112.62260031339929,112.97407181683022,100.0,100.0,0.0
112.97407181683022,113.32281136462852,112.96277440964853,113.31148021660687,100.0,100.0,0.0
113.31148021660687,113.66503227028018,113.30014906858521,113.65366690358982,100.0,100.0,0.0
113.65366690358982,113.98607077616754,113.64230153689947,113.97467330883666,100.0,100.0,0.0
113.97467330883666,114.32348527214737,113.96327584150578,114.3120540667407,100.0,100.0,0.0
114.3120540667407,114.66955286365436,114.30062286133403,114.65808705494887,100.0,100.0,0.0
114.65808705494887,115.00564320454512,114.64662124624337,114.9941437901661,100.0,100.0,0.0
114.9941437901661,115.37531627120106,114.98264437578709,115.36377989321174,100.0,100.0,0.0
115.36377989321174,115.71777993636694,115.35224351522243,115.7062093154354,100.0,100.0,0.0
115.7062093154354,116.06838186412463,115.69463869450387,116.05677618650599,100.0,100.0,0.0
116.05677618650599,116.06838186412463,115.72055821424726,115.73213142739,100.0,100.0,0.0
115.73213142739,115.74370464053274,115.38309090327232,115.39463036630895,100.0,100.0,0.0
115.39463036630895,115.40616982934557,115.0621767378848,115.07368410629543,100.0,100.0,0.0
115.07368410629543,115.08519147470606,114.71935502032777,114.73082810313808,100.0,100.0,0.0
114.73082810313808,114.74230118594839,114.35841997031011,114.3698569560057,100.0,100.0,0.0
114.3698569560057,114.3812939417013,113.98756080036043,113.99896069643007,100.0,100.0,0.0
113.99896069643007,114.01036059249972,113.63191515989604,113.64327948784482,100.0,100.0,0.0
113.64327948784482,113.6546438157936,113.29396895543866,113.3052994853872,100.0,100.0,0.0
113.3052994853872,113.31663001533573,112.96517305655732,112.97647070362768,100.0,100.0,0.0
112.97647070362768,112.98776835069805,112.63803224976066,112.64929717947861,100.0,100.0,0.0
112.64929717947861,112.66056210919656,112.28564303168545,112.29687271895735,100.0,100.0,0.0
112.29687271895735,112.30810240622924,111.94166978179736,111.95286506830419,100.0,100.0,0.0
111.95286506830419,111.96406035481102,111.6113566409338,111.62251889282308,100.0,100.0,0.0
111.62251889282308,111.63368114471236,111.25228197427839,111.2634083151099,100.0,100.0,0.0
111.2634083151099,111.27453465594141,110.90892052319309,110.92001252444554,100.0,100.0,0.0
110.92001252444554,110.93110452569799,110.57910416098701,110.59016317730475,100.0,100.0,0.0
110.59016317730475,110.60122219362248,110.24966168106779,110.26068774984277,100.0,100.0,0.0
110.26068774984277,110.27171381861776,109.92956394939341,109.94055800519394,100.0,100.0,0.0
109.94055800519394,109.95155206099446,109.60124325459621,109.61220447504371,100.0,100.0,0.0
109.61220447504371,109.62316569549121,109.26927697932734,109.28020499982732,100.0,100.0,0.0
109.28020499982732,109.2911330203273,108.93194657703003,108.94284086111614,100.0,100.0,0.0
108.94284086111614,108.95373514520224,108.60880134035118,108.61966330668184,100.0,100.0,0.0
108.61966330668184,108.63052527301251,108.2801847579457,108.29101385933164,100.0,100.0,0.0
108.29101385933164,108.30184296071758,107.963967153006,107.97476462946894,100.0,100.0,0.0
107.97476462946894,107.98556210593188,107.6257403121004,107.63650396249665,100.0,100.0,0.0
107.63650396249665,107.64726761289289,107.32242517226183,107.33315848811064,100.0,100.0,0.0
107.33315848811064,107.34389180395945,106.99318438751439,107.00388477599199,100.0,100.0,0.0
107.00388477599199,107.0145851644696,106.66821645571943,106.67888434415384,100.0,100.0,0.0
106.67888434415384,106.68955223258826,106.35619362709501,106.36683031012602,100.0,100.0,0.0
106.36683031012602,106.37746699315703,106.04434192307633,106.05494741781811,100.0,100.0,0.0
106.05494741781811,106.0655529125599,105.73227769905652,105.74285198425495,100.0,100.0,0.0
105.74285198425495,105.75342626945339,105.40902766494557,105.41956962190775,100.0,100.0,0.0
105.41956962190775,105.43011157886994,105.07044928660967,105.0809573823479,100.0,100.0,0.0
105.0809573823479,105.09146547808614,104.75372972068341,104.76420614129754,100.0,100.0,0.0
104.76420614129754,104.77468256191166,104.44718635856282,104.45763212177499,100.0,100.0,0.0
104.45763212177499,104.46807788498717,104.13875662696388,104.14917154411829,100.0,100.0,0.0
104.14917154411829,104.1595864612727,103.83656875994666,103.84695345529218,100.0,100.0,0.0
103.84695345529218,103.8573381506377,103.5215616064737,103.53191479795349,100.0,100.0,0.0
103.53191479795349,103.54226798943328,103.20316848248305,103.21348983146619,100.0,100.0,0.0
103.21348983146619,103.22381118044933,102.8815095504792,102.89179873035224,100.0,100.0,0.0
102.89179873035224,102.90208791022528,102.57912636718045,102.58938530571102,100.0,100.0,0.0
102.58938530571102,102.59964424424159,102.27403693985278,102.28426536638942,100.0,100.0,0.0
102.28426536638942,102.29449379292606,101.967039284994,101.97723700869487,100.0,100.0,0.0
101.97723700869487,101.98743473239574,101.6607373928572,101.67090448330553,100.0,100.0,0.0
101.67090448330553,101.68107157375387,101.35325795896968,101.36339429839951,100.0,100.0,0.0
101.36339429839951,101.37353063782935,101.04544470074107,101.05555025576665,100.0,100.0,0.0
101.05555025576665,101.06565581079222,100.7493812666822,100.75945721240345,100.0,100.0,0.0
100.75945721240345,100.76953315812469,100.43970599646075,100.4497509715579,100.0,100.0,0.0
100.4497509715579,100.45979594665506,100.15402409254946,100.16404049659913,100.0,100.0,0.0
100.16404049659913,100.1740569006488,99.86912190206836,99.87910981304967,100.0,100.0,0.0
99.87910981304967,99.88909772403098,99.58708514235956,99.59704484684424,100.0,100.0,0.0
99.59704484684424,99.60700455132893,99.30103976134629,99.31097085843213,100.0,100.0,0.0
99.31097085843213,99.32090195551797,98.99780679826837,99.00770756902527,100.0,100.0,0.0
99.00770756902527,99.01760833978217,98.71051939947554,98.7203914386194,100.0,100.0,0.0
98.7203914386194,98.73026347776326,98.4137868928523,98.42362925577788,100.0,100.0,0.0
98.42362925577788,98.43347161870346,98.12014045213328,98.12995344747803,100.0,100.0,0.0
98.12995344747803,98.13976644282278,97.83076339555825,97.84054745030328,100.0,100.0,0.0
97.84054745030328,97.8503315050483,97.53554212345591,97.54529665312123,100.0,100.0,0.0
97.54529665312123,97.55505118278654,97.2433627766193,97.25308808542785,100.0,100.0,0.0
97.25308808542785,97.26281339423639,96.95923453629715,96.96893142944009,100.0,100.0,0.0
96.96893142944009,96.97862832258303,96.67797055977621,96.68763932370858,100.0,100.0,0.0
96.68763932370858,96.69730808764095,96.3959858426325,96.40562640527303,100.0,100.0,0.0
96.40562640527303,96.41526696791355,96.13161008226774,96.14122420468821,100.0,100.0,0.0
96.14122420468821,96.15083832710869,95.86405747559022,95.87364484007422,100.0,100.0,0.0
95.87364484007422,95.88323220455823,95.57785886484729,95.58741760660794,100.0,100.0,0.0
95.58741760660794,95.5969763483686,95.2928745028478,95.30240474332213,100.0,100.0,0.0
95.30240474332213,95.31193498379646,95.01152284664941,95.02102494914433,100.0,100.0,0.0
95.02102494914433,95.03052705163925,94.73307252969144,94.74254678436988,100.0,100.0,0.0
94.74254678436988,94.75202103904832,94.46460206646952,94.47404947141666,100.0,100.0,0.0
94.47404947141666,94.4834968763638,94.17519553598115,94.18461399738088,100.0,100.0,0.0
94.18461399738088,94.19403245878061,93.88745092638828,93.89684061044933,100.0,100.0,0.0
93.89684061044933,93.90623029451038,93.60521798226817,93.6145794402122,100.0,100.0,0.0
93.6145794402122,93.62394089815622,93.3531586029821,93.36249485246735,100.0,100.0,0.0
93.36249485246735,93.66490845182267,93.3531586029821,93.65554289753291,100.0,100.0,0.0
93.65554289753291,93.93145268648291,93.64617734324315,93.92206048043487,100.0,100.0,0.0
93.92206048043487,94.21488886567661,93.91266827438682,94.20546831884472,100.0,100.0,0.0
94.20546831884472,94.48066699729549,94.19604777201283,94.47121987530795,100.0,100.0,0.0
94.47121987530795,94.76870772581282,94.46177275332042,94.75923180263256,100.0,100.0,0.0
94.75923180263256,95.05172667704599,94.7497558794523,95.04222245480051,100.0,100.0,0.0
95.04222245480051,95.35011531968287,95.03271823255503,95.34058126155672,100.0,100.0,0.0
95.34058126155672,95.64956029511654,95.33104720343057,95.639996295487,100.0,100.0,0.0
95.639996295487,95.95353770619147,95.63043229585745,95.94394331186028,100.0,100.0,0.0
95.94394331186028,96.24554064405322,95.93434891752909,96.23591705234799,100.0,100.0,0.0
96.23591705234799,96.54142540700514,96.22629346064275,96.53177222978216,100.0,100.0,0.0
96.53177222978216,96.84331866338044,96.52211905255919,96.83363529985046,100.0,100.0,0.0
96.83363529985046,97.14107884116089,96.82395193632047,97.13136570459044,100.0,100.0,0.0
97.13136570459044,97.42559234169858,97.12165256801998,97.41585075662292,100.0,100.0,0.0
97.41585075662292,97.709774596823,97.40610917154726,97.70000459636336,100.0,100.0,0.0
97.70000459636336,98.00887722339685,97.69023459590372,97.99907731566529,100.0,100.0,0.0
97.99907731566529,98.28763465826525,97.98927740793373,98.27780687757749,100.0,100.0,0.0
98.27780687757749,98.59983139597603,98.26797909688973,98.58997239873615,100.0,100.0,0.0
98.58997239873615,98.88731445320354,98.58011340149628,98.87742671053249,100.0,100.0,0.0
98.87742671053249,99.19686818699616,98.86753896786144,99.18694949204695,100.0,100.0,0.0
99.18694949204695,99.49320288578622,99.17703079709774,99.48325456033018,100.0,100.0,0.0
99.48325456033018,99.7771571914451,99.47330623487414,99.76718047339776,100.0,100.0,0.0
99.76718047339776,100.0797962293369,99.75720375535042,100.06978925041187,100.0,100.0,0.0
100.06978925041187,100.37758382638299,100.05978227148684,100.36754707167582,100.0,100.0,0.0
100.36754707167582,100.66603222625508,100.35751031696864,100.65596662959213,100.0,100.0,0.0
100.65596662959213,100.97964394443093,100.64590103292917,100.96954698973197,100.0,100.0,0.0
100.96954698973197,101.28436654244132,100.959450035033,101.27423911852947,100.0,100.0,0.0
101.27423911852947,101.58815770073457,101.26411169461761,101.5779999007445,100.0,100.0,0.0
101.5779999007445,101.91117151222882,101.56784210075443,101.90098141408741,100.0,100.0,0.0
101.90098141408741,102.20234111688202,101.890791315946,102.19212190469156,100.0,100.0,0.0
102.19212190469156,102.52545323377376,102.1819026925011,102.5152017136024,100.0,100.0,0.0
102.5152017136024,102.84106429544664,102.50495019343103,102.83078121732491,100.0,100.0,0.0
102.83078121732491,103.15437032892513,102.82049813920318,103.1440559233328,100.0,100.0,0.0
103.1440559233328,103.43804480831474,103.13374151774048,103.42770203811094,100.0,100.0,0.0
103.42770203811094,103.75427275641788,103.41735926790713,103.74389836658122,100.0,100.0,0.0
103.74389836658122,104.06269154172698,103.73352397674456,104.05228631309566,100.0,100.0,0.0
104.05228631309566,104.3924358383008,104.04188108446435,104.38199763853694,100.0,100.0,0.0
104.38199763853694,104.70544654043881,104.37155943877309,104.69497704273454,100.0,100.0,0.0
104.69497704273454,105.00499765619143,104.68450754503026,104.99449820637079,100.0,100.0,0.0
104.99449820637079,105.31470863589679,104.98399875655015,105.30417821807498,100.0,100.0,0.0
105.30417821807498,105.62633917310364,105.29364780025317,105.61577759534411,100.0,100.0,0.0
105.61577759534411,105.94765215040735,105.60521601758458,105.9370584445629,100.0,100.0,0.0
105.9370584445629,106.2627589536326,105.92646473871844,106.25213374025857,100.0,100.0,0.0
106.25213374025857,106.59411243851818,106.24150852688454,106.58345409310887,100.0,100.0,0.0
106.58345409310887,106.9225564846465,106.57279574769956,106.9118652981167,100.0,100.0,0.0
106.9118652981167,107.23774598230774,106.90117411158688,107.22702327997975,100.0,100.0,0.0
107.22702327997975,107.58070988625116,107.21630057765175,107.56995289096206,100.0,100.0,0.0
107.56995289096206,107.90698200974452,107.55919589567296,107.89619239050548,100.0,100.0,0.0
107.89619239050548,108.22038359946265,107.88540277126643,108.20956264319832,100.0,100.0,0.0
108.20956264319832,108.53923747718451,108.198741686934,108.52838463872064,100.0,100.0,0.0
108.52838463872064,108.88063719685333,108.51753180025676,108.86975022183114,100.0,100.0,0.0
108.86975022183114,109.22219580410871,108.85886324680895,109.21127467664104,100.0,100.0,0.0
109.21127467664104,109.56032407523256,109.20035354917337,109.54936913831872,100.0,100.0,0.0
109.54936913831872,109.87908068556047,109.53841420140489,109.86809387617285,100.0,100.0,0.0
109.86809387617285,110.20107332599126,109.85710706678523,110.1900543205592,100.0,100.0,0.0
110.1900543205592,110.5269962167371,110.17903531512714,110.51594462227487,100.0,100.0,0.0
110.51594462227487,110.8766336092424,110.50489302781264,110.86554705453695,100.0,100.0,0.0
110.86554705453695,111.20975684242312,110.85446049983149,111.19863697872525,100.0,100.0,0.0
111.19863697872525,111.55156311226563,111.18751711502738,111.5404090713585,100.0,100.0,0.0
111.5404090713585,111.86951902686752,111.52925503045137,111.85833319354816,100.0,100.0,0.0
111.85833319354816,112.17943385722207,111.8471473602288,112.16821703551851,100.0,100.0,0.0
112.16821703551851,112.17943385722207,111.82024391732135,111.83142706002735,100.0,100.0,0.0
111.83142706002735,111.84261020273335,111.49118241258769,111.50233264585228,100.0,100.0,0.0
111.50233264585228,111.51348287911686,111.159024960558,111.17014197475548,100.0,100.0,0.0
111.17014197475548,111.18125898895296,110.83044509498922,110.84152924791401,100.0,100.0,0.0
110.84152924791401,110.8526134008388,110.49640498707029,110.50745573264355,100.0,100.0,0.0
110.50745573264355,110.5185064782168,110.16781236969949,110.17883025272477,100.0,100.0,0.0
110.17883025272477,110.18984813575004,109.84270030438886,109.85368567295615,100.0,100.0,0.0
109.85368567295615,109.86467104152344,109.50980977665557,109.52076185284085,100.0,100.0,0.0
109.52076185284085,109.53171392902613,109.16779156696568,109.17870943790946,100.0,100.0,0.0
109.17870943790946,109.18962730885325,108.83757317311763,108.84845801891953,100.0,100.0,0.0
108.84845801891953,108.85934286472143,108.52551931001383,108.53637294730856,100.0,100.0,0.0
108.53637294730856,108.5472265846033,108.174884986939,108.18570355729473,100.0,100.0,0.0
108.18570355729473,108.19652212765045,107.84391789454466,107.85470336488115,100.0,100.0,0.0
107.85470336488115,107.86548883521763,107.52084284311273,107.531596002713,100.0,100.0,0.0
107.531596002713,107.54234916231327,107.1833299076358,107.19404931256705,100.0,100.0,0.0
107.19404931256705,107.2047687174983,106.87927969717255,106.88996869404195,100.0,100.0,0.0
106.88996869404195,106.90065769091136,106.55714409359008,106.56780087367746,100.0,100.0,0.0
106.56780087367746,106.57845765376483,106.2413231951663,106.2519483900053,100.0,100.0,0.0
106.2519483900053,106.26257358484429,105.91472150478984,105.92531403619346,100.0,100.0,0.0
105.92531403619346,105.93590656759707,105.59100467431264,105.60156483079572,100.0,100.0,0.0
105.60156483079572,105.6121249872788,105.27346808333547,105.28399648298377,100.0,100.0,0.0
105.28399648298377,105.29452488263206,104.95311116768882,104.96360752844166,100.0,100.0,0.0
104.96360752844166,104.9741038891945,104.63292900553925,104.64339334487374,100.0,100.0,0.0
104.64339334487374,104.65385768420823,104.30986870315174,104.32030073322505,100.0,100.0,0.0
104.32030073322505,104.33073276329837,104.0035861059999,104.01398750475038,100.0,100.0,0.0
104.01398750475038,104.02438890350085,103.67664146116185,103.68701016217807,100.0,100.0,0.0
103.68701016217807,103.69737886319429,103.37813403452203,103.38847288181022,100.0,100.0,0.0
103.38847288181022,103.3988117290984,103.072273910912,103.08258216912891,100.0,100.0,0.0
103.08258216912891,103.09289042734582,102.76108473006317,102.7713618662498,100.0,100.0,0.0
102.7713618662498,102.78163900243644,102.45933236621914,102.46957932415155,100.0,100.0,0.0
102.46957932415155,102.47982628208396,102.1388140360578,102.14902893895169,100.0,100.0,0.0
102.14902893895169,102.15924384184558,101.83101757108173,101.84120169125086,100.0,100.0,0.0
101.84120169125086,101.85138581141999,101.51473066998206,101.52488315829788,100.0,100.0,0.0
101.52488315829788,101.53503564661371,101.20988389588,101.22000589646964,100.0,100.0,0.0
101.22000589646964,101.23012789705929,100.9001519195323,100.91024294382669,100.0,100.0,0.0
100.91024294382669,100.92033396812107,100.58613514349395,100.59619476297024,100.0,100.0,0.0
100.59619476297024,100.60625438244654,100.27420091800734,100.28422934094144,100.0,100.0,0.0
100.28422934094144,100.29425776387554,99.97666511802841,99.98666378440684,100.0,100.0,0.0
99.98666378440684,99.99666245078528,99.66942907596653,99.6793970156681,100.0,100.0,0.0
99.6793970156681,99.68936495536967,99.35843793982592,99.36837477730364,100.0,100.0,0.0
99.36837477730364,99.37831161478137,99.06169046836334,99.07159762812616,100.0,100.0,0.0
99.07159762812616,99.08150478788897,98.76852247611706,98.77840031614868,100.0,100.0,0.0
98.77840031614868,98.7882781561803,98.47106016457549,98.48090825540103,100.0,100.0,0.0
98.48090825540103,98.49075634622658,98.16299556653458,98.17281284781936,100.0,100.0,0.0
98.17281284781936,98.18263012910414,97.87981942551768,97.88960838635631,100.0,100.0,0.0
97.88960838635631,97.89939734719495,97.5858248412866,97.59558439972656,100.0,100.0,0.0
97.59558439972656,97.60534395816653,97.30705378310199,97.31678546164815,100.0,100.0,0.0
97.31678546164815,97.32651714019431,97.01425267547975,97.02395507098684,100.0,100.0,0.0
97.02395507098684,97.03365746649393,96.73239460696551,96.7420688138469,100.0,100.0,0.0
96.7420688138469,96.75174302072828,96.42636103659864,96.43600463706234,100.0,100.0,0.0
96.43600463706234,96.44564823752604,96.1337421844314,96.1433565200834,100.0,100.0,0.0
96.1433565200834,96.1529708557354,95.84117838263703,95.85076345898293,100.0,100.0,0.0
95.85076345898293,95.86034853532882,95.57066970024206,95.58022772301436,100.0,100.0,0.0
95.58022772301436,95.58978574578666,95.27868854244817,95.28821736418459,100.0,100.0,0.0
95.28821736418459,95.29774618592101,94.98126455061346,94.99076362697616,100.0,100.0,0.0
94.99076362697616,95.00026270333886,94.69140544828431,94.7008755358379,100.0,100.0,0.0
94.7008755358379,94.71034562339148,94.40038645330631,94.40982743604991,100.0,100.0,0.0
94.40982743604991,94.41926841879351,94.11706922103672,94.12648186922364,100.0,100.0,0.0
94.12648186922364,94.13589451741056,93.82553490402421,93.8349183958638,100.0,100.0,0.0
93.8349183958638,93.84430188770338,93.53528396387779,93.54463842772056,100.0,100.0,0.0
93.54463842772056,93.84182956942196,93.53528396387779,93.83244632478949,100.0,100.0,0.0
93.83244632478949,94.10224763870741,93.82306308015701,94.09283835487193,100.0,100.0,0.0
94.09283835487193,94.39146694462612,94.08342907103645,94.38202874175194,100.0,100.0,0.0
94.38202874175194,94.68392630167726,94.37259053887776,94.67445885579168,100.0,100.0,0.0
94.67445885579168,94.97725016381825,94.66499140990611,94.96775338847941,100.0,100.0,0.0
94.96775338847941,95.24656590808637,94.95825661314056,95.23704220386598,100.0,100.0,0.0
95.23704220386598,95.51834011756732,95.2275184996456,95.50878923864346,100.0,100.0,0.0
95.50878923864346,95.8037989126975,95.4992383597196,95.79421949074843,100.0,100.0,0.0
95.79421949074843,96.09190168838367,95.78464006879936,96.08229345903777,100.0,100.0,0.0
96.08229345903777,96.36522231161513,96.07268522969187,96.35558675293983,100.0,100.0,0.0
96.35558675293983,96.66517931870888,96.34595119426453,96.65551376733215,100.0,100.0,0.0
96.65551376733215,96.97171164592038,96.64584821595543,96.96201544437594,100.0,100.0,0.0
96.96201544437594,97.2566650994245,96.95231924283149,97.24694040538395,100.0,100.0,0.0
97.24694040538395,97.5452173102309,97.23721571134341,97.53546376385451,100.0,100.0,0.0
97.53546376385451,97.85563421279339,97.52571021747812,97.8458496278306,100.0,100.0,0.0
97.8458496278306,98.1526076278707,97.83606504286782,98.14279334853585,100.0,100.0,0.0
98.14279334853585,98.45033922643634,98.132979069201,98.44049517691865,100.0,100.0,0.0
98.44049517691865,98.74776231718413,98.43065112740095,98.7378885283313,100.0,100.0,0.0
98.7378885283313,99.02434406027085,98.72801473947847,99.01444261600925,100.0,100.0,0.0
99.01444261600925,99.31151110832813,99.00454117174765,99.30158095023312,100.0,100.0,0.0
99.30158095023312,99.62282683606207,99.2916507921381,99.61286554950712,100.0,100.0,0.0
99.61286554950712,99.91043587744333,99.60290426295217,99.90044583286004,100.0,100.0,0.0
99.90044583286004,100.22140013089391,99.89045578827675,100.21137899299461,100.0,100.0,0.0
100.21137899299461,100.52869918688201,100.20135785509531,100.51864732214979,100.0,100.0,0.0
100.51864732214979,100.82161569144002,100.50859545741757,100.81153453798622,100.0,100.0,0.0
100.81153453798622,101.13211421201821,100.80145338453242,101.12200201181703,100.0,100.0,0.0
101.12200201181703,101.4411500895945,101.11188981161585,101.43100698889562,100.0,100.0,0.0
101.43100698889562,101.76527182533427,101.42086388819673,101.7550963157027,100.0,100.0,0.0
101.7550963157027,102.07258484333188,101.74492080607114,102.06237860547134,100.0,100.0,0.0
102.06237860547134,102.38078763729924,102.0521723676108,102.37055058224101,100.0,100.0,0.0
102.37055058224101,102.67687520163217,102.36031352718278,102.6666085407781,100.0,100.0,0.0
102.6666085407781,103.00520123725254,102.65634187992403,102.99490174707783,100.0,100.0,0.0
102.99490174707783,103.29181374181265,102.98460225690313,103.28148559325332,100.0,100.0,0.0
103.28148559325332,103.60339982655103,103.271157444694,103.59304052249878,100.0,100.0,0.0
103.59304052249878,103.91847062305995,103.58268121844654,103.90807981507844,100.0,100.0,0.0
103.90807981507844,104.23517001021649,103.89768900709693,104.22474753546295,100.0,100.0,0.0
104.22474753546295,104.55301410408056,104.21432506070941,104.54255984809575,100.0,100.0,0.0
104.54255984809575,104.86631336480438,104.53210559211094,104.85582778202618,100.0,100.0,0.0
104.85582778202618,105.19847009653775,104.84534219924798,105.18795130140761,100.0,100.0,0.0
105.18795130140761,105.52666335988921,105.17743250627747,105.51611174871434,100.0,100.0,0.0
105.51611174871434,105.85418747124534,105.50556013753946,105.84360311093425,100.0,100.0,0.0
105.84360311093425,106.19816591427369,105.83301875062317,106.18754715955774,100.0,100.0,0.0
106.18754715955774,106.50983098647977,106.17692840484179,106.49918106837293,100.0,100.0,0.0
106.49918106837293,106.82756843876061,106.4885311502661,106.8168867500856,100.0,100.0,0.0
106.8168867500856,107.15050389071574,106.8062050614106,107.13978991172456,100.0,100.0,0.0
107.13978991172456,107.45786627212371,107.12907593273339,107.44712155996771,100.0,100.0,0.0
107.44712155996771,107.79374327519234,107.43637684781172,107.78296497869447,100.0,100.0,0.0
107.78296497869447,108.1130419040461,107.77218668219659,108.102231680878,100.0,100.0,0.0
108.102231680878,108.43900141517001,108.09142145770991,108.42815859931008,100.0,100.0,0.0
108.42815859931008,108.76915885758775,108.41731578345015,108.75828302928483,100.0,100.0,0.0
108.75828302928483,109.0957729758111,108.7474072009819,109.08486448936216,100.0,100.0,0.0
109.08486448936216,109.412784719563,109.07395600291322,109.4018445351095,100.0,100.0,0.0
109.4018445351095,109.74500808859453,109.390904350656,109.73403468512602,100.0,100.0,0.0
109.73403468512602,110.06222617103431,109.72306128165751,110.05122104892942,100.0,100.0,0.0
110.05122104892942,110.39321348272641,110.04021592682453,110.38217526519989,100.0,100.0,0.0
110.38217526519989,110.72025449550111,110.37113704767337,110.70918357714339,100.0,100.0,0.0
110.70918357714339,111.05939322666048,110.69811265878567,111.0482883978207,100.0,100.0,0.0
111.0482883978207,111.39898400304608,111.03718356898092,111.38784521852423,100.0,100.0,0.0
111.38784521852423,111.73039395371012,111.37670643400239,111.71922203150697,100.0,100.0,0.0
111.71922203150697,111.73039395371012,111.38037650498484,111.3915156565505,100.0,100.0,0.0
111.3915156565505,111.40265480811615,111.05439968525528,111.06550623587886,100.0,100.0,0.0
111.06550623587886,111.07661278650244,110.7289413285355,110.7400153300685,100.0,100.0,0.0
110.7400153300685,110.7510893316015,110.38125029848966,110.3922895274424,100.0,100.0,0.0
110.3922895274424,110.40332875639514,110.02232699668225,110.03333032971523,100.0,100.0,0.0
110.03333032971523,110.0443336627482,109.69192455744847,109.70289484693316,100.0,100.0,0.0
109.70289484693316,109.71386513641785,109.33859504262064,109.3495299956202,100.0,100.0,0.0
109.3495299956202,109.36046494861976,109.0143726005888,109.02527512810161,100.0,100.0,0.0
109.02527512810161,109.03617765561442,108.67123297808361,108.68210118820242,100.0,100.0,0.0
108.68210118820242,108.69296939832124,108.35024005662196,108.36107616423838,100.0,100.0,0.0
108.36107616423838,108.37191227185481,108.01287068696527,108.0236730542707,100.0,100.0,0.0
108.0236730542707,108.03447542157613,107.66722276366767,107.67799056272393,100.0,100.0,0.0
107.67799056272393,107.6887583617802,107.32300829363776,107.33374166780453,100.0,100.0,0.0
107.33374166780453,107.34447504197131,107.0034914392402,107.01419285852604,100.0,100.0,0.0
107.01419285852604,107.0248942778119,106.66083228109865,106.67149943104175,100.0,100.0,0.0
106.67149943104175,106.68216658098486,106.34757747955376,106.35821330088385,100.0,100.0,0.0
106.35821330088385,106.36884912221393,106.03113402488754,106.0417381987074,100.0,100.0,0.0
106.0417381987074,106.05234237252728,105.72851076651436,105.73908467498185,100.0,100.0,0.0
105.73908467498185,105.74965858344935,105.42605235784028,105.43659601744201,100.0,100.0,0.0
105.43659601744201,105.44713967704375,105.1256429441418,105.13615655979778,100.0,100.0,0.0
105.13615655979778,105.14667017545376,104.79822874709085,104.80870961805265,100.0,100.0,0.0
104.80870961805265,104.81919048901445,104.47943859184039,104.48988758059845,100.0,100.0,0.0
104.48988758059845,104.5003365693565,104.17459974982972,104.1850182516549,100.0,100.0,0.0
104.1850182516549,104.19543675348007,103.85715987996157,103.86754663462503,100.0,100.0,0.0
103.86754663462503,103.87793338928849,103.5473255064408,103.55768127456825,100.0,100.0,0.0
103.55768127456825,103.5680370426957,103.2231098625986,103.2334332059192,100.0,100.0,0.0
103.2334332059192,103.24375654923979,102.91901615268078,102.92930908358915,100.0,100.0,0.0
102.92930908358915,102.93960201449751,102.61093342988468,102.62119554943962,100.0,100.0,0.0
102.62119554943962,102.63145766899456,102.29224498504418,102.30247523256743,100.0,100.0,0.0
102.30247523256743,102.31270548009068,101.99908641175199,102.00928734048604,100.0,100.0,0.0
102.00928734048604,102.01948826922009,101.68160738375799,101.69177656141413,100.0,100.0,0.0
101.69177656141413,101.70194573907027,101.38282166361292,101.39296095970889,100.0,100.0,0.0
101.39296095970889,101.40310025580486,101.09062308624452,101.10073315956048,100.0,100.0,0.0
101.10073315956048,101.11084323287643,100.78739038904209,100.7974701360557,100.0,100.0,0.0
100.7974701360557,100.8075498830693,100.48461573803309,100.49466520455354,100.0,100.0,0.0
100.49466520455354,100.504714671074,100.19410329581339,100.20412370818421,100.0,100.0,0.0
100.20412370818421,100.21414412055503,99.90768248813215,99.91767425555771,100.0,100.0,0.0
99.91767425555771,99.92766602298327,99.60754695174515,99.61750870261541,100.0,100.0,0.0
99.61750870261541,99.62747045348567,99.30261899583326,99.31255025085834,100.0,100.0,0.0
99.31255025085834,99.32248150588342,98.99359198491517,99.00349233414859,100.0,100.0,0.0
99.00349233414859,99.01339268338201,98.69010339150007,98.69997338883896,100.0,100.0,0.0
98.69997338883896,98.70984338617784,98.40987286798212,98.41971483946607,100.0,100.0,0.0
98.41971483946607,98.42955681095002,98.09710941593977,98.10692010795056,100.0,100.0,0.0
98.10692010795056,98.11673079996135,97.79619066745688,97.80597126458333,100.0,100.0,0.0
97.80597126458333,97.81575186170978,97.48919851399735,97.49894840883823,100.0,100.0,0.0
97.49894840883823,97.50869830367911,97.18745524588702,97.19717496338336,100.0,100.0,0.0
97.19717496338336,97.2068946808797,96.89701876313907,96.90670943408249,100.0,100.0,0.0
96.90670943408249,96.9164001050259,96.60567435345126,96.61533588703996,100.0,100.0,0.0
96.61533588703996,96.62499742062866,96.31190032819367,96.32153248144182,100.0,100.0,0.0
96.32153248144182,96.33116463468997,96.02380832862004,96.03341166978701,100.0,100.0,0.0
96.03341166978701,96.043015010954,95.73787098542354,95.74744572999654,100.0,100.0,0.0
95.74744572999654,95.75702047456954,95.4356195154385,95.44516403184168,100.0,100.0,0.0
95.44516403184168,95.45470854824487,95.15070981911941,95.16022584170358,100.0,100.0,0.0
95.16022584170358,95.16974186428774,94.85787850831605,94.86736524484053,100.0,100.0,0.0
94.86736524484053,94.87685198136501,94.56715549984288,94.576613161159,100.0,100.0,0.0
94.576613161159,94.58607082247512,94.27798321587501,94.28741195707072,100.0,100.0,0.0
94.28741195707072,94.29684069826642,93.98314561702432,93.99254487151147,100.0,100.0,0.0
93.99254487151147,94.00194412599862,93.68387097544931,93.69324029947926,100.0,100.0,0.0
93.69324029947926,93.7026096235092,93.40164718042067,93.41098827924858,100.0,100.0,0.0
93.41098827924858,93.4203293780765,93.1257762156085,93.13508972458095,100.0,100.0,0.0
93.13508972458095,93.1444032335534,92.84179729806979,92.85108240631043,100.0,100.0,0.0
92.85108240631043,92.86036751455106,92.5505488091866,92.55980478966556,100.0,100.0,0.0
92.55980478966556,92.56906077014453,92.27621669694223,92.28544524146638,100.0,100.0,0.0
92.28544524146638,92.29467378599053,92.01087902558476,92.02008103368813,100.0,100.0,0.0
92.02008103368813,92.0292830417915,91.7339822544868,91.74315657014382,100.0,100.0,0.0
91.74315657014382,91.75233088580084,91.47486662889283,91.48401503039587,100.0,100.0,0.0
91.48401503039587,91.4931634318989,91.19765350811053,91.20677418552908,100.0,100.0,0.0
91.20677418552908,91.21589486294764,90.92662503172679,90.93571860358715,100.0,100.0,0.0
90.93571860358715,90.94481217544751,90.6528418241638,90.66190801496529,100.0,100.0,0.0
90.66190801496529,90.67097420576678,90.3882065915861,90.39724631621772,100.0,100.0,0.0
90.39724631621772,90.40628604084934,90.12143768585473,90.13045073092782,100.0,100.0,0.0
90.13045073092782,90.13946377600091,89.85960994879098,89.86859680847182,100.0,100.0,0.0
89.86859680847182,89.87758366815267,89.59172538653031,89.60068545507582,100.0,100.0,0.0
89.60068545507582,89.60964552362132,89.33143824402813,89.34037228125626,100.0,100.0,0.0
89.34037228125626,89.3493063184844,89.0719962869898,89.08090437742754,100.0,100.0,0.0
89.08090437742754,89.08981246786529,88.80332220248226,88.81220342282454,100.0,100.0,0.0
88.81220342282454,88.82108464316681,88.53338551325496,88.54223973722868,100.0,100.0,0.0
88.54223973722868,88.55109396120241,88.25117945850768,88.26000545905359,100.0,100.0,0.0
88.26000545905359,88.2688314595995,87.99673668708716,88.00553724081125,100.0,100.0,0.0
88.00553724081125,88.01433779453534,87.73553196050793,87.74430639114703,100.0,100.0,0.0
87.74430639114703,87.75308082178614,87.46474895134598,87.47349630097608,100.0,100.0,0.0
87.47349630097608,87.48224365060618,87.20755884917814,87.21628047722587,100.0,100.0,0.0
87.21628047722587,87.22500210527359,86.96140040341172,86.97009741315303,100.0,100.0,0.0
86.97009741315303,86.97879442289434,86.70601015353648,86.71468162169865,100.0,100.0,0.0
86.71468162169865,86.72335308986081,86.45249783163804,86.46114394603265,100.0,100.0,0.0
86.46114394603265,86.46979006042726,86.20297395149129,86.21159511100238,100.0,100.0,0.0
86.21159511100238,86.22021627051348,85.9486053762504,85.95720109636004,100.0,100.0,0.0
85.95720109636004,85.96579681646968,85.70071609415822,85.70928702286051,100.0,100.0,0.0
85.70928702286051,85.97048547698756,85.70071609415822,85.96188928805876,100.0,100.0,0.0
85.96188928805876,86.22723256489155,85.95329309912995,86.21861070382117,100.0,100.0,0.0
86.21861070382117,86.47314078811212,86.20998884275079,86.46449433867825,100.0,100.0,0.0
86.46449433867825,86.73017725030566,86.45584788924438,86.72150509979568,100.0,100.0,0.0
86.72150509979568,86.98913835562458,86.7128329492857,86.98044031159341,100.0,100.0,0.0
86.98044031159341,87.24665046532316,86.97174226756225,87.23792667265589,100.0,100.0,0.0
87.23792667265589,87.50629761493659,87.22920287998862,87.49754786015058,100.0,100.0,0.0
87.49754786015058,87.7542260652331,87.48879810536457,87.74545152008109,100.0,100.0,0.0
87.74545152008109,88.0173411696923,87.73667697492908,88.00854031566074,100.0,100.0,0.0
88.00854031566074,88.29072960573565,87.99973946162918,88.28190141559409,100.0,100.0,0.0
88.28190141559409,88.56394132272655,88.27307322545253,88.55508581414513,100.0,100.0,0.0
88.55508581414513,88.82922755969682,88.54623030556371,88.8203455251443,100.0,100.0,0.0
88.8203455251443,89.10267537018908,88.81146349059179,89.09376599358971,100.0,100.0,0.0
89.09376599358971,89.36843877963648,89.08485661699035,89.35950282935354,100.0,100.0,0.0
89.35950282935354,89.64244410849889,89.35056687907061,89.63348076042286,100.0,100.0,0.0
89.63348076042286,89.91564878888292,89.62451741234682,89.90665812307061,100.0,100.0,0.0
89.90665812307061,90.18493631754085,89.89766745725831,90.17591872566828,100.0,100.0,0.0
90.17591872566828,90.43948998639792,90.16690113379572,90.43044694170375,100.0,100.0,0.0
90.43044694170375,90.69164343120815,90.42140389700958,90.68257517369078,100.0,100.0,0.0
90.68257517369078,90.96917996751837,90.67350691617341,90.96008395912246,100.0,100.0,0.0
90.96008395912246,91.23348567070227,90.95098795072654,91.22436323437883,100.0,100.0,0.0
91.22436323437883,91.51420790009604,91.21524079805539,91.5050573943566,100.0,100.0,0.0
91.5050573943566,91.80747649187892,91.49590688861716,91.79829666221269,100.0,100.0,0.0
91.79829666221269,92.0904582324004,91.78911683254647,92.08125010738965,100.0,100.0,0.0
92.08125010738965,92.36509973521345,92.0720419823789,92.35586414879857,100.0,100.0,0.0
92.35586414879857,92.65166781701402,92.3466285623837,92.64240357665635,100.0,100.0,0.0
92.64240357665635,92.94474004819091,92.63313933629868,92.93544650354056,100.0,100.0,0.0
92.93544650354056,93.22367930655136,92.92615295889021,93.21435787076429,100.0,100.0,0.0
93.21435787076429,93.51514835205931,93.20503643497722,93.50579777228208,100.0,100.0,0.0
93.50579777228208,93.79855728791674,93.49644719250485,93.78917837007972,100.0,100.0,0.0
93.78917837007972,94.0848938294954,93.77979945224271,94.07548628086731,100.0,100.0,0.0
94.07548628086731,94.35754209021374,94.06607873223922,94.34810727948579,100.0,100.0,0.0
94.34810727948579,94.63873791459031,94.33867246875784,94.6292749870916,100.0,100.0,0.0
94.6292749870916,94.91561389840467,94.6198120595929,94.90612328607607,100.0,100.0,0.0
94.90612328607607,95.19797954900955,94.89663267374746,95.18846070293925,100.0,100.0,0.0
95.18846070293925,95.47747200334203,95.17894185686896,95.46792521082095,100.0,100.0,0.0
95.46792521082095,95.77151095524663,95.45837841829987,95.76193476177045,100.0,100.0,0.0
95.76193476177045,96.04900804203045,95.75235856829427,96.03940410162029,100.0,100.0,0.0
96.03940410162029,96.33067829661331,96.02980016121013,96.32104619199411,100.0,100.0,0.0
96.32104619199411,96.62283150888874,96.31141408737491,96.61317019186956,100.0,100.0,0.0
96.61317019186956,96.90971797641463,96.60350887485038,96.90002797361727,100.0,100.0,0.0
96.90002797361727,97.19484638370243,96.89033797081991,97.18512787091534,100.0,100.0,0.0
97.18512787091534,97.49859608298513,97.17540935812825,97.4888471982653,100.0,100.0,0.0
97.4888471982653,97.78860416381167,97.47909831354548,97.77882628118356,100.0,100.0,0.0
97.77882628118356,98.09626487220233,97.76904839855544,98.08645622657967,100.0,100.0,0.0
98.08645622657967,98.38080410030854,98.07664758095702,98.37096700360817,100.0,100.0,0.0
98.37096700360817,98.64786183698685,98.3611299069078,98.63799803718314,100.0,100.0,0.0
98.63799803718314,98.94484377368971,98.62813423737943,98.93495027866184,100.0,100.0,0.0
98.93495027866184,99.24329805235588,98.92505678363398,99.23337471488439,100.0,100.0,0.0
99.23337471488439,99.55652860089947,99.2234513774129,99.54657394350512,100.0,100.0,0.0
99.54657394350512,99.84578385272069,99.53661928611078,99.83580027269342,100.0,100.0,0.0
99.83580027269342,100.14750293211394,99.82581669266615,100.13748918319561,100.0,100.0,0.0
100.13748918319561,100.43754493711387,100.12747543427729,100.42750218689518,100.0,100.0,0.0
100.42750218689518,100.74316121188991,100.4174594366765,100.7330879030996,100.0,100.0,0.0
100.7330879030996,101.0557028301503,100.72301459430929,101.04559827032327,100.0,100.0,0.0
101.04559827032327,101.36169193055935,101.03549371049624,101.35155677488186,100.0,100.0,0.0
101.35155677488186,101.65833664236283,101.34142161920437,101.64817182518031,100.0,100.0,0.0
101.64817182518031,101.9668407815585,101.6380070079978,101.9566451170468,100.0,100.0,0.0
101.9566451170468,102.28807531176373,101.9464494525351,102.27784752701103,100.0,100.0,0.0
102.27784752701103,102.60444387427611,102.26761974225833,102.59418445583053,100.0,100.0,0.0
102.59418445583053,102.9067238620853,102.58392503738494,102.89643421866343,100.0,100.0,0.0
102.89643421866343,103.20256409826511,102.88614457524156,103.19224487377774,100.0,100.0,0.0
103.19224487377774,103.51297058411184,103.18192564929036,103.50262032207964,100.0,100.0,0.0
103.50262032207964,103.83265165730516,103.49227006004743,103.82226943036213,100.0,100.0,0.0
103.82226943036213,104.1472843497147,103.81188720341909,104.13687066264843,100.0,100.0,0.0
104.13687066264843,104.45199042995584,104.12645697558217,104.4415462753283,100.0,100.0,0.0
104.4415462753283,104.75681030897344,104.43110212070077,104.7463356754059,100.0,100.0,0.0
104.7463356754059,105.07876978701402,104.73586104183836,105.06826296071796,100.0,100.0,0.0
105.06826296071796,105.39341519685627,105.0577561344219,105.38287690916535,100.0,100.0,0.0
105.38287690916535,105.69716602643567,105.37233862147443,105.686597366699,100.0,100.0,0.0
105.686597366699,106.00642667496068,105.67602870696234,105.99582709225146,100.0,100.0,0.0
105.99582709225146,106.3304662516741,105.98522750954224,106.31983426824728,100.0,100.0,0.0
106.31983426824728,106.65426061435126,106.30920228482046,106.6435962547258,100.0,100.0,0.0
106.6435962547258,106.96953181031334,106.63293189510033,106.95883592672067,100.0,100.0,0.0
106.95883592672067,107.29617886297878,106.94814004312799,107.28545031794698,100.0,100.0,0.0
107.28545031794698,107.61503532195931,107.27472177291519,107.60427489446987,100.0,100.0,0.0
107.60427489446987,107.92544133979575,107.59351446698042,107.91464987480828,100.0,100.0,0.0
107.91464987480828,108.25945347522475,107.9038584098208,108.2486286123635,100.0,100.0,0.0
108.2486286123635,108.58163054017135,108.23780374950226,108.57077346282506,100.0,100.0,0.0
108.57077346282506,108.90295168012152,108.55991638547877,108.89206247387413,100.0,100.0,0.0
108.89206247387413,109.2504827080397,108.88117326762675,109.23955875216448,100.0,100.0,0.0
109.23955875216448,109.59205635679939,109.22863479628927,109.58109824697469,100.0,100.0,0.0
109.58109824697469,109.924924223811,109.57014013714999,109.91393283052795,100.0,100.0,0.0
109.91393283052795,110.2399009425273,109.9029414372449,110.22887805472183,100.0,100.0,0.0
110.22887805472183,110.58031861632728,110.21785516691637,110.56926169015826,100.0,100.0,0.0
110.56926169015826,110.91240817178387,110.55820476398924,110.90131803997987,100.0,100.0,0.0
110.90131803997987,110.91240817178387,110.55188565715756,110.56294195135268,100.0,100.0,0.0
110.56294195135268,110.57399824554781,110.2004037798767,110.21142492236893,100.0,100.0,0.0
110.21142492236893,110.22244606486117,109.89007427320169,109.90106437963965,100.0,100.0,0.0
109.90106437963965,109.91205448607761,109.54632513901548,109.5572808671022,100.0,100.0,0.0
109.5572808671022,109.5682365951889,109.23372788300703,109.24465234824186,100.0,100.0,0.0
109.24465234824186,109.25557681347668,108.90788168642705,108.91877356378342,100.0,100.0,0.0
108.91877356378342,108.92966544113979,108.5702128555251,108.58107096262135,100.0,100.0,0.0
108.58107096262135,108.59192906971761,108.25144899908291,108.26227522660557,100.0,100.0,0.0
108.26227522660557,108.27310145412822,107.91820628330267,107.92899918322098,100.0,100.0,0.0
107.92899918322098,107.9397920831393,107.58555441839505,107.59631404980003,100.0,100.0,0.0
107.59631404980003,107.60707368120501,107.26167334387787,107.27240058393626,100.0,100.0,0.0
107.27240058393626,107.28312782399465,106.93645336362943,106.94714807843727,100.0,100.0,0.0
106.94714807843727,106.9578427932451,106.60597007801837,106.61663174119249,100.0,100.0,0.0
106.61663174119249,106.62729340436661,106.28731569040563,106.29794548495413,100.0,100.0,0.0
106.29794548495413,106.30857527950262,105.97419044649622,105.98478892538876,100.0,100.0,0.0
105.98478892538876,105.99538740428129,105.66739073488696,105.67795853074004,100.0,100.0,0.0
105.67795853074004,105.68852632659312,105.3412792505773,105.3518144320205,100.0,100.0,0.0
105.3518144320205,105.3623496134637,105.02280514031392,105.03330847116104,100.0,100.0,0.0
105.03330847116104,105.04381180200815,104.69430588040132,104.70477635803712,100.0,100.0,0.0
104.70477635803712,104.71524683567293,104.39361672739616,104.40405713310948,100.0,100.0,0.0
104.40405713310948,104.41449753882279,104.09359216082744,104.10400256108355,100.0,100.0,0.0
104.10400256108355,104.11441296133965,103.77779140841318,103.78817022543572,100.0,100.0,0.0
103.78817022543572,103.79854904245826,103.48250146120306,103.49285074627768,100.0,100.0,0.0
103.49285074627768,103.5032000313523,103.16646731509574,103.1767849935951,100.0,100.0,0.0
103.1767849935951,103.18710267209447,102.85031874059764,102.86060480107776,100.0,100.0,0.0
102.86060480107776,102.87089086155787,102.53601314162218,102.54626776839902,100.0,100.0,0.0
102.54626776839902,102.55652239517586,102.22846909112997,102.23869296042601,100.0,100.0,0.0
102.23869296042601,102.24891682972205,101.92502321257344,101.93521673424686,100.0,100.0,0.0
101.93521673424686,101.9454102559203,101.6161354208345,101.62629805063956,100.0,100.0,0.0
101.62629805063956,101.63646068044463,101.31703374119738,101.32716645784316,100.0,100.0,0.0
101.32716645784316,101.33729917448895,101.01839457546141,101.02849742520394,100.0,100.0,0.0
101.02849742520394,101.03860027494646,100.73160153098695,100.7416756985568,100.0,100.0,0.0
100.7416756985568,100.75174986612666,100.42291219889994,100.43295549444937,100.0,100.0,0.0
100.43295549444937,100.44299878999881,100.1312777323085,100.14129186149465,100.0,100.0,0.0
100.14129186149465,100.1513059906808,99.8311929516533,99.84117706936024,100.0,100.0,0.0
99.84117706936024,99.85116118706718,99.54044502556003,99.55040006556659,100.0,100.0,0.0
99.55040006556659,99.56035510557315,99.24853300561463,99.25845885149978,100.0,100.0,0.0
99.25845885149978,99.26838469738493,98.93153525290762,98.94142939584721,100.0,100.0,0.0
98.94142939584721,98.9513235387868,98.64006834592465,98.64993333925857,100.0,100.0,0.0
98.64993333925857,98.65979833259249,98.33190901354081,98.34174318785959,100.0,100.0,0.0
98.34174318785959,98.35157736217838,98.04429681504212,98.05410222526464,100.0,100.0,0.0
98.05410222526464,98.06390763548717,97.75495144438096,97.76472791717268,100.0,100.0,0.0
97.76472791717268,97.77450438996439,97.46134006904055,97.47108717775832,100.0,100.0,0.0
97.47108717775832,97.4808342864761,97.17694956096733,97.18666822779011,100.0,100.0,0.0
97.18666822779011,97.19638689461289,96.89157014490243,96.90126027092953,100.0,100.0,0.0
96.90126027092953,96.91095039695662,96.61405924749094,96.62372161965291,100.0,100.0,0.0
96.62372161965291,96.63338399181488,96.31318555672813,96.32281783851198,100.0,100.0,0.0
96.32281783851198,96.33245012029583,96.03317751753137,96.04278179571094,100.0,100.0,0.0
96.04278179571094,96.0523860738905,95.74030852084297,95.7498835091939,100.0,100.0,0.0
95.7498835091939,95.75945849754481,95.45447272629063,95.46401912820345,100.0,100.0,0.0
95.46401912820345,95.47356553011626,95.16660814583618,95.17612575841201,100.0,100.0,0.0
95.17612575841201,95.18564337098785,94.88133297378695,94.89082205599256,100.0,100.0,0.0
94.89082205599256,94.90031113819816,94.60195347900542,94.61141462046746,100.0,100.0,0.0
94.61141462046746,94.6208757619295,94.3175335499234,94.32696624654805,100.0,100.0,0.0
94.32696624654805,94.33639894317271,94.02291726087982,94.03232049292912,100.0,100.0,0.0
94.03232049292912,94.04172372497841,93.76140884046573,93.77078591905764,100.0,100.0,0.0
93.77078591905764,93.78016299764955,93.48253996009305,93.49188914900795,100.0,100.0,0.0
93.49188914900795,93.50123833792284,93.20113778765334,93.21045883353669,100.0,100.0,0.0
93.21045883353669,93.5099669842553,93.20113778765334,93.50061692256304,100.0,100.0,0.0
93.50061692256304,93.78876903688696,93.49126686087078,93.77939109777718,100.0,100.0,0.0
93.77939109777718,94.06613363476013,93.7700131586674,94.05672796196394,100.0,100.0,0.0
94.05672796196394,94.36618859934691,94.04732228916775,94.3567529240545,100.0,100.0,0.0
94.3567529240545,94.64773199883291,94.3473172487621,94.63826817201571,100.0,100.0,0.0
94.63826817201571,94.94887608200642,94.62880434519852,94.93938214379205,100.0,100.0,0.0
94.93938214379205,95.25629137198003,94.92988820557767,95.2467666953105,100.0,100.0,0.0
95.2467666953105,95.53116978923926,95.23724201864097,95.52161762747652,100.0,100.0,0.0
95.52161762747652,95.80420832465961,95.51206546571377,95.79462886177343,100.0,100.0,0.0
95.79462886177343,96.09218192662078,95.78504939888725,96.08257366925386,100.0,100.0,0.0
96.08257366925386,96.39235231217178,96.07296541188694,96.38271404076771,100.0,100.0,0.0
96.38271404076771,96.67581837913309,96.37307576936364,96.66615176395669,100.0,100.0,0.0
96.66615176395669,96.96167891810752,96.65648514878029,96.95198371973555,100.0,100.0,0.0
96.95198371973555,97.23989274497902,96.94228852136358,97.23016972800622,100.0,100.0,0.0
97.23016972800622,97.54523139702437,97.22044671103342,97.53547784923944,100.0,100.0,0.0
97.53547784923944,97.83094004268273,97.52572430145452,97.82115792689004,100.0,100.0,0.0
97.82115792689004,98.11613181785104,97.81137581109735,98.10632118573247,100.0,100.0,0.0
98.10632118573247,98.42060580100268,98.0965105536139,98.41076472453022,100.0,100.0,0.0
98.41076472453022,98.72397756431991,98.40092364805777,98.71410615370453,100.0,100.0,0.0
98.71410615370453,99.02240400126126,98.70423474308916,99.01250275098617,100.0,100.0,0.0
99.01250275098617,99.31012933003804,99.00260150071108,99.30019931010703,100.0,100.0,0.0
99.30019931010703,99.60577137317861,99.29026929017603,99.59581179199941,100.0,100.0,0.0
99.59581179199941,99.8991591452988,99.5858522108202,99.88917022827597,100.0,100.0,0.0
99.88917022827597,100.19714182120264,99.87918131125315,100.18712310889175,100.0,100.0,0.0
100.18712310889175,100.51015070567614,100.17710439658087,100.50010069560658,100.0,100.0,0.0
100.50010069560658,100.81741024579134,100.49005068553701,100.80732951284006,100.0,100.0,0.0
100.80732951284006,101.10808037973864,100.79724877988878,101.09797058268038,100.0,100.0,0.0
101.09797058268038,101.39751328148928,101.08786078562211,101.38737454403488,100.0,100.0,0.0
101.38737454403488,101.70599313415265,101.37723580658049,101.69582355179747,100.0,100.0,0.0
101.69582355179747,102.0175969000314,101.6856539694423,102.00739616041537,100.0,100.0,0.0
102.00739616041537,102.31748181439946,101.99719542079933,102.30725108929053,100.0,100.0,0.0
102.30725108929053,102.6150105364416,102.2970203641816,102.60475006143545,100.0,100.0,0.0
102.60475006143545,102.90654452945046,102.5944895864293,102.89625490396006,100.0,100.0,0.0
102.89625490396006,103.22398513318387,102.88596527846966,103.21366376680719,100.0,100.0,0.0
103.21366376680719,103.53995584301941,103.2033424004305,103.52960288273114,100.0,100.0,0.0
103.52960288273114,103.85625136870546,103.51924992244287,103.84586678202726,100.0,100.0,0.0
103.84586678202726,104.17464029387249,103.83548219534906,104.16422387148533,100.0,100.0,0.0
104.16422387148533,104.48288039999407,104.15380744909818,104.4724331566784,100.0,100.0,0.0
104.4724331566784,104.79817738512119,104.46198591336274,104.78769861525967,100.0,100.0,0.0
104.78769861525967,105.10767861645529,104.77721984539815,105.09716889956533,100.0,100.0,0.0
105.09716889956533,105.41858804081859,105.08665918267538,105.40804723609499,100.0,100.0,0.0
105.40804723609499,105.71263851504172,105.39750643137138,105.7020683082109,100.0,100.0,0.0
105.7020683082109,106.02943430351218,105.69149810138008,106.01883242027014,100.0,100.0,0.0
106.01883242027014,106.35325026845912,106.00823053702811,106.34261600685844,100.0,100.0,0.0
106.34261600685844,106.6811759249209,106.33198174525775,106.67050887403349,100.0,100.0,0.0
106.67050887403349,106.99058564445097,106.65984182314608,106.9798876556854,100.0,100.0,0.0
106.9798876556854,107.32957746699405,106.96918966691983,107.31884558243581,100.0,100.0,0.0
107.31884558243581,107.66632287584976,107.30811369787757,107.65555732011775,100.0,100.0,0.0
107.65555732011775,107.98166754749899,107.64479176438574,107.97087046045294,100.0,100.0,0.0
107.97087046045294,108.29914751028413,107.9600733734069,108.28831867841629,100.0,100.0,0.0
108.28831867841629,108.63310426777798,108.27748984654845,108.62224204357362,100.0,100.0,0.0
108.62224204357362,108.95881067242705,108.61137981936926,108.94791588083896,100.0,100.0,0.0
108.94791588083896,109.28101525265359,108.93702108925088,109.2700882438292,100.0,100.0,0.0
109.2700882438292,109.6032263755082,109.25916123500483,109.59226714879333,100.0,100.0,0.0
109.59226714879333,109.93009883227795,109.58130792207845,109.9191069215858,100.0,100.0,0.0
109.9191069215858,110.27428590900786,109.90811501089364,110.26325958304956,100.0,100.0,0.0
110.26325958304956,110.60082859560082,110.25223325709126,110.58976961863895,100.0,100.0,0.0
110.58976961863895,110.93203623219067,110.57871064167709,110.92094413777689,100.0,100.0,0.0
110.92094413777689,111.27658362992365,110.9098520433631,111.26545708421523,100.0,100.0,0.0
111.26545708421523,111.62714452686266,111.2543305385068,111.6159829285698,100.0,100.0,0.0
111.6159829285698,111.95962599035579,111.60482133027695,111.94843114724107,100.0,100.0,0.0
111.94843114724107,112.28946477416058,111.93723630412634,112.27823695046553,100.0,100.0,0.0
112.27823695046553,112.63057951733506,112.26700912677047,112.61931758557651,100.0,100.0,0.0
112.61931758557651,112.97644595967454,112.60805565381796,112.96514944473006,100.0,100.0,0.0
112.96514944473006,113.30585340724853,112.95385292978558,113.29452395485305,100.0,100.0,0.0
113.29452395485305,113.67525901515953,113.28319450245756,113.66389262589693,100.0,100.0,0.0
113.66389262589693,114.01009870617361,113.65252623663434,113.99869883628998,100.0,100.0,0.0
113.99869883628998,114.36328846571237,113.98729896640634,114.35185328038433,100.0,100.0,0.0
114.35185328038433,114.36328846571237,113.98984312742327,114.00124325174845,100.0,100.0,0.0
114.00124325174845,114.01264337607363,113.65894603596317,113.67031306726989,100.0,100.0,0.0
113.67031306726989,113.6816800985766,113.34115135519497,113.35248660385535,100.0,100.0,0.0
113.35248660385535,113.36382185251574,112.99716695430018,113.00846780108029,100.0,100.0,0.0
113.00846780108029,113.01976864786039,112.63949253389934,112.6507576096603,100.0,100.0,0.0
112.6507576096603,112.66202268542126,112.30872368127841,112.31995567684609,100.0,100.0,0.0
112.31995567684609,112.33118767241378,111.97327420039029,111.98447264765505,100.0,100.0,0.0
111.98447264765505,111.99567109491981,111.61982236761307,111.63098546615969,100.0,100.0,0.0
111.63098546615969,111.6421485647063,111.30478772452352,111.31591931645517,100.0,100.0,0.0
111.31591931645517,111.32705090838681,110.96649561976074,110.97759337909865,100.0,100.0,0.0
110.97759337909865,110.98869113843656,110.62095458820814,110.63201778998713,100.0,100.0,0.0
110.63201778998713,110.64308099176613,110.30993965243903,110.32097174961399,100.0,100.0,0.0
110.32097174961399,110.33200384678895,109.98238226509717,109.99338160325749,100.0,100.0,0.0
109.99338160325749,110.0043809414178,109.65876908873335,109.66973606233958,100.0,100.0,0.0
109.66973606233958,109.68070303594581,109.33593509548948,109.34686978246772,100.0,100.0,0.0
109.34686978246772,109.35780446944597,109.03177963298437,109.0426839013745,100.0,100.0,0.0
109.0426839013745,109.05358816976464,108.70738568078889,108.71825750653954,100.0,100.0,0.0
108.71825750653954,108.7291293322902,108.37003007349175,108.38086816030777,100.0,100.0,0.0
108.38086816030777,108.39170624712379,108.01640344126923,108.02720616188542,100.0,100.0,0.0
108.02720616188542,108.0380088825016,107.68725759076965,107.698027393509,100.0,100.0,0.0
107.698027393509,107.70879719624834,107.38189354587843,107.39263280915934,100.0,100.0,0.0
107.39263280915934,107.40337207244025,107.05326919642988,107.06397559398928,100.0,100.0,0.0
107.06397559398928,107.07468199154869,106.72632345464585,106.73699715436129,100.0,100.0,0.0
106.73699715436129,106.74767085407673,106.42243054984563,106.43307385723135,100.0,100.0,0.0
106.43307385723135,106.44371716461707,106.10970419750757,106.12031622913048,100.0,100.0,0.0
106.12031622913048,106.1309282607534,105.78635010966708,105.79692980264734,100.0,100.0,0.0
105.79692980264734,105.8075094956276,105.4732075588831,105.48375593447655,100.0,100.0,0.0
105.48375593447655,105.49430431006999,105.15781630339725,105.16833313671093,100.0,100.0,0.0
105.16833313671093,105.1788499700246,104.8480494480975,104.85853530162765,100.0,100.0,0.0
104.85853530162765,104.86902115515781,104.53511788000147,104.54557243724518,100.0,100.0,0.0
104.54557243724518,104.5560269944889,104.22489343833033,104.23531697002733,100.0,100.0,0.0
104.23531697002733,104.24574050172433,103.9003123242759,103.91070339461537,100.0,100.0,0.0
103.91070339461537,103.92109446495483,103.59754344896508,103.60790423938901,100.0,100.0,0.0
103.60790423938901,103.61826502981295,103.29286367043673,103.30319398983572,100.0,100.0,0.0
103.30319398983572,103.31352430923471,102.98996650708752,103.00026653374088,100.0,100.0,0.0
103.00026653374088,103.01056656039425,102.68821043686413,102.69848028489261,100.0,100.0,0.0
102.69848028489261,102.7087501329211,102.38043668986234,102.39067575743807,100.0,100.0,0.0
102.39067575743807,102.40091482501381,102.0709063505668,102.081114462013,100.0,100.0,0.0
102.081114462013,102.09132257345921,101.73311225376041,101.74328658241865,100.0,100.0,0.0
101.74328658241865,101.75346091107689,101.42989391287314,101.4400379166648,100.0,100.0,0.0
101.4400379166648,101.45018192045647,101.09613175364699,101.10624237788477,100.0,100.0,0.0
101.10624237788477,101.11635300212255,100.797092206458,100.80717292375037,100.0,100.0,0.0
100.80717292375037,100.81725364104274,100.50244015432952,100.51249140346987,100.0,100.0,0.0
100.51249140346987,100.52254265261021,100.20823422403274,100.2182560496377,100.0,100.0,0.0
100.2182560496377,100.22827787524267,99.90622124157893,99.91621286286522,100.0,100.0,0.0
99.91621286286522,99.92620448415151,99.61554589484508,99.62550844568965,100.0,100.0,0.0
99.62550844568965,99.63547099653421,99.33075082884068,99.3406848973304,100.0,100.0,0.0
99.3406848973304,99.35061896582013,99.03080706106726,99.04071113218048,100.0,100.0,0.0
99.04071113218048,99.05061520329369,98.73314552522334,98.74301982720606,100.0,100.0,0.0
98.74301982720606,98.75289412918877,98.45000084132455,98.45984682600715,100.0,100.0,0.0
98.45984682600715,98.46969281068975,98.15709412964064,98.1669108207227,100.0,100.0,0.0
98.1669108207227,98.17672751180477,97.88637233976773,97.89616195596332,100.0,100.0,0.0
97.89616195596332,97.90595157215891,97.5907888184708,97.60054887335814,100.0,100.0,0.0
97.60054887335814,97.61030892824547,97.30198858708297,97.31171975905887,100.0,100.0,0.0
97.31171975905887,97.32145093103478,97.0021602332391,97.01186141938103,100.0,100.0,0.0
97.01186141938103,97.02156260552297,96.71446758265034,96.72413999665001,100.0,100.0,0.0
96.72413999665001,96.73381241064968,96.42027811032584,96.42992110243608,100.0,100.0,0.0
96.42992110243608,96.43956409454633,96.11591228962226,96.12552484210647,100.0,100.0,0.0
96.12552484210647,96.13513739459069,95.80965730954824,95.81923923347159,100.0,100.0,0.0
95.81923923347159,95.82882115739494,95.52633242743929,95.53588601604089,100.0,100.0,0.0
95.53588601604089,95.5454396046425,95.23227207709073,95.2417962567164,100.0,100.0,0.0
95.2417962567164,95.25132043634207,94.9459668959154,94.95546244215961,100.0,100.0,0.0
94.95546244215961,94.96495798840382,94.66090045314574,94.67036748989473,100.0,100.0,0.0
94.67036748989473,94.67983452664372,94.37322959399471,94.38266786078078,100.0,100.0,0.0
94.38266786078078,94.39210612756686,94.10645117093087,94.11586275720659,100.0,100.0,0.0
94.11586275720659,94.1252743434823,93.82240227155194,93.83178545009694,100.0,100.0,0.0
93.83178545009694,93.84116862864195,93.53588468250891,93.54523920642954,100.0,100.0,0.0
93.54523920642954,93.55459373035018,93.24645639765534,93.25578197585293,100.0,100.0,0.0
93.25578197585293,93.26510755405052,92.97494364587016,92.98424207007716,100.0,100.0,0.0
92.98424207007716,92.99354049428416,92.69256069593713,92.70183087902504,100.0,100.0,0.0
92.70183087902504,92.71110106211295,92.4262730892875,92.4355166409516,100.0,100.0,0.0
92.4355166409516,92.4447601926157,92.15428946491063,92.16350581549219,100.0,100.0,0.0
92.16350581549219,92.17272216607374,91.873834575552,91.88302287783978,100.0,100.0,0.0
91.88302287783978,91.89221118012756,91.6026541327451,91.61181531427653,100.0,100.0,0.0
91.61181531427653,91.62097649580795,91.33325913784564,91.34239337718336,100.0,100.0,0.0
91.34239337718336,91.35152761652107,91.05212751318174,91.0612336365454,100.0,100.0,0.0
91.0612336365454,91.07033975990905,90.78161999496845,90.79069906487494,100.0,100.0,0.0
90.79069906487494,90.79977813478143,90.51294128665744,90.52199348600604,100.0,100.0,0.0
90.52199348600604,90.53104568535464,90.24261836755234,90.25164353190553,100.0,100.0,0.0
90.25164353190553,90.26066869625872,89.97788677065125,89.98688545919717,100.0,100.0,0.0
89.98688545919717,89.99588414774308,89.70718676606742,89.71615838190561,100.0,100.0,0.0
89.71615838190561,89.7251299977438,89.45273122085801,89.46167738859687,100.0,100.0,0.0
89.46167738859687,89.47062355633572,89.20760489073565,89.21652654338999,100.0,100.0,0.0
89.21652654338999,89.22544819604433,88.93691149511506,88.94580607572263,100.0,100.0,0.0
88.94580607572263,89.20505322222913,88.93691149511506,89.19613360886824,100.0,100.0,0.0
89.19613360886824,89.47664272025905,89.18721399550735,89.46769595066398,100.0,100.0,0.0
89.46769595066398,89.74971681405546,89.45874918106891,89.74074273978148,100.0,100.0,0.0
89.74074273978148,90.02094222540164,89.7317686655075,90.0119410312985,100.0,100.0,0.0
90.0119410312985,90.2802489989697,90.00293983719537,90.27122187678202,100.0,100.0,0.0
90.27122187678202,90.55504987920483,90.26219475459435,90.54599527967686,100.0,100.0,0.0
90.54599527967686,90.83507616762138,90.53694068014889,90.82599356826455,100.0,100.0,0.0
90.82599356826455,91.1006710610683,90.81691096890772,91.0915619048778,100.0,100.0,0.0
91.0915619048778,91.39136788978755,91.08245274868732,91.38222966682086,100.0,100.0,0.0
91.38222966682086,91.6585406558713,91.37309144385418,91.64937571829948,100.0,100.0,0.0
91.64937571829948,91.94135029724332,91.64021078072766,91.93215708153517,100.0,100.0,0.0
91.93215708153517,92.21654751462785,91.92296386582701,92.20732678194966,100.0,100.0,0.0
92.20732678194966,92.48042628727052,92.19810604927147,92.47117916935359,100.0,100.0,0.0
92.47117916935359,92.75858301424796,92.46193205143666,92.74930808343962,100.0,100.0,0.0
92.74930808343962,93.036504698568,92.74003315263127,93.02720197837016,100.0,100.0,0.0
93.02720197837016,93.34117320276486,93.01789925817232,93.33184001876299,100.0,100.0,0.0
93.33184001876299,93.63217597811044,93.32250683476111,93.62281369674076,100.0,100.0,0.0
93.62281369674076,93.93183211166645,93.61345141537109,93.92243986767969,100.0,100.0,0.0
93.92243986767969,94.22863583968656,93.91304762369292,94.21921391829473,100.0,100.0,0.0
94.21921391829473,94.512627174274,94.2097919969029,94.50317685658834,100.0,100.0,0.0
94.50317685658834,94.79118208891812,94.49372653890268,94.78170391852626,100.0,100.0,0.0
94.78170391852626,95.09365483265728,94.7722257481344,95.08414641801548,100.0,100.0,0.0
95.08414641801548,95.3692748815553,95.07463800337368,95.35973890766454,100.0,100.0,0.0
95.35973890766454,95.6566716500517,95.35020293377377,95.64710693935777,100.0,100.0,0.0
95.64710693935777,95.9388692534776,95.63754222866383,95.92927632584502,100.0,100.0,0.0
95.92927632584502,96.23438971993902,95.91968339821244,96.2247672432147,100.0,100.0,0.0
96.2247672432147,96.54325862321178,96.21514476649038,96.53360526268551,100.0,100.0,0.0
96.53360526268551,96.83176872843185,96.52395190215924,96.82208651977987,100.0,100.0,0.0
96.82208651977987,97.1131147110734,96.81240431112789,97.10340437063633,100.0,100.0,0.0
97.10340437063633,97.41557291180477,97.09369403019926,97.40583232857192,100.0,100.0,0.0
97.40583232857192,97.69330921522898,97.39609174533906,97.68354086114286,100.0,100.0,0.0
97.68354086114286,97.9907188878061,97.67377250705674,97.98092079572652,100.0,100.0,0.0
97.98092079572652,98.27964699724609,97.97112270364694,98.26982001524456,100.0,100.0,0.0
98.26982001524456,98.58049663543413,98.25999303324303,98.57063957147699,100.0,100.0,0.0
98.57063957147699,98.8815705072747,98.56078250751985,98.87168333894081,100.0,100.0,0.0
98.87168333894081,99.16921312729171,98.86179617060692,99.15929719757196,100.0,100.0,0.0
99.15929719757196,99.48638519842811,99.1493812678522,99.47643755467264,100.0,100.0,0.0
99.47643755467264,99.79974575747526,99.46648991091718,99.78976678079718,100.0,100.0,0.0
99.78976678079718,100.09110134595853,99.7797878041191,100.08109323663487,100.0,100.0,0.0
100.08109323663487,100.38097543715816,100.0710851273112,100.37093834332383,100.0,100.0,0.0
100.37093834332383,100.67901157141468,100.3609012494895,100.66894467694698,100.0,100.0,0.0
100.66894467694698,100.9687484400429,100.65887778247928,100.95865257478542,100.0,100.0,0.0
100.95865257478542,101.2617743258422,100.94855670952794,101.2516491609261,100.0,100.0,0.0
101.2516491609261,101.57717389993051,101.24152399601002,101.56701719821069,100.0,100.0,0.0
101.56701719821069,101.88316241805545,101.55686049649087,101.8729751205434,100.0,100.0,0.0
101.8729751205434,102.19744063282211,101.86278782303135,102.18722191063105,100.0,100.0,0.0
102.18722191063105,102.52700824641366,102.17700318844,102.51675657075658,100.0,100.0,0.0
102.51675657075658,102.83433918793986,102.50650489509951,102.82405678226164,100.0,100.0,0.0
102.82405678226164,103.13821417807513,102.81377437658341,103.12790138793633,100.0,100.0,0.0
103.12790138793633,103.44821529740078,103.11758859779754,103.43787151024975,100.0,100.0,0.0
103.43787151024975,103.77023327687823,103.42752772309872,103.75985729114912,100.0,100.0,0.0
103.75985729114912,104.08491719475752,103.74948130542,104.07450974378314,100.0,100.0,0.0
104.07450974378314,104.37874238169896,104.06410229280876,104.36830555114385,100.0,100.0,0.0
104.36830555114385,104.68574770591492,104.35786872058874,104.67528017789714,100.0,100.0,0.0
104.67528017789714,104.98533285826846,104.66481264987935,104.97483537473099,100.0,100.0,0.0
104.97483537473099,104.98533285826846,104.63924283566682,104.64970780644747,100.0,100.0,0.0
104.64970780644747,104.66017277722811,104.31019416813396,104.32062623075704,100.0,100.0,0.0
104.32062623075704,104.33105829338012,104.00346081161564,104.01386219783542,100.0,100.0,0.0
104.01386219783542,104.0242635840552,103.70083867044924,103.71120979142839,100.0,100.0,0.0
103.71120979142839,103.72158091240753,103.3889558461512,103.39929577572877,100.0,100.0,0.0
103.39929577572877,103.40963570530634,103.0686977558625,103.07900565642814,100.0,100.0,0.0
103.07900565642814,103.08931355699377,102.76152327266936,102.77180045271463,100.0,100.0,0.0
102.77180045271463,102.7820776327599,102.45420763721398,102.46445408262224,100.0,100.0,0.0
102.46445408262224,102.4747005280305,102.13791132579247,102.14812613840631,100.0,100.0,0.0
102.14812613840631,102.15834095102015,101.82370198421405,101.83388537275133,100.0,100.0,0.0
101.83388537275133,101.8440687612886,101.51773707261881,101.52788986160498,100.0,100.0,0.0
101.52788986160498,101.53804265059114,101.21116677366724,101.2212889025575,100.0,100.0,0.0
101.2212889025575,101.23141103144776,100.90211387907058,100.91220509958055,100.0,100.0,0.0
100.91220509958055,100.92229632009051,100.6000177707928,100.61007877867067,100.0,100.0,0.0
100.61007877867067,100.62013978654853,100.29973950118809,100.3097704782359,100.0,100.0,0.0
100.3097704782359,100.31980145528372,100.00588612526542,100.01588771403682,100.0,100.0,0.0
100.01588771403682,100.02588930280822,99.71801664321394,99.72798944215816,100.0,100.0,0.0
99.72798944215816,99.73796224110238,99.41599036711509,99.42593296041113,100.0,100.0,0.0
99.42593296041113,99.43587555370718,99.1225867187357,99.13249996873257,100.0,100.0,0.0
99.13249996873257,99.14241321872944,98.83283103185595,98.84271530338629,100.0,100.0,0.0
98.84271530338629,98.85259957491662,98.52005915427401,98.52991214548855,100.0,100.0,0.0
98.52991214548855,98.5397651367031,98.22518210233778,98.23500560289807,100.0,100.0,0.0
98.23500560289807,98.24482910345836,97.92800291870556,97.9377966983754,100.0,100.0,0.0
97.9377966983754,97.94759047804523,97.63743602119875,97.64720074127288,100.0,100.0,0.0
97.64720074127288,97.65696546134701,97.36465282026094,97.37439025928687,100.0,100.0,0.0
97.37439025928687,97.3841276983128,97.07061103012767,97.08031906203387,100.0,100.0,0.0
97.08031906203387,97.09002709394007,96.78749851369795,96.7971782315211,100.0,100.0,0.0
96.7971782315211,96.80685794934425,96.50731506016403,96.51696675683972,100.0,100.0,0.0
96.51696675683972,96.52661845351541,96.22380902450074,96.2334323677375,100.0,100.0,0.0
96.2334323677375,96.24305571097428,95.94123013466834,95.95082521719006,100.0,100.0,0.0
95.95082521719006,95.96042029971177,95.64320262977708,95.65276790656773,100.0,100.0,0.0
95.65276790656773,95.66233318335838,95.35573090981357,95.36526743655723,100.0,100.0,0.0
95.36526743655723,95.37480396330089,95.07061601278835,95.08012402519087,100.0,100.0,0.0
95.08012402519087,95.08963203759339,94.78450013641374,94.79397953436718,100.0,100.0,0.0
94.79397953436718,94.80345893232062,94.4941153757158,94.50356573228902,100.0,100.0,0.0
94.50356573228902,94.51301608886224,94.2174021502929,94.22682483277617,100.0,100.0,0.0
94.22682483277617,94.23624751525945,93.93505724749822,93.94445169266749,100.0,100.0,0.0
93.94445169266749,93.95384613783675,93.64117211297882,93.65053716669549,100.0,100.0,0.0
93.65053716669549,93.65990222041215,93.35513666402507,93.3644731113362,100.0,100.0,0.0
93.3644731113362,93.37380955864732,93.062212813223,93.07151996521952,100.0,100.0,0.0
93.07151996521952,93.08082711721605,92.77000403548817,92.77928196368454,100.0,100.0,0.0
92.77928196368454,92.78855989188091,92.49864254740201,92.50789333673569,100.0,100.0,0.0
92.50789333673569,92.51714412606937,92.22593661086582,92.2351601268785,100.0,100.0,0.0
92.2351601268785,92.24438364289118,91.9647410902642,91.97393848411261,100.0,100.0,0.0
91.97393848411261,91.98313587796102,91.6779985362932,91.6871672530185,100.0,100.0,0.0
91.6871672530185,91.6963359697438,91.4082929054185,91.41743464888339,100.0,100.0,0.0
91.41743464888339,91.42657639234827,91.13917366001483,91.14828848886371,100.0,100.0,0.0
91.14828848886371,91.15740331771259,90.87141941682056,90.88050746756731,100.0,100.0,0.0
90.88050746756731,90.88959551831407,90.60557576972815,90.61463723345149,100.0,100.0,0.0
90.61463723345149,90.62369869717483,90.33935080180737,90.3483856403714,100.0,100.0,0.0
90.3483856403714,90.35742047893544,90.06933593232887,90.07834376670554,100.0,100.0,0.0
90.07834376670554,90.08735160108222,89.79285703966487,89.80183722338721,100.0,100.0,0.0
89.80183722338721,89.81081740710955,89.53304333847382,89.54199753822763,100.0,100.0,0.0
89.54199753822763,89.55095173798145,89.24259426047725,89.25151941241849,100.0,100.0,0.0
89.25151941241849,89.26044456435973,88.96648861898925,88.975386157605,100.0,100.0,0.0
88.975386157605,88.98428369622076,88.70092611333222,88.70979709304152,100.0,100.0,0.0
88.70979709304152,88.71866807275082,88.42614060657576,88.43498410498626,100.0,100.0,0.0
88.43498410498626,88.44382760339676,88.16360774300118,88.17242498549973,100.0,100.0,0.0
88.17242498549973,88.18124222799828,87.89128272015323,87.90007272742596,100.0,100.0,0.0
87.90007272742596,87.9088627346987,87.64030551396961,87.64907042101171,100.0,100.0,0.0
87.64907042101171,87.65783532805382,87.37298982473162,87.38172799753137,100.0,100.0,0.0
87.38172799753137,87.39046617033112,87.10425090107775,87.11296219729748,100.0,100.0,0.0
87.11296219729748,87.1216734935172,86.83997928734559,86.84866415376096,100.0,100.0,0.0
86.84866415376096,86.85734902017634,86.58318346811492,86.59184265238017,100.0,100.0,0.0
86.59184265238017,86.6005018366454,86.318132415188,86.32676509169717,100.0,100.0,0.0
86.32676509169717,86.33539776820633,86.04903362575934,86.05763938969831,100.0,100.0,0.0
86.05763938969831,86.06624515363728,85.78782207614206,85.7964017163137,100.0,100.0,0.0
85.7964017163137,85.80498135648533,85.52089727909811,85.52945022412052,100.0,100.0,0.0
85.52945022412052,85.53800316914294,85.2623849200869,85.27091201128803,100.0,100.0,0.0
85.27091201128803,85.27943910248916,85.0048985396238,85.01339987961175,100.0,100.0,0.0
85.01339987961175,85.02190121959971,84.74412934151007,84.75260460197028,100.0,100.0,0.0
84.75260460197028,84.76107986243048,84.49543531426045,84.50388570283073,100.0,100.0,0.0
84.50388570283073,84.51233609140101,84.25076501212388,84.259190931217,100.0,100.0,0.0
84.259190931217,84.26761685031013,83.98280102106756,83.99120014108166,100.0,100.0,0.0
83.99120014108166,83.99959926109577,83.74640720981775,83.75478268808655,100.0,100.0,0.0
83.75478268808655,83.76315816635535,83.4960928803153,83.50444332464777,100.0,100.0,0.0
83.50444332464777,83.51279376898023,83.24815079721115,83.25647644485564,100.0,100.0,0.0
83.25647644485564,83.26480209250012,82.98727627994816,82.99557583753192,100.0,100.0,0.0
82.99557583753192,83.23584413696167,82.98727627994816,83.22752138482319,100.0,100.0,0.0
83.22752138482319,83.50109618747379,83.21919863268471,83.49274691278251,100.0,100.0,0.0
83.49274691278251,83.75394414434021,83.48439763809122,83.74556958738147,100.0,100.0,0.0
83.74556958738147,84.01572371285587,83.73719503042273,84.00732298055782,100.0,100.0,0.0
84.00732298055782,84.27357307492369,83.99892224825976,84.26514656026767,100.0,100.0,0.0
84.26514656026767,84.51705336887807,84.25672004561164,84.5086025086272,100.0,100.0,0.0
84.5086025086272,84.76995520452934,84.50015164837635,84.76147905662367,100.0,100.0,0.0
84.76147905662367,85.02517723370988,84.753002908718,85.01667556615327,100.0,100.0,0.0
85.01667556615327,85.28062988257714,85.00817389859665,85.27210267230991,100.0,100.0,0.0
85.27210267230991,85.53579270021852,85.26357546204268,85.5272399762209,100.0,100.0,0.0
85.5272399762209,85.79899246906764,85.51868725222327,85.79041342772487,100.0,100.0,0.0
85.79041342772487,86.04918139034318,85.7818343863821,86.04057733260991,100.0,100.0,0.0
86.04057733260991,86.29890527007841,86.03197327487665,86.29027624245417,100.0,100.0,0.0
86.29027624245417,86.55395863065819,86.28164721482993,86.54530410024816,100.0,100.0,0.0
86.54530410024816,86.81637094100496,86.53664956983813,86.80769017198776,100.0,100.0,0.0
86.80769017198776,87.07153373672773,86.79900940297055,87.06282745398234,100.0,100.0,0.0
87.06282745398234,87.33096838963401,87.05412117123694,87.3222361660174,100.0,100.0,0.0
87.3222361660174,87.60098007201891,87.3135039424008,87.59222084993392,100.0,100.0,0.0
87.59222084993392,87.86961321506725,87.58346162784893,87.86082713235402,100.0,100.0,0.0
87.86082713235402,88.12907544393873,87.85204104964079,88.12026341759697,100.0,100.0,0.0
88.12026341759697,88.36934717263452,88.11145139125522,88.36051112152236,100.0,100.0,0.0
88.36051112152236,88.62378310505439,88.35167507041021,88.6149216128931,100.0,100.0,0.0
88.6149216128931,88.88918684622915,88.60606012073181,88.88029881634752,100.0,100.0,0.0
88.88029881634752,89.16070497720094,88.87141078646589,89.15178979822112,100.0,100.0,0.0
89.15178979822112,89.42003455967571,89.1428746192413,89.41109345033068,100.0,100.0,0.0
89.41109345033068,89.69279058157842,89.40215234098565,89.68382219935849,100.0,100.0,0.0
89.68382219935849,89.95818471049876,89.67485381713855,89.9491897915196,100.0,100.0,0.0
89.9491897915196,90.23227397405009,89.94019487254045,90.2232516488852,100.0,100.0,0.0
90.2232516488852,90.49161664413451,90.2142293237203,90.48256838729579,100.0,100.0,0.0
90.48256838729579,90.76124140519197,90.47352013045706,90.75216618857311,100.0,100.0,0.0
90.75216618857311,91.03188052922616,90.74309097195426,91.02277825140102,100.0,100.0,0.0
91.02277825140102,91.30918442323382,91.01367597357589,91.30005441779204,100.0,100.0,0.0
91.30005441779204,91.57677306842903,91.29092441235026,91.56761630679836,100.0,100.0,0.0
91.56761630679836,91.85350381087925,91.55845954516768,91.84431937894135,100.0,100.0,0.0
91.84431937894135,92.11836692984083,91.83513494700345,92.1091560142394,100.0,100.0,0.0
92.1091560142394,92.39104048526487,92.09994509863797,92.38180230503437,100.0,100.0,0.0
92.38180230503437,92.64621422958695,92.37256412480387,92.6369505345335,100.0,100.0,0.0
92.6369505345335,92.91808737313329,92.62768683948005,92.90879649348395,100.0,100.0,0.0
92.90879649348395,93.18684672943293,92.8995056138346,93.17752897653527,100.0,100.0,0.0
93.17752897653527,93.47103742989079,93.16821122363761,93.46169126076471,100.0,100.0,0.0
93.46169126076471,93.74489298222638,93.45234509163863,93.73551943028335,100.0,100.0,0.0
93.73551943028335,94.02963208269757,93.72614587834032,94.02023005969161,100.0,100.0,0.0
94.02023005969161,94.31478837086212,94.01082803668565,94.30535783507861,100.0,100.0,0.0
94.30535783507861,94.59464409830004,94.2959272992951,94.58518557974206,100.0,100.0,0.0
94.58518557974206,94.88078323076789,94.57572706118408,94.87129610115777,100.0,100.0,0.0
94.87129610115777,95.1862311559564,94.86180897154765,95.17671348460794,100.0,100.0,0.0
95.17671348460794,95.46817079141374,95.16719581325948,95.45862492892086,100.0,100.0,0.0
95.45862492892086,95.74330316908728,95.44907906642797,95.73372979610767,100.0,100.0,0.0
95.73372979610767,96.0250819331653,95.72415642312805,96.01548038512678,100.0,100.0,0.0
96.01548038512678,96.31616473894906,96.00587883708826,96.3065340855405,100.0,100.0,0.0
96.3065340855405,96.61018364641932,96.29690343213196,96.60052359405991,100.0,100.0,0.0
96.60052359405991,96.8989793109544,96.5908635417005,96.88929038191621,100.0,100.0,0.0
96.88929038191621,97.18924667578885,96.87960145287802,97.17952872291656,100.0,100.0,0.0
97.17952872291656,97.47984069661231,97.16981077004426,97.47009368724359,100.0,100.0,0.0
97.47009368724359,97.748477024461,97.46034667787487,97.73870315414558,100.0,100.0,0.0
97.73870315414558,98.0472556646495,97.72892928383017,98.03745191945755,100.0,100.0,0.0
98.03745191945755,98.34320508973012,98.02764817426561,98.33337175255487,100.0,100.0,0.0
98.33337175255487,98.64293058346931,98.32353841537962,98.63306727674164,100.0,100.0,0.0
98.63306727674164,98.94883386782146,98.62320397001398,98.93893997382408,100.0,100.0,0.0
98.93893997382408,99.25290642074032,98.92904607982669,99.24298212252806,100.0,100.0,0.0
99.24298212252806,99.56185376400424,99.23305782431581,99.55189857414683,100.0,100.0,0.0
99.55189857414683,99.86114631858239,99.54194338428943,99.85116120246214,100.0,100.0,0.0
99.85116120246214,100.15590677486523,99.84117608634189,100.14589218564667,100.0,100.0,0.0
100.14589218564667,100.46265336307347,100.13587759642812,100.45260810226324,100.0,100.0,0.0
100.45260810226324,100.74899565037587,100.44256284145301,100.73892175820005,100.0,100.0,0.0
100.73892175820005,101.06386577132837,100.72884786602422,101.05376039528883,100.0,100.0,0.0
101.05376039528883,101.36413244295329,101.0436550192493,101.35399704324897,100.0,100.0,0.0
101.35399704324897,101.67262357518496,101.34386164354464,101.66245732945201,100.0,100.0,0.0
101.66245732945201,101.97115409761165,101.65229108371906,101.96095800181146,100.0,100.0,0.0
101.96095800181146,101.97115409761165,101.64560816398843,101.65577374136257,100.0,100.0,0.0
101.65577374136257,101.6659393187367,101.34944350564702,101.35957946359338,100.0,100.0,0.0
101.35957946359338,101.36971542153974,101.03575935140968,101.04586393780346,100.0,100.0,0.0
101.04586393780346,101.05596852419724,100.71976892856209,100.72984191275336,100.0,100.0,0.0
100.72984191275336,100.73991489694463,100.41625208239152,100.42629471186271,100.0,100.0,0.0
100.42629471186271,100.4363373413339,100.10563941239946,100.11565097749721,100.0,100.0,0.0
100.11565097749721,100.12566254259497,99.81975570555616,99.8297386794241,100.0,100.0,0.0
99.8297386794241,99.83972165329203,99.51825202872112,99.52820484920605,100.0,100.0,0.0
99.52820484920605,99.53815766969097,99.21903572489309,99.22895862075517,100.0,100.0,0.0
99.22895862075517,99.23888151661724,98.9211672916688,98.93106039770856,100.0,100.0,0.0
98.93106039770856,98.94095350374833,98.61575931049163,98.62562187267889,100.0,100.0,0.0
98.62562187267889,98.63548443486616,98.31103814308985,98.32087023011286,100.0,100.0,0.0
98.32087023011286,98.33070231713587,98.03719552899368,98.04700022901658,100.0,100.0,0.0
98.04700022901658,98.05680492903947,97.76114774057905,97.77092483306235,100.0,100.0,0.0
97.77092483306235,97.78070192554566,97.4638866821659,97.47363404557046,100.0,100.0,0.0
97.47363404557046,97.48338140897502,97.17191530436446,97.18163346771124,100.0,100.0,0.0
97.18163346771124,97.19135163105801,96.88667483986133,96.89636447630896,100.0,100.0,0.0
96.89636447630896,96.90605411275659,96.59195196127895,96.6016121224912,100.0,100.0,0.0
96.6016121224912,96.61127228370346,96.29256512593496,96.3021953454695,100.0,100.0,0.0
96.3021953454695,96.31182556500404,96.0043638743512,96.01396527087829,100.0,100.0,0.0
96.01396527087829,96.02356666740538,95.72109987300819,95.73067294030221,100.0,100.0,0.0
95.73067294030221,95.74024600759624,95.44633167466685,95.45587726239309,100.0,100.0,0.0
95.45587726239309,95.46542285011932,95.17477472086327,95.18429315017829,100.0,100.0,0.0
95.18429315017829,95.19381157949331,94.89229196828363,94.90178214649828,100.0,100.0,0.0
94.90178214649828,94.91127232471293,94.61424411585425,94.6237064865029,100.0,100.0,0.0
94.6237064865029,94.63316885715155,94.33171004266357,94.34114415707928,100.0,100.0,0.0
94.34114415707928,94.350578271495,94.06329226822858,94.07269953818239,100.0,100.0,0.0
94.07269953818239,94.0821068081362,93.7721066620526,93.78148481053364,100.0,100.0,0.0
93.78148481053364,93.79086295901469,93.50240347445539,93.51175464992038,100.0,100.0,0.0
93.51175464992038,93.52110582538536,93.21094868268284,93.22027070975382,100.0,100.0,0.0
93.22027070975382,93.2295927368248,92.93516172913364,92.94445617475111,100.0,100.0,0.0
92.94445617475111,92.95375062036858,92.66563999145185,92.67490748220007,100.0,100.0,0.0
92.67490748220007,92.68417497294828,92.38800220537121,92.39724192956416,100.0,100.0,0.0
92.39724192956416,92.40648165375711,92.10867075939022,92.11788254764498,100.0,100.0,0.0
92.11788254764498,92.12709433589974,91.84020725256974,91.84939219178892,100.0,100.0,0.0
91.84939219178892,91.8585771310081,91.56501871382522,91.57417613143836,100.0,100.0,0.0
91.57417613143836,91.5833335490515,91.28284117829013,91.29197037532767,100.0,100.0,0.0
91.29197037532767,91.3010995723652,91.00088615195415,91.00998715066922,100.0,100.0,0.0
91.00998715066922,91.01908814938429,90.72171555650314,90.73078863536668,100.0,100.0,0.0
90.73078863536668,90.73986171423022,90.45402074918006,90.46306705588565,100.0,100.0,0.0
90.46306705588565,90.47211336259123,90.17302046457067,90.18203866843751,100.0,100.0,0.0
90.18203866843751,90.19105687230436,89.9081693779757,89.9171610940851,100.0,100.0,0.0
89.9171610940851,89.92615281019451,89.63097279355725,89.63993678723597,100.0,100.0,0.0
89.63993678723597,89.64890078091469,89.36487365854113,89.37381103964509,100.0,100.0,0.0
89.37381103964509,89.38274842074905,89.091606259034,89.10051631066506,100.0,100.0,0.0
89.10051631066506,89.10942636229612,88.8185342811645,88.82741702286678,100.0,100.0,0.0
88.82741702286678,88.83629976456906,88.55282860654252,88.56168477502003,100.0,100.0,0.0
88.56168477502003,88.57054094349753,88.28259705990496,88.29142620252522,100.0,100.0,0.0
88.29142620252522,88.30025534514547,88.0219806232491,88.03078370161927,100.0,100.0,0.0
88.03078370161927,88.03958677998943,87.75274537540996,87.7615215275627,100.0,100.0,0.0
87.7615215275627,87.77029767971545,87.47323724121776,87.48198543976173,100.0,100.0,0.0
87.48198543976173,87.4907336383057,87.19381494796788,87.20253520148803,100.0,100.0,0.0
87.20253520148803,87.21125545500819,86.91991156664692,86.92860442708962,100.0,100.0,0.0
86.92860442708962,86.93729728753233,86.66656505196939,86.67523257522691,100.0,100.0,0.0
86.67523257522691,86.68390009848444,86.40770564813087,86.41634728285916,100.0,100.0,0.0
86.41634728285916,86.42498891758746,86.13943725066332,86.1480520558689,100.0,100.0,0.0
86.1480520558689,86.15666686107448,85.8775663103067,85.88615492579929,100.0,100.0,0.0
85.88615492579929,85.89474354129187,85.62861443416584,85.63717815198103,100.0,100.0,0.0
85.63717815198103,85.64574186979623,85.36103045128087,85.36956740802167,100.0,100.0,0.0
85.36956740802167,85.37810436476246,85.10932884497075,85.11784062903365,100.0,100.0,0.0
85.11784062903365,85.12635241309655,84.86064887530671,84.8691357888856,100.0,100.0,0.0
84.8691357888856,84.87762270246449,84.59399131059862,84.6024515557542,100.0,100.0,0.0
84.6024515557542,84.61091180090978,84.33825829207329,84.34669296136943,100.0,100.0,0.0
84.34669296136943,84.35512763066556,84.07169852406633,84.0801065347198,100.0,100.0,0.0
84.0801065347198,84.08851454537327,83.82658853718911,83.83497203439255,100.0,100.0,0.0
83.83497203439255,83.84335553159599,83.57087235451449,83.57923027754225,100.0,100.0,0.0
83.57923027754225,83.58758820057001,83.30940086429098,83.31773263755473,100.0,100.0,0.0
83.31773263755473,83.32606441081847,83.06023113903136,83.06853799283064,100.0,100.0,0.0
83.06853799283064,83.07684484662992,82.81015845659041,82.81844030062048,100.0,100.0,0.0
82.81844030062048,82.82672214465055,82.56463477832537,82.57289206753212,100.0,100.0,0.0
82.57289206753212,82.58114935673888,82.3054684798005,82.31369984978548,100.0,100.0,0.0
82.31369984978548,82.32193121977046,82.07402041472281,82.08222863758657,100.0,100.0,0.0
82.08222863758657,82.09043686045032,81.8309733524824,81.83915726820922,100.0,100.0,0.0
81.83915726820922,81.84734118393604,81.57843165268451,81.58659031171568,100.0,100.0,0.0
81.58659031171568,81.59474897074685,81.34583195981617,81.35396735655182,100.0,100.0,0.0
81.35396735655182,81.36210275328747,81.10281618072706,81.11092727345441,100.0,100.0,0.0
81.11092727345441,81.11903836618175,80.8532070446428,80.86129317396019,100.0,100.0,0.0
80.86129317396019,80.86937930327758,80.60803454627937,80.61609615589497,100.0,100.0,0.0
80.61609615589497,80.62415776551056,80.37006268417407,80.37810049422349,100.0,100.0,0.0
80.37810049422349,80.3861383042729,80.13329711205004,80.14131124317436,100.0,100.0,0.0
80.14131124317436,80.14932537429867,79.89750329834237,79.90549384772714,100.0,100.0,0.0
79.90549384772714,79.91348439711192,79.66059040185957,79.66855725758532,100.0,100.0,0.0
79.66855725758532,79.67652411331107,79.42826843359036,79.43621205479585,100.0,100.0,0.0
79.43621205479585,79.44415567600133,79.18948936968229,79.19740911059336,100.0,100.0,0.0
79.19740911059336,79.20532885150442,78.94995218940852,78.95784797420595,100.0,100.0,0.0
78.95784797420595,78.96574375900337,78.71269579312484,78.72056784990983,100.0,100.0,0.0
78.72056784990983,78.72843990669482,78.48558668502211,78.49343602862497,100.0,100.0,0.0
78.49343602862497,78.50128537222783,78.25236339048327,78.26018940942421,100.0,100.0,0.0
78.26018940942421,78.26801542836516,78.00481466319839,78.01261592479086,100.0,100.0,0.0
78.01261592479086,78.02041718638334,77.76237166816179,77.77014868303009,100.0,100.0,0.0
77.77014868303009,77.77792569789838,77.52159558894417,77.52934852379654,100.0,100.0,0.0
77.52934852379654,77.53710145864892,77.2899286515926,77.29765841743435,100.0,100.0,0.0
77.29765841743435,77.3053881832761,77.0706411124207,77.07834894731543,100.0,100.0,0.0
77.07834894731543,77.30527126721918,77.0706411124207,77.29754151306788,100.0,100.0,0.0
77.29754151306788,77.52450433035617,77.28981175891658,77.51675265509066,100.0,100.0,0.0
77.51675265509066,77.7449226942748,77.50900097982515,77.73714897937687,100.0,100.0,0.0
77.73714897937687,77.97750331351469,77.72937526447893,77.9697063428804,100.0,100.0,0.0
77.9697063428804,78.2067404872586,77.96190937224611,78.19892059519908,100.0,100.0,0.0
78.19892059519908,78.44767729181582,78.19110070313957,78.43983330848498,100.0,100.0,0.0
78.43983330848498,78.66872370989682,78.43198932515413,78.66085762413441,100.0,100.0,0.0
78.66085762413441,78.9077190734453,78.65299153837199,78.89982909053626,100.0,100.0,0.0
78.89982909053626,79.13967452742007,78.89193910762721,79.13176135128494,100.0,100.0,0.0
79.13176135128494,79.38577709786011,79.1238481751498,79.37783931392872,100.0,100.0,0.0
79.37783931392872,79.62448353520038,79.36990152999732,79.61652188301208,100.0,100.0,0.0
79.61652188301208,79.85780614704612,79.60856023082378,79.84982116492962,100.0,100.0,0.0
79.84982116492962,80.08688338904346,79.84183618281313,80.07887550149331,100.0,100.0,0.0
80.07887550149331,80.33663554535667,80.07086761394316,80.32860268508816,100.0,100.0,0.0
80.32860268508816,80.57382189931113,80.32056982481964,80.56576532277884,100.0,100.0,0.0
80.56576532277884,80.8054927278868,80.55770874624656,80.79741298658814,100.0,100.0,0.0
80.79741298658814,81.0407699286676,80.78933324528948,81.0326666620014,100.0,100.0,0.0
81.0326666620014,81.28481973222519,81.0245633953352,81.27669206301888,100.0,100.0,0.0
81.27669206301888,81.53048307682604,81.26856439381258,81.52233084374167,100.0,100.0,0.0
81.52233084374167,81.77008205767281,81.5141786106573,81.7619058670861,100.0,100.0,0.0
81.7619058670861,82.01371769373608,81.75372967649939,82.00551714202189,100.0,100.0,0.0
82.00551714202189,82.25635333846647,81.99731659030769,82.24812852561391,100.0,100.0,0.0
82.24812852561391,82.51260446500726,82.23990371276135,82.5043540296043,100.0,100.0,0.0
82.5043540296043,82.75446767307886,82.49610359420134,82.74619305377348,100.0,100.0,0.0
82.74619305377348,82.99554822559605,82.7379184344681,82.98724950064599,100.0,100.0,0.0
82.98724950064599,83.23542052326917,82.97895077569592,83.22709781348782,100.0,100.0,0.0
83.22709781348782,83.48280335886552,83.21877510370646,83.4744559132742,100.0,100.0,0.0
83.4744559132742,83.7400104807463,83.46610846768287,83.7316373170146,100.0,100.0,0.0
83.7316373170146,83.99128070673899,83.7232641532829,83.98288241849714,100.0,100.0,0.0
83.98288241849714,84.24284415295298,83.97448413025529,84.23442071088189,100.0,100.0,0.0
84.23442071088189,84.50449432259684,84.2259972688108,84.49604471812503,100.0,100.0,0.0
84.49604471812503,84.76462867861468,84.48759511365323,84.75615306330836,100.0,100.0,0.0
84.75615306330836,85.02074862862493,84.74767744800204,85.01224740388454,100.0,100.0,0.0
85.01224740388454,85.29249492422738,85.00374617914416,85.28396652757463,100.0,100.0,0.0
85.28396652757463,85.5355034205994,85.27543813092188,85.52695072552685,100.0,100.0,0.0
85.52695072552685,85.80296070248518,85.51839803045429,85.79438126435875,100.0,100.0,0.0
85.79438126435875,86.06661417931412,85.78580182623232,86.05800837847627,100.0,100.0,0.0
86.05800837847627,86.31404181888297,86.04940257763843,86.3054112777552,100.0,100.0,0.0
86.3054112777552,86.58348508669746,86.29678073662743,86.57482760393707,100.0,100.0,0.0
86.57482760393707,86.8537307334878,86.56617012117667,86.8450462288649,100.0,100.0,0.0
86.8450462288649,87.11309253197284,86.83636172424201,87.10438209376346,100.0,100.0,0.0
87.10438209376346,87.3676187108815,87.09567165555409,87.35888282259924,100.0,100.0,0.0
87.35888282259924,87.62503063510087,87.35014693431698,87.61626900820005,100.0,100.0,0.0
87.61626900820005,87.89990039973955,87.60750738129923,87.89111128861069,100.0,100.0,0.0
87.89111128861069,88.16813351625237,87.88232217748183,88.15931758449392,100.0,100.0,0.0
88.15931758449392,88.42357059573656,88.15050165273547,88.41472912282428,100.0,100.0,0.0
88.41472912282428,88.70203810104431,88.405887649912,88.69316878416589,100.0,100.0,0.0
88.69316878416589,88.97687532512627,88.68429946728747,88.96797852727354,100.0,100.0,0.0
88.96797852727354,89.23351056431892,88.95908172942082,89.22458810550837,100.0,100.0,0.0
89.22458810550837,89.50405540439944,89.21566564669783,89.49510589381006,100.0,100.0,0.0
89.49510589381006,89.77299713211535,89.48615638322069,89.76402073004235,100.0,100.0,0.0
89.76402073004235,90.04361178831047,89.75504432796934,90.03460832747773,100.0,100.0,0.0
90.03460832747773,90.32028829623704,90.02560486664498,90.31125717052,100.0,100.0,0.0
90.31125717052,90.59564289092964,90.30222604480295,90.5865842325064,100.0,100.0,0.0
90.5865842325064,90.87611347649145,90.57752557408315,90.86702677381408,100.0,100.0,0.0
90.86702677381408,91.14769207987948,90.8579400711367,91.13857822205728,100.0,100.0,0.0
91.13857822205728,91.41858182553268,91.12946436423508,91.40944088144454,100.0,100.0,0.0
91.40944088144454,91.69211502890835,91.4002999373564,91.68294673423492,100.0,100.0,0.0
91.68294673423492,91.94143094110727,91.67377843956149,91.93223771733554,100.0,100.0,0.0
91.93223771733554,92.2153812375153,91.92304449356381,92.20616062145317,100.0,100.0,0.0
92.20616062145317,92.50410755191383,92.19694000539103,92.49485806610723,100.0,100.0,0.0
92.49485806610723,92.77574305693413,92.48560858030062,92.7664664102931,100.0,100.0,0.0
92.7664664102931,93.04205716171629,92.75718976365208,93.03275388632765,100.0,100.0,0.0
93.03275388632765,93.32597821826793,93.02345061093902,93.31664655361257,100.0,100.0,0.0
93.31664655361257,93.6291035826605,93.30731488895721,93.61974160849965,100.0,100.0,0.0
93.61974160849965,93.90604982289518,93.6103796343388,93.89666015687949,100.0,100.0,0.0
93.89666015687949,94.19240118947238,93.8872704908638,94.18298289118326,100.0,100.0,0.0
94.18298289118326,94.47091402113658,94.17356459289414,94.46146787434914,100.0,100.0,0.0
94.46146787434914,94.74283037379257,94.4520217275617,94.73335703808877,100.0,100.0,0.0
94.73335703808877,95.02319024627954,94.72388370238497,95.0136888773918,100.0,100.0,0.0
95.0136888773918,95.30456301268649,95.00418750850406,95.29503350933555,100.0,100.0,0.0
95.29503350933555,95.58754973191428,95.28550400598462,95.577991932721,100.0,100.0,0.0
95.577991932721,95.86367385710672,95.56843413352773,95.85408844826189,100.0,100.0,0.0
95.85408844826189,96.13893907334972,95.84450303941706,96.12932614073564,100.0,100.0,0.0
96.12932614073564,96.41367470103413,96.11971320812157,96.40403429760437,100.0,100.0,0.0
96.40403429760437,96.70250887511675,96.39439389417461,96.69283959115764,100.0,100.0,0.0
96.69283959115764,96.99295452588935,96.68317030719852,96.98325620026932,100.0,100.0,0.0
96.98325620026932,97.29363096580639,96.9735578746493,97.28390257554884,100.0,100.0,0.0
97.28390257554884,97.59437601678052,97.27417418529129,97.58461755502502,100.0,100.0,0.0
97.58461755502502,97.87904432389526,97.57485909326952,97.86925739815544,100.0,100.0,0.0
97.86925739815544,98.1669051442229,97.85947047241562,98.15708943527937,100.0,100.0,0.0
98.15708943527937,98.45454708289087,98.14727372633585,98.44470261262961,100.0,100.0,0.0
98.44470261262961,98.73677445572038,98.43485814236836,98.72690176554383,100.0,100.0,0.0
98.72690176554383,99.02775105077883,98.71702907536728,99.01784926585225,100.0,100.0,0.0
99.01784926585225,99.02775105077883,98.69626193492867,98.70613254818349,100.0,100.0,0.0
98.70613254818349,98.71600316143831,98.38290055347002,98.39273982745277,100.0,100.0,0.0
98.39273982745277,98.40257910143552,98.09514355847756,98.10495405388295,100.0,100.0,0.0
98.10495405388295,98.11476454928834,97.8004866495486,97.81026767631623,100.0,100.0,0.0
97.81026767631623,97.82004870308386,97.49932674425634,97.50907765202153,100.0,100.0,0.0
97.50907765202153,97.51882855978673,97.21181654527497,97.22153869914489,100.0,100.0,0.0
97.22153869914489,97.2312608530148,96.9258497021718,96.93554325649745,100.0,100.0,0.0
96.93554325649745,96.9452368108231,96.64822924058377,96.65789503008678,100.0,100.0,0.0
96.65789503008678,96.66756081958978,96.35424132678868,96.36387771456013,100.0,100.0,0.0
96.36387771456013,96.37351410233158,96.06659856279049,96.07620618340883,100.0,100.0,0.0
96.07620618340883,96.08581380402717,95.77467271729884,95.78425114241308,100.0,100.0,0.0
95.78425114241308,95.79382956752733,95.48176819087197,95.49131732260423,100.0,100.0,0.0
95.49131732260423,95.50086645433649,95.20449628528414,95.21401768705284,100.0,100.0,0.0
95.21401768705284,95.22353908882155,94.92294418120113,94.93243742494363,100.0,100.0,0.0
94.93243742494363,94.94193066868613,94.6285345317247,94.63799833155785,100.0,100.0,0.0
94.63799833155785,94.64746213139101,94.34497021922213,94.35440565978811,100.0,100.0,0.0
94.35440565978811,94.3638411003541,94.06763263624941,94.07704034028345,100.0,100.0,0.0
94.07704034028345,94.08644804431748,93.78379958182278,93.79317889971274,100.0,100.0,0.0
93.79317889971274,93.80255821760271,93.5018026145817,93.5111537299547,100.0,100.0,0.0
93.5111537299547,93.5205048453277,93.24256570488085,93.25189089397024,100.0,100.0,0.0
93.25189089397024,93.26121608305964,92.95514548735675,92.9644419315499,100.0,100.0,0.0
92.9644419315499,92.97373837574305,92.67066375985455,92.67993175302985,100.0,100.0,0.0
92.67993175302985,92.68919974620515,92.4061413182353,92.41538285652095,100.0,100.0,0.0
92.41538285652095,92.4246243948066,92.13017821752568,92.13939215674135,100.0,100.0,0.0
92.13939215674135,92.14860609595702,91.85264410610502,91.86183028913393,100.0,100.0,0.0
91.86183028913393,91.87101647216285,91.56598508101752,91.57514259527704,100.0,100.0,0.0
91.57514259527704,91.58430010953657,91.29436708576702,91.30349743551056,100.0,100.0,0.0
91.30349743551056,91.31262778525411,91.02553774088504,91.03464120500554,100.0,100.0,0.0
91.03464120500554,91.04374466912604,90.76281690539703,90.77189409480651,100.0,100.0,0.0
90.77189409480651,90.780971284216,90.50242301302085,90.51147416043689,100.0,100.0,0.0
90.51147416043689,90.52052530785294,90.234267340825,90.243291669992,100.0,100.0,0.0
90.243291669992,90.25231599915901,89.95808017421382,89.967076881902,100.0,100.0,0.0
89.967076881902,89.97607358959019,89.6778915902534,89.68686027628102,100.0,100.0,0.0
89.68686027628102,89.69582896230865,89.4224492749802,89.43139241422162,100.0,100.0,0.0
89.43139241422162,89.44033555346304,89.1494656294166,89.15838146756334,100.0,100.0,0.0
89.15838146756334,89.1672973057101,88.89272408637366,88.90161424779843,100.0,100.0,0.0
88.90161424779843,88.91050440922321,88.63286658203096,88.64173075510647,100.0,100.0,0.0
88.64173075510647,88.65059492818197,88.3651953280551,88.37403273132823,100.0,100.0,0.0
88.37403273132823,88.38287013460136,88.11278117277942,88.12159333211262,100.0,100.0,0.0
88.12159333211262,88.13040549144583,87.84843932364956,87.85722504615417,100.0,100.0,0.0
87.85722504615417,87.86601076865878,87.59642846964702,87.60518898854588,100.0,100.0,0.0
87.60518898854588,87.61394950744473,87.33208591602558,87.34081999802538,100.0,100.0,0.0
87.34081999802538,87.34955408002519,87.0679272614279,87.07663492492038,100.0,100.0,0.0
87.07663492492038,87.08534258841287,86.80636137685322,86.81504288114134,100.0,100.0,0.0
86.81504288114134,86.82372438542946,86.56430040500986,86.57295770077994,100.0,100.0,0.0
86.57295770077994,86.58161499655002,86.3086092951073,86.31724101920922,100.0,100.0,0.0
86.31724101920922,86.32587274331114,86.04999897361658,86.0586048341,100.0,100.0,0.0
86.0586048341,86.06721069458341,85.7787749824308,85.78735371780259,100.0,100.0,0.0
85.78735371780259,85.79593245317437,85.51594079950235,85.52449324882723,100.0,100.0,0.0
85.52449324882723,85.53304569815211,85.24908839965225,85.25761416106836,100.0,100.0,0.0
85.25761416106836,85.26613992248447,84.97648224669236,84.98498074476683,100.0,100.0,0.0
84.98498074476683,84.9934792428413,84.71475503421131,84.723227356947,100.0,100.0,0.0
84.723227356947,84.7316996796827,84.47730084150207,84.48574941644371,100.0,100.0,0.0
84.48574941644371,84.49419799138535,84.23383408938885,84.24225831522037,100.0,100.0,0.0
84.24225831522037,84.25068254105189,83.98987009000454,83.99826991699624,100.0,100.0,0.0
83.99826991699624,84.00666974398793,83.73443348699098,83.74280776776776,100.0,100.0,0.0
83.74280776776776,83.75118204854454,83.47847614019193,83.4868248226742,100.0,100.0,0.0
83.4868248226742,83.49517350515646,83.21464369511851,83.22296599171769,100.0,100.0,0.0
83.22296599171769,83.23128828831686,82.97257606325765,82.98087415067272,100.0,100.0,0.0
82.98087415067272,83.23579631040919,82.97257606325765,83.22747356305288,100.0,100.0,0.0
83.22747356305288,83.48401621238744,83.21915081569658,83.47566864552289,100.0,100.0,0.0
83.47566864552289,83.74030140331203,83.46732107865833,83.73192821049098,100.0,100.0,0.0
83.73192821049098,83.98255032567934,83.72355501766992,83.9741529103883,100.0,100.0,0.0
83.9741529103883,84.2431728357351,83.96575549509726,84.23474936079901,100.0,100.0,0.0
84.23474936079901,84.48259367543695,84.22632588586293,84.47414626081087,100.0,100.0,0.0
84.47414626081087,84.72317532399376,84.4656988461848,84.7147038536084,100.0,100.0,0.0
84.7147038536084,84.9860042506173,84.70623238322304,84.9775064999673,100.0,100.0,0.0
84.9775064999673,85.24403403551148,84.96900874931731,85.23551048446303,100.0,100.0,0.0
85.23551048446303,85.50171897741495,85.2269869334146,85.49316966044891,100.0,100.0,0.0
85.49316966044891,85.74182788838138,85.48462034348287,85.73325456292508,100.0,100.0,0.0
85.73325456292508,86.00598834648979,85.72468123746879,85.99738860762902,100.0,100.0,0.0
85.99738860762902,86.27592760222801,85.98878886876825,86.2673008721408,100.0,100.0,0.0
86.2673008721408,86.53185517768262,86.25867414205358,86.52320285739688,100.0,100.0,0.0
86.52320285739688,86.7877558230619,86.51455053711115,86.77907791527038,100.0,100.0,0.0
86.77907791527038,87.06359814520548,86.77040000747886,87.05489265593988,100.0,100.0,0.0
87.05489265593988,87.31809006320043,87.04618716667429,87.3093591272877,100.0,100.0,0.0
87.3093591272877,87.56169236924855,87.30062819137498,87.552937075541,100.0,100.0,0.0
87.552937075541,87.82920038268773,87.54418178183344,87.82041834085365,100.0,100.0,0.0
87.82041834085365,88.08599726106682,87.81163629901957,88.0771895421126,100.0,100.0,0.0
88.0771895421126,88.35705252361365,88.06838182315839,88.34821770184347,100.0,100.0,0.0
88.34821770184347,88.6163363404858,88.33938288007329,88.6074755929265,100.0,100.0,0.0
88.6074755929265,88.88007143445677,88.59861484536721,88.87118431602516,100.0,100.0,0.0
88.87118431602516,89.14317368799536,88.86229719759356,89.13426026196916,100.0,100.0,0.0
89.13426026196916,89.40445990883663,89.12534683594296,89.39552035680094,100.0,100.0,0.0
89.39552035680094,89.673453257018,89.38658080476526,89.66448680833716,100.0,100.0,0.0
89.66448680833716,89.95565400246673,89.65552035965632,89.94665933653307,100.0,100.0,0.0
89.94665933653307,90.21654050574014,89.93766467059942,90.20751975376477,100.0,100.0,0.0
90.20751975376477,90.49096548846104,90.1984990017894,90.48191729673137,100.0,100.0,0.0
90.48191729673137,90.75738503877058,90.47286910500169,90.74831020774981,100.0,100.0,0.0
90.74831020774981,91.02866598757262,90.73923537672904,91.01956403116951,100.0,100.0,0.0
91.01956403116951,91.30965514186744,91.0104620747664,91.3005250893585,100.0,100.0,0.0
91.3005250893585,91.58403223653016,91.29139503684956,91.57487474905525,100.0,100.0,0.0
91.57487474905525,91.87375372463048,91.56571726158035,91.86456726790368,100.0,100.0,0.0
91.86456726790368,92.13578987642556,91.85538081117689,92.12657721870369,100.0,100.0,0.0
92.12657721870369,92.39600659350697,92.11736456098181,92.3867679167153,100.0,100.0,0.0
92.3867679167153,92.67063665502926,92.37752923992363,92.66137051797746,100.0,100.0,0.0
92.66137051797746,92.95100551059062,92.65210438092566,92.94171133945667,100.0,100.0,0.0
92.94171133945667,93.23961909194554,92.93241716832273,93.2302960623393,100.0,100.0,0.0
93.2302960623393,93.51311801686563,93.22097303273307,93.50376764010163,100.0,100.0,0.0
93.50376764010163,93.79324019399294,93.49441726333762,93.78386180781216,100.0,100.0,0.0
93.78386180781216,94.065714617595,93.77448342163137,94.05630898669634,100.0,100.0,0.0
94.05630898669634,94.35691612259842,94.04690335579767,94.34748137446097,100.0,100.0,0.0
94.34748137446097,94.64891016822001,94.33804662632352,94.63944622359766,100.0,100.0,0.0
94.63944622359766,94.93548605282389,94.6299822789753,94.92599345347854,100.0,100.0,0.0
94.92599345347854,95.21958135258667,94.91650085413319,95.21006034655201,100.0,100.0,0.0
95.21006034655201,95.50486395279265,95.20053934051735,95.49531442135051,100.0,100.0,0.0
95.49531442135051,95.78167173244591,95.48576488990838,95.77209452299361,100.0,100.0,0.0
95.77209452299361,96.05386470080677,95.76251731354131,96.04426027477929,100.0,100.0,0.0
96.04426027477929,96.35006604914899,96.03465584875181,96.3404320059484,100.0,100.0,0.0
96.3404320059484,96.64352047012915,96.33079796274781,96.63385708442071,100.0,100.0,0.0
96.63385708442071,96.93675159206835,96.62419369871228,96.92705888617974,100.0,100.0,0.0
96.92705888617974,97.22107081643125,96.91736618029113,97.2113496814631,100.0,100.0,0.0
97.2113496814631,97.50167654474335,97.20162854649496,97.49192735200815,100.0,100.0,0.0
97.49192735200815,97.80179815805889,97.48217815927295,97.79201895616328,100.0,100.0,0.0
97.79201895616328,98.09788815314991,97.78223975426766,98.08807934521539,100.0,100.0,0.0
98.08807934521539,98.38972379705086,98.07827053728087,98.37988580847002,100.0,100.0,0.0
98.37988580847002,98.6967568415301,98.37004781988918,98.68688815271483,100.0,100.0,0.0
98.68688815271483,99.00919977572175,98.67701946389955,98.99929984573718,100.0,100.0,0.0
98.99929984573718,99.32225760612457,98.98939991575261,99.31232637348722,100.0,100.0,0.0
99.31232637348722,99.61551583008266,99.30239514084988,99.6055552745552,100.0,100.0,0.0
99.6055552745552,99.91987704070458,99.59559471902774,99.90988605209937,100.0,100.0,0.0
99.90988605209937,100.22883506789638,99.89989506349416,100.21881318657773,100.0,100.0,0.0
100.21881318657773,100.5153278686314,100.20879130525908,100.50527734089731,100.0,100.0,0.0
100.50527734089731,100.84289235938638,100.49522681316321,100.83280907847853,100.0,100.0,0.0
100.83280907847853,101.1396847367571,100.82272579757068,101.12957177957915,100.0,100.0,0.0
101.12957177957915,101.45191127904624,101.1194588224012,101.44176710233602,100.0,100.0,0.0
101.44176710233602,101.76353997883035,101.43162292562579,101.75336464236612,100.0,100.0,0.0
101.75336464236612,102.08125057947126,101.7431893059019,102.07104347512374,100.0,100.0,0.0
102.07104347512374,102.38612957805012,102.06083637077623,102.37589198885124,100.0,100.0,0.0
102.37589198885124,102.68398883711193,102.36565439965236,102.67372146496542,100.0,100.0,0.0
102.67372146496542,102.99257605702205,102.66345409281892,102.98227782923912,100.0,100.0,0.0
102.98227782923912,103.30386973488147,102.9719796014562,103.2935403808434,100.0,100.0,0.0
103.2935403808434,103.6024696888936,103.28321102680532,103.59211047784582,100.0,100.0,0.0
103.59211047784582,103.92694559864805,103.58175126679804,103.91655394325372,100.0,100.0,0.0
103.91655394325372,104.21710025494,103.90616228785939,104.2066795869813,100.0,100.0,0.0
104.2066795869813,104.53622481463081,104.1962589190226,104.52577223740707,100.0,100.0,0.0
104.52577223740707,104.861960200705,104.51531966018332,104.85147505319968,100.0,100.0,0.0
104.85147505319968,105.17120064319478,104.84098990569436,105.1606845747373,100.0,100.0,0.0
105.1606845747373,105.4694043684657,105.15016850627983,105.45885848261744,100.0,100.0,0.0
105.45885848261744,105.78456906523611,105.44831259676918,105.7739916660695,100.0,100.0,0.0
105.7739916660695,106.10037574247225,105.7634142669029,106.08976676579567,100.0,100.0,0.0
106.08976676579567,106.41441376874981,106.0791577891191,106.40377339141067,100.0,100.0,0.0
106.40377339141067,106.7209214855308,106.39313301407152,106.71025046048474,100.0,100.0,0.0
106.71025046048474,107.07264133239988,106.6995794354387,107.061935138886,100.0,100.0,0.0
107.061935138886,107.3928010438477,107.05122894537212,107.38206283756394,100.0,100.0,0.0
107.38206283756394,107.70880908576977,107.37132463128017,107.69803928184159,100.0,100.0,0.0
107.69803928184159,108.02617397595459,107.6872694779134,108.01537243871073,100.0,100.0,0.0
108.01537243871073,108.02617397595459,107.68665034420285,107.69742008621147,100.0,100.0,0.0
107.69742008621147,107.70818982822009,107.36480632636933,107.3755438807574,100.0,100.0,0.0
107.3755438807574,107.38628143514548,107.02825435630773,107.03895825213294,100.0,100.0,0.0
107.03895825213294,107.04966214795816,106.70217428347163,106.71284556802844,100.0,100.0,0.0
106.71284556802844,106.72351685258525,106.3864442865867,106.39708399498619,100.0,100.0,0.0
106.39708399498619,106.40772370338568,106.06249033405935,106.07309764382373,100.0,100.0,0.0
106.07309764382373,106.08370495358811,105.75315902730051,105.7637354008406,100.0,100.0,0.0
105.7637354008406,105.77431177438069,105.43967774789603,105.45022277017304,100.0,100.0,0.0
105.45022277017304,105.46076779245006,105.1337807027812,105.14429513229442,100.0,100.0,0.0
105.14429513229442,105.15480956180764,104.82685146955424,104.83733520307455,100.0,100.0,0.0
104.83733520307455,104.84781893659485,104.51744459317071,104.527897382909,100.0,100.0,0.0
104.527897382909,104.5383501726473,104.22055890597392,104.23098200417434,100.0,100.0,0.0
104.23098200417434,104.24140510237476,103.89360639746317,103.90399679714288,100.0,100.0,0.0
103.90399679714288,103.91438719682259,103.56597921421405,103.57633684789884,100.0,100.0,0.0
103.57633684789884,103.58669448158363,103.24684599869555,103.25717171586713,100.0,100.0,0.0
103.25717171586713,103.26749743303871,102.93355362873709,102.94384801353844,100.0,100.0,0.0
102.94384801353844,102.9541423983398,102.62270933209884,102.63297262936177,100.0,100.0,0.0
102.63297262936177,102.64323592662471,102.29629383261815,102.30652448506665,100.0,100.0,0.0
102.30652448506665,102.31675513751514,102.00323916106016,102.01344050511068,100.0,100.0,0.0
102.01344050511068,102.0236418491612,101.69734066390028,101.70751141504178,100.0,100.0,0.0
101.70751141504178,101.71768216618328,101.3942258355861,101.40436627221332,100.0,100.0,0.0
101.40436627221332,101.41450670884055,101.07864533559142,101.08875421101251,100.0,100.0,0.0
101.08875421101251,101.09886308643361,100.7727830788874,100.7828613650239,100.0,100.0,0.0
100.7828613650239,100.79293965116041,100.46630238728234,100.47635002228456,100.0,100.0,0.0
100.47635002228456,100.48639765728679,100.16758191643754,100.17759967640518,100.0,100.0,0.0
100.17759967640518,100.18761743637282,99.87786167390763,99.88785045895352,100.0,100.0,0.0
99.88785045895352,99.89783924399941,99.57893597578091,99.58889486526743,100.0,100.0,0.0
99.58889486526743,99.59885375475396,99.27234789109039,99.28227611870226,100.0,100.0,0.0
99.28227611870226,99.29220434631412,98.97780072382913,98.9876994937785,100.0,100.0,0.0
98.9876994937785,98.99759826372788,98.68223633707066,98.69210554762543,100.0,100.0,0.0
98.69210554762543,98.7019747581802,98.37743379633994,98.3872725235923,100.0,100.0,0.0
98.3872725235923,98.39711125084466,98.0822212736827,98.09203047673037,100.0,100.0,0.0
98.09203047673037,98.10183967977804,97.77080908244953,97.78058714116365,100.0,100.0,0.0
97.78058714116365,97.79036519987777,97.47765384274697,97.48740258300528,100.0,100.0,0.0
97.48740258300528,97.49715132326358,97.15676254412027,97.16647919203947,100.0,100.0,0.0
97.16647919203947,97.17619583995868,96.86099576823116,96.87068283651482,100.0,100.0,0.0
96.87068283651482,96.88036990479847,96.57793569572546,96.58759445517097,100.0,100.0,0.0
96.58759445517097,96.59725321461649,96.28276571557298,96.29239495506849,100.0,100.0,0.0
96.29239495506849,96.302024194564,95.99561449148398,96.00521501298527,100.0,100.0,0.0
96.00521501298527,96.01481553448657,95.70970771948349,95.71927964744823,100.0,100.0,0.0
95.71927964744823,95.72885157541297,95.42029230353666,95.42983528706536,100.0,100.0,0.0
95.42983528706536,95.43937827059406,95.12228264450489,95.1317958240873,100.0,100.0,0.0
95.1317958240873,95.14130900366972,94.82513571288322,94.83461917480071,100.0,100.0,0.0
94.83461917480071,94.84410263671819,94.53283680094204,94.54229103004504,100.0,100.0,0.0
94.54229103004504,94.55174525914803,94.25300036372796,94.2624266063886,100.0,100.0,0.0
94.2624266063886,94.27185284904924,93.9794788019177,93.98887768968666,100.0,100.0,0.0
93.98887768968666,93.99827657745563,93.68809963799978,93.69746938493827,100.0,100.0,0.0
93.69746938493827,93.70683913187676,93.40076588658141,93.41010689727113,100.0,100.0,0.0
93.41010689727113,93.41944790796086,93.1169882678642,93.126300897954,100.0,100.0,0.0
93.126300897954,93.13561352804379,92.85070447859356,92.85999047764132,100.0,100.0,0.0
92.85999047764132,92.86927647668908,92.56631577599909,92.57557333333241,100.0,100.0,0.0
92.57557333333241,92.58483089066574,92.29799350490516,92.3072242273279,100.0,100.0,0.0
92.3072242273279,92.31645494975062,92.01747380911614,92.02667647676381,100.0,100.0,0.0
92.02667647676381,92.03587914441148,91.73838444787273,91.74755920379312,100.0,100.0,0.0
91.74755920379312,91.7567339597135,91.45834857899068,91.46749532852353,100.0,100.0,0.0
91.46749532852353,91.47664207805637,91.18229398486987,91.1914131261825,100.0,100.0,0.0
91.1914131261825,91.20053226749512,90.89881479233262,90.9079055828909,100.0,100.0,0.0
90.9079055828909,90.9169963734492,90.62497198308043,90.63403538661909,100.0,100.0,0.0
90.63403538661909,90.64309879015775,90.34445787287397,90.35349322219619,100.0,100.0,0.0
90.35349322219619,90.36252857151841,90.07280433964318,90.08181252089527,100.0,100.0,0.0
90.08181252089527,90.09082070214735,89.78546102109767,89.79444046514419,100.0,100.0,0.0
89.79444046514419,89.80341990919071,89.51010741078431,89.51905931671598,100.0,100.0,0.0
89.51905931671598,89.52801122264765,89.2387920950518,89.24771686673849,100.0,100.0,0.0
89.24771686673849,89.25664163842517,88.9666615325672,88.97555908847605,100.0,100.0,0.0
88.97555908847605,88.98445664438489,88.68311722498262,88.69198642362498,100.0,100.0,0.0
88.69198642362498,88.70085562226734,88.41836673775475,88.42720945870062,100.0,100.0,0.0
88.42720945870062,88.43605217964648,88.1394542337195,88.14826906062557,100.0,100.0,0.0
88.14826906062557,88.15708388753163,87.89286213839226,87.90165230362263,100.0,100.0,0.0
87.90165230362263,87.91044246885299,87.64076353041831,87.64952848326664,100.0,100.0,0.0
87.64952848326664,87.65829343611496,87.39380950087217,87.40254975584774,100.0,100.0,0.0
87.40254975584774,87.41129001082332,87.1314331430663,87.14014715778208,100.0,100.0,0.0
87.14014715778208,87.14886117249786,86.85313386608269,86.8618200480875,100.0,100.0,0.0
86.8618200480875,86.8705062300923,86.60830871435881,86.61697041139995,100.0,100.0,0.0
86.61697041139995,86.62563210844108,86.35030445785598,86.35894035189118,100.0,100.0,0.0
86.35894035189118,86.36757624592637,86.10697322201878,86.11558478049683,100.0,100.0,0.0
86.11558478049683,86.12419633897488,85.85947386126689,85.86806066733362,100.0,100.0,0.0
85.86806066733362,85.87664747340035,85.6051375968212,85.61369896671786,100.0,100.0,0.0
85.61369896671786,85.62226033661453,85.33976217977826,85.34829700947921,100.0,100.0,0.0
85.34829700947921,85.35683183918016,85.07633758782141,85.08484607242866,100.0,100.0,0.0
85.08484607242866,85.09335455703591,84.81935773830487,84.8278405223571,100.0,100.0,0.0
84.8278405223571,84.83632330640934,84.56564346941074,84.57410087949869,100.0,100.0,0.0
84.57410087949869,84.58255828958663,84.31103273725246,84.31946468372084,100.0,100.0,0.0
84.31946468372084,84.32789663018922,84.06075790250448,84.06916481898638,100.0,100.0,0.0
84.06916481898638,84.07757173546828,83.82099509909885,83.82937803690254,100.0,100.0,0.0
83.82937803690254,83.83776097470623,83.58520218978316,83.59356154593776,100.0,100.0,0.0
83.59356154593776,83.60192090209236,83.3209787838422,83.32931171501369,100.0,100.0,0.0
83.32931171501369,83.33764464618518,83.07531555638285,83.08362391877472,100.0,100.0,0.0
83.08362391877472,83.3497192087849,83.07531555638285,83.34138507027788,100.0,100.0,0.0
83.34138507027788,83.60132316338883,83.33305093177086,83.59296386700213,100.0,100.0,0.0
83.59296386700213,83.85686150552836,83.58460457061543,83.84847665786258,100.0,100.0,0.0
83.84847665786258,84.10313803204345,83.8400918101968,84.09472855918753,100.0,100.0,0.0
84.09472855918753,84.35659101583802,84.08631908633161,84.348156200218,100.0,100.0,0.0
84.348156200218,84.60883686560034,84.33972138459798,84.60037682791754,100.0,100.0,0.0
84.60037682791754,84.85709128865571,84.59191679023475,84.84860642801291,100.0,100.0,0.0
84.84860642801291,85.10781485305368,84.84012156737012,85.09930492256143,100.0,100.0,0.0
85.09930492256143,85.36719612279762,85.09079499206918,85.35866025677194,100.0,100.0,0.0
85.35866025677194,85.62081127585274,85.35012439074626,85.61225005084766,100.0,100.0,0.0
85.61225005084766,85.87750255984082,85.60368882584258,85.868915668274,100.0,100.0,0.0
85.868915668274,86.13371514357081,85.86032877670718,86.12510263330748,100.0,100.0,0.0
86.12510263330748,86.38853031444545,86.11649012304414,86.37989232521292,100.0,100.0,0.0
86.37989232521292,86.63849520552992,86.3712543359804,86.6298322223077,100.0,100.0,0.0
86.6298322223077,86.8877586601475,86.62116923908548,86.87907075307218,100.0,100.0,0.0
86.87907075307218,87.15027873097966,86.87038284599687,87.1415645745222,100.0,100.0,0.0
87.1415645745222,87.40856382124166,87.13285041806475,87.39982383885777,100.0,100.0,0.0
87.39982383885777,87.66031950875,87.39108385647388,87.65155435331468,100.0,100.0,0.0
87.65155435331468,87.91870538731428,87.64278919787935,87.9099143958747,100.0,100.0,0.0
87.9099143958747,88.18642320515399,87.90112340443511,88.17760544460953,100.0,100.0,0.0
88.17760544460953,88.45589220392516,88.16878768406507,88.44704749917524,100.0,100.0,0.0
88.44704749917524,88.70698654754638,88.43820279442532,88.69811673587279,100.0,100.0,0.0
88.69811673587279,88.97840437119677,88.6892469241992,88.96950742045473,100.0,100.0,0.0
88.96950742045473,89.22899105638113,88.96061046971269,89.22006904947618,100.0,100.0,0.0
89.22006904947618,89.49162184810572,89.21114704257123,89.48267358074764,100.0,100.0,0.0
89.48267358074764,89.76824566385584,89.47372531338956,89.75926973688215,100.0,100.0,0.0
89.75926973688215,90.02832641245975,89.75029380990846,90.01932448001175,100.0,100.0,0.0
90.01932448001175,90.3070348031,90.01032254756375,90.29800500259974,100.0,100.0,0.0
90.29800500259974,90.57947894198904,90.28897520209948,90.57042189979906,100.0,100.0,0.0
90.57042189979906,90.86875202743386,90.56136485760908,90.85966606082778,100.0,100.0,0.0
90.85966606082778,91.15629793766823,90.8505800942217,91.14718321934629,100.0,100.0,0.0
91.14718321934629,91.43367676938458,91.13806850102435,91.42453431595298,100.0,100.0,0.0
91.42453431595298,91.70620567224547,91.41539186252139,91.6970359686486,100.0,100.0,0.0
91.6970359686486,91.99361714473301,91.68786626505174,91.98441870286273,100.0,100.0,0.0
91.98441870286273,92.27342834017283,91.97522026099244,92.26420191998083,100.0,100.0,0.0
92.26420191998083,92.55779660985613,92.25497549978884,92.54854175568056,100.0,100.0,0.0
92.54854175568056,92.84070283186696,92.539286901505,92.83141968989797,100.0,100.0,0.0
92.83141968989797,93.12230081682847,92.82213654792898,93.11298951787668,100.0,100.0,0.0
93.11298951787668,93.39193413810771,93.1036782189249,93.38259587851987,100.0,100.0,0.0
93.38259587851987,93.68117213355279,93.37325761893202,93.67180495305749,100.0,100.0,0.0
93.67180495305749,93.95693216107908,93.66243777256219,93.94753740733834,100.0,100.0,0.0
93.94753740733834,94.25282888934053,93.93814265359761,94.24340454888565,100.0,100.0,0.0
94.24340454888565,94.53100951840995,94.23398020843076,94.52155736267368,100.0,100.0,0.0
94.52155736267368,94.81625693802464,94.5121052069374,94.80677626039859,100.0,100.0,0.0
94.80677626039859,95.11577896014073,94.79729558277255,95.1062683333074,100.0,100.0,0.0
95.1062683333074,95.40557361239256,95.09675770647407,95.39603400899166,100.0,100.0,0.0
95.39603400899166,95.68433916108356,95.38649440559077,95.67477168391517,100.0,100.0,0.0
95.67477168391517,95.98128180851641,95.66520420674678,95.97168464005242,100.0,100.0,0.0
95.97168464005242,96.26908515973501,95.96208747158842,96.25945921381363,100.0,100.0,0.0
96.25945921381363,96.56543619809263,96.24983326789224,96.55578062003063,100.0,100.0,0.0
96.55578062003063,96.85146958624428,96.54612504196864,96.84178540770351,100.0,100.0,0.0
96.84178540770351,97.14533633231747,96.83210122916275,97.13562277004047,100.0,100.0,0.0
97.13562277004047,97.4524377257818,97.12590920776347,97.44269345643616,100.0,100.0,0.0
97.44269345643616,97.74520930979016,97.43294918709051,97.73543576621354,100.0,100.0,0.0
97.73543576621354,98.06103291070865,97.72566222263693,98.05122778792986,100.0,100.0,0.0
98.05122778792986,98.3686253004779,98.04142266515107,98.35878942153575,100.0,100.0,0.0
98.35878942153575,98.67027491650273,98.34895354259359,98.66040887561518,100.0,100.0,0.0
98.66040887561518,98.96778055704159,98.65054283472762,98.95788476856474,100.0,100.0,0.0
98.95788476856474,98.96778055704159,98.64612352220345,98.65598912111557,100.0,100.0,0.0
98.65598912111557,98.66585472002768,98.35734627871985,98.36718299701954,100.0,100.0,0.0
98.36718299701954,98.37701971531924,98.06307915392242,98.07288644256667,100.0,100.0,0.0
98.07288644256667,98.08269373121092,97.77274390281532,97.78252215503082,100.0,100.0,0.0
97.78252215503082,97.79230040724632,97.4914737431808,97.50122386556735,100.0,100.0,0.0
97.50122386556735,97.5109739879539,97.19528369015205,97.2050041905711,100.0,100.0,0.0
97.2050041905711,97.21472469099015,96.90975613662752,96.91944808143566,100.0,100.0,0.0
96.91944808143566,96.9291400262438,96.59995383925846,96.60961480073854,100.0,100.0,0.0
96.60961480073854,96.61927576221862,96.32292853778208,96.33256179396147,100.0,100.0,0.0
96.33256179396147,96.34219505014087,96.02219672159639,96.03179990158654,100.0,100.0,0.0
96.03179990158654,96.04140308157669,95.73367540285693,95.74324972782972,100.0,100.0,0.0
95.74324972782972,95.75282405280251,95.4500378864816,95.45958384486607,100.0,100.0,0.0
95.45958384486607,95.46912980325055,95.16763512604516,95.17715284132929,100.0,100.0,0.0
95.17715284132929,95.18667055661342,94.88684523711015,94.89633487059722,100.0,100.0,0.0
94.89633487059722,94.90582450408428,94.60763880896337,94.61710051901527,100.0,100.0,0.0
94.61710051901527,94.62656222906716,94.34380036878959,94.35323569235882,100.0,100.0,0.0
94.35323569235882,94.36267101592806,94.07379463282928,94.08320295312458,100.0,100.0,0.0
94.08320295312458,94.09261127341989,93.79842814248073,93.80780892337307,100.0,100.0,0.0
93.80780892337307,93.81718970426542,93.49998833821344,93.50933927214065,100.0,100.0,0.0
93.50933927214065,93.51869020606786,93.2149539918651,93.22427641950705,100.0,100.0,0.0
93.22427641950705,93.233598847149,92.95089586998627,92.96019188917519,100.0,100.0,0.0
92.96019188917519,92.96948790836412,92.65293302047684,92.66219924040088,100.0,100.0,0.0
92.66219924040088,92.67146546032492,92.370625188328,92.37986317464546,100.0,100.0,0.0
92.37986317464546,92.38910116096292,92.0875407823246,92.09675045737033,100.0,100.0,0.0
92.09675045737033,92.10596013241607,91.83091183179012,91.84009584137425,100.0,100.0,0.0
91.84009584137425,91.84927985095838,91.55103004523218,91.56018606383856,100.0,100.0,0.0
91.56018606383856,91.56934208244493,91.27759058422379,91.2867192561494,100.0,100.0,0.0
91.2867192561494,91.295847928075,90.99801184920356,91.0071125604596,100.0,100.0,0.0
91.0071125604596,91.01621327171564,90.71109360209809,90.72016561865995,100.0,100.0,0.0
90.72016561865995,90.7292376352218,90.43967924330005,90.44872411571161,100.0,100.0,0.0
90.44872411571161,90.45776898812318,90.16158475967427,90.17060181985626,100.0,100.0,0.0
90.17060181985626,90.17961888003825,89.88263438430431,89.89162354665898,100.0,100.0,0.0
89.89162354665898,89.90061270901364,89.61175000707277,89.6207120782806,100.0,100.0,0.0
89.6207120782806,89.62967414948844,89.33654546942269,89.34548001742444,100.0,100.0,0.0
89.34548001742444,89.35441456542618,89.06532264809152,89.07423007109863,100.0,100.0,0.0
89.07423007109863,89.08313749410573,88.78969377616097,88.79857363352433,100.0,100.0,0.0
88.79857363352433,88.80745349088768,88.5204090604535,88.52926198665217,100.0,100.0,0.0
88.52926198665217,88.53811491285084,88.25649858591765,88.2653251184295,100.0,100.0,0.0
88.2653251184295,88.27415165094135,87.98829879669374,87.99709850654439,100.0,100.0,0.0
87.99709850654439,88.00589821639504,87.7320513112424,87.74082539378178,100.0,100.0,0.0
87.74082539378178,87.74959947632115,87.46708437272336,87.47583195591895,100.0,100.0,0.0
87.47583195591895,87.48457953911453,87.21467904988062,87.22340139001962,100.0,100.0,0.0
87.22340139001962,87.23212373015862,86.95509436120761,86.96379074028164,100.0,100.0,0.0
86.96379074028164,86.97248711935566,86.68738824836538,86.6960578541508,100.0,100.0,0.0
86.6960578541508,86.70472745993621,86.43859852399022,86.44724324831505,100.0,100.0,0.0
86.44724324831505,86.45588797263987,86.18129273315188,86.1899117243243,100.0,100.0,0.0
86.1899117243243,86.19853071549673,85.93560261842126,85.94419703812507,100.0,100.0,0.0
85.94419703812507,85.95279145782888,85.69131390591049,85.69988389429992,100.0,100.0,0.0
85.69988389429992,85.70845388268934,85.43004222171285,85.43858608032089,100.0,100.0,0.0
85.43858608032089,85.44712993892892,85.17968462812904,85.18820344847389,100.0,100.0,0.0
85.18820344847389,85.19672226881873,84.91880322317618,84.92729595277146,100.0,100.0,0.0
84.92729595277146,84.93578868236673,84.65959905898131,84.66806586556787,100.0,100.0,0.0
84.66806586556787,84.67653267215442,84.39901627944647,84.40745702514899,100.0,100.0,0.0
84.40745702514899,84.4158977708515,84.1615421997584,84.16995919567796,100.0,100.0,0.0
84.16995919567796,84.17837619159752,83.9221604651909,83.93055352054296,100.0,100.0,0.0
83.93055352054296,83.93894657589502,83.68322318270093,83.69159234193512,100.0,100.0,0.0
83.69159234193512,83.69996150116931,83.42198231252443,83.43032534505895,100.0,100.0,0.0
83.43032534505895,83.43866837759346,83.17718934863159,83.18550789942152,100.0,100.0,0.0
83.18550789942152,83.19382645021146,82.9251449740715,82.9334383179033,100.0,100.0,0.0
82.9334383179033,82.94173166173509,82.67158840311332,82.6798563887522,100.0,100.0,0.0
82.6798563887522,82.68812437439108,82.42300009475827,82.43124321908017,100.0,100.0,0.0
82.43124321908017,82.43948634340208,82.17804402010337,82.18626264636801,100.0,100.0,0.0
82.18626264636801,82.19448127263264,81.9329602093968,81.94115432482928,100.0,100.0,0.0
81.94115432482928,81.94934844026177,81.67915248525995,81.68732121738168,100.0,100.0,0.0
81.68732121738168,81.69548994950341,81.43206142295587,81.44020544350022,100.0,100.0,0.0
81.44020544350022,81.44834946404457,81.19422437496974,81.20234460943068,100.0,100.0,0.0
81.20234460943068,81.21046484389163,80.96337045738757,80.97146760414799,100.0,100.0,0.0
80.97146760414799,80.97956475090841,80.72528379869912,80.73335713441256,100.0,100.0,0.0
80.73335713441256,80.74143047012599,80.47956681165623,80.48761557321355,100.0,100.0,0.0
80.48761557321355,80.49566433477086,80.25335634394999,80.2613824821982,100.0,100.0,0.0
80.2613824821982,80.26940862044641,80.02024866123465,80.02825148638328,100.0,100.0,0.0
80.02825148638328,80.03625431153192,79.77883977726883,79.78681845911474,100.0,100.0,0.0
79.78681845911474,79.79479714096065,79.52942911078884,79.53738284907375,100.0,100.0,0.0
79.53738284907375,79.76888425138557,79.52942911078884,79.76090816056951,100.0,100.0,0.0
79.76090816056951,80.0219699674286,79.75293206975346,80.01396857057155,100.0,100.0,0.0
80.01396857057155,80.27031664449791,80.0059671737145,80.26229041545636,100.0,100.0,0.0
80.26229041545636,80.50921264635154,80.25426418641482,80.50116253009854,100.0,100.0,0.0
80.50116253009854,80.75425643245418,80.49311241384554,80.74618181427276,100.0,100.0,0.0
80.74618181427276,80.98824608859421,80.73810719609133,80.98014807378684,100.0,100.0,0.0
80.98014807378684,81.2409643982505,80.97205005897946,81.23284111413908,100.0,100.0,0.0
81.23284111413908,81.47787142252072,81.22471783002766,81.46972445007572,100.0,100.0,0.0
81.46972445007572,81.7148876329913,81.46157747763071,81.70671696129517,100.0,100.0,0.0
81.70671696129517,81.97095291403039,81.69854628959904,81.96275663836656,100.0,100.0,0.0
81.96275663836656,82.21065828471356,81.95456036270272,82.20243804090947,100.0,100.0,0.0
82.20243804090947,82.45727786671488,82.19421779710538,82.44903296341853,100.0,100.0,0.0
82.44903296341853,82.71456523157873,82.44078806012219,82.70629460211852,100.0,100.0,0.0
82.70629460211852,82.96499090128157,82.6980239726583,82.95669523175839,100.0,100.0,0.0
82.95669523175839,83.22436765527645,82.94839956223521,83.21604605067138,100.0,100.0,0.0
83.21604605067138,83.46561187182733,83.20772444606631,83.45726614521281,100.0,100.0,0.0
83.45726614521281,83.71589029030278,83.44892041859829,83.70751953834895,100.0,100.0,0.0
83.70751953834895,83.97442099046775,83.69914878639511,83.96602438802894,100.0,100.0,0.0
83.96602438802894,84.22960827806547,83.95762778559013,84.22118615944953,100.0,100.0,0.0
84.22118615944953,84.48376074525993,84.21276404083359,84.47531321393853,100.0,100.0,0.0
84.47531321393853,84.73473914159881,84.46686568261714,84.72626651494731,100.0,100.0,0.0
84.72626651494731,84.9872998630812,84.71779388829582,84.97880198288291,100.0,100.0,0.0
84.97880198288291,85.2389626941108,84.97030410268462,85.23043965014578,100.0,100.0,0.0
85.23043965014578,85.50084023232553,85.22191660618077,85.4922910032252,100.0,100.0,0.0
85.4922910032252,85.74816362192679,85.48374177412488,85.7395896629605,100.0,100.0,0.0
85.7395896629605,86.00543593275549,85.7310157039942,85.99683624913058,100.0,100.0,0.0
85.99683624913058,86.26750408559258,85.98823656550567,86.2588781977728,100.0,100.0,0.0
86.2588781977728,86.5249321095817,86.25025230995303,86.51628048153354,100.0,100.0,0.0
86.51628048153354,86.7910361600084,86.50762885348539,86.78235792421599,100.0,100.0,0.0
86.78235792421599,87.04622511387859,86.77367968842357,87.03752136174242,100.0,100.0,0.0
87.03752136174242,87.31575590843252,87.02881760960625,87.30702520591193,100.0,100.0,0.0
87.30702520591193,87.5901269022832,87.29829450339133,87.58136876540667,100.0,100.0,0.0
87.58136876540667,87.84802639837345,87.57261062853013,87.83924247412604,100.0,100.0,0.0
87.83924247412604,88.10645093484247,87.83045854987863,88.0976411707254,100.0,100.0,0.0
88.0976411707254,88.35755543988118,88.08883140660832,88.3487205678244,100.0,100.0,0.0
88.3487205678244,88.6255270870944,88.33988569576762,88.61666542055234,100.0,100.0,0.0
88.61666542055234,88.9107468359853,88.60780375401028,88.90185665032025,100.0,100.0,0.0
88.90185665032025,89.17507161548387,88.89296646465522,89.16615499998387,100.0,100.0,0.0
89.16615499998387,89.44258633840123,89.15723838448388,89.43364297410382,100.0,100.0,0.0
89.43364297410382,89.69519340880112,89.42469960980641,89.68622478632248,100.0,100.0,0.0
89.68622478632248,89.9582059020934,89.67725616384385,89.9492109809953,100.0,100.0,0.0
89.9492109809953,90.23662704815999,89.94021605989721,90.22760428773121,100.0,100.0,0.0
90.22760428773121,90.51774461866954,90.21858152730243,90.50869374929461,100.0,100.0,0.0
90.50869374929461,90.79804686186235,90.49964287991968,90.78896796506584,100.0,100.0,0.0
90.78896796506584,91.08220634806678,90.77988906826933,91.07309903816297,100.0,100.0,0.0
91.07309903816297,91.3537528796144,91.06399172825915,91.34461841777262,100.0,100.0,0.0
91.34461841777262,91.62429198920186,91.33548395593084,91.61513047615425,100.0,100.0,0.0
91.61513047615425,91.91716144215445,91.60596896310663,91.90797064508995,100.0,100.0,0.0
91.90797064508995,92.18624928649815,91.89877984802544,92.17703158333983,100.0,100.0,0.0
92.17703158333983,92.46250218494096,92.1678138801815,92.45325685925503,100.0,100.0,0.0
92.45325685925503,92.73950353563212,92.44401153356911,92.73023051258087,100.0,100.0,0.0
92.73023051258087,93.01459272508838,92.72095748952962,93.00529219586879,100.0,100.0,0.0
93.00529219586879,93.29201669977299,92.9959916666492,93.2826884309299,100.0,100.0,0.0
93.2826884309299,93.57033355026861,93.2733601620868,93.56097745252336,100.0,100.0,0.0
93.56097745252336,93.85422300757196,93.5516213547781,93.84483852371959,100.0,100.0,0.0
93.84483852371959,94.1347491840055,93.83545403986722,94.12533665034047,100.0,100.0,0.0
94.12533665034047,94.42790469532882,94.11592411667544,94.41846284904392,100.0,100.0,0.0
94.41846284904392,94.70907266239578,94.40902100275902,94.69960270212557,100.0,100.0,0.0
94.69960270212557,94.99225292143937,94.69013274185536,94.98275464597478,100.0,100.0,0.0
94.98275464597478,95.28010908714548,94.97325637051019,95.27058202894258,100.0,100.0,0.0
95.27058202894258,95.55178857185007,95.26105497073969,95.54223434841522,100.0,100.0,0.0
95.54223434841522,95.83236795443815,95.53268012498037,95.82278567587056,100.0,100.0,0.0
95.82278567587056,96.12706740458908,95.81320339730297,96.11745565902318,100.0,100.0,0.0
96.11745565902318,96.4193432645976,96.10784391345727,96.40970229436816,100.0,100.0,0.0
96.40970229436816,96.70991347104523,96.40006132413872,96.70024344670055,100.0,100.0,0.0
96.70024344670055,97.00454750330515,96.69057342235588,96.9948480185033,100.0,100.0,0.0
96.9948480185033,97.28513407336749,96.98514853370146,97.27540653271421,100.0,100.0,0.0
97.27540653271421,97.57946649498761,97.26567899206094,97.5697095240352,100.0,100.0,0.0
97.5697095240352,97.86654550256556,97.5599525530828,97.8567598265829,100.0,100.0,0.0
97.8567598265829,98.16461200201176,97.84697415060025,98.15479652235953,100.0,100.0,0.0
98.15479652235953,98.47579749986207,98.1449810427073,98.46595090477159,100.0,100.0,0.0
98.46595090477159,98.75941360404734,98.45610430968111,98.74953865018232,100.0,100.0,0.0
98.74953865018232,99.07181040158429,98.7396636963173,99.06190421116317,100.0,100.0,0.0
99.06190421116317,99.36337716486047,99.05199802074205,99.3534418206784,100.0,100.0,0.0
99.3534418206784,99.66717513936379,99.34350647649633,99.65720941842196,100.0,100.0,0.0
99.65720941842196,99.95697695035426,99.64724369748012,99.94698225212905,100.0,100.0,0.0
99.94698225212905,100.25410852016715,99.93698755390383,100.24408411175598,100.0,100.0,0.0
100.24408411175598,100.5438670467743,100.23405970334481,100.53381366540775,100.0,100.0,0.0
100.53381366540775,100.85874420145598,100.5237602840412,100.84865933552243,100.0,100.0,0.0
100.84865933552243,101.18263460437876,100.83857446958888,101.1725173526435,100.0,100.0,0.0
101.1725173526435,101.48108917177974,101.16240010090823,101.47094207757199,100.0,100.0,0.0
101.47094207757199,101.78263661517568,101.46079498336424,101.77245936923876,100.0,100.0,0.0
101.77245936923876,102.10093039140881,101.76228212330184,102.09072131927688,100.0,100.0,0.0
102.09072131927688,102.39961995417517,102.08051224714495,102.38938101607356,100.0,100.0,0.0
102.38938101607356,102.69405837883905,102.37914207797195,102.68378999983906,100.0,100.0,0.0
102.68378999983906,103.00992303796373,102.67352162083908,102.99962307565616,100.0,100.0,0.0
102.99962307565616,103.00992303796373,102.68105749503513,102.6913266276979,100.0,100.0,0.0
102.6913266276979,102.70159576036068,102.38691126728658,102.39715098238482,100.0,100.0,0.0
102.39715098238482,102.40739069748305,102.0803223677305,102.0905314208726,100.0,100.0,0.0
102.0905314208726,102.10074047401469,101.75699175148901,101.76716846833584,100.0,100.0,0.0
101.76716846833584,101.77734518518267,101.47215735931172,101.4823055898707,100.0,100.0,0.0
101.4823055898707,101.49245382042969,101.16461841846233,101.17473589205153,100.0,100.0,0.0
101.17473589205153,101.18485336564073,100.8680374126945,100.87812522521702,100.0,100.0,0.0
100.87812522521702,100.88821303773953,100.566504942549,100.57656259880888,100.0,100.0,0.0
100.57656259880888,100.58662025506875,100.25257145993518,100.26259771970716,100.0,100.0,0.0
100.26259771970716,100.27262397947914,99.93421383794747,99.94420825877334,100.0,100.0,0.0
99.94420825877334,99.95420267959922,99.64706942239285,99.65703512590544,100.0,100.0,0.0
99.65703512590544,99.66700082941803,99.35446204497406,99.36439848482254,100.0,100.0,0.0
99.36439848482254,99.37433492467103,99.07529264726398,99.08520116738072,100.0,100.0,0.0
99.08520116738072,99.09510968749746,98.7802891299792,98.79016814679387,100.0,100.0,0.0
98.79016814679387,98.80004716360855,98.48624399229915,98.49609360165931,100.0,100.0,0.0
98.49609360165931,98.50594321101947,98.18738580623386,98.19720552678655,100.0,100.0,0.0
98.19720552678655,98.20702524733923,97.87757827536936,97.88736701207057,100.0,100.0,0.0
97.88736701207057,97.89715574877178,97.59153233298883,97.60129246223505,100.0,100.0,0.0
97.60129246223505,97.61105259148127,97.29710409024656,97.30683477372393,100.0,100.0,0.0
97.30683477372393,97.3165654572013,97.00596097777544,97.01566254402985,100.0,100.0,0.0
97.01566254402985,97.02536411028426,96.71682526836572,96.72649791815753,100.0,100.0,0.0
96.72649791815753,96.73617056794934,96.43962045476518,96.4492653813033,100.0,100.0,0.0
96.4492653813033,96.45891030784144,96.14923403882997,96.15884992382236,100.0,100.0,0.0
96.15884992382236,96.16846580881474,95.85483186780979,95.86441830964075,100.0,100.0,0.0
95.86441830964075,95.87400475147172,95.56773511564431,95.5772928449288,100.0,100.0,0.0
95.5772928449288,95.5868505742133,95.29955602089773,95.30908692959068,100.0,100.0,0.0
95.30908692959068,95.31861783828363,95.01701938484416,95.02652203704787,100.0,100.0,0.0
95.02652203704787,95.03602468925158,94.73361329315358,94.74308760191377,100.0,100.0,0.0
94.74308760191377,94.75256191067396,94.44699869119373,94.45644433562728,100.0,100.0,0.0
94.45644433562728,94.46588998006084,94.16126778444885,94.17068485293414,100.0,100.0,0.0
94.17068485293414,94.18010192141944,93.86933066230579,93.8787185341592,100.0,100.0,0.0
93.8787185341592,93.88810640601262,93.58307011821549,93.5924293611516,100.0,100.0,0.0
93.5924293611516,93.60178860408772,93.30423014261281,93.31356149876268,100.0,100.0,0.0
93.31356149876268,93.32289285491255,93.01335465192511,93.02265691761687,100.0,100.0,0.0
93.02265691761687,93.03195918330863,92.73294890634155,92.74222312865442,100.0,100.0,0.0
92.74222312865442,92.75149735096728,92.44415650876091,92.4534018489458,100.0,100.0,0.0
92.4534018489458,92.46264718913069,92.15922513067603,92.16844197487352,100.0,100.0,0.0
92.16844197487352,92.177658819071,91.87906414135483,91.88825296665149,100.0,100.0,0.0
91.88825296665149,91.89744179194815,91.6037949246114,91.61295622023343,100.0,100.0,0.0
91.61295622023343,91.62211751585545,91.32838782838982,91.33752158054787,100.0,100.0,0.0
91.33752158054787,91.34665533270592,91.06732375438074,91.0764313975205,100.0,100.0,0.0
91.0764313975205,91.08553904066025,90.8058923722975,90.81497386968448,100.0,100.0,0.0
90.81497386968448,90.82405536707145,90.531923092005,90.54097718972398,100.0,100.0,0.0
90.54097718972398,90.55003128744295,90.25900452542369,90.26803132855655,100.0,100.0,0.0
90.26803132855655,90.2770581316894,89.98178736946672,89.99078644811152,100.0,100.0,0.0
89.99078644811152,89.99978552675633,89.72691575380203,89.7358893427363,100.0,100.0,0.0
89.7358893427363,89.74486293167057,89.46865087862132,89.47759863848516,100.0,100.0,0.0
89.47759863848516,89.486546398349,89.19183777356464,89.20075784934957,100.0,100.0,0.0
89.20075784934957,89.2096779251345,88.92385046036911,88.93274373474259,100.0,100.0,0.0
88.93274373474259,88.94163700911606,88.66939673269613,88.67826455915204,100.0,100.0,0.0
88.67826455915204,88.68713238560795,88.40042917214464,88.40927009915455,100.0,100.0,0.0
88.40927009915455,88.41811102616447,88.13163436071417,88.14044840555472,100.0,100.0,0.0
88.14044840555472,88.14926245039527,87.87640491177122,87.88519343111433,100.0,100.0,0.0
87.88519343111433,87.89398195045744,87.60804640390884,87.61680808471732,100.0,100.0,0.0
87.61680808471732,87.6255697655258,87.36469108936441,87.37342843220763,100.0,100.0,0.0
87.37342843220763,87.38216577505085,87.1061457851583,87.1148572708854,100.0,100.0,0.0
87.1148572708854,87.12356875661249,86.84143076146766,86.85011577304496,100.0,100.0,0.0
86.85011577304496,86.85880078462226,86.5573216772431,86.5659782750706,100.0,100.0,0.0
86.5659782750706,86.57463487289812,86.3051087731334,86.31374014714811,100.0,100.0,0.0
86.31374014714811,86.5700815891657,86.3051087731334,86.56142544662103,100.0,100.0,0.0
86.56142544662103,86.83339867119336,86.55276930407636,86.8247161995734,100.0,100.0,0.0
86.8247161995734,87.09738788333564,86.81603372795344,87.0886790154341,100.0,100.0,0.0
87.0886790154341,87.36391767819778,87.07997014753255,87.35518215998178,100.0,100.0,0.0
87.35518215998178,87.61302989157521,87.34644664176578,87.60426946462874,100.0,100.0,0.0
87.60426946462874,87.87032440693811,87.59550903768228,87.8615382531128,100.0,100.0,0.0
87.8615382531128,88.13903739446481,87.85275209928749,88.13022437202761,100.0,100.0,0.0
88.13022437202761,88.40921193329436,88.12141134959042,88.40037189610474,100.0,100.0,0.0
88.40037189610474,88.68825626970204,88.39153185891513,88.67938833086895,100.0,100.0,0.0
88.67938833086895,88.94837175910368,88.67052039203585,88.93947781132255,100.0,100.0,0.0
88.93947781132255,89.20350128739378,88.93058386354141,89.19458182921086,100.0,100.0,0.0
89.19458182921086,89.45726021867206,89.18566237102795,89.44831538713335,100.0,100.0,0.0
89.44831538713335,89.72712889385116,89.43937055559464,89.71815707814335,100.0,100.0,0.0
89.71815707814335,90.00651746091685,89.70918526243554,89.99751770914594,100.0,100.0,0.0
89.99751770914594,90.27245154516538,89.98851795737502,90.26342520264512,100.0,100.0,0.0
90.26342520264512,90.53831072346108,90.25439886012487,90.52925779768131,100.0,100.0,0.0
90.52925779768131,90.81791672753302,90.52020487190154,90.80883584394863,100.0,100.0,0.0
90.80883584394863,91.0912658643869,90.79975496036424,91.08215764862204,100.0,100.0,0.0
91.08215764862204,91.36258964724911,91.07304943285719,91.35345430181893,100.0,100.0,0.0
91.35345430181893,91.63257605049832,91.34431895638875,91.6234137091274,100.0,100.0,0.0
91.6234137091274,91.90884355308623,91.6142513677565,91.89965358772746,100.0,100.0,0.0
91.89965358772746,92.18224013632174,91.89046362236869,92.17302283403833,100.0,100.0,0.0
92.17302283403833,92.46404157167734,92.16380553175493,92.45479609206814,100.0,100.0,0.0
92.45479609206814,92.73462269294775,92.44555061245893,92.72535015793196,100.0,100.0,0.0
92.72535015793196,93.01553404767891,92.71607762291616,93.00623342433649,100.0,100.0,0.0
93.00623342433649,93.28759850064259,92.99693280099406,93.27827067357524,100.0,100.0,0.0
93.27827067357524,93.55603687270643,93.26894284650788,93.54668220448598,100.0,100.0,0.0
93.54668220448598,93.84435245458486,93.53732753626552,93.8349689576891,100.0,100.0,0.0
93.8349689576891,94.1251291083082,93.82558546079333,94.11571753655454,100.0,100.0,0.0
94.11571753655454,94.4016469407624,94.10630596480088,94.39220771999041,100.0,100.0,0.0
94.39220771999041,94.67453385766258,94.38276849921841,94.66506735092749,100.0,100.0,0.0
94.66506735092749,94.95505380276958,94.65560084419239,94.9455592468449,100.0,100.0,0.0
94.9455592468449,95.25169806909466,94.9360646909202,95.2421738517095,100.0,100.0,0.0
95.2421738517095,95.54015014255056,95.23264963432433,95.53059708284228,100.0,100.0,0.0
95.53059708284228,95.83729786288949,95.521044023134,95.82771509138036,100.0,100.0,0.0
95.82771509138036,96.13130457159775,95.81813231987122,96.12169240235752,100.0,100.0,0.0
96.12169240235752,96.43191547105698,96.1120802331173,96.4222732437326,100.0,100.0,0.0
96.4222732437326,96.72339485264806,96.41263101640823,96.71372348030003,100.0,100.0,0.0
96.71372348030003,97.02183144461,96.70405210795201,97.01213023158684,100.0,100.0,0.0
97.01213023158684,97.29676595835126,97.00242901856367,97.2870372546258,100.0,100.0,0.0
97.2870372546258,97.59230084907162,97.27730855090034,97.58254259481214,100.0,100.0,0.0
97.58254259481214,97.86594587155813,97.57278434055266,97.85616025553257,100.0,100.0,0.0
97.85616025553257,98.1689657893213,97.84637463950702,98.15914987433388,100.0,100.0,0.0
98.15914987433388,98.49047440422444,98.14933395934645,98.48062634159028,100.0,100.0,0.0
98.48062634159028,98.78396420896675,98.47077827895612,98.77408680028672,100.0,100.0,0.0
98.77408680028672,99.09533696973692,98.7642093916067,99.08542842689423,100.0,100.0,0.0
99.08542842689423,99.401866533477,99.07551988405153,99.39192734074294,100.0,100.0,0.0
99.39192734074294,99.69832221477556,99.38198814800887,99.68835337943761,100.0,100.0,0.0
99.68835337943761,99.99316156237215,99.67838454409967,99.98316324604755,100.0,100.0,0.0
99.98316324604755,100.29907366423959,99.97316492972296,100.28904475976361,100.0,100.0,0.0
100.28904475976361,100.60210431618621,100.27901585528764,100.59204511167505,100.0,100.0,0.0
100.59204511167505,100.90605193604922,100.58198590716388,100.89596233981524,100.0,100.0,0.0
100.89596233981524,101.20793125316052,100.88587274358126,101.19781147201333,100.0,100.0,0.0
101.19781147201333,101.508506706355,101.18769169086613,101.49835687066795,100.0,100.0,0.0
101.49835687066795,101.80426231271035,101.48820703498089,101.79408290441991,100.0,100.0,0.0
101.79408290441991,102.09445185591063,101.78390349612947,102.08424343156747,100.0,100.0,0.0
102.08424343156747,102.40019815229255,102.07403500722431,102.3899591563769,100.0,100.0,0.0
102.3899591563769,102.71119959793683,102.37972016046126,102.70092950498633,100.0,100.0,0.0
102.70092950498633,103.00515589904725,102.69065941203584,102.99485641340591,100.0,100.0,0.0
102.99485641340591,103.00515589904725,102.668423813852,102.6786916830203,100.0,100.0,0.0
102.6786916830203,102.6889595521886,102.34453471684594,102.35477019386532,100.0,100.0,0.0
102.35477019386532,102.3650056708847,102.04591909164077,102.05612470411118,100.0,100.0,0.0
102.05612470411118,102.0663303165816,101.75109196980986,101.76126809661952,100.0,100.0,0.0
101.76126809661952,101.77144422342917,101.44079236289305,101.45093745663871,100.0,100.0,0.0
101.45093745663871,101.46108255038438,101.13579202536967,101.14590661603127,100.0,100.0,0.0
101.14590661603127,101.15602120669287,100.8360658534932,100.84615046854005,100.0,100.0,0.0
100.84615046854005,100.8562350835869,100.53149945144291,100.54155360680359,100.0,100.0,0.0
100.54155360680359,100.55160776216427,100.23577536588971,100.2457999458843,100.0,100.0,0.0
100.2457999458843,100.2558245258789,99.95341523512946,99.96341157628709,100.0,100.0,0.0
99.96341157628709,99.97340791744472,99.66401160156326,99.6739789994632,100.0,100.0,0.0
99.6739789994632,99.68394639736314,99.37349968532189,99.3834380291248,100.0,100.0,0.0
99.3834380291248,99.39337637292772,99.09405635541746,99.10396675209267,100.0,100.0,0.0
99.10396675209267,99.11387714876788,98.78468435140927,98.79456380779004,100.0,100.0,0.0
98.79456380779004,98.80444326417081,98.49219610578163,98.50204631041267,100.0,100.0,0.0
98.50204631041267,98.5118965150437,98.18094348622849,98.19076256248474,100.0,100.0,0.0
98.19076256248474,98.20058163874099,97.90391260298233,97.91370397337967,100.0,100.0,0.0
97.91370397337967,97.923495343777,97.61781440604872,97.6275771637651,100.0,100.0,0.0
97.6275771637651,97.63733992148147,97.3246656019514,97.33439904185558,100.0,100.0,0.0
97.33439904185558,97.34413248175976,97.02871495937998,97.03841880126011,100.0,100.0,0.0
97.03841880126011,97.04812264314023,96.73258988394036,96.7422641103514,100.0,100.0,0.0
96.7422641103514,96.75193833676244,96.44015582564046,96.44980080572103,100.0,100.0,0.0
96.44980080572103,96.45944578580159,96.13611190034533,96.14572647299262,100.0,100.0,0.0
96.14572647299262,96.15534104563991,95.84334123958705,95.85292653224028,100.0,100.0,0.0
95.85292653224028,95.8625118248935,95.55125517635096,95.56081125747671,100.0,100.0,0.0
95.56081125747671,95.57036733860247,95.25687750248687,95.26640414290117,100.0,100.0,0.0
95.26640414290117,95.27593078331546,94.96642276429586,94.97592035633149,100.0,100.0,0.0
94.97592035633149,94.98541794836711,94.67944605119825,94.68891494269252,100.0,100.0,0.0
94.68891494269252,94.69838383418679,94.39802858024059,94.4074693271733,100.0,100.0,0.0
94.4074693271733,94.41691007410601,94.12292242168098,94.13233565524651,100.0,100.0,0.0
94.13233565524651,94.14174888881203,93.83725696195145,93.84664162611406,100.0,100.0,0.0
93.84664162611406,93.85602629027667,93.53766810969323,93.54702281197443,100.0,100.0,0.0
93.54702281197443,93.55637751425563,93.25544949187571,93.26477596947265,100.0,100.0,0.0
93.26477596947265,93.2741024470696,92.96876655727723,92.9780643637136,100.0,100.0,0.0
92.9780643637136,92.98736217014996,92.69017382028233,92.6994437646588,100.0,100.0,0.0
92.6994437646588,92.70871370903527,92.39891425305623,92.40815506856309,100.0,100.0,0.0
92.40815506856309,92.41739588406995,92.11448024700147,92.12369261626309,100.0,100.0,0.0
92.12369261626309,92.1329049855247,91.8305993563325,91.83978333466597,100.0,100.0,0.0
91.83978333466597,91.84896731299943,91.55826729666848,91.56742403907238,100.0,100.0,0.0
91.56742403907238,91.57658078147628,91.27649981777377,91.28562838061183,100.0,100.0,0.0
91.28562838061183,91.29475694344988,90.99546344725842,91.00456390364879,100.0,100.0,0.0
91.00456390364879,91.01366436003916,90.71970855109294,90.72878142923585,100.0,100.0,0.0
90.72878142923585,90.73785430737877,90.45020232849085,90.45924825331618,100.0,100.0,0.0
90.45924825331618,90.4682941781415,90.17203523373821,90.18105333907212,100.0,100.0,0.0
90.18105333907212,90.19007144440603,89.88781147566704,89.89680115578261,100.0,100.0,0.0
89.89680115578261,89.90579083589819,89.60953894962653,89.6185007997065,100.0,100.0,0.0
89.6185007997065,89.62746264978647,89.34040061299956,89.34933554655422,100.0,100.0,0.0
89.34933554655422,89.35827048010887,89.07474533329385,89.08365369866371,100.0,100.0,0.0
89.08365369866371,89.09256206403357,88.82028728151434,88.82917019853419,100.0,100.0,0.0
88.82917019853419,88.83805311555403,88.54289137026754,88.55174654492203,100.0,100.0,0.0
88.55174654492203,88.56060171957651,88.27023769698562,88.27906560354597,100.0,100.0,0.0
88.27906560354597,88.28789351010633,88.01271317798084,88.02151532951379,100.0,100.0,0.0
88.02151532951379,88.03031748104674,87.7415172646097,87.75029229383908,100.0,100.0,0.0
87.75029229383908,87.75906732306846,87.48133336405319,87.49008237229042,100.0,100.0,0.0
87.49008237229042,87.49883138052765,87.22499908865709,87.23372246090318,100.0,100.0,0.0
87.23372246090318,87.24244583314928,86.96167133466676,86.97036837150391,100.0,100.0,0.0
86.97036837150391,87.2458091214155,86.96167133466676,87.23708541287422,100.0,100.0,0.0
87.23708541287422,87.52201135313891,87.22836170433294,87.5132600271362,100.0,100.0,0.0
87.5132600271362,87.79079869771417,87.50450870113349,87.7820204956646,100.0,100.0,0.0
87.7820204956646,88.06000168845898,87.77324229361503,88.0511965688021,100.0,100.0,0.0
88.0511965688021,88.33638995788647,88.04239144914521,88.32755720216625,100.0,100.0,0.0
88.32755720216625,88.61303259589924,88.31872444644603,88.60417217868138,100.0,100.0,0.0
88.60417217868138,88.89266557544201,88.59531176146352,88.88377719772224,100.0,100.0,0.0
88.88377719772224,89.15504894718042,88.87488882000247,89.14613433374704,100.0,100.0,0.0
89.14613433374704,89.4205505664069,89.13721972031367,89.41160940546635,100.0,100.0,0.0
89.41160940546635,89.68333711600926,89.4026682445258,89.67436967904135,100.0,100.0,0.0
89.67436967904135,89.94959788817013,89.66540224207344,89.94060382778736,100.0,100.0,0.0
89.94060382778736,90.20799384479851,89.93160976740458,90.19897394740377,100.0,100.0,0.0
90.19897394740377,90.46904213460415,90.18995405000904,90.45999613499066,100.0,100.0,0.0
90.45999613499066,90.73887869603782,90.45095013537717,90.72980571546627,100.0,100.0,0.0
90.72980571546627,90.99625442424738,90.72073273489472,90.98715570867651,100.0,100.0,0.0
90.98715570867651,91.26352839955089,90.97805699310564,91.25440295925497,100.0,100.0,0.0
91.25440295925497,91.52677871573898,91.24527751895906,91.51762695304369,100.0,100.0,0.0
91.51762695304369,91.80966566553336,91.50847519034839,91.80048561697166,100.0,100.0,0.0
91.80048561697166,92.09510938044748,91.79130556840995,92.08590079036844,100.0,100.0,0.0
92.08590079036844,92.37594587818207,92.0766922002894,92.36670920726134,100.0,100.0,0.0
92.36670920726134,92.65974856840452,92.35747253634061,92.65048352005252,100.0,100.0,0.0
92.65048352005252,92.95073834023115,92.64121847170051,92.94144419581157,100.0,100.0,0.0
92.94144419581157,93.23729628991178,92.93215005139199,93.22797349256253,100.0,100.0,0.0
93.22797349256253,93.52182821923445,93.21865069521327,93.5124769715373,100.0,100.0,0.0
93.5124769715373,93.7882397484874,93.50312572384014,93.77886186230117,100.0,100.0,0.0
93.77886186230117,94.0538507831298,93.76948397611494,94.04444633849596,100.0,100.0,0.0
94.04444633849596,94.33608358377069,94.03504189386211,94.32665091867882,100.0,100.0,0.0
94.32665091867882,94.62855343454031,94.31721825358696,94.61909152538777,100.0,100.0,0.0
94.61909152538777,94.91423621615812,94.60962961623524,94.90474574158395,100.0,100.0,0.0
94.90474574158395,95.20122507329542,94.89525526700979,95.19170590270515,100.0,100.0,0.0
95.19170590270515,95.47548324989636,95.18218673211489,95.46593665623074,100.0,100.0,0.0
95.46593665623074,95.75587694494394,95.45639006256512,95.74630231471247,100.0,100.0,0.0
95.74630231471247,96.05711377589421,95.736727684481,96.04750902499171,100.0,100.0,0.0
96.04750902499171,96.34220129237508,96.03790427408921,96.33256803557153,100.0,100.0,0.0
96.33256803557153,96.62872438223837,96.32293477876797,96.61906247599077,100.0,100.0,0.0
96.61906247599077,96.91037558359129,96.60940056974317,96.90068551503978,100.0,100.0,0.0
96.90068551503978,97.21723838640649,96.89099544648828,97.20751763464303,100.0,100.0,0.0
97.20751763464303,97.50019310287739,97.19779688287956,97.49044405847154,100.0,100.0,0.0
97.49044405847154,97.80035047091972,97.48069501406569,97.79057141377835,100.0,100.0,0.0
97.79057141377835,98.07992618466508,97.78079235663698,98.07011917274781,100.0,100.0,0.0
98.07011917274781,98.35526829364713,98.06031216083053,98.34543375027211,100.0,100.0,0.0
98.34543375027211,98.65209735816053,98.33559920689709,98.64223313484705,100.0,100.0,0.0
98.64223313484705,98.9437990114477,98.63236891153356,98.93390562088561,100.0,100.0,0.0
98.93390562088561,99.25181221658953,98.92401223032353,99.24188802778676,100.0,100.0,0.0
99.24188802778676,99.5563970041109,99.23196383898399,99.54644235987492,100.0,100.0,0.0
99.54644235987492,99.86761407350471,99.53648771563893,99.85762831067365,100.0,100.0,0.0
99.85762831067365,100.16677631108769,99.84764254784258,100.15676063502418,100.0,100.0,0.0
100.15676063502418,100.46624077303053,100.14674495896068,100.45619515351518,100.0,100.0,0.0
100.45619515351518,100.46624077303053,100.1436466829295,100.15366204913441,100.0,100.0,0.0
100.15366204913441,100.16367741533932,99.86608659034104,99.87607419776081,100.0,100.0,0.0
99.87607419776081,99.88606180518059,99.56227310691104,99.57223032994403,100.0,100.0,0.0
99.57223032994403,99.58218755297703,99.27633014098392,99.2862587668606,100.0,100.0,0.0
99.2862587668606,99.29618739273728,98.96132745272443,98.97122457518195,100.0,100.0,0.0
98.97122457518195,98.98112169763947,98.64391290025736,98.65377827808517,100.0,100.0,0.0
98.65377827808517,98.66364365591298,98.34787655904039,98.35771233027342,100.0,100.0,0.0
98.35771233027342,98.36754810150644,98.04445209980494,98.0542575255575,100.0,100.0,0.0
98.0542575255575,98.06406295131006,97.72914561508509,97.73891950703579,100.0,100.0,0.0
97.73891950703579,97.74869339898649,97.45462397119586,97.46437040823668,100.0,100.0,0.0
97.46437040823668,97.47411684527749,97.17443836215273,97.18415677783051,100.0,100.0,0.0
97.18415677783051,97.19387519350829,96.89401341956086,96.90370378993985,100.0,100.0,0.0
96.90370378993985,96.91339416031884,96.60566223849503,96.61532377087211,100.0,100.0,0.0
96.61532377087211,96.62498530324919,96.32439996961054,96.33403337294783,100.0,100.0,0.0
96.33403337294783,96.34366677628512,96.02834015018284,96.0379439445773,100.0,100.0,0.0
96.0379439445773,96.04754773897174,95.74361120693477,95.75318652558732,100.0,100.0,0.0
95.75318652558732,95.76276184423988,95.46008957278696,95.4696365364406,100.0,100.0,0.0
95.4696365364406,95.47918350009425,95.18760783393931,95.19712754669398,100.0,100.0,0.0
95.19712754669398,95.20664725944864,94.90912017704218,94.91861203824601,100.0,100.0,0.0
94.91861203824601,94.92810389944984,94.61776874413191,94.62723146727863,100.0,100.0,0.0
94.62723146727863,94.63669419042536,94.32671995076929,94.3361535661259,100.0,100.0,0.0
94.3361535661259,94.34558718148251,94.05994116159243,94.06934809640207,100.0,100.0,0.0
94.06934809640207,94.0787550312117,93.77046313985029,93.77984112396268,100.0,100.0,0.0
93.77984112396268,93.78921910807507,93.48090896323276,93.49025798903166,100.0,100.0,0.0
93.49025798903166,93.49960701483056,93.20346870568075,93.21278998467922,100.0,100.0,0.0
93.21278998467922,93.22211126367769,92.90935765525053,92.91864952020255,100.0,100.0,0.0
92.91864952020255,92.92794138515457,92.61743500522579,92.62669767499328,100.0,100.0,0.0
92.62669767499328,92.63596034476078,92.34682536559647,92.35606097169364,100.0,100.0,0.0
92.35606097169364,92.3652965777908,92.0755082582198,92.08471672989279,100.0,100.0,0.0
92.08471672989279,92.09392520156578,91.80387838796524,91.81305969393463,100.0,100.0,0.0
91.81305969393463,91.82224099990403,91.5505364407618,91.5596924100028,100.0,100.0,0.0
91.5596924100028,91.56884837924379,91.28353373069321,91.2926629969929,100.0,100.0,0.0
91.2926629969929,91.3017922632926,91.02052018358404,91.02962314589863,100.0,100.0,0.0
91.02962314589863,91.03872610821321,90.73776622167675,90.74684090576733,100.0,100.0,0.0
90.74684090576733,90.7559155898579,90.46332036376539,90.47236760052544,100.0,100.0,0.0
90.47236760052544,90.4814148372855,90.18352345600262,90.19254271027364,100.0,100.0,0.0
90.19254271027364,90.20156196454467,89.91596964654481,89.92496214275909,100.0,100.0,0.0
89.92496214275909,89.93395463897336,89.65055936661669,89.6595253191486,100.0,100.0,0.0
89.6595253191486,89.66849127168051,89.37807521703334,89.38701391842518,100.0,100.0,0.0
89.38701391842518,89.39595261981702,89.11008639239719,89.11899829222641,100.0,100.0,0.0
89.11899829222641,89.12791019205562,88.84927600006957,88.85816181625118,100.0,100.0,0.0
88.85816181625118,88.8670476324328,88.58615567550387,88.59501517702158,100.0,100.0,0.0
88.59501517702158,88.60387467853928,88.32675689325687,88.3355904523021,100.0,100.0,0.0
88.3355904523021,88.34442401134733,88.06122422519186,88.07003122831469,100.0,100.0,0.0
88.07003122831469,88.07883823143752,87.79120483178977,87.79998483027279,100.0,100.0,0.0
87.79998483027279,87.80876482875581,87.51945855534238,87.52821137648003,100.0,100.0,0.0
87.52821137648003,87.53696419761768,87.24960622368673,87.25833205689241,100.0,100.0,0.0
87.25833205689241,87.2670578900981,86.99352355860093,87.00222378097902,100.0,100.0,0.0
87.00222378097902,87.01092400335712,86.73720096965738,86.7458755572131,100.0,100.0,0.0
86.7458755572131,86.75455014476881,86.47501281014299,86.48366117626061,100.0,100.0,0.0
86.48366117626061,86.49230954237824,86.21699566207461,86.225618223897,100.0,100.0,0.0
86.225618223897,86.2342407857194,85.94535284210036,85.95394823692405,100.0,100.0,0.0
85.95394823692405,85.96254363174774,85.68884920690168,85.69741894879655,100.0,100.0,0.0
85.69741894879655,85.70598869069143,85.43487444438209,85.44341878626071,100.0,100.0,0.0
85.44341878626071,85.45196312813933,85.17062426628458,85.17914218050262,100.0,100.0,0.0
85.17914218050262,85.18766009472067,84.9194109304482,84.92790372082028,100.0,100.0,0.0
84.92790372082028,84.93639651119237,84.65630316112652,84.66476963809032,100.0,100.0,0.0
84.66476963809032,84.67323611505412,84.40757407242879,84.41601567399618,100.0,100.0,0.0
84.41601567399618,84.42445727556358,84.15544063831868,84.16385702402108,100.0,100.0,0.0
84.16385702402108,84.17227340972349,83.91078694804797,83.91917886593457,100.0,100.0,0.0
83.91917886593457,83.92757078382117,83.66659821781879,83.67496571439023,100.0,100.0,0.0
83.67496571439023,83.68333321096166,83.42838591111496,83.43672958407336,100.0,100.0,0.0
83.43672958407336,83.44507325703177,83.17514966671378,83.18346801351512,100.0,100.0,0.0
83.18346801351512,83.19178636031647,82.93310354427719,82.9413976840456,100.0,100.0,0.0
82.9413976840456,82.949691823814,82.68225349964894,82.69052255190412,100.0,100.0,0.0
82.69052255190412,82.69879160415931,82.43514932205356,82.4433936614197,100.0,100.0,0.0
82.4433936614197,82.45163800078585,82.1874363941578,82.19565595975378,100.0,100.0,0.0
82.19565595975378,82.20387552534976,81.93414840662497,81.94234264088905,100.0,100.0,0.0
81.94234264088905,81.95053687515313,81.69038341722508,81.69855327255233,100.0,100.0,0.0
81.69855327255233,81.70672312787958,81.45561056524019,81.46375694093429,100.0,100.0,0.0
81.46375694093429,81.47190331662839,81.20943501076167,81.2175567664383,100.0,100.0,0.0
81.2175567664383,81.22567852211495,80.97511497524597,80.98321329657563,100.0,100.0,0.0
80.98321329657563,81.21343598384594,80.97511497524597,81.20531545230071,100.0,100.0,0.0
81.20531545230071,81.4707822498807,81.19719492075548,81.46263598628207,100.0,100.0,0.0
81.46263598628207,81.7061729742674,81.45448972268343,81.69800317395001,100.0,100.0,0.0
81.69800317395001,81.95547939520392,81.68983337363262,81.94728466673725,100.0,100.0,0.0
81.94728466673725,82.21358232200244,81.93908993827057,82.20536178582385,100.0,100.0,0.0
82.20536178582385,82.44863037562997,82.19714124964527,82.44038633699627,100.0,100.0,0.0
82.44038633699627,82.69955784864915,82.43214229836256,82.69128871977718,100.0,100.0,0.0
82.69128871977718,82.95936600539567,82.6830195909052,82.95107089830583,100.0,100.0,0.0
82.95107089830583,83.20966239383955,82.942775791216,83.2013422596136,100.0,100.0,0.0
83.2013422596136,83.45883627378221,83.19302212538764,83.45049122465974,100.0,100.0,0.0
83.45049122465974,83.70991813134293,83.44214617553727,83.70154797654527,100.0,100.0,0.0
83.70154797654527,83.96365068315899,83.69317782174761,83.95525515764322,100.0,100.0,0.0
83.95525515764322,84.22072120818945,83.94685963212746,84.21229997819162,100.0,100.0,0.0
84.21229997819162,84.47858076855832,84.2038787481938,84.4701337551828,100.0,100.0,0.0
84.4701337551828,84.72719504427164,84.46168674180728,84.71872317195445,100.0,100.0,0.0
84.71872317195445,84.97825865259668,84.71025129963726,84.96976167642903,100.0,100.0,0.0
84.96976167642903,85.24146821343632,84.96126470026138,85.23294491894443,100.0,100.0,0.0
85.23294491894443,85.51013480661099,85.22442162445253,85.50158464814618,100.0,100.0,0.0
85.50158464814618,85.76646035266013,85.49303448968136,85.7578845642037,100.0,100.0,0.0
85.7578845642037,86.02164797116285,85.74930877574728,86.0130466664962,100.0,100.0,0.0
86.0130466664962,86.28435658767258,86.00444536182954,86.2757290147711,100.0,100.0,0.0
86.2757290147711,86.55240399494933,86.26710144186963,86.54374961998734,100.0,100.0,0.0
86.54374961998734,86.81414530054333,86.53509524502535,86.80546475406793,100.0,100.0,0.0
86.80546475406793,87.0764134980278,86.79678420759252,87.06770672735507,100.0,100.0,0.0
87.06770672735507,87.34629637728762,87.05899995668234,87.33756262102551,100.0,100.0,0.0
87.33756262102551,87.6133125843275,87.32882886476341,87.6045521291146,100.0,100.0,0.0
87.6045521291146,87.8862871865519,87.59579167390169,87.87749943660823,100.0,100.0,0.0
87.87749943660823,88.15147467012294,87.86871168666457,88.14266040408253,100.0,100.0,0.0
88.14266040408253,88.41478521194568,88.13384613804213,88.40594461748394,100.0,100.0,0.0
88.40594461748394,88.6781749743697,88.3971040230222,88.66930804356534,100.0,100.0,0.0
88.66930804356534,88.93421190375066,88.66044111276098,88.92531937181349,100.0,100.0,0.0
88.92531937181349,89.20661432285661,88.91642683987631,89.19769455340126,100.0,100.0,0.0
89.19769455340126,89.47027116172946,89.18877478394592,89.46132502922653,100.0,100.0,0.0
89.46132502922653,89.75292050831429,89.4523788967236,89.74394611370292,100.0,100.0,0.0
89.74394611370292,90.01466603315325,89.73497171909155,90.00566546660659,100.0,100.0,0.0
90.00566546660659,90.28528697435638,89.99666490005993,90.27625934842155,100.0,100.0,0.0
90.27625934842155,90.54937411802547,90.26723172248671,90.54032008601686,100.0,100.0,0.0
90.54032008601686,90.8211786341994,90.53126605400826,90.81209742445695,100.0,100.0,0.0
90.81209742445695,91.0848426158133,90.8030162147145,91.07573504230908,100.0,100.0,0.0
91.07573504230908,91.34913226674931,91.06662746880485,91.33999826692262,100.0,100.0,0.0
91.33999826692262,91.62253471324654,91.33086426709593,91.61337337590895,100.0,100.0,0.0
91.61337337590895,91.90333002679552,91.60421203857136,91.89414061273425,100.0,100.0,0.0
91.89414061273425,92.19431020722875,91.88495119867298,92.18509169805895,100.0,100.0,0.0
92.18509169805895,92.48497117542418,92.17587318888916,92.47572360306387,100.0,100.0,0.0
92.47572360306387,92.75143203991124,92.46647603070356,92.74215782412882,100.0,100.0,0.0
92.74215782412882,93.02720948562538,92.73288360834641,93.0179076948559,100.0,100.0,0.0
93.0179076948559,93.32565353218322,93.00860590408641,93.31632189999323,100.0,100.0,0.0
93.31632189999323,93.6011691105984,93.30699026780323,93.59180992960545,100.0,100.0,0.0
93.59180992960545,93.6011691105984,93.29966399483347,93.3089948943229,100.0,100.0,0.0
93.3089948943229,93.31832579381232,93.01527531613678,93.02457777391417,100.0,100.0,0.0
93.02457777391417,93.03388023169157,92.74185612636667,92.75113123949062,100.0,100.0,0.0
92.75113123949062,92.76040635261457,92.47313867784095,92.4823869165326,100.0,100.0,0.0
92.4823869165326,92.49163515522426,92.19759627213665,92.20681695383203,100.0,100.0,0.0
92.20681695383203,92.21603763552741,91.91529011783535,91.92448256609197,100.0,100.0,0.0
91.92448256609197,91.93367501434858,91.6479684608458,91.65713417426323,100.0,100.0,0.0
91.65713417426323,91.66629988768067,91.37520650590334,91.38434494039737,100.0,100.0,0.0
91.38434494039737,91.3934833748914,91.08966084616435,91.09877072323667,100.0,100.0,0.0
91.09877072323667,91.10788060030899,90.80867556960733,90.81775734534186,100.0,100.0,0.0
90.81775734534186,90.82683912107639,90.54818726397829,90.55724298827712,100.0,100.0,0.0
90.55724298827712,90.56629871257596,90.28992824860707,90.2989581444215,100.0,100.0,0.0
90.2989581444215,90.30798804023594,90.0194172394246,90.02842008143274,100.0,100.0,0.0
90.02842008143274,90.03742292344089,89.75703257355433,89.76600917447178,100.0,100.0,0.0
89.76600917447178,89.77498577538923,89.49679364382668,89.5057442182485,100.0,100.0,0.0
89.5057442182485,89.51469479267031,89.2257822538948,89.23470572446725,100.0,100.0,0.0
89.23470572446725,89.24362919503969,88.95612405560509,88.96502055766085,100.0,100.0,0.0
88.96502055766085,88.97391705971661,88.69392615742282,88.70279643706652,100.0,100.0,0.0
88.70279643706652,88.71166671671023,88.43478217118536,88.44362653383874,100.0,100.0,0.0
88.44362653383874,88.45247089649212,88.16148237673507,88.17029940667574,100.0,100.0,0.0
88.17029940667574,88.17911643661641,87.89514602776511,87.90393642140725,100.0,100.0,0.0
87.90393642140725,87.9127268150494,87.63843401158272,87.64719873145586,100.0,100.0,0.0
87.64719873145586,87.655963451329,87.38935050431986,87.3980903133512,100.0,100.0,0.0
87.3980903133512,87.40683012238254,87.12545748345129,87.13417090054133,100.0,100.0,0.0
87.13417090054133,87.14288431763138,86.85820347182249,86.86689016083858,100.0,100.0,0.0
86.86689016083858,86.87557684985467,86.59370147166169,86.60236170783247,100.0,100.0,0.0
86.60236170783247,86.61102194400326,86.33075451939723,86.33938845824305,100.0,100.0,0.0
86.33938845824305,86.34802239708887,86.07118735245062,86.07979533198382,100.0,100.0,0.0
86.07979533198382,86.08840331151701,85.80205630555487,85.8106373692918,100.0,100.0,0.0
85.8106373692918,85.81921843302872,85.55182311315316,85.56037915106826,100.0,100.0,0.0
85.56037915106826,85.56893518898336,85.2774972429415,85.28602584552604,100.0,100.0,0.0
85.28602584552604,85.29455444811059,85.00802296898661,85.01652462144875,100.0,100.0,0.0
85.01652462144875,85.0250262739109,84.74824198314623,84.75671765491172,100.0,100.0,0.0
84.75671765491172,84.76519332667722,84.49938742904017,84.50783821286146,100.0,100.0,0.0
84.50783821286146,84.51628899668275,84.23972576678112,84.2481505818393,100.0,100.0,0.0
84.2481505818393,84.25657539689747,83.99044648864825,83.99884637328557,100.0,100.0,0.0
83.99884637328557,84.0072462579229,83.73939055836219,83.74776533489567,100.0,100.0,0.0
83.74776533489567,83.75614011142916,83.47432201320868,83.4826702802367,100.0,100.0,0.0
83.4826702802367,83.49101854726473,83.23457246397909,83.24289675365445,100.0,100.0,0.0
83.24289675365445,83.2512210433298,82.98394949097269,82.99224871584427,100.0,100.0,0.0
82.99224871584427,83.00054794071585,82.73596138892432,82.74423581250558,100.0,100.0,0.0
82.74423581250558,82.75251023608683,82.47640656408784,82.4846550295908,100.0,100.0,0.0
82.4846550295908,82.49290349509376,82.22841329918691,82.2366369628832,100.0,100.0,0.0
82.2366369628832,82.24486062657948,81.9893125438679,81.99751229509741,100.0,100.0,0.0
81.99751229509741,82.00571204632692,81.7417386306243,81.7499136219865,100.0,100.0,0.0
81.7499136219865,81.75808861334869,81.48975619640034,81.49790598699903,100.0,100.0,0.0
81.49790598699903,81.50605577759772,81.24520911039231,81.25333444383669,100.0,100.0,0.0
81.25333444383669,81.26145977728108,81.00160833358575,81.0097093045162,100.0,100.0,0.0
81.0097093045162,81.01781027544666,80.76618777535418,80.77426520187437,100.0,100.0,0.0
80.77426520187437,80.78234262839456,80.53330701811758,80.541361154233,100.0,100.0,0.0
80.541361154233,80.54941529034842,80.30153833775954,80.30956929468901,100.0,100.0,0.0
80.30956929468901,80.31760025161849,80.0613769813625,80.06938391975447,100.0,100.0,0.0
80.06938391975447,80.07739085814644,79.83566758538417,79.84365195057923,100.0,100.0,0.0
79.84365195057923,79.85163631577429,79.58070295251832,79.58866181870019,100.0,100.0,0.0
79.58866181870019,79.59662068488205,79.3474676675188,79.35540320783959,100.0,100.0,0.0
79.35540320783959,79.36333874816037,79.1072263200795,79.11513783386289,100.0,100.0,0.0
79.11513783386289,79.12304934764627,78.85635994050786,78.86424636514437,100.0,100.0,0.0
78.86424636514437,78.87213278978088,78.61264001280053,78.62050206300682,100.0,100.0,0.0
78.62050206300682,78.62836411321312,78.37902475113442,78.38686343747817,100.0,100.0,0.0
78.38686343747817,78.39470212382192,78.14625343285648,78.15406883974046,100.0,100.0,0.0
78.15406883974046,78.16188424662444,77.90908184779543,77.91687353514895,100.0,100.0,0.0
77.91687353514895,77.92466522250247,77.67771439937329,77.68548294766805,100.0,100.0,0.0
77.68548294766805,77.69325149596281,77.44082620884004,77.44857106594662,100.0,100.0,0.0
77.44857106594662,77.45631592305321,77.21413238709403,77.22185457255128,100.0,100.0,0.0
77.22185457255128,77.22957675800853,76.98530819542353,76.99300749617315,100.0,100.0,0.0
76.99300749617315,77.00070679692277,76.7462995973327,76.75397499483218,100.0,100.0,0.0
76.75397499483218,76.76165039233166,76.51783565925497,76.52548820807577,100.0,100.0,0.0
76.52548820807577,76.53314075689657,76.29501521367959,76.30264547822742,100.0,100.0,0.0
76.30264547822742,76.31027574277525,76.06113606062628,76.06874293491977,100.0,100.0,0.0
76.06874293491977,76.07634980921326,75.82262870148513,75.8302117226574,100.0,100.0,0.0
75.8302117226574,75.83779474382966,75.59201605089373,75.59957600849458,100.0,100.0,0.0
75.59957600849458,75.60713596609543,75.37046563785043,75.37800343819424,100.0,100.0,0.0
75.37800343819424,75.38554123853805,75.14133822925254,75.14885311456399,100.0,100.0,0.0
75.14885311456399,75.15636799987544,74.92138985058465,74.92888273885853,100.0,100.0,0.0
74.92888273885853,74.93637562713242,74.68526329922163,74.69273257247887,100.0,100.0,0.0
74.69273257247887,74.70020184573612,74.45441391912188,74.46186010513239,100.0,100.0,0.0
74.46186010513239,74.69635190810094,74.45441391912188,74.68888301979895,100.0,100.0,0.0
74.68888301979895,74.92291004045984,74.68141413149696,74.91541849860998,100.0,100.0,0.0
74.91541849860998,75.14603178926853,74.90792695676012,75.13851793747479,100.0,100.0,0.0
75.13851793747479,75.36695493607047,75.13100408568104,75.35941899417105,100.0,100.0,0.0
75.35941899417105,75.60016134706731,75.35188305227163,75.59260208685863,100.0,100.0,0.0
75.59260208685863,75.8254447894833,75.58504282664995,75.81786300318298,100.0,100.0,0.0
75.81786300318298,76.06534473003384,75.81028121688266,76.05773895613822,100.0,100.0,0.0
76.05773895613822,76.29379643014938,76.0501331822426,76.28616781336805,100.0,100.0,0.0
76.28616781336805,76.52320012371179,76.27853919658672,76.51554856885491,100.0,100.0,0.0
76.51554856885491,76.74926294549978,76.50789701399803,76.74158878662112,100.0,100.0,0.0
76.74158878662112,76.98850085192645,76.73391462774246,76.98080277164928,100.0,100.0,0.0
76.98080277164928,77.20940271524263,76.97310469137211,77.20168254698794,100.0,100.0,0.0
77.20168254698794,77.44736528718491,77.19396237873325,77.4396213250524,100.0,100.0,0.0
77.4396213250524,77.6772526065346,77.43187736291989,77.66948565796879,100.0,100.0,0.0
77.66948565796879,77.90138560552604,77.66171870940299,77.89359624590145,100.0,100.0,0.0
77.89359624590145,78.13708228261531,77.88580688627685,78.12926935567974,100.0,100.0,0.0
78.12926935567974,78.36499506877526,78.12145642874417,78.35715935283997,100.0,100.0,0.0
78.35715935283997,78.61090935022779,78.34932363690469,78.60304904532326,100.0,100.0,0.0
78.60304904532326,78.84258891701879,78.59518874041873,78.83470544647415,100.0,100.0,0.0
78.83470544647415,79.0706061392623,78.8268219759295,79.06269986927536,100.0,100.0,0.0
79.06269986927536,79.2983352442437,79.05479359928843,79.29040620362333,100.0,100.0,0.0
79.29040620362333,79.5490383090052,79.28247716300297,79.54108420058515,100.0,100.0,0.0
79.54108420058515,79.7897812249615,79.5331300921651,79.78180304465704,100.0,100.0,0.0
79.78180304465704,80.025751440915,79.77382486435258,80.01774966594841,100.0,100.0,0.0
80.01774966594841,80.27176993203344,80.00974789098183,80.26374355767767,100.0,100.0,0.0
80.26374355767767,80.51250286801294,80.2557171833219,80.50445242277067,100.0,100.0,0.0
80.50445242277067,80.75406729839868,80.4964019775284,80.74599269912876,100.0,100.0,0.0
80.74599269912876,81.0047228338453,80.73791809985885,80.99662317152816,100.0,100.0,0.0
80.99662317152816,81.25416757636988,80.988523509211,81.24604297207267,100.0,100.0,0.0
81.24604297207267,81.48517171144687,81.23791836777546,81.47702400904596,100.0,100.0,0.0
81.47702400904596,81.73046710791748,81.46887630664506,81.72229487842964,100.0,100.0,0.0
81.72229487842964,81.98327673985064,81.7141226489418,81.97507923192745,100.0,100.0,0.0
81.97507923192745,82.23229578830696,81.96688172400427,82.22407338096886,100.0,100.0,0.0
82.22407338096886,82.48068811731473,82.21585097363076,82.4724408732274,100.0,100.0,0.0
82.4724408732274,82.71122790010526,82.46419362914007,82.70295760434482,100.0,100.0,0.0
82.70295760434482,82.96876610461024,82.69468730858438,82.96047005760448,100.0,100.0,0.0
82.96047005760448,83.21234148753202,82.95217401059872,83.20402108542348,100.0,100.0,0.0
83.20402108542348,83.46255781526546,83.19570068331494,83.45421239402606,100.0,100.0,0.0
83.45421239402606,83.72052645785327,83.44586697278666,83.71215524232903,100.0,100.0,0.0
83.71215524232903,83.98117349730475,83.7037840268048,83.97277621968279,100.0,100.0,0.0
83.97277621968279,84.22698067471289,83.96437894206082,84.21855881883101,100.0,100.0,0.0
84.21855881883101,84.48378671678384,84.21013696294914,84.47533918286555,100.0,100.0,0.0
84.47533918286555,84.7340461897261,84.46689164894727,84.72557363236287,100.0,100.0,0.0
84.72557363236287,84.98806016129261,84.71710107499963,84.9795622050721,100.0,100.0,0.0
84.9795622050721,85.24422834092901,84.97106424885159,85.23570477045197,100.0,100.0,0.0
85.23570477045197,85.509868533573,85.22718119997494,85.50131840173283,100.0,100.0,0.0
85.50131840173283,85.76303121654753,85.49276826989266,85.75445577097044,100.0,100.0,0.0
85.75445577097044,86.03478472574795,85.74588032539334,86.0261821075372,100.0,100.0,0.0
86.0261821075372,86.29651989960233,86.01757948932644,86.28789111049129,100.0,100.0,0.0
86.28789111049129,86.5357215115181,86.27926232138024,86.52706880463764,100.0,100.0,0.0
86.52706880463764,86.79548071053217,86.51841609775717,86.78680203032914,100.0,100.0,0.0
86.78680203032914,87.0414749651371,86.77812335012611,87.0327716879683,100.0,100.0,0.0
87.0327716879683,87.30616350965803,87.02406841079952,87.2974337662814,100.0,100.0,0.0
87.2974337662814,87.56868687215591,87.28870402290477,87.559930879068,100.0,100.0,0.0
87.559930879068,87.83209842190531,87.5511748859801,87.82331609029629,100.0,100.0,0.0
87.82331609029629,88.11581823142427,87.81453375868726,88.10700753067121,100.0,100.0,0.0
88.10700753067121,88.37727779800204,88.09819682991815,88.36844095390666,100.0,100.0,0.0
88.36844095390666,88.64677437161644,88.35960410981127,88.63791058055838,100.0,100.0,0.0
88.63791058055838,88.94124055816988,88.62904678950032,88.93234732343754,100.0,100.0,0.0
88.93234732343754,89.21862001271347,88.9234540887052,89.20969904280919,100.0,100.0,0.0
89.20969904280919,89.48954398457705,89.20077807290491,89.48059592498456,100.0,100.0,0.0
89.48059592498456,89.763210871191,89.47164786539206,89.75423544764624,100.0,100.0,0.0
89.75423544764624,90.03152788547483,89.74526002410147,90.02252563291154,100.0,100.0,0.0
90.02252563291154,90.30993588184573,90.01352338034825,90.3009057912666,100.0,100.0,0.0
90.3009057912666,90.57092216914462,90.29187570068747,90.56186598254637,100.0,100.0,0.0
90.56186598254637,90.84487878046693,90.55280979594811,90.83579520094683,100.0,100.0,0.0
90.83579520094683,91.11159446501154,90.82671162142674,91.10248421658987,100.0,100.0,0.0
91.10248421658987,91.39002355005651,91.09337396816821,91.38088546151036,100.0,100.0,0.0
91.38088546151036,91.39002355005651,91.11052637959989,91.11963834343423,100.0,100.0,0.0
91.11963834343423,91.12875030726858,90.82595906080856,90.83504256506507,100.0,100.0,0.0
90.83504256506507,90.84412606932158,90.55459826521806,90.56365463068113,100.0,100.0,0.0
90.56365463068113,90.5727109961442,90.2876912953132,90.29672096740994,100.0,100.0,0.0
90.29672096740994,90.30575063950668,90.01211047235739,90.02111258361575,100.0,100.0,0.0
90.02111258361575,90.0301146948741,89.74451935359154,89.75349470306185,100.0,100.0,0.0
89.75349470306185,89.76247005253215,89.48290938663091,89.49185857248816,100.0,100.0,0.0
89.49185857248816,89.5008077583454,89.21750174748156,89.22642438992055,100.0,100.0,0.0
89.22642438992055,89.23534703235954,88.94636833296467,88.9552638593506,100.0,100.0,0.0
88.9552638593506,88.96415938573652,88.6892228163374,88.69809262559997,100.0,100.0,0.0
88.69809262559997,88.70696243486253,88.43824812265808,88.44709283194128,100.0,100.0,0.0
88.44709283194128,88.45593754122447,88.17528661891009,88.18410502941303,100.0,100.0,0.0
88.18410502941303,88.19292343991597,87.92112916162795,87.92992215384334,100.0,100.0,0.0
87.92992215384334,87.93871514605873,87.66107535677735,87.66984234101145,100.0,100.0,0.0
87.66984234101145,87.67860932524555,87.38783485981624,87.39657451726796,100.0,100.0,0.0
87.39657451726796,87.40531417471969,87.13380668652762,87.14252093862149,100.0,100.0,0.0
87.14252093862149,87.15123519071535,86.88332062508653,86.89200982606913,100.0,100.0,0.0
86.89200982606913,86.90069902705173,86.63453396626021,86.64319828608882,100.0,100.0,0.0
86.64319828608882,86.65186260591743,86.37448077791028,86.38311908981926,100.0,100.0,0.0
86.38311908981926,86.39175740172824,86.13945114837287,86.14806595496837,100.0,100.0,0.0
86.14806595496837,86.15668076156388,85.88732437633796,85.89591396773473,100.0,100.0,0.0
85.89591396773473,85.9045035591315,85.63061536883038,85.63917928675905,100.0,100.0,0.0
85.63917928675905,85.64774320468771,85.36403892402858,85.37257618164674,100.0,100.0,0.0
85.37257618164674,85.3811134392649,85.10129322901084,85.10980420943177,100.0,100.0,0.0
85.10980420943177,85.11831518985271,84.84133178728666,84.84981676896356,100.0,100.0,0.0
84.84981676896356,84.85830175064046,84.5767448001307,84.58520332046274,100.0,100.0,0.0
84.58520332046274,84.59366184079478,84.3383895684068,84.34682425083187,100.0,100.0,0.0
84.34682425083187,84.35525893325695,84.09251939320295,84.10092948615156,100.0,100.0,0.0
84.10092948615156,84.10933957910017,83.82314587302652,83.83152902592911,100.0,100.0,0.0
83.83152902592911,83.83991217883171,83.57267979430364,83.58103789809344,100.0,100.0,0.0
83.58103789809344,83.58939600188324,83.32499135377417,83.33332468624279,100.0,100.0,0.0
83.33332468624279,83.34165801871141,83.0759791979599,83.08428762672257,100.0,100.0,0.0
83.08428762672257,83.09259605548525,82.85023525120936,82.85852110331969,100.0,100.0,0.0
82.85852110331969,82.86680695543002,82.59669989006068,82.60496038609928,100.0,100.0,0.0
82.60496038609928,82.61322088213788,82.3632914960862,82.3715286489511,100.0,100.0,0.0
82.3715286489511,82.37976580181599,82.11588079882488,82.1240932081457,100.0,100.0,0.0
82.1240932081457,82.13230561746651,81.88860390166825,81.89679358102634,100.0,100.0,0.0
81.89679358102634,81.90498326038444,81.61901600996094,81.62717872783372,100.0,100.0,0.0
81.62717872783372,81.6353414457065,81.37652998324639,81.3846684500914,100.0,100.0,0.0
81.3846684500914,81.39280691693641,81.14956421079651,81.15767997879439,100.0,100.0,0.0
81.15767997879439,81.16579574679227,80.91150930573212,80.91960126585872,100.0,100.0,0.0
80.91960126585872,80.92769322598531,80.65984774882862,80.66791454028265,100.0,100.0,0.0
80.66791454028265,80.67598133173668,80.40408356338457,80.41212477586215,100.0,100.0,0.0
80.41212477586215,80.42016598833973,80.15696157109835,80.16497806890524,100.0,100.0,0.0
80.16497806890524,80.17299456671213,79.90724099865156,79.91523252190375,100.0,100.0,0.0
79.91523252190375,79.92322404515593,79.65705118477074,79.66501768653939,100.0,100.0,0.0
79.66501768653939,79.67298418830804,79.4321344166116,79.44007842445404,100.0,100.0,0.0
79.44007842445404,79.44802243229648,79.19421449552078,79.20213470899168,100.0,100.0,0.0
79.20213470899168,79.21005492246258,78.94972813698743,78.95762389937737,100.0,100.0,0.0
78.95762389937737,78.9655196617673,78.70427467981857,78.71214589440801,100.0,100.0,0.0
78.71214589440801,78.72001710899745,78.45765910191378,78.46550565247902,100.0,100.0,0.0
78.46550565247902,78.47335220304427,78.22700371114715,78.23482719386654,100.0,100.0,0.0
78.23482719386654,78.24265067658592,77.99491847585747,78.00271874773225,100.0,100.0,0.0
78.00271874773225,78.01051901960702,77.75503037350708,77.7628066541725,100.0,100.0,0.0
77.7628066541725,77.7705829348379,77.53530419714524,77.54305850299554,100.0,100.0,0.0
77.54305850299554,77.55081280884583,77.29604333340536,77.30377371077644,100.0,100.0,0.0
77.30377371077644,77.31150408814752,77.05953882195463,77.06724554650928,100.0,100.0,0.0
77.06724554650928,77.30818033218144,77.05953882195463,77.30045028715273,100.0,100.0,0.0
77.30045028715273,77.53209194680493,77.29272024212402,77.52433951285364,100.0,100.0,0.0
77.52433951285364,77.76839564153654,77.51658707890236,77.76061957957859,100.0,100.0,0.0
77.76061957957859,77.99091312576154,77.75284351762063,77.98311481428011,100.0,100.0,0.0
77.98311481428011,78.2186045682995,77.97531650279869,78.2107834899505,100.0,100.0,0.0
78.2107834899505,78.46611130581474,78.2029624116015,78.45826547926681,100.0,100.0,0.0
78.45826547926681,78.70316483841687,78.45041965271889,78.69529530888597,100.0,100.0,0.0
78.69529530888597,78.94289673671507,78.68742577935508,78.93500323639144,100.0,100.0,0.0
78.93500323639144,79.1758828770126,78.9271097360678,79.16796608040455,100.0,100.0,0.0
79.16796608040455,79.42039895873809,79.16004928379651,79.4124577129668,100.0,100.0,0.0
79.4124577129668,79.65804003908823,79.4045164671955,79.65007503158508,100.0,100.0,0.0
79.65007503158508,79.88910354050941,79.64211002408192,79.88111542896651,100.0,100.0,0.0
79.88111542896651,80.14138695206451,79.87312731742361,80.13337361470303,100.0,100.0,0.0
80.13337361470303,80.38469241847704,80.12536027734156,80.37665475300174,100.0,100.0,0.0
80.37665475300174,80.63525907622713,80.36861708752645,80.62719635659147,100.0,100.0,0.0
80.62719635659147,80.87575499934508,80.61913363695581,80.86766823252182,100.0,100.0,0.0
80.86766823252182,81.1116920360576,80.85958146569857,81.10358167788982,100.0,100.0,0.0
81.10358167788982,81.35917939527815,81.09547131972204,81.35104429084906,100.0,100.0,0.0
81.35104429084906,81.60763612482417,81.34290918641997,81.59947617720645,100.0,100.0,0.0
81.59947617720645,81.85700647134517,81.59131622958874,81.84882158918626,100.0,100.0,0.0
81.84882158918626,82.1086328647296,81.84063670702734,82.10042282244736,100.0,100.0,0.0
82.10042282244736,82.34953990083208,82.09221278016511,82.34130577025506,100.0,100.0,0.0
82.34130577025506,82.6129604820234,82.33307163967804,82.60470001202219,100.0,100.0,0.0
82.60470001202219,82.86695683128339,82.59643954202099,82.85867096418697,100.0,100.0,0.0
82.85867096418697,83.12330715949633,82.85038509709055,83.11499565993034,100.0,100.0,0.0
83.11499565993034,83.35741442524095,83.10668416036435,83.34907951728921,100.0,100.0,0.0
83.34907951728921,83.59464642396482,83.34074460933748,83.5862877951853,100.0,100.0,0.0
83.5862877951853,83.8371637197085,83.57792916640578,83.82878084162434,100.0,100.0,0.0
83.82878084162434,84.07509558398517,83.82039796354017,84.06668891509366,100.0,100.0,0.0
84.06668891509366,84.32521381754215,84.05828224620215,84.31678213932821,100.0,100.0,0.0
84.31678213932821,84.58203805201707,84.30835046111427,84.57358069394768,100.0,100.0,0.0
84.57358069394768,84.83851581021841,84.56512333587828,84.83003280693772,100.0,100.0,0.0
84.83003280693772,85.09959443442135,84.82154980365704,85.09108532588876,100.0,100.0,0.0
85.09108532588876,85.37697328701177,85.08257621735616,85.36843644336743,100.0,100.0,0.0
85.36843644336743,85.62296277782077,85.3598995997231,85.61440133768701,100.0,100.0,0.0
85.61440133768701,85.87288667516911,85.60583989755325,85.8643002451446,100.0,100.0,0.0
85.8643002451446,86.14028431413608,85.8557138151201,86.13167114702138,100.0,100.0,0.0
86.13167114702138,86.39399406655177,86.12305797990668,86.38535553099867,100.0,100.0,0.0
86.38535553099867,86.64185337711005,86.37671699544556,86.63319005810425,100.0,100.0,0.0
86.63319005810425,86.89461802987961,86.62452673909844,86.88592943693591,100.0,100.0,0.0
86.88592943693591,87.15775584726669,86.87724084399221,87.14904094317237,100.0,100.0,0.0
87.14904094317237,87.42029449470354,87.14032603907805,87.4115533393696,100.0,100.0,0.0
87.4115533393696,87.68307874732206,87.40281218403567,87.67431131619044,100.0,100.0,0.0
87.67431131619044,87.94954734165809,87.66554388505882,87.94075326633146,100.0,100.0,0.0
87.94075326633146,88.21758262076497,87.93195919100482,88.20876174459052,100.0,100.0,0.0
88.20876174459052,88.47185296223184,88.19994086841606,88.46300666156569,100.0,100.0,0.0
88.46300666156569,88.73196371041794,88.45416036089954,88.72309140127781,100.0,100.0,0.0
88.72309140127781,89.00503391722151,88.71421909213768,88.99613430379114,100.0,100.0,0.0
88.99613430379114,89.27596173639074,88.98723469036076,89.26703503288745,100.0,100.0,0.0
89.26703503288745,89.53255486701201,89.25810832938416,89.52360250676134,100.0,100.0,0.0
89.52360250676134,89.80036739375912,89.51465014651066,89.79138825493362,100.0,100.0,0.0
89.79138825493362,90.0720225645175,89.78240911610813,90.06301626289121,100.0,100.0,0.0
90.06301626289121,90.33078167426196,90.05400996126492,90.32174949931202,100.0,100.0,0.0
90.32174949931202,90.57573829728068,90.31271732436208,90.56668162911777,100.0,100.0,0.0
90.56668162911777,90.8390374749438,90.55762496095485,90.82995447949584,100.0,100.0,0.0
90.82995447949584,91.12142467236554,90.82087148404788,91.11231344102143,100.0,100.0,0.0
91.11231344102143,91.38256639854758,91.10320220967732,91.37342905564202,100.0,100.0,0.0
91.37342905564202,91.65901652917263,91.36429171273646,91.64985154401823,100.0,100.0,0.0
91.64985154401823,91.92301567792758,91.64068655886383,91.91382429549803,100.0,100.0,0.0
91.91382429549803,92.19442820474272,91.90463291306848,92.18520968377435,100.0,100.0,0.0
92.18520968377435,92.4906691596534,92.17599116280597,92.48142101755164,100.0,100.0,0.0
92.48142101755164,92.77368416481632,92.47217287544989,92.7644077240439,100.0,100.0,0.0
92.7644077240439,93.06945185080953,92.7551312832715,93.06014583622591,100.0,100.0,0.0
93.06014583622591,93.32506754503127,93.0508398216423,93.31573597143414,100.0,100.0,0.0
93.31573597143414,93.60552655355367,93.306404397837,93.59616693685999,100.0,100.0,0.0
93.59616693685999,93.60552655355367,93.31420810729979,93.32354046134593,100.0,100.0,0.0
93.32354046134593,93.33287281539207,93.03825107516631,93.04755583074939,100.0,100.0,0.0
93.04755583074939,93.05686058633246,92.76029199952148,92.76956895641713,100.0,100.0,0.0
92.76956895641713,92.77884591331278,92.47435490303087,92.48360326335721,100.0,100.0,0.0
92.48360326335721,92.49285162368355,92.21023136818847,92.21945331351982,100.0,100.0,0.0
92.21945331351982,92.22867525885117,91.92928422517375,91.93847807298104,100.0,100.0,0.0
91.93847807298104,91.94767192078834,91.66941572177895,91.67858358013696,100.0,100.0,0.0
91.67858358013696,91.68775143849497,91.39585802077896,91.40499852063103,100.0,100.0,0.0
91.40499852063103,91.41413902048309,91.13313304639732,91.14224727112443,100.0,100.0,0.0
91.14224727112443,91.15136149585155,90.85022832687541,90.85931425830124,100.0,100.0,0.0
90.85931425830124,90.86840018972707,90.57910113668716,90.58815995268242,100.0,100.0,0.0
90.58815995268242,90.59721876867768,90.31551891697202,90.32455137210924,100.0,100.0,0.0
90.32455137210924,90.33358382724646,90.03731876781909,90.0463234001591,100.0,100.0,0.0
90.0463234001591,90.0553280324991,89.7575902565685,89.76656691325984,100.0,100.0,0.0
89.76656691325984,89.77554356995117,89.48346676575807,89.4924160073588,100.0,100.0,0.0
89.4924160073588,89.50136524895953,89.21057302293181,89.21949497242905,100.0,100.0,0.0
89.21949497242905,89.22841692192628,88.95946565627084,88.96836249252009,100.0,100.0,0.0
88.96836249252009,88.97725932876934,88.67347335313123,88.68234158728995,100.0,100.0,0.0
88.68234158728995,88.69120982144868,88.40207664481044,88.4109177365841,100.0,100.0,0.0
88.4109177365841,88.41975882835776,88.15126798194814,88.16008399034718,100.0,100.0,0.0
88.16008399034718,88.16889999874621,87.88570843233207,87.89449788212028,100.0,100.0,0.0
87.89449788212028,87.90328733190849,87.63487408392939,87.64363844777417,100.0,100.0,0.0
87.64363844777417,87.65240281161894,87.37232106351452,87.38105916943147,100.0,100.0,0.0
87.38105916943147,87.38979727534841,87.1066365027647,87.11534803756845,100.0,100.0,0.0
87.11534803756845,87.1240595723722,86.861311510578,86.86999851042904,100.0,100.0,0.0
86.86999851042904,86.87868551028008,86.60662323305922,86.61528476153538,100.0,100.0,0.0
86.61528476153538,86.62394629001153,86.34662694893245,86.35526247517997,100.0,100.0,0.0
86.35526247517997,86.36389800142749,86.07767111862367,86.08627974659832,100.0,100.0,0.0
86.08627974659832,86.09488837457297,85.81773980918712,85.82632244143126,100.0,100.0,0.0
85.82632244143126,85.8349050736754,85.55433604319734,85.56289233243058,100.0,100.0,0.0
85.56289233243058,85.57144862166382,85.2889510765289,85.29748082461137,100.0,100.0,0.0
85.29748082461137,85.30601057269384,85.04267115699453,85.051176274622,100.0,100.0,0.0
85.051176274622,85.05968139224946,84.77851127551747,84.78698997451492,100.0,100.0,0.0
84.78698997451492,84.79546867351237,84.51349721616857,84.52194941110969,100.0,100.0,0.0
84.52194941110969,84.5304016060508,84.27012122648003,84.27854908138816,100.0,100.0,0.0
84.27854908138816,84.2869769362963,84.0172315071033,84.02563407051035,100.0,100.0,0.0
84.02563407051035,84.0340366339174,83.74886011163031,83.75723583521383,100.0,100.0,0.0
83.75723583521383,83.76561155879736,83.50172041606834,83.51007142321066,100.0,100.0,0.0
83.51007142321066,83.51842243035298,83.24361290365016,83.2519380974599,100.0,100.0,0.0
83.2519380974599,83.26026329126964,82.9934996360688,83.00179981605041,100.0,100.0,0.0
83.00179981605041,83.01009999603201,82.74898588046902,82.75726160662968,100.0,100.0,0.0
82.75726160662968,82.76553733279034,82.51656273050996,82.52481521203116,100.0,100.0,0.0
82.52481521203116,82.53306769355235,82.27468003232774,82.28290832316006,100.0,100.0,0.0
82.28290832316006,82.29113661399238,82.01863698900476,82.02683967297206,100.0,100.0,0.0
82.02683967297206,82.03504235693936,81.78379591298796,81.79197511049901,100.0,100.0,0.0
81.79197511049901,81.80015430801006,81.53391656688902,81.54207077396642,100.0,100.0,0.0
81.54207077396642,81.55022498104381,81.28113980392358,81.28926873079666,100.0,100.0,0.0
81.28926873079666,81.29739765766975,81.04222915396892,81.05033418738766,100.0,100.0,0.0
81.05033418738766,81.30521616358935,81.04222915396892,81.29708645494385,100.0,100.0,0.0
81.29708645494385,81.53808472793744,81.28895674629835,81.52993173476396,100.0,100.0,0.0
81.52993173476396,81.7896160354021,81.52177874159048,81.78143789161294,100.0,100.0,0.0
81.78143789161294,82.03418462875737,81.77325974782377,82.02598203055432,100.0,100.0,0.0
82.02598203055432,82.2959927059539,82.01777943235126,82.28776392956095,100.0,100.0,0.0
82.28776392956095,82.53136537821395,82.279535153168,82.52311306690726,100.0,100.0,0.0
82.52311306690726,82.77435419617848,82.51486075560057,82.76607758841963,100.0,100.0,0.0
82.76607758841963,83.03272473283482,82.75780098066079,83.02442229060576,100.0,100.0,0.0
83.02442229060576,83.283551696072,83.01611984837669,83.27522417365464,100.0,100.0,0.0
83.27522417365464,83.53138753897639,83.26689665123727,83.52303523545285,100.0,100.0,0.0
83.52303523545285,83.78625595877885,83.51468293192931,83.77787817096176,100.0,100.0,0.0
83.77787817096176,84.01581042625602,83.76950038314466,84.0074096852875,100.0,100.0,0.0
84.0074096852875,84.27042750434968,83.99900894431897,84.26200130421927,100.0,100.0,0.0
84.26200130421927,84.51979487841643,84.25357510408885,84.51134374404204,100.0,100.0,0.0
84.51134374404204,84.75874523714113,84.50289260966764,84.75027021012012,100.0,100.0,0.0
84.75027021012012,85.01842031072687,84.74179518309911,85.00991931879499,100.0,100.0,0.0
85.00991931879499,85.27066055110025,85.0014183268631,85.26213433766648,100.0,100.0,0.0
85.26213433766648,85.53742153702582,85.25360812423271,85.5288686501608,100.0,100.0,0.0
85.5288686501608,85.7986904450723,85.52031576329578,85.7901114339289,100.0,100.0,0.0
85.7901114339289,86.0569451196214,85.7815324227855,86.04834028559284,100.0,100.0,0.0
86.04834028559284,86.31582568864883,86.03973545156428,86.30719496915191,100.0,100.0,0.0
86.30719496915191,86.58419257490931,86.29856424965499,86.57553502140716,100.0,100.0,0.0
86.57553502140716,86.82935661357807,86.56687746790502,86.82067454612346,100.0,100.0,0.0
86.82067454612346,87.10357482065314,86.81199247866884,87.09486533411973,100.0,100.0,0.0
87.09486533411973,87.37124386176706,87.08615584758633,87.36250761100595,100.0,100.0,0.0
87.36250761100595,87.64875149482124,87.35377136024485,87.63998749607164,100.0,100.0,0.0
87.63998749607164,87.90911390163312,87.63122349732204,87.9003238692462,100.0,100.0,0.0
87.9003238692462,88.16982690128268,87.89153383685927,88.16101080020266,100.0,100.0,0.0
88.16101080020266,88.42629989412298,88.15219469912265,88.41745814830814,100.0,100.0,0.0
88.41745814830814,88.69917823960755,88.40861640249331,88.69030920868668,100.0,100.0,0.0
88.69030920868668,88.95873168150857,88.68144017776582,88.94983669783879,100.0,100.0,0.0
88.94983669783879,89.23261330192467,88.94094171416901,89.22369093283139,100.0,100.0,0.0
89.22369093283139,89.50383439575444,89.2147685637381,89.49488490726371,100.0,100.0,0.0
89.49488490726371,89.77021595136256,89.48593541877298,89.76123982737982,100.0,100.0,0.0
89.76123982737982,90.03937384927934,89.75226370339709,90.03037081219813,100.0,100.0,0.0
90.03037081219813,90.31751525054052,90.02136777511691,90.30848440210032,100.0,100.0,0.0
90.30848440210032,90.5874253072091,90.29945355366011,90.57836747046206,100.0,100.0,0.0
90.57836747046206,90.86535186830142,90.56930963371501,90.85626624167725,100.0,100.0,0.0
90.85626624167725,91.11913772659793,90.84718061505308,91.11002672392553,100.0,100.0,0.0
91.11002672392553,91.38324463717079,91.10091572125313,91.37410722644815,100.0,100.0,0.0
91.37410722644815,91.65256752874966,91.3649698157255,91.64340318843081,100.0,100.0,0.0
91.64340318843081,91.93717839230574,91.63423884811196,91.92798559374637,100.0,100.0,0.0
91.92798559374637,92.20824608269206,91.918792795187,92.19902618007406,100.0,100.0,0.0
92.19902618007406,92.49088398877026,92.18980627745606,92.48163582518775,100.0,100.0,0.0
92.48163582518775,92.76387735519725,92.47238766160524,92.75460189500775,100.0,100.0,0.0
92.75460189500775,93.03276921346855,92.74532643481825,93.02346686678187,100.0,100.0,0.0
93.02346686678187,93.30967580802907,93.01416452009519,93.30034577345172,100.0,100.0,0.0
93.30034577345172,93.58780957228156,93.29101573887438,93.57845172710884,100.0,100.0,0.0
93.57845172710884,93.87552353748254,93.56909388193613,93.86613692379015,100.0,100.0,0.0
93.86613692379015,94.16501520832514,93.85675031009777,94.15559964836031,100.0,100.0,0.0
94.15559964836031,94.45655647967942,94.14618408839547,94.44711176850257,100.0,100.0,0.0
94.44711176850257,94.75364681461943,94.43766705732571,94.7441723973797,100.0,100.0,0.0
94.7441723973797,95.03967580724819,94.73469798013997,95.03017278996919,100.0,100.0,0.0
95.03017278996919,95.3119076275485,95.02066977269018,95.30237738980952,100.0,100.0,0.0
95.30237738980952,95.58749759613089,95.29284715207054,95.57793980215068,100.0,100.0,0.0
95.57793980215068,95.58749759613089,95.2791662795263,95.2886951490412,100.0,100.0,0.0
95.2886951490412,95.29822401855611,95.00577211515632,95.01527364252057,100.0,100.0,0.0
95.01527364252057,95.02477516988482,94.71228288985863,94.72175506536516,100.0,100.0,0.0
94.72175506536516,94.73122724087169,94.41784808092027,94.42729081000127,100.0,100.0,0.0
94.42729081000127,94.43673353908227,94.13882129545591,94.14823611906782,100.0,100.0,0.0
94.14823611906782,94.15765094267972,93.8516677194561,93.86105382483859,100.0,100.0,0.0
93.86105382483859,93.87043993022108,93.58038851323056,93.58974748797935,100.0,100.0,0.0
93.58974748797935,93.59910646272814,93.29574880077303,93.3050793087039,100.0,100.0,0.0
93.3050793087039,93.31440981663476,93.01450265741329,93.02380503791709,100.0,100.0,0.0
93.02380503791709,93.03310741842088,92.73532308853838,92.74459754829321,100.0,100.0,0.0
92.74459754829321,92.75387200804805,92.45593266948832,92.46517918740706,100.0,100.0,0.0
92.46517918740706,92.4744257053258,92.17236221095649,92.1815803689934,100.0,100.0,0.0
92.1815803689934,92.1907985270303,91.88747737321977,91.89666703992376,100.0,100.0,0.0
91.89666703992376,91.90585670662774,91.61703825992657,91.62620088001458,100.0,100.0,0.0
91.62620088001458,91.63536350010259,91.33996443830169,91.34909934823652,100.0,100.0,0.0
91.34909934823652,91.35823425817135,91.06554721128408,91.07465467675176,100.0,100.0,0.0
91.07465467675176,91.08376214221944,90.78018706814511,90.78926599474458,100.0,100.0,0.0
90.78926599474458,90.79834492134405,90.50781473462331,90.51686642126543,100.0,100.0,0.0
90.51686642126543,90.52591810790756,90.24047480455488,90.24949975453033,100.0,100.0,0.0
90.24949975453033,90.25852470450579,89.97624036293315,89.98523888682183,100.0,100.0,0.0
89.98523888682183,89.99423741071051,89.7237710749262,89.73274434936114,100.0,100.0,0.0
89.73274434936114,89.74171762379608,89.45140484706062,89.46035088214883,100.0,100.0,0.0
89.46035088214883,89.46929691723705,89.1830601744161,89.19197937235333,100.0,100.0,0.0
89.19197937235333,89.20089857029056,88.9058399984456,88.91473147159276,100.0,100.0,0.0
88.91473147159276,88.92362294473992,88.62593996018366,88.6348034405277,100.0,100.0,0.0
88.6348034405277,88.64366692087175,88.36842837993154,88.3772661065422,100.0,100.0,0.0
88.3772661065422,88.38610383315284,88.09153167939203,88.1003417135634,100.0,100.0,0.0
88.1003417135634,88.10915174773476,87.82986213322351,87.83864599782329,100.0,100.0,0.0
87.83864599782329,87.84742986242307,87.57360592203025,87.5823641584461,100.0,100.0,0.0
87.5823641584461,87.59112239486194,87.326730069599,87.33546361596059,100.0,100.0,0.0
87.33546361596059,87.34419716232219,87.07279879430665,87.08150694500115,100.0,100.0,0.0
87.08150694500115,87.09021509569565,86.82133703592042,86.83002003792421,100.0,100.0,0.0
86.83002003792421,86.838703039928,86.56765296119059,86.57631059224981,100.0,100.0,0.0
86.57631059224981,86.58496822330903,86.31803320853348,86.326665875121,100.0,100.0,0.0
86.326665875121,86.33529854170851,86.05381352313775,86.06241976511426,100.0,100.0,0.0
86.06241976511426,86.07102600709077,85.81518050312805,85.823762879416,100.0,100.0,0.0
85.823762879416,85.83234525570394,85.55340592375948,85.56196211997148,100.0,100.0,0.0
85.56196211997148,85.57051831618348,85.29202851562596,85.30055857148311,100.0,100.0,0.0
85.30055857148311,85.30908862734026,85.04832443051112,85.05683011352247,100.0,100.0,0.0
85.05683011352247,85.06533579653382,84.81380950566428,84.82229173483776,100.0,100.0,0.0
84.82229173483776,84.83077396401124,84.56745274893989,84.57591033997389,100.0,100.0,0.0
84.57591033997389,84.58436793100789,84.32169983016816,84.3301328434525,100.0,100.0,0.0
84.3301328434525,84.33856585673685,84.06433863945517,84.07274591404658,100.0,100.0,0.0
84.07274591404658,84.08115318863798,83.81042102816484,83.81880290845568,100.0,100.0,0.0
83.81880290845568,83.82718478874652,83.55125961538607,83.55961557694377,100.0,100.0,0.0
83.55961557694377,83.56797153850147,83.29477856522108,83.3031088761087,100.0,100.0,0.0
83.3031088761087,83.31143918699631,83.06013320904111,83.06844005304642,100.0,100.0,0.0
83.06844005304642,83.07674689705172,82.80008699440707,82.80836783119018,100.0,100.0,0.0
82.80836783119018,82.8166486679733,82.55972995629674,82.56798675497222,100.0,100.0,0.0
82.56798675497222,82.57624355364771,82.32245571667336,82.33068878555191,100.0,100.0,0.0
82.33068878555191,82.33892185443047,82.07462472304296,82.08283300634359,100.0,100.0,0.0
82.08283300634359,82.09104128964422,81.83073855616375,81.8389224484086,100.0,100.0,0.0
81.8389224484086,81.84710634065344,81.55652454128958,81.56468100939051,100.0,100.0,0.0
81.56468100939051,81.57283747749145,81.31399689757824,81.32212911048929,100.0,100.0,0.0
81.32212911048929,81.33026132340034,81.06319850243761,81.07130563300092,100.0,100.0,0.0
81.07130563300092,81.07941276356422,80.80225593467098,80.81033696836782,100.0,100.0,0.0
80.81033696836782,80.81841800206466,80.56397658532048,80.57203378869934,100.0,100.0,0.0
80.57203378869934,80.58009099207821,80.31562108360592,80.32365344895081,100.0,100.0,0.0
80.32365344895081,80.3316858142957,80.07393951902344,80.08194771379482,100.0,100.0,0.0
80.08194771379482,80.0899559085662,79.83361120143117,79.84159536096726,100.0,100.0,0.0
79.84159536096726,79.84957952050335,79.59981247649115,79.60777325381653,100.0,100.0,0.0
79.60777325381653,79.61573403114191,79.3595577266017,79.3674944760493,100.0,100.0,0.0
79.3674944760493,79.37543122549691,79.11922099902353,79.12713371239477,100.0,100.0,0.0
79.12713371239477,79.135046425766,78.87853335228428,78.88642199448373,100.0,100.0,0.0
78.88642199448373,78.89431063668317,78.6405469213259,78.64841176250215,100.0,100.0,0.0
78.64841176250215,78.65627660367839,78.41222959675655,78.42007160391694,100.0,100.0,0.0
78.42007160391694,78.42791361107733,78.18409632694063,78.19191551849248,100.0,100.0,0.0
78.19191551849248,78.19973471004432,77.94615488607836,77.95395028110647,100.0,100.0,0.0
77.95395028110647,77.96174567613458,77.7123324507245,77.72010446117062,100.0,100.0,0.0
77.72010446117062,77.72787647161674,77.47767662126626,77.48542516378264,100.0,100.0,0.0
77.48542516378264,77.49317370629902,77.23665586110162,77.24438029913154,100.0,100.0,0.0
77.24438029913154,77.50079807174257,77.23665586110162,77.49304876686588,100.0,100.0,0.0
77.49304876686588,77.72779065242449,77.4852994619892,77.72001865055944,100.0,100.0,0.0
77.72001865055944,77.96612096705292,77.71224664869439,77.95832513453946,100.0,100.0,0.0
77.95832513453946,78.20102274258639,77.95052930202601,78.19320342224417,100.0,100.0,0.0
78.19320342224417,78.44395313161496,78.18538410190195,78.4361095206629,100.0,100.0,0.0
78.4361095206629,78.66099732398503,78.42826590971083,78.65313201078395,100.0,100.0,0.0
78.65313201078395,78.90314604944965,78.64526669758287,78.89525652379727,100.0,100.0,0.0
78.89525652379727,79.14467198162139,78.8873669981449,79.1367583057908,100.0,100.0,0.0
79.1367583057908,79.36155245827621,79.12884462996023,79.35361709656655,100.0,100.0,0.0
79.35361709656655,79.60223237868566,79.3456817348569,79.59427295139052,100.0,100.0,0.0
79.59427295139052,79.84654860987948,79.58631352409539,79.83856475340414,100.0,100.0,0.0
79.83856475340414,80.07687613434109,79.83058089692881,80.06886924741634,100.0,100.0,0.0
80.06886924741634,80.3133143617982,80.0608623604916,80.30528383341486,100.0,100.0,0.0
80.30528383341486,80.5527952820852,80.29725330503152,80.5447408080044,100.0,100.0,0.0
80.5447408080044,80.78826619402886,80.53668633392361,80.78018817521135,100.0,100.0,0.0
80.78018817521135,81.02815620460987,80.77211015639384,81.02005419918996,100.0,100.0,0.0
81.02005419918996,81.28632095170623,81.01195219377004,81.27819313239299,100.0,100.0,0.0
81.27819313239299,81.53550482944362,81.27006531307974,81.5273520942342,100.0,100.0,0.0
81.5273520942342,81.78261853215422,81.51919935902478,81.7744410880454,100.0,100.0,0.0
81.7744410880454,82.03556623267815,81.7662636439366,82.02736349632852,100.0,100.0,0.0
82.02736349632852,82.27539596542248,82.01916075997889,82.26716924849762,100.0,100.0,0.0
82.26716924849762,82.51059812253038,82.25894253157277,82.5023478877416,100.0,100.0,0.0
82.5023478877416,82.75549540457223,82.49409765295283,82.74722068250398,100.0,100.0,0.0
82.74722068250398,83.00571522012838,82.73894596043573,82.99741547858052,100.0,100.0,0.0
82.99741547858052,83.2573089147561,82.98911573703266,83.24898401635446,100.0,100.0,0.0
83.24898401635446,83.50361213321732,83.24065911795282,83.49526260695662,100.0,100.0,0.0
83.49526260695662,83.7393695748566,83.48691308069591,83.73099647520908,100.0,100.0,0.0
83.73099647520908,83.99435211981607,83.72262337556157,83.98595352446362,100.0,100.0,0.0
83.98595352446362,84.23916238227321,83.97755492911118,84.23073930834238,100.0,100.0,0.0
84.23073930834238,84.48595628518031,84.22231623441155,84.47750853432687,100.0,100.0,0.0
84.47750853432687,84.74665452199812,84.46906078347344,84.73818070392774,100.0,100.0,0.0
84.73818070392774,85.00109164643332,84.72970688585735,84.9925923871946,100.0,100.0,0.0
84.9925923871946,85.2702713698032,84.98409312795589,85.26174519528367,100.0,100.0,0.0
85.26174519528367,85.52527328409703,85.25321902076413,85.51672161193584,100.0,100.0,0.0
85.51672161193584,85.78143896533584,85.50816993977465,85.77286167916792,100.0,100.0,0.0
85.77286167916792,86.03685752320135,85.764284393,86.02825469773158,100.0,100.0,0.0
86.02825469773158,86.29559695398204,86.01965187226182,86.28696825715633,100.0,100.0,0.0
86.28696825715633,86.55193078491101,86.27833956033062,86.54327645726528,100.0,100.0,0.0
86.54327645726528,86.81123995932498,86.53462212961955,86.80255970335465,100.0,100.0,0.0
86.80255970335465,87.06873098018178,86.79387944738431,87.06002497768401,100.0,100.0,0.0
87.06002497768401,87.33430702349604,87.05131897518623,87.32557446604943,100.0,100.0,0.0
87.32557446604943,87.60354841162855,87.31684190860283,87.59478893273528,100.0,100.0,0.0
87.59478893273528,87.86292500945453,87.58602945384202,87.85413959549498,100.0,100.0,0.0
87.85413959549498,88.12353395261536,87.84535418153544,88.11472248036732,100.0,100.0,0.0
88.11472248036732,88.39311564459334,88.10591100811928,88.38427721687165,100.0,100.0,0.0
88.38427721687165,88.67350556866377,88.37543878914997,88.66463910475329,100.0,100.0,0.0
88.66463910475329,88.93355619654953,88.65577264084281,88.92466373017652,100.0,100.0,0.0
88.92466373017652,89.19940885031785,88.9157712638035,89.19048980133772,100.0,100.0,0.0
89.19048980133772,89.47043619554123,89.18157075235759,89.46149004653657,100.0,100.0,0.0
89.46149004653657,89.76194221107772,89.45254389753191,89.75296691438629,100.0,100.0,0.0
89.75296691438629,90.02327821239973,89.74399161769486,90.01427678472126,100.0,100.0,0.0
90.01427678472126,90.02327821239973,89.75429783974946,89.76327416716617,100.0,100.0,0.0
89.76327416716617,89.77225049458289,89.49465511690518,89.50360547745292,100.0,100.0,0.0
89.50360547745292,89.51255583800067,89.22942036638761,89.23834420080769,100.0,100.0,0.0
89.23834420080769,89.24726803522776,88.94630020615332,88.9551957257259,100.0,100.0,0.0
88.9551957257259,88.96409124529848,88.67317893712035,88.68204714183453,100.0,100.0,0.0
88.68204714183453,88.6909153465487,88.40569205127187,88.41453350462233,100.0,100.0,0.0
88.41453350462233,88.42337495797278,88.14966070103755,88.15847654869242,100.0,100.0,0.0
88.15847654869242,88.16729239634729,87.88306116386666,87.89185034890154,100.0,100.0,0.0
87.89185034890154,87.90063953393643,87.62535605236971,87.63411946431614,100.0,100.0,0.0
87.63411946431614,87.64288287626258,87.36482647555728,87.37356383194047,100.0,100.0,0.0
87.37356383194047,87.38230118832367,87.09898748989193,87.10769825971789,100.0,100.0,0.0
87.10769825971789,87.11640902954386,86.84177698086272,86.85046202706542,100.0,100.0,0.0
86.85046202706542,86.85914707326812,86.58647597421805,86.59513548776683,100.0,100.0,0.0
86.59513548776683,86.6037950013156,86.319982710197,86.32861557175417,100.0,100.0,0.0
86.32861557175417,86.33724843331134,86.06252273553106,86.07112984851591,100.0,100.0,0.0
86.07112984851591,86.07973696150076,85.82160764569142,85.8301906647579,100.0,100.0,0.0
85.8301906647579,85.83877368382437,85.57337500271855,85.58193319603815,100.0,100.0,0.0
85.58193319603815,85.59049138935775,85.33352119274137,85.3420553982812,100.0,100.0,0.0
85.3420553982812,85.35058960382104,85.07880937175496,85.08731810356531,100.0,100.0,0.0
85.08731810356531,85.09582683537566,84.8197355819688,84.82821840380917,100.0,100.0,0.0
84.82821840380917,84.83670122564955,84.55864671018273,84.56710342052477,100.0,100.0,0.0
84.56710342052477,84.57556013086682,84.30068916373546,84.30912007574302,100.0,100.0,0.0
84.30912007574302,84.3175509877506,84.0701287642672,84.07853661792899,100.0,100.0,0.0
84.07853661792899,84.08694447159078,83.807578384998,83.8159599809961,100.0,100.0,0.0
83.8159599809961,83.8243415769942,83.54572776584817,83.55408317416558,100.0,100.0,0.0
83.55408317416558,83.562438582483,83.28084023292358,83.28916914983856,100.0,100.0,0.0
83.28916914983856,83.29749806675353,83.0313342826044,83.03963824642905,100.0,100.0,0.0
83.03963824642905,83.0479422102537,82.78248319049017,82.79076226671684,100.0,100.0,0.0
82.79076226671684,82.79904134294351,82.53284617659492,82.54110028662357,100.0,100.0,0.0
82.54110028662357,82.54935439665223,82.2885277945927,82.29675747033973,100.0,100.0,0.0
82.29675747033973,82.30498714608676,82.04237178890315,82.05057684658782,100.0,100.0,0.0
82.05057684658782,82.05878190427248,81.78678113165935,81.79496062772212,100.0,100.0,0.0
81.79496062772212,81.80314012378489,81.53994222759862,81.54809703730234,100.0,100.0,0.0
81.54809703730234,81.55625184700607,81.30667585997628,81.31480734071035,100.0,100.0,0.0
81.31480734071035,81.32293882144441,81.05710030754727,81.06520682823009,100.0,100.0,0.0
81.06520682823009,81.0733133489129,80.82067553713678,80.82875841297808,100.0,100.0,0.0
80.82875841297808,80.83684128881937,80.57611707308483,80.5841754906339,100.0,100.0,0.0
80.5841754906339,80.59223390818296,80.34065069917804,80.34868556773482,100.0,100.0,0.0
80.34868556773482,80.3567204362916,80.1012069776288,80.10921789941875,100.0,100.0,0.0
80.10921789941875,80.1172288212087,79.85817094825252,79.86615756400892,100.0,100.0,0.0
79.86615756400892,79.87414417976531,79.61641397961505,79.62437641725677,100.0,100.0,0.0
79.62437641725677,79.63233885489849,79.37983757903187,79.38777635666754,100.0,100.0,0.0
79.38777635666754,79.39571513430322,79.1447266378566,79.15264190204681,100.0,100.0,0.0
79.15264190204681,79.16055716623701,78.91621921287435,78.92411162403675,100.0,100.0,0.0
78.92411162403675,78.93200403519916,78.66664558113317,78.67451303243641,100.0,100.0,0.0
78.67451303243641,78.68238048373965,78.43089637095987,78.43874024498437,100.0,100.0,0.0
78.43874024498437,78.44658411900888,78.19563402707045,78.20345437250771,100.0,100.0,0.0
78.20345437250771,78.21127471794496,77.96191346060185,77.96971043164501,100.0,100.0,0.0
77.96971043164501,77.97750740268818,77.72045382926169,77.72822665192687,100.0,100.0,0.0
77.72822665192687,77.73599947459206,77.47989998740564,77.48764875228088,100.0,100.0,0.0
77.48764875228088,77.4953975171561,77.25146197587839,77.25918789466785,100.0,100.0,0.0
77.25918789466785,77.26691381345731,77.02172357403498,77.02942651668664,100.0,100.0,0.0
77.02942651668664,77.0371294593383,76.798687330867,76.80636796766376,100.0,100.0,0.0
76.80636796766376,76.81404860446052,76.54974914962355,76.55740489011256,100.0,100.0,0.0
76.55740489011256,76.56506063060158,76.32994403353551,76.33757779131464,100.0,100.0,0.0
76.33757779131464,76.34521154909378,76.10231928348122,76.10993027650888,100.0,100.0,0.0
76.10993027650888,76.11754126953653,75.87927914265191,75.88686782943485,100.0,100.0,0.0
75.88686782943485,75.89445651621779,75.6613183821094,75.66888527063647,100.0,100.0,0.0
75.66888527063647,75.67645215916353,75.44182960189943,75.44937453935336,100.0,100.0,0.0
75.44937453935336,75.45691947680729,75.21389594837744,75.22141809018646,100.0,100.0,0.0
75.22141809018646,75.22894023199548,74.98627104581739,74.99377042285967,100.0,100.0,0.0
74.99377042285967,75.00126979990195,74.76471603337681,74.77219325270208,100.0,100.0,0.0
74.77219325270208,74.77967047202735,74.54247398286472,74.5499289757623,100.0,100.0,0.0
74.5499289757623,74.55738396865988,74.32753753134045,74.33497102844329,100.0,100.0,0.0
74.33497102844329,74.34240452554613,74.08640439340535,74.09381377478282,100.0,100.0,0.0
74.09381377478282,74.10122315616029,73.86608264832594,73.87346999532548,100.0,100.0,0.0
73.87346999532548,73.88085734232502,73.656970304407,73.6643367380808,100.0,100.0,0.0
73.6643367380808,73.67170317175461,73.44221747074403,73.44956242698673,100.0,100.0,0.0
73.44956242698673,73.45690738322944,73.2240643713184,73.23138751006941,100.0,100.0,0.0
73.23138751006941,73.23871064882042,73.01246825376565,73.01977023078872,100.0,100.0,0.0
73.01977023078872,73.0270722078118,72.78552542031795,72.79280470078803,100.0,100.0,0.0
72.79280470078803,72.8000839812581,72.5679262828964,72.57518380127652,100.0,100.0,0.0
72.57518380127652,72.58244131965665,72.35497829935638,72.36221452080845,100.0,100.0,0.0
72.36221452080845,72.36945074226053,72.14755678306406,72.15477226029009,100.0,100.0,0.0
72.15477226029009,72.16198773751611,71.93022613615082,71.93741987813864,100.0,100.0,0.0
71.93741987813864,71.94461362012646,71.7124051329709,71.71957709067996,100.0,100.0,0.0
71.71957709067996,71.72674904838902,71.49501761938497,71.50216783616858,100.0,100.0,0.0
71.50216783616858,71.5093180529522,71.2814274467081,71.28855630233832,100.0,100.0,0.0
71.28855630233832,71.29568515796855,71.06098054206811,71.06808735080318,100.0,100.0,0.0
71.06808735080318,71.07519415953826,70.85144507738309,70.85853093047614,100.0,100.0,0.0
70.85853093047614,70.86561678356918,70.64451292932183,70.65157808713055,100.0,100.0,0.0
70.65157808713055,70.65864324493926,70.44184719847038,70.44889208767916,100.0,100.0,0.0
70.44889208767916,70.45593697688793,70.24190996433771,70.24893485782349,100.0,100.0,0.0
70.24893485782349,70.45835639408543,70.24190996433771,70.45131126295914,100.0,100.0,0.0
70.45131126295914,70.67613533965815,70.44426613183285,70.66906843281487,100.0,100.0,0.0
70.66906843281487,70.88186522525322,70.66200152597159,70.87477774747848,100.0,100.0,0.0
70.87477774747848,71.08907555661106,70.86769026970373,71.08196735987508,100.0,100.0,0.0
71.08196735987508,71.30737918594166,71.0748591631391,71.30024916102555,100.0,100.0,0.0
71.30024916102555,71.52040877700615,71.29311913610944,71.51325745126103,100.0,100.0,0.0
71.51325745126103,71.74588927475259,71.5061061255159,71.73871540321227,100.0,100.0,0.0
71.73871540321227,71.95922820107886,71.73154153167195,71.95203299777909,100.0,100.0,0.0
71.95203299777909,72.18283221720836,71.94483779447931,72.17561465574278,100.0,100.0,0.0
72.17561465574278,72.4035786484319,72.1683970942772,72.39633901453045,100.0,100.0,0.0
72.39633901453045,72.63166754031835,72.389099380629,72.62440509980837,100.0,100.0,0.0
72.62440509980837,72.85171072998222,72.6171426592984,72.84442628735349,100.0,100.0,0.0
72.84442628735349,73.07199662286096,72.83714184472475,73.06469015384558,100.0,100.0,0.0
73.06469015384558,73.28475058532395,73.05738368483019,73.27742284303964,100.0,100.0,0.0
73.27742284303964,73.50160231258832,73.27009510075534,73.4942528872996,100.0,100.0,0.0
73.4942528872996,73.72057910815555,73.48690346201087,73.71320778737682,100.0,100.0,0.0
73.71320778737682,73.93001564174003,73.70583646659809,73.92262337940208,100.0,100.0,0.0
73.92262337940208,74.14972157338988,73.91523111706414,74.14230734265561,100.0,100.0,0.0
74.14230734265561,74.36638947255484,74.13489311192134,74.35895357719713,100.0,100.0,0.0
74.35895357719713,74.58953213784278,74.35151768183941,74.58207393044974,100.0,100.0,0.0
74.58207393044974,74.8115717077457,74.5746157230567,74.80409129861584,100.0,100.0,0.0
74.80409129861584,75.05232030048008,74.79661088948599,75.04481581889819,100.0,100.0,0.0
75.04481581889819,75.26966120244447,75.0373113373163,75.26213498894558,100.0,100.0,0.0
75.26213498894558,75.48549748003254,75.25460877544668,75.47794968506403,100.0,100.0,0.0
75.47794968506403,75.7005212969764,75.47040189009553,75.69295200177623,100.0,100.0,0.0
75.69295200177623,75.92650823179538,75.68538270657606,75.91891634016136,100.0,100.0,0.0
75.91891634016136,76.1600235499589,75.91132444852734,76.15240830912798,100.0,100.0,0.0
76.15240830912798,76.39192289080032,76.14479306829706,76.38428446235409,100.0,100.0,0.0
76.38428446235409,76.62430635280754,76.37664603390786,76.61664468833871,100.0,100.0,0.0
76.61664468833871,76.87371696413543,76.60898302386988,76.86603036109932,100.0,100.0,0.0
76.86603036109932,77.11684143023707,76.85834375806321,77.10913051718535,100.0,100.0,0.0
77.10913051718535,77.3614950839615,77.10141960413362,77.3537597079907,100.0,100.0,0.0
77.3537597079907,77.59587880509613,77.34602433201991,77.58811999309683,100.0,100.0,0.0
77.58811999309683,77.83213888339931,77.58036118109752,77.82435644775454,100.0,100.0,0.0
77.82435644775454,78.07831683963472,77.81657401210977,78.07050978865585,100.0,100.0,0.0
78.07050978865585,78.30933155601416,78.06270273767699,78.30150140587357,100.0,100.0,0.0
78.30150140587357,78.54828145366227,78.29367125573297,78.54042741092118,100.0,100.0,0.0
78.54042741092118,78.7688678621354,78.5325733681801,78.7609917629591,100.0,100.0,0.0
78.7609917629591,78.99307623845655,78.7531156637828,78.98517772068449,100.0,100.0,0.0
78.98517772068449,79.2278616092277,78.97727920291243,79.21993961526617,100.0,100.0,0.0
79.21993961526617,79.47360556875365,79.21201762130464,79.46565900285337,100.0,100.0,0.0
79.46565900285337,79.70224174907275,79.45771243695309,79.69427232184057,100.0,100.0,0.0
79.69427232184057,79.9474055209898,79.68630289460839,79.93941157983183,100.0,100.0,0.0
79.93941157983183,80.19173190593403,79.93141763867385,80.18371353458058,100.0,100.0,0.0
80.18371353458058,80.4252760901722,80.17569516322712,80.41723436673553,100.0,100.0,0.0
80.41723436673553,80.66657782920264,80.40919264329885,80.65851197800484,100.0,100.0,0.0
80.65851197800484,80.91922249847511,80.65044612680704,80.91113138533657,100.0,100.0,0.0
80.91113138533657,81.17723255105417,80.90304027219804,81.16911563949023,100.0,100.0,0.0
81.16911563949023,81.42585327332523,81.16099872792628,81.41771150217501,100.0,100.0,0.0
81.41771150217501,81.67766186957367,81.40956973102479,81.66949492008166,100.0,100.0,0.0
81.66949492008166,81.90709380467946,81.66132797058965,81.89890391428804,100.0,100.0,0.0
81.89890391428804,82.15285374016946,81.89071402389662,82.14463927624183,100.0,100.0,0.0
82.14463927624183,82.39468035087128,82.1364248123142,82.38644170670061,100.0,100.0,0.0
82.38644170670061,82.64418072756891,82.37820306252993,82.63591713585532,100.0,100.0,0.0
82.63591713585532,82.89966972340349,82.62765354414174,82.89138058534496,100.0,100.0,0.0
82.89138058534496,83.13964226281287,82.88309144728643,83.13132912989988,100.0,100.0,0.0
83.13132912989988,83.39723107731972,83.1230159969869,83.38889218810091,100.0,100.0,0.0
83.38889218810091,83.6392725338023,83.3805532988821,83.63090944285801,100.0,100.0,0.0
83.63090944285801,83.8737727063007,83.62254635191373,83.86538616768394,100.0,100.0,0.0
83.86538616768394,84.13345736205507,83.85699962906718,84.1250448575693,100.0,100.0,0.0
84.1250448575693,84.13345736205507,83.87786878718833,83.88625741292962,100.0,100.0,0.0
83.88625741292962,83.89464603867091,83.6379400629006,83.64630469336993,100.0,100.0,0.0
83.64630469336993,83.65466932383926,83.3828168210226,83.39115593661626,100.0,100.0,0.0
83.39115593661626,83.39949505220991,83.13734536462267,83.14565993061574,100.0,100.0,0.0
83.14565993061574,83.1539744966088,82.87660992173625,82.88489841157741,100.0,100.0,0.0
82.88489841157741,82.89318690141857,82.62951696688098,82.63778074495548,100.0,100.0,0.0
82.63778074495548,82.64604452302997,82.39383278096263,82.40207298826145,100.0,100.0,0.0
82.40207298826145,82.41031319556028,82.16358470505106,82.17180188523959,100.0,100.0,0.0
82.17180188523959,82.18001906542811,81.90669633740706,81.91488782618967,100.0,100.0,0.0
81.91488782618967,81.92307931497228,81.66004097382637,81.66820779460583,100.0,100.0,0.0
81.66820779460583,81.6763746153853,81.41670303894429,81.42484552349664,100.0,100.0,0.0
81.42484552349664,81.432988008049,81.1759300442083,81.18404844905321,100.0,100.0,0.0
81.18404844905321,81.19216685389812,80.93999252564487,80.9480873343783,100.0,100.0,0.0
80.9480873343783,80.95618214311173,80.69103831608591,80.69910822690859,100.0,100.0,0.0
80.69910822690859,80.70717813773128,80.45170689684231,80.45975287212953,100.0,100.0,0.0
80.45975287212953,80.46779884741674,80.20293051203103,80.21095160719175,100.0,100.0,0.0
80.21095160719175,80.21897270235246,79.97960399572304,79.98760275599864,100.0,100.0,0.0
79.98760275599864,79.99560151627423,79.72572207286497,79.73369544240921,100.0,100.0,0.0
79.73369544240921,79.74166881195346,79.46999181920366,79.47793961316498,100.0,100.0,0.0
79.47793961316498,79.4858874071263,79.22126676580329,79.22918968477177,100.0,100.0,0.0
79.22918968477177,79.23711260374024,78.97990885574752,78.98780763651118,100.0,100.0,0.0
78.98780763651118,78.99570641727483,78.74445517599075,78.75233040903166,100.0,100.0,0.0
78.75233040903166,78.76020564207256,78.51251781444704,78.52036985143218,100.0,100.0,0.0
78.52036985143218,78.52822188841732,78.27764794176865,78.28547648941759,100.0,100.0,0.0
78.28547648941759,78.29330503706653,78.0463509417082,78.05415635734393,100.0,100.0,0.0
78.05415635734393,78.06196177297966,77.81526817462316,77.82305047967112,100.0,100.0,0.0
77.82305047967112,77.83083278471909,77.56691159265566,77.57466905956161,100.0,100.0,0.0
77.57466905956161,77.58242652646757,77.32552514820014,77.33325847404754,100.0,100.0,0.0
77.33325847404754,77.34099179989494,77.09511140941021,77.10282169157936,100.0,100.0,0.0
77.10282169157936,77.11053197374852,76.85794005621237,76.86562661887426,100.0,100.0,0.0
76.86562661887426,76.87331318153615,76.62433550560796,76.63199870547851,100.0,100.0,0.0
76.63199870547851,76.63966190534906,76.39444480649728,76.40208501499878,100.0,100.0,0.0
76.40208501499878,76.40972522350027,76.1713670982715,76.17898499677118,100.0,100.0,0.0
76.17898499677118,76.18660289527085,75.95108075472261,75.95867662238484,100.0,100.0,0.0
75.95867662238484,75.96627249004707,75.73082851461717,75.73840235485265,100.0,100.0,0.0
75.73840235485265,75.74597619508813,75.5027776008278,75.51032863369116,100.0,100.0,0.0
75.51032863369116,75.51787966655452,75.29816585757959,75.30569642722232,100.0,100.0,0.0
75.30569642722232,75.31322699686504,75.07505742618874,75.08256568275701,100.0,100.0,0.0
75.08256568275701,75.09007393932528,74.84965057836038,74.85713629198958,100.0,100.0,0.0
74.85713629198958,74.86462200561877,74.62223952964999,74.62970249989998,100.0,100.0,0.0
74.62970249989998,74.63716547014997,74.40455759820269,74.4119987980825,100.0,100.0,0.0
74.4119987980825,74.4194399979623,74.18825725842488,74.19567682610749,100.0,100.0,0.0
74.19567682610749,74.20309639379009,73.9668808172544,73.9742782450789,100.0,100.0,0.0
73.9742782450789,73.9816756729034,73.74292773637319,73.75030276664985,100.0,100.0,0.0
73.75030276664985,73.75767779692652,73.5182562856504,73.52560884653505,100.0,100.0,0.0
73.52560884653505,73.5329614074197,73.30494025379778,73.31227148094588,100.0,100.0,0.0
73.31227148094588,73.31960270809398,73.1007479270163,73.10805873288959,100.0,100.0,0.0
73.10805873288959,73.11536953876288,72.87724483420003,72.88453328752878,100.0,100.0,0.0
72.88453328752878,72.89182174085754,72.64984608082428,72.65711179200348,100.0,100.0,0.0
72.65711179200348,72.66437750318268,72.42611941175053,72.43336274802533,100.0,100.0,0.0
72.43336274802533,72.44060608430013,72.21530933542921,72.22253158858807,100.0,100.0,0.0
72.22253158858807,72.22975384174693,71.99351727602688,72.00071734776165,100.0,100.0,0.0
72.00071734776165,72.00791741949642,71.7794066608069,71.78658531933883,100.0,100.0,0.0
71.78658531933883,71.79376397787075,71.57366001509686,71.58081809690655,100.0,100.0,0.0
71.58081809690655,71.58797617871625,71.3525749208755,71.3597108919647,100.0,100.0,0.0
71.3597108919647,71.3668468630539,71.13814776596,71.14526229218922,100.0,100.0,0.0
71.14526229218922,71.15237681841843,70.9246915182299,70.93178469669958,100.0,100.0,0.0
70.93178469669958,70.93887787516925,70.71598237197719,70.72305467744494,100.0,100.0,0.0
70.72305467744494,70.73012698291268,70.50915956235568,70.51621118347403,100.0,100.0,0.0
70.51621118347403,70.52326280459238,70.28599601211958,70.29302531465105,100.0,100.0,0.0
70.29302531465105,70.30005461718251,70.08121763351905,70.08822645616466,100.0,100.0,0.0
70.08822645616466,70.09523527881028,69.86764053344879,69.87462799624842,100.0,100.0,0.0
69.87462799624842,69.88161545904805,69.64918819624175,69.65615381162291,100.0,100.0,0.0
69.65615381162291,69.66311942700408,69.44089200416872,69.4478367878475,100.0,100.0,0.0
69.4478367878475,69.4547815715263,69.23345585299454,69.24037989098363,100.0,100.0,0.0
69.24037989098363,69.24730392897273,69.0330253636246,69.03992935656026,100.0,100.0,0.0
69.03992935656026,69.04683334949593,68.82092198954976,68.82780477002676,100.0,100.0,0.0
68.82780477002676,68.83468755050376,68.62293760085251,68.6298005809106,100.0,100.0,0.0
68.6298005809106,68.63666356096869,68.42079121171237,68.42763397510988,100.0,100.0,0.0
68.42763397510988,68.4344767385074,68.2124167735754,68.21923869744514,100.0,100.0,0.0
68.21923869744514,68.22606062131487,68.00972306564218,68.01652471811398,100.0,100.0,0.0
68.01652471811398,68.02332637058579,67.81027022805327,67.81705193324659,100.0,100.0,0.0
67.81705193324659,67.82383363843991,67.61280868898001,67.61957064604461,100.0,100.0,0.0
67.61957064604461,67.6263326031092,67.41064293137194,67.41738466983892,100.0,100.0,0.0
67.41738466983892,67.42412640830591,67.20949840078748,67.21622002278976,100.0,100.0,0.0
67.21622002278976,67.22294164479203,67.01574934272136,67.02245158788016,100.0,100.0,0.0
67.02245158788016,67.02915383303895,66.81801020615113,66.82469267541867,100.0,100.0,0.0
66.82469267541867,66.83137514468622,66.61184691039824,66.61850876127437,100.0,100.0,0.0
66.61850876127437,66.6251706121505,66.40566916735526,66.41231039839509,100.0,100.0,0.0
66.41231039839509,66.41895162943493,66.20966715737589,66.21628878625451,100.0,100.0,0.0
66.21628878625451,66.22291041513313,66.0141060410331,66.02070811184429,100.0,100.0,0.0
66.02070811184429,66.02731018265547,65.81409535264886,65.82067742039091,100.0,100.0,0.0
65.82067742039091,65.82725948813295,65.6201795077966,65.62674218201481,100.0,100.0,0.0
65.62674218201481,65.63330485623301,65.42743926675503,65.43398266502153,100.0,100.0,0.0
65.43398266502153,65.44052606328803,65.22476626138364,65.23128939032267,100.0,100.0,0.0
65.23128939032267,65.23781251926171,65.0410509092749,65.04755566484138,100.0,100.0,0.0
65.04755566484138,65.05406042040786,64.84320539020037,64.84969035923629,100.0,100.0,0.0
64.84969035923629,64.85617532827222,64.65150937530242,64.6579751728197,100.0,100.0,0.0
64.6579751728197,64.66444097033698,64.44833608866226,64.45478156681894,100.0,100.0,0.0
64.45478156681894,64.46122704497562,64.24614976095499,64.25257501845684,100.0,100.0,0.0
64.25257501845684,64.25900027595868,64.04807704952148,64.05448249777126,100.0,100.0,0.0
64.05448249777126,64.06088794602104,63.84665216644263,63.85303747018965,100.0,100.0,0.0
63.85303747018965,63.859422773936664,63.649823240124434,63.656188859010335,100.0,100.0,0.0
63.656188859010335,63.85381424956298,63.649823240124434,63.84742950661232,100.0,100.0,0.0
63.84742950661232,64.04296829104514,63.841044763661664,64.03656463458168,100.0,100.0,0.0
64.03656463458168,64.23844914590443,64.03016097811822,64.23202594331009,100.0,100.0,0.0
64.23202594331009,64.4350226202364,64.22560274071576,64.42857976226017,100.0,100.0,0.0
64.42857976226017,64.62581160761005,64.42213690428395,64.61934967264278,100.0,100.0,0.0
64.61934967264278,64.81349658191618,64.61288773767552,64.80701588032815,100.0,100.0,0.0
64.80701588032815,65.01278232136276,64.80053517874012,65.00628169319344,100.0,100.0,0.0
65.00628169319344,65.2013540477084,64.99978106502412,65.19483456425198,100.0,100.0,0.0
65.19483456425198,65.39861244948997,65.18831508079555,65.39207324216576,100.0,100.0,0.0
65.39207324216576,65.59602351499207,65.38553403484156,65.58946456853522,100.0,100.0,0.0
65.58946456853522,65.79813637095576,65.58290562207837,65.79155721523423,100.0,100.0,0.0
65.79155721523423,65.9863871844124,65.78497805951271,65.97978920549184,100.0,100.0,0.0
65.97978920549184,66.19125008257046,65.97319122657129,66.18463161940852,100.0,100.0,0.0
66.18463161940852,66.39604958836456,66.17801315624658,66.38941064729983,100.0,100.0,0.0
66.38941064729983,66.59729218607227,66.38277170623509,66.59063312276,100.0,100.0,0.0
66.59063312276,66.79750975062524,66.58397405944773,66.79083066755848,100.0,100.0,0.0
66.79083066755848,67.00359628907786,66.78415158449172,66.99689659941792,100.0,100.0,0.0
66.99689659941792,67.18937969333633,66.99019690975798,67.18266142719362,100.0,100.0,0.0
67.18266142719362,67.39909476287029,67.17594316105091,67.39235552731756,100.0,100.0,0.0
67.39235552731756,67.59933345306129,67.38561629176483,67.59257419564173,100.0,100.0,0.0
67.59257419564173,67.80512073419746,67.58581493822217,67.79834090010745,100.0,100.0,0.0
67.79834090010745,67.99798340683594,67.79156106601744,67.9911842884071,100.0,100.0,0.0
67.9911842884071,68.19905359043166,67.98438516997825,68.19223436699497,100.0,100.0,0.0
68.19223436699497,68.40567152355334,68.18541514355827,68.3988316403893,100.0,100.0,0.0
68.3988316403893,68.59914164786821,68.39199175722527,68.59228241962624,100.0,100.0,0.0
68.59228241962624,68.81441683849371,68.58542319138428,68.80753608488523,100.0,100.0,0.0
68.80753608488523,69.02719775046947,68.80065533127674,69.02029572089738,100.0,100.0,0.0
69.02029572089738,69.24392322598285,69.01339369132529,69.23699952603025,100.0,100.0,0.0
69.23699952603025,69.45649616160236,69.23007582607764,69.44955120648171,100.0,100.0,0.0
69.44955120648171,69.6679783161307,69.44260625136107,69.6610122149092,100.0,100.0,0.0
69.6610122149092,69.87459717838715,69.65404611368771,69.86761041734542,100.0,100.0,0.0
69.86761041734542,70.08602619225171,69.86062365630369,70.07901829042267,100.0,100.0,0.0
70.07901829042267,70.29702361039094,70.07201038859363,70.28999461092984,100.0,100.0,0.0
70.28999461092984,70.51917266375175,70.28296561146874,70.51212145160659,100.0,100.0,0.0
70.51212145160659,70.7238558066893,70.50507023946143,70.71678412827647,100.0,100.0,0.0
70.71678412827647,70.93632852327379,70.70971244986364,70.92923559971382,100.0,100.0,0.0
70.92923559971382,71.14926885139722,70.92214267615385,71.14215463593364,100.0,100.0,0.0
71.14215463593364,71.36372846547188,71.13504042047005,71.35659280619126,100.0,100.0,0.0
71.35659280619126,71.5734724091906,71.34945714691064,71.56631577761284,100.0,100.0,0.0
71.56631577761284,71.79240847385769,71.55915914603509,71.7852299508626,100.0,100.0,0.0
71.7852299508626,72.01164751787529,71.77805142786751,72.00444707316797,100.0,100.0,0.0
72.00444707316797,72.22020915570587,71.99724662846064,72.21298785692018,100.0,100.0,0.0
72.21298785692018,72.42520178995949,72.20576655813448,72.4179599939601,100.0,100.0,0.0
72.4179599939601,72.64736708224363,72.4107181979607,72.64010307193644,100.0,100.0,0.0
72.64010307193644,72.85813116070594,72.63283906162924,72.85084607609834,100.0,100.0,0.0
72.85084607609834,73.07928332635021,72.84356099149073,73.07197612873733,100.0,100.0,0.0
73.07197612873733,73.29692843285858,73.06466893112446,73.28959947291129,100.0,100.0,0.0
73.28959947291129,73.51869801022127,73.282270512964,73.51134687553372,100.0,100.0,0.0
73.51134687553372,73.73206994065269,73.50399574084616,73.7246974709056,100.0,100.0,0.0
73.7246974709056,73.94709756899739,73.7173250011585,73.93970359863754,100.0,100.0,0.0
73.93970359863754,74.17466065363517,73.93230962827768,74.16724392924225,100.0,100.0,0.0
74.16724392924225,74.37941754741425,74.15982720484932,74.37198034937931,100.0,100.0,0.0
74.37198034937931,74.6100914750663,74.36454315134438,74.60263121194511,100.0,100.0,0.0
74.60263121194511,74.83874886020041,74.59517094882392,74.83126573362705,100.0,100.0,0.0
74.83126573362705,75.069470202337,74.82378260705369,75.0619640059364,100.0,100.0,0.0
75.0619640059364,75.28952831465055,75.0544578095358,75.28200011463909,100.0,100.0,0.0
75.28200011463909,75.28952831465055,75.044020184778,75.05152533731173,100.0,100.0,0.0
75.05152533731173,75.05903048984545,74.81330786416082,74.82078994315513,100.0,100.0,0.0
74.82078994315513,74.82827202214945,74.58794902891229,74.59540856976926,100.0,100.0,0.0
74.59540856976926,74.60286811062623,74.37311402080977,74.38055207601737,100.0,100.0,0.0
74.38055207601737,74.38799013122497,74.15703577579988,74.16445222102199,100.0,100.0,0.0
74.16445222102199,74.1718686662441,73.94048039921822,73.9478751867369,100.0,100.0,0.0
73.9478751867369,73.95526997425557,73.71024475772597,73.71761651937791,100.0,100.0,0.0
73.71761651937791,73.72498828102985,73.50200268212883,73.50935361749058,100.0,100.0,0.0
73.50935361749058,73.51670455285232,73.27185657647392,73.27918449492341,100.0,100.0,0.0
73.27918449492341,73.2865124133729,73.05770928203388,73.06501578361224,100.0,100.0,0.0
73.06501578361224,73.0723222851906,72.84205617636285,72.84934111047389,100.0,100.0,0.0
72.84934111047389,72.85662604458493,72.61487581444293,72.62213802824574,100.0,100.0,0.0
72.62213802824574,72.62940024204856,72.39030857581928,72.39754833065234,100.0,100.0,0.0
72.39754833065234,72.40478808548541,72.1666180859075,72.17383546945445,100.0,100.0,0.0
72.17383546945445,72.18105285300139,71.94259958984908,71.94979456930601,100.0,100.0,0.0
71.94979456930601,71.95698954876293,71.72886947872504,71.73604308303335,100.0,100.0,0.0
71.73604308303335,71.74321668734166,71.52081587682517,71.52796867369254,100.0,100.0,0.0
71.52796867369254,71.53512147055991,71.29967496443534,71.30680564499984,100.0,100.0,0.0
71.30680564499984,71.31393632556434,71.0880865325557,71.09519605216092,100.0,100.0,0.0
71.09519605216092,71.10230557176612,70.87112543753815,70.87821325886404,100.0,100.0,0.0
70.87821325886404,70.88530108018992,70.67774853100924,70.68481701271051,100.0,100.0,0.0
70.68481701271051,70.69188549441178,70.474918322631,70.48196651928292,100.0,100.0,0.0
70.48196651928292,70.48901471593484,70.26974031171306,70.27676798851192,100.0,100.0,0.0
70.27676798851192,70.28379566531078,70.06459358023726,70.07160074031128,100.0,100.0,0.0
70.07160074031128,70.07860790038531,69.86039090936502,69.86737764712973,100.0,100.0,0.0
69.86737764712973,69.87436438489443,69.64496114964253,69.65192634227675,100.0,100.0,0.0
69.65192634227675,69.65889153491098,69.44161276088339,69.44855761664505,100.0,100.0,0.0
69.44855761664505,69.4555024724067,69.22197548888751,69.22889837872538,100.0,100.0,0.0
69.22889837872538,69.23582126856324,69.00605515879217,69.01295645443761,100.0,100.0,0.0
69.01295645443761,69.01985775008306,68.8008739872534,68.80775476272967,100.0,100.0,0.0
68.80775476272967,68.81463553820595,68.59734356058799,68.60420398098609,100.0,100.0,0.0
68.60420398098609,68.61106440138418,68.39045749980824,68.39729722953119,100.0,100.0,0.0
68.39729722953119,68.40413695925415,68.19230989042813,68.19912980340847,100.0,100.0,0.0
68.19912980340847,68.2059497163888,67.9843127295386,67.99111184072267,100.0,100.0,0.0
67.99111184072267,67.99791095190673,67.78959482000815,67.7963744574539,100.0,100.0,0.0
67.7963744574539,67.80315409489964,67.58924774911019,67.59600734984517,100.0,100.0,0.0
67.59600734984517,67.60276695058015,67.38920467822102,67.39594427264828,100.0,100.0,0.0
67.39594427264828,67.40268386707554,67.18247759574706,67.18919651539859,100.0,100.0,0.0
67.18919651539859,67.19591543505013,66.97292866647624,66.97962662913915,100.0,100.0,0.0
66.97962662913915,66.98632459180206,66.77747089965945,66.7841493145909,100.0,100.0,0.0
66.7841493145909,66.79082772952236,66.57448785354039,66.5811459681372,100.0,100.0,0.0
66.5811459681372,66.58780408273402,66.36069256105702,66.36732929398642,100.0,100.0,0.0
66.36732929398642,66.37396602691581,66.16447492176307,66.17109203096616,100.0,100.0,0.0
66.17109203096616,66.17770914016926,65.96342501202248,65.9700220142239,100.0,100.0,0.0
65.9700220142239,65.97661901642532,65.76554768773215,65.77212490022217,100.0,100.0,0.0
65.77212490022217,65.77870211271218,65.56756014504803,65.57411755680371,100.0,100.0,0.0
65.57411755680371,65.58067496855939,65.35808771742886,65.36462417984684,100.0,100.0,0.0
65.36462417984684,65.37116064226483,65.1625491590233,65.16906606562986,100.0,100.0,0.0
65.16906606562986,65.17558297223643,64.97338514212123,64.97988313043427,100.0,100.0,0.0
64.97988313043427,64.98638111874732,64.77543425321893,64.78191244446337,100.0,100.0,0.0
64.78191244446337,64.78839063570781,64.58803628060491,64.59449573017793,100.0,100.0,0.0
64.59449573017793,64.60095517975094,64.39465960900253,64.40109971897442,100.0,100.0,0.0
64.40109971897442,64.40753982894631,64.20334681928705,64.20976779606666,100.0,100.0,0.0
64.20976779606666,64.21618877284627,64.01349636341287,64.0198983532482,100.0,100.0,0.0
64.0198983532482,64.02630034308352,63.81905750892799,63.82544005293328,100.0,100.0,0.0
63.82544005293328,63.83182259693857,63.64206568484671,63.6484305278995,100.0,100.0,0.0
63.6484305278995,63.654795370952286,63.45476906977849,63.46111518129662,100.0,100.0,0.0
63.46111518129662,63.46746129281475,63.26160215032031,63.26792894321463,100.0,100.0,0.0
63.26792894321463,63.27425573610895,63.07623223097102,63.08254048501952,100.0,100.0,0.0
63.08254048501952,63.08884873906802,62.88940801101037,62.89569758076844,100.0,100.0,0.0
62.89569758076844,62.901987150526516,62.701631246001874,62.707902036205496,100.0,100.0,0.0
62.707902036205496,62.71417282640912,62.51428790141588,62.520539955411415,100.0,100.0,0.0
62.520539955411415,62.526792009406954,62.33115727582387,62.33739101492536,100.0,100.0,0.0
62.33739101492536,62.34362475402685,62.13653688612922,62.14275116124534,100.0,100.0,0.0
62.14275116124534,62.148965436361465,61.946048399350346,61.95224362371272,100.0,100.0,0.0
61.95224362371272,61.95843884807509,61.752734976567,61.75891086765376,100.0,100.0,0.0
61.75891086765376,61.76508675874052,61.559861376510554,61.56601797830839,100.0,100.0,0.0
61.56601797830839,61.57217458010622,61.360525950064975,61.36666261632661,100.0,100.0,0.0
61.36666261632661,61.37279928258824,61.175223800981726,61.18134193517524,100.0,100.0,0.0
61.18134193517524,61.187460069368754,60.98923580293905,60.9953353364727,100.0,100.0,0.0
60.9953353364727,61.00143487000635,60.799969006964346,60.80604961192554,100.0,100.0,0.0
60.80604961192554,60.81213021688673,60.61566549885126,60.621727671618416,100.0,100.0,0.0
60.621727671618416,60.627789844385575,60.44358847387834,60.44963343722206,100.0,100.0,0.0
60.44963343722206,60.45567840056578,60.267519075743266,60.273546430386304,100.0,100.0,0.0
60.273546430386304,60.27957378502934,60.073684330453794,60.079692299683764,100.0,100.0,0.0
60.079692299683764,60.08570026891373,59.89208037520386,59.898070182222085,100.0,100.0,0.0
59.898070182222085,59.90405998924031,59.71960073831571,59.725573295645276,100.0,100.0,0.0
59.725573295645276,59.73154585297484,59.540986905613984,59.54694159977396,100.0,100.0,0.0
59.54694159977396,59.73329401632222,59.540986905613984,59.7273212841938,100.0,100.0,0.0
59.7273212841938,59.913996345033496,59.72134855206538,59.908005544479046,100.0,100.0,0.0
59.908005544479046,60.088060617976225,59.902014743924596,60.08205241273495,100.0,100.0,0.0
60.08205241273495,60.27238305082316,60.07604420749368,60.26635641518164,100.0,100.0,0.0
60.26635641518164,60.459487536384515,60.26032977954012,60.4534421921653,100.0,100.0,0.0
60.4534421921653,60.63814852320854,60.44739684794608,60.63208531467708,100.0,100.0,0.0
60.63208531467708,60.821800359436956,60.62602210614561,60.815718787558204,100.0,100.0,0.0
60.815718787558204,61.00101051450793,60.80963721567945,60.99491102340559,100.0,100.0,0.0
60.99491102340559,61.1869256578482,60.98881153230325,61.18080757709049,100.0,100.0,0.0
61.18080757709049,61.37984271069812,61.17468949633278,61.37370534016411,100.0,100.0,0.0
61.37370534016411,61.571574838920476,61.367567969630095,61.565418297090766,100.0,100.0,0.0
61.565418297090766,61.746341921256324,61.559261755261055,61.74016790446588,100.0,100.0,0.0
61.74016790446588,61.927380554080266,61.73399388767543,61.92118843523674,100.0,100.0,0.0
61.92118843523674,62.11033953979871,61.91499631639322,62.10412912688602,100.0,100.0,0.0
62.10412912688602,62.3018202609933,62.097918713973336,62.29559070192311,100.0,100.0,0.0
62.29559070192311,62.48868811796799,62.28936114285292,62.48243987398059,100.0,100.0,0.0
62.48243987398059,62.67664745438717,62.47619162999319,62.67038041634554,100.0,100.0,0.0
62.67038041634554,62.85809851728057,62.6641133783039,62.85181333594697,100.0,100.0,0.0
62.85181333594697,63.05587293949754,62.845528154613376,63.04956798269927,100.0,100.0,0.0
63.04956798269927,63.248201217515124,63.043263025901005,63.241877029812144,100.0,100.0,0.0
63.241877029812144,63.427283462014046,63.235552842109165,63.42094136787726,100.0,100.0,0.0
63.42094136787726,63.62608940913837,63.41459927374048,63.61972743639473,100.0,100.0,0.0
63.61972743639473,63.8108923648522,63.61336546365109,63.80451191366083,100.0,100.0,0.0
63.80451191366083,64.00506615951004,63.79813146246946,63.998666292880756,100.0,100.0,0.0
63.998666292880756,64.1932034559071,63.99226642625147,64.18678477742935,100.0,100.0,0.0
64.18678477742935,64.3839156808464,64.18036609895161,64.3774779330531,100.0,100.0,0.0
64.3774779330531,64.58746155003459,64.3710401852598,64.58100344968962,100.0,100.0,0.0
64.58100344968962,64.78058422329524,64.57454534934465,64.77410681261398,100.0,100.0,0.0
64.77410681261398,64.97444154085774,64.76762940193272,64.9679447463831,100.0,100.0,0.0
64.9679447463831,65.16947419880273,64.96144795190845,65.16295790301243,100.0,100.0,0.0
65.16295790301243,65.36724718607243,65.15644160722212,65.36071111496094,100.0,100.0,0.0
65.36071111496094,65.5712706345832,65.35417504384944,65.56471416316688,100.0,100.0,0.0
65.56471416316688,65.774645333791,65.55815769175057,65.76806852693831,100.0,100.0,0.0
65.76806852693831,65.97526059932424,65.76149172008562,65.96866373295094,100.0,100.0,0.0
65.96866373295094,66.18118369324932,65.96206686657764,66.17456623662567,100.0,100.0,0.0
66.17456623662567,66.38108052070517,66.167948780002,66.37444307639753,100.0,100.0,0.0
66.37444307639753,66.58644022729096,66.36780563208988,66.57978224906606,100.0,100.0,0.0
66.57978224906606,66.79238477016618,66.57312427084115,66.78570619954623,100.0,100.0,0.0
66.78570619954623,66.99590566951296,66.77902762892627,66.98920674883809,100.0,100.0,0.0
66.98920674883809,67.19918461399027,66.98250782816321,67.19246536745352,100.0,100.0,0.0
67.19246536745352,67.40637591123351,67.18574612091678,67.39963594763874,100.0,100.0,0.0
67.39963594763874,67.60850154639152,67.39289598404397,67.6017413722543,100.0,100.0,0.0
67.6017413722543,67.82395526646816,67.59498119811707,67.81717354911325,100.0,100.0,0.0
67.81717354911325,68.03040532651175,67.81039183175834,68.02360296621514,100.0,100.0,0.0
68.02360296621514,68.24076391695519,68.01680060591852,68.2339405229029,100.0,100.0,0.0
68.2339405229029,68.43692396807953,68.22711712885061,68.43008095998353,100.0,100.0,0.0
68.43008095998353,68.64786681974864,68.42323795188753,68.6410027194767,100.0,100.0,0.0
68.6410027194767,68.85841098535398,68.63413861920476,68.8515258327707,100.0,100.0,0.0
68.8515258327707,69.06931511392568,68.84464068018742,69.06240887303838,100.0,100.0,0.0
69.06240887303838,69.29016889076401,69.05550263215108,69.28324056670733,100.0,100.0,0.0
69.28324056670733,69.50158945345842,69.27631224265066,69.49463998945947,100.0,100.0,0.0
69.49463998945947,69.71485541147702,69.48769052546052,69.70788462301472,100.0,100.0,0.0
69.70788462301472,69.92753010950588,69.70091383455242,69.9205380557003,100.0,100.0,0.0
69.9205380557003,70.14428938918017,69.91354600189473,70.13727566161401,100.0,100.0,0.0
70.13727566161401,70.34891858313156,70.13026193404785,70.3418843946921,100.0,100.0,0.0
70.3418843946921,70.55038375521194,70.33485020625264,70.54332942226971,100.0,100.0,0.0
70.54332942226971,70.76371533099632,70.53627508932748,70.75663966702962,100.0,100.0,0.0
70.75663966702962,70.98514089920438,70.74956400306291,70.97804309489489,100.0,100.0,0.0
70.97804309489489,71.19056781510699,70.97094529058539,71.18344947015997,100.0,100.0,0.0
71.18344947015997,71.40750440963792,71.17633112521295,71.4003643732006,100.0,100.0,0.0
71.4003643732006,71.62207809433473,71.39322433676328,71.61491660267446,100.0,100.0,0.0
71.61491660267446,71.8246525881712,71.60775511101419,71.8174708410871,100.0,100.0,0.0
71.8174708410871,72.04236704695607,71.810289094003,72.03516353060301,100.0,100.0,0.0
72.03516353060301,72.2539682986601,72.02796001424996,72.24674362429766,100.0,100.0,0.0
72.24674362429766,72.46030410844396,72.23951894993523,72.4530588025637,100.0,100.0,0.0
72.4530588025637,72.69187944497023,72.44581349668344,72.68461098387183,100.0,100.0,0.0
72.68461098387183,72.90871050752646,72.67734252277344,72.90142036548991,100.0,100.0,0.0
72.90142036548991,73.13556425921188,72.89413022345336,73.12825143406847,100.0,100.0,0.0
73.12825143406847,73.35074221306512,73.12093860892507,73.3434078722779,100.0,100.0,0.0
73.3434078722779,73.57948420936631,73.33607353149067,73.57212699666665,100.0,100.0,0.0
73.57212699666665,73.80008813567616,73.564769783967,73.79270886478969,100.0,100.0,0.0
73.79270886478969,74.0247174181584,73.78532959390321,74.01731568658974,100.0,100.0,0.0
74.01731568658974,74.25244640597694,74.00991395502108,74.24502190378657,100.0,100.0,0.0
74.24502190378657,74.25244640597694,74.01266332063163,74.02006532716435,100.0,100.0,0.0
74.02006532716435,74.02746733369706,73.78394622237616,73.79132535491165,100.0,100.0,0.0
73.79132535491165,73.79870448744714,73.56563007589263,73.57298737463009,100.0,100.0,0.0
73.57298737463009,73.58034467336755,73.34029335519537,73.34762811800717,100.0,100.0,0.0
73.34762811800717,73.35496288081896,73.11745175301654,73.12476422943948,100.0,100.0,0.0
73.12476422943948,73.13207670586242,72.90274804108128,72.91003904498578,100.0,100.0,0.0
72.91003904498578,72.91733004889028,72.68538747824375,72.69265674391815,100.0,100.0,0.0
72.69265674391815,72.69992600959255,72.46378474368417,72.47103184686885,100.0,100.0,0.0
72.47103184686885,72.47827895005354,72.24123546710695,72.24846031313825,100.0,100.0,0.0
72.24846031313825,72.25568515916956,72.02476596034577,72.0319691572615,100.0,100.0,0.0
72.0319691572615,72.03917235417723,71.82947700659047,71.83666067265773,100.0,100.0,0.0
71.83666067265773,71.84384433872499,71.60559644282826,71.61275771860012,100.0,100.0,0.0
71.61275771860012,71.61991899437199,71.38973232188178,71.39687200908268,100.0,100.0,0.0
71.39687200908268,71.40401169628359,71.17344408307598,71.1805621392899,100.0,100.0,0.0
71.1805621392899,71.18768019550383,70.9615659686549,70.96866283493839,100.0,100.0,0.0
70.96866283493839,70.97575970122188,70.75209716611435,70.7591730834227,100.0,100.0,0.0
70.7591730834227,70.76624900073104,70.53879426565989,70.54584885054494,100.0,100.0,0.0
70.54584885054494,70.55290343543,70.3254107932223,70.33244403762606,100.0,100.0,0.0
70.33244403762606,70.33947728202982,70.12427843102883,70.13129156018485,100.0,100.0,0.0
70.13129156018485,70.13830468934087,69.91303907438486,69.92003107749261,100.0,100.0,0.0
69.92003107749261,69.92702308060036,69.70613437357844,69.71310568414685,100.0,100.0,0.0
69.71310568414685,69.72007699471527,69.48336066454787,69.49030969551742,100.0,100.0,0.0
69.49030969551742,69.49725872648698,69.26598222960989,69.27290952056194,100.0,100.0,0.0
69.27290952056194,69.27983681151399,69.06010540656447,69.06701210777526,100.0,100.0,0.0
69.06701210777526,69.07391880898604,68.84800402474278,68.85488951369415,100.0,100.0,0.0
68.85488951369415,68.86177500264552,68.64067093774156,68.6475356913107,100.0,100.0,0.0
68.6475356913107,68.65440044487983,68.4409861833471,68.44783096644375,100.0,100.0,0.0
68.44783096644375,68.45467574954039,68.24050567936533,68.24733041240657,100.0,100.0,0.0
68.24733041240657,68.25415514544781,68.03644522833333,68.04324955328866,100.0,100.0,0.0
68.04324955328866,68.05005387824399,67.82020618096121,67.8269888798492,100.0,100.0,0.0
67.8269888798492,67.83377157873718,67.62408364442318,67.63084672909609,100.0,100.0,0.0
67.63084672909609,67.637609813769,67.42164129699405,67.4283841354076,100.0,100.0,0.0
67.4283841354076,67.43512697382114,67.21964550082129,67.22636813763505,100.0,100.0,0.0
67.22636813763505,67.23309077444881,67.02053476137465,67.02723748512317,100.0,100.0,0.0
67.02723748512317,67.03394020887168,66.81859590460242,66.82527843244566,100.0,100.0,0.0
66.82527843244566,66.8319609602889,66.60681630382844,66.6134776515936,100.0,100.0,0.0
66.6134776515936,66.62013899935876,66.41531382942624,66.42195602502873,100.0,100.0,0.0
66.42195602502873,66.42859822063123,66.21067909607358,66.21730082615619,100.0,100.0,0.0
66.21730082615619,66.2239225562388,66.00277277042248,66.00937370779326,100.0,100.0,0.0
66.00937370779326,66.01597464516404,65.81259748460428,65.81917940254453,100.0,100.0,0.0
65.81917940254453,65.82576132048479,65.61581063418888,65.62237287147602,100.0,100.0,0.0
65.62237287147602,65.62893510876316,65.4225465778825,65.42908948683119,100.0,100.0,0.0
65.42908948683119,65.43563239577988,65.21879098883564,65.22531352018765,100.0,100.0,0.0
65.22531352018765,65.23183605153967,65.02645125035752,65.0329545458121,100.0,100.0,0.0
65.0329545458121,65.03945784126668,64.83619511430659,64.84267938224481,100.0,100.0,0.0
64.84267938224481,64.84916365018303,64.6559495291843,64.66241577076137,100.0,100.0,0.0
64.66241577076137,64.66888201233844,64.45774898355917,64.46419540309948,100.0,100.0,0.0
64.46419540309948,64.47064182263979,64.25390429355252,64.26033032658518,100.0,100.0,0.0
64.26033032658518,64.26675635961783,64.05410939224572,64.0605154437901,100.0,100.0,0.0
64.0605154437901,64.06692149533447,63.858480483890126,63.86486697058719,100.0,100.0,0.0
63.86486697058719,63.87125345728425,63.68234539709144,63.68871426851829,100.0,100.0,0.0
63.68871426851829,63.69508313994514,63.487802565206515,63.49415198040455,100.0,100.0,0.0
63.49415198040455,63.50050139560259,63.3053360653662,63.311667232089405,100.0,100.0,0.0
63.311667232089405,63.31799839881261,63.11926400247554,63.12557656013155,100.0,100.0,0.0
63.12557656013155,63.13188911778756,62.92420477257017,62.93049782235241,100.0,100.0,0.0
62.93049782235241,62.936790872134644,62.73909178016327,62.74536631679495,100.0,100.0,0.0
62.74536631679495,62.75164085342663,62.5493026202458,62.5555581760634,100.0,100.0,0.0
62.5555581760634,62.561813731881,62.356233973125754,62.36247022014777,100.0,100.0,0.0
62.36247022014777,62.36870646716979,62.180240702968156,62.18645934890304,100.0,100.0,0.0
62.18645934890304,62.19267799483793,61.98817053725135,61.99436997424878,100.0,100.0,0.0
61.99436997424878,62.000569411246204,61.80269869511415,61.80887958307246,100.0,100.0,0.0
61.80887958307246,61.81506047103077,61.62371990786455,61.629882896154164,100.0,100.0,0.0
61.629882896154164,61.63604588444378,61.436649965559894,61.44279424498439,100.0,100.0,0.0
61.44279424498439,61.44893852440889,61.257523262186744,61.263649627149455,100.0,100.0,0.0
61.263649627149455,61.269775992112166,61.074878878333514,61.080986977031216,100.0,100.0,0.0
61.080986977031216,61.08709507572892,60.887070265333016,60.893159581291144,100.0,100.0,0.0
60.893159581291144,60.89924889724927,60.71646942106317,60.72254167523069,100.0,100.0,0.0
60.72254167523069,60.72861392939821,60.54040383614771,60.54645848199591,100.0,100.0,0.0
60.54645848199591,60.552513127844115,60.36896931189075,60.37500681257201,100.0,100.0,0.0
60.37500681257201,60.38104431325327,60.19392848326318,60.19994847811099,100.0,100.0,0.0
60.19994847811099,60.2059684729588,60.014762425956384,60.02076450240662,100.0,100.0,0.0
60.02076450240662,60.02676657885686,59.833944250363956,59.839928243188275,100.0,100.0,0.0
59.839928243188275,59.845912236012595,59.64588691328628,59.65185209849613,100.0,100.0,0.0
59.65185209849613,59.657817283705974,59.465000037954646,59.47094713266791,100.0,100.0,0.0
59.47094713266791,59.47689422738117,59.290837065427795,59.296766742102,100.0,100.0,0.0
59.296766742102,59.30269641877621,59.1100380316649,59.11594962662756,100.0,100.0,0.0
59.11594962662756,59.12186122159022,58.930236915492394,58.93613052854525,100.0,100.0,0.0
58.93613052854525,58.942024141598104,58.75720404616735,58.76308035420277,100.0,100.0,0.0
58.76308035420277,58.76895666223819,58.58460688776842,58.59046593436186,100.0,100.0,0.0
58.59046593436186,58.596324980955295,58.40055708852234,58.40639772829517,100.0,100.0,0.0
58.40639772829517,58.412238368067996,58.22017776871811,58.22600036875498,100.0,100.0,0.0
58.22600036875498,58.23182296879185,58.040163988832255,58.04596858569082,100.0,100.0,0.0
58.04596858569082,58.05177318254939,57.859214633133284,57.86500113324661,100.0,100.0,0.0
57.86500113324661,57.87078763335993,57.69076588948527,57.69653554303957,100.0,100.0,0.0
57.69653554303957,57.702305196593876,57.52133350148924,57.52708621011025,100.0,100.0,0.0
57.52708621011025,57.53283891873126,57.355825223794476,57.36156137993247,100.0,100.0,0.0
57.36156137993247,57.36729753607046,57.17934652641853,57.18506503292182,100.0,100.0,0.0
57.18506503292182,57.19078353942511,57.00396395116598,57.009664917657744,100.0,100.0,0.0
57.009664917657744,57.01536588414951,56.82519863330295,56.8308817214751,100.0,100.0,0.0
56.8308817214751,56.83656480964725,56.66729055235207,56.67295784813688,100.0,100.0,0.0
56.67295784813688,56.67862514392169,56.49736613802596,56.50301643966993,100.0,100.0,0.0
56.50301643966993,56.508666741313895,56.32141942218695,56.32705212739969,100.0,100.0,0.0
56.32705212739969,56.49284953994618,56.32141942218695,56.48720081986419,100.0,100.0,0.0
56.48720081986419,56.65850322291388,56.481552099782206,56.65283793911997,100.0,100.0,0.0
56.65283793911997,56.824896731827565,56.64717265532606,56.81921481034653,100.0,100.0,0.0
56.81921481034653,56.997717945749514,56.813532888865495,56.99201874387513,100.0,100.0,0.0
56.99201874387513,57.176530419530955,56.98631954200074,57.170813338197135,100.0,100.0,0.0
57.170813338197135,57.34884824268332,57.165096256863315,57.34311393129019,100.0,100.0,0.0
57.34311393129019,57.52283179153154,57.337379619897064,57.51708008352318,100.0,100.0,0.0
57.51708008352318,57.693775278659324,57.51132837551483,57.68800647801152,100.0,100.0,0.0
57.68800647801152,57.87446192969098,57.68223767736372,57.868675062184764,100.0,100.0,0.0
57.868675062184764,58.049747322191614,57.86288819467855,58.043942927898826,100.0,100.0,0.0
58.043942927898826,58.22259859977943,58.03813853360604,58.21677692208722,100.0,100.0,0.0
58.21677692208722,58.41295079639361,58.21095524439501,58.40711008538507,100.0,100.0,0.0
58.40711008538507,58.58393626389381,58.40126937437653,58.57807845604821,100.0,100.0,0.0
58.57807845604821,58.763714423912575,58.57222064820261,58.75783864004857,100.0,100.0,0.0
58.75783864004857,58.935631443007786,58.75196285618456,58.92973846916087,100.0,100.0,0.0
58.92973846916087,59.11274252772249,58.92384549531395,59.106831844538036,100.0,100.0,0.0
59.106831844538036,59.28530188692011,59.10092116135358,59.27937394952516,100.0,100.0,0.0
59.27937394952516,59.47028571279559,59.27344601213021,59.4643392788677,100.0,100.0,0.0
59.4643392788677,59.64759837506835,59.45839284493981,59.64163421164719,100.0,100.0,0.0
59.64163421164719,59.82810540738442,59.635670048226025,59.82212319506491,100.0,100.0,0.0
59.82212319506491,60.015608651590334,59.8161409827454,60.009607690821255,100.0,100.0,0.0
60.009607690821255,60.20405297850532,60.00360673005218,60.198033175187796,100.0,100.0,0.0
60.198033175187796,60.38764522735287,60.192013371870274,60.381607066646204,100.0,100.0,0.0
60.381607066646204,60.56313944587652,60.37556890593954,60.55708373750277,100.0,100.0,0.0
60.55708373750277,60.73382634474646,60.55102802912902,60.72775356938952,100.0,100.0,0.0
60.72775356938952,60.914942537869024,60.72168079403258,60.90885165270375,100.0,100.0,0.0
60.90885165270375,61.09327185424992,60.90276076753848,61.08716313793613,100.0,100.0,0.0
61.08716313793613,61.280351425305795,61.08105442162234,61.274224002905505,100.0,100.0,0.0
61.274224002905505,61.455396588441666,61.268096580505215,61.44925166327534,100.0,100.0,0.0
61.44925166327534,61.644225741359804,61.443106738109016,61.63806193516629,100.0,100.0,0.0
61.63806193516629,61.817289548787585,61.63189812897278,61.811108437943794,100.0,100.0,0.0
61.811108437943794,62.002801664438046,61.8049273271,61.99660200423762,100.0,100.0,0.0
61.99660200423762,62.197164706447275,61.9904023440372,62.190945611886086,100.0,100.0,0.0
62.190945611886086,62.38373601742911,62.1847265173249,62.37749826760235,100.0,100.0,0.0
62.37749826760235,62.57086563438172,62.37126051777559,62.56460917346437,100.0,100.0,0.0
62.56460917346437,62.7684905869084,62.55835271254702,62.762214365471856,100.0,100.0,0.0
62.762214365471856,62.94468853833214,62.75593814403531,62.938394698862254,100.0,100.0,0.0
62.938394698862254,63.134448411636875,62.93210085939237,63.128135598077066,100.0,100.0,0.0
63.128135598077066,63.33444379518001,63.121822784517256,63.3281109840816,100.0,100.0,0.0
63.3281109840816,63.51919920491163,63.32177817298319,63.51284792011962,100.0,100.0,0.0
63.51284792011962,63.71188624551639,63.50649663532761,63.70551569394699,100.0,100.0,0.0
63.70551569394699,63.90677556534294,63.699145142377596,63.90038552679026,100.0,100.0,0.0
63.90038552679026,64.10125665021482,63.89399548823758,64.09484716549828,100.0,100.0,0.0
64.09484716549828,64.29646456521766,64.08843768078174,64.2900355616615,100.0,100.0,0.0
64.2900355616615,64.49976594835546,64.28360655810533,64.49331661669379,100.0,100.0,0.0
64.49331661669379,64.68380703771463,64.48686728503212,64.67733930378425,100.0,100.0,0.0
64.67733930378425,64.8837637029157,64.67087156985387,64.87727597531817,100.0,100.0,0.0
64.87727597531817,65.08790264071966,64.87078824772064,65.08139450126954,100.0,100.0,0.0
65.08139450126954,65.29182793600536,65.07488636181942,65.28529940606475,100.0,100.0,0.0
65.28529940606475,65.48764900705031,65.27877087612414,65.48110089696061,100.0,100.0,0.0
65.48110089696061,65.68474704378293,65.47455278687092,65.67817922586035,100.0,100.0,0.0
65.67817922586035,65.87803414632552,65.67161140793776,65.87144700162536,100.0,100.0,0.0
65.87144700162536,66.07937050722143,65.8648598569252,66.07276323089833,100.0,100.0,0.0
66.07276323089833,66.27807904253609,66.06615595457524,66.27145189734635,100.0,100.0,0.0
66.27145189734635,66.475110747264,66.26482475215661,66.46846390087391,100.0,100.0,0.0
66.46846390087391,66.66960996678475,66.46181705448383,66.66294367241751,100.0,100.0,0.0
66.66294367241751,66.86871445779677,66.65627737805028,66.86202825497128,100.0,100.0,0.0
66.86202825497128,67.08474443062872,66.85534205214579,67.07803662696602,100.0,100.0,0.0
67.07803662696602,67.28057630162348,67.07132882330333,67.27384891673181,100.0,100.0,0.0
67.27384891673181,67.47357931993781,67.26712153184013,67.46683263667414,100.0,100.0,0.0
67.46683263667414,67.67607459381965,67.46008595341047,67.66930766305335,100.0,100.0,0.0
67.66930766305335,67.87150902546665,67.66254073228704,67.86472255321134,100.0,100.0,0.0
67.86472255321134,68.05982693510714,67.85793608095602,68.05302163294384,100.0,100.0,0.0
68.05302163294384,68.26077561535975,68.04621633078054,68.25395022033771,100.0,100.0,0.0
68.25395022033771,68.4594511358665,68.24712482531568,68.45260587527898,100.0,100.0,0.0
68.45260587527898,68.66414308847357,68.44576061469145,68.6572773607375,100.0,100.0,0.0
68.6572773607375,68.86894014668076,68.65041163300143,68.86205394128663,100.0,100.0,0.0
68.86205394128663,69.0799252222733,68.85516773589251,69.07301792048125,100.0,100.0,0.0
69.07301792048125,69.27738416280589,69.0661106186892,69.27045711709418,100.0,100.0,0.0
69.27045711709418,69.48259795545275,69.26353007138248,69.4756503904137,100.0,100.0,0.0
69.4756503904137,69.6875451474249,69.46870282537466,69.68057708971592,100.0,100.0,0.0
69.68057708971592,69.89365250322138,69.67360903200695,69.8866638368377,100.0,100.0,0.0
69.8866638368377,70.11357355305344,69.87967517045402,70.10656289676376,100.0,100.0,0.0
70.10656289676376,70.33497926862967,70.09955224047408,70.32794647398227,100.0,100.0,0.0
70.32794647398227,70.54692987355953,70.32091367933486,70.53987588597094,100.0,100.0,0.0
70.53987588597094,70.76133627809581,70.53282189838235,70.75426085201062,100.0,100.0,0.0
70.75426085201062,70.97823915532487,70.74718542592542,70.97114204112076,100.0,100.0,0.0
70.97114204112076,71.1966023525371,70.96404492691664,71.18948340419668,100.0,100.0,0.0
71.18948340419668,71.1966023525371,70.97501998331039,70.9821181951299,100.0,100.0,0.0
70.9821181951299,70.98921640694941,70.75412838520549,70.76120450565605,100.0,100.0,0.0
70.76120450565605,70.76828062610662,70.5457167088239,70.5527719860225,100.0,100.0,0.0
70.5527719860225,70.55982726322111,70.34064379888152,70.34767856673818,100.0,100.0,0.0
70.34767856673818,70.35471333459485,70.11902375733187,70.12603636096797,100.0,100.0,0.0
70.12603636096797,70.13304896460407,69.90805166238597,69.91504316670265,100.0,100.0,0.0
69.91504316670265,69.92203467101932,69.68562477487207,69.6925940342755,100.0,100.0,0.0
69.6925940342755,69.69956329367893,69.46254715295515,69.46949410236539,100.0,100.0,0.0
69.46949410236539,69.47644105177562,69.2517658301373,69.25869169930724,100.0,100.0,0.0
69.25869169930724,69.26561756847717,69.05006551401657,69.05697121113768,100.0,100.0,0.0
69.05697121113768,69.06387690825879,68.85128667659093,68.85817249384031,100.0,100.0,0.0
68.85817249384031,68.8650583110897,68.64599755659779,68.65286284288207,100.0,100.0,0.0
68.65286284288207,68.65972812916635,68.43217723147399,68.43902113358735,100.0,100.0,0.0
68.43902113358735,68.4458650357007,68.23306251576015,68.23988650441059,100.0,100.0,0.0
68.23988650441059,68.24671049306103,68.02428999978922,68.03109310910013,100.0,100.0,0.0
68.03109310910013,68.03789621841103,67.81993877373516,67.82672144587974,100.0,100.0,0.0
67.82672144587974,67.83350411802432,67.61557303097247,67.62233526449891,100.0,100.0,0.0
67.62233526449891,67.62909749802536,67.42109978403326,67.42784256829009,100.0,100.0,0.0
67.42784256829009,67.43458535254692,67.22882600780078,67.23554956275706,100.0,100.0,0.0
67.23554956275706,67.24227311771334,67.03089003053086,67.03759378990985,100.0,100.0,0.0
67.03759378990985,67.04429754928884,66.83619461025049,66.8428788981403,100.0,100.0,0.0
66.8428788981403,66.84956318603011,66.63561769176847,66.64228191996047,100.0,100.0,0.0
66.64228191996047,66.64894614815246,66.42869599882283,66.43533953277611,100.0,100.0,0.0
66.43533953277611,66.44198306672939,66.22881967678033,66.23544322110244,100.0,100.0,0.0
66.23544322110244,66.24206676542455,66.03783088549072,66.04443532902363,100.0,100.0,0.0
66.04443532902363,66.05103977255654,65.83879436832291,65.84537890621353,100.0,100.0,0.0
65.84537890621353,65.85196344410414,65.63829954154328,65.64486402794607,100.0,100.0,0.0
65.64486402794607,65.65142851434886,65.43948978752898,65.44603439096808,100.0,100.0,0.0
65.44603439096808,65.45257899440718,65.23697858331428,65.24350293360764,100.0,100.0,0.0
65.24350293360764,65.250027283901,65.046888870564,65.053394209985,100.0,100.0,0.0
65.053394209985,65.059899549406,64.86188890782658,64.86837574540112,100.0,100.0,0.0
64.86837574540112,64.87486258297567,64.6622987880285,64.66876566459496,100.0,100.0,0.0
64.66876566459496,64.67523254116142,64.47209739709373,64.4785452516189,100.0,100.0,0.0
64.4785452516189,64.48499310614406,64.26971322832645,64.2761408424107,100.0,100.0,0.0
64.2761408424107,64.28256845649494,64.08328779688313,64.08969676655978,100.0,100.0,0.0
64.08969676655978,64.09610573623644,63.89030247655007,63.896692145764646,100.0,100.0,0.0
63.896692145764646,63.903081814979224,63.6935086343691,63.699878622231324,100.0,100.0,0.0
63.699878622231324,63.706248610093546,63.49897409984033,63.50532463230356,100.0,100.0,0.0
63.50532463230356,63.51167516476679,63.30665754665258,63.312988845537134,100.0,100.0,0.0
63.312988845537134,63.31932014442169,63.1189232191273,63.12523574270157,100.0,100.0,0.0
63.12523574270157,63.131548266275836,62.92329402479138,62.92958698348973,100.0,100.0,0.0
62.92958698348973,62.93587994218807,62.73163080916546,62.73790459962542,100.0,100.0,0.0
62.73790459962542,62.74417839008539,62.53638025980516,62.54263452325749,100.0,100.0,0.0
62.54263452325749,62.54888878670982,62.35427045301947,62.36050650366983,100.0,100.0,0.0
62.36050650366983,62.3667425543202,62.16927625194291,62.17549380132304,100.0,100.0,0.0
62.17549380132304,62.181711350703175,61.986431563921435,61.992630827004135,100.0,100.0,0.0
61.992630827004135,61.998830090086834,61.797900421733914,61.8040808298169,100.0,100.0,0.0
61.8040808298169,61.81026123789988,61.62364815528621,61.62981113639985,100.0,100.0,0.0
61.62981113639985,61.63597411751349,61.43467178394785,61.440815865534404,100.0,100.0,0.0
61.440815865534404,61.44695994712096,61.24496756796974,61.25109267723746,100.0,100.0,0.0
61.25109267723746,61.25721778650518,61.06567095503145,61.071778132844734,100.0,100.0,0.0
61.071778132844734,61.07788531065802,60.875251701665384,60.88133983564895,100.0,100.0,0.0
60.88133983564895,60.88742796963252,60.69936090641355,60.70543144955851,100.0,100.0,0.0
60.70543144955851,60.71150199270347,60.51963093068139,60.52568349903129,100.0,100.0,0.0
60.52568349903129,60.53173606738119,60.3405217912426,60.34655644688729,100.0,100.0,0.0
60.34655644688729,60.35259110253198,60.16611019551166,60.172127408252486,100.0,100.0,0.0
60.172127408252486,60.17814462099331,59.99312538904333,59.999125301573486,100.0,100.0,0.0
59.999125301573486,60.00512521410364,59.8147579494799,59.820740023482244,100.0,100.0,0.0
59.820740023482244,59.82672209748459,59.637410471798844,59.64337480927977,100.0,100.0,0.0
59.64337480927977,59.649339146760695,59.45506198662063,59.46100808742937,100.0,100.0,0.0
59.46100808742937,59.46695418823811,59.26388540462081,59.269812385859396,100.0,100.0,0.0
59.269812385859396,59.275739367097984,59.08388499341131,59.08979397280859,100.0,100.0,0.0
59.08979397280859,59.095702952205876,58.89686178719322,58.90275206239946,100.0,100.0,0.0
58.90275206239946,58.9086423376057,58.71907976507259,58.72495226029862,100.0,100.0,0.0
58.72495226029862,58.73082475552465,58.550906146029526,58.55676182221175,100.0,100.0,0.0
58.55676182221175,58.56261749839397,58.37449776832135,58.38033580190154,100.0,100.0,0.0
58.38033580190154,58.38617383548173,58.202698977068884,58.20851982905179,100.0,100.0,0.0
58.20851982905179,58.21434068103469,58.026586870293215,58.032390109304146,100.0,100.0,0.0
58.032390109304146,58.038193348315076,57.85408980495532,57.859875792534574,100.0,100.0,0.0
57.859875792534574,57.865661780113825,57.67974488249462,57.685513433838,100.0,100.0,0.0
57.685513433838,57.69128198518138,57.51314684115714,57.51889873103024,100.0,100.0,0.0
57.51889873103024,57.524650620903344,57.34141497209419,57.347149687062895,100.0,100.0,0.0
57.347149687062895,57.3528844020316,57.158832188354516,57.164548643218836,100.0,100.0,0.0
57.164548643218836,57.170265098083156,56.982340860529625,56.98803966449607,100.0,100.0,0.0
56.98803966449607,56.99373846846252,56.80992167340435,56.81560323372772,100.0,100.0,0.0
56.81560323372772,56.821284794051095,56.634016880359496,56.63968084844434,100.0,100.0,0.0
56.63968084844434,56.64534481652919,56.46524455550132,56.47089164466579,100.0,100.0,0.0
56.47089164466579,56.47653873383026,56.29358253319118,56.29921245443662,100.0,100.0,0.0
56.29921245443662,56.304842375682064,56.11463636121975,56.12024838605836,100.0,100.0,0.0
56.12024838605836,56.12586041089696,55.95040838633361,55.956003986732284,100.0,100.0,0.0
55.956003986732284,55.961599587130955,55.78127352185341,55.78685220707411,100.0,100.0,0.0
55.78685220707411,55.79243089229482,55.61039473603892,55.61595633167209,100.0,100.0,0.0
55.61595633167209,55.621517927305256,55.444125199836314,55.449670166853,100.0,100.0,0.0
55.449670166853,55.45521513386968,55.27730435980404,55.282832643068346,100.0,100.0,0.0
55.282832643068346,55.28836092633265,55.1053067903432,55.11081787213041,100.0,100.0,0.0
55.11081787213041,55.11632895391762,54.93881692623727,54.94431135737301,100.0,100.0,0.0
54.94431135737301,54.94980578850875,54.767498325005576,54.772975622567834,100.0,100.0,0.0
54.772975622567834,54.77845292013009,54.614328453030694,54.6197904320739,100.0,100.0,0.0
54.6197904320739,54.6252524111171,54.4502676290475,54.45571320036754,100.0,100.0,0.0
54.45571320036754,54.46115877168758,54.28875332287604,54.29418274115015,100.0,100.0,0.0
54.29418274115015,54.468666427384136,54.28875332287604,54.4632201053736,100.0,100.0,0.0
54.4632201053736,54.64022708993785,54.457773783363066,54.634763613576496,100.0,100.0,0.0
54.634763613576496,54.802473107436775,54.62930013721514,54.796993408095965,100.0,100.0,0.0
54.796993408095965,54.97536331924782,54.791513708755154,54.96986633261456,100.0,100.0,0.0
54.96986633261456,55.128381918832396,54.9643693459813,55.12286963186921,100.0,100.0,0.0
55.12286963186921,55.30034423165461,55.11735734490602,55.2948147501796,100.0,100.0,0.0
55.2948147501796,55.47705933494024,55.28928526870458,55.47151218372187,100.0,100.0,0.0
55.47151218372187,55.646322657811396,55.4659650325035,55.6407585819532,100.0,100.0,0.0
55.6407585819532,55.81645371389916,55.635194506095004,55.810872626636495,100.0,100.0,0.0
55.810872626636495,55.98714484977284,55.80529153937383,55.98154669510333,100.0,100.0,0.0
55.98154669510333,56.15000296832933,55.975948540433826,56.14438852947639,100.0,100.0,0.0
56.14438852947639,56.315686838992974,56.13877409062344,56.310055833409635,100.0,100.0,0.0
56.310055833409635,56.484154552667846,56.304424827826296,56.478506701997645,100.0,100.0,0.0
56.478506701997645,56.66083836991924,56.472858851327445,56.655172852633974,100.0,100.0,0.0
56.655172852633974,56.83593092351918,56.64950733534871,56.830247898729304,100.0,100.0,0.0
56.830247898729304,57.01137585991923,56.82456487393943,57.00567529238999,100.0,100.0,0.0
57.00567529238999,57.18610669584657,56.99997472486075,57.180388656980874,100.0,100.0,0.0
57.180388656980874,57.35940679373895,57.17467061811518,57.353671426596286,100.0,100.0,0.0
57.353671426596286,57.53243360028222,57.34793605945362,57.526680932189,100.0,100.0,0.0
57.526680932189,57.70215294212563,57.52092826409579,57.69638330379525,100.0,100.0,0.0
57.69638330379525,57.87211441019659,57.69061366546487,57.866327777418846,100.0,100.0,0.0
57.866327777418846,58.04868791526078,57.860541144641104,58.04288362689809,100.0,100.0,0.0
58.04288362689809,58.23203627910989,58.0370793385354,58.22621365774412,100.0,100.0,0.0
58.22621365774412,58.40679696877178,58.220391036378345,58.400956873084475,100.0,100.0,0.0
58.400956873084475,58.5901153182393,58.39511677739717,58.584256892550044,100.0,100.0,0.0
58.584256892550044,58.76852332719856,58.57839846686079,58.76264706249231,100.0,100.0,0.0
58.76264706249231,58.9391091059042,58.75677079778607,58.93321578432577,100.0,100.0,0.0
58.93321578432577,59.11413377527403,58.927322462747334,59.10822295297873,100.0,100.0,0.0
59.10822295297873,59.29736837285448,59.10231213068343,59.29143922893159,100.0,100.0,0.0
59.29143922893159,59.47541616835422,59.285510085008696,59.46946922143208,100.0,100.0,0.0
59.46946922143208,59.65146313392211,59.463522274509934,59.6454985840637,100.0,100.0,0.0
59.6454985840637,59.83196869576716,59.6395340342053,59.82598609715745,100.0,100.0,0.0
59.82598609715745,60.011438185080614,59.820003498547734,60.00543764131648,100.0,100.0,0.0
60.00543764131648,60.19026548387189,59.99943709755235,60.184247059165976,100.0,100.0,0.0
60.184247059165976,60.361838086896036,60.17822863446006,60.355802506645375,100.0,100.0,0.0
60.355802506645375,60.5418776612427,60.349766926394715,60.53582407883482,100.0,100.0,0.0
60.53582407883482,60.721270311054475,60.52977049642694,60.71519879117536,100.0,100.0,0.0
60.71519879117536,60.90674652971502,60.709127271296246,60.90065646406862,100.0,100.0,0.0
60.90065646406862,61.09220510205353,60.894566398422214,61.086096492404295,100.0,100.0,0.0
61.086096492404295,61.27527688273019,61.079987882755056,61.26914996773342,100.0,100.0,0.0
61.26914996773342,61.47249625870018,61.26302305273665,61.46634962373781,100.0,100.0,0.0
61.46634962373781,61.661108116020124,61.46020298877544,61.65494262175795,100.0,100.0,0.0
61.65494262175795,61.849431119870104,61.64877712749577,61.84324679519059,100.0,100.0,0.0
61.84324679519059,62.022993818925194,61.83706247051107,62.01679213971122,100.0,100.0,0.0
62.01679213971122,62.19729372725289,62.01059046049725,62.19107461979091,100.0,100.0,0.0
62.19107461979091,62.38943098038162,62.18485551232893,62.38319266111551,100.0,100.0,0.0
62.38319266111551,62.56913753456345,62.3769543418494,62.562881246438806,100.0,100.0,0.0
62.562881246438806,62.75155221830492,62.55662495831416,62.74527769053587,100.0,100.0,0.0
62.74527769053587,62.93462951074704,62.73900316276682,62.92833667707933,100.0,100.0,0.0
62.92833667707933,63.1281585368144,62.92204384341162,63.121846352179176,100.0,100.0,0.0
63.121846352179176,63.32157349642474,63.115534167543956,63.31524197222752,100.0,100.0,0.0
63.31524197222752,63.51419230408716,63.308910448030296,63.50784151993517,100.0,100.0,0.0
63.50784151993517,63.708085633074134,63.50149073578318,63.70171546152798,100.0,100.0,0.0
63.70171546152798,63.89255890233506,63.69534528998183,63.886170285306534,100.0,100.0,0.0
63.886170285306534,64.08422635645002,63.87978166827801,64.07781857459256,100.0,100.0,0.0
64.07781857459256,64.2912596145769,64.0714107927351,64.28483113146376,100.0,100.0,0.0
64.28483113146376,64.47887580166127,64.27840264835062,64.47242855880539,100.0,100.0,0.0
64.47242855880539,64.66130598120964,64.4659813159495,64.65484049715992,100.0,100.0,0.0
64.65484049715992,64.84837120479683,64.64837501311021,64.84188701609523,100.0,100.0,0.0
64.84188701609523,65.03806189550464,64.83540282739362,65.03155873963068,100.0,100.0,0.0
65.03155873963068,65.23094288813253,65.02505558375672,65.22442044608792,100.0,100.0,0.0
65.22442044608792,65.42881681866771,65.2178980040433,65.42227459120859,100.0,100.0,0.0
65.42227459120859,65.62773729976931,65.41573236374947,65.62117518225108,100.0,100.0,0.0
65.62117518225108,65.82333765039765,65.61461306473285,65.81675597480017,100.0,100.0,0.0
65.81675597480017,66.02165441259518,65.8101742992027,66.01505290730445,100.0,100.0,0.0
66.01505290730445,66.21839428970837,66.00845140201372,66.21177311239713,100.0,100.0,0.0
66.21177311239713,66.41028102028434,66.20515193508588,66.40364065621873,100.0,100.0,0.0
66.40364065621873,66.61053408738714,66.39700029215311,66.60387370001713,100.0,100.0,0.0
66.60387370001713,66.81722075391389,66.59721331264713,66.81053969994389,100.0,100.0,0.0
66.81053969994389,67.0267693468843,66.80385864597389,67.02006734015028,100.0,100.0,0.0
67.02006734015028,67.0267693468843,66.80458131855703,66.8112624448015,100.0,100.0,0.0
66.8112624448015,66.81794357104597,66.60771436668337,66.61437580426379,100.0,100.0,0.0
66.61437580426379,66.6210372418442,66.40624703256104,66.41288832139318,100.0,100.0,0.0
66.41288832139318,66.41952961022533,66.20423492206623,66.210856007667,100.0,100.0,0.0
66.210856007667,66.21747709326777,66.0017716117941,66.008372449039,100.0,100.0,0.0
66.008372449039,66.0149732862839,65.80788622137777,65.81446766814459,100.0,100.0,0.0
65.81446766814459,65.8210491149114,65.60478863504956,65.61134977002656,100.0,100.0,0.0
65.61134977002656,65.61791090500357,65.39629747979424,65.4028377635706,100.0,100.0,0.0
65.4028377635706,65.40937804734696,65.1961662046604,65.20268647330774,100.0,100.0,0.0
65.20268647330774,65.20920674195507,65.00882346466462,65.01532499716433,100.0,100.0,0.0
65.01532499716433,65.02182652966404,64.8114563152778,64.8179381090887,100.0,100.0,0.0
64.8179381090887,64.8244199028996,64.61817423987563,64.62463670354599,100.0,100.0,0.0
64.62463670354599,64.63109916721635,64.42251851586671,64.42896141200791,100.0,100.0,0.0
64.42896141200791,64.4354043081491,64.23650395049431,64.24292824331864,100.0,100.0,0.0
64.24292824331864,64.24935253614298,64.04709933751093,64.05350468797972,100.0,100.0,0.0
64.05350468797972,64.05991003844852,63.8707098078653,63.87709751761707,100.0,100.0,0.0
63.87709751761707,63.88348522736883,63.68370348285109,63.69007249010009,100.0,100.0,0.0
63.69007249010009,63.6964414973491,63.484139113097534,63.490488161913724,100.0,100.0,0.0
63.490488161913724,63.496837210729915,63.29378057867783,63.3001105897368,100.0,100.0,0.0
63.3001105897368,63.306440600795774,63.11369435007662,63.12000635071169,100.0,100.0,0.0
63.12000635071169,63.12631835134676,62.91331234909671,62.91960430952766,100.0,100.0,0.0
62.91960430952766,62.925896269958606,62.73625818976355,62.742532443007846,100.0,100.0,0.0
62.742532443007846,62.748806696252146,62.54764896981202,62.55390436024805,100.0,100.0,0.0
62.55390436024805,62.56015975068407,62.35594642652653,62.362182644791005,100.0,100.0,0.0
62.362182644791005,62.36841886305548,62.163847286790016,62.17006429321934,100.0,100.0,0.0
62.17006429321934,62.176281299648664,61.975926729109126,61.98212494160329,100.0,100.0,0.0
61.98212494160329,61.98832315409745,61.79009652285719,61.79627615047224,100.0,100.0,0.0
61.79627615047224,61.802455778087285,61.59986341866682,61.606024021068926,100.0,100.0,0.0
61.606024021068926,61.61218462347103,61.41276271443979,61.418904604900284,100.0,100.0,0.0
61.418904604900284,61.425046495360775,61.23770109137476,61.24382547392215,100.0,100.0,0.0
61.24382547392215,61.24994985646954,61.04859745170315,61.05470292199535,100.0,100.0,0.0
61.05470292199535,61.06080839228755,60.86519678033583,60.8712839087267,100.0,100.0,0.0
60.8712839087267,60.87737103711758,60.68740677287392,60.69347612048597,100.0,100.0,0.0
60.69347612048597,60.699545468098016,60.51507469348389,60.5211268061645,100.0,100.0,0.0
60.5211268061645,60.52717891884512,60.3318141209276,60.33784790571818,100.0,100.0,0.0
60.33784790571818,60.34388169050875,60.15210399906619,60.15811981104729,100.0,100.0,0.0
60.15811981104729,60.16413562302839,59.9650110228502,59.971008123662564,100.0,100.0,0.0
59.971008123662564,59.97700522447493,59.786426738885176,59.79240597948312,100.0,100.0,0.0
59.79240597948312,59.798385220081066,59.60942867415095,59.61539021317226,100.0,100.0,0.0
59.61539021317226,59.621351752193576,59.432292297133564,59.438236120745636,100.0,100.0,0.0
59.438236120745636,59.44417994435771,59.252024227329706,59.25795002233194,100.0,100.0,0.0
59.25795002233194,59.263875817334174,59.075689464842014,59.08159762460448,100.0,100.0,0.0
59.08159762460448,59.08750578436694,58.8888349732854,58.89472444572997,100.0,100.0,0.0
58.89472444572997,58.90061391817454,58.71803951422702,58.723911905417566,100.0,100.0,0.0
58.723911905417566,58.72978429660811,58.5337800760273,58.53963403943124,100.0,100.0,0.0
58.53963403943124,58.545488002835185,58.351931344625825,58.35776712133796,100.0,100.0,0.0
58.35776712133796,58.36360289805009,58.167749463147125,58.173566819829105,100.0,100.0,0.0
58.173566819829105,58.179384176511086,57.98918078905036,57.994980287079066,100.0,100.0,0.0
57.994980287079066,58.000779785107774,57.81617058003241,57.821952775309946,100.0,100.0,0.0
57.821952775309946,57.82773497058748,57.64946341425111,57.65522893714482,100.0,100.0,0.0
57.65522893714482,57.66099446003853,57.48648961229516,57.49223883617878,100.0,100.0,0.0
57.49223883617878,57.4979880600624,57.32218421527904,57.32791700697973,100.0,100.0,0.0
57.32791700697973,57.333649798680426,57.15087710810136,57.1565927673781,100.0,100.0,0.0
57.1565927673781,57.16230842665484,56.975315258070914,56.98101335940685,100.0,100.0,0.0
56.98101335940685,56.98671146074279,56.80244866452536,56.8081294774731,100.0,100.0,0.0
56.8081294774731,56.81381029042085,56.63160677945932,56.63727050650997,100.0,100.0,0.0
56.63727050650997,56.642934233560624,56.46462084905878,56.47026787584637,100.0,100.0,0.0
56.47026787584637,56.47591490263395,56.294583719924226,56.30021374129836,100.0,100.0,0.0
56.30021374129836,56.4784582923786,56.294583719924226,56.47281101127747,100.0,100.0,0.0
56.47281101127747,56.63985882190821,56.467163730176345,56.63419540236798,100.0,100.0,0.0
56.63419540236798,56.80801557109156,56.628531982827745,56.80233533755781,100.0,100.0,0.0
56.80233533755781,56.97547937936628,56.796655104024055,56.96978240112617,100.0,100.0,0.0
56.96978240112617,57.143899728328655,56.96408542288606,57.13818590973768,100.0,100.0,0.0
57.13818590973768,57.31580163559791,57.1324720911467,57.31007062853505,100.0,100.0,0.0
57.31007062853505,57.488615909451696,57.304339621472195,57.482867622689426,100.0,100.0,0.0
57.482867622689426,57.662761314127565,57.477119335927156,57.65699561456611,100.0,100.0,0.0
57.65699561456611,57.835155951824966,57.65122991500465,57.82937301452351,100.0,100.0,0.0
57.82937301452351,58.012475832251475,57.82359007722206,58.006675164735,100.0,100.0,0.0
58.006675164735,58.18542878130435,58.000874497218526,58.17961082022233,100.0,100.0,0.0
58.17961082022233,58.35398589729693,58.173792859140306,58.348151082188714,100.0,100.0,0.0
58.348151082188714,58.53380245904946,58.3423162670805,58.52794966408305,100.0,100.0,0.0
58.52794966408305,58.70399716505211,58.522096869116645,58.698127352316874,100.0,100.0,0.0
58.698127352316874,58.888890440565845,58.69225753958164,58.88300214035181,100.0,100.0,0.0
58.88300214035181,59.058929891690546,58.87711384013778,59.053024589231626,100.0,100.0,0.0
59.053024589231626,59.23104961730926,59.047119286772705,59.2251271045988,100.0,100.0,0.0
59.2251271045988,59.411813811117106,59.219204591888335,59.40587322379473,100.0,100.0,0.0
59.40587322379473,59.59384960951042,59.39993263647235,59.58789082042838,100.0,100.0,0.0
59.58789082042838,59.772354548903785,59.581932031346334,59.76637791111268,100.0,100.0,0.0
59.76637791111268,59.95397813482499,59.76040127332157,59.94798333649135,100.0,100.0,0.0
59.94798333649135,60.141686227430306,59.9419885381577,60.13567266016429,100.0,100.0,0.0
60.13567266016429,60.33030080294919,60.12965909289827,60.324268376111576,100.0,100.0,0.0
60.324268376111576,60.50350424854982,60.31823594927396,60.497454503099505,100.0,100.0,0.0
60.497454503099505,60.69220086252339,60.49140475764919,60.68613224929847,100.0,100.0,0.0
60.68613224929847,60.86943727802092,60.68006363607354,60.86335094292662,100.0,100.0,0.0
60.86335094292662,61.05526536669632,60.85726460783233,61.04916045065125,100.0,100.0,0.0
61.04916045065125,61.249276591777424,61.04305553460618,61.24315227654977,100.0,100.0,0.0
61.24315227654977,61.432717371221656,61.23702796132212,61.426574713750284,100.0,100.0,0.0
61.426574713750284,61.612386911475014,61.42043205627891,61.60622628884613,100.0,100.0,0.0
61.60622628884613,61.79509754707221,61.60006566621725,61.78891865520669,100.0,100.0,0.0
61.78891865520669,61.974699791687605,61.782739763341176,61.96850294139347,100.0,100.0,0.0
61.96850294139347,62.16438394819406,61.96230609109933,62.15816813138092,100.0,100.0,0.0
62.15816813138092,62.34832561234027,62.15195231456778,62.34209140319995,100.0,100.0,0.0
62.34209140319995,62.52554857517505,62.335857194059635,62.5192966455105,100.0,100.0,0.0
62.5192966455105,62.70924769627436,62.51304471584595,62.70297739853451,100.0,100.0,0.0
62.70297739853451,62.893595884830056,62.696707100794654,62.887307154114644,100.0,100.0,0.0
62.887307154114644,63.086314195034745,62.88101842339923,63.080006194415304,100.0,100.0,0.0
63.080006194415304,63.279775295036096,63.07369819379586,63.27344795024107,100.0,100.0,0.0
63.27344795024107,63.47131645345184,63.267120605446046,63.464969956456194,100.0,100.0,0.0
63.464969956456194,63.665326751844674,63.45862345946055,63.6589608557591,100.0,100.0,0.0
63.6589608557591,63.85691176346179,63.65259495967352,63.85052671079071,100.0,100.0,0.0
63.85052671079071,64.0545495014801,63.84414165811963,64.0481446870114,100.0,100.0,0.0
64.0481446870114,64.24074756757875,64.0417398725427,64.23432413516524,100.0,100.0,0.0
64.23432413516524,64.44350803126439,64.22790070275173,64.43706432483191,100.0,100.0,0.0
64.43706432483191,64.62725092389267,64.43062061839943,64.62078884500818,100.0,100.0,0.0
64.62078884500818,64.81359763383172,64.61432676612368,64.8071169221395,100.0,100.0,0.0
64.8071169221395,65.0131683528577,64.80063621044728,65.0066676860891,100.0,100.0,0.0
65.0066676860891,65.20932007736451,65.0001670193205,65.20279979738477,100.0,100.0,0.0
65.20279979738477,65.40363082633054,65.19627951740503,65.39709111721882,100.0,100.0,0.0
65.39709111721882,65.60693252710703,65.3905514081071,65.60037248985805,100.0,100.0,0.0
65.60037248985805,65.81452512867168,65.59381245260906,65.80794433423826,100.0,100.0,0.0
65.80794433423826,66.01063969638781,65.80136353980484,66.00403929245857,100.0,100.0,0.0
66.00403929245857,66.21476051892232,65.99743888852933,66.20813970495182,100.0,100.0,0.0
66.20813970495182,66.41535675352323,66.20151889098132,66.40871588193504,100.0,100.0,0.0
66.40871588193504,66.60480378892332,66.40207501034685,66.59814397452587,100.0,100.0,0.0
66.59814397452587,66.80583665648935,66.59148416012842,66.79915674081526,100.0,100.0,0.0
66.79915674081526,66.80583665648935,66.59871747683515,66.60537801463661,100.0,100.0,0.0
66.60537801463661,66.61203855243808,66.39604439282019,66.40268466128632,100.0,100.0,0.0
66.40268466128632,66.40932492975244,66.20644183525462,66.21306314156878,100.0,100.0,0.0
66.21306314156878,66.21968444788294,66.00921226131739,66.01581384270166,100.0,100.0,0.0
66.01581384270166,66.02241542408593,65.81793941994323,65.82452187213045,100.0,100.0,0.0
65.82452187213045,65.83110432431766,65.62122495977422,65.62778773854808,100.0,100.0,0.0
65.62778773854808,65.63435051732193,65.42510528673823,65.43164845158338,100.0,100.0,0.0
65.43164845158338,65.43819161642854,65.23282750515423,65.23935144029826,100.0,100.0,0.0
65.23935144029826,65.2458753754423,65.02831646693471,65.03481994892961,100.0,100.0,0.0
65.03481994892961,65.0413234309245,64.82997038229908,64.83645402770185,100.0,100.0,0.0
64.83645402770185,64.84293767310461,64.64252728406969,64.64899218328802,100.0,100.0,0.0
64.64899218328802,64.65545708250635,64.44942096584597,64.45586655250122,100.0,100.0,0.0
64.45586655250122,64.46231213915647,64.25341070355701,64.25983668722573,100.0,100.0,0.0
64.25983668722573,64.26626267089445,64.06290054719449,64.06930747794227,100.0,100.0,0.0
64.06930747794227,64.07571440869006,63.88281463017288,63.88920355052793,100.0,100.0,0.0
63.88920355052793,63.89559247088298,63.67913095434415,63.68549950429458,100.0,100.0,0.0
63.68549950429458,63.69186805424501,63.48857682422906,63.49492631686074,100.0,100.0,0.0
63.49492631686074,63.50127580949243,63.296015065044536,63.30234529957449,100.0,100.0,0.0
63.30234529957449,63.308675534104445,63.10027313124496,63.106583789623926,100.0,100.0,0.0
63.106583789623926,63.11289444800289,62.92332225797688,62.92961521949883,100.0,100.0,0.0
62.92961521949883,62.93590818102078,62.7329643900642,62.739238313895584,100.0,100.0,0.0
62.739238313895584,62.74551223772697,62.551656578866655,62.557912370103665,100.0,100.0,0.0
62.557912370103665,62.564168161340675,62.356470733709045,62.362707004409486,100.0,100.0,0.0
62.362707004409486,62.36894327510993,62.160705513332424,62.16692220555298,100.0,100.0,0.0
62.16692220555298,62.17313889777353,61.96076263501352,61.966959330946615,100.0,100.0,0.0
61.966959330946615,61.97315602687971,61.78075202147788,61.786930714549335,100.0,100.0,0.0
61.786930714549335,61.79310940762079,61.609823862491545,61.615985461037646,100.0,100.0,0.0
61.615985461037646,61.622147059583746,61.43139880863727,61.437542562893555,100.0,100.0,0.0
61.437542562893555,61.44368631714984,61.245233064453124,61.25135820027315,100.0,100.0,0.0
61.25135820027315,61.25748333609318,61.05784895409198,61.063955349626944,100.0,100.0,0.0
61.063955349626944,61.07006174516191,60.87586265352446,60.881950848609314,100.0,100.0,0.0
60.881950848609314,60.88803904369417,60.695309032558605,60.701379170475654,100.0,100.0,0.0
60.701379170475654,60.707449308392704,60.50373325750074,60.509784235924336,100.0,100.0,0.0
60.509784235924336,60.51583521434793,60.33242370077608,60.338457546530734,100.0,100.0,0.0
60.338457546530734,60.344491392285384,60.15101704503014,60.157032748304964,100.0,100.0,0.0
60.157032748304964,60.16304845157979,59.97630725533542,59.982305485884005,100.0,100.0,0.0
59.982305485884005,59.98830371643259,59.80870004153076,59.81468150968173,100.0,100.0,0.0
59.81468150968173,59.820662977832704,59.63981763499571,59.64578221321703,100.0,100.0,0.0
59.64578221321703,59.651746791438356,59.4551772894693,59.46112340180948,100.0,100.0,0.0
59.46112340180948,59.467069514149664,59.27133871278929,59.27726643943323,100.0,100.0,0.0
59.27726643943323,59.283194166077166,59.08431787627229,59.090226898962186,100.0,100.0,0.0
59.090226898962186,59.096135921652085,58.914453427982075,58.920345462528324,100.0,100.0,0.0
58.920345462528324,58.926237497074574,58.728520657805916,58.734394097215635,100.0,100.0,0.0
58.734394097215635,58.74026753662535,58.555546958779686,58.561403099089596,100.0,100.0,0.0
58.561403099089596,58.567259239399505,58.37589356833661,58.381731741510755,100.0,100.0,0.0
58.381731741510755,58.3875699146849,58.201237137681595,58.20705784346594,100.0,100.0,0.0
58.20705784346594,58.212878549250284,58.022563080578514,58.028365917170234,100.0,100.0,0.0
58.028365917170234,58.03416875376195,57.84478710834557,57.85057216556213,100.0,100.0,0.0
57.85057216556213,57.85635722277868,57.67691941442541,57.682687683193734,100.0,100.0,0.0
57.682687683193734,57.688455951962055,57.50586422620277,57.51161538774154,100.0,100.0,0.0
57.51161538774154,57.51736654928032,57.332652222249315,57.3383860608554,100.0,100.0,0.0
57.3383860608554,57.34411989946148,57.16497327930181,57.17069034833664,100.0,100.0,0.0
57.17069034833664,57.17640741737147,56.98670893466782,56.992408175485366,100.0,100.0,0.0
56.992408175485366,56.998107416302915,56.818146280107214,56.82382866297351,100.0,100.0,0.0
56.82382866297351,56.82951104583981,56.643031656099154,56.64869652575173,100.0,100.0,0.0
56.64869652575173,56.65436139540431,56.47352471598047,56.47917263324379,100.0,100.0,0.0
56.47917263324379,56.484820550507116,56.30560177944002,56.31123290273029,100.0,100.0,0.0
56.31123290273029,56.31686402602056,56.142225785571924,56.14784056962888,100.0,100.0,0.0
56.14784056962888,56.15345535368584,55.96966198924755,55.97525951519907,100.0,100.0,0.0
55.97525951519907,55.98085704115059,55.801162574718,55.8067432490429,100.0,100.0,0.0
55.8067432490429,55.812323923367806,55.624889583568056,55.63045262883094,100.0,100.0,0.0
55.63045262883094,55.63601567409382,55.45820989662425,55.46375627225147,100.0,100.0,0.0
55.46375627225147,55.4693026478787,55.29845412808593,55.303984526538585,100.0,100.0,0.0
55.303984526538585,55.30951492499124,55.144656677630444,55.15017169479992,100.0,100.0,0.0
55.15017169479992,55.1556867119694,54.979844791671006,54.98534332600361,100.0,100.0,0.0
54.98534332600361,54.99084186033621,54.80812161825219,54.813602978550044,100.0,100.0,0.0
54.813602978550044,54.8190843388479,54.64941765059506,54.65488313890895,100.0,100.0,0.0
54.65488313890895,54.66034862722284,54.48484043707478,54.49028946602138,100.0,100.0,0.0
54.49028946602138,54.49573849496798,54.32385761775979,54.32929054681447,100.0,100.0,0.0
54.32929054681447,54.33472347586915,54.165031948300346,54.17044899319966,100.0,100.0,0.0
54.17044899319966,54.17586603809898,54.00619274907823,54.01159390846908,100.0,100.0,0.0
54.01159390846908,54.01699506785993,53.83642732610028,53.841811507251,100.0,100.0,0.0
53.841811507251,53.847195688401726,53.67701971454453,53.68238795333986,100.0,100.0,0.0
53.68238795333986,53.6877561921352,53.5100972924735,53.51544883735724,100.0,100.0,0.0
53.51544883735724,53.52080038224098,53.35412909757816,53.35946504408257,100.0,100.0,0.0
53.35946504408257,53.36480099058698,53.203291103252226,53.20861196444867,100.0,100.0,0.0
53.20861196444867,53.21393282564512,53.046655763050616,53.05196095914653,100.0,100.0,0.0
53.05196095914653,53.05726615524244,52.87570678028717,52.880994879775145,100.0,100.0,0.0
52.880994879775145,52.88628297926312,52.7218483366984,52.72712104880328,100.0,100.0,0.0
52.72712104880328,52.73239376090817,52.561895180893885,52.567151896083494,100.0,100.0,0.0
52.567151896083494,52.572408611273104,52.410102902521196,52.415344436964894,100.0,100.0,0.0
52.415344436964894,52.42058597140859,52.263783126584045,52.2690100275868,100.0,100.0,0.0
52.2690100275868,52.27423692858956,52.11373671631236,52.11894861117348,100.0,100.0,0.0
52.11894861117348,52.1241605060346,51.95471513116817,51.9599111222804,100.0,100.0,0.0
51.9599111222804,51.965107113392634,51.79172175355587,51.796901443700236,100.0,100.0,0.0
51.796901443700236,51.8020811338446,51.6369679760381,51.642132189257026,100.0,100.0,0.0
51.642132189257026,51.64729640247595,51.47816570203721,51.48331403344055,100.0,100.0,0.0
51.48331403344055,51.48846236484389,51.33252908973799,51.33766285602359,100.0,100.0,0.0
51.33766285602359,51.342796622309194,51.18384340512259,51.188962301352724,100.0,100.0,0.0
51.188962301352724,51.19408119758286,51.02656924076616,51.031672408006955,100.0,100.0,0.0
51.031672408006955,51.19508827853193,51.02656924076616,51.189969281603766,100.0,100.0,0.0
51.189969281603766,51.34604294669972,51.184850284675605,51.340908855814135,100.0,100.0,0.0
51.340908855814135,51.50583657787309,51.33577476492855,51.50068650922217,100.0,100.0,0.0
51.50068650922217,51.65859553103789,51.49553644057125,51.65343018801909,100.0,100.0,0.0
51.65343018801909,51.81850192067971,51.648264845000284,51.81332058862085,100.0,100.0,0.0
51.81332058862085,51.97037218970179,51.80813925656199,51.96517567213458,100.0,100.0,0.0
51.96517567213458,52.11812841537035,51.959979154567364,52.11291712365799,100.0,100.0,0.0
52.11291712365799,52.26788940589249,52.10770583194562,52.262663139578535,100.0,100.0,0.0
52.262663139578535,52.42272111243001,52.25743687326458,52.41747936449356,100.0,100.0,0.0
52.41747936449356,52.57992736249341,52.41223761655711,52.57466989550386,100.0,100.0,0.0
52.57466989550386,52.72905706270959,52.56941242851431,52.72378468424117,100.0,100.0,0.0
52.72378468424117,52.88699330135067,52.71851230577274,52.88170513083759,100.0,100.0,0.0
52.88170513083759,53.05008184125995,52.876416960324505,53.0447773635236,100.0,100.0,0.0
53.0447773635236,53.21421175348516,53.03947288578725,53.20889086439872,100.0,100.0,0.0
53.20889086439872,53.371258513336414,53.20356997531228,53.3659219211443,100.0,100.0,0.0
53.3659219211443,53.5230120182938,53.36058532895218,53.51766025226857,100.0,100.0,0.0
53.51766025226857,53.697536749819136,53.51230848624334,53.69216753306583,100.0,100.0,0.0
53.69216753306583,53.85067734076617,53.68679831631252,53.845292811485024,100.0,100.0,0.0
53.845292811485024,54.01260523632704,53.83990828220388,54.00720451587545,100.0,100.0,0.0
54.00720451587545,54.18374985236812,54.00180379542386,54.178332019166206,100.0,100.0,0.0
54.178332019166206,54.344510101991126,54.17291418596429,54.33907619437169,100.0,100.0,0.0
54.33907619437169,54.50794308456882,54.33364228675226,54.502492835285295,100.0,100.0,0.0
54.502492835285295,54.66916133390229,54.49704258600177,54.66369496440585,100.0,100.0,0.0
54.66369496440585,54.83367972108294,54.65822859490941,54.8281969013928,100.0,100.0,0.0
54.8281969013928,55.001439731903545,54.822714081702664,54.995940137889754,100.0,100.0,0.0
54.995940137889754,55.1680442685748,54.99044054387596,55.162528015773226,100.0,100.0,0.0
55.162528015773226,55.32840815878621,55.15701176297165,55.32287587119909,100.0,100.0,0.0
55.32287587119909,55.499347646744894,55.317343583611965,55.493798266918205,100.0,100.0,0.0
55.493798266918205,55.6731150206296,55.488248887091515,55.66754826580302,100.0,100.0,0.0
55.66754826580302,55.83218261809802,55.66198151097644,55.82659995810221,100.0,100.0,0.0
55.82659995810221,55.993353321145094,55.8210172981064,55.98775454569053,100.0,100.0,0.0
55.98775454569053,56.161845303655284,55.98215577023596,56.15622968068722,100.0,100.0,0.0
56.15622968068722,56.33235752376795,56.15061405771915,56.326724851282826,100.0,100.0,0.0
56.326724851282826,56.508092922730576,56.3210921787977,56.50244267846273,100.0,100.0,0.0
56.50244267846273,56.68009712212833,56.49679243419488,56.67442967916042,100.0,100.0,0.0
56.67442967916042,56.847670979182965,56.66876223619251,56.84198678050492,100.0,100.0,0.0
56.84198678050492,57.02638368225092,56.83630258182687,57.02068161408952,100.0,100.0,0.0
57.02068161408952,57.19854830398016,57.014979545928114,57.192829021078055,100.0,100.0,0.0
57.192829021078055,57.375447209233,57.18710973817595,57.36971023820918,100.0,100.0,0.0
57.36971023820918,57.54333399808571,57.36397326718536,57.5375802400617,100.0,100.0,0.0
57.5375802400617,57.718731789935745,57.531826482037694,57.71296049388636,100.0,100.0,0.0
57.71296049388636,57.89611804882484,57.70718919783697,57.89032901592325,100.0,100.0,0.0
57.89032901592325,58.084860408030075,57.88453998302166,58.079052502779795,100.0,100.0,0.0
58.079052502779795,58.25502165826276,58.073244597529516,58.24919673858891,100.0,100.0,0.0
58.24919673858891,58.434115287621886,58.24337181891505,58.42827246037585,100.0,100.0,0.0
58.42827246037585,58.6151013638412,58.422429633129816,58.60924043979722,100.0,100.0,0.0
58.60924043979722,58.79477722811214,58.60337951575324,58.78889833827831,100.0,100.0,0.0
58.78889833827831,58.969339331879006,58.78301944844448,58.96344298758025,100.0,100.0,0.0
58.96344298758025,59.14563899799212,58.957546643281496,59.139725025489575,100.0,100.0,0.0
59.139725025489575,59.32464738883779,59.13381105298703,59.31871551728606,100.0,100.0,0.0
59.31871551728606,59.50600036764096,59.31278364573433,59.500050362604696,100.0,100.0,0.0
59.500050362604696,59.69393899585016,59.494100357568435,59.68797019883028,100.0,100.0,0.0
59.68797019883028,59.87749415583124,59.682001401810396,59.87150700513073,100.0,100.0,0.0
59.87150700513073,60.05060705542852,59.86551985443022,60.044602595169,100.0,100.0,0.0
60.044602595169,60.22056800183859,60.038598134909485,60.21454654718388,100.0,100.0,0.0
60.21454654718388,60.40189015640922,60.208525092529165,60.39585057135209,100.0,100.0,0.0
60.39585057135209,60.58344747112144,60.38981098629496,60.57738973214823,100.0,100.0,0.0
60.57738973214823,60.58344747112144,60.39396711973715,60.400007120449196,100.0,100.0,0.0
60.400007120449196,60.406047121161244,60.213121139094824,60.21914305340016,100.0,100.0,0.0
60.21914305340016,60.225164967705496,60.026598892691716,60.032602152907,100.0,100.0,0.0
60.032602152907,60.03860541312229,59.84284806010051,59.84883294339485,100.0,100.0,0.0
59.84883294339485,59.854817826689185,59.661122709649725,59.66708941859158,100.0,100.0,0.0
59.66708941859158,59.673056127533435,59.4755719189719,59.481520070979,100.0,100.0,0.0
59.481520070979,59.4874682229861,59.29328356942793,59.29921349077701,100.0,100.0,0.0
59.29921349077701,59.305143412126085,59.11574234723535,59.12165451268662,100.0,100.0,0.0
59.12165451268662,59.12756667813789,58.93542983464171,58.941323967038414,100.0,100.0,0.0
58.941323967038414,58.94721809943512,58.76080966493527,58.76668633356863,100.0,100.0,0.0
58.76668633356863,58.772563002201984,58.58793176735797,58.59379114647262,100.0,100.0,0.0
58.59379114647262,58.599650525587265,58.41541414107878,58.42125626670545,100.0,100.0,0.0
58.42125626670545,58.42709839233212,58.24103945264668,58.246864139060584,100.0,100.0,0.0
58.246864139060584,58.252688825474486,58.06332612180102,58.06913303510453,100.0,100.0,0.0
58.06913303510453,58.07493994840804,57.88286603010063,57.888654895590186,100.0,100.0,0.0
57.888654895590186,57.89444376107974,57.71450365086111,57.720275678428955,100.0,100.0,0.0
57.720275678428955,57.7260477059968,57.543161632860986,57.54891652451344,100.0,100.0,0.0
57.54891652451344,57.55467141616589,57.37540807960455,57.381146194223966,100.0,100.0,0.0
57.381146194223966,57.386884308843385,57.19944584909898,57.20516636573555,100.0,100.0,0.0
57.20516636573555,57.21088688237212,57.02835150173349,57.03405490722421,100.0,100.0,0.0
57.03405490722421,57.03975831271493,56.848827248916415,56.85451270018643,100.0,100.0,0.0
56.85451270018643,56.86019815145645,56.67982395074774,56.685492499997736,100.0,100.0,0.0
56.685492499997736,56.69116104924773,56.504422266382946,56.51007327371032,100.0,100.0,0.0
56.51007327371032,56.51572428103769,56.32920604743744,56.33483953139058,100.0,100.0,0.0
56.33483953139058,56.34047301534372,56.159913439559425,56.16552999255868,100.0,100.0,0.0
56.16552999255868,56.17114654555794,55.98914430117439,55.994743775551946,100.0,100.0,0.0
55.994743775551946,56.0003432499295,55.81998235744793,55.82556491393932,100.0,100.0,0.0
55.82556491393932,55.83114747043071,55.64888986091317,55.654455306443815,100.0,100.0,0.0
55.654455306443815,55.66002075197446,55.48595407998524,55.49150323030827,100.0,100.0,0.0
55.49150323030827,55.497052380631295,55.32331535199596,55.32884823681964,100.0,100.0,0.0
55.32884823681964,55.33438112164332,55.15946513596966,55.16498163413307,100.0,100.0,0.0
55.16498163413307,55.17049813229648,54.99645866942144,55.00195886530798,100.0,100.0,0.0
55.00195886530798,55.00745906119451,54.829473418055805,54.83495691374718,100.0,100.0,0.0
54.83495691374718,54.84044040943855,54.67614243303588,54.68161059409529,100.0,100.0,0.0
54.68161059409529,54.6870787551547,54.51910130101165,54.52455375638729,100.0,100.0,0.0
54.52455375638729,54.53000621176293,54.355093546927854,54.36052959988784,100.0,100.0,0.0
54.36052959988784,54.36596565284783,54.19428523707553,54.199705207596296,100.0,100.0,0.0
54.199705207596296,54.20512517811706,54.023856167663624,54.02925909357298,100.0,100.0,0.0
54.02925909357298,54.03466201948234,53.85640015830796,53.861786336941655,100.0,100.0,0.0
53.861786336941655,53.86717251557535,53.69918473864258,53.704555194162,100.0,100.0,0.0
53.704555194162,53.709925649681416,53.54740791448996,53.55276319080904,100.0,100.0,0.0
53.55276319080904,53.55811846712812,53.3946516374663,53.39999163662996,100.0,100.0,0.0
53.39999163662996,53.40533163579362,53.23288904527201,53.23821286655866,100.0,100.0,0.0
53.23821286655866,53.243536687845314,53.07414278005243,53.07945072512494,100.0,100.0,0.0
53.07945072512494,53.08475867019745,52.91045663151435,52.91574820633498,100.0,100.0,0.0
52.91574820633498,52.92103978115561,52.75004882941682,52.755324361853006,100.0,100.0,0.0
52.755324361853006,52.76059989428919,52.59922984830464,52.60449029733437,100.0,100.0,0.0
52.60449029733437,52.60975074636411,52.441264614718364,52.44650926564493,100.0,100.0,0.0
52.44650926564493,52.45175391657149,52.280296082124465,52.28552463458792,100.0,100.0,0.0
52.28552463458792,52.29075318705138,52.12254098205194,52.127753757427676,100.0,100.0,0.0
52.127753757427676,52.132966532803415,51.959861773217966,51.96505827904587,100.0,100.0,0.0
51.96505827904587,51.970254784873774,51.8108304709811,51.81601207218832,100.0,100.0,0.0
51.81601207218832,51.82119367339554,51.66085229580183,51.6660188976916,100.0,100.0,0.0
51.6660188976916,51.67118549958137,51.51222538668756,51.5173771244,100.0,100.0,0.0
51.5173771244,51.52252886211244,51.34759248936983,51.352727762146046,100.0,100.0,0.0
51.352727762146046,51.35786303492226,51.192841107621234,51.1979609037116,100.0,100.0,0.0
51.1979609037116,51.20308069980197,51.038731954641136,51.043836338274964,100.0,100.0,0.0
51.043836338274964,51.04894072190879,50.896956309263565,50.902046513914954,100.0,100.0,0.0
50.902046513914954,50.90713671856634,50.73801692109396,50.74309123021698,100.0,100.0,0.0
50.74309123021698,50.74816553934001,50.58757686865811,50.59263613227134,100.0,100.0,0.0
50.59263613227134,50.597695395884564,50.43479741952631,50.43984140366668,100.0,100.0,0.0
50.43984140366668,50.44488538780704,50.28678535416962,50.29181453562318,100.0,100.0,0.0
50.29181453562318,50.29684371707674,50.13358233954869,50.1385961991686,100.0,100.0,0.0
50.1385961991686,50.14361005878852,49.97887008813321,49.98386847498071,100.0,100.0,0.0
49.98386847498071,49.98886686182821,49.830849219888634,49.83583280316895,100.0,100.0,0.0
49.83583280316895,49.84081638644926,49.68393110666034,49.688899996660005,100.0,100.0,0.0
49.688899996660005,49.69386888665967,49.53313058439271,49.53808439283199,100.0,100.0,0.0
49.53808439283199,49.54303820127127,49.3885304072115,49.39346975418692,100.0,100.0,0.0
49.39346975418692,49.398409101162336,49.24462335783364,49.249548312664906,100.0,100.0,0.0
49.249548312664906,49.254473267496174,49.10075362714036,49.10566419355971,100.0,100.0,0.0
49.10566419355971,49.110574759979066,48.95418050145668,48.95907640909759,100.0,100.0,0.0
48.95907640909759,48.9639723167385,48.812368720043324,48.81725044508783,100.0,100.0,0.0
48.81725044508783,48.822132170132335,48.673309838168464,48.67817765593406,100.0,100.0,0.0
48.67817765593406,48.68304547369965,48.52191350280243,48.52676617942037,100.0,100.0,0.0
48.52676617942037,48.531618856038314,48.37484128819074,48.37967925611635,100.0,100.0,0.0
48.37967925611635,48.38451722404196,48.22980809497828,48.2346315581341,100.0,100.0,0.0
48.2346315581341,48.23945502128991,48.08406076958594,48.088869656551594,100.0,100.0,0.0
48.088869656551594,48.09367854351725,47.93997515380983,47.94476963077291,100.0,100.0,0.0
47.94476963077291,47.94956410773599,47.794401210705104,47.799181128817985,100.0,100.0,0.0
47.799181128817985,47.803961046930866,47.641415327341655,47.646179945336186,100.0,100.0,0.0
47.646179945336186,47.65094456333072,47.494987552244126,47.49973752599673,100.0,100.0,0.0
47.49973752599673,47.50448749974933,47.341893821884,47.34662848473247,100.0,100.0,0.0
47.34662848473247,47.35136314758094,47.208272452896296,47.21299375227152,100.0,100.0,0.0
47.21299375227152,47.35761448542238,47.208272452896296,47.35287919750263,100.0,100.0,0.0
47.35287919750263,47.49369400649115,47.34814390958288,47.48894511197995,100.0,100.0,0.0
47.48894511197995,47.6251094004198,47.48419621746876,47.62034736568324,100.0,100.0,0.0
47.62034736568324,47.77255996972434,47.61558533094667,47.7677831914052,100.0,100.0,0.0
47.7677831914052,47.91754593290202,47.76300641308606,47.91275465743628,100.0,100.0,0.0
47.91275465743628,48.05182960579216,47.90796338197054,48.047024903301825,100.0,100.0,0.0
48.047024903301825,48.193860779905165,48.04222020081149,48.18904187571759,100.0,100.0,0.0
48.18904187571759,48.338798975359154,48.18422297153002,48.333965578801276,100.0,100.0,0.0
48.333965578801276,48.48319541977778,48.3291321822434,48.47834758501928,100.0,100.0,0.0
48.47834758501928,48.62962788905254,48.47349975026078,48.624765412511294,100.0,100.0,0.0
48.624765412511294,48.77741768950932,48.619902935970046,48.77254043546577,100.0,100.0,0.0
48.77254043546577,48.923901721948056,48.76766318142222,48.91900982096596,100.0,100.0,0.0
48.91900982096596,49.06389402239771,48.914117919983866,49.05898812358535,100.0,100.0,0.0
49.05898812358535,49.21710659678205,49.05408222477299,49.21218537824423,100.0,100.0,0.0
49.21218537824423,49.3648783499373,49.207264159706405,49.35994235570173,100.0,100.0,0.0
49.35994235570173,49.511398936971034,49.35500636146617,49.50644829214182,100.0,100.0,0.0
49.50644829214182,49.660229511966286,49.501497647312604,49.65526398556773,100.0,100.0,0.0
49.65526398556773,49.81108338839682,49.65029845916917,49.806102778119005,100.0,100.0,0.0
49.806102778119005,49.954234844557384,49.80112216784119,49.949239920565326,100.0,100.0,0.0
49.949239920565326,50.10260597487925,49.94424499657327,50.09759621525773,100.0,100.0,0.0
50.09759621525773,50.25273193820728,50.09258645563621,50.24770716749053,100.0,100.0,0.0
50.24770716749053,50.40539746156708,50.24268239677378,50.400357425824495,100.0,100.0,0.0
50.400357425824495,50.565969970037756,50.395317390081914,50.56091387864989,100.0,100.0,0.0
50.56091387864989,50.71719181508508,50.55585778726203,50.71212060302478,100.0,100.0,0.0
50.71212060302478,50.87114219128369,50.70704939096448,50.866055585725114,100.0,100.0,0.0
50.866055585725114,51.02585087789659,50.86096898016654,51.02074880301629,100.0,100.0,0.0
51.02074880301629,51.176878130652916,51.01564672813599,51.17176095455746,100.0,100.0,0.0
51.17176095455746,51.3322790769666,51.16664377846201,51.32714636233037,100.0,100.0,0.0
51.32714636233037,51.48343824430715,51.322013647694135,51.478290415265626,100.0,100.0,0.0
51.478290415265626,51.64778116222544,51.4731425862241,51.64261690053539,100.0,100.0,0.0
51.64261690053539,51.810515994828904,51.63745263884533,51.80533546128277,100.0,100.0,0.0
51.80533546128277,51.96672257926526,51.80015492773664,51.9615264266226,100.0,100.0,0.0
51.9615264266226,52.122472055826904,51.95633027397994,52.11726032979392,100.0,100.0,0.0
52.11726032979392,52.27746421684004,52.11204860376094,52.27223699314072,100.0,100.0,0.0
52.27223699314072,52.43695524562619,52.26700976944141,52.43171207441875,100.0,100.0,0.0
52.43171207441875,52.584788584363785,52.42646890321131,52.579530631300656,100.0,100.0,0.0
52.579530631300656,52.74115529163391,52.57427267823753,52.73588170346356,100.0,100.0,0.0
52.73588170346356,52.89770778360288,52.730608115293215,52.89241854174871,100.0,100.0,0.0
52.89241854174871,53.056811351122846,52.88712929989454,53.05150620050279,100.0,100.0,0.0
53.05150620050279,53.21657445156077,53.04620104988274,53.211253326228146,100.0,100.0,0.0
53.211253326228146,53.372626575910274,53.205932200895525,53.36728984692558,100.0,100.0,0.0
53.36728984692558,53.53595006233205,53.361953117940885,53.53059700263179,100.0,100.0,0.0
53.53059700263179,53.7052933905623,53.525243942931525,53.699923398222474,100.0,100.0,0.0
53.699923398222474,53.86872482757454,53.69455340588265,53.863338493725166,100.0,100.0,0.0
53.863338493725166,54.031740865454516,53.85795215987579,54.02633823163136,100.0,100.0,0.0
54.02633823163136,54.195175209509905,54.0209355978082,54.18975623388652,100.0,100.0,0.0
54.18975623388652,54.359923477302985,54.184337258263135,54.354488028500135,100.0,100.0,0.0
54.354488028500135,54.51719583886879,54.349052579697286,54.51174466440235,100.0,100.0,0.0
54.51174466440235,54.676757942006326,54.50629348993591,54.67129081292504,100.0,100.0,0.0
54.67129081292504,54.841289385416204,54.66582368384375,54.83580580483572,100.0,100.0,0.0
54.83580580483572,55.0096561751225,54.83032222425524,55.00415575954655,100.0,100.0,0.0
55.00415575954655,55.17732720392987,54.9986553439706,55.17181002292758,100.0,100.0,0.0
55.17181002292758,55.343540404757796,55.16629284192529,55.33800660409739,100.0,100.0,0.0
55.33800660409739,55.493869138267,55.33247280343698,55.48832030623638,100.0,100.0,0.0
55.48832030623638,55.66301027735152,55.48277147420576,55.657444532898225,100.0,100.0,0.0
55.657444532898225,55.83214448594141,55.65187878844493,55.82656182975844,100.0,100.0,0.0
55.82656182975844,56.00693091102291,55.820979173575466,56.00133077794512,100.0,100.0,0.0
56.00133077794512,56.18374055561464,55.99573064486733,56.17812274334031,100.0,100.0,0.0
56.17812274334031,56.34753089062468,56.17250493106598,56.341896700954585,100.0,100.0,0.0
56.341896700954585,56.516816077333125,56.33626251128449,56.51116496083704,100.0,100.0,0.0
56.51116496083704,56.681622737316765,56.50551384434096,56.67595514180258,100.0,100.0,0.0
56.67595514180258,56.84699837553833,56.6702875462884,56.84131424411392,100.0,100.0,0.0
56.84131424411392,57.02232536005737,56.83563011268951,57.016623697687606,100.0,100.0,0.0
57.016623697687606,57.19440453847888,57.01092203531784,57.18868566991189,100.0,100.0,0.0
57.18868566991189,57.37140679551348,57.182966801344904,57.36567022849063,100.0,100.0,0.0
57.36567022849063,57.536593299719705,57.35993366146778,57.530840215698134,100.0,100.0,0.0
57.530840215698134,57.70884984173679,57.525087131676564,57.703079533783416,100.0,100.0,0.0
57.703079533783416,57.87924051041226,57.69730922583004,57.87345316509575,100.0,100.0,0.0
57.87345316509575,58.04581142011619,57.86766581977925,58.04000741937425,100.0,100.0,0.0
58.04000741937425,58.209433680782254,58.03420341863231,58.20361331945031,100.0,100.0,0.0
58.20361331945031,58.390153639336376,58.19779295811837,58.3843152078156,100.0,100.0,0.0
58.3843152078156,58.56018170180944,58.37847677629482,58.554326269182525,100.0,100.0,0.0
58.554326269182525,58.730334841299346,58.54847083655561,58.72446239505984,100.0,100.0,0.0
58.72446239505984,58.730334841299346,58.54503551112898,58.550890600189,100.0,100.0,0.0
58.550890600189,58.55674568924902,58.37107813282194,58.376915824404385,100.0,100.0,0.0
58.376915824404385,58.38275351598683,58.19654876846063,58.20236900536116,100.0,100.0,0.0
58.20236900536116,58.208189242261696,58.01621122978352,58.02201343112663,100.0,100.0,0.0
58.02201343112663,58.02781563246974,57.854459464092535,57.8602454886414,100.0,100.0,0.0
57.8602454886414,57.86603151319026,57.686859890032935,57.69262915294823,100.0,100.0,0.0
57.69262915294823,57.69839841586352,57.52469815243669,57.530451197556445,100.0,100.0,0.0
57.530451197556445,57.5362042426762,57.34394418265259,57.349679150567646,100.0,100.0,0.0
57.349679150567646,57.3554141184827,57.17077406842069,57.17649171759245,100.0,100.0,0.0
57.17649171759245,57.182209366764205,56.99386671842964,56.99956667509715,100.0,100.0,0.0
56.99956667509715,57.005266631764655,56.81656022255119,56.82224244679587,100.0,100.0,0.0
56.82224244679587,56.82792467104055,56.64908514987388,56.654750624936376,100.0,100.0,0.0
56.654750624936376,56.66041609999887,56.482656463698945,56.48830529422837,100.0,100.0,0.0
56.48830529422837,56.49395412475779,56.31581932310969,56.32145146825652,100.0,100.0,0.0
56.32145146825652,56.327083613403346,56.159206968852324,56.16482345119744,100.0,100.0,0.0
56.16482345119744,56.17043993354256,55.99863228490785,56.00423270817867,100.0,100.0,0.0
56.00423270817867,56.00983313144949,55.825441908309365,55.83102501081044,100.0,100.0,0.0
55.83102501081044,55.83660811331152,55.660571973749995,55.666138587608756,100.0,100.0,0.0
55.666138587608756,55.67170520146752,55.49621008801996,55.50176026404636,100.0,100.0,0.0
55.50176026404636,55.507310440072764,55.33443681975707,55.33997081683876,100.0,100.0,0.0
55.33997081683876,55.34550481392044,55.1733888089408,55.178906699610764,100.0,100.0,0.0
55.178906699610764,55.18442459028073,55.01747469378425,55.0229769914834,100.0,100.0,0.0
55.0229769914834,55.02847928918254,54.85871338622727,54.86419980620789,100.0,100.0,0.0
54.86419980620789,54.86968622618851,54.70243103153229,54.707901821714465,100.0,100.0,0.0
54.707901821714465,54.71337261189664,54.5405836241568,54.5460382279796,100.0,100.0,0.0
54.5460382279796,54.5514928318024,54.36832105598926,54.37375843183244,100.0,100.0,0.0
54.37375843183244,54.37919580767562,54.21071218167714,54.21613379505664,100.0,100.0,0.0
54.21613379505664,54.221555408436146,54.04380828179373,54.04921320311404,100.0,100.0,0.0
54.04921320311404,54.054618124434356,53.87848228063922,53.88387066770599,100.0,100.0,0.0
53.88387066770599,53.889259054772765,53.71458188708327,53.719953882471515,100.0,100.0,0.0
53.719953882471515,53.72532587785976,53.55196679282508,53.55732252507758,100.0,100.0,0.0
53.55732252507758,53.562678257330084,53.393259844769524,53.39859970474,100.0,100.0,0.0
53.39859970474,53.40393956471048,53.23917700634401,53.24450145648966,100.0,100.0,0.0
53.24450145648966,53.24982590663531,53.08484298837432,53.09015200357467,100.0,100.0,0.0
53.09015200357467,53.095461018775026,52.92995386405739,52.93524738879627,100.0,100.0,0.0
52.93524738879627,52.94054091353515,52.7711191663116,52.7763968059922,100.0,100.0,0.0
52.7763968059922,52.7816744456728,52.62058022054507,52.62584280482555,100.0,100.0,0.0
52.62584280482555,52.63110538910603,52.46222784189709,52.46747458935602,100.0,100.0,0.0
52.46747458935602,52.472721336814956,52.30782408172409,52.31305538726282,100.0,100.0,0.0
52.31305538726282,52.31828669280155,52.14349143586341,52.148706306494056,100.0,100.0,0.0
52.148706306494056,52.1539211771247,51.97929685847849,51.98449530800929,100.0,100.0,0.0
51.98449530800929,51.989693757540095,51.82257925551767,51.82776203172084,100.0,100.0,0.0
51.82776203172084,51.83294480792401,51.67062147178858,51.675789050693645,100.0,100.0,0.0
51.675789050693645,51.68095662959871,51.51926654019073,51.52441898208894,100.0,100.0,0.0
51.52441898208894,51.52957142398715,51.34840710437833,51.35354245862419,100.0,100.0,0.0
51.35354245862419,51.35867781287005,51.19919743716487,51.20431786895176,100.0,100.0,0.0
51.20431786895176,51.209438300738654,51.04132203077868,51.04642667344602,100.0,100.0,0.0
51.04642667344602,51.05153131611336,50.895788567325134,50.90087865519065,100.0,100.0,0.0
50.90087865519065,50.90596874305617,50.7494247261715,50.75450017618912,100.0,100.0,0.0
50.75450017618912,50.75957562620674,50.59273196931787,50.59779174849272,100.0,100.0,0.0
50.59779174849272,50.60285152766757,50.444451497083335,50.449496446728006,100.0,100.0,0.0
50.449496446728006,50.454541396372676,50.29518881735849,50.30021883924242,100.0,100.0,0.0
50.30021883924242,50.305248861126344,50.13509755444751,50.14011156560407,100.0,100.0,0.0
50.14011156560407,50.145125576760634,49.983371472122975,49.98837030915389,100.0,100.0,0.0
49.98837030915389,49.99336914618481,49.82784899391439,49.8328322771421,100.0,100.0,0.0
49.8328322771421,49.83781556036982,49.67825105899162,49.683219380929714,100.0,100.0,0.0
49.683219380929714,49.68818770286781,49.531735778656916,49.536689447601674,100.0,100.0,0.0
49.536689447601674,49.54164311654643,49.383034793328775,49.38797359068784,100.0,100.0,0.0
49.38797359068784,49.39291238804691,49.24042081923003,49.24534535376541,100.0,100.0,0.0
49.24534535376541,49.250269888300785,49.09673134531138,49.101641509462326,100.0,100.0,0.0
49.101641509462326,49.10655167361327,48.95252253496894,48.95741827679662,100.0,100.0,0.0
48.95741827679662,49.10615468175757,48.95252253496894,49.10124455730185,100.0,100.0,0.0
49.10124455730185,49.2508858947853,49.09633443284612,49.24596129865543,100.0,100.0,0.0
49.24596129865543,49.39837786715028,49.24103670252556,49.39343852329795,100.0,100.0,0.0
49.39343852329795,49.5361303698128,49.388499179445624,49.531177252087595,100.0,100.0,0.0
49.531177252087595,49.69182886211952,49.52622413436239,49.68686017610191,100.0,100.0,0.0
49.68686017610191,49.831701168196844,49.6818914900843,49.82671849634721,100.0,100.0,0.0
49.82671849634721,49.98716286808648,49.82173582449758,49.98216465162132,100.0,100.0,0.0
49.98216465162132,50.13192259471071,49.97716643515616,50.12690990372034,100.0,100.0,0.0
50.12690990372034,50.27513520949726,50.12189721272997,50.27010819867739,100.0,100.0,0.0
50.27010819867739,50.42844285828596,50.265081187857525,50.42340051823414,100.0,100.0,0.0
50.42340051823414,50.58440688727763,50.41835817818232,50.57934895238239,100.0,100.0,0.0
50.57934895238239,50.73605418350808,50.57429101748715,50.73098108539954,100.0,100.0,0.0
50.73098108539954,50.888303896518096,50.725907987291,50.8832155749606,100.0,100.0,0.0
50.8832155749606,51.034975404308454,50.87812725340311,51.02987241706675,100.0,100.0,0.0
51.02987241706675,51.18884084272969,51.02476942982504,51.18372247048264,100.0,100.0,0.0
51.18372247048264,51.338483220371174,51.178604098235596,51.33334988538264,100.0,100.0,0.0
51.33334988538264,51.49195636904269,51.3282165503941,51.48680768827386,100.0,100.0,0.0
51.48680768827386,51.64647465173044,51.48165900750504,51.641310520678374,100.0,100.0,0.0
51.641310520678374,51.806554034926826,51.636146389626305,51.801373897537076,100.0,100.0,0.0
51.801373897537076,51.96784555041071,51.796193760147325,51.96264928548216,100.0,100.0,0.0
51.96264928548216,52.12772168664584,51.95745302055361,52.12250943570227,100.0,100.0,0.0
52.12250943570227,52.28454921335501,52.1172971847587,52.279321281226885,100.0,100.0,0.0
52.279321281226885,52.43249476424517,52.27409334909876,52.427252039041264,100.0,100.0,0.0
52.427252039041264,52.59721637474068,52.42200931383736,52.59195717902278,100.0,100.0,0.0
52.59195717902278,52.75175635882968,52.58669798330487,52.746481710658614,100.0,100.0,0.0
52.746481710658614,52.905795126008364,52.74120706248755,52.90050507550082,100.0,100.0,0.0
52.90050507550082,53.062139086705784,52.89521502499327,53.056833403365445,100.0,100.0,0.0
53.056833403365445,53.21711895423659,53.051527720025106,53.21179777445914,100.0,100.0,0.0
53.21179777445914,53.37754154862988,53.206476594681696,53.37220432819706,100.0,100.0,0.0
53.37220432819706,53.53492903831184,53.366867107764236,53.52957608070377,100.0,100.0,0.0
53.52957608070377,53.702025842795116,53.5242231230957,53.6966561771774,100.0,100.0,0.0
53.6966561771774,53.85582244546928,53.69128651155969,53.85043740172911,100.0,100.0,0.0
53.85043740172911,54.01414390744555,53.84505235798894,54.00874303314224,100.0,100.0,0.0
54.00874303314224,54.16222708375064,54.003342158838926,54.15681140261038,100.0,100.0,0.0
54.15681140261038,54.32560692826454,54.15139572147012,54.32017491077347,100.0,100.0,0.0
54.32017491077347,54.49772017926747,54.31474289328239,54.49227095217225,100.0,100.0,0.0
54.49227095217225,54.65805689381548,54.48682172507703,54.65259163465201,100.0,100.0,0.0
54.65259163465201,54.81933357703369,54.64712637548855,54.813852191814505,100.0,100.0,0.0
54.813852191814505,54.98107142209513,54.80837080659532,54.97557386470866,100.0,100.0,0.0
54.97557386470866,55.1512880485441,54.97007630732219,55.14577347119698,100.0,100.0,0.0
55.14577347119698,55.322510195218186,55.14025889384986,55.31697849736845,100.0,100.0,0.0
55.31697849736845,55.47933624407797,55.31144679951872,55.47378886519145,100.0,100.0,0.0
55.47378886519145,55.64786899365909,55.46824148630493,55.64230476318277,100.0,100.0,0.0
55.64230476318277,55.82434956487387,55.636740532706455,55.81876768810506,100.0,100.0,0.0
55.81876768810506,55.98757779809082,55.813185811336254,55.981979600130806,100.0,100.0,0.0
55.981979600130806,56.15260921997161,55.976381402170794,56.146994520519556,100.0,100.0,0.0
56.146994520519556,56.31501474109651,56.1413798210675,56.30938380271624,100.0,100.0,0.0
56.30938380271624,56.4805433961883,56.30375286433597,56.474895906597645,100.0,100.0,0.0
56.474895906597645,56.64105832240561,56.46924841700699,56.63539478292732,100.0,100.0,0.0
56.63539478292732,56.813134843254254,56.62973124344903,56.80745409784447,100.0,100.0,0.0
56.80745409784447,56.97962018976375,56.80177335243469,56.973922797484,100.0,100.0,0.0
56.973922797484,57.15160494714859,56.96822540520425,57.14589035811278,100.0,100.0,0.0
57.14589035811278,57.32026684940483,57.14017576907697,57.31453539586524,100.0,100.0,0.0
57.31453539586524,57.488841266438726,57.30880394232565,57.483092957143015,100.0,100.0,0.0
57.483092957143015,57.67238444396761,57.4773446478473,57.66661778218939,100.0,100.0,0.0
57.66661778218939,57.84105569250945,57.660851120411174,57.83527216529292,100.0,100.0,0.0
57.83527216529292,58.01220295419157,57.82948863807639,58.00640231396018,100.0,100.0,0.0
58.00640231396018,58.18378647522126,58.00060167372879,58.17796867835342,100.0,100.0,0.0
58.17796867835342,58.361394454549256,58.172150881485585,58.35555889865939,100.0,100.0,0.0
58.35555889865939,58.531418587938774,58.34972334276952,58.52556603133564,100.0,100.0,0.0
58.52556603133564,58.713127706649686,58.51971347473251,58.70725698095159,100.0,100.0,0.0
58.70725698095159,58.89462358513938,58.701386255253496,58.888734711668214,100.0,100.0,0.0
58.888734711668214,59.0734976084666,58.88284583819705,59.067590849381666,100.0,100.0,0.0
59.067590849381666,59.24583473816957,59.06168409029673,59.23991074709486,100.0,100.0,0.0
59.23991074709486,59.4195760709291,59.23398675602015,59.41363470745835,100.0,100.0,0.0
59.41363470745835,59.58203109226157,59.4076933439876,59.57607348491308,100.0,100.0,0.0
59.57607348491308,59.75381417937242,59.57011587756459,59.74783939543288,100.0,100.0,0.0
59.74783939543288,59.941565297039574,59.741864611493334,59.93557173986559,100.0,100.0,0.0
59.93557173986559,59.941565297039574,59.75171030197697,59.75768607058403,100.0,100.0,0.0
59.75768607058403,59.76366183919109,59.58307865555458,59.58903755931051,100.0,100.0,0.0
59.58903755931051,59.594996463066444,59.40635983934574,59.41230106945268,100.0,100.0,0.0
59.41230106945268,59.41824229955962,59.226508600562056,59.23243184374643,100.0,100.0,0.0
59.23243184374643,59.23835508693081,59.04843419867016,59.05433963263342,100.0,100.0,0.0
59.05433963263342,59.060245066596686,58.87178995983626,58.877677727609026,100.0,100.0,0.0
58.877677727609026,58.88356549538179,58.6849676910599,58.69083677473738,100.0,100.0,0.0
58.69083677473738,58.69670585841485,58.51029962998929,58.516151245113804,100.0,100.0,0.0
58.516151245113804,58.52200286023832,58.340305444237956,58.346140058243776,100.0,100.0,0.0
58.346140058243776,58.3519746722496,58.16944121056654,58.175258736440185,100.0,100.0,0.0
58.175258736440185,58.18107626231383,57.98954900603263,57.995348540886724,100.0,100.0,0.0
57.995348540886724,58.001148075740815,57.816412695891096,57.82219491538263,100.0,100.0,0.0
57.82219491538263,57.82797713487417,57.642644947187506,57.64840978816632,100.0,100.0,0.0
57.64840978816632,57.65417462914513,57.474936843617606,57.48068491210881,100.0,100.0,0.0
57.48068491210881,57.48643298060002,57.3007836380838,57.30651428951275,100.0,100.0,0.0
57.30651428951275,57.312244940941696,57.13235513114342,57.13806893803722,100.0,100.0,0.0
57.13806893803722,57.14378274493102,56.949850123935,56.95554567850285,100.0,100.0,0.0
56.95554567850285,56.9612412330707,56.776033168593884,56.781711339727856,100.0,100.0,0.0
56.781711339727856,56.78738951086183,56.611847845484334,56.61750959644398,100.0,100.0,0.0
56.61750959644398,56.62317134740363,56.437172181069535,56.442816462715804,100.0,100.0,0.0
56.442816462715804,56.44846074436207,56.275158430088986,56.28078650873986,100.0,100.0,0.0
56.28078650873986,56.28641458739073,56.103593740035954,56.109204660502,100.0,100.0,0.0
56.109204660502,56.11481558096805,55.918349608327425,55.923942002527674,100.0,100.0,0.0
55.923942002527674,55.929534396727924,55.75469060758776,55.76026663425119,100.0,100.0,0.0
55.76026663425119,55.765842660914615,55.58166557465334,55.58722429708305,100.0,100.0,0.0
55.58722429708305,55.59278301951275,55.41725874859534,55.42280102869821,100.0,100.0,0.0
55.42280102869821,55.42834330880108,55.258037017060495,55.26356337339784,100.0,100.0,0.0
55.26356337339784,55.26908972973518,55.09401917639208,55.09952912930501,100.0,100.0,0.0
55.09952912930501,55.10503908221794,54.92859417891875,54.93408758767752,100.0,100.0,0.0
54.93408758767752,54.939580996436284,54.76625274261614,54.7717299156077,100.0,100.0,0.0
54.7717299156077,54.77720708859926,54.59810278833548,54.60356314464995,100.0,100.0,0.0
54.60356314464995,54.60902350096441,54.4442562816294,54.449701251754576,100.0,100.0,0.0
54.449701251754576,54.45514622187975,54.294124120507476,54.29955407591507,100.0,100.0,0.0
54.29955407591507,54.30498403132266,54.138250000795345,54.14366436723207,100.0,100.0,0.0
54.14366436723207,54.149078733668794,53.96990873340608,53.97530626403248,100.0,100.0,0.0
53.97530626403248,53.980703794658886,53.80985422664327,53.815235750218285,100.0,100.0,0.0
53.815235750218285,53.8206172737933,53.64157457686112,53.646939270788195,100.0,100.0,0.0
53.646939270788195,53.65230396471527,53.47507018724641,53.480418229069315,100.0,100.0,0.0
53.480418229069315,53.48576627089222,53.31338823552383,53.31872010753458,100.0,100.0,0.0
53.31872010753458,53.32405197954533,53.1548149430085,53.16013095610411,100.0,100.0,0.0
53.16013095610411,53.16544696919972,52.99472558474411,53.00002558730284,100.0,100.0,0.0
53.00002558730284,53.00532558986156,52.83847554464258,52.84375992063464,100.0,100.0,0.0
52.84375992063464,52.8490442966267,52.68409305451797,52.689361990717046,100.0,100.0,0.0
52.689361990717046,52.69463092691612,52.52899629564113,52.53424972061319,100.0,100.0,0.0
52.53424972061319,52.53950314558525,52.373015103753396,52.3782529290463,100.0,100.0,0.0
52.3782529290463,52.3834907543392,52.215879849320785,52.22110195951674,100.0,100.0,0.0
52.22110195951674,52.22632406971269,52.06960378553607,52.074811266662735,100.0,100.0,0.0
52.074811266662735,52.0800187477894,51.9157323526696,51.92092444511411,100.0,100.0,0.0
51.92092444511411,51.92611653755862,51.76506925617973,51.77024628080781,100.0,100.0,0.0
51.77024628080781,51.77542330543589,51.60582915089837,51.61099024992336,100.0,100.0,0.0
51.61099024992336,51.61615134894835,51.44567994854424,51.450825031047344,100.0,100.0,0.0
51.450825031047344,51.45597011355045,51.294351190908756,51.29948113902266,100.0,100.0,0.0
51.29948113902266,51.304611087136564,51.14239029585828,51.147505046362916,100.0,100.0,0.0
51.147505046362916,51.152619796867555,50.99542727402718,51.00052732675985,100.0,100.0,0.0
51.00052732675985,51.00562737949252,50.840343861998946,50.84542840483943,100.0,100.0,0.0
50.84542840483943,50.85051294767992,50.684468621378755,50.68953757513627,100.0,100.0,0.0
50.68953757513627,50.694606528893786,50.53678774746506,50.541841931658226,100.0,100.0,0.0
50.541841931658226,50.54689611585139,50.39206211216312,50.39710182234535,100.0,100.0,0.0
50.39710182234535,50.40214153252758,50.23315081176533,50.23817462922825,100.0,100.0,0.0
50.23817462922825,50.24319844669117,50.090695309333285,50.09570487982127,100.0,100.0,0.0
50.09570487982127,50.100714450309255,49.931132567666275,49.936126180284305,100.0,100.0,0.0
49.936126180284305,49.941119792902334,49.78832518134067,49.793304511791845,100.0,100.0,0.0
49.793304511791845,49.79828384224302,49.63084578666985,49.63580936760661,100.0,100.0,0.0
49.63580936760661,49.64077294854337,49.48022709747271,49.48517561503421,100.0,100.0,0.0
49.48517561503421,49.49012413259571,49.33042421482417,49.33535775059923,100.0,100.0,0.0
49.33535775059923,49.34029128637429,49.183465432450475,49.18838427087756,100.0,100.0,0.0
49.18838427087756,49.19330310930465,49.030422620894925,49.035326153510276,100.0,100.0,0.0
49.035326153510276,49.04022968612563,48.87328482884603,48.87817264611064,100.0,100.0,0.0
48.87817264611064,48.88306046337525,48.72233336201662,48.72720608262488,100.0,100.0,0.0
48.72720608262488,48.732078803233144,48.58086929805841,48.585727870845496,100.0,100.0,0.0
48.585727870845496,48.59058644363258,48.435420036066844,48.44026406247309,100.0,100.0,0.0
48.44026406247309,48.44510808887934,48.29087030323863,48.29569987322595,100.0,100.0,0.0
48.29569987322595,48.30052944321327,48.14427014183386,48.14908505033889,100.0,100.0,0.0
48.14908505033889,48.15389995884392,48.000313614107675,48.00511412552023,100.0,100.0,0.0
48.00511412552023,48.009914636932784,47.86018422253103,47.864970719602994,100.0,100.0,0.0
47.864970719602994,47.869757216674955,47.72525182700577,47.73002482948872,100.0,100.0,0.0
47.73002482948872,47.73479783197167,47.580961063981,47.58571963594459,100.0,100.0,0.0
47.58571963594459,47.590478207908184,47.43703497743558,47.441779155351114,100.0,100.0,0.0
47.441779155351114,47.44652333326665,47.29291329072782,47.29764305503332,100.0,100.0,0.0
47.29764305503332,47.30237281933882,47.15673302041811,47.161449165334645,100.0,100.0,0.0
47.161449165334645,47.16616531025118,47.01929910935203,47.02400150950298,100.0,100.0,0.0
47.02400150950298,47.02870390965393,46.87380349552543,46.87849134465989,100.0,100.0,0.0
46.87849134465989,46.883179193794355,46.73713565150421,46.74180983248746,100.0,100.0,0.0
46.74180983248746,46.74648401347071,46.595855412976654,46.600515464523106,100.0,100.0,0.0
46.600515464523106,46.60517551606956,46.45345049253712,46.45809630216734,100.0,100.0,0.0
46.45809630216734,46.46274211179756,46.31404820028126,46.31868006828809,100.0,100.0,0.0
46.31868006828809,46.323311936294914,46.176741221327525,46.181359357263254,100.0,100.0,0.0
46.181359357263254,46.32182530865394,46.176741221327525,46.317193589295016,100.0,100.0,0.0
46.317193589295016,46.45706036044002,46.31256186993609,46.45241511892812,100.0,100.0,0.0
46.45241511892812,46.60570126905931,46.44776987741623,46.601041164942814,100.0,100.0,0.0
46.601041164942814,46.74655149396982,46.59638106082632,46.741877306239196,100.0,100.0,0.0
46.741877306239196,46.88910713524259,46.737203118508575,46.884418693373256,100.0,100.0,0.0
46.884418693373256,47.0321934602871,46.87973025150392,47.027490711215975,100.0,100.0,0.0
47.027490711215975,47.173580595759105,47.022787962144854,47.16886370938817,100.0,100.0,0.0
47.16886370938817,47.311711047457536,47.164146823017234,47.306980349422595,100.0,100.0,0.0
47.306980349422595,47.45942195208019,47.302249651387655,47.45467648443175,100.0,100.0,0.0
47.45467648443175,47.60824592100204,47.44993101678331,47.6034855724448,100.0,100.0,0.0
47.6034855724448,47.75566704724214,47.598725223887556,47.75089195804634,100.0,100.0,0.0
47.75089195804634,47.89510940645975,47.746116868850535,47.89032037442231,100.0,100.0,0.0
47.89032037442231,48.04200212283643,47.885531342384866,48.03719840299613,100.0,100.0,0.0
48.03719840299613,48.18931676144792,48.032394683155836,48.18449831161676,100.0,100.0,0.0
48.18449831161676,48.336014337421645,48.179679861785594,48.331181219299715,100.0,100.0,0.0
48.331181219299715,48.47547010655118,48.326348101177786,48.47062304424676,100.0,100.0,0.0
48.47062304424676,48.62599331987963,48.465775981942336,48.62113120675896,100.0,100.0,0.0
48.62113120675896,48.77810350132107,48.61626909363829,48.7732261787032,100.0,100.0,0.0
48.7732261787032,48.92368470659438,48.768348856085325,48.91879282731165,100.0,100.0,0.0
48.91879282731165,49.073027255253365,48.91390094802892,49.06812044320905,100.0,100.0,0.0
49.06812044320905,49.21974501546725,49.06321363116473,49.214823533113936,100.0,100.0,0.0
49.214823533113936,49.37120432478028,49.209902050760626,49.36626769801048,100.0,100.0,0.0
49.36626769801048,49.515939271408094,49.361331071240684,49.510988172590835,100.0,100.0,0.0
49.510988172590835,49.66652095494062,49.50603707377358,49.661554799460674,100.0,100.0,0.0
49.661554799460674,49.823253146649456,49.656588643980726,49.81827131951751,100.0,100.0,0.0
49.81827131951751,49.97174448703224,49.81328949238556,49.966747812251015,100.0,100.0,0.0
49.966747812251015,50.12451789033748,49.96175113746979,50.119505939743505,100.0,100.0,0.0
50.119505939743505,50.273859443692636,50.11449398914953,50.26883256043659,100.0,100.0,0.0
50.26883256043659,50.42432584546884,50.26380567718055,50.41928391707714,100.0,100.0,0.0
50.41928391707714,50.57364989415311,50.41424198868543,50.56859303484962,100.0,100.0,0.0
50.56859303484962,50.719762577611085,50.56353617554613,50.71469110850023,100.0,100.0,0.0
50.71469110850023,50.86126286614963,50.70961963938938,50.856177248424785,100.0,100.0,0.0
50.856177248424785,51.020287026041046,50.85109163069994,51.0151855074903,100.0,100.0,0.0
51.0151855074903,51.17873524994237,51.010083988939556,51.17361788815356,100.0,100.0,0.0
51.17361788815356,51.33375663158819,51.168500526364745,51.32862376921127,100.0,100.0,0.0
51.32862376921127,51.49087984513564,51.32349090683435,51.48573127200844,100.0,100.0,0.0
51.48573127200844,51.64670471075168,51.480582698881236,51.64154055669601,100.0,100.0,0.0
51.64154055669601,51.801835154224705,51.63637640264034,51.79665548867584,100.0,100.0,0.0
51.79665548867584,51.95666025266428,51.79147582312697,51.95146510615366,100.0,100.0,0.0
51.95146510615366,52.11779313428216,51.94626995964305,52.11258187609455,100.0,100.0,0.0
52.11258187609455,52.272289175077084,52.107370617906945,52.267062468830204,100.0,100.0,0.0
52.267062468830204,52.42235540048954,52.261835762583324,52.41711368912063,100.0,100.0,0.0
52.41711368912063,52.5796266008257,52.41187197775172,52.57436916390931,100.0,100.0,0.0
52.57436916390931,52.74954840057243,52.56911172699292,52.74427397317511,100.0,100.0,0.0
52.74427397317511,52.912832738128685,52.738999545777794,52.907541983930294,100.0,100.0,0.0
52.907541983930294,53.07333880465906,52.9022512297319,53.06803200145892,100.0,100.0,0.0
53.06803200145892,53.23196987841476,53.062725198258775,53.22664721369339,100.0,100.0,0.0
53.22664721369339,53.391993557759626,53.22132454897202,53.3866548922704,100.0,100.0,0.0
53.3866548922704,53.55628797339455,53.38131622678117,53.55093288010654,100.0,100.0,0.0
53.55093288010654,53.71467423046678,53.54557778681853,53.70930330013677,100.0,100.0,0.0
53.70930330013677,53.87704655020872,53.70393236980676,53.87165938427029,100.0,100.0,0.0
53.87165938427029,54.03468450228723,53.86627221833186,54.02928157412982,100.0,100.0,0.0
54.02928157412982,54.196715567746175,54.02387864597241,54.19129643810236,100.0,100.0,0.0
54.19129643810236,54.358812668518034,54.18587730845855,54.35337733078496,100.0,100.0,0.0
54.35337733078496,54.519918320270214,54.34794199305188,54.514466873582855,100.0,100.0,0.0
54.514466873582855,54.68002539729149,54.509015426895495,54.67455794149734,100.0,100.0,0.0
54.67455794149734,54.85350684051535,54.669090485703194,54.84802203831152,100.0,100.0,0.0
54.84802203831152,55.01835381979829,54.84253723610769,55.01285253454484,100.0,100.0,0.0
55.01285253454484,55.16998949235121,55.00735124929139,55.16447304504671,100.0,100.0,0.0
55.16447304504671,55.33769412743033,55.15895659774221,55.3321609113392,100.0,100.0,0.0
55.3321609113392,55.50125018550247,55.32662769524807,55.495700615440924,100.0,100.0,0.0
55.495700615440924,55.66848817764134,55.49015104537938,55.662921885452796,100.0,100.0,0.0
55.662921885452796,55.843047471684294,55.65735559326425,55.837463725311764,100.0,100.0,0.0
55.837463725311764,56.00761370784251,55.831879978939234,56.00201350649186,100.0,100.0,0.0
56.00201350649186,56.17910033917842,55.99641330514122,56.17348299087933,100.0,100.0,0.0
56.17348299087933,56.35154789126041,56.16786564258024,56.345913299930416,100.0,100.0,0.0
56.345913299930416,56.51540353736682,56.34027870860042,56.50975256211061,100.0,100.0,0.0
56.50975256211061,56.691085034824326,56.504101586854404,56.68541649317501,100.0,100.0,0.0
56.68541649317501,56.86110693730704,56.6797479515257,56.855421395167525,100.0,100.0,0.0
56.855421395167525,57.03927422200356,56.84973585302801,57.033570864917074,100.0,100.0,0.0
57.033570864917074,57.03927422200356,56.856649126377654,56.862335359913644,100.0,100.0,0.0
56.862335359913644,56.86802159344963,56.690419893232836,56.69608950218306,100.0,100.0,0.0
56.69608950218306,56.70175911113328,56.5188461507014,56.52449860056146,100.0,100.0,0.0
56.52449860056146,56.530151050421516,56.362399580814326,56.36803638445277,100.0,100.0,0.0
56.36803638445277,56.37367318809122,56.195379587856365,56.200999687825146,100.0,100.0,0.0
56.200999687825146,56.206619787793926,56.03203943704466,56.037643201364794,100.0,100.0,0.0
56.037643201364794,56.04324696568493,55.85728942785735,55.86287571542889,100.0,100.0,0.0
55.86287571542889,55.86846200300043,55.693280505923155,55.69885039096225,100.0,100.0,0.0
55.69885039096225,55.70442027600134,55.535989494633405,55.54154364899831,100.0,100.0,0.0
55.54154364899831,55.54709780336321,55.37552996173221,55.381068068539065,100.0,100.0,0.0
55.381068068539065,55.38660617534592,55.20091316151401,55.206433804894495,100.0,100.0,0.0
55.206433804894495,55.21195444827498,55.03546153026723,55.04096562682991,100.0,100.0,0.0
55.04096562682991,55.04646972339259,54.875201834233174,54.8806899032235,100.0,100.0,0.0
54.8806899032235,54.88617797221382,54.71092827199235,54.71639991198355,100.0,100.0,0.0
54.71639991198355,54.72187155197475,54.54055582116745,54.54601042220967,100.0,100.0,0.0
54.54601042220967,54.551465023251886,54.38382465534685,54.389263581705016,100.0,100.0,0.0
54.389263581705016,54.39470250806318,54.22100594098303,54.22642858384141,100.0,100.0,0.0
54.22642858384141,54.231851226699796,54.0569952969573,54.06240153711101,100.0,100.0,0.0
54.06240153711101,54.06780777726472,53.885704424606885,53.89109353396028,100.0,100.0,0.0
53.89109353396028,53.896482643313675,53.71811748939795,53.72348983838179,100.0,100.0,0.0
53.72348983838179,53.72886218736563,53.551447027490624,53.5568027077614,100.0,100.0,0.0
53.5568027077614,53.562158388032174,53.385754149984585,53.391093259310516,100.0,100.0,0.0
53.391093259310516,53.39643236863645,53.226054077967845,53.23137721568941,100.0,100.0,0.0
53.23137721568941,53.23670035341098,53.06679222101849,53.072099430961586,100.0,100.0,0.0
53.072099430961586,53.077406640904684,52.896709008284105,52.90199920820493,100.0,100.0,0.0
52.90199920820493,52.90728940812575,52.72441123261674,52.72968420103684,100.0,100.0,0.0
52.72968420103684,52.73495716945694,52.565038714684455,52.57029574425888,100.0,100.0,0.0
52.57029574425888,52.5755527738333,52.412041626356796,52.417283354692266,100.0,100.0,0.0
52.417283354692266,52.422525083027736,52.24506463947246,52.2502896684393,100.0,100.0,0.0
52.2502896684393,52.25551469740614,52.08988446675937,52.09509397615699,100.0,100.0,0.0
52.09509397615699,52.100303485554605,51.93454970614176,51.93974368050981,100.0,100.0,0.0
51.93974368050981,51.944937654877855,51.77196245705191,51.77714017106902,100.0,100.0,0.0
51.77714017106902,51.78231788508613,51.621873286102606,51.627035989701575,100.0,100.0,0.0
51.627035989701575,51.632198693300545,51.4756462750574,51.48079435449285,100.0,100.0,0.0
51.48079435449285,51.4859424339283,51.326920863341094,51.332054068747965,100.0,100.0,0.0
51.332054068747965,51.337187274154836,51.16273312842237,51.16784991341371,100.0,100.0,0.0
51.16784991341371,51.172966698405055,51.00726061484052,51.012361851025624,100.0,100.0,0.0
51.012361851025624,51.01746308721073,50.85546811907493,50.86055417449238,100.0,100.0,0.0
50.86055417449238,50.86564022990983,50.697901687793504,50.702971984992004,100.0,100.0,0.0
50.702971984992004,50.708042282190505,50.5408040932866,50.54585867915452,100.0,100.0,0.0
50.54585867915452,50.55091326502244,50.385244737727305,50.39028376610391,100.0,100.0,0.0
50.39028376610391,50.39532279448052,50.23718787437688,50.24221209558644,100.0,100.0,0.0
50.24221209558644,50.247236316796,50.08440333613209,50.08941227735983,100.0,100.0,0.0
50.08941227735983,50.09442121858756,49.92968178946221,49.93467525698791,100.0,100.0,0.0
49.93467525698791,49.93966872451361,49.78304993232503,49.788028735198544,100.0,100.0,0.0
49.788028735198544,49.79300753807206,49.6323761622784,49.637339896268024,100.0,100.0,0.0
49.637339896268024,49.64230363025765,49.48707928470463,49.492028487553384,100.0,100.0,0.0
49.492028487553384,49.49697769040214,49.33093939937112,49.335872986669784,100.0,100.0,0.0
49.335872986669784,49.34080657396845,49.195125917945504,49.200045922537754,100.0,100.0,0.0
49.200045922537754,49.204965927130004,49.052566838035915,49.05747258529444,100.0,100.0,0.0
49.05747258529444,49.06237833255297,48.908056235873666,48.91294753062673,100.0,100.0,0.0
48.91294753062673,48.917838825379796,48.75802761295793,48.76290390334827,100.0,100.0,0.0
48.76290390334827,48.7677801937386,48.61504688880899,48.61990887969696,100.0,100.0,0.0
48.61990887969696,48.624770870584925,48.47198886937419,48.476836553029486,100.0,100.0,0.0
48.476836553029486,48.481684236684785,48.32773660637775,48.332569863364085,100.0,100.0,0.0
48.332569863364085,48.33740312035042,48.176091055493586,48.180909146408226,100.0,100.0,0.0
48.180909146408226,48.185727237322865,48.03373545316654,48.03853930709725,100.0,100.0,0.0
48.03853930709725,48.04334316102796,47.8918463779246,47.89663604152875,100.0,100.0,0.0
47.89663604152875,47.9014257051329,47.74959427743324,47.75436971440468,100.0,100.0,0.0
47.75436971440468,47.759145151376124,47.611528634505596,47.61629026353195,100.0,100.0,0.0
47.61629026353195,47.621051892558306,47.478132883409124,47.48288117152627,100.0,100.0,0.0
47.48288117152627,47.48762945964342,47.34276338078194,47.347498130595,100.0,100.0,0.0
47.347498130595,47.35223288040806,47.20062041245868,47.205340946553335,100.0,100.0,0.0
47.205340946553335,47.21006148064799,47.05801937225265,47.062725644817135,100.0,100.0,0.0
47.062725644817135,47.06743191738162,46.9193762815595,46.92406868842834,100.0,100.0,0.0
46.92406868842834,46.92876109529718,46.762212675675215,46.76688936461168,100.0,100.0,0.0
46.76688936461168,46.77156605354814,46.626853592074745,46.63151674374912,100.0,100.0,0.0
46.63151674374912,46.63617989542349,46.481677744344296,46.48632637698199,100.0,100.0,0.0
46.48632637698199,46.49097500961969,46.34487655641552,46.34951150756628,100.0,100.0,0.0
46.34951150756628,46.35414645871703,46.206036990801856,46.210658056607514,100.0,100.0,0.0
46.210658056607514,46.21527912241317,46.06673280505412,46.07133993904803,100.0,100.0,0.0
46.07133993904803,46.07594707304194,45.926343911983814,45.930937005684385,100.0,100.0,0.0
45.930937005684385,45.935530099384955,45.790299927130334,45.79487941507184,100.0,100.0,0.0
45.79487941507184,45.799458903013345,45.64386967723979,45.64843452069186,100.0,100.0,0.0
45.64843452069186,45.65299936414392,45.50255835418874,45.50710906509525,100.0,100.0,0.0
45.50710906509525,45.51165977600176,45.36722770259824,45.37176487908615,100.0,100.0,0.0
45.37176487908615,45.37630205557406,45.229877458091,45.23440089818082,100.0,100.0,0.0
45.23440089818082,45.23892433827064,45.09174113221173,45.09625075728746,100.0,100.0,0.0
45.09625075728746,45.100760382363184,44.95369567676846,44.95819149591805,100.0,100.0,0.0
44.95819149591805,44.96268731506764,44.81922091696388,44.82370328729261,100.0,100.0,0.0
44.82370328729261,44.82818565762134,44.68752850780788,44.69199770757864,100.0,100.0,0.0
44.69199770757864,44.696466907349404,44.547521888223194,44.55197708593179,100.0,100.0,0.0
44.55197708593179,44.55643228364038,44.412811025285336,44.417252750560394,100.0,100.0,0.0
44.417252750560394,44.42169447583545,44.28097349709424,44.28540203729796,100.0,100.0,0.0
44.28540203729796,44.28983057750169,44.14433916927269,44.148754044677155,100.0,100.0,0.0
44.148754044677155,44.15316892008162,44.01407856687442,44.018480414915906,100.0,100.0,0.0
44.018480414915906,44.022882262957395,43.87680052928622,43.88118864815104,100.0,100.0,0.0
43.88118864815104,43.885576767015856,43.74919417735516,43.75356953430859,100.0,100.0,0.0
43.75356953430859,43.75794489126202,43.61596492644961,43.62032695914552,100.0,100.0,0.0
43.62032695914552,43.62468899184144,43.48213486646946,43.48648351482094,100.0,100.0,0.0
43.48648351482094,43.62366640357044,43.48213486646946,43.61930447312313,100.0,100.0,0.0
43.61930447312313,43.75186161403133,43.61494254267582,43.74748686534479,100.0,100.0,0.0
43.74748686534479,43.88430287444134,43.74311211665825,43.879914882953045,100.0,100.0,0.0
43.879914882953045,44.012317699577636,43.87552689146475,44.007916907886845,100.0,100.0,0.0
44.007916907886845,44.14672536714139,44.00351611619605,44.14231113602779,100.0,100.0,0.0
44.14231113602779,44.279168169194826,44.13789690491419,44.27474069512532,100.0,100.0,0.0
44.27474069512532,44.40909775145353,44.27031322105581,44.40465728572496,100.0,100.0,0.0
44.40465728572496,44.54751049411203,44.40021681999639,44.54305618849318,100.0,100.0,0.0
44.54305618849318,44.67072265047979,44.53860188287433,44.6662560248773,100.0,100.0,0.0
44.6662560248773,44.80222970385075,44.66178939927481,44.79774992885786,100.0,100.0,0.0
44.79774992885786,44.9348337242981,44.793270153864974,44.93034069022908,100.0,100.0,0.0
44.93034069022908,45.067878346416755,44.92584765616006,45.06337200921583,100.0,100.0,0.0
45.06337200921583,45.208844802955866,45.05886567201491,45.20432437051881,100.0,100.0,0.0
45.20432437051881,45.34205923167892,45.19980393808176,45.337525479131,100.0,100.0,0.0
45.337525479131,45.482990117938556,45.33299172658309,45.47844227371119,100.0,100.0,0.0
45.47844227371119,45.61889584568626,45.47389442948382,45.614334412245036,100.0,100.0,0.0
45.614334412245036,45.7523348325449,45.60977297880381,45.74776005653925,100.0,100.0,0.0
45.74776005653925,45.883456348497916,45.743185280533595,45.87886846165175,100.0,100.0,0.0
45.87886846165175,46.021252395465524,45.87428057480558,46.016650730392485,100.0,100.0,0.0
46.016650730392485,46.155963066947834,46.012049065319445,46.15134793215462,100.0,100.0,0.0
46.15134793215462,46.295359184789774,46.14673279736141,46.29073011177859,100.0,100.0,0.0
46.29073011177859,46.43062002479306,46.28610103876741,46.425977427050356,100.0,100.0,0.0
46.425977427050356,46.578688416951486,46.42133482930765,46.5740310138501,100.0,100.0,0.0
46.5740310138501,46.71719244268826,46.56937361074872,46.7125211905692,100.0,100.0,0.0
46.7125211905692,46.857198024669266,46.70784993845014,46.85251277339193,100.0,100.0,0.0
46.85251277339193,47.00108537195737,46.84782752211459,46.99638573338404,100.0,100.0,0.0
46.99638573338404,47.13692395444217,46.9916860948107,47.13221073336883,100.0,100.0,0.0
47.13221073336883,47.27660525467999,47.12749751229549,47.271878066873306,100.0,100.0,0.0
47.271878066873306,47.422038404178465,47.26715087906662,47.417296674511014,100.0,100.0,0.0
47.417296674511014,47.56269211791007,47.41255494484356,47.55793632427764,100.0,100.0,0.0
47.55793632427764,47.70215085115814,47.553180530645214,47.69738111304683,100.0,100.0,0.0
47.69738111304683,47.84348578190524,47.692611374935524,47.83870191171407,100.0,100.0,0.0
47.83870191171407,47.98886736874948,47.8339180415229,47.984068961853296,100.0,100.0,0.0
47.984068961853296,48.13686361382066,47.97927055495711,48.13205040877978,100.0,100.0,0.0
48.13205040877978,48.27672293511627,48.12723720373891,48.27189574554171,100.0,100.0,0.0
48.27189574554171,48.42662644349524,48.26706855596716,48.42178426506873,100.0,100.0,0.0
48.42178426506873,48.577378380987916,48.41694208664222,48.57252112887503,100.0,100.0,0.0
48.57252112887503,48.72322273107341,48.56766387676215,48.71835089598382,100.0,100.0,0.0
48.71835089598382,48.881347222839366,48.71347906089422,48.87645957688168,100.0,100.0,0.0
48.87645957688168,49.032436764111964,48.87157193092399,49.027534010710895,100.0,100.0,0.0
49.027534010710895,49.17916143318002,49.022631257309826,49.17424400877914,100.0,100.0,0.0
49.17424400877914,49.33013657191602,49.16932658437826,49.32520405151087,100.0,100.0,0.0
49.32520405151087,49.47246548468666,49.320271531105725,49.467518732813375,100.0,100.0,0.0
49.467518732813375,49.61341701405813,49.46257198094009,49.608456168441286,100.0,100.0,0.0
49.608456168441286,49.76265589899294,49.60349532282444,49.75768013097984,100.0,100.0,0.0
49.75768013097984,49.90856651648855,49.752704362966746,49.90357615887266,100.0,100.0,0.0
49.90357615887266,50.056559169266926,49.89858580125677,50.05155401386554,100.0,100.0,0.0
50.05155401386554,50.207298663747814,50.046548858464156,50.202278435904226,100.0,100.0,0.0
50.202278435904226,50.36104880037189,50.19725820806064,50.356013199051986,100.0,100.0,0.0
50.356013199051986,50.50683805742831,50.35097759773208,50.50178787864045,100.0,100.0,0.0
50.50178787864045,50.66491082574483,50.49673769985259,50.65984484126071,100.0,100.0,0.0
50.65984484126071,50.823169505608824,50.65477885677658,50.81808769683914,100.0,100.0,0.0
50.81808769683914,50.97750324189122,50.81300588806946,50.97240600129109,100.0,100.0,0.0
50.97240600129109,51.137744704825586,50.96730876069096,51.13263144168142,100.0,100.0,0.0
51.13263144168142,51.29036901173118,51.12751817853725,51.285240487682415,100.0,100.0,0.0
51.285240487682415,51.439166155622125,51.28011196363365,51.43402275334679,100.0,100.0,0.0
51.43402275334679,51.59625982924833,51.42887935107145,51.59110071917642,100.0,100.0,0.0
51.59110071917642,51.75534694855958,51.5859416091045,51.75017193136644,100.0,100.0,0.0
51.75017193136644,51.91241921810811,51.7449969141733,51.907228495258586,100.0,100.0,0.0
51.907228495258586,52.0674764156236,51.90203777240906,52.06227018860474,100.0,100.0,0.0
52.06227018860474,52.2241651141332,52.05706396158588,52.21894321981122,100.0,100.0,0.0
52.21894321981122,52.381527945774835,52.213721325489246,52.37629031674316,100.0,100.0,0.0
52.37629031674316,52.538205091986114,52.37105268771148,52.53295179680644,100.0,100.0,0.0
52.53295179680644,52.69802085326694,52.52769850162676,52.69275157810913,100.0,100.0,0.0
52.69275157810913,52.85403882752331,52.687482302951324,52.8487539521281,100.0,100.0,0.0
52.8487539521281,53.01731523110774,52.84346907673289,53.012014029704766,100.0,100.0,0.0
53.012014029704766,53.183749997657856,53.006712828301794,53.17843215444241,100.0,100.0,0.0
53.17843215444241,53.350539827585514,53.17311431122697,53.34520530705481,100.0,100.0,0.0
53.34520530705481,53.51078246583465,53.33987078652411,53.50543192264239,100.0,100.0,0.0
53.50543192264239,53.677885467407535,53.50008137945012,53.672518215585974,100.0,100.0,0.0
53.672518215585974,53.84353121141165,53.66715096376441,53.838147396671985,100.0,100.0,0.0
53.838147396671985,54.00630766774362,53.83276358193232,54.000907576985924,100.0,100.0,0.0
54.000907576985924,54.17384590732839,53.99550748622823,54.16842906442195,100.0,100.0,0.0
54.16842906442195,54.32900373843177,54.16301222151551,54.32357138129365,100.0,100.0,0.0
54.32357138129365,54.496785441204054,54.31813902415552,54.4913363075733,100.0,100.0,0.0
54.4913363075733,54.65563612262038,54.485887173942544,54.65017110550983,100.0,100.0,0.0
54.65017110550983,54.81259830323453,54.644706088399275,54.80711759147538,100.0,100.0,0.0
54.80711759147538,54.97805241364478,54.801636879716234,54.97255515812897,100.0,100.0,0.0
54.97255515812897,55.13677037703635,54.967057902613156,55.13125725131122,100.0,100.0,0.0
55.13125725131122,55.304608715523294,55.12574412558609,55.29907880764253,100.0,100.0,0.0
55.29907880764253,55.47615488894776,55.29354889976177,55.470607828164944,100.0,100.0,0.0
55.470607828164944,55.64303176870233,55.46506076738213,55.63746802190014,100.0,100.0,0.0
55.63746802190014,55.810345676324886,55.63190427509795,55.804765199804905,100.0,100.0,0.0
55.804765199804905,55.97536099120526,55.799184723284924,55.96976401480378,100.0,100.0,0.0
55.96976401480378,56.14719944067914,55.9641670384023,56.14158528215092,100.0,100.0,0.0
56.14158528215092,56.30596292073031,56.1359711236227,56.30033288744156,100.0,100.0,0.0
56.30033288744156,56.467450619440584,56.29470285415282,56.46180443899669,100.0,100.0,0.0
56.46180443899669,56.63015165695518,56.45615825855279,56.624489208034376,100.0,100.0,0.0
56.624489208034376,56.807403738011665,56.618826759113574,56.8017235656551,100.0,100.0,0.0
56.8017235656551,56.973187450756555,56.79604339329854,56.96749070168639,100.0,100.0,0.0
56.96749070168639,57.1447097235038,56.96179395261622,57.13899582392141,100.0,100.0,0.0
57.13899582392141,57.31451164151086,57.13328192433902,57.30878076343452,100.0,100.0,0.0
57.30878076343452,57.48459272508651,57.30304988535818,57.47884484060245,100.0,100.0,0.0
57.47884484060245,57.64760736385726,57.47309695611839,57.64184317953931,100.0,100.0,0.0
57.64184317953931,57.64760736385726,57.466881915596026,57.47262917851388,100.0,100.0,0.0
57.47262917851388,57.47837644143173,57.28567564117629,57.29140478165446,100.0,100.0,0.0
57.29140478165446,57.29713392213262,57.11025445591494,57.11596605252019,100.0,100.0,0.0
57.11596605252019,57.121677649125445,56.93622470886378,56.941918900753855,100.0,100.0,0.0
56.941918900753855,56.94761309264393,56.77124805855686,56.77692575113197,100.0,100.0,0.0
56.77692575113197,56.78260344370708,56.600832013221684,56.60649266248793,100.0,100.0,0.0
56.60649266248793,56.61215331175418,56.43676867424934,56.4424129155409,100.0,100.0,0.0
56.4424129155409,56.448057156832455,56.26217462853176,56.267801408672625,100.0,100.0,0.0
56.267801408672625,56.27342818881349,56.09874044991629,56.10435088500479,100.0,100.0,0.0
56.10435088500479,56.10996132009329,55.92928824000144,55.934881728174254,100.0,100.0,0.0
55.934881728174254,55.94047521634707,55.76224442496579,55.7678212070865,100.0,100.0,0.0
55.7678212070865,55.773397989207204,55.59110384295303,55.59666350930396,100.0,100.0,0.0
55.59666350930396,55.602223175654885,55.42743966675249,55.43298296504899,100.0,100.0,0.0
55.43298296504899,55.438526263345494,55.27076875197249,55.27629638161065,100.0,100.0,0.0
55.27629638161065,55.28182401124881,55.11140032736688,55.11691201856873,100.0,100.0,0.0
55.11691201856873,55.12242370977059,54.95177436840546,54.957270095415,100.0,100.0,0.0
54.957270095415,54.96276582242454,54.78671408215994,54.79219330149009,100.0,100.0,0.0
54.79219330149009,54.797672520820235,54.62664306062439,54.632106271251516,100.0,100.0,0.0
54.632106271251516,54.63756948187864,54.45953211844375,54.46497861630537,100.0,100.0,0.0
54.46497861630537,54.470425114167,54.296805673735946,54.30223589732568,100.0,100.0,0.0
54.30223589732568,54.307666120915414,54.13043648208933,54.13585006709604,100.0,100.0,0.0
54.13585006709604,54.141263652102744,53.96806862579671,53.97346597239395,100.0,100.0,0.0
53.97346597239395,53.978863318991195,53.817250098423806,53.82263236165997,100.0,100.0,0.0
53.82263236165997,53.828014624896134,53.65622445000646,53.66159060906737,100.0,100.0,0.0
53.66159060906737,53.66695676812827,53.49338141051115,53.498731283639515,100.0,100.0,0.0
53.498731283639515,53.50408115676788,53.325305104168116,53.330638167984915,100.0,100.0,0.0
53.330638167984915,53.335971231801715,53.16849242252688,53.17380980350723,100.0,100.0,0.0
53.17380980350723,53.179127184487584,53.00257674571937,53.007877533472715,100.0,100.0,0.0
53.007877533472715,53.013178321226064,52.84759150915554,52.852876796835226,100.0,100.0,0.0
52.852876796835226,52.85816208451491,52.68919161579489,52.69446106190108,100.0,100.0,0.0
52.69446106190108,52.69973050800727,52.52663802091522,52.53189121003623,100.0,100.0,0.0
52.53189121003623,52.537144399157235,52.363880795950095,52.36911770772087,100.0,100.0,0.0
52.36911770772087,52.37435461949164,52.21124841172539,52.21647005873127,100.0,100.0,0.0
52.21647005873127,52.22169170573714,52.05859737108679,52.06380375146193,100.0,100.0,0.0
52.06380375146193,52.069010131837075,51.904345352858144,51.90953630648879,100.0,100.0,0.0
51.90953630648879,51.914727260119435,51.75675555109589,51.76193174427032,100.0,100.0,0.0
51.76193174427032,51.76710793744475,51.6077997789335,51.612961075041,100.0,100.0,0.0
51.612961075041,51.6181223711485,51.450918624416644,51.45606423083973,100.0,100.0,0.0
51.45606423083973,51.461209837262814,51.29506903622345,51.30019905612907,100.0,100.0,0.0
51.30019905612907,51.30532907603468,51.14449182278414,51.14960678346249,100.0,100.0,0.0
51.14960678346249,51.154721744140836,50.990950830964536,50.99605043600813,100.0,100.0,0.0
50.99605043600813,51.00115004105173,50.84115620736443,50.846240831447574,100.0,100.0,0.0
50.846240831447574,50.85132545553072,50.692348875366704,50.69741861722843,100.0,100.0,0.0
50.69741861722843,50.702488359090154,50.53739540848374,50.54244965344908,100.0,100.0,0.0
50.54244965344908,50.547503898414426,50.388866483408314,50.39390587399571,100.0,100.0,0.0
50.39390587399571,50.39894526458311,50.23606585889602,50.241089967892805,100.0,100.0,0.0
50.241089967892805,50.24611407688959,50.0939185273899,50.09892842023193,100.0,100.0,0.0
50.09892842023193,50.103938313073954,49.94374705822938,49.94874193242262,100.0,100.0,0.0
49.94874193242262,49.953736806615865,49.78780163703942,49.79278091513093,100.0,100.0,0.0
49.79278091513093,49.797760193222445,49.64303171612385,49.647996515775425,100.0,100.0,0.0
49.647996515775425,49.652961315427,49.4909559986229,49.49590558918182,100.0,100.0,0.0
49.49590558918182,49.50085517974073,49.34874417138816,49.353679539342096,100.0,100.0,0.0
49.353679539342096,49.35861490729603,49.207947574761725,49.21286886164789,100.0,100.0,0.0
49.21286886164789,49.21779014853406,49.054557574277794,49.059463520629855,100.0,100.0,0.0
49.059463520629855,49.064369466981915,48.90509986965908,48.90999086874596,100.0,100.0,0.0
48.90999086874596,48.91488186783283,48.769400100676165,48.77427752842901,100.0,100.0,0.0
48.77427752842901,48.779154956181856,48.624697857706984,48.62956081378836,100.0,100.0,0.0
48.62956081378836,48.634423769869734,48.479226361718986,48.48407476919591,100.0,100.0,0.0
48.48407476919591,48.48892317667283,48.33508992001006,48.339923912401304,100.0,100.0,0.0
48.339923912401304,48.344757904792544,48.19042833316998,48.19524785795578,100.0,100.0,0.0
48.19524785795578,48.20006738274157,48.048577536994856,48.05338287528238,100.0,100.0,0.0
48.05338287528238,48.058188213569906,47.90368742625052,47.90847827407793,100.0,100.0,0.0
47.90847827407793,48.05693160768651,47.90368742625052,48.052126395047004,100.0,100.0,0.0
48.052126395047004,48.20766852490739,48.0473211824075,48.202848240083384,100.0,100.0,0.0
48.202848240083384,48.34865668575685,48.19802795525938,48.3438223035265,100.0,100.0,0.0
48.3438223035265,48.49227964146332,48.33898792129615,48.48743089837348,100.0,100.0,0.0
48.48743089837348,48.6348053679174,48.482582155283644,48.62994237368003,100.0,100.0,0.0
48.62994237368003,48.787054977015636,48.62507937944266,48.782176759339706,100.0,100.0,0.0
48.782176759339706,48.93191983749767,48.777298541663775,48.92702713478419,100.0,100.0,0.0
48.92702713478419,49.07582856797317,48.92213443207071,49.070921475825585,100.0,100.0,0.0
49.070921475825585,49.2169336688449,49.066014383678,49.21201246759814,100.0,100.0,0.0
49.21201246759814,49.365586040885205,49.207091266351384,49.36064997588762,100.0,100.0,0.0
49.36064997588762,49.51905359803569,49.35571391089003,49.51410218781691,100.0,100.0,0.0
49.51410218781691,49.663205493061604,49.50915077759813,49.6582396690947,100.0,100.0,0.0
49.6582396690947,49.81239600442742,49.65327384512779,49.80741526290113,100.0,100.0,0.0
49.80741526290113,49.95918862800111,49.80243452137484,49.95419320868024,100.0,100.0,0.0
49.95419320868024,50.10212333246383,49.94919778935937,50.09711362110173,100.0,100.0,0.0
50.09711362110173,50.25579549671555,50.09210390973962,50.250770419673586,100.0,100.0,0.0
50.250770419673586,50.41137016456374,50.24574534263162,50.40632953161058,100.0,100.0,0.0
50.40632953161058,50.56605935102973,50.40128889865742,50.56100325070466,100.0,100.0,0.0
50.56100325070466,50.715047605479846,50.55594715037959,50.709976607819065,100.0,100.0,0.0
50.709976607819065,50.865626169937805,50.704905610158285,50.86054011592621,100.0,100.0,0.0
50.86054011592621,51.025404414516544,50.85545406191462,51.02030238427812,100.0,100.0,0.0
51.02030238427812,51.17897568428961,51.01520035403969,51.17385829845976,100.0,100.0,0.0
51.17385829845976,51.330898840942595,51.168740912629914,51.325766264316165,100.0,100.0,0.0
51.325766264316165,51.47911492145268,51.320633687689735,51.47396752470021,100.0,100.0,0.0
51.47396752470021,51.62384906782104,51.46882012794774,51.61868719910113,100.0,100.0,0.0
51.61868719910113,51.779203632087714,51.61352533038122,51.774026229464766,100.0,100.0,0.0
51.774026229464766,51.937780297716664,51.76884882684182,51.932587039012766,100.0,100.0,0.0
51.932587039012766,52.08678725460567,51.92739378030887,52.081579096696,100.0,100.0,0.0
52.081579096696,52.24903382106061,52.076370938786326,52.24380944011659,100.0,100.0,0.0
52.24380944011659,52.407215232332746,52.23858505917258,52.40197503482926,100.0,100.0,0.0
52.40197503482926,52.56943586539131,52.39673483732578,52.56417944744657,100.0,100.0,0.0
52.56417944744657,52.73429722397858,52.55892302950183,52.729024321546426,100.0,100.0,0.0
52.729024321546426,52.896772551792836,52.72375141911427,52.89148340345249,100.0,100.0,0.0
52.89148340345249,53.06809742812784,52.886194255112144,53.062791149012945,100.0,100.0,0.0
53.062791149012945,53.22712568574281,53.05748486989805,53.22180350539227,100.0,100.0,0.0
53.22180350539227,53.385957859855836,53.216481325041734,53.38061979787605,100.0,100.0,0.0
53.38061979787605,53.543129988897235,53.375281735896266,53.53777621127611,100.0,100.0,0.0
53.53777621127611,53.71180297070939,53.532422433654986,53.70643232747665,100.0,100.0,0.0
53.70643232747665,53.8768740421427,53.7010616842439,53.87148689345336,100.0,100.0,0.0
53.87148689345336,54.03490495122823,53.866099744764014,54.02950200102813,100.0,100.0,0.0
54.02950200102813,54.20127258441477,54.02409905082803,54.195852999114855,100.0,100.0,0.0
54.195852999114855,54.3663970181694,54.190433413814944,54.3609609220772,100.0,100.0,0.0
54.3609609220772,54.52085644043018,54.35552482598499,54.51540489994019,100.0,100.0,0.0
54.51540489994019,54.692477367646035,54.50995335945019,54.687008666779356,100.0,100.0,0.0
54.687008666779356,54.854183389321555,54.68153996591268,54.84869851946961,100.0,100.0,0.0
54.84869851946961,55.01259071009386,54.84321364961766,55.00709000109375,100.0,100.0,0.0
55.00709000109375,55.181830583520245,55.00158929209364,55.176312952225025,100.0,100.0,0.0
55.176312952225025,55.35199036092758,55.170795320929805,55.34645571535604,100.0,100.0,0.0
55.34645571535604,55.522569317308445,55.34092106978451,55.51701761554689,100.0,100.0,0.0
55.51701761554689,55.69533160680761,55.51146591378534,55.68976263054456,100.0,100.0,0.0
55.68976263054456,55.86796752632976,55.6841936542815,55.862381288200936,100.0,100.0,0.0
55.862381288200936,56.04016658682507,55.856795050072115,56.03456313051202,100.0,100.0,0.0
56.03456313051202,56.20541570361976,56.028959674198966,56.199795724047355,100.0,100.0,0.0
56.199795724047355,56.37114974974934,56.194175744474954,56.3655131984295,100.0,100.0,0.0
56.3655131984295,56.548392018656145,56.35987664710965,56.542737744881656,100.0,100.0,0.0
56.542737744881656,56.715153681506514,56.53708347110717,56.709482733233195,100.0,100.0,0.0
56.709482733233195,56.881640135707,56.703811784959875,56.87595254045296,100.0,100.0,0.0
56.87595254045296,57.04919772553838,56.87026494519891,57.04349337620076,100.0,100.0,0.0
57.04349337620076,57.219604705714545,57.03778902686314,57.21388331738281,100.0,100.0,0.0
57.21388331738281,57.39818838180474,57.20816192905107,57.392449136891045,100.0,100.0,0.0
57.392449136891045,57.57339432156443,57.386709891977354,57.56763755780865,100.0,100.0,0.0
57.56763755780865,57.74312634417385,57.561880794052875,57.737352608912964,100.0,100.0,0.0
57.737352608912964,57.92340192857073,57.731578873652076,57.91761016755398,100.0,100.0,0.0
57.91761016755398,58.09570633309742,57.91181840653723,58.089897343363084,100.0,100.0,0.0
58.089897343363084,58.26652425950283,58.08408835362875,58.260698189683865,100.0,100.0,0.0
58.260698189683865,58.4462442206741,58.2548721198649,58.44040018065604,100.0,100.0,0.0
58.44040018065604,58.62722116788458,58.43455614063798,58.62135903198138,100.0,100.0,0.0
58.62135903198138,58.810173531324715,58.61549689607818,58.80429310201451,100.0,100.0,0.0
58.80429310201451,58.983642339944716,58.79841267270431,58.977744565488166,100.0,100.0,0.0
58.977744565488166,59.159793624463184,58.971846791031616,59.15387823663952,100.0,100.0,0.0
59.15387823663952,59.32895364552662,59.14796284881586,59.32302134339228,100.0,100.0,0.0
59.32302134339228,59.49636264055966,59.31708904125794,59.49041359919974,100.0,100.0,0.0
59.49041359919974,59.66905595734269,59.48446455783982,59.663089648377856,100.0,100.0,0.0
59.663089648377856,59.66905595734269,59.47479515844571,59.48074323276899,100.0,100.0,0.0
59.48074323276899,59.486691307092265,59.29794137410517,59.3038717612813,100.0,100.0,0.0
59.3038717612813,59.30980214845743,59.11782812243022,59.12374049647987,100.0,100.0,0.0
59.12374049647987,59.12965287052952,58.930000269196476,58.93589385858233,100.0,100.0,0.0
58.93589385858233,58.94178744796819,58.75641079074707,58.76228701944901,100.0,100.0,0.0
58.76228701944901,58.768163248150955,58.57981443231259,58.58567299961255,100.0,100.0,0.0
58.58567299961255,58.59153156691251,58.407959167898454,58.41380054795325,100.0,100.0,0.0
58.41380054795325,58.41964192800805,58.23685109706879,58.24267536460525,100.0,100.0,0.0
58.24267536460525,58.24849963214171,58.0509772256008,58.05678290389119,100.0,100.0,0.0
58.05678290389119,58.062588582181576,57.882201762741865,57.88799056179804,100.0,100.0,0.0
57.88799056179804,57.89377936085422,57.70336337811011,57.709134291539264,100.0,100.0,0.0
57.709134291539264,57.71490520496842,57.53102622540884,57.53677990339918,100.0,100.0,0.0
57.53677990339918,57.54253358138952,57.362330229781506,57.36806703648515,100.0,100.0,0.0
57.36806703648515,57.373803843188796,57.1957791233699,57.20149927329723,100.0,100.0,0.0
57.20149927329723,57.20721942322456,57.02828697742441,57.03399037646205,100.0,100.0,0.0
57.03399037646205,57.03969377549969,56.85836807742206,56.864054482870344,100.0,100.0,0.0
56.864054482870344,56.86974088831863,56.69012533940772,56.69579491889961,100.0,100.0,0.0
56.69579491889961,56.701464498391495,56.52918751558435,56.53484099968431,100.0,100.0,0.0
56.53484099968431,56.54049448378428,56.36301517292835,56.36865203813216,100.0,100.0,0.0
56.36865203813216,56.37428890333597,56.1893017518214,56.19492124394579,100.0,100.0,0.0
56.19492124394579,56.20054073607019,56.01633239985599,56.02193459331532,100.0,100.0,0.0
56.02193459331532,56.027536786774654,55.85426303564791,55.859849020549966,100.0,100.0,0.0
55.859849020549966,55.86543500545202,55.685538018435395,55.69110712914831,100.0,100.0,0.0
55.69110712914831,55.69667623986122,55.525204170985226,55.530757246709896,100.0,100.0,0.0
55.530757246709896,55.536310322434566,55.3614903388439,55.367027041548056,100.0,100.0,0.0
55.367027041548056,55.37256374425221,55.19285237139746,55.198372208618316,100.0,100.0,0.0
55.198372208618316,55.203892045839176,55.02076271179374,55.026265338327576,100.0,100.0,0.0
55.026265338327576,55.03176796486141,54.85555646634973,54.86104257060679,100.0,100.0,0.0
54.86104257060679,54.86652867486385,54.691303372758675,54.69677305006368,100.0,100.0,0.0
54.69677305006368,54.70224272736869,54.52798790698087,54.53344125110598,100.0,100.0,0.0
54.53344125110598,54.538894595231085,54.35840210438712,54.36383848823594,100.0,100.0,0.0
54.36383848823594,54.369274872084766,54.19391580622376,54.19933573979774,100.0,100.0,0.0
54.19933573979774,54.20475567337172,54.03322708011172,54.038630943206044,100.0,100.0,0.0
54.038630943206044,54.04403480630037,53.86654624021089,53.87193343355424,100.0,100.0,0.0
53.87193343355424,53.87732062689759,53.70317878296951,53.7085496379333,100.0,100.0,0.0
53.7085496379333,53.713920492897095,53.546963428049644,53.552318659915635,100.0,100.0,0.0
53.552318659915635,53.557673891781626,53.384346358313486,53.38968532684617,100.0,100.0,0.0
53.38968532684617,53.39502429537885,53.22972783809399,53.235051343228314,100.0,100.0,0.0
53.235051343228314,53.240374848362634,53.069532802452336,53.074840286480985,100.0,100.0,0.0
53.074840286480985,53.08014777050963,52.912363170499425,52.91765493599302,100.0,100.0,0.0
52.91765493599302,52.922946701486616,52.76152957235074,52.76680625297604,100.0,100.0,0.0
52.76680625297604,52.77208293360134,52.60871557097423,52.6139769686711,100.0,100.0,0.0
52.6139769686711,52.61923836636797,52.45820685990381,52.46345320522433,100.0,100.0,0.0
52.46345320522433,52.468699550544855,52.2963537725027,52.30158393089579,100.0,100.0,0.0
52.30158393089579,52.30681408928888,52.140821556764955,52.146036160380994,100.0,100.0,0.0
52.146036160380994,52.151250763997034,51.98876155844703,51.99396095454249,100.0,100.0,0.0
51.99396095454249,51.99916035063794,51.83672154828977,51.84190573886366,100.0,100.0,0.0
51.84190573886366,51.847089929437544,51.68185777625918,51.68702647890707,100.0,100.0,0.0
51.68702647890707,51.692195181554965,51.533900482029885,51.53905438746863,100.0,100.0,0.0
51.53905438746863,51.54420829290738,51.37943213604163,51.38457059310094,100.0,100.0,0.0
51.38457059310094,51.38970905016025,51.227434275823086,51.23255753157624,100.0,100.0,0.0
51.23255753157624,51.237680787329396,51.076172747460326,51.08128087554788,100.0,100.0,0.0
51.08128087554788,51.08638900363544,50.923438131696535,50.92853098479502,100.0,100.0,0.0
50.92853098479502,50.9336238378935,50.770952567236186,50.776030170253215,100.0,100.0,0.0
50.776030170253215,50.78110777327024,50.62565506892498,50.63071814073905,100.0,100.0,0.0
50.63071814073905,50.63578121255312,50.478417083995495,50.48346543053855,100.0,100.0,0.0
50.48346543053855,50.48851377708161,50.33699811282122,50.34203231605282,100.0,100.0,0.0
50.34203231605282,50.347066519284425,50.186438604170085,50.19145774994508,100.0,100.0,0.0
50.19145774994508,50.196476895720075,50.0323227117649,50.03732644440934,100.0,100.0,0.0
50.03732644440934,50.04233017705378,49.8806262920453,49.885614853530654,100.0,100.0,0.0
49.885614853530654,49.89060341501601,49.72858815985684,49.73356151600844,100.0,100.0,0.0
49.73356151600844,49.738534872160045,49.58428975724576,49.589248682113976,100.0,100.0,0.0
49.589248682113976,49.59420760698219,49.430887284081685,49.4358308671684,100.0,100.0,0.0
49.4358308671684,49.44077445025511,49.278061212954015,49.28298951190521,100.0,100.0,0.0
49.28298951190521,49.2879178108564,49.12982596830743,49.13473944225166,100.0,100.0,0.0
49.13473944225166,49.139652916195885,48.970141782111,48.9750392860396,100.0,100.0,0.0
48.9750392860396,48.97993678996821,48.82200152560078,48.826884214022186,100.0,100.0,0.0
48.826884214022186,48.83176690244359,48.67476201535498,48.679629978352814,100.0,100.0,0.0
48.679629978352814,48.68449794135065,48.51651468398521,48.521366820667275,100.0,100.0,0.0
48.521366820667275,48.52621895734934,48.37837444412358,48.38321276540012,100.0,100.0,0.0
48.38321276540012,48.388051086676654,48.229971070812866,48.23479455026789,100.0,100.0,0.0
48.23479455026789,48.23961802972292,48.089213927489546,48.09402332982253,100.0,100.0,0.0
48.09402332982253,48.09883273215551,47.956316207798004,47.96111231902991,100.0,100.0,0.0
47.96111231902991,48.10936783245959,47.956316207798004,48.10455737672192,100.0,100.0,0.0
48.10455737672192,48.248950328203826,48.09974692098425,48.244125915612265,100.0,100.0,0.0
48.244125915612265,48.39726575550939,48.239301503020705,48.3924265128581,100.0,100.0,0.0
48.3924265128581,48.54354958827949,48.387587270206815,48.53869571870762,100.0,100.0,0.0
48.53869571870762,48.69092051616505,48.533841849135754,48.68605191097395,100.0,100.0,0.0
48.68605191097395,48.83492191886961,48.68118330578285,48.83003891497811,100.0,100.0,0.0
48.83003891497811,48.97643477930323,48.82515591108661,48.97153762554068,100.0,100.0,0.0
48.97153762554068,49.125554141413,48.96664047177812,49.120642077205275,100.0,100.0,0.0
49.120642077205275,49.27109317613919,49.11573001299755,49.26616655948324,100.0,100.0,0.0
49.26616655948324,49.421337204070554,49.26123994282729,49.416395564514104,100.0,100.0,0.0
49.416395564514104,49.567234097005695,49.411453924957655,49.562277869218775,100.0,100.0,0.0
49.562277869218775,49.7085052292332,49.557321641431855,49.703534875745625,100.0,100.0,0.0
49.703534875745625,49.851956479545535,49.69856452225805,49.8469717823673,100.0,100.0,0.0
49.8469717823673,50.0046159946704,49.84198708518906,49.9996160330671,100.0,100.0,0.0
49.9996160330671,50.159311625419036,49.994616071463795,50.15429619579945,100.0,100.0,0.0
50.15429619579945,50.30961029336873,50.14928076617987,50.30457983538519,100.0,100.0,0.0
50.30457983538519,50.45771269869103,50.299549377401654,50.45266743194784,100.0,100.0,0.0
50.45266743194784,50.60914874993813,50.44762216520464,50.60408834110402,100.0,100.0,0.0
50.60408834110402,50.755986362124,50.599027932269905,50.7509112709969,100.0,100.0,0.0
50.7509112709969,50.90432711003073,50.745836179869805,50.8992371863121,100.0,100.0,0.0
50.8992371863121,51.05739376164767,50.89414726259347,51.052288532794385,100.0,100.0,0.0
51.052288532794385,51.2161622636524,51.047183303941104,51.21104115953645,100.0,100.0,0.0
51.21104115953645,51.371272426484815,51.2059200554205,51.36613581290352,100.0,100.0,0.0
51.36613581290352,51.52955721504459,51.36099919932223,51.52440477456713,100.0,100.0,0.0
51.52440477456713,51.68343487327684,51.51925233408967,51.67826704657218,100.0,100.0,0.0
51.67826704657218,51.8424153554304,51.673099219867524,51.83723163226717,100.0,100.0,0.0
51.83723163226717,51.99633265858214,51.83204790910394,51.99113354522762,100.0,100.0,0.0
51.99113354522762,52.161277725226164,51.9859344318731,52.156062119014265,100.0,100.0,0.0
52.156062119014265,52.3197275736155,52.15084651280237,52.3144961240031,100.0,100.0,0.0
52.3144961240031,52.477313737074155,52.3092646743907,52.47206653042112,100.0,100.0,0.0
52.47206653042112,52.64997056271712,52.46681932376808,52.64470609210791,100.0,100.0,0.0
52.64470609210791,52.820156213545346,52.6394416214987,52.81487472607274,100.0,100.0,0.0
52.81487472607274,52.97346170122707,52.80959323860013,52.9681648847386,100.0,100.0,0.0
52.9681648847386,53.13844905821791,52.962868068250124,53.13313574464345,100.0,100.0,0.0
53.13313574464345,53.30963506303955,53.127822431068985,53.30430463257629,100.0,100.0,0.0
53.30430463257629,53.47190832191197,53.29897420211303,53.466561665745395,100.0,100.0,0.0
53.466561665745395,53.62537312582063,53.46121500957882,53.62001112470816,100.0,100.0,0.0
53.62001112470816,53.78384853111912,53.61464912359568,53.77847068405072,100.0,100.0,0.0
53.77847068405072,53.93966847575644,53.773092836982315,53.934275048251614,100.0,100.0,0.0
53.934275048251614,54.10581628046853,53.928881620746786,54.100406239844546,100.0,100.0,0.0
54.100406239844546,54.27282617293456,54.09499619922056,54.26739943299126,100.0,100.0,0.0
54.26739943299126,54.430659645894195,54.261972693047966,54.42521712418178,100.0,100.0,0.0
54.42521712418178,54.598270231707666,54.41977460246936,54.5928109506126,100.0,100.0,0.0
54.5928109506126,54.75708334741356,54.58735166951754,54.7516081865949,100.0,100.0,0.0
54.7516081865949,54.9238908335792,54.74613302577624,54.91839899367983,100.0,100.0,0.0
54.91839899367983,55.085781359820174,54.91290715378046,55.080273332486925,100.0,100.0,0.0
55.080273332486925,55.25755982804668,55.074765305153676,55.252034624584226,100.0,100.0,0.0
55.252034624584226,55.42313235192125,55.24650942112177,55.41759059286196,100.0,100.0,0.0
55.41759059286196,55.59414511215503,55.41204883380268,55.588586253529684,100.0,100.0,0.0
55.588586253529684,55.753747071893635,55.583027394904335,55.74817225466817,100.0,100.0,0.0
55.74817225466817,55.92758200825063,55.742597437442704,55.921989809269704,100.0,100.0,0.0
55.921989809269704,56.08948434538007,55.916397610288776,56.083875957784294,100.0,100.0,0.0
56.083875957784294,56.259934414271015,56.078267570188515,56.25430898337268,100.0,100.0,0.0
56.25430898337268,56.43661599618344,56.24868355247435,56.43097289889355,100.0,100.0,0.0
56.43097289889355,56.60524342458809,56.42532980160366,56.59958346624146,100.0,100.0,0.0
56.59958346624146,56.78223656710909,56.593923507894836,56.77655891121797,100.0,100.0,0.0
56.77655891121797,56.95359191094704,56.77088125532685,56.94789712123492,100.0,100.0,0.0
56.94789712123492,57.13100567467362,56.94220233152279,57.12529314535908,100.0,100.0,0.0
57.12529314535908,57.311549990820765,57.119580616044544,57.30581940887988,100.0,100.0,0.0
57.30581940887988,57.48747660391971,57.30008882693899,57.481728431076604,100.0,100.0,0.0
57.481728431076604,57.667103939129575,57.4759802582335,57.66133780534904,100.0,100.0,0.0
57.66133780534904,57.85346125814072,57.65557167156851,57.84767649049167,100.0,100.0,0.0
57.84767649049167,58.03527422773424,57.841891722842625,58.02947128060618,100.0,100.0,0.0
58.02947128060618,58.20402575253325,58.02366833347812,58.19820593194005,100.0,100.0,0.0
58.19820593194005,58.38146860858059,58.192386111346856,58.37563104547604,100.0,100.0,0.0
58.37563104547604,58.55877552666013,58.36979348237149,58.552920234636666,100.0,100.0,0.0
58.552920234636666,58.72982999150994,58.547064942613204,58.72395759575036,100.0,100.0,0.0
58.72395759575036,58.904614662786976,58.71808519999079,58.898724790307945,100.0,100.0,0.0
58.898724790307945,59.06967657685559,58.892834917828914,59.06377019983561,100.0,100.0,0.0
59.06377019983561,59.23723197054431,59.05786382281563,59.23130883966034,100.0,100.0,0.0
59.23130883966034,59.419271541704234,59.22538570877638,59.41333020868337,100.0,100.0,0.0
59.41333020868337,59.596277789333996,59.407388875662505,59.59031875745825,100.0,100.0,0.0
59.59031875745825,59.77410566208927,59.5843597255825,59.76812884920435,100.0,100.0,0.0
59.76812884920435,59.95236473186518,59.762152036319435,59.946370094855695,100.0,100.0,0.0
59.946370094855695,59.95236473186518,59.75796071763211,59.763937111343246,100.0,100.0,0.0
59.763937111343246,59.76991350505438,59.57436090297482,59.5803189348683,100.0,100.0,0.0
59.5803189348683,59.58627696676179,59.39983691210704,59.40577748985603,100.0,100.0,0.0
59.40577748985603,59.411718067605015,59.22088582678277,59.226808507633535,100.0,100.0,0.0
59.226808507633535,59.2327311884843,59.05123194915872,59.05713766292501,100.0,100.0,0.0
59.05713766292501,59.0630433766913,58.86801771466338,58.8739051051739,100.0,100.0,0.0
58.8739051051739,58.87979249568441,58.69522667049742,58.70109678017543,100.0,100.0,0.0
58.70109678017543,58.70696688985345,58.524084624512156,58.52993761827398,100.0,100.0,0.0
58.52993761827398,58.53579061203581,58.34718193183321,58.35301723355657,100.0,100.0,0.0
58.35301723355657,58.35885253527993,58.167671460864945,58.17348880974592,100.0,100.0,0.0
58.17348880974592,58.17930615862689,57.99994785894279,58.00574843378617,100.0,100.0,0.0
58.00574843378617,58.011549008629544,57.83165934313104,57.83744308743978,100.0,100.0,0.0
57.83744308743978,57.843226831748524,57.663911892698465,57.669678860584526,100.0,100.0,0.0
57.669678860584526,57.675445828470586,57.49587360395895,57.501623766335584,100.0,100.0,0.0
57.501623766335584,57.50737392871222,57.32606753284251,57.3318007129138,100.0,100.0,0.0
57.3318007129138,57.337533892985086,57.1531920464339,57.158907937227625,100.0,100.0,0.0
57.158907937227625,57.16462382802135,56.99019234146719,56.99589193066026,100.0,100.0,0.0
56.99589193066026,57.00159151985332,56.830617719828794,56.83630134996379,100.0,100.0,0.0
56.83630134996379,56.841984980098786,56.66675329732577,56.67242053937971,100.0,100.0,0.0
56.67242053937971,56.678087781433646,56.50703818317894,56.51268945212416,100.0,100.0,0.0
56.51268945212416,56.51834072106937,56.3285632020977,56.33419662175987,100.0,100.0,0.0
56.33419662175987,56.33983004142205,56.16005466641315,56.16567123353651,100.0,100.0,0.0
56.16567123353651,56.17128780065986,55.989562124740914,55.995161640905,100.0,100.0,0.0
55.995161640905,56.00076115706909,55.8158946514513,55.82147679913121,100.0,100.0,0.0
55.82147679913121,55.82705894681112,55.63726486296961,55.6428291458842,100.0,100.0,0.0
55.6428291458842,55.64839342879879,55.47526525509506,55.4808133364287,100.0,100.0,0.0
55.4808133364287,55.486361417762346,55.31438021049976,55.31991220171994,100.0,100.0,0.0
55.31991220171994,55.32544419294011,55.144416430770335,55.149931423912726,100.0,100.0,0.0
55.149931423912726,55.15544641705512,54.97680357614729,54.982301806327925,100.0,100.0,0.0
54.982301806327925,54.98780003650856,54.80795213242477,54.81343347577234,100.0,100.0,0.0
54.81343347577234,54.81891481911992,54.63858708420951,54.644051489358446,100.0,100.0,0.0
54.644051489358446,54.64951589450738,54.473990175080466,54.479438118892354,100.0,100.0,0.0
54.479438118892354,54.48488606270424,54.32218413769861,54.32761689938855,100.0,100.0,0.0
54.32761689938855,54.33304966107849,54.15798925067636,54.16340559123548,100.0,100.0,0.0
54.16340559123548,54.168821931794604,53.99695616249174,54.00235639813155,100.0,100.0,0.0
54.00235639813155,54.007756633771365,53.8369247149728,53.84230894586739,100.0,100.0,0.0
53.84230894586739,53.84769317676197,53.674234731299286,53.67960269156844,100.0,100.0,0.0
53.67960269156844,53.684970651837595,53.51660598433879,53.5219581801568,100.0,100.0,0.0
53.5219581801568,53.527310375974814,53.35641469685873,53.36175087194592,100.0,100.0,0.0
53.36175087194592,53.36708704703312,53.19961848022615,53.204938974123564,100.0,100.0,0.0
53.204938974123564,53.21025946802098,53.039065433510345,53.04436987049739,100.0,100.0,0.0
53.04436987049739,53.04967430748444,52.87438886148982,52.87967682917274,100.0,100.0,0.0
52.87967682917274,52.884964796855655,52.71636518459954,52.72163734833437,100.0,100.0,0.0
52.72163734833437,52.7269095120692,52.56136068431705,52.56661734605166,100.0,100.0,0.0
52.56661734605166,52.57187400778626,52.39838642470043,52.40362678737917,100.0,100.0,0.0
52.40362678737917,52.4088671500579,52.23370171593175,52.2389256084926,100.0,100.0,0.0
52.2389256084926,52.24414950105345,52.078485439987574,52.08369380936851,100.0,100.0,0.0
52.08369380936851,52.08890217874945,51.92150313494696,51.92669580452741,100.0,100.0,0.0
51.92669580452741,51.931888474107865,51.76483814661901,51.77001514813382,100.0,100.0,0.0
51.77001514813382,51.77519214964863,51.608175292070804,51.613336625733375,100.0,100.0,0.0
51.613336625733375,51.618497959395945,51.44905871848773,51.454204138901616,100.0,100.0,0.0
51.454204138901616,51.62230165127368,51.44905871848773,51.61713993727995,100.0,100.0,0.0
51.61713993727995,51.76550133197229,51.61197822328622,51.76032529944234,100.0,100.0,0.0
51.76032529944234,51.920819078157244,51.7551492669124,51.9156275154057,100.0,100.0,0.0
51.9156275154057,52.07583253969305,51.91043595265416,52.07062547714534,100.0,100.0,0.0
52.07062547714534,52.23537815027925,52.06541841459763,52.23015513476577,100.0,100.0,0.0
52.23015513476577,52.39424078713383,52.224932119252294,52.38900188694514,100.0,100.0,0.0
52.38900188694514,52.55319794603093,52.383762986756444,52.54794315171576,100.0,100.0,0.0
52.54794315171576,52.705214640521966,52.542688357400586,52.69994464605736,100.0,100.0,0.0
52.69994464605736,52.857333790022885,52.694674651592756,52.85204858516437,100.0,100.0,0.0
52.85204858516437,53.018755463173356,52.84676338030585,53.01345411776158,100.0,100.0,0.0
53.01345411776158,53.17607253052983,53.00815277234981,53.17075545498433,100.0,100.0,0.0
53.17075545498433,53.33483628643932,53.16543837943883,53.32950333610571,100.0,100.0,0.0
53.32950333610571,53.50056472892186,53.3241703857721,53.49521520740112,100.0,100.0,0.0
53.49521520740112,53.66381389401659,53.489865685880375,53.65844804921167,100.0,100.0,0.0
53.65844804921167,53.816079219489254,53.65308220440675,53.81069814967429,100.0,100.0,0.0
53.81069814967429,53.98364184355655,53.80531707985932,53.97824401915463,100.0,100.0,0.0
53.97824401915463,54.14296668082337,53.97284619475271,54.13755292553082,100.0,100.0,0.0
54.13755292553082,54.30374867756646,54.13213917023827,54.29831884568189,100.0,100.0,0.0
54.29831884568189,54.465709062085544,54.29288901379732,54.46026303578196,100.0,100.0,0.0
54.46026303578196,54.64119998760165,54.45481700947838,54.63573641396026,100.0,100.0,0.0
54.63573641396026,54.8102681711824,54.63027284031887,54.80478769241316,100.0,100.0,0.0
54.80478769241316,54.98530033882877,54.799307213643914,54.97980235859291,100.0,100.0,0.0
54.97980235859291,55.152489237433585,54.974304378357054,55.14697453997959,100.0,100.0,0.0
55.14697453997959,55.318194504360264,55.14145984252559,55.312663238036464,100.0,100.0,0.0
55.312663238036464,55.490311927596935,55.307131971712664,55.48476345125181,100.0,100.0,0.0
55.48476345125181,55.65854879545119,55.47921497490668,55.65298349710148,100.0,100.0,0.0
55.65298349710148,55.824978918743405,55.64741819875177,55.8193969790455,100.0,100.0,0.0
55.8193969790455,55.98806965370963,55.813815039347595,55.982471406568976,100.0,100.0,0.0
55.982471406568976,56.16168624831252,55.97687315942832,56.1560706412484,100.0,100.0,0.0
56.1560706412484,56.3373614772884,56.150455034184276,56.331728304457954,100.0,100.0,0.0
56.331728304457954,56.5054998901424,56.32609513162751,56.49984990515189,100.0,100.0,0.0
56.49984990515189,56.65304504840948,56.49419992016138,56.647380310378445,100.0,100.0,0.0
56.647380310378445,56.82640369176642,56.64171557234741,56.82072161960446,100.0,100.0,0.0
56.82072161960446,56.9910149381597,56.8150395474425,56.98531640651905,100.0,100.0,0.0
56.98531640651905,57.15767852139127,56.97961787487839,57.151963325058766,100.0,100.0,0.0
57.151963325058766,57.32583555212937,57.14624812872626,57.32010354177519,100.0,100.0,0.0
57.32010354177519,57.50007820358716,57.31437153142101,57.49432877071009,100.0,100.0,0.0
57.49432877071009,57.6797227085097,57.48857933783302,57.6739553129784,100.0,100.0,0.0
57.6739553129784,57.846944535343525,57.6681879174471,57.841160419301595,100.0,100.0,0.0
57.841160419301595,58.03410193318888,57.835376303259665,58.02829910327855,100.0,100.0,0.0
58.02829910327855,58.213861192401446,58.02249627336822,58.20804038836261,100.0,100.0,0.0
58.20804038836261,58.39252181615362,58.20221958432378,58.38668314783884,100.0,100.0,0.0
58.38668314783884,58.563471738479016,58.38084447952406,58.55761597688133,100.0,100.0,0.0
58.55761597688133,58.74379245960879,58.55176021528364,58.737918667742015,100.0,100.0,0.0
58.737918667742015,58.9202555686733,58.73204487587524,58.914364132260076,100.0,100.0,0.0
58.914364132260076,59.11108255963462,58.908472695846854,59.105172042430375,100.0,100.0,0.0
59.105172042430375,59.299111573630285,59.09926152522613,59.293182255404744,100.0,100.0,0.0
59.293182255404744,59.47899834389636,59.287252937179204,59.47305103879248,100.0,100.0,0.0
59.47305103879248,59.66215204250976,59.467103733688596,59.656186423867375,100.0,100.0,0.0
59.656186423867375,59.83240916439034,59.65022080522499,59.82642652173817,100.0,100.0,0.0
59.82642652173817,60.0185946616838,59.820443879086,60.01259340234357,100.0,100.0,0.0
60.01259340234357,60.19881051666066,60.00659214300334,60.1927912375369,100.0,100.0,0.0
60.1927912375369,60.37720981542465,60.186771958413146,60.37117269815484,100.0,100.0,0.0
60.37117269815484,60.560209450935986,60.365135580885024,60.554154035532434,100.0,100.0,0.0
60.554154035532434,60.74676708097888,60.54809862012888,60.74069301167771,100.0,100.0,0.0
60.74069301167771,60.934722422271356,60.73461894237655,60.928629559315425,100.0,100.0,0.0
60.928629559315425,61.11051719327564,60.922536696359494,61.10440675260038,100.0,100.0,0.0
61.10440675260038,61.2852450790824,61.098296311925125,61.27911716736566,100.0,100.0,0.0
61.27911716736566,61.46766220831398,61.27298925564892,61.46151605670831,100.0,100.0,0.0
61.46151605670831,61.653577882560796,61.45536990510264,61.64741314124667,100.0,100.0,0.0
61.64741314124667,61.82886852286357,61.64124839993255,61.82268625423815,100.0,100.0,0.0
61.82268625423815,62.01735209033576,61.81650398561273,62.01115097523824,100.0,100.0,0.0
62.01115097523824,62.20598412280755,62.00494986014071,62.19976414639291,100.0,100.0,0.0
62.19976414639291,62.38398572045187,62.19354416997827,62.377747945657305,100.0,100.0,0.0
62.377747945657305,62.57730706482419,62.37151017086274,62.57104995982821,100.0,100.0,0.0
62.57104995982821,62.75830938501644,62.56479285483223,62.75203418159828,100.0,100.0,0.0
62.75203418159828,62.75830938501644,62.54467693892692,62.550932032130135,100.0,100.0,0.0
62.550932032130135,62.55718712533335,62.34849971179025,62.354735185308776,100.0,100.0,0.0
62.354735185308776,62.360970658827306,62.1533066969214,62.159522649186314,100.0,100.0,0.0
62.159522649186314,62.16573860145123,61.96776417217569,61.97396156833253,100.0,100.0,0.0
61.97396156833253,61.98015896448936,61.79151388888578,61.7976936582516,100.0,100.0,0.0
61.7976936582516,61.803873427617425,61.61091151782976,61.617073225152275,100.0,100.0,0.0
61.617073225152275,61.62323493247479,61.43412855615936,61.4402725834177,100.0,100.0,0.0
61.4402725834177,61.446416610676046,61.25485546581117,61.26098156396756,100.0,100.0,0.0
61.26098156396756,61.267107662123955,61.06417779835829,61.07028482684097,100.0,100.0,0.0
61.07028482684097,61.07639185532365,60.87660025564114,60.88268852449359,100.0,100.0,0.0
60.88268852449359,60.88877679334604,60.69415126841782,60.70022129054687,100.0,100.0,0.0
60.70022129054687,60.70629131267592,60.51393061703482,60.51998261529635,100.0,100.0,0.0
60.51998261529635,60.526034613557876,60.32849768001037,60.33453113312368,100.0,100.0,0.0
60.33453113312368,60.340564586236994,60.141077699645564,60.14709240888645,100.0,100.0,0.0
60.14709240888645,60.15310711812734,59.95005954794059,59.956055153455935,100.0,100.0,0.0
59.956055153455935,59.96205075897128,59.771577447187966,59.777555202708236,100.0,100.0,0.0
59.777555202708236,59.783532958228506,59.5952302770614,59.601190396101,100.0,100.0,0.0
59.601190396101,59.60715051514061,59.42654207186982,59.43248532040186,100.0,100.0,0.0
59.43248532040186,59.4384285689339,59.243678234628575,59.24960319494807,100.0,100.0,0.0
59.24960319494807,59.25552815526757,59.06455159294,59.07045863880388,100.0,100.0,0.0
59.07045863880388,59.076365684667756,58.88133792832299,58.88722665098809,100.0,100.0,0.0
58.88722665098809,58.89311537365319,58.702805957994194,58.70867682567676,100.0,100.0,0.0
58.70867682567676,58.71454769335933,58.531161562885835,58.537015264412275,100.0,100.0,0.0
58.537015264412275,58.542868965938716,58.35692150727487,58.362757783053176,100.0,100.0,0.0
58.362757783053176,58.36859405883148,58.184192056601475,58.190011057707245,100.0,100.0,0.0
58.190011057707245,58.195830058813016,58.00988423363688,58.0156858022171,100.0,100.0,0.0
58.0156858022171,58.02148737079732,57.83272857891988,57.83851243016289,100.0,100.0,0.0
57.83851243016289,57.84429628140591,57.66344971816087,57.66921663982485,100.0,100.0,0.0
57.66921663982485,57.67498356148884,57.48498096552204,57.490730038525896,100.0,100.0,0.0
57.490730038525896,57.49647911152975,57.31668351802238,57.322415759598336,100.0,100.0,0.0
57.322415759598336,57.32814800117429,57.14193653341004,57.14765129853989,100.0,100.0,0.0
57.14765129853989,57.15336606366974,56.97111838190305,56.976816063509396,100.0,100.0,0.0
56.976816063509396,56.982513745115746,56.79415464522617,56.79983462868904,100.0,100.0,0.0
56.79983462868904,56.80551461215191,56.61440135319019,56.62006335952614,100.0,100.0,0.0
56.62006335952614,56.625725365862095,56.44813173620712,56.453777113918505,100.0,100.0,0.0
56.453777113918505,56.459422491629894,56.28951503271161,56.29514454716633,100.0,100.0,0.0
56.29514454716633,56.30077406162105,56.13261798010561,56.13823180328593,100.0,100.0,0.0
56.13823180328593,56.14384562646626,55.97764640133767,55.98324472581025,100.0,100.0,0.0
55.98324472581025,55.98884305028283,55.8123529213598,55.81793471483129,100.0,100.0,0.0
55.81793471483129,55.823516508302774,55.64774134380305,55.65330667447049,100.0,100.0,0.0
55.65330667447049,55.65887200513794,55.47514329552326,55.48069136465973,100.0,100.0,0.0
55.48069136465973,55.48623943379619,55.31137456897729,55.31690625960325,100.0,100.0,0.0
55.31690625960325,55.32243795022921,55.147720330329605,55.153235653894995,100.0,100.0,0.0
55.153235653894995,55.158750977460386,54.978625441164745,54.9841238535501,100.0,100.0,0.0
54.9841238535501,54.98962226593546,54.823721044348936,54.82920396474541,100.0,100.0,0.0
54.82920396474541,54.834686885141885,54.66120804692749,54.66667471439893,100.0,100.0,0.0
54.66667471439893,54.67214138187037,54.49509767162611,54.50054772639875,100.0,100.0,0.0
54.50054772639875,54.50599778117139,54.32277596614828,54.32820878702698,100.0,100.0,0.0
54.32820878702698,54.33364160790568,54.17366484379197,54.179082752067174,100.0,100.0,0.0
54.179082752067174,54.18450066034238,54.014677644756915,54.02007965272219,100.0,100.0,0.0
54.02007965272219,54.02548166068746,53.8552408401558,53.860626902846086,100.0,100.0,0.0
53.860626902846086,53.86601296553637,53.690467745725556,53.6958373294585,100.0,100.0,0.0
53.6958373294585,53.70120691319144,53.53111838786151,53.53647203506502,100.0,100.0,0.0
53.53647203506502,53.541825682268524,53.371533323869706,53.3768710109708,100.0,100.0,0.0
53.3768710109708,53.3822086980719,53.212468008195266,53.217789787173984,100.0,100.0,0.0
53.217789787173984,53.2231115661527,53.045605813244556,53.05091090433499,100.0,100.0,0.0
53.05091090433499,53.056215995425426,52.88527340689588,52.89056246314219,100.0,100.0,0.0
52.89056246314219,52.8958515193885,52.72790209657072,52.73317541411213,100.0,100.0,0.0
52.73317541411213,52.73844873165354,52.56951348161985,52.574770958715725,100.0,100.0,0.0
52.574770958715725,52.5800284358116,52.40748806386895,52.412729336802634,100.0,100.0,0.0
52.412729336802634,52.417970609736315,52.242355337251425,52.24758009526095,100.0,100.0,0.0
52.24758009526095,52.252804853270476,52.09187741342687,52.09708712213909,100.0,100.0,0.0
52.09708712213909,52.1022968308513,51.94269224643843,51.947887035141946,100.0,100.0,0.0
51.947887035141946,51.95308182384546,51.78966659349382,51.79484607810163,100.0,100.0,0.0
51.79484607810163,51.800025562709436,51.6341545545013,51.639318486349936,100.0,100.0,0.0
51.639318486349936,51.64448241819857,51.47703805608629,51.48218627471376,100.0,100.0,0.0
51.48218627471376,51.48733449334123,51.31714637542207,51.3222786032824,100.0,100.0,0.0
51.3222786032824,51.32741083114273,51.159200812471504,51.16431724419592,100.0,100.0,0.0
51.16431724419592,51.16943367592034,51.00708274631725,51.01218396471372,100.0,100.0,0.0
51.01218396471372,51.01728518311019,50.854763928575935,50.85984991356729,100.0,100.0,0.0
50.85984991356729,50.86493589855864,50.701084345130525,50.706154960626584,100.0,100.0,0.0
50.706154960626584,50.711225576122644,50.545248890809546,50.55030392120167,100.0,100.0,0.0
50.55030392120167,50.55535895159379,50.388308822819944,50.39334815763571,100.0,100.0,0.0
50.39334815763571,50.39838749245147,50.237946539843534,50.24297083692723,100.0,100.0,0.0
50.24297083692723,50.24799513401092,50.081866523298764,50.08687521081985,100.0,100.0,0.0
50.08687521081985,50.09188389834093,49.93768766018493,49.942681928377766,100.0,100.0,0.0
49.942681928377766,50.100478465601036,49.93768766018493,50.095468918709166,100.0,100.0,0.0
50.095468918709166,50.261332900718685,50.090459371817296,50.25630726999169,100.0,100.0,0.0
50.25630726999169,50.414525424655835,50.25128163926469,50.40948447620821,100.0,100.0,0.0
50.40948447620821,50.569261151968725,50.40444352776059,50.56420473149558,100.0,100.0,0.0
50.56420473149558,50.722547045825195,50.55914831102243,50.71747529829537,100.0,100.0,0.0
50.71747529829537,50.87613719473003,50.71240355076554,50.87105008972106,100.0,100.0,0.0
50.87105008972106,51.032440692451694,50.86596298471209,51.02733795865583,100.0,100.0,0.0
51.02733795865583,51.185055280966246,51.02223522485996,51.17993728723752,100.0,100.0,0.0
51.17993728723752,51.34855194498758,51.1748192935088,51.34341760322725,100.0,100.0,0.0
51.34341760322725,51.50562967824678,51.33828326146693,51.50047963028375,100.0,100.0,0.0
51.50047963028375,51.661809467905606,51.49532958232072,51.656643803525256,100.0,100.0,0.0
51.656643803525256,51.80528739106128,51.651478139144906,51.80010738032325,100.0,100.0,0.0
51.80010738032325,51.95359343992296,51.79492736958522,51.94839860006296,100.0,100.0,0.0
51.94839860006296,52.10931371625993,51.943203760202955,52.10410330592934,100.0,100.0,0.0
52.10410330592934,52.26618234479461,52.09889289559875,52.26095624916969,100.0,100.0,0.0
52.26095624916969,52.42059600980831,52.25573015354477,52.415354474360875,100.0,100.0,0.0
52.415354474360875,52.58272355143704,52.41011293891344,52.57746580485656,100.0,100.0,0.0
52.57746580485656,52.73915701672372,52.572208058276075,52.733883628360886,100.0,100.0,0.0
52.733883628360886,52.89746831092087,52.72861023999805,52.89217909301157,100.0,100.0,0.0
52.89217909301157,53.050239726304866,52.88688987510227,53.04493523278159,100.0,100.0,0.0
53.04493523278159,53.20444577999395,53.039630739258314,53.199125867407204,100.0,100.0,0.0
53.199125867407204,53.362577176527125,53.19380595482046,53.357241452381885,100.0,100.0,0.0
53.357241452381885,53.51674723866988,53.351905728236645,53.51139609905997,100.0,100.0,0.0
53.51139609905997,53.68578147092616,53.506044959450065,53.680413429583204,100.0,100.0,0.0
53.680413429583204,53.841492100889404,53.67504538824025,53.8361084900404,100.0,100.0,0.0
53.8361084900404,54.00088511730219,53.8307248791914,53.995485568745316,100.0,100.0,0.0
53.995485568745316,54.165623598659,53.99008602018844,54.16020757790121,100.0,100.0,0.0
54.16020757790121,54.3276185016287,54.15479155714342,54.3221862830004,100.0,100.0,0.0
54.3221862830004,54.49374455638392,54.3167540643721,54.488295726811245,100.0,100.0,0.0
54.488295726811245,54.6565254229554,54.482846897238566,54.651060316923704,100.0,100.0,0.0
54.651060316923704,54.819973186333435,54.64559521089201,54.81449173715972,100.0,100.0,0.0
54.81449173715972,54.97839553189244,54.809010287986005,54.97289824206823,100.0,100.0,0.0
54.97289824206823,55.148420591733576,54.96740095224403,55.142906301103466,100.0,100.0,0.0
55.142906301103466,55.31976341625932,55.137392010473356,55.31423199306001,100.0,100.0,0.0
55.31423199306001,55.48511416182772,55.308700569860704,55.4795662052072,100.0,100.0,0.0
55.4795662052072,55.65888667329827,55.47401824858668,55.65332134116415,100.0,100.0,0.0
55.65332134116415,55.82767416200451,55.64775600903003,55.82209195280923,100.0,100.0,0.0
55.82209195280923,55.99850988952917,55.81650974361395,55.99291059846932,100.0,100.0,0.0
55.99291059846932,56.161210833385525,55.98731130740948,56.15559527385814,100.0,100.0,0.0
56.15559527385814,56.31782151186125,56.149979714330755,56.312190292831964,100.0,100.0,0.0
56.312190292831964,56.491346981690945,56.30655907380268,56.48569841184976,100.0,100.0,0.0
56.48569841184976,56.67586363021568,56.480049842008576,56.670196610554626,100.0,100.0,0.0
56.670196610554626,56.84278259337684,56.66452959089357,56.837098883488494,100.0,100.0,0.0
56.837098883488494,57.013964097849794,56.83141517360015,57.008263271522644,100.0,100.0,0.0
57.008263271522644,57.18913127309805,57.002562445195494,57.18341293180487,100.0,100.0,0.0
57.18341293180487,57.36829516759863,57.177694590511685,57.36255891170746,100.0,100.0,0.0
57.36255891170746,57.54128208771683,57.35682265581629,57.535528534863346,100.0,100.0,0.0
57.535528534863346,57.718279385303404,57.52977498200986,57.71250813448996,100.0,100.0,0.0
57.71250813448996,57.88803570654004,57.70673688367651,57.88224748179186,100.0,100.0,0.0
57.88224748179186,58.06020167668019,57.87645925704368,58.05439623705648,100.0,100.0,0.0
58.05439623705648,58.240823535428056,58.04859079743277,58.23500003542451,100.0,100.0,0.0
58.23500003542451,58.41733555945359,58.22917653542097,58.41149441001259,100.0,100.0,0.0
58.41149441001259,58.58002327941752,58.40565326057158,58.57416586283124,100.0,100.0,0.0
58.57416586283124,58.75601196045405,58.568308446244956,58.750136946759376,100.0,100.0,0.0
58.750136946759376,58.94347334096911,58.7442619330647,58.937579583010816,100.0,100.0,0.0
58.937579583010816,59.12010209239062,58.93168582505252,59.114190673323286,100.0,100.0,0.0
59.114190673323286,59.300065694214936,59.108279254255955,59.294136280586876,100.0,100.0,0.0
59.294136280586876,59.46555672924642,59.28820686695882,59.459610768169604,100.0,100.0,0.0
59.459610768169604,59.642107378189124,59.453664807092785,59.63614376381274,100.0,100.0,0.0
59.63614376381274,59.82198143531577,59.630180149436356,59.815999835332235,100.0,100.0,0.0
59.815999835332235,60.002517070191445,59.8100182353487,59.9965174184496,100.0,100.0,0.0
59.9965174184496,60.17995149005373,59.990517766707754,60.17393409664407,100.0,100.0,0.0
60.17393409664407,60.35871231837436,60.167916703234404,60.35267705066929,100.0,100.0,0.0
60.35267705066929,60.530829077372154,60.34664178296423,60.52477659971218,100.0,100.0,0.0
60.52477659971218,60.70650582868195,60.51872412205221,60.70043578510344,100.0,100.0,0.0
60.70043578510344,60.88650179608029,60.694365741524926,60.88041375470482,100.0,100.0,0.0
60.88041375470482,61.07249580056165,60.87432571332935,61.06638916164548,100.0,100.0,0.0
61.06638916164548,61.25586066078722,61.06028252272932,61.2497356872185,100.0,100.0,0.0
61.2497356872185,61.44420563693245,61.24361071364977,61.438061830749376,100.0,100.0,0.0
61.438061830749376,61.63585678774362,61.4319180245663,61.62969381836179,100.0,100.0,0.0
61.62969381836179,61.81793807986325,61.623530848979954,61.81175690417283,100.0,100.0,0.0
61.81175690417283,62.000490229603415,61.80557572848242,61.994290800523366,100.0,100.0,0.0
61.994290800523366,62.196086363567176,61.98809137144332,62.1898673768295,100.0,100.0,0.0
62.1898673768295,62.376786038360144,62.18364839009182,62.3705489834618,100.0,100.0,0.0
62.3705489834618,62.55609722580621,62.36431192856346,62.549842241582056,100.0,100.0,0.0
62.549842241582056,62.73933706687699,62.5435872573579,62.73306376050094,100.0,100.0,0.0
62.73306376050094,62.918401275347954,62.72679045412489,62.91211006434152,100.0,100.0,0.0
62.91211006434152,63.09883960471799,62.905818853335084,63.09253035168282,100.0,100.0,0.0
63.09253035168282,63.281088023493055,63.08622109864765,63.27476054743831,100.0,100.0,0.0
63.27476054743831,63.46837223722359,63.26843307138357,63.46202603462013,100.0,100.0,0.0
63.46202603462013,63.662625323534414,63.45567983201667,63.65625969756466,100.0,100.0,0.0
63.65625969756466,63.85288529786518,63.6498940715949,63.8465006478004,100.0,100.0,0.0
63.8465006478004,64.03958641196576,63.840115997735616,64.03318309365639,100.0,100.0,0.0
64.03318309365639,64.24422115487044,64.02677977534702,64.23779737513293,100.0,100.0,0.0
64.23779737513293,64.43485200560401,64.23137359539541,64.42840916468755,100.0,100.0,0.0
64.42840916468755,64.63136682317113,64.42196632377109,64.62490433273786,100.0,100.0,0.0
64.62490433273786,64.8286221789241,64.61844184230458,64.82213996492762,100.0,100.0,0.0
64.82213996492762,65.02138980610043,64.81565775093112,65.0148883172687,100.0,100.0,0.0
65.0148883172687,65.21973380206893,65.00838682843697,65.21321248082084,100.0,100.0,0.0
65.21321248082084,65.41710880637778,65.20669115957276,65.41056774960282,100.0,100.0,0.0
65.41056774960282,65.61064268879122,65.40402669282786,65.60408228056316,100.0,100.0,0.0
65.60408228056316,65.80392149016714,65.59752187233511,65.79734175599154,100.0,100.0,0.0
65.79734175599154,65.80392149016714,65.59347198623261,65.60003198943156,100.0,100.0,0.0
65.60003198943156,65.6065919926305,65.38510239566831,65.3916415598243,100.0,100.0,0.0
65.3916415598243,65.39818072398027,65.1895474421519,65.19606704885679,100.0,100.0,0.0
65.19606704885679,65.20258665556167,64.9952635786324,65.0017637550079,100.0,100.0,0.0
65.0017637550079,65.0082639313834,64.80286435390701,64.80934528843585,100.0,100.0,0.0
64.80934528843585,64.81582622296469,64.6107693327084,64.61723105581399,100.0,100.0,0.0
64.61723105581399,64.62369277891958,64.4149117049147,64.42135384029874,100.0,100.0,0.0
64.42135384029874,64.42779597568277,64.23107844187999,64.2375021920992,100.0,100.0,0.0
64.2375021920992,64.24392594231841,64.03228404673737,64.03868791552893,100.0,100.0,0.0
64.03868791552893,64.04509178432048,63.83515536946809,63.84153952342043,100.0,100.0,0.0
63.84153952342043,63.84792367737277,63.64363231644256,63.64999731617418,100.0,100.0,0.0
63.64999731617418,63.656362315905795,63.46338738793248,63.469734361368616,100.0,100.0,0.0
63.469734361368616,63.47608133480475,63.28014191733827,63.28647056439471,100.0,100.0,0.0
63.28647056439471,63.292799211451154,63.098144416709815,63.104454862196036,100.0,100.0,0.0
63.104454862196036,63.11076530768226,62.91963606537135,62.925928658237176,100.0,100.0,0.0
62.925928658237176,62.932221251103,62.725870409815734,62.73214362417815,100.0,100.0,0.0
62.73214362417815,62.738416838540566,62.520625295569566,62.5268779833679,100.0,100.0,0.0
62.5268779833679,62.53313067116624,62.33708132236022,62.343315653925615,100.0,100.0,0.0
62.343315653925615,62.34954998549101,62.14385848589157,62.150073493240896,100.0,100.0,0.0
62.150073493240896,62.15628850059022,61.95601193030106,61.96220815111617,100.0,100.0,0.0
61.96220815111617,61.968404371931285,61.77495678115409,61.78113489464355,100.0,100.0,0.0
61.78113489464355,61.78731300813301,61.58314955954114,61.58930849039018,100.0,100.0,0.0
61.58930849039018,61.59546742123922,61.39659346011415,61.402733733487494,100.0,100.0,0.0
61.402733733487494,61.40887400686084,61.21894522560201,61.22506773237525,100.0,100.0,0.0
61.22506773237525,61.23119023914849,61.04269795403042,61.048802834313854,100.0,100.0,0.0
61.048802834313854,61.054907714597284,60.86499628567513,60.87108339401453,100.0,100.0,0.0
60.87108339401453,60.877170502353934,60.69103517069035,60.69710488117847,100.0,100.0,0.0
60.69710488117847,60.70317459166659,60.50617320397275,60.51222442641539,100.0,100.0,0.0
60.51222442641539,60.51827564885804,60.323743677680056,60.32977665534559,100.0,100.0,0.0
60.32977665534559,60.335809633011124,60.14888062116296,60.15489611077404,100.0,100.0,0.0
60.15489611077404,60.16091160038512,59.97438119238744,59.98037923031047,100.0,100.0,0.0
59.98037923031047,59.9863772682335,59.800864989566755,59.806845674134166,100.0,100.0,0.0
59.806845674134166,59.81282635870158,59.62816082573558,59.634124238159394,100.0,100.0,0.0
59.634124238159394,59.64008765058321,59.46219737094644,59.46814418536498,100.0,100.0,0.0
59.46814418536498,59.47409099978351,59.28805439112831,59.293983789507266,100.0,100.0,0.0
59.293983789507266,59.29991318788622,59.104209319895446,59.11012033192864,100.0,100.0,0.0
59.11012033192864,59.116031343961836,58.929457326346764,58.93535086143291,100.0,100.0,0.0
58.93535086143291,58.94124439651905,58.750037640059034,58.75591323138217,100.0,100.0,0.0
58.75591323138217,58.76178882270531,58.56947974453176,58.57533727825959,100.0,100.0,0.0
58.57533727825959,58.581194811987416,58.40110534429136,58.40694603889525,100.0,100.0,0.0
58.40694603889525,58.41278673349914,58.23668107623287,58.242505326765546,100.0,100.0,0.0
58.242505326765546,58.24832957729822,58.06506941967156,58.07087650732229,100.0,100.0,0.0
58.07087650732229,58.07668359497302,57.89373812768283,57.89952808049088,100.0,100.0,0.0
57.89952808049088,57.90531803329893,57.71806383799581,57.723836221617965,100.0,100.0,0.0
57.723836221617965,57.729608605240124,57.54275024899939,57.54850509950934,100.0,100.0,0.0
57.54850509950934,57.55425995001929,57.36068191682514,57.36641855868101,100.0,100.0,0.0
57.36641855868101,57.37215520053688,57.1933961619205,57.19911607352785,100.0,100.0,0.0
57.19911607352785,57.2048359851352,57.01961676395253,57.02531929588211,100.0,100.0,0.0
57.02531929588211,57.0310218278117,56.85232603910815,56.85801184029218,100.0,100.0,0.0
56.85801184029218,56.86369764147621,56.684719108786396,56.690388147601155,100.0,100.0,0.0
56.690388147601155,56.69605718641591,56.5037471035421,56.50939804334644,100.0,100.0,0.0
56.50939804334644,56.51504898315077,56.341543315162156,56.34717803296545,100.0,100.0,0.0
56.34717803296545,56.35281275076875,56.17463813145366,56.180256157069365,100.0,100.0,0.0
56.180256157069365,56.18587418268507,56.008806708457016,56.014408149271944,100.0,100.0,0.0
56.014408149271944,56.02000959008687,55.83329227010336,55.83887615771913,100.0,100.0,0.0
55.83887615771913,55.8444600453349,55.66689753444902,55.672464780927115,100.0,100.0,0.0
55.672464780927115,55.67803202740521,55.49602105194874,55.501571209069645,100.0,100.0,0.0
55.501571209069645,55.50712136619055,55.33003659608165,55.33557015309696,100.0,100.0,0.0
55.33557015309696,55.34110371011227,55.175430925014545,55.18094901991654,100.0,100.0,0.0
55.18094901991654,55.3464718435452,55.175430925014545,55.34093774977023,100.0,100.0,0.0
55.34093774977023,55.50369032767558,55.33540365599525,55.498140513624215,100.0,100.0,0.0
55.498140513624215,55.6700821510174,55.49259069957285,55.66451569944745,100.0,100.0,0.0
55.66451569944745,55.83723649527671,55.6589492478775,55.83165332994372,100.0,100.0,0.0
55.83165332994372,56.00693665555858,55.82607016461073,56.001336521906396,100.0,100.0,0.0
56.001336521906396,56.18360054244753,55.99573638825421,56.177982744173114,100.0,100.0,0.0
56.177982744173114,56.34839373981083,56.1723649458987,56.342759463864446,100.0,100.0,0.0
56.342759463864446,56.52025384865361,56.33712518791806,56.51460238841477,100.0,100.0,0.0
56.51460238841477,56.68335252050164,56.508950928175935,56.677684752026444,100.0,100.0,0.0
56.677684752026444,56.84640089279039,56.672016983551245,56.84071682110828,100.0,100.0,0.0
56.84071682110828,57.01911610906773,56.83503274942617,57.01341476759097,100.0,100.0,0.0
57.01341476759097,57.19504805645412,57.007713426114215,57.18932912354177,100.0,100.0,0.0
57.18932912354177,57.36452385744828,57.183610190629416,57.35878797865042,100.0,100.0,0.0
57.35878797865042,57.53045518211646,57.353052099852555,57.52470271184528,100.0,100.0,0.0
57.52470271184528,57.69575017799836,57.518950241574096,57.68998117988038,100.0,100.0,0.0
57.68998117988038,57.86646280424175,57.68421218176239,57.860676736568095,100.0,100.0,0.0
57.860676736568095,58.03935640616589,57.85489066889444,58.03355305086081,100.0,100.0,0.0
58.03355305086081,58.21735078198764,58.02774969555573,58.21152962902474,100.0,100.0,0.0
58.21152962902474,58.387960760056096,58.20570847606184,58.382122547801316,100.0,100.0,0.0
58.382122547801316,58.55534684822231,58.376284335546536,58.549491899032404,100.0,100.0,0.0
58.549491899032404,58.724251342412494,58.5436369498425,58.71837950446205,100.0,100.0,0.0
58.71837950446205,58.890697910502496,58.712507666511605,58.88480942955954,100.0,100.0,0.0
58.88480942955954,59.063811236548524,58.87892094861658,59.05790544600392,100.0,100.0,0.0
59.05790544600392,59.24067631543817,59.05199965545932,59.23475284015416,100.0,100.0,0.0
59.23475284015416,59.425596769120006,59.228829364870144,59.419654803639645,100.0,100.0,0.0
59.419654803639645,59.612391429839576,59.413712838159285,59.6064307867609,100.0,100.0,0.0
59.6064307867609,59.797607482543626,59.60047014368223,59.791628319711656,100.0,100.0,0.0
59.791628319711656,59.97372599337821,59.785649156879686,59.967729220456164,100.0,100.0,0.0
59.967729220456164,60.15242153578405,59.96173244753412,60.14640689509454,100.0,100.0,0.0
60.14640689509454,60.33709145840288,60.140392254405036,60.331058352567624,100.0,100.0,0.0
60.331058352567624,60.520262946676155,60.325025246732366,60.514211525523606,100.0,100.0,0.0
60.514211525523606,60.709174488306836,60.50816010437106,60.703104177889045,100.0,100.0,0.0
60.703104177889045,60.885801851467974,60.697033867471255,60.87971388007997,100.0,100.0,0.0
60.87971388007997,61.07221209574286,60.87362590869196,61.06610548519434,100.0,100.0,0.0
61.06610548519434,61.25749695580876,61.05999887464582,61.2513718186269,100.0,100.0,0.0
61.2513718186269,61.441873511314775,61.24524668144504,61.43572993832095,100.0,100.0,0.0
61.43572993832095,61.62829304853511,61.42958636532712,61.62213083545157,100.0,100.0,0.0
61.62213083545157,61.80578317046419,61.61596862236803,61.799603210143175,100.0,100.0,0.0
61.799603210143175,61.993991266695325,61.79342324982216,61.98779248744658,100.0,100.0,0.0
61.98779248744658,62.17804343310283,61.98159370819784,62.17182625047778,100.0,100.0,0.0
62.17182625047778,62.36315959575947,62.16560906785273,62.356923903369136,100.0,100.0,0.0
62.356923903369136,62.54888128087329,62.3506882109788,62.54262701817147,100.0,100.0,0.0
62.54262701817147,62.74937656829261,62.53637275546966,62.743102258066806,100.0,100.0,0.0
62.743102258066806,62.94103660373918,62.736827947841,62.93474312942624,100.0,100.0,0.0
62.93474312942624,63.13320186189557,62.9284496551133,63.126889172978274,100.0,100.0,0.0
63.126889172978274,63.33423935624196,63.120576484060976,63.3279065655854,100.0,100.0,0.0
63.3279065655854,63.53212402433228,63.321573774928844,63.525771447187566,100.0,100.0,0.0
63.525771447187566,63.73055339376883,63.51941887004285,63.72418097567126,100.0,100.0,0.0
63.72418097567126,63.916292895935044,63.71780855757369,63.90990190574447,100.0,100.0,0.0
63.90990190574447,64.10771461635349,63.903510915553895,64.1013044859049,100.0,100.0,0.0
64.1013044859049,64.29982521145988,64.09489435545632,64.29339587187269,100.0,100.0,0.0
64.29339587187269,64.49915656194779,64.2869665322855,64.49270729121866,100.0,100.0,0.0
64.49270729121866,64.7027636095223,64.48625802048954,64.69629398012428,100.0,100.0,0.0
64.69629398012428,64.90156761494417,64.68982435072627,64.89507810713346,100.0,100.0,0.0
64.89507810713346,65.10204109415794,64.88858859932274,65.09553154100384,100.0,100.0,0.0
65.09553154100384,65.30440492104766,65.08902198784973,65.2978751335343,100.0,100.0,0.0
65.2978751335343,65.50397030494038,65.29134534602095,65.49742056288409,100.0,100.0,0.0
65.49742056288409,65.69259258085725,65.4908708208278,65.6860239784594,100.0,100.0,0.0
65.6860239784594,65.8947042131895,65.67945537606155,65.88811540164933,100.0,100.0,0.0
65.88811540164933,66.08827135738296,65.88152659010916,66.08166319106385,100.0,100.0,0.0
66.08166319106385,66.28232804086844,66.07505502474474,66.27570047082135,100.0,100.0,0.0
66.27570047082135,66.48683737814719,66.26907290077426,66.48018935921127,100.0,100.0,0.0
66.48018935921127,66.68098171815093,66.47354134027535,66.67431428672226,100.0,100.0,0.0
66.67431428672226,66.8858725629133,66.6676468552936,66.87918464444886,100.0,100.0,0.0
66.87918464444886,67.08458560141534,66.8724967259844,67.07787781363398,100.0,100.0,0.0
67.07787781363398,67.2860022950601,67.07117002585261,67.27927436762334,100.0,100.0,0.0
67.27927436762334,67.4862614767908,67.27254644018659,67.47951352543826,100.0,100.0,0.0
67.47951352543826,67.69229255175199,67.47276557408573,67.68552399935206,100.0,100.0,0.0
67.68552399935206,67.89406094773611,67.67875544695212,67.88727222051406,100.0,100.0,0.0
67.88727222051406,68.0963710299139,67.88048349329202,68.08956207370653,100.0,100.0,0.0
68.08956207370653,68.30379104457558,68.08275311749917,68.29696134844073,100.0,100.0,0.0
68.29696134844073,68.50790063737944,68.29013165230589,68.5010505323262,100.0,100.0,0.0
68.5010505323262,68.70221524160563,68.49420042727297,68.69534570703493,100.0,100.0,0.0
68.69534570703493,68.90470584267538,68.68847617246423,68.89781606106928,100.0,100.0,0.0
68.89781606106928,69.10537279413843,68.89092627946317,69.09846294784364,100.0,100.0,0.0
69.09846294784364,69.31670454543263,69.09155310154885,69.30977356807583,100.0,100.0,0.0
69.30977356807583,69.52773283551953,69.30284259071902,69.52078075744379,100.0,100.0,0.0
69.52078075744379,69.7409908022692,69.51382867936805,69.73401740052914,100.0,100.0,0.0
69.73401740052914,69.95471843780936,69.72704399878909,69.94772366544282,100.0,100.0,0.0
69.94772366544282,69.95471843780936,69.73875486599528,69.74572943893916,100.0,100.0,0.0
69.74572943893916,69.75270401188305,69.53086324937114,69.53781703107424,100.0,100.0,0.0
69.53781703107424,69.54477081277734,69.32747243894732,69.33440587953528,100.0,100.0,0.0
69.33440587953528,69.34133932012324,69.12161263668665,69.12852548923557,100.0,100.0,0.0
69.12852548923557,69.13543834178449,68.9138125801154,68.92070465058046,100.0,100.0,0.0
68.92070465058046,68.92759672104552,68.69343004439786,68.70030007440529,100.0,100.0,0.0
68.70030007440529,68.70717010441273,68.48853588199928,68.49538542054134,100.0,100.0,0.0
68.49538542054134,68.5022349590834,68.28638318453704,68.29321250578762,100.0,100.0,0.0
68.29321250578762,68.3000418270382,68.08111168056804,68.08792047261531,100.0,100.0,0.0
68.08792047261531,68.09472926466258,67.87559130210708,67.8823795400611,100.0,100.0,0.0
67.8823795400611,67.8891677780151,67.67358396321596,67.6803519984158,100.0,100.0,0.0
67.6803519984158,67.68712003361564,67.46114842016547,67.46789520968645,100.0,100.0,0.0
67.46789520968645,67.47464199920742,67.26251691742834,67.26924384181252,100.0,100.0,0.0
67.26924384181252,67.2759707661967,67.06381890246942,67.07052595506492,100.0,100.0,0.0
67.07052595506492,67.07723300766042,66.88016725428612,66.8868559398801,100.0,100.0,0.0
66.8868559398801,66.89354462547409,66.67393156335771,66.68059962332005,100.0,100.0,0.0
66.68059962332005,66.68726768328239,66.4663390215928,66.47298632022482,100.0,100.0,0.0
66.47298632022482,66.47963361885684,66.28535221222344,66.29198141036449,100.0,100.0,0.0
66.29198141036449,66.29861060850553,66.10229741605461,66.1089083068853,100.0,100.0,0.0
66.1089083068853,66.11551919771598,65.9056770564891,65.91226828331743,100.0,100.0,0.0
65.91226828331743,65.91885951014577,65.70637764826371,65.71294894315803,100.0,100.0,0.0
65.71294894315803,65.71952023805234,65.4988110804568,65.50536161661846,100.0,100.0,0.0
65.50536161661846,65.51191215278011,65.30020614537351,65.30673681905542,100.0,100.0,0.0
65.30673681905542,65.31326749273732,65.10638056010826,65.11289184929319,100.0,100.0,0.0
65.11289184929319,65.11940313847812,64.91506317419176,64.92155532972473,100.0,100.0,0.0
64.92155532972473,64.9280474852577,64.73240945458825,64.73888334292255,100.0,100.0,0.0
64.73888334292255,64.74535723125685,64.53958719055386,64.54604179473333,100.0,100.0,0.0
64.54604179473333,64.5524963989128,64.35422326026762,64.36065932620023,100.0,100.0,0.0
64.36065932620023,64.36709539213285,64.15785904288657,64.16427547043361,100.0,100.0,0.0
64.16427547043361,64.17069189798065,63.97545448304736,63.98185266831419,100.0,100.0,0.0
63.98185266831419,63.98825085358102,63.77734169707883,63.78372006908574,100.0,100.0,0.0
63.78372006908574,63.790098441092645,63.59069624192615,63.59705594752091,100.0,100.0,0.0
63.59705594752091,63.60341565311566,63.397231367591345,63.40357172476382,100.0,100.0,0.0
63.40357172476382,63.4099120819363,63.20997179497604,63.21629342431847,100.0,100.0,0.0
63.21629342431847,63.2226150536609,63.02521665911422,63.03151981109533,100.0,100.0,0.0
63.03151981109533,63.03782296307644,62.83809876364307,62.84438320196326,100.0,100.0,0.0
62.84438320196326,62.850667640283454,62.637220607143846,62.64348495563941,100.0,100.0,0.0
62.64348495563941,62.64974930413497,62.457438491057026,62.46368485954298,100.0,100.0,0.0
62.46368485954298,62.46993122802893,62.27593477177958,62.28216298807839,100.0,100.0,0.0
62.28216298807839,62.2883912043772,62.09335151167488,62.099561467821665,100.0,100.0,0.0
62.099561467821665,62.10577142396845,61.905298603872296,61.91148975284758,100.0,100.0,0.0
61.91148975284758,61.91768090182286,61.71334914562603,61.71952109773581,100.0,100.0,0.0
61.71952109773581,61.72569304984558,61.526711462843636,61.53286474931857,100.0,100.0,0.0
61.53286474931857,61.539018035793504,61.332761354715345,61.338895244239765,100.0,100.0,0.0
61.338895244239765,61.345029133764186,61.14267009271336,61.14878497121048,100.0,100.0,0.0
61.14878497121048,61.154899849707604,60.96521795034054,60.97131508184872,100.0,100.0,0.0
60.97131508184872,60.97741221335691,60.762882320669064,60.76895921659072,100.0,100.0,0.0
60.76895921659072,60.77503611251238,60.58428381568412,60.59034284996911,100.0,100.0,0.0
60.59034284996911,60.59640188425411,60.395772306084936,60.40181248733367,100.0,100.0,0.0
60.40181248733367,60.40785266858241,60.21899659009908,60.22501909200828,100.0,100.0,0.0
60.22501909200828,60.23104159391748,60.036259283136815,60.04226350948776,100.0,100.0,0.0
60.04226350948776,60.04826773583871,59.8577501336373,59.86373650728803,100.0,100.0,0.0
59.86373650728803,59.86972288093876,59.67048494326196,59.67645258852081,100.0,100.0,0.0
59.67645258852081,59.68242023377966,59.49059027277977,59.49653992677245,100.0,100.0,0.0
59.49653992677245,59.50248958076513,59.3190682245604,59.32500072463286,100.0,100.0,0.0
59.32500072463286,59.33093322470532,59.142940902112876,59.148855787691645,100.0,100.0,0.0
59.148855787691645,59.15477067327041,58.96024361549765,58.966140229520605,100.0,100.0,0.0
58.966140229520605,58.972036843543556,58.78864588710958,58.79452533964354,100.0,100.0,0.0
58.79452533964354,58.8004047921775,58.607290227584805,58.613151542739075,100.0,100.0,0.0
58.613151542739075,58.619012857893345,58.43864429888806,58.44448874776283,100.0,100.0,0.0
58.44448874776283,58.45033319663761,58.26176459463203,58.2675913537674,100.0,100.0,0.0
58.2675913537674,58.273418112902775,58.08925762860513,58.095067135318665,100.0,100.0,0.0
58.095067135318665,58.1008766420322,57.91045809303375,57.91624971800555,100.0,100.0,0.0
57.91624971800555,57.92204134297735,57.74235886434531,57.748133677713085,100.0,100.0,0.0
57.748133677713085,57.75390849108086,57.576522537299454,57.58228076537599,100.0,100.0,0.0
57.58228076537599,57.58803899345253,57.40503383736771,57.410774914859196,100.0,100.0,0.0
57.410774914859196,57.41651599235068,57.23272300091939,57.23844684560395,100.0,100.0,0.0
57.23844684560395,57.24417069028851,57.048043424573095,57.05374879945304,100.0,100.0,0.0
57.05374879945304,57.059454174332984,56.8884012063395,56.89409061540104,100.0,100.0,0.0
56.89409061540104,56.89978002446258,56.71598362319507,56.72165578877395,100.0,100.0,0.0
56.72165578877395,56.72732795435283,56.54568527072551,56.55134040476598,100.0,100.0,0.0
56.55134040476598,56.556995538806454,56.391599380600994,56.39723910451144,100.0,100.0,0.0
56.39723910451144,56.40287882842189,56.22390977798869,56.22953273126181,100.0,100.0,0.0
56.22953273126181,56.23515568453494,56.047329764173064,56.05293505767883,100.0,100.0,0.0
56.05293505767883,56.0585403511846,55.87886483336347,55.88445327869134,100.0,100.0,0.0
55.88445327869134,55.890041724019206,55.71610825204632,55.721680420088326,100.0,100.0,0.0
55.721680420088326,55.727252588130334,55.5455783699646,55.55113348331293,100.0,100.0,0.0
55.55113348331293,55.55668859666126,55.37591800672314,55.38145615233837,100.0,100.0,0.0
55.38145615233837,55.386994297953606,55.202475934212266,55.20799673388566,100.0,100.0,0.0
55.20799673388566,55.21351753355905,55.026240221060256,55.03174339539979,100.0,100.0,0.0
55.03174339539979,55.03724656973933,54.859843495613326,54.865330028616185,100.0,100.0,0.0
54.865330028616185,54.870816561619044,54.68602627065244,54.69149542019446,100.0,100.0,0.0
54.69149542019446,54.69696456973647,54.534678546228825,54.540132559484775,100.0,100.0,0.0
54.540132559484775,54.545586572740724,54.36376207198667,54.36919899188586,100.0,100.0,0.0
54.36919899188586,54.37463591178505,54.198705529050294,54.204125941644456,100.0,100.0,0.0
54.204125941644456,54.37369421980223,54.198705529050294,54.36825739406282,100.0,100.0,0.0
54.36825739406282,54.538585017459255,54.362820568323414,54.53313170428883,100.0,100.0,0.0
54.53313170428883,54.697742952381056,54.5276783911184,54.692273725008555,100.0,100.0,0.0
54.692273725008555,54.86355785955389,54.686804497636054,54.85807205234866,100.0,100.0,0.0
54.85807205234866,55.032606134765324,54.85258624514343,55.02710342442288,100.0,100.0,0.0
55.02710342442288,55.191725216443295,55.02160071408044,55.186206595783716,100.0,100.0,0.0
55.186206595783716,55.36612081760617,55.18068797512414,55.36058475913026,100.0,100.0,0.0
55.36058475913026,55.53178511474572,55.35504870065435,55.52623249149657,100.0,100.0,0.0
55.52623249149657,55.6919156890467,55.52067986824742,55.68634705434127,100.0,100.0,0.0
55.68634705434127,55.85262702675279,55.680778419635836,55.847042322520544,100.0,100.0,0.0
55.847042322520544,56.01319247270667,55.841457618288295,56.00759171353532,100.0,100.0,0.0
56.00759171353532,56.18973993503247,56.00199095436397,56.18412152288018,100.0,100.0,0.0
56.18412152288018,56.365878176387874,56.178503110727895,56.36024215217266,100.0,100.0,0.0
56.36024215217266,56.538378643764446,56.354606127957446,56.53272537122732,100.0,100.0,0.0
56.53272537122732,56.70398315374516,56.5270720986902,56.69831332241292,100.0,100.0,0.0
56.69831332241292,56.88745838273476,56.69264349108068,56.88177020571419,100.0,100.0,0.0
56.88177020571419,57.05219842922455,56.87608202869362,57.04649377984657,100.0,100.0,0.0
57.04649377984657,57.21925711388629,57.04078913046859,57.213535760310265,100.0,100.0,0.0
57.213535760310265,57.394711203458336,57.20781440673424,57.388972306227714,100.0,100.0,0.0
57.388972306227714,57.576006693074696,57.38323340899709,57.570249668107884,100.0,100.0,0.0
57.570249668107884,57.73596334238444,57.56449264314107,57.730190323352105,100.0,100.0,0.0
57.730190323352105,57.91207317864369,57.72441730431977,57.90628255038865,100.0,100.0,0.0
57.90628255038865,58.08139289618658,57.90049192213362,58.07558533765281,100.0,100.0,0.0
58.07558533765281,58.24859948413753,58.06977777911904,58.24277520661687,100.0,100.0,0.0
58.24277520661687,58.425912675716894,58.23695092909621,58.42007066865003,100.0,100.0,0.0
58.42007066865003,58.59862282514689,58.41422866158316,58.592763548792014,100.0,100.0,0.0
58.592763548792014,58.77552961732903,58.58690427243714,58.76965265206382,100.0,100.0,0.0
58.76965265206382,58.93882783770772,58.76377568679861,58.93293454425329,100.0,100.0,0.0
58.93293454425329,59.11846735982916,58.927041250798865,59.11255610421874,100.0,100.0,0.0
59.11255610421874,59.30309697899659,59.10664484860832,59.297167262270364,100.0,100.0,0.0
59.297167262270364,59.47336761363382,59.291237545544135,59.467420871546665,100.0,100.0,0.0
59.467420871546665,59.64606343533696,59.46147412945951,59.640099425394425,100.0,100.0,0.0
59.640099425394425,59.829389890195074,59.63413541545189,59.823407549440134,100.0,100.0,0.0
59.823407549440134,60.01710540642082,59.817425208685194,60.01110429599122,100.0,100.0,0.0
60.01110429599122,60.2010012017477,60.005103185561616,60.19498170357734,100.0,100.0,0.0
60.19498170357734,60.38989113085625,60.18896220540698,60.38385274558169,100.0,100.0,0.0
60.38385274558169,60.5564208972244,60.377814360307134,60.55036586063834,100.0,100.0,0.0
60.55036586063834,60.73171137490236,60.544310824052275,60.725638811021255,100.0,100.0,0.0
60.725638811021255,60.916336142362894,60.71956624714015,60.91024511785111,100.0,100.0,0.0
60.91024511785111,61.10157181055876,60.90415409333933,61.095462264332326,100.0,100.0,0.0
61.095462264332326,61.28362665221781,61.08935271810589,61.27749890232758,100.0,100.0,0.0
61.27749890232758,61.46172966702433,61.27137115243735,61.45558410861347,100.0,100.0,0.0
61.45558410861347,61.64531581431362,61.449438550202615,61.63915189912371,100.0,100.0,0.0
61.63915189912371,61.82156196176827,61.6329879839338,61.8153804237259,100.0,100.0,0.0
61.8153804237259,62.00251199888124,61.80919888568353,61.99631236764448,100.0,100.0,0.0
61.99631236764448,62.176804157488576,61.99011273640772,62.1705870987787,100.0,100.0,0.0
62.1705870987787,62.35361878197668,62.16437004006882,62.34738404357232,100.0,100.0,0.0
62.34738404357232,62.54091971089022,62.34114930516796,62.53466624426579,100.0,100.0,0.0
62.53466624426579,62.73477949659902,62.528412777641364,62.728506645934424,100.0,100.0,0.0
62.728506645934424,62.918977071941846,62.72223379526983,62.91268580336151,100.0,100.0,0.0
62.91268580336151,63.10553847328333,62.90639453478118,63.099228550428286,100.0,100.0,0.0
63.099228550428286,63.306189738125155,63.09291862757324,63.29985975214994,100.0,100.0,0.0
63.29985975214994,63.48564493682386,63.29352976617473,63.47929700712315,100.0,100.0,0.0
63.47929700712315,63.66947063587445,63.47294907742244,63.66310432544191,100.0,100.0,0.0
63.66310432544191,63.860883903899,63.65673801500937,63.8544984540536,100.0,100.0,0.0
63.8544984540536,64.0506752363492,63.848113004208194,64.04427080926828,100.0,100.0,0.0
64.04427080926828,64.24553099957865,64.03786638218736,64.23910708886976,100.0,100.0,0.0
64.23910708886976,64.4360011155796,64.23268317816087,64.42955815976363,100.0,100.0,0.0
64.42955815976363,64.63873451289801,64.42311520394766,64.63227128576943,100.0,100.0,0.0
64.63227128576943,64.83369506065307,64.62580805864086,64.82721233941913,100.0,100.0,0.0
64.82721233941913,65.03587131903849,64.8207296181852,65.02936838220027,100.0,100.0,0.0
65.02936838220027,65.23101719027572,65.02286544536206,65.22449474080165,100.0,100.0,0.0
65.22449474080165,65.41971903607802,65.21797229132757,65.41317771830619,100.0,100.0,0.0
65.41317771830619,65.62063196530615,65.40663640053435,65.61407055825032,100.0,100.0,0.0
65.61407055825032,65.82054806340253,65.60750915119449,65.81396666673585,100.0,100.0,0.0
65.81396666673585,66.01515476150352,65.80738527006918,66.00855390611291,100.0,100.0,0.0
66.00855390611291,66.20477488833897,66.00195305072229,66.1981550728317,100.0,100.0,0.0
66.1981550728317,66.39334085317982,66.19153525732442,66.38670218296153,100.0,100.0,0.0
66.38670218296153,66.58910841156415,66.38006351274323,66.5824501665475,100.0,100.0,0.0
66.5824501665475,66.78522569705596,66.57579192153085,66.77854784227173,100.0,100.0,0.0
66.77854784227173,66.98479724766503,66.7718699874875,66.97809943772126,100.0,100.0,0.0
66.97809943772126,67.18502084934781,66.97140162777748,67.1783030190459,100.0,100.0,0.0
67.1783030190459,67.38427758045324,67.17158518874399,67.3775398264706,100.0,100.0,0.0
67.3775398264706,67.58000013988388,67.37080207248795,67.57324281560231,100.0,100.0,0.0
67.57324281560231,67.78951589320158,67.56648549132075,67.78273761943964,100.0,100.0,0.0
67.78273761943964,68.00040705681006,67.7759593456777,67.99360769604046,100.0,100.0,0.0
67.99360769604046,68.2119244588298,67.98680833527085,68.20510394843495,100.0,100.0,0.0
68.20510394843495,68.42135863286815,68.19828343804011,68.41451718115003,100.0,100.0,0.0
68.41451718115003,68.62920948392157,68.40767572943192,68.62234724919665,100.0,100.0,0.0
68.62234724919665,68.85667706254857,68.61548501447173,68.84979208334023,100.0,100.0,0.0
68.84979208334023,69.06814233165206,68.8429071041319,69.06123620803125,100.0,100.0,0.0
69.06123620803125,69.27180653492809,69.05433008441044,69.2648800469234,100.0,100.0,0.0
69.2648800469234,69.46963877099427,69.2579535589187,69.46269250174409,100.0,100.0,0.0
69.46269250174409,69.68419038542625,69.45574623249391,69.67722266315994,100.0,100.0,0.0
69.67722266315994,69.89280947685522,69.67025494089363,69.88582089476574,100.0,100.0,0.0
69.88582089476574,70.09886360433076,69.87883231267627,70.09185441888887,100.0,100.0,0.0
70.09185441888887,70.31091874236633,70.08484523344698,70.30388835353098,100.0,100.0,0.0
70.30388835353098,70.51520773510155,70.29685796469563,70.50815691940961,100.0,100.0,0.0
70.50815691940961,70.72171273228211,70.50110610371767,70.7146412681553,100.0,100.0,0.0
70.7146412681553,70.92742300096408,70.7075698040285,70.9203309678673,100.0,100.0,0.0
70.9203309678673,71.1363467051672,70.91323893477052,71.12923378178903,100.0,100.0,0.0
71.12923378178903,71.35599415334516,71.12212085841085,71.34885926741842,100.0,100.0,0.0
71.34885926741842,71.56319005601264,71.34172438149167,71.55603445256739,100.0,100.0,0.0
71.55603445256739,71.56319005601264,71.33773623466696,71.34487072173914,100.0,100.0,0.0
71.34487072173914,71.35200520881132,71.1222649667006,71.12937790449105,100.0,100.0,0.0
71.12937790449105,71.1364908422815,70.8976765283531,70.9047670050536,100.0,100.0,0.0
70.9047670050536,70.9118574817541,70.69398628658969,70.7010563922289,100.0,100.0,0.0
70.7010563922289,70.70812649786812,70.48749860026071,70.49454805506622,100.0,100.0,0.0
70.49454805506622,70.50159750987173,70.27060707503439,70.27763483851824,100.0,100.0,0.0
70.27763483851824,70.28466260200209,70.06169511460209,70.06870198480057,100.0,100.0,0.0
70.06870198480057,70.07570885499905,69.84460458423838,69.8515897432127,100.0,100.0,0.0
69.8515897432127,69.85857490218702,69.6408929453668,69.64785773113991,100.0,100.0,0.0
69.64785773113991,69.65482251691301,69.43373708421413,69.44068115232936,100.0,100.0,0.0
69.44068115232936,69.44762522044459,69.22851238404442,69.23543592763718,100.0,100.0,0.0
69.23543592763718,69.24235947122995,69.01459893537442,69.02150108548297,100.0,100.0,0.0
69.02150108548297,69.02840323559151,68.80726613520874,68.81414754996374,100.0,100.0,0.0
68.81414754996374,68.82102896471874,68.59824939877873,68.60510990976971,100.0,100.0,0.0
68.60510990976971,68.61197042076068,68.3910754690881,68.39791526061416,100.0,100.0,0.0
68.39791526061416,68.40475505214022,68.18646195096179,68.19328127908969,100.0,100.0,0.0
68.19328127908969,68.20010060721759,67.96777228252614,67.9745697395001,100.0,100.0,0.0
67.9745697395001,67.98136719647405,67.76563865765085,67.77241589924078,100.0,100.0,0.0
67.77241589924078,67.77919314083071,67.56075822896189,67.56751498045993,100.0,100.0,0.0
67.56751498045993,67.57427173195798,67.3529952045123,67.35973117763005,100.0,100.0,0.0
67.35973117763005,67.36646715074781,67.16238708071477,67.16910399111387,100.0,100.0,0.0
67.16910399111387,67.17582090151298,66.97207527776291,66.97877315507841,100.0,100.0,0.0
66.97877315507841,66.98547103239392,66.76153066065844,66.76820748140658,100.0,100.0,0.0
66.76820748140658,66.77488430215472,66.5556015537419,66.56225777951984,100.0,100.0,0.0
66.56225777951984,66.56891400529778,66.3614641942704,66.36810100437083,100.0,100.0,0.0
66.36810100437083,66.37473781447126,66.15819354704045,66.16481002804326,100.0,100.0,0.0
66.16481002804326,66.17142650904607,65.95898581681651,65.96558237505401,100.0,100.0,0.0
65.96558237505401,65.97217893329152,65.75918517761052,65.7657617537859,100.0,100.0,0.0
65.7657617537859,65.77233832996127,65.56405254155794,65.57060960251819,100.0,100.0,0.0
65.57060960251819,65.57716666347844,65.36456787008825,65.37110498058631,100.0,100.0,0.0
65.37110498058631,65.37764209108437,65.16913795294941,65.17565551850126,100.0,100.0,0.0
65.17565551850126,65.1821730840531,64.97252479445754,64.97902269672721,100.0,100.0,0.0
64.97902269672721,64.98552059899689,64.77455439119463,64.78103249444408,100.0,100.0,0.0
64.78103249444408,64.78751059769353,64.58184316907695,64.58830199927688,100.0,100.0,0.0
64.58830199927688,64.59476082947681,64.38534360534581,64.39178278362417,100.0,100.0,0.0
64.39178278362417,64.39822196190252,64.18427095861277,64.19069002761553,100.0,100.0,0.0
64.19069002761553,64.19710909661829,63.99141379592198,63.99781357727971,100.0,100.0,0.0
63.99781357727971,64.00421335863743,63.79343440043572,63.79981438187391,100.0,100.0,0.0
63.79981438187391,63.806194363312095,63.60574578487148,63.61210699557104,100.0,100.0,0.0
63.61210699557104,63.6184682062706,63.41412620283763,63.4204682496626,100.0,100.0,0.0
63.4204682496626,63.42681029648757,63.22177417217441,63.228096981872596,100.0,100.0,0.0
63.228096981872596,63.23441979157078,63.04035295469153,63.04665762045357,100.0,100.0,0.0
63.04665762045357,63.05296228621562,62.85163791931162,62.85792371168279,100.0,100.0,0.0
62.85792371168279,62.86420950405395,62.66366830544597,62.669935298975865,100.0,100.0,0.0
62.669935298975865,62.676202292505764,62.4842956594724,62.4905447139438,100.0,100.0,0.0
62.4905447139438,62.496793768415195,62.3018467951935,62.308077602953794,100.0,100.0,0.0
62.308077602953794,62.31430841071409,62.11820785091486,62.12442029294415,100.0,100.0,0.0
62.12442029294415,62.130632734973446,61.93670578565632,61.942900075663886,100.0,100.0,0.0
61.942900075663886,61.94909436567145,61.75058811644339,61.75676379282267,100.0,100.0,0.0
61.75676379282267,61.762939469201946,61.56424855901493,61.57040559957488,100.0,100.0,0.0
61.57040559957488,61.57656264013484,61.37109796019225,61.377235683760624,100.0,100.0,0.0
61.377235683760624,61.383373407328996,61.18216429260699,61.18828312091908,100.0,100.0,0.0
61.18828312091908,61.19440194923117,60.99496870635585,61.00106881323717,100.0,100.0,0.0
61.00106881323717,61.00716892011849,60.81844261552458,60.824525068031384,100.0,100.0,0.0
60.824525068031384,60.83060752053819,60.63137814416223,60.63744188835106,100.0,100.0,0.0
60.63744188835106,60.6435056325399,60.45114371424656,60.45718943318988,100.0,100.0,0.0
60.45718943318988,60.64712484045564,60.45114371424656,60.6410607343822,100.0,100.0,0.0
60.6410607343822,60.83148184275849,60.63499662830876,60.82539930282821,100.0,100.0,0.0
60.82539930282821,61.02038223857157,60.81931676289793,61.014280810490526,100.0,100.0,0.0
61.014280810490526,61.19592025574492,61.00817938240948,61.18980127561736,100.0,100.0,0.0
61.18980127561736,61.38900571763904,61.1836822954898,61.38286743089595,100.0,100.0,0.0
61.38286743089595,61.56683638308127,61.37672914415286,61.560680315049765,100.0,100.0,0.0
61.560680315049765,61.75034903929065,61.554524247018264,61.74417462182846,100.0,100.0,0.0
61.74417462182846,61.939120075996584,61.73800020436628,61.93292678331825,100.0,100.0,0.0
61.93292678331825,62.12330703868307,61.92673349063992,62.11709532915016,100.0,100.0,0.0
62.11709532915016,62.302980975902145,62.11088361961725,62.296751300772065,100.0,100.0,0.0
62.296751300772065,62.475912768621704,62.290521625641986,62.4696658020415,100.0,100.0,0.0
62.4696658020415,62.66230103075621,62.46341883546129,62.65603542721349,100.0,100.0,0.0
62.65603542721349,62.85981169519727,62.649769823670766,62.853526342563015,100.0,100.0,0.0
62.853526342563015,63.05664289165835,62.84724098992876,63.05033785787256,100.0,100.0,0.0
63.05033785787256,63.23236406900222,63.04403282408678,63.22604146485574,100.0,100.0,0.0
63.22604146485574,63.42428189987981,63.21971886070926,63.41794010586922,100.0,100.0,0.0
63.41794010586922,63.61710120810729,63.41159831185863,63.61074013409389,100.0,100.0,0.0
63.61074013409389,63.8009652904859,63.60437906008048,63.79458583190271,100.0,100.0,0.0
63.79458583190271,63.98564361949224,63.78820637331952,63.979245694922746,100.0,100.0,0.0
63.979245694922746,64.17364006917832,63.972847770353255,64.16722334684364,100.0,100.0,0.0
64.16722334684364,64.3605602497892,64.16080662450896,64.35412483730548,100.0,100.0,0.0
64.35412483730548,64.55045721384602,64.34768942482175,64.54400281356466,100.0,100.0,0.0
64.54400281356466,64.73855924375805,64.5375484132833,64.73208603515454,100.0,100.0,0.0
64.73208603515454,64.9386916854268,64.72561282655103,64.93219846558024,100.0,100.0,0.0
64.93219846558024,65.12916330758887,64.92570524573368,65.12265104248462,100.0,100.0,0.0
65.12265104248462,65.32081027991201,65.11613877738037,65.3142788520268,100.0,100.0,0.0
65.3142788520268,65.5041427850112,65.3077474241416,65.49759302570862,100.0,100.0,0.0
65.49759302570862,65.699829591728,65.49104326640605,65.69326026570144,100.0,100.0,0.0
65.69326026570144,65.89256181930844,65.68669093967488,65.88597322198625,100.0,100.0,0.0
65.88597322198625,66.07985905941321,65.87938462466406,66.07325173423979,100.0,100.0,0.0
66.07325173423979,66.27236334868137,66.06664440906637,66.26573677500387,100.0,100.0,0.0
66.26573677500387,66.47024123951456,66.25911020132638,66.46359488002656,100.0,100.0,0.0
66.46359488002656,66.6725678349699,66.45694852053856,66.66590124484541,100.0,100.0,0.0
66.66590124484541,66.88335528539223,66.65923465472093,66.87666761863036,100.0,100.0,0.0
66.87666761863036,67.10214774785712,66.8699799518685,67.09543820403671,100.0,100.0,0.0
67.09543820403671,67.30220882326243,67.0887286602163,67.2954792753349,100.0,100.0,0.0
67.2954792753349,67.4951902570736,67.28874972740736,67.4884414129323,100.0,100.0,0.0
67.4884414129323,67.69814179525937,67.481692568791,67.69137265799358,100.0,100.0,0.0
67.69137265799358,67.89589917421019,67.68460352072779,67.88911026318387,100.0,100.0,0.0
67.88911026318387,68.09982562681802,67.88232135215755,68.0930163251855,100.0,100.0,0.0
68.0930163251855,68.30975520869555,68.08620702355299,68.30292491620393,100.0,100.0,0.0
68.30292491620393,68.5158646168169,68.29609462371232,68.50901371544535,100.0,100.0,0.0
68.50901371544535,68.72332097074651,68.5021628140738,68.71644932581393,100.0,100.0,0.0
68.71644932581393,68.92920944308273,68.70957768088134,68.92231721136159,100.0,100.0,0.0
68.92231721136159,69.12986869562816,68.91542497964045,69.12295639998817,100.0,100.0,0.0
69.12295639998817,69.32996686182496,69.11604410434818,69.32303455836912,100.0,100.0,0.0
69.32303455836912,69.52968982239167,69.31610225491328,69.52273754863681,100.0,100.0,0.0
69.52273754863681,69.74295678839758,69.51578527488195,69.73598319007857,100.0,100.0,0.0
69.73598319007857,69.94993300307624,69.72900959175956,69.94293870920532,100.0,100.0,0.0
69.94293870920532,70.16418912191887,69.9359444153344,70.15717340457842,100.0,100.0,0.0
70.15717340457842,70.37131088146847,70.15015768723796,70.36427445402308,100.0,100.0,0.0
70.36427445402308,70.58042482092026,70.35723802657768,70.57336748417184,100.0,100.0,0.0
70.57336748417184,70.79467268150633,70.56631014742342,70.78759392211411,100.0,100.0,0.0
70.78759392211411,71.00684607477798,70.7805151627219,70.99974610016797,100.0,100.0,0.0
70.99974610016797,71.21230464033397,70.99264612555795,71.20518412192177,100.0,100.0,0.0
71.20518412192177,71.41903674648273,71.19806360350958,71.41189555692704,100.0,100.0,0.0
71.41189555692704,71.63529251324648,71.40475436737134,71.62812970027646,100.0,100.0,0.0
71.62812970027646,71.83535071246745,71.62096688730644,71.82816789567788,100.0,100.0,0.0
71.82816789567788,72.05674703149624,71.82098507888831,72.04954207728852,100.0,100.0,0.0
72.04954207728852,72.27532573845569,72.0423371230808,72.26809892856284,100.0,100.0,0.0
72.26809892856284,72.49270352885209,72.26087211866998,72.48545498335376,100.0,100.0,0.0
72.48545498335376,72.7166241569203,72.47820643785543,72.70935322159815,100.0,100.0,0.0
72.70935322159815,72.93395451370907,72.702082286276,72.92666184752431,100.0,100.0,0.0
72.92666184752431,73.16039142772101,72.91936918133956,73.153076120109,100.0,100.0,0.0
73.153076120109,73.38499543197008,73.145760812497,73.37765766620346,100.0,100.0,0.0
73.37765766620346,73.60316970051993,73.37031990043684,73.59581011950797,100.0,100.0,0.0
73.59581011950797,73.81807497648646,73.58845053849602,73.81069390709575,100.0,100.0,0.0
73.81069390709575,74.04116674670647,73.80331283770505,74.03376337036943,100.0,100.0,0.0
74.03376337036943,74.26193854669387,74.02635999403239,74.25451309538433,100.0,100.0,0.0
74.25451309538433,74.4807506109243,74.24708764407478,74.47330328059624,100.0,100.0,0.0
74.47330328059624,74.70399471822773,74.46585595026818,74.69652506572116,100.0,100.0,0.0
74.69652506572116,74.9228150121771,74.68905541321459,74.91532347982911,100.0,100.0,0.0
74.91532347982911,75.16217922841865,74.90783194748113,75.15466376204245,100.0,100.0,0.0
75.15466376204245,75.38687710489664,75.14714829566624,75.37933917097955,100.0,100.0,0.0
75.37933917097955,75.623527075786,75.37180123706246,75.61596547923808,100.0,100.0,0.0
75.61596547923808,75.8560607275002,75.60840388269017,75.84847587991221,100.0,100.0,0.0
75.84847587991221,76.09788020316282,75.84089103232422,76.0902711760452,100.0,100.0,0.0
76.0902711760452,76.32883001984587,76.0826621489276,76.32119790005586,100.0,100.0,0.0
76.32119790005586,76.54929375823639,76.31356578026586,76.54163959427696,100.0,100.0,0.0
76.54163959427696,76.78225975551709,76.53398543031753,76.77458229728737,100.0,100.0,0.0
76.77458229728737,77.02172531939732,76.76690483905764,77.01402391700562,100.0,100.0,0.0
77.01402391700562,77.02172531939732,76.76476794342848,76.77244518794727,100.0,100.0,0.0
76.77244518794727,76.78012243246606,76.53773291618403,76.54538745492953,100.0,100.0,0.0
76.54538745492953,76.55304199367502,76.32275176111618,76.33038479959613,100.0,100.0,0.0
76.33038479959613,76.33801783807608,76.10006276627485,76.1076735336282,100.0,100.0,0.0
76.1076735336282,76.11528430098156,75.88392136376272,75.8915105148142,100.0,100.0,0.0
75.8915105148142,75.89909966586568,75.655372200008,75.66293849385738,100.0,100.0,0.0
75.66293849385738,75.67050478770676,75.42122896962682,75.4287718468115,100.0,100.0,0.0
75.4287718468115,75.43631472399618,75.19734972681803,75.20487021383941,100.0,100.0,0.0
75.20487021383941,75.2123907008608,74.97253866301926,74.98003666668593,100.0,100.0,0.0
74.98003666668593,74.9875346703526,74.75494698829455,74.76242323061761,100.0,100.0,0.0
74.76242323061761,74.76989947294068,74.5316270276913,74.53908093578488,100.0,100.0,0.0
74.53908093578488,74.54653484387846,74.30350467284939,74.31093576642603,100.0,100.0,0.0
74.31093576642603,74.31836686000267,74.08440298735009,74.09181216856695,100.0,100.0,0.0
74.09181216856695,74.0992213497838,73.8685894241694,73.87597702187159,100.0,100.0,0.0
73.87597702187159,73.88336461957378,73.63231943376975,73.63968340210997,100.0,100.0,0.0
73.63968340210997,73.64704737045018,73.40071881768577,73.40805962364813,100.0,100.0,0.0
73.40805962364813,73.41540042961049,73.18583422930493,73.1931535446594,100.0,100.0,0.0
73.1931535446594,73.20047286001386,72.97547195167883,72.9827702287017,100.0,100.0,0.0
72.9827702287017,72.99006850572457,72.75146472051527,72.75874059457473,100.0,100.0,0.0
72.75874059457473,72.76601646863419,72.51845273191424,72.52570530244448,100.0,100.0,0.0
72.52570530244448,72.53295787297472,72.2873185275521,72.29454798235034,100.0,100.0,0.0
72.29454798235034,72.30177743714857,72.07065218910681,72.07785997510432,100.0,100.0,0.0
72.07785997510432,72.08506776110183,71.84768806416292,71.85487355151807,100.0,100.0,0.0
71.85487355151807,71.86205903887321,71.64038997902092,71.64755473449438,100.0,100.0,0.0
71.64755473449438,71.65471948996783,71.42321610325331,71.43035913916722,100.0,100.0,0.0
71.43035913916722,71.43750217508114,71.20367033677354,71.21079141591512,100.0,100.0,0.0
71.21079141591512,71.21791249505671,70.98589605188904,70.99299535142418,100.0,100.0,0.0
70.99299535142418,71.00009465095933,70.76389531097018,70.77097240821101,100.0,100.0,0.0
70.77097240821101,70.77804950545183,70.54999738014025,70.5570530854488,100.0,100.0,0.0
70.5570530854488,70.56410879075734,70.34028129895604,70.3473160305591,100.0,100.0,0.0
70.3473160305591,70.35435076216216,70.11628972905541,70.12330205926133,100.0,100.0,0.0
70.12330205926133,70.13031438946726,69.91057995973351,69.9175717169052,100.0,100.0,0.0
69.9175717169052,69.92456347407689,69.70414929816536,69.71112041020638,100.0,100.0,0.0
69.71112041020638,69.71809152224739,69.49149084901289,69.4984406930822,100.0,100.0,0.0
69.4984406930822,69.50539053715151,69.27032164784124,69.27724937277851,100.0,100.0,0.0
69.27724937277851,69.28417709771578,69.06081555019675,69.06772232242899,100.0,100.0,0.0
69.06772232242899,69.07462909466123,68.8512315178691,68.85811732960205,100.0,100.0,0.0
68.85811732960205,68.86500314133501,68.64226396204339,68.64912887493088,100.0,100.0,0.0
68.64912887493088,68.65599378781837,68.43727671840492,68.44412113051797,100.0,100.0,0.0
68.44412113051797,68.45096554263102,68.23995550800763,68.24678018602623,100.0,100.0,0.0
68.24678018602623,68.25360486404483,68.0259667945498,68.03277007155695,100.0,100.0,0.0
68.03277007155695,68.0395733485641,67.81281108890549,67.81959304821031,100.0,100.0,0.0
67.81959304821031,67.82637500751513,67.61371737425563,67.62047942219785,100.0,100.0,0.0
67.62047942219785,67.62724147014006,67.41610203756522,67.42284432199742,100.0,100.0,0.0
67.42284432199742,67.42958660642961,67.21265292665554,67.21937486414195,100.0,100.0,0.0
67.21937486414195,67.22609680162837,67.00677046108956,67.01347180827038,100.0,100.0,0.0
67.01347180827038,67.0201731554512,66.81202085601662,66.81870272628925,100.0,100.0,0.0
66.81870272628925,66.82538459656188,66.61247342721992,66.619135340754,100.0,100.0,0.0
66.619135340754,66.62579725428807,66.4088459241191,66.41548747286639,100.0,100.0,0.0
66.41548747286639,66.42212902161367,66.2046016790629,66.21122280134304,100.0,100.0,0.0
66.21122280134304,66.21784392362318,66.00561086169522,66.0122120829035,100.0,100.0,0.0
66.0122120829035,66.01881330411179,65.81189183267377,65.81847368004176,100.0,100.0,0.0
65.81847368004176,65.82505552740976,65.62510862701866,65.63167179419808,100.0,100.0,0.0
65.63167179419808,65.6382349613775,65.43028159013238,65.43682527265965,100.0,100.0,0.0
65.43682527265965,65.44336895518691,65.23323083932652,65.23975481480801,100.0,100.0,0.0
65.23975481480801,65.2462787902895,65.03276309132696,65.03926701802875,100.0,100.0,0.0
65.03926701802875,65.04577094473055,64.83638946135275,64.84287374872763,100.0,100.0,0.0
64.84287374872763,64.8493580361025,64.63532019267873,64.64178437111585,100.0,100.0,0.0
64.64178437111585,64.64824854955296,64.44917724625994,64.4556228085408,100.0,100.0,0.0
64.4556228085408,64.46206837082165,64.25018703527715,64.25661269654681,100.0,100.0,0.0
64.25661269654681,64.26303835781647,64.05695213159258,64.06335846743933,100.0,100.0,0.0
64.06335846743933,64.06976480328608,63.86885255903112,63.87524008303942,100.0,100.0,0.0
63.87524008303942,63.881627607047726,63.684164771730146,63.69053382511266,100.0,100.0,0.0
63.69053382511266,63.88391281985984,63.684164771730146,63.877525067353105,100.0,100.0,0.0
63.877525067353105,64.08794975653994,63.87113731484637,64.0815416023797,100.0,100.0,0.0
64.0815416023797,64.26290510547518,64.07513344821946,64.25647945752944,100.0,100.0,0.0
64.25647945752944,64.44736936275292,64.25005380958369,64.4409252702259,100.0,100.0,0.0
64.4409252702259,64.6369508425404,64.43448117769888,64.63048779376102,100.0,100.0,0.0
64.63048779376102,64.83579825623141,64.62402474498164,64.82931532469894,100.0,100.0,0.0
64.82931532469894,65.02994074870175,64.82283239316646,65.02343840486127,100.0,100.0,0.0
65.02343840486127,65.23075881597755,65.01693606102079,65.22423639233831,100.0,100.0,0.0
65.22423639233831,65.4242901318073,65.21771396869907,65.4177483569716,100.0,100.0,0.0
65.4177483569716,65.62537438364477,65.4112065821359,65.61881250239453,100.0,100.0,0.0
65.61881250239453,65.8275540256464,65.6122506211443,65.82097192845356,100.0,100.0,0.0
65.82097192845356,66.03030710665155,65.81438983126071,66.02370473617793,100.0,100.0,0.0
66.02370473617793,66.2341569401952,66.01710236570432,66.22753418677652,100.0,100.0,0.0
66.22753418677652,66.44398932200053,66.22091143335784,66.43734558744178,100.0,100.0,0.0
66.43734558744178,66.63819543170672,66.43070185288303,66.63153227847887,100.0,100.0,0.0
66.63153227847887,66.84027168938927,66.62486912525102,66.83358833055621,100.0,100.0,0.0
66.83358833055621,67.02805226579494,66.82690497172315,67.02135013078187,100.0,100.0,0.0
67.02135013078187,67.22252811388081,67.0146479957688,67.2158065332275,100.0,100.0,0.0
67.2158065332275,67.43754257035323,67.20908495257417,67.43079949040418,100.0,100.0,0.0
67.43079949040418,67.64615541603,67.42405641045514,67.63939147688231,100.0,100.0,0.0
67.63939147688231,67.8538975486993,67.63262753773462,67.84711283741555,100.0,100.0,0.0
67.84711283741555,68.05993780338302,67.84032812613181,68.053132490134,100.0,100.0,0.0
68.053132490134,68.26309587660812,68.04632717688499,68.25627024958317,100.0,100.0,0.0
68.25627024958317,68.46319309674932,68.24944462255822,68.45634746200312,100.0,100.0,0.0
68.45634746200312,68.67198480631444,68.44950182725692,68.665118294485,100.0,100.0,0.0
68.665118294485,68.88258319797765,68.65825178265555,68.87569562841482,100.0,100.0,0.0
68.87569562841482,69.07307543321637,68.86880805885198,69.06616881633474,100.0,100.0,0.0
69.06616881633474,69.2720375825391,69.0592621994531,69.26511107143196,100.0,100.0,0.0
69.26511107143196,69.48314306831944,69.25818456032482,69.47619544877456,100.0,100.0,0.0
69.47619544877456,69.68455263123622,69.46924782922969,69.67758487274894,100.0,100.0,0.0
69.67758487274894,69.89247075338409,69.67061711426166,69.88548220516357,100.0,100.0,0.0
69.88548220516357,70.11469071156628,69.87849365694305,70.10767994357192,100.0,100.0,0.0
70.10767994357192,70.33501692958667,70.10066917557756,70.32798413117355,100.0,100.0,0.0
70.32798413117355,70.54447491826541,70.32095133276043,70.53742117614779,100.0,100.0,0.0
70.53742117614779,70.749820050367,70.53036743403017,70.74274577578943,100.0,100.0,0.0
70.74274577578943,70.96983529298389,70.73567150121185,70.96273901908198,100.0,100.0,0.0
70.96273901908198,71.19562126153197,70.95564274518007,71.18850241129084,100.0,100.0,0.0
71.18850241129084,71.40420064638212,71.18138356104971,71.3970609402881,100.0,100.0,0.0
71.3970609402881,71.62445543764818,71.38992123419408,71.61729370827736,100.0,100.0,0.0
71.61729370827736,71.83499818218898,71.61013197890654,71.82781540064892,100.0,100.0,0.0
71.82781540064892,72.04553688252754,71.82063261910885,72.03833304922262,100.0,100.0,0.0
72.03833304922262,72.26560367425316,72.03112921591769,72.2583778364695,100.0,100.0,0.0
72.2583778364695,72.48613673795617,72.25115199868586,72.47888884907127,100.0,100.0,0.0
72.47888884907127,72.70389259351697,72.47164096018636,72.69662293122384,100.0,100.0,0.0
72.69662293122384,72.9168140579437,72.68935326893072,72.90952310563313,100.0,100.0,0.0
72.90952310563313,73.12064574227642,72.90223215332256,73.11333440883554,100.0,100.0,0.0
73.11333440883554,73.36182775078436,73.10602307539466,73.3544923015542,100.0,100.0,0.0
73.3544923015542,73.58262134999839,73.34715685232405,73.57526382361603,100.0,100.0,0.0
73.57526382361603,73.80915163655322,73.56790629723366,73.80177145940729,100.0,100.0,0.0
73.80177145940729,74.04314141548558,73.79439128226136,74.0357378417014,100.0,100.0,0.0
74.0357378417014,74.2613586473093,74.02833426791723,74.2539332539839,100.0,100.0,0.0
74.2539332539839,74.48277306793896,74.24650786065851,74.47532553538542,100.0,100.0,0.0
74.47532553538542,74.70293393539627,74.46787800283188,74.69546438895738,100.0,100.0,0.0
74.69546438895738,74.91196741340192,74.68799484251848,74.90447696570536,100.0,100.0,0.0
74.90447696570536,75.12884107659626,74.89698651800879,75.1213289437019,100.0,100.0,0.0
75.1213289437019,75.3574904544963,75.11381681080753,75.3499554589504,100.0,100.0,0.0
75.3499554589504,75.58253760906591,75.34242046340451,75.5749801110548,100.0,100.0,0.0
75.5749801110548,75.81338204918748,75.56742261304369,75.80580146904057,100.0,100.0,0.0
75.80580146904057,76.03987862124943,75.79822088889367,76.03227539371005,100.0,100.0,0.0
76.03227539371005,76.27495061750756,76.02467216617067,76.26732388511904,100.0,100.0,0.0
76.26732388511904,76.50124852853995,76.25969715273052,76.49359916862308,100.0,100.0,0.0
76.49359916862308,76.7312739473284,76.48594980870621,76.72360158716968,100.0,100.0,0.0
76.72360158716968,76.97240777168511,76.71592922701096,76.96471130055505,100.0,100.0,0.0
76.96471130055505,77.20320992648655,76.95701482942499,77.1954903774488,100.0,100.0,0.0
77.1954903774488,77.45169256875458,77.18777082841106,77.44394817393719,100.0,100.0,0.0
77.44394817393719,77.67305545390275,77.4362037791198,77.66528892501024,100.0,100.0,0.0
77.66528892501024,77.89968429190748,77.65752239611774,77.89189510239724,100.0,100.0,0.0
77.89189510239724,78.13033352412822,77.88410591288701,78.12252127200102,100.0,100.0,0.0
78.12252127200102,78.36391017124923,78.11470901987383,78.35607456379286,100.0,100.0,0.0
78.35607456379286,78.36391017124923,78.12782776147046,78.13564132560302,100.0,100.0,0.0
78.13564132560302,78.14345488973558,77.9022217080224,77.91001270929333,100.0,100.0,0.0
77.91001270929333,77.91780371056426,77.67123422335987,77.67900212357223,100.0,100.0,0.0
77.67900212357223,77.68677002378459,77.44084819055412,77.4485930498591,100.0,100.0,0.0
77.4485930498591,77.45633790916408,77.19892273708605,77.20664340142619,100.0,100.0,0.0
77.20664340142619,77.21436406576633,76.9693534642462,76.97705116936314,100.0,100.0,0.0
76.97705116936314,76.98474887448008,76.75223721296064,76.75991320428106,100.0,100.0,0.0
76.75991320428106,76.76758919560149,76.51692759717628,76.5245800551818,100.0,100.0,0.0
76.5245800551818,76.53223251318732,76.28205494035099,76.28968390874186,100.0,100.0,0.0
76.28968390874186,76.29731287713274,76.05461023912311,76.06221646076918,100.0,100.0,0.0
76.06221646076918,76.06982268241525,75.83502338872474,75.84260764948968,100.0,100.0,0.0
75.84260764948968,75.85019191025462,75.62085379913673,75.62841664080081,100.0,100.0,0.0
75.62841664080081,75.63597948246489,75.40469758323802,75.41223880711873,100.0,100.0,0.0
75.41223880711873,75.41978003099943,75.1756210077111,75.18313932164327,100.0,100.0,0.0
75.18313932164327,75.19065763557543,74.96766626225407,74.97516377863194,100.0,100.0,0.0
74.97516377863194,74.9826612950098,74.73536976779643,74.74284405220165,100.0,100.0,0.0
74.74284405220165,74.75031833660687,74.50673396120231,74.51418537974028,100.0,100.0,0.0
74.51418537974028,74.52163679827825,74.28618909987557,74.29361846172175,100.0,100.0,0.0
74.29361846172175,74.30104782356793,74.05578538632696,74.0631917054975,100.0,100.0,0.0
74.0631917054975,74.07059802466804,73.83870888681994,73.84609349616956,100.0,100.0,0.0
73.84609349616956,73.85347810551917,73.63090120785377,73.6382650343572,100.0,100.0,0.0
73.6382650343572,73.64562886086064,73.41178260220525,73.41912451465672,100.0,100.0,0.0
73.41912451465672,73.42646642710818,73.17371067446318,73.18102877734091,100.0,100.0,0.0
73.18102877734091,73.18834688021865,72.95407097305629,72.96136710976727,100.0,100.0,0.0
72.96136710976727,72.96866324647824,72.73925362294192,72.74652827576949,100.0,100.0,0.0
72.74652827576949,72.75380292859707,72.52207761966703,72.5293305527223,100.0,100.0,0.0
72.5293305527223,72.53658348577757,72.30223660779087,72.30946755454633,100.0,100.0,0.0
72.30946755454633,72.31669850130179,72.08587290393075,72.09308221215197,100.0,100.0,0.0
72.09308221215197,72.10029152037319,71.8614069956359,71.8685938550214,100.0,100.0,0.0
71.8685938550214,71.8757807144069,71.64691858459486,71.65408399299416,100.0,100.0,0.0
71.65408399299416,71.66124940139346,71.4306255125702,71.43776928949916,100.0,100.0,0.0
71.43776928949916,71.44491306642811,71.21237011731499,71.21949206652164,100.0,100.0,0.0
71.21949206652164,71.22661401572829,71.01304151966389,71.0201435340173,100.0,100.0,0.0
71.0201435340173,71.0272455483707,70.7961153425815,70.80319566214771,100.0,100.0,0.0
70.80319566214771,70.81027598171393,70.59102810054465,70.59808790933558,100.0,100.0,0.0
70.59808790933558,70.6051477181265,70.3844633579422,70.39150250819301,100.0,100.0,0.0
70.39150250819301,70.39854165844383,70.18298008387144,70.18999908377982,100.0,100.0,0.0
70.18999908377982,70.1970180836882,69.95398234000754,69.96097843785132,100.0,100.0,0.0
69.96097843785132,69.9679745356951,69.74308194607518,69.75005695177036,100.0,100.0,0.0
69.75005695177036,69.75703195746554,69.5252803863835,69.53223360974448,100.0,100.0,0.0
69.53223360974448,69.53918683310546,69.3176275918449,69.32456004784969,100.0,100.0,0.0
69.32456004784969,69.33149250385448,69.11103632335224,69.11794811816405,100.0,100.0,0.0
69.11794811816405,69.12485991297586,68.89988441579298,68.90677509330231,100.0,100.0,0.0
68.90677509330231,68.91366577081165,68.70684799456137,68.71371936649803,100.0,100.0,0.0
68.71371936649803,68.72059073843468,68.50741416905429,68.51426559561385,100.0,100.0,0.0
68.51426559561385,68.52111702217341,68.29834671619234,68.30517723391573,100.0,100.0,0.0
68.30517723391573,68.31200775163911,68.11040482855448,68.1172165502095,100.0,100.0,0.0
68.1172165502095,68.12402827186453,67.90264771444242,67.90943865830825,100.0,100.0,0.0
67.90943865830825,68.11750819771088,67.90264771444242,68.11069712799808,100.0,100.0,0.0
68.11069712799808,68.33070192863788,68.10388605828528,68.3238695416837,100.0,100.0,0.0
68.3238695416837,68.53127643516852,68.31703715472953,68.52442399276924,100.0,100.0,0.0
68.52442399276924,68.73774871876489,68.51757155036996,68.73087563120177,100.0,100.0,0.0
68.73087563120177,68.9457494036047,68.72400254363865,68.93885551805289,100.0,100.0,0.0
68.93885551805289,69.1636126718086,68.93196163250109,69.15669700210839,100.0,100.0,0.0
69.15669700210839,69.36183991461459,69.14978133240818,69.35490442417218,100.0,100.0,0.0
69.35490442417218,69.56799988568662,69.34796893372976,69.56104378130848,100.0,100.0,0.0
69.56104378130848,69.78358852439086,69.55408767693035,69.77661086330454,100.0,100.0,0.0
69.77661086330454,69.99122831705432,69.76963320221822,69.98422989406491,100.0,100.0,0.0
69.98422989406491,70.20151454882821,69.9772314710755,70.19449509931829,100.0,100.0,0.0
70.19449509931829,70.41733451635812,70.18747564980836,70.41029348700943,100.0,100.0,0.0
70.41029348700943,70.62690868078661,70.40325245766073,70.61984669611701,100.0,100.0,0.0
70.61984669611701,70.83591846523115,70.6127847114474,70.82883558167298,100.0,100.0,0.0
70.82883558167298,71.04172721201913,70.8217526981148,71.03462374964417,100.0,100.0,0.0
71.03462374964417,71.26103529599885,71.02752028726921,71.25390990500836,100.0,100.0,0.0
71.25390990500836,71.48042953729284,71.24678451401786,71.47328220907193,100.0,100.0,0.0
71.47328220907193,71.69378371778528,71.46613488085102,71.68661505627965,100.0,100.0,0.0
71.68661505627965,71.90956753618879,71.67944639477402,71.90237729845894,100.0,100.0,0.0
71.90237729845894,72.11729121629536,71.8951870607291,72.11008020827452,100.0,100.0,0.0
72.11008020827452,72.34035720863373,72.10286920025369,72.3331238962441,100.0,100.0,0.0
72.3331238962441,72.55372118618453,72.32589058385447,72.54646653953058,100.0,100.0,0.0
72.54646653953058,72.7732898896851,72.53921189287664,72.76601328835626,100.0,100.0,0.0
72.76601328835626,72.99541280150065,72.75873668702742,72.98811399010164,100.0,100.0,0.0
72.98811399010164,73.21903506051977,72.98081517870263,73.21171388913086,100.0,100.0,0.0
73.21171388913086,73.45852986996356,73.20439271774195,73.45118475148841,100.0,100.0,0.0
73.45118475148841,73.68290897829536,73.44383963301327,73.67554142415294,100.0,100.0,0.0
73.67554142415294,73.89247881635993,73.66817387001052,73.8850903073292,100.0,100.0,0.0
73.8850903073292,74.11672017267995,73.87770179829846,74.10930924175577,100.0,100.0,0.0
74.10930924175577,74.34469890445261,74.10189831083159,74.33726517793482,100.0,100.0,0.0
74.33726517793482,74.55670448291892,74.32983145141704,74.54924955796312,100.0,100.0,0.0
74.54924955796312,74.77609283363235,74.54179463300733,74.76861597203515,100.0,100.0,0.0
74.76861597203515,75.0018081900985,74.76113911043795,74.99430875922258,100.0,100.0,0.0
74.99430875922258,75.23146257070512,74.98680932834665,75.22394017668745,100.0,100.0,0.0
75.22394017668745,75.45166663267447,75.21641778266978,75.44412222045243,100.0,100.0,0.0
75.44412222045243,75.67934630888782,75.43657780823038,75.67177913097471,100.0,100.0,0.0
75.67177913097471,75.90871190801599,75.66421195306161,75.9011217958364,100.0,100.0,0.0
75.9011217958364,76.14400929752847,75.89353168365682,76.13639565796268,100.0,100.0,0.0
76.13639565796268,76.38324589334886,76.12878201839689,76.37560833251561,100.0,100.0,0.0
76.37560833251561,76.61398155609025,76.36797077168237,76.60632092399786,100.0,100.0,0.0
76.60632092399786,76.85464283611095,76.59866029190546,76.84695814029692,100.0,100.0,0.0
76.84695814029692,77.0814176337322,76.83927344448288,77.07371026270593,100.0,100.0,0.0
77.07371026270593,77.3092912391979,77.06600289167966,77.3015610830896,100.0,100.0,0.0
77.3015610830896,77.5410480615749,77.29383092698129,77.5332947321017,100.0,100.0,0.0
77.5332947321017,77.76601476042579,77.52554140262849,77.75823893653214,100.0,100.0,0.0
77.75823893653214,77.9980952038491,77.75046311263849,77.99029617423169,100.0,100.0,0.0
77.99029617423169,78.23429157019117,77.98249714461427,78.22646892329885,100.0,100.0,0.0
78.22646892329885,78.47802823850978,78.21864627640653,78.47018122038774,100.0,100.0,0.0
78.47018122038774,78.71631281692179,78.46233420226571,78.70844197272451,100.0,100.0,0.0
78.70844197272451,78.9574695340647,78.70057112852724,78.94957457660703,100.0,100.0,0.0
78.94957457660703,79.19984201883136,78.94167961914937,79.1919228265487,100.0,100.0,0.0
79.1919228265487,79.4259818343832,79.18400363426605,79.41804003038015,100.0,100.0,0.0
79.41804003038015,79.66390880662756,79.41009822637712,79.65594321230633,100.0,100.0,0.0
79.65594321230633,79.91056693253837,79.64797761798509,79.90257667487089,100.0,100.0,0.0
79.90257667487089,80.15660633544762,79.8945864172034,80.14859147629998,100.0,100.0,0.0
80.14859147629998,80.40431585418655,80.14057661715235,80.3962762265639,100.0,100.0,0.0
80.3962762265639,80.64696382499241,80.38823659894125,80.63889993499892,100.0,100.0,0.0
80.63889993499892,80.89398590139237,80.63083604500542,80.88589731166121,100.0,100.0,0.0
80.88589731166121,81.13495072411213,80.87780872193005,81.1268380403081,100.0,100.0,0.0
81.1268380403081,81.35958836502563,81.11872535650407,81.35145321970366,100.0,100.0,0.0
81.35145321970366,81.61193728936668,81.34331807438168,81.60377691167551,100.0,100.0,0.0
81.60377691167551,81.86440523296856,81.59561653398434,81.85621961100746,100.0,100.0,0.0
81.85621961100746,82.10239393032354,81.84803398904636,82.09418451187236,100.0,100.0,0.0
82.09418451187236,82.34667796864584,82.08597509342117,82.33844412423342,100.0,100.0,0.0
82.33844412423342,82.58679321703575,82.330210279821,82.5785353634994,100.0,100.0,0.0
82.5785353634994,82.84551293839529,82.57027750996305,82.83722921547374,100.0,100.0,0.0
82.83722921547374,83.08607271237693,82.8289454925522,83.07776493588335,100.0,100.0,0.0
83.07776493588335,83.34210284591344,83.06945715938977,83.33376946896655,100.0,100.0,0.0
83.33376946896655,83.58590446594572,83.32543609201966,83.57754671127459,100.0,100.0,0.0
83.57754671127459,83.85181895826803,83.56918895660347,83.84343461480654,100.0,100.0,0.0
83.84343461480654,84.11029697736534,83.83505027134505,84.10188678868647,100.0,100.0,0.0
84.10188678868647,84.36471360149936,84.0934766000076,84.35627797370199,100.0,100.0,0.0
84.35627797370199,84.60817606098668,84.34784234590462,84.59971608937774,100.0,100.0,0.0
84.59971608937774,84.87398718336185,84.5912561177688,84.86550063329852,100.0,100.0,0.0
84.86550063329852,85.12944101945705,84.8570140832352,85.12092892656439,100.0,100.0,0.0
85.12092892656439,85.37267712292801,85.11241683367173,85.36414070885712,100.0,100.0,0.0
85.36414070885712,85.63011815377838,85.35560429478623,85.62155599817856,100.0,100.0,0.0
85.62155599817856,85.89462925058139,85.61299384257875,85.88604064651673,100.0,100.0,0.0
85.88604064651673,86.15883959061838,85.87745204245208,86.15022456816158,100.0,100.0,0.0
86.15022456816158,86.42306500365737,86.14160954570477,86.41442356130125,100.0,100.0,0.0
86.41442356130125,86.68736582902268,86.40578211894513,86.67869795922675,100.0,100.0,0.0
86.67869795922675,86.94943621786815,86.67003008943082,86.9407421436538,100.0,100.0,0.0
86.9407421436538,87.21896395252726,86.93204806943943,87.21024292823444,100.0,100.0,0.0
87.21024292823444,87.21896395252726,86.93462043287006,86.9433147643465,100.0,100.0,0.0
86.9433147643465,86.95200909582293,86.66095779537125,86.66962475784703,100.0,100.0,0.0
86.66962475784703,86.67829172032282,86.39969184568888,86.40833267895677,100.0,100.0,0.0
86.40833267895677,86.41697351222466,86.14061397234646,86.14922889523598,100.0,100.0,0.0
86.14922889523598,86.1578438181255,85.87340966429143,85.88199786407783,100.0,100.0,0.0
85.88199786407783,85.89058606386423,85.6140217728556,85.62258403125873,100.0,100.0,0.0
85.62258403125873,85.63114628966186,85.34127446400697,85.34980944495146,100.0,100.0,0.0
85.34980944495146,85.35834442589595,85.08079050778356,85.08929943772733,100.0,100.0,0.0
85.08929943772733,85.0978083676711,84.83263895612471,84.84112306843156,100.0,100.0,0.0
84.84112306843156,84.8496071807384,84.56928412287924,84.57774189706895,100.0,100.0,0.0
84.57774189706895,84.58619967125865,84.31251914545845,84.32095124058252,100.0,100.0,0.0
84.32095124058252,84.32938333570658,84.06604134713439,84.07444879201358,100.0,100.0,0.0
84.07444879201358,84.08285623689278,83.8264523409113,83.83483582449375,100.0,100.0,0.0
83.83483582449375,83.8432193080762,83.57954154839375,83.58790033842759,100.0,100.0,0.0
83.58790033842759,83.59625912846143,83.31472946159015,83.32306176776693,100.0,100.0,0.0
83.32306176776693,83.33139407394371,83.06379535464245,83.07210256489894,100.0,100.0,0.0
83.07210256489894,83.08040977515543,82.82545963194615,82.83374300624676,100.0,100.0,0.0
82.83374300624676,82.84202638054738,82.57280670106977,82.58106480755052,100.0,100.0,0.0
82.58106480755052,82.58932291403127,82.33023702817191,82.33847087525943,100.0,100.0,0.0
82.33847087525943,82.34670472234696,82.08654826676158,82.09475774253583,100.0,100.0,0.0
82.09475774253583,82.10296721831008,81.82610088104536,81.83428430947632,100.0,100.0,0.0
81.83428430947632,81.84246773790727,81.57610117614506,81.58425960210526,100.0,100.0,0.0
81.58425960210526,81.59241802806547,81.323920250571,81.3320534559166,100.0,100.0,0.0
81.3320534559166,81.34018666126218,81.07933170738389,81.08744045142903,100.0,100.0,0.0
81.08744045142903,81.09554919547418,80.84177284726809,80.84985783305139,100.0,100.0,0.0
80.84985783305139,80.85794281883469,80.59940363592627,80.6074643823645,100.0,100.0,0.0
80.6074643823645,80.61552512880273,80.3655915444611,80.37362890735183,100.0,100.0,0.0
80.37362890735183,80.38166627024256,80.11304112057472,80.12105322589731,100.0,100.0,0.0
80.12105322589731,80.1290653312199,79.86570609161113,79.87369346095723,100.0,100.0,0.0
79.87369346095723,79.88168083030332,79.62596937437205,79.63393276764882,100.0,100.0,0.0
79.63393276764882,79.64189616092558,79.39564558646646,79.40358594506097,100.0,100.0,0.0
79.40358594506097,79.41152630365548,79.15264454001871,79.16056059607833,100.0,100.0,0.0
79.16056059607833,79.16847665213794,78.9209609474101,78.92885383279338,100.0,100.0,0.0
78.92885383279338,78.93674671817666,78.67412847449762,78.68199667416503,100.0,100.0,0.0
78.68199667416503,78.68986487383245,78.44636130314855,78.45420672382093,100.0,100.0,0.0
78.45420672382093,78.46205214449331,78.22869909707082,78.23652274934575,100.0,100.0,0.0
78.23652274934575,78.24434640162069,77.99381653067637,78.0016166923456,100.0,100.0,0.0
78.0016166923456,78.00941685401484,77.76316935365492,77.77094644829974,100.0,100.0,0.0
77.77094644829974,77.77872354294456,77.54153568127003,77.54929061033107,100.0,100.0,0.0
77.54929061033107,77.5570455393921,77.31979193212321,77.32752468459167,100.0,100.0,0.0
77.32752468459167,77.33525743706012,77.09123047254955,77.0989403665862,100.0,100.0,0.0
77.0989403665862,77.10665026062286,76.88126024292207,76.88894913783585,100.0,100.0,0.0
76.88894913783585,76.89663803274964,76.65706715901257,76.6647336323758,100.0,100.0,0.0
76.6647336323758,76.67240010573903,76.42958946347918,76.43723318679785,100.0,100.0,0.0
76.43723318679785,76.44487691011653,76.20543925552317,76.21306056157933,100.0,100.0,0.0
76.21306056157933,76.22068186763548,75.98013465359419,75.98773342693688,100.0,100.0,0.0
75.98773342693688,75.99533220027958,75.75465501201708,75.76223123514059,100.0,100.0,0.0
75.76223123514059,75.7698074582641,75.52723199123494,75.53478546978192,100.0,100.0,0.0
75.53478546978192,75.5423389483289,75.31586163613662,75.32339397553417,100.0,100.0,0.0
75.32339397553417,75.55831409440864,75.31586163613662,75.5507590185068,100.0,100.0,0.0
75.5507590185068,75.7879052749014,75.54320394260495,75.7803272421772,100.0,100.0,0.0
75.7803272421772,76.01405770320896,75.77274920945298,76.00645705750321,100.0,100.0,0.0
76.00645705750321,76.24537345008855,75.99885641179746,76.23774967512104,100.0,100.0,0.0
76.23774967512104,76.47331729504289,76.23012590015352,76.46567072797009,100.0,100.0,0.0
76.46567072797009,76.70779192918286,76.4580241608973,76.70012191699116,100.0,100.0,0.0
76.70012191699116,76.93723652228833,76.69245190479947,76.92954356793153,100.0,100.0,0.0
76.92954356793153,77.16623016717817,76.92185061357473,77.1585143157466,100.0,100.0,0.0
77.1585143157466,77.39208781013495,77.15079846431503,77.38434937519743,100.0,100.0,0.0
77.38434937519743,77.62550355281988,77.37661094025991,77.61774177864201,100.0,100.0,0.0
77.61774177864201,77.85240167371153,77.60998000446415,77.84461721199033,100.0,100.0,0.0
77.84461721199033,78.09275712926052,77.83683275026912,78.08494863439708,100.0,100.0,0.0
78.08494863439708,78.32576206031696,78.07714013953364,78.31793026729024,100.0,100.0,0.0
78.31793026729024,78.55742529833054,78.31009847426351,78.54957034129642,100.0,100.0,0.0
78.54957034129642,78.79733190797278,78.54171538426229,78.7894529626765,100.0,100.0,0.0
78.7894529626765,79.04069386785743,78.78157401738024,79.03279058879855,100.0,100.0,0.0
79.03279058879855,79.27894395491128,79.02488730973967,79.27101685322596,100.0,100.0,0.0
79.27101685322596,79.50131289002879,79.26308975154063,79.49336355367342,100.0,100.0,0.0
79.49336355367342,79.73442423702454,79.48541421731805,79.72645159186536,100.0,100.0,0.0
79.72645159186536,79.96776593817012,79.71847894670617,79.959769961174,100.0,100.0,0.0
79.959769961174,80.2046374299059,79.95177398417789,80.19661776812909,100.0,100.0,0.0
80.19661776812909,80.44583252044198,80.18859810635227,80.43778874156783,100.0,100.0,0.0
80.43778874156783,80.69144764696146,80.42974496269368,80.68337930903056,100.0,100.0,0.0
80.68337930903056,80.93338921431915,80.67531097109965,80.92529668465069,100.0,100.0,0.0
80.92529668465069,81.18065516590246,80.91720415498223,81.17253791211125,100.0,100.0,0.0
81.17253791211125,81.43208260832306,81.16442065832004,81.42394021430162,100.0,100.0,0.0
81.42394021430162,81.67904041532204,81.41579782028019,81.67087332798924,100.0,100.0,0.0
81.67087332798924,81.93585649708427,81.66270624065645,81.9276637307112,100.0,100.0,0.0
81.9276637307112,82.1877443502165,81.91947096433813,82.17952639757675,100.0,100.0,0.0
82.17952639757675,82.42487978218696,82.171308444937,82.41663811837513,100.0,100.0,0.0
82.41663811837513,82.68543728343967,82.4083964545633,82.67716956648302,100.0,100.0,0.0
82.67716956648302,82.94852348655296,82.66890184952636,82.9402294636066,100.0,100.0,0.0
82.9402294636066,83.19879015092553,82.93193544066024,83.19047110381516,100.0,100.0,0.0
83.19047110381516,83.46451818276081,83.18215205670478,83.45617256550426,100.0,100.0,0.0
83.45617256550426,83.70637332848113,83.44782694824771,83.69800352812833,100.0,100.0,0.0
83.69800352812833,83.96424340722781,83.68963372777552,83.95584782244556,100.0,100.0,0.0
83.95584782244556,84.21073264624458,83.94745223766331,84.20231241500308,100.0,100.0,0.0
84.20231241500308,84.46433214125832,84.19389218376158,84.45588655260306,100.0,100.0,0.0
84.45588655260306,84.70917110134909,84.4474409639478,84.70070103124596,100.0,100.0,0.0
84.70070103124596,84.96743358692824,84.69223096114283,84.95893769315892,100.0,100.0,0.0
84.95893769315892,85.21653858513007,84.9504417993896,85.20801778335174,100.0,100.0,0.0
85.20801778335174,85.48461225885524,85.1994969815734,85.47606465239,100.0,100.0,0.0
85.47606465239,85.73584217632543,85.46751704592475,85.7272694493805,100.0,100.0,0.0
85.7272694493805,85.99954035460692,85.71869672243557,85.99094126048088,100.0,100.0,0.0
85.99094126048088,86.25036147783743,85.98234216635484,86.24173730410702,100.0,100.0,0.0
86.24173730410702,86.50133479806414,86.23311313037661,86.49268552951119,100.0,100.0,0.0
86.49268552951119,86.76349808148233,86.48403626095825,86.75482259922241,100.0,100.0,0.0
86.75482259922241,87.03847853690904,86.74614711696249,87.02977555935311,100.0,100.0,0.0
87.02977555935311,87.30400815407731,87.02107258179718,87.29527862621468,100.0,100.0,0.0
87.29527862621468,87.56503543455221,87.28654909835205,87.55627980657155,100.0,100.0,0.0
87.55627980657155,87.82399431974166,87.54752417859089,87.81521279846181,100.0,100.0,0.0
87.81521279846181,88.10332277215544,87.80643127718197,88.09451332082335,100.0,100.0,0.0
88.09451332082335,88.35838298984227,88.08570386949127,88.34954803503877,100.0,100.0,0.0
88.34954803503877,88.62571413089499,88.34071308023526,88.61685244565042,100.0,100.0,0.0
88.61685244565042,88.9089852657748,88.60799076040585,88.90009525624917,100.0,100.0,0.0
88.90009525624917,89.1668392285449,88.89120524672354,89.15792343620129,100.0,100.0,0.0
89.15792343620129,89.43903766045071,89.14900764385767,89.43009465098561,100.0,100.0,0.0
89.43009465098561,89.70037856908135,89.42115164152051,89.69140942813854,100.0,100.0,0.0
89.69140942813854,89.97541746177761,89.68244028719573,89.96642081969564,100.0,100.0,0.0
89.96642081969564,90.25937765612443,89.95742417761367,90.25035262086234,100.0,100.0,0.0
90.25035262086234,90.55496707113441,90.24132758560026,90.54591247988643,100.0,100.0,0.0
90.54591247988643,90.83988849775261,90.53685788863844,90.8308054172109,100.0,100.0,0.0
90.8308054172109,91.11720625229592,90.82172233666918,91.10809544275165,100.0,100.0,0.0
91.10809544275165,91.38986611845351,91.09898463320738,91.38072804564895,100.0,100.0,0.0
91.38072804564895,91.65889289789047,91.37158997284439,91.64972792509796,100.0,100.0,0.0
91.64972792509796,91.92081224135535,91.64056295230546,91.91162107924742,100.0,100.0,0.0
91.91162107924742,91.92081224135535,91.63923713877557,91.64840197897347,100.0,100.0,0.0
91.64840197897347,91.65756681917136,91.34686605205528,91.3560016522205,100.0,100.0,0.0
91.3560016522205,91.36513725238572,91.08167682264252,91.09078590123265,100.0,100.0,0.0
91.09078590123265,91.09989497982278,90.81195205605921,90.82103415947516,100.0,100.0,0.0
90.82103415947516,90.83011626289111,90.55718502598909,90.5662416501541,100.0,100.0,0.0
90.5662416501541,90.57529827431911,90.28504403017382,90.29407343751757,100.0,100.0,0.0
90.29407343751757,90.30310284486131,90.0238113303967,90.03281461185789,100.0,100.0,0.0
90.03281461185789,90.04181789331908,89.76518887010495,89.77416628673362,100.0,100.0,0.0
89.77416628673362,89.78314370336228,89.50306757789599,89.51201877977397,100.0,100.0,0.0
89.51201877977397,89.52096998165194,89.23440110366778,89.24332543621139,100.0,100.0,0.0
89.24332543621139,89.25224976875501,88.96863746475391,88.97753521827573,100.0,100.0,0.0
88.97753521827573,88.98643297179756,88.68827706768504,88.69714678236328,100.0,100.0,0.0
88.69714678236328,88.70601649704152,88.42878647906089,88.43763024208509,100.0,100.0,0.0
88.43763024208509,88.4464740051093,88.1692471667708,88.17806497326812,100.0,100.0,0.0
88.17806497326812,88.18688277976544,87.89819696519004,87.90698766395643,100.0,100.0,0.0
87.90698766395643,87.91577836272282,87.63860586626599,87.64737060332632,100.0,100.0,0.0
87.64737060332632,87.65613534038665,87.38418343033118,87.39292272260343,100.0,100.0,0.0
87.39292272260343,87.40166201487568,87.12460308397947,87.13331641562102,100.0,100.0,0.0
87.13331641562102,87.14202974726258,86.8492024668708,86.85788825569638,100.0,100.0,0.0
86.85788825569638,86.86657404452195,86.60409297811685,86.6127542535422,100.0,100.0,0.0
86.6127542535422,86.62141552896756,86.34276146413114,86.35139660379153,100.0,100.0,0.0
86.35139660379153,86.36003174345191,86.08781544339142,86.09642508590001,100.0,100.0,0.0
86.09642508590001,86.1050347284086,85.81766426183651,85.82624688652517,100.0,100.0,0.0
85.82624688652517,85.83482951121383,85.54865309103877,85.55720881191996,100.0,100.0,0.0
85.55720881191996,85.56576453280115,85.28939475277363,85.29792454522816,100.0,100.0,0.0
85.29792454522816,85.30645433768268,85.03252761972402,85.0410317228963,100.0,100.0,0.0
85.0410317228963,85.04953582606859,84.77693977017721,84.7854183120084,100.0,100.0,0.0
84.7854183120084,84.7938968538396,84.52103562830936,84.52948857716707,100.0,100.0,0.0
84.52948857716707,84.53794152602478,84.27402087259068,84.28244911750244,100.0,100.0,0.0
84.28244911750244,84.2908773624142,84.02617092291348,84.03457438035151,100.0,100.0,0.0
84.03457438035151,84.04297783778955,83.78687742716923,83.79525695286452,100.0,100.0,0.0
83.79525695286452,83.80363647855981,83.54180410032563,83.55015911623725,100.0,100.0,0.0
83.55015911623725,83.55851413214887,83.28884169919893,83.29717141634056,100.0,100.0,0.0
83.29717141634056,83.3055011334822,83.04345018589622,83.05175536143236,100.0,100.0,0.0
83.05175536143236,83.06006053696849,82.80307477142739,82.8113559070181,100.0,100.0,0.0
82.8113559070181,82.8196370426088,82.57352223385939,82.58178041190058,100.0,100.0,0.0
82.58178041190058,82.59003858994177,82.3226453241107,82.33087841195189,100.0,100.0,0.0
82.33087841195189,82.33911149979308,82.08367488090964,82.09188406931658,100.0,100.0,0.0
82.09188406931658,82.10009325772351,81.83438169123866,81.84256594783345,100.0,100.0,0.0
81.84256594783345,81.85075020442824,81.59412590697139,81.60228613558495,100.0,100.0,0.0
81.60228613558495,81.61044636419851,81.3424095059691,81.35054456042515,100.0,100.0,0.0
81.35054456042515,81.3586796148812,81.10733151007314,81.11544305437857,100.0,100.0,0.0
81.11544305437857,81.12355459868401,80.86170021713019,80.86978719584978,100.0,100.0,0.0
80.86978719584978,80.87787417456937,80.61822499520312,80.62628762396551,100.0,100.0,0.0
80.62628762396551,80.6343502527279,80.3923324860034,80.40037252325573,100.0,100.0,0.0
80.40037252325573,80.40841256050805,80.15995450039449,80.16797129752425,100.0,100.0,0.0
80.16797129752425,80.175988094654,79.90675477006015,79.91474624468461,100.0,100.0,0.0
79.91474624468461,79.92273771930907,79.66262915371779,79.67059621333912,100.0,100.0,0.0
79.67059621333912,79.67856327296046,79.42499121204662,79.43293450549717,100.0,100.0,0.0
79.43293450549717,79.44087779894772,79.18767514739618,79.19559470686686,100.0,100.0,0.0
79.19559470686686,79.20351426633754,78.94720332145764,78.95509883134076,100.0,100.0,0.0
78.95509883134076,78.96299434122389,78.7107165659243,78.71858842476678,100.0,100.0,0.0
78.71858842476678,78.72646028360926,78.47938391701608,78.48723264028011,100.0,100.0,0.0
78.48723264028011,78.49508136354414,78.25734874444733,78.26517526197352,100.0,100.0,0.0
78.26517526197352,78.27300177949972,78.01490074376397,78.02270301406539,100.0,100.0,0.0
78.02270301406539,78.0305052843668,77.77926970762724,77.78704841246848,100.0,100.0,0.0
77.78704841246848,77.79482711730972,77.55431607559707,77.56207228282535,100.0,100.0,0.0
77.56207228282535,77.56982849005364,77.33435818758431,77.342092396824,100.0,100.0,0.0
77.342092396824,77.34982660606369,77.10972502714603,77.1174367708231,100.0,100.0,0.0
77.1174367708231,77.12514851450018,76.86712277687147,76.87481025789725,100.0,100.0,0.0
76.87481025789725,76.88249773892304,76.63287848108187,76.64054253533541,100.0,100.0,0.0
76.64054253533541,76.64820658958895,76.3949317350604,76.40257199225962,100.0,100.0,0.0
76.40257199225962,76.41021224945885,76.16849218274854,76.1761097937279,100.0,100.0,0.0
76.1761097937279,76.18372740470727,75.94944481307476,75.95704051712647,100.0,100.0,0.0
75.95704051712647,75.96463622117818,75.71105976653391,75.71863162969687,100.0,100.0,0.0
75.71863162969687,75.72620349285984,75.46784202699153,75.47538956594813,100.0,100.0,0.0
75.47538956594813,75.48293710490474,75.23019259833318,75.23771636997017,100.0,100.0,0.0
75.23771636997017,75.24524014160717,75.0018758177716,75.00937675544715,100.0,100.0,0.0
75.00937675544715,75.0168776931227,74.78457021229099,74.7920494172327,100.0,100.0,0.0
74.7920494172327,74.79952862217442,74.5543508626241,74.56180704332844,100.0,100.0,0.0
74.56180704332844,74.56926322403278,74.320919540871,74.32835237610861,100.0,100.0,0.0
74.32835237610861,74.33578521134622,74.09734341444766,74.10475388983664,100.0,100.0,0.0
74.10475388983664,74.3315582087614,74.09734341444766,74.32412579618178,100.0,100.0,0.0
74.32412579618178,74.55817197413289,74.31669338360216,74.55071690244264,100.0,100.0,0.0
74.55071690244264,74.79196155831825,74.5432618307524,74.78448311000724,100.0,100.0,0.0
74.78448311000724,75.01094362759859,74.77700466169624,75.00344328327027,100.0,100.0,0.0
75.00344328327027,75.23805170030505,74.99594293894195,75.23052864744031,100.0,100.0,0.0
75.23052864744031,75.45630795527444,75.22300559457557,75.44876307896655,100.0,100.0,0.0
75.44876307896655,75.67957128990422,75.44121820265866,75.67200408949527,100.0,100.0,0.0
75.67200408949527,75.89875234046619,75.66443688908633,75.89116322414378,100.0,100.0,0.0
75.89116322414378,76.12377848988827,75.88357410782137,76.11616687320095,100.0,100.0,0.0
76.11616687320095,76.34977592305209,76.10855525651364,76.3421417088812,100.0,100.0,0.0
76.3421417088812,76.58204810326514,76.33450749471031,76.57439066419872,100.0,100.0,0.0
76.57439066419872,76.81199587754962,76.5667332251323,76.80431544600502,100.0,100.0,0.0
76.80431544600502,77.03835524384604,76.79663501446042,77.03065217862817,100.0,100.0,0.0
77.03065217862817,77.26172131642114,77.0229491134103,77.25399591682947,100.0,100.0,0.0
77.25399591682947,77.51087282665462,77.24627051723779,77.50312251440317,100.0,100.0,0.0
77.50312251440317,77.7444782179547,77.49537220215173,77.73670454749994,100.0,100.0,0.0
77.73670454749994,77.96926412086098,77.72893087704519,77.96146797406358,100.0,100.0,0.0
77.96146797406358,78.21227253855425,77.95367182726618,78.20445209334491,100.0,100.0,0.0
78.20445209334491,78.43685387631723,78.19663164813558,78.42901097521971,100.0,100.0,0.0
78.42901097521971,78.6775092387211,78.42116807412219,78.66964227449365,100.0,100.0,0.0
78.66964227449365,78.92158290960612,78.66177531026621,78.91369154045208,100.0,100.0,0.0
78.91369154045208,79.15414042312226,78.90580017129804,79.1462258005422,100.0,100.0,0.0
79.1462258005422,79.40439870162136,79.13831117796214,79.3964590557158,100.0,100.0,0.0
79.3964590557158,79.67169801873099,79.38851940981023,79.66373164556644,100.0,100.0,0.0
79.66373164556644,79.90682615053319,79.6557652724019,79.8988362669065,100.0,100.0,0.0
79.8988362669065,80.15065262740254,79.89084638327981,80.14263836356618,100.0,100.0,0.0
80.14263836356618,80.38610898543423,80.13462409972982,80.3780711783164,100.0,100.0,0.0
80.3780711783164,80.62339830128708,80.37003337119857,80.61533676761032,100.0,100.0,0.0
80.61533676761032,80.86619107542572,80.60727523393355,80.85810526489922,100.0,100.0,0.0
80.85810526489922,81.11430431776961,80.85001945437273,81.10619369839976,100.0,100.0,0.0
81.10619369839976,81.35445502224744,81.09808307902992,81.34632039020842,100.0,100.0,0.0
81.34632039020842,81.5966951309676,81.3381857581694,81.58853627733987,100.0,100.0,0.0
81.58853627733987,81.844759451239,81.58037742371214,81.83657579365963,100.0,100.0,0.0
81.83657579365963,82.10138784414119,81.82839213608027,82.09317852628855,100.0,100.0,0.0
82.09317852628855,82.35175781055356,82.08496920843592,82.34352345820774,100.0,100.0,0.0
82.34352345820774,82.59057164776097,82.33528910586192,82.58231341641932,100.0,100.0,0.0
82.58231341641932,82.84119062063279,82.57405518507768,82.8329073298998,100.0,100.0,0.0
82.8329073298998,83.08027581786241,82.8246240391668,83.07196862100031,100.0,100.0,0.0
83.07196862100031,83.33667172591717,83.0636614241382,83.32833889202797,100.0,100.0,0.0
83.32833889202797,83.58667115023628,83.32000605813877,83.57831331890439,100.0,100.0,0.0
83.57831331890439,83.83497198488263,83.5699554875725,83.82658932595004,100.0,100.0,0.0
83.82658932595004,84.0822292478489,83.81820666701745,84.07382186566234,100.0,100.0,0.0
84.07382186566234,84.33893342037801,84.06541448347578,84.33050037034099,100.0,100.0,0.0
84.33050037034099,84.59434826028787,84.32206732030396,84.58588967132074,100.0,100.0,0.0
84.58588967132074,84.85117115107471,84.57743108235361,84.84268688238647,100.0,100.0,0.0
84.84268688238647,85.10812153368832,84.83420261369824,85.09961157253106,100.0,100.0,0.0
85.09961157253106,85.36267343843745,85.0911016113738,85.35413802463499,100.0,100.0,0.0
85.35413802463499,85.61728410898863,85.34560261083253,85.60872323666496,100.0,100.0,0.0
85.60872323666496,85.87839763420305,85.60016236434129,85.86981065313775,100.0,100.0,0.0
85.86981065313775,86.13748479578548,85.86122367207244,86.12887190859462,100.0,100.0,0.0
86.12887190859462,86.40637976529639,86.12025902140375,86.39773999129726,100.0,100.0,0.0
86.39773999129726,86.65831419916132,86.38910021729812,86.6496492342379,100.0,100.0,0.0
86.6496492342379,86.9177811399013,86.64098426931447,86.9090902308782,100.0,100.0,0.0
86.9090902308782,87.17975406098923,86.90039932185512,87.1710369572935,100.0,100.0,0.0
87.1710369572935,87.43999455376549,87.16231985359777,87.43125142862263,100.0,100.0,0.0
87.43125142862263,87.69897530299596,87.42250830347977,87.69020628236773,100.0,100.0,0.0
87.69020628236773,87.9626570359248,87.68143726173949,87.95386164975983,100.0,100.0,0.0
87.95386164975983,88.22862072817048,87.94506626359485,88.21979874829566,100.0,100.0,0.0
88.21979874829566,88.50023742282013,88.21097676842084,88.49138828399174,100.0,100.0,0.0
88.49138828399174,88.7636248907625,88.48253914516334,88.75474941582092,100.0,100.0,0.0
88.75474941582092,89.0274612315234,88.74587394087935,89.01855937558585,100.0,100.0,0.0
89.01855937558585,89.28690826747328,89.0096575196483,89.27798046942634,100.0,100.0,0.0
89.27798046942634,89.56107256516741,89.2690526713794,89.55211735343207,100.0,100.0,0.0
89.55211735343207,89.8435130974134,89.54316214169673,89.83452964444896,100.0,100.0,0.0
89.83452964444896,90.11723823458102,89.82554619148452,90.10822741183983,100.0,100.0,0.0
90.10822741183983,90.38196111411068,90.09921658909865,90.3729238217285,100.0,100.0,0.0
90.3729238217285,90.64641233284702,90.36388652934633,90.63734859798723,100.0,100.0,0.0
90.63734859798723,90.91014315015343,90.62828486312743,90.90105304484895,100.0,100.0,0.0
90.90105304484895,91.18410399005509,90.89196293954447,91.17498649140595,100.0,100.0,0.0
91.17498649140595,91.44376857108479,91.1658689927568,91.43462510857393,100.0,100.0,0.0
91.43462510857393,91.74103196186061,91.42548164606306,91.73185877598301,100.0,100.0,0.0
91.73185877598301,92.0133774586557,91.72268559010541,92.0041770409516,100.0,100.0,0.0
92.0041770409516,92.29733941696217,91.99497662324751,92.28811060590158,100.0,100.0,0.0
92.28811060590158,92.58556916845812,92.27888179484098,92.57631153730439,100.0,100.0,0.0
92.57631153730439,92.85595435700934,92.56705390615066,92.84666969004033,100.0,100.0,0.0
92.84666969004033,93.14055680622268,92.83738502307132,93.13124368185449,100.0,100.0,0.0
93.13124368185449,93.41346302483967,93.1219305574863,93.40412261257842,100.0,100.0,0.0
93.40412261257842,93.6991565635424,93.39478220031717,93.68978758478393,100.0,100.0,0.0
93.68978758478393,93.97037075659267,93.68041860602546,93.96097465912676,100.0,100.0,0.0
93.96097465912676,94.23436076134334,93.95157856166085,94.22493826751659,100.0,100.0,0.0
94.22493826751659,94.23436076134334,93.93047018898805,93.93986417540559,100.0,100.0,0.0
93.93986417540559,93.94925816182312,93.65206991555291,93.66143605915883,100.0,100.0,0.0
93.66143605915883,93.67080220276475,93.37651646726415,93.38585505276943,100.0,100.0,0.0
93.38585505276943,93.3951936382747,93.09860930250093,93.10792009451038,100.0,100.0,0.0
93.10792009451038,93.11723088651982,92.81505724062777,92.82433967459522,100.0,100.0,0.0
92.82433967459522,92.83362210856268,92.54425606869151,92.5535114198335,100.0,100.0,0.0
92.5535114198335,92.56276677097549,92.2566088666086,92.26583545015362,100.0,100.0,0.0
92.26583545015362,92.27506203369863,91.9723993011328,91.98159746087889,100.0,100.0,0.0
91.98159746087889,91.99079562062498,91.69276551341767,91.70193570698837,100.0,100.0,0.0
91.70193570698837,91.71110590055906,91.41530870183978,91.42445114695447,100.0,100.0,0.0
91.42445114695447,91.43359359206916,91.14363671877075,91.15275199397014,100.0,100.0,0.0
91.15275199397014,91.16186726916953,90.87616624515005,90.88525477062711,100.0,100.0,0.0
90.88525477062711,90.89434329610418,90.6045255564389,90.61358691513041,100.0,100.0,0.0
90.61358691513041,90.62264827382192,90.3376910552544,90.34672572782718,100.0,100.0,0.0
90.34672572782718,90.35576040039996,90.0603108481219,90.06931777989989,100.0,100.0,0.0
90.06931777989989,90.07832471167788,89.78913501458024,89.79811482606284,100.0,100.0,0.0
89.79811482606284,89.80709463754545,89.52175835368752,89.53071142483,100.0,100.0,0.0
89.53071142483,89.53966449597249,89.24909928877715,89.25802509128627,100.0,100.0,0.0
89.25802509128627,89.2669508937954,88.99212340817863,89.00102351052968,100.0,100.0,0.0
89.00102351052968,89.00992361288073,88.72506326758803,88.73393666125415,100.0,100.0,0.0
88.73393666125415,88.74281005492027,88.45777888284518,88.46662554539971,100.0,100.0,0.0
88.46662554539971,88.47547220795424,88.20778133482126,88.21660299512078,100.0,100.0,0.0
88.21660299512078,88.2254246554203,87.94221791725684,87.9510130185587,100.0,100.0,0.0
87.9510130185587,87.95980811986055,87.67741333336012,87.68618195155527,100.0,100.0,0.0
87.68618195155527,87.69495056975042,87.39799895611301,87.40673963007602,100.0,100.0,0.0
87.40673963007602,87.41548030403902,87.13372568253178,87.14243992652443,100.0,100.0,0.0
87.14243992652443,87.15115417051709,86.86475621317169,86.87344355752744,100.0,100.0,0.0
86.87344355752744,86.88213090188319,86.6035038012993,86.61216501780108,100.0,100.0,0.0
86.61216501780108,86.62082623430285,86.34908726117678,86.35772303348013,100.0,100.0,0.0
86.35772303348013,86.36635880578348,86.06952548908608,86.07813330241632,100.0,100.0,0.0
86.07813330241632,86.08674111574656,85.8009861256444,85.80956708235263,100.0,100.0,0.0
85.80956708235263,85.81814803906086,85.54849230145022,85.55704800625085,100.0,100.0,0.0
85.55704800625085,85.56560371105148,85.28679370962094,85.29532324194513,100.0,100.0,0.0
85.29532324194513,85.30385277426932,85.02285941169978,85.03136254795457,100.0,100.0,0.0
85.03136254795457,85.03986568420936,84.78106592243262,84.7895448769203,100.0,100.0,0.0
84.7895448769203,84.79802383140799,84.51559097926085,84.5240433835992,100.0,100.0,0.0
84.5240433835992,84.53249578793756,84.26431836154839,84.272745636112,100.0,100.0,0.0
84.272745636112,84.28117291067562,84.00110501558618,84.0095059661828,100.0,100.0,0.0
84.0095059661828,84.01790691677942,83.74834905268203,83.75672472515454,100.0,100.0,0.0
83.75672472515454,83.76510039762705,83.49174313212218,83.50009314143632,100.0,100.0,0.0
83.50009314143632,83.50844315075047,83.24384737023577,83.25217258749451,100.0,100.0,0.0
83.25217258749451,83.26049780475326,82.99955021066238,83.00785099576196,100.0,100.0,0.0
83.00785099576196,83.01615178086153,82.74625113567407,82.75452658833291,100.0,100.0,0.0
82.75452658833291,82.76280204099174,82.51073422837129,82.51898612698399,100.0,100.0,0.0
82.51898612698399,82.52723802559669,82.26877049679901,82.27699819661866,100.0,100.0,0.0
82.27699819661866,82.28522589643832,82.02832190890197,82.03652556145812,100.0,100.0,0.0
82.03652556145812,82.04472921401427,81.77941894803756,81.78759770780835,100.0,100.0,0.0
81.78759770780835,81.79577646757913,81.54047399893113,81.54862886181732,100.0,100.0,0.0
81.54862886181732,81.55678372470351,81.2826237579831,81.29075283326642,100.0,100.0,0.0
81.29075283326642,81.29888190854975,81.0313438592805,81.0394478040609,100.0,100.0,0.0
81.0394478040609,81.0475517488413,80.79307410838597,80.80115422380834,100.0,100.0,0.0
80.80115422380834,80.80923433923071,80.55156170996804,80.55961767173521,100.0,100.0,0.0
80.55961767173521,80.56767363350238,80.30719572223329,80.31522724495778,100.0,100.0,0.0
80.31522724495778,80.32325876768228,80.08532867767647,80.09333801147761,100.0,100.0,0.0
80.09333801147761,80.10134734527875,79.83444046249383,79.84242470496433,100.0,100.0,0.0
79.84242470496433,79.85040894743483,79.60104284398491,79.60900374435934,100.0,100.0,0.0
79.60900374435934,79.61696464473377,79.36669125628897,79.3746287191609,100.0,100.0,0.0
79.3746287191609,79.38256618203282,79.12279336651446,79.13070643715817,100.0,100.0,0.0
79.13070643715817,79.13861950780188,78.88747536798391,78.89536490447436,100.0,100.0,0.0
78.89536490447436,78.90325444096482,78.6477812468823,78.65564681156346,100.0,100.0,0.0
78.65564681156346,78.66351237624461,78.39423333019585,78.4020735375496,100.0,100.0,0.0
78.4020735375496,78.40991374490335,78.15025475420809,78.15807056126421,100.0,100.0,0.0
78.15807056126421,78.16588636832033,77.92311141291954,77.93090450336987,100.0,100.0,0.0
77.93090450336987,77.93869759382021,77.69075123367097,77.69852108577955,100.0,100.0,0.0
77.69852108577955,77.70629093788813,77.46189680005386,77.4696437644303,100.0,100.0,0.0
77.4696437644303,77.47739072880674,77.22925915797421,77.23698285625984,100.0,100.0,0.0
77.23698285625984,77.24470655454547,77.00137730998765,77.00907821780943,100.0,100.0,0.0
77.00907821780943,77.01677912563122,76.76830365169965,76.77598124982464,100.0,100.0,0.0
76.77598124982464,76.78365884794962,76.53054773697933,76.53820155713504,100.0,100.0,0.0
76.53820155713504,76.54585537729075,76.30743121725752,76.31506272352986,100.0,100.0,0.0
76.31506272352986,76.54436728029025,76.30743121725752,76.53671360892935,100.0,100.0,0.0
76.53671360892935,76.77376441527935,76.52905993756845,76.76608780649869,100.0,100.0,0.0
76.76608780649869,77.00167448773685,76.75841119771803,76.99397509022782,100.0,100.0,0.0
76.99397509022782,77.24794312480753,76.98627569271879,77.24021910289724,100.0,100.0,0.0
77.24021910289724,77.47504270092062,77.23249508098695,77.4672959713235,100.0,100.0,0.0
77.4672959713235,77.70787266297866,77.45954924172636,77.70010265271338,100.0,100.0,0.0
77.70010265271338,77.94713817402557,77.69233264244811,77.93934423960161,100.0,100.0,0.0
77.93934423960161,78.18394963176068,77.93155030517765,78.17613201855883,100.0,100.0,0.0
78.17613201855883,78.42775788656465,78.16831440535698,78.41991589497515,100.0,100.0,0.0
78.41991589497515,78.6665041927337,78.41207390338565,78.6586383289008,100.0,100.0,0.0
78.6586383289008,78.90959606946798,78.65077246506792,78.90170589887809,100.0,100.0,0.0
78.90170589887809,79.16107473414908,78.8938157282882,79.15315941820727,100.0,100.0,0.0
79.15315941820727,79.38977515068933,79.14524410226545,79.38183696699264,100.0,100.0,0.0
79.38183696699264,79.63306591900464,79.37389878329594,79.62510340866378,100.0,100.0,0.0
79.62510340866378,79.88196043366109,79.61714089832292,79.87397303635746,100.0,100.0,0.0
79.87397303635746,80.1060059060394,79.86598563905382,80.09799610642875,100.0,100.0,0.0
80.09799610642875,80.35869146900927,80.0899863068181,80.35065640336893,100.0,100.0,0.0
80.35065640336893,80.60827730189857,80.34262133772859,80.60021728017055,100.0,100.0,0.0
80.60021728017055,80.83648947783391,80.59215725844254,80.82840663717019,100.0,100.0,0.0
80.82840663717019,81.08807028723848,80.82032379650647,81.07996229100938,100.0,100.0,0.0
81.07996229100938,81.33024821376641,81.07185429478028,81.3221160021662,100.0,100.0,0.0
81.3221160021662,81.5819742355223,81.31398379056598,81.57381685383692,100.0,100.0,0.0
81.57381685383692,81.8331894314612,81.56565947215154,81.82500693076811,100.0,100.0,0.0
81.82500693076811,82.07138762541749,81.81682443007503,82.06318130728675,100.0,100.0,0.0
82.06318130728675,82.31954690637932,82.05497498915602,82.31131577480184,100.0,100.0,0.0
82.31131577480184,82.56911371046924,82.30308464322437,82.56085762470677,100.0,100.0,0.0
82.56085762470677,82.81042757425541,82.5526015389443,82.80214735951947,100.0,100.0,0.0
82.80214735951947,83.06732655409581,82.79386714478352,83.05902065203061,100.0,100.0,0.0
83.05902065203061,83.30793946365122,83.05071474996541,83.29960950270096,100.0,100.0,0.0
83.29960950270096,83.56779872121054,83.2912795417507,83.55944277693284,100.0,100.0,0.0
83.55944277693284,83.83472505125496,83.55108683265514,83.82634241701327,100.0,100.0,0.0
83.82634241701327,84.08633686614013,83.81795978277157,84.07792907323281,100.0,100.0,0.0
84.07792907323281,84.33836692191423,84.06952128032549,84.32993392852138,100.0,100.0,0.0
84.32993392852138,84.5895663820225,84.32150093512854,84.58110827119538,100.0,100.0,0.0
84.58110827119538,84.841790638811,84.57265016036826,84.8333073080802,100.0,100.0,0.0
84.8333073080802,85.08955008097786,84.82482397734938,85.08104197678018,100.0,100.0,0.0
85.08104197678018,85.34617087297204,85.07253387258251,85.33763710926111,100.0,100.0,0.0
85.33763710926111,85.59692596716383,85.32910334555018,85.58836713045078,100.0,100.0,0.0
85.58836713045078,85.85416033278685,85.57980829373773,85.84557577520933,100.0,100.0,0.0
85.84557577520933,86.10468553425083,85.8369912176318,86.09607592665817,100.0,100.0,0.0
86.09607592665817,86.36488606232318,86.08746631906551,86.35625043727946,100.0,100.0,0.0
86.35625043727946,86.61983608694733,86.34761481223573,86.61117496945039,100.0,100.0,0.0
86.61117496945039,86.87277723754974,86.60251385195345,86.8640908284669,100.0,100.0,0.0
86.8640908284669,87.1263583820769,86.85540441938406,87.11764661741516,100.0,100.0,0.0
87.11764661741516,87.39298097313898,87.10893485275342,87.38424254888409,100.0,100.0,0.0
87.38424254888409,87.64349332995478,87.3755041246292,87.63472985696909,100.0,100.0,0.0
87.63472985696909,87.91103748044647,87.6259663839834,87.9022472557209,100.0,100.0,0.0
87.9022472557209,88.17562108264445,87.89345703099532,88.16680440220424,100.0,100.0,0.0
88.16680440220424,88.44839154962904,88.15798772176402,88.43954759486955,100.0,100.0,0.0
88.43954759486955,88.71752050023645,88.43070364011007,88.70864963527292,100.0,100.0,0.0
88.70864963527292,88.97505446591667,88.6997787703094,88.96615785013167,100.0,100.0,0.0
88.96615785013167,89.24529783515315,88.95726123434666,89.23637419773338,100.0,100.0,0.0
89.23637419773338,89.51322952162658,89.22745056031361,89.50427909371722,100.0,100.0,0.0
89.50427909371722,89.77803740870345,89.49532866580785,89.76906050265319,100.0,100.0,0.0
89.76906050265319,90.03708593165106,89.76008359660293,90.02808312333873,100.0,100.0,0.0
90.02808312333873,90.32198154348178,90.0190803150264,90.31295024845694,100.0,100.0,0.0
90.31295024845694,90.60223553701422,90.3039189534321,90.59317621939229,100.0,100.0,0.0
90.59317621939229,90.86942657360485,90.58411690177036,90.8603405395509,100.0,100.0,0.0
90.8603405395509,91.14608979005087,90.85125450549695,91.13697609244163,100.0,100.0,0.0
91.13697609244163,91.42232105773083,91.12786239483239,91.41317973975686,100.0,100.0,0.0
91.41317973975686,91.69232209618566,91.40403842178289,91.68315378080759,100.0,100.0,0.0
91.68315378080759,91.964451136969,91.67398546542951,91.95525561140786,100.0,100.0,0.0
91.95525561140786,92.23435042571855,91.94606008584672,92.22512791292725,100.0,100.0,0.0
92.22512791292725,92.5042685041706,92.21590540013595,92.49501900227037,100.0,100.0,0.0
92.49501900227037,92.77685061916767,92.48576950037014,92.7675738617815,100.0,100.0,0.0
92.7675738617815,93.06253035246178,92.75829710439533,93.05322502995878,100.0,100.0,0.0
93.05322502995878,93.33080754555819,93.04391970745579,93.32147539801839,100.0,100.0,0.0
93.32147539801839,93.62089202646926,93.3121432504786,93.61153087338192,100.0,100.0,0.0
93.61153087338192,93.90739614267811,93.60216972029458,93.8980063420439,100.0,100.0,0.0
93.8980063420439,94.21181384450591,93.88861654140969,94.2023936051454,100.0,100.0,0.0
94.2023936051454,94.50068792450986,94.1929733657849,94.4912388006298,100.0,100.0,0.0
94.4912388006298,94.78209947210382,94.48178967674974,94.77262220988284,100.0,100.0,0.0
94.77262220988284,95.06122264393798,94.76314494766186,95.05171747219076,100.0,100.0,0.0
95.05171747219076,95.33664844315146,95.04221230044354,95.3271157315783,100.0,100.0,0.0
95.3271157315783,95.61901876483984,95.31758302000515,95.60945781905794,100.0,100.0,0.0
95.60945781905794,95.91555110465613,95.59989687327604,95.90596050860528,100.0,100.0,0.0
95.90596050860528,96.2018120797361,95.89636991255442,96.19219286045006,100.0,100.0,0.0
96.19219286045006,96.49294986992429,96.18257364116403,96.48330153977031,100.0,100.0,0.0
96.48330153977031,96.78035013086907,96.47365320961633,96.77067306356271,100.0,100.0,0.0
96.77067306356271,97.04674734373769,96.76099599625636,97.03704363937375,100.0,100.0,0.0
97.03704363937375,97.36238379628992,97.0273399350098,97.35264853143677,100.0,100.0,0.0
97.35264853143677,97.64451600176992,97.34291326658362,97.63475252651726,100.0,100.0,0.0
97.63475252651726,97.95005042111873,97.6249890512646,97.94025639547918,100.0,100.0,0.0
97.94025639547918,98.25049658506289,97.93046236983963,98.2406725178111,100.0,100.0,0.0
98.2406725178111,98.54251046666457,98.23084845055932,98.53265720094447,100.0,100.0,0.0
98.53265720094447,98.82389486873201,98.52280393522437,98.81401346738528,100.0,100.0,0.0
98.81401346738528,99.10181771296955,98.80413206603855,99.09190852211734,100.0,100.0,0.0
99.09190852211734,99.41216395118227,99.08199933126512,99.40222372880939,100.0,100.0,0.0
99.40222372880939,99.70792674475945,99.39228350643651,99.69795694906455,100.0,100.0,0.0
99.69795694906455,99.70792674475945,99.37873979519905,99.38867866306536,100.0,100.0,0.0
99.38867866306536,99.39861753093167,99.06726360441455,99.0771713215467,100.0,100.0,0.0
99.0771713215467,99.08707903867885,98.76984560495075,98.77972357730847,100.0,100.0,0.0
98.77972357730847,98.7896015496662,98.47077420919157,98.48062227141871,100.0,100.0,0.0
98.48062227141871,98.49047033364585,98.16794206950101,98.17775984548555,100.0,100.0,0.0
98.17775984548555,98.1875776214701,97.8880176552138,97.89780743595739,100.0,100.0,0.0
97.89780743595739,97.90759721670098,97.60331551130068,97.61307681898258,100.0,100.0,0.0
97.61307681898258,97.62283812666448,97.30292361635344,97.31265488184162,100.0,100.0,0.0
97.31265488184162,97.32238614732981,97.01888110255022,97.02858396094632,100.0,100.0,0.0
97.02858396094632,97.03828681934242,96.73433163047527,96.74400603107837,100.0,100.0,0.0
96.74400603107837,96.75368043168147,96.45998077062697,96.46962773340032,100.0,100.0,0.0
96.46962773340032,96.47927469617366,96.17506585096918,96.18468431940111,100.0,100.0,0.0
96.18468431940111,96.19430278783305,95.89642456768365,95.90601516920057,100.0,100.0,0.0
95.90601516920057,95.91560577071749,95.62420673293602,95.63377010994701,100.0,100.0,0.0
95.63377010994701,95.643333486958,95.34388954542055,95.35342488790934,100.0,100.0,0.0
95.35342488790934,95.36296023039813,95.05667513137492,95.06618174954987,100.0,100.0,0.0
95.06618174954987,95.07568836772482,94.7570059994118,94.76648264767657,100.0,100.0,0.0
94.76648264767657,94.77595929594133,94.48628409419246,94.49573366755921,100.0,100.0,0.0
94.49573366755921,94.50518324092596,94.18865746645743,94.19807727418484,100.0,100.0,0.0
94.19807727418484,94.20749708191225,93.91386161645254,93.92325394184672,100.0,100.0,0.0
93.92325394184672,93.93264626724091,93.63743024989307,93.646794929386,100.0,100.0,0.0
93.646794929386,93.65615960887894,93.36440169478932,93.3737390686962,100.0,100.0,0.0
93.3737390686962,93.38307644260307,93.09504048114736,93.10435091623899,100.0,100.0,0.0
93.10435091623899,93.1136613513306,92.80274561879274,92.81202682147489,100.0,100.0,0.0
92.81202682147489,92.82130802415703,92.52395166890088,92.53320498939982,100.0,100.0,0.0
92.53320498939982,92.54245830989876,92.24724625275591,92.25647189994591,100.0,100.0,0.0
92.25647189994591,92.2656975471359,91.98694557720953,91.9961451917287,100.0,100.0,0.0
91.9961451917287,92.00534480624788,91.69484229936913,91.7040127006392,100.0,100.0,0.0
91.7040127006392,91.71318310190927,91.41063665393109,91.41977863179427,100.0,100.0,0.0
91.41977863179427,91.42892060965745,91.13559363468914,91.14470810549969,100.0,100.0,0.0
91.14470810549969,91.15382257631023,90.86363875731998,90.87272602992297,100.0,100.0,0.0
90.87272602992297,90.88181330252597,90.606531729834,90.61559328916292,100.0,100.0,0.0
90.61559328916292,90.62465484849183,90.32471533096458,90.33374870583516,100.0,100.0,0.0
90.33374870583516,90.34278208070575,90.04255614588881,90.05156130201901,100.0,100.0,0.0
90.05156130201901,90.06056645814921,89.76993330042114,89.7789111915403,100.0,100.0,0.0
89.7789111915403,89.78788908265946,89.50193543168203,89.51088652033405,100.0,100.0,0.0
89.51088652033405,89.51983760898608,89.21839960384298,89.22732233607658,100.0,100.0,0.0
89.22732233607658,89.23624506831018,88.94682592212676,88.95572149427619,100.0,100.0,0.0
88.95572149427619,88.96461706642562,88.68468198013413,88.69355133526766,100.0,100.0,0.0
88.69355133526766,88.70242069040118,88.43050080575384,88.43934474022785,100.0,100.0,0.0
88.43934474022785,88.44818867470187,88.15092294702661,88.15973892091871,100.0,100.0,0.0
88.15973892091871,88.16855489481081,87.90294007416058,87.91173124728532,100.0,100.0,0.0
87.91173124728532,87.92052242041005,87.6362451313048,87.64500963226803,100.0,100.0,0.0
87.64500963226803,87.65377413323125,87.36688336995097,87.37562093204417,100.0,100.0,0.0
87.37562093204417,87.38435849413737,87.11185046642211,87.12056252267438,100.0,100.0,0.0
87.12056252267438,87.12927457892664,86.86421307028985,86.87290036032589,100.0,100.0,0.0
86.87290036032589,86.88158765036192,86.59738345868674,86.60604406309304,100.0,100.0,0.0
86.60604406309304,86.61470466749934,86.34139002145848,86.35002502396088,100.0,100.0,0.0
86.35002502396088,86.35866002646328,86.07342510357009,86.08203330690078,100.0,100.0,0.0
86.08203330690078,86.09064151023148,85.79484505605082,85.80342539859068,100.0,100.0,0.0
85.80342539859068,85.81200574113053,85.54670430770229,85.55525983368565,100.0,100.0,0.0
85.55525983368565,85.56381535966902,85.29456191067213,85.30309221989411,100.0,100.0,0.0
85.30309221989411,85.3116225291161,85.04463231057446,85.05313762433688,100.0,100.0,0.0
85.05313762433688,85.06164293809931,84.78633067967071,84.79481016068678,100.0,100.0,0.0
84.79481016068678,85.0562884587415,84.78633067967071,85.04778368037347,100.0,100.0,0.0
85.04778368037347,85.29751605043965,85.03927890200544,85.28898715172448,100.0,100.0,0.0
85.28898715172448,85.56212575325677,85.28045825300931,85.55357039621714,100.0,100.0,0.0
85.55357039621714,85.82338604782443,85.54501503917751,85.81480456736769,100.0,100.0,0.0
85.81480456736769,86.07857679660245,85.80622308691095,86.06996979962248,100.0,100.0,0.0
86.06996979962248,86.3394286236673,86.06136280264252,86.33079554411289,100.0,100.0,0.0
86.33079554411289,86.6049311829342,86.32216246455847,86.59627155577861,100.0,100.0,0.0
86.59627155577861,86.86604243394707,86.58761192862303,86.85735669827724,100.0,100.0,0.0
86.85735669827724,87.12989155254242,86.84867096260741,87.12117943459896,100.0,100.0,0.0
87.12117943459896,87.38863086489214,87.1124673166555,87.37989287560458,100.0,100.0,0.0
87.37989287560458,87.65423533699993,87.37115488631703,87.64547078992094,100.0,100.0,0.0
87.64547078992094,87.94363524059858,87.63670624284194,87.93484175642294,100.0,100.0,0.0
87.93484175642294,88.20324795473262,87.9260482722473,88.19442851188143,100.0,100.0,0.0
88.19442851188143,88.47806453096968,88.18560906903024,88.46921760920875,100.0,100.0,0.0
88.46921760920875,88.75766308958404,88.46037068744783,88.74878821076297,100.0,100.0,0.0
88.74878821076297,89.01274123977082,88.73991333194189,89.00384085568525,100.0,100.0,0.0
89.00384085568525,89.28364962371417,88.99494047159969,89.27472215149902,100.0,100.0,0.0
89.27472215149902,89.54770440630972,89.26579467928387,89.5387505312566,100.0,100.0,0.0
89.5387505312566,89.81399187423074,89.52979665620347,89.80501137309344,100.0,100.0,0.0
89.80501137309344,90.09088210473232,89.79603087195613,90.08187391734059,100.0,100.0,0.0
90.08187391734059,90.36886027986318,90.07286572994886,90.35982429743345,100.0,100.0,0.0
90.35982429743345,90.65517595272493,90.35078831500371,90.64611134159077,100.0,100.0,0.0
90.64611134159077,90.93316251331085,90.6370467304566,90.92407010630022,100.0,100.0,0.0
90.92407010630022,91.21146973380654,90.9149776992896,91.20234949885665,100.0,100.0,0.0
91.20234949885665,91.48807861869834,91.19322926390676,91.47893072562577,100.0,100.0,0.0
91.47893072562577,91.75754786251615,91.46978283255321,91.74837302521362,100.0,100.0,0.0
91.74837302521362,92.02699465955095,91.7391981879111,92.01779288026293,100.0,100.0,0.0
92.01779288026293,92.30659229123873,92.00859110097491,92.29736255498324,100.0,100.0,0.0
92.29736255498324,92.56695243111373,92.28813281872775,92.5576966614476,100.0,100.0,0.0
92.5576966614476,92.84935861856324,92.54844089178145,92.84007461110214,100.0,100.0,0.0
92.84007461110214,93.12561054181764,92.83079060364103,93.11629891192645,100.0,100.0,0.0
93.11629891192645,93.40229615029529,93.10698728203526,93.39295685460982,100.0,100.0,0.0
93.39295685460982,93.68015789592222,93.38361755892436,93.67079081684054,100.0,100.0,0.0
93.67079081684054,93.96855038209684,93.66142373775885,93.95915446665018,100.0,100.0,0.0
93.95915446665018,94.22674697322144,93.94975855120352,94.21732524069736,100.0,100.0,0.0
94.21732524069736,94.51209603906192,94.20790350817329,94.50264577448446,100.0,100.0,0.0
94.50264577448446,94.79675504660395,94.49319550990701,94.78727631897205,100.0,100.0,0.0
94.78727631897205,95.06619944576437,94.77779759134015,95.05669377638674,100.0,100.0,0.0
95.05669377638674,95.35003453541843,95.0471881070091,95.3405004853699,100.0,100.0,0.0
95.3405004853699,95.62821565205552,95.33096643532137,95.61865378667684,100.0,100.0,0.0
95.61865378667684,95.90757033495096,95.60909192129817,95.89798053689728,100.0,100.0,0.0
95.89798053689728,96.20307529996444,95.8883907388436,96.193455954369,100.0,100.0,0.0
96.193455954369,96.4751495992716,96.18383660877356,96.46550304896671,100.0,100.0,0.0
96.46550304896671,96.74983248337122,96.45585649866182,96.74015846752447,100.0,100.0,0.0
96.74015846752447,97.0531281392381,96.73048445167771,97.0434237968584,100.0,100.0,0.0
97.0434237968584,97.32478823118731,97.03371945447871,97.31505672551476,100.0,100.0,0.0
97.31505672551476,97.61159845634913,97.30532521984222,97.60183827252187,100.0,100.0,0.0
97.60183827252187,97.91790215861374,97.59207808869462,97.908111347479,100.0,100.0,0.0
97.908111347479,98.2122373271026,97.89832053634424,98.20241708539406,100.0,100.0,0.0
98.20241708539406,98.5078469081534,98.19259684368552,98.49799710844255,100.0,100.0,0.0
98.49799710844255,98.81593420220152,98.4881473087317,98.80605359684183,100.0,100.0,0.0
98.80605359684183,99.11962736624572,98.79617299148215,99.10971639460627,100.0,100.0,0.0
99.10971639460627,99.42726899046875,99.09980542296681,99.41732725774297,100.0,100.0,0.0
99.41732725774297,99.71673325163424,99.40738552501719,99.7067625753767,100.0,100.0,0.0
99.7067625753767,100.00735207722121,99.69679189911916,99.99735234198701,100.0,100.0,0.0
99.99735234198701,100.30791619305319,99.98735260675281,100.29788640441275,100.0,100.0,0.0
100.29788640441275,100.63309802499813,100.28785661577231,100.62303572142599,100.0,100.0,0.0
100.62303572142599,100.92565191356883,100.61297341785385,100.91556035753308,100.0,100.0,0.0
100.91556035753308,101.22773023778814,100.90546880149734,101.21760847694044,100.0,100.0,0.0
101.21760847694044,101.53508230991386,101.20748671609275,101.52492981693217,100.0,100.0,0.0
101.52492981693217,101.53508230991386,101.2117133209327,101.22183550448315,100.0,100.0,0.0
101.22183550448315,101.2319576880336,100.90258774852549,100.91267901642713,100.0,100.0,0.0
100.91267901642713,100.92277028432878,100.60399144524956,100.61405285053462,100.0,100.0,0.0
100.61405285053462,100.62411425581968,100.29668570554,100.30671637717772,100.0,100.0,0.0
100.30671637717772,100.31674704881544,99.99892472066372,100.00892561322505,100.0,100.0,0.0
100.00892561322505,100.01892650578637,99.68909656544659,99.6990664720938,100.0,100.0,0.0
99.6990664720938,99.70903637874102,99.38836618580284,99.39830601640448,100.0,100.0,0.0
99.39830601640448,99.40824584700611,99.0912856376223,99.10119575719803,100.0,100.0,0.0
99.10119575719803,99.11110587677375,98.77825165425553,98.78813046730225,100.0,100.0,0.0
98.78813046730225,98.79800928034898,98.47370405333251,98.48355240857337,100.0,100.0,0.0
98.48355240857337,98.49340076381424,98.19630877762224,98.20612939056129,100.0,100.0,0.0
98.20612939056129,98.21595000350034,97.90172063415586,97.9115117853344,100.0,100.0,0.0
97.9115117853344,97.92130293651293,97.61287904032942,97.62264130445986,100.0,100.0,0.0
97.62264130445986,97.6324035685903,97.33184524063438,97.34157939857424,100.0,100.0,0.0
97.34157939857424,97.3513135565141,97.04625018341908,97.05595577899697,100.0,100.0,0.0
97.05595577899697,97.06566137457487,96.74933184769755,96.7590077484724,100.0,100.0,0.0
96.7590077484724,96.76868364924725,96.46380674226675,96.47345408767552,100.0,100.0,0.0
96.47345408767552,96.48310143308429,96.18281714935884,96.19243639299813,100.0,100.0,0.0
96.19243639299813,96.20205563663743,95.90012118975207,95.90971216096817,100.0,100.0,0.0
95.90971216096817,95.91930313218427,95.60297121690205,95.61253247014906,100.0,100.0,0.0
95.61253247014906,95.62209372339608,95.31087938634396,95.3204114274867,100.0,100.0,0.0
95.3204114274867,95.32994346862945,95.01488411621335,95.02438655486884,100.0,100.0,0.0
95.02438655486884,95.03388899352433,94.72388852084498,94.73336185703069,100.0,100.0,0.0
94.73336185703069,94.7428351932164,94.4254942430469,94.43493773682059,100.0,100.0,0.0
94.43493773682059,94.44438123059427,94.13772886240066,94.14714357675834,100.0,100.0,0.0
94.14714357675834,94.15655829111601,93.87800983162836,93.8873985714855,100.0,100.0,0.0
93.8873985714855,93.89678731134265,93.59962643775526,93.60898733648891,100.0,100.0,0.0
93.60898733648891,93.61834823522256,93.32626736515131,93.33560092524384,100.0,100.0,0.0
93.33560092524384,93.34493448533637,93.04259957003772,93.05190476051378,100.0,100.0,0.0
93.05190476051378,93.06120995098983,92.75282487981424,92.76210108992323,100.0,100.0,0.0
92.76210108992323,92.77137730003223,92.47508879733928,92.48433723106238,100.0,100.0,0.0
92.48433723106238,92.49358566478548,92.17642916263846,92.1856477274112,100.0,100.0,0.0
92.1856477274112,92.19486629218393,91.8961768187057,91.90536735544124,100.0,100.0,0.0
91.90536735544124,91.91455789217679,91.6237220042518,91.63288529278108,100.0,100.0,0.0
91.63288529278108,91.64204858131036,91.36510862145626,91.37424604606086,100.0,100.0,0.0
91.37424604606086,91.38338347066546,91.08783635244743,91.09694604705213,100.0,100.0,0.0
91.09694604705213,91.10605574165683,90.83284459035262,90.84192878323094,100.0,100.0,0.0
90.84192878323094,90.85101297610926,90.55382171500898,90.56287800280926,100.0,100.0,0.0
90.56287800280926,90.57193429060953,90.29369186889863,90.30272214111274,100.0,100.0,0.0
90.30272214111274,90.31175241332684,90.01402957680983,90.02303187999783,100.0,100.0,0.0
90.02303187999783,90.03203418318583,89.74233526713323,89.75131039817305,100.0,100.0,0.0
89.75131039817305,89.76028552921287,89.47169951949388,89.48064758425231,100.0,100.0,0.0
89.48064758425231,89.48959564901074,89.20248656788036,89.21140770865122,100.0,100.0,0.0
89.21140770865122,89.22032884942209,88.9269505503915,88.93584413480498,100.0,100.0,0.0
88.93584413480498,88.94473771921847,88.66173825209476,88.67060531262602,100.0,100.0,0.0
88.67060531262602,88.67947237315728,88.38641449727594,88.3952540226782,100.0,100.0,0.0
88.3952540226782,88.40409354808047,88.12132620292215,88.13013921684383,100.0,100.0,0.0
88.13013921684383,88.13895223076551,87.85922678667497,87.86801358803378,100.0,100.0,0.0
87.86801358803378,87.87680038939259,87.60563318409459,87.61439462355695,100.0,100.0,0.0
87.61439462355695,87.62315606301931,87.33839265371404,87.34712736645068,100.0,100.0,0.0
87.34712736645068,87.35586207918732,87.07698948461585,87.08569805442129,100.0,100.0,0.0
87.08569805442129,87.09440662422672,86.80447907262187,86.81316038866073,100.0,100.0,0.0
86.81316038866073,86.8218417046996,86.55436896053287,86.56302526305917,100.0,100.0,0.0
86.56302526305917,86.57168156558548,86.30626200965177,86.31489349900167,100.0,100.0,0.0
86.31489349900167,86.32352498835156,86.04314266614918,86.05174784093327,100.0,100.0,0.0
86.05174784093327,86.06035301571737,85.79549024017884,85.80407064724356,100.0,100.0,0.0
85.80407064724356,85.81265105430829,85.54366087340891,85.55221609501841,100.0,100.0,0.0
85.55221609501841,85.5607713166279,85.29039443437689,85.29892432680957,100.0,100.0,0.0
85.29892432680957,85.30745421924225,85.04948339477075,85.05798919369012,100.0,100.0,0.0
85.05798919369012,85.06649499260949,84.77944536331437,84.78792415572994,100.0,100.0,0.0
84.78792415572994,85.04620384475002,84.77944536331437,85.03770007474255,100.0,100.0,0.0
85.03770007474255,85.30465680333027,85.02919630473507,85.29612719061122,100.0,100.0,0.0
85.29612719061122,85.56646617023458,85.28759757789216,85.55791037919666,100.0,100.0,0.0
85.55791037919666,85.82486670627664,85.54935458815874,85.81628507776887,100.0,100.0,0.0
85.81628507776887,86.08536699424056,85.8077034492611,86.07675931830873,100.0,100.0,0.0
86.07675931830873,86.34448567195369,86.0681516423769,86.33585208674502,100.0,100.0,0.0
86.33585208674502,86.61535309845881,86.32721850153635,86.6066924292159,100.0,100.0,0.0
86.6066924292159,86.8787000816123,86.59803175997298,86.87001308030426,100.0,100.0,0.0
86.87001308030426,87.14509823105887,86.86132607899623,87.13638459259961,100.0,100.0,0.0
87.13638459259961,87.40666923059376,87.12767095414036,87.39792943765,100.0,100.0,0.0
87.39792943765,87.67159793690487,87.38918964470625,87.6628316537395,100.0,100.0,0.0
87.6628316537395,87.92987018261445,87.65406537057413,87.92107807480697,100.0,100.0,0.0
87.92107807480697,88.20023501044399,87.91228596699949,88.1914158688571,100.0,100.0,0.0
88.1914158688571,88.46589140382092,88.18259672727022,88.457045699251,100.0,100.0,0.0
88.457045699251,88.71088034944715,88.44819999468108,88.70201014843231,100.0,100.0,0.0
88.70201014843231,88.9758879777205,88.69313994741746,88.96699127859264,100.0,100.0,0.0
88.96699127859264,89.24865261472046,88.95809457946478,89.23972864185627,100.0,100.0,0.0
89.23972864185627,89.51725048010091,89.23080466899209,89.5082996501359,100.0,100.0,0.0
89.5082996501359,89.79731324223614,89.49934882017088,89.78833440879527,100.0,100.0,0.0
89.78833440879527,90.06227578946229,89.77935557535439,90.05327046241605,100.0,100.0,0.0
90.05327046241605,90.31182173857222,90.04426513536981,90.30279145942627,100.0,100.0,0.0
90.30279145942627,90.60068971939872,90.29376118028033,90.59163055634308,100.0,100.0,0.0
90.59163055634308,90.88256068374673,90.58257139328744,90.87347333641308,100.0,100.0,0.0
90.87347333641308,91.16774653045509,90.86438598907944,91.15863066738835,100.0,100.0,0.0
91.15863066738835,91.43406238657131,91.14951480432161,91.42491989458186,100.0,100.0,0.0
91.42491989458186,91.71486135891048,91.41577740259241,91.70569078983151,100.0,100.0,0.0
91.70569078983151,91.99439905009756,91.69652022075253,91.98520053004455,100.0,100.0,0.0
91.98520053004455,92.25226258021797,91.97600200999155,92.24303827639034,100.0,100.0,0.0
92.24303827639034,92.5217999386048,92.2338139725627,92.51254868373643,100.0,100.0,0.0
92.51254868373643,92.79258141344926,92.50329742886805,92.78330308314094,100.0,100.0,0.0
92.78330308314094,93.05718185518349,92.77402475283262,93.04787706747673,100.0,100.0,0.0
93.04787706747673,93.3460162097655,93.03857227976998,93.33668254151135,100.0,100.0,0.0
93.33668254151135,93.6410435941946,93.32734887325721,93.63168042615199,100.0,100.0,0.0
93.63168042615199,93.91055894336489,93.62231725810938,93.90116882648225,100.0,100.0,0.0
93.90116882648225,94.1996685588855,93.8917787095996,94.19024953393212,100.0,100.0,0.0
94.19024953393212,94.48620126187333,94.18083050897873,94.47675358651469,100.0,100.0,0.0
94.47675358651469,94.75804476377613,94.46730591115605,94.74856990678545,100.0,100.0,0.0
94.74856990678545,95.0271435788463,94.73909504979477,95.01764181466484,100.0,100.0,0.0
95.01764181466484,95.30093753653838,95.00814005048338,95.29140839569881,100.0,100.0,0.0
95.29140839569881,95.56800982751565,95.28187925485923,95.55845398211744,100.0,100.0,0.0
95.55845398211744,95.83908842743858,95.54889813671923,95.8295054768909,100.0,100.0,0.0
95.8295054768909,96.12373751538465,95.81992252634322,96.11412610277436,100.0,100.0,0.0
96.11412610277436,96.40688094948801,96.10451469016408,96.39724122536548,100.0,100.0,0.0
96.39724122536548,96.69853100307944,96.38760150124294,96.68886211686775,100.0,100.0,0.0
96.68886211686775,97.00083193230934,96.67919323065607,96.99113281902744,100.0,100.0,0.0
96.99113281902744,97.28481330718215,96.98143370574554,97.27508579860229,100.0,100.0,0.0
97.27508579860229,97.5677842303393,97.26535829002243,97.55802842749655,100.0,100.0,0.0
97.55802842749655,97.85797024141283,97.5482726246538,97.84818542287054,100.0,100.0,0.0
97.84818542287054,98.15931747917405,97.83840060432826,98.14950252892116,100.0,100.0,0.0
98.14950252892116,98.44515949161521,98.13968757866827,98.43531596001921,100.0,100.0,0.0
98.43531596001921,98.73931744040684,98.4254724284232,98.72944449595724,100.0,100.0,0.0
98.72944449595724,99.02052108300732,98.71957155150764,99.01062002100522,100.0,100.0,0.0
99.01062002100522,99.30552197185756,99.00071895900312,99.2955924126163,100.0,100.0,0.0
99.2955924126163,99.60403126760879,99.28566285337504,99.59407186042274,100.0,100.0,0.0
99.59407186042274,99.8964857990765,99.5841124532367,99.88649714936156,100.0,100.0,0.0
99.88649714936156,100.18582858496218,99.87650849964662,100.1758110038618,100.0,100.0,0.0
100.1758110038618,100.46659647870902,100.16579342276141,100.45655082362666,100.0,100.0,0.0
100.45655082362666,100.74568595975867,100.44650516854429,100.73561239851882,100.0,100.0,0.0
100.73561239851882,101.04598821932284,100.72553883727898,101.03588463085975,100.0,100.0,0.0
101.03588463085975,101.34305850025997,101.02578104239667,101.3329252077392,100.0,100.0,0.0
101.3329252077392,101.63996764877281,101.32279191521842,101.62980466830598,100.0,100.0,0.0
101.62980466830598,101.95195995444621,101.61964168783915,101.94176577786843,100.0,100.0,0.0
101.94176577786843,102.25841009178384,101.93157160129064,102.24818527325652,100.0,100.0,0.0
102.24818527325652,102.57373062561278,102.2379604547292,102.56347427818497,100.0,100.0,0.0
102.56347427818497,102.86865386017004,102.55321793075716,102.8583680233677,100.0,100.0,0.0
102.8583680233677,103.1866061794556,102.84808218656536,103.17628855060053,100.0,100.0,0.0
103.17628855060053,103.1866061794556,102.86326703947653,102.87355439491601,100.0,100.0,0.0
102.87355439491601,102.8838417503555,102.54184259471,102.55209780449046,100.0,100.0,0.0
102.55209780449046,102.56235301427091,102.23662052946901,102.24684521399041,100.0,100.0,0.0
102.24684521399041,102.25706989851182,101.93699852275452,101.94719324207873,100.0,100.0,0.0
101.94719324207873,101.95738796140293,101.62188276110523,101.63204596570179,100.0,100.0,0.0
101.63204596570179,101.64220917029836,101.30529493807265,101.31542648072072,100.0,100.0,0.0
101.31542648072072,101.32555802336879,101.01068274435238,101.02078482283466,100.0,100.0,0.0
101.02078482283466,101.03088690131693,100.70239579176177,100.71246703846562,100.0,100.0,0.0
100.71246703846562,100.72253828516946,100.4013279828068,100.41136911971877,100.0,100.0,0.0
100.41136911971877,100.42141025663074,100.09588084336785,100.1058914325111,100.0,100.0,0.0
100.1058914325111,100.11590202165435,99.76397430799851,99.77395170316882,100.0,100.0,0.0
99.77395170316882,99.78392909833913,99.4567369373518,99.46668360571238,100.0,100.0,0.0
99.46668360571238,99.47663027407295,99.15379748430263,99.1637138556882,100.0,100.0,0.0
99.1637138556882,99.17363022707377,98.84981248271373,98.85969845255899,100.0,100.0,0.0
98.85969845255899,98.86958442240424,98.55067907812516,98.56053513163832,100.0,100.0,0.0
98.56053513163832,98.57039118515148,98.24370464832609,98.25353000132621,100.0,100.0,0.0
98.25353000132621,98.26335535432634,97.96527832364421,97.97507583122733,100.0,100.0,0.0
97.97507583122733,97.98487333881044,97.66474805554942,97.67451550710014,100.0,100.0,0.0
97.67451550710014,97.68428295865085,97.37705236239667,97.38679104150081,100.0,100.0,0.0
97.38679104150081,97.39652972060496,97.10846198559337,97.11817380297366,100.0,100.0,0.0
97.11817380297366,97.12788562035395,96.82892144409954,96.83860530463,100.0,100.0,0.0
96.83860530463,96.84828916516045,96.53325089738439,96.54290518790319,100.0,100.0,0.0
96.54290518790319,96.55255947842198,96.2507309618331,96.26035699753285,100.0,100.0,0.0
96.26035699753285,96.2699830332326,95.95470982482522,95.96430625545077,100.0,100.0,0.0
95.96430625545077,95.97390268607631,95.68106901565065,95.6906380794586,100.0,100.0,0.0
95.6906380794586,95.70020714326654,95.4023085922335,95.41184977721122,100.0,100.0,0.0
95.41184977721122,95.42139096218894,95.11549786059886,95.12501036163502,100.0,100.0,0.0
95.12501036163502,95.13452286267118,94.83249838464074,94.84198258289904,100.0,100.0,0.0
94.84198258289904,94.85146678115733,94.53849977551937,94.54795457097647,100.0,100.0,0.0
94.54795457097647,94.55740936643357,94.24984538050109,94.25927130763185,100.0,100.0,0.0
94.25927130763185,94.26869723476261,93.97956207757886,93.98896097367623,100.0,100.0,0.0
93.98896097367623,93.9983598697736,93.70213366987703,93.71150482035907,100.0,100.0,0.0
93.71150482035907,93.7208759708411,93.44314194627653,93.45248719499602,100.0,100.0,0.0
93.45248719499602,93.46183244371552,93.16251919156458,93.1718363752021,100.0,100.0,0.0
93.1718363752021,93.18115355883963,92.90072743947144,92.91001844131557,100.0,100.0,0.0
92.91001844131557,92.9193094431597,92.60479626975892,92.61405767552647,100.0,100.0,0.0
92.61405767552647,92.62331908129401,92.32599404285128,92.33522756560784,100.0,100.0,0.0
92.33522756560784,92.3444610883644,92.05557116655501,92.06477764431945,100.0,100.0,0.0
92.06477764431945,92.07398412208389,91.79639902317749,91.8055795811356,100.0,100.0,0.0
91.8055795811356,91.81476013909372,91.51807558526073,91.52722830809154,100.0,100.0,0.0
91.52722830809154,91.53638103092234,91.22526338555427,91.2343868242367,100.0,100.0,0.0
91.2343868242367,91.24351026291912,90.9580899598893,90.96718667855716,100.0,100.0,0.0
90.96718667855716,90.976283397225,90.67541609984971,90.68448454830454,100.0,100.0,0.0
90.68448454830454,90.69355299675937,90.38635572292631,90.39539526245255,100.0,100.0,0.0
90.39539526245255,90.4044348019788,90.13655668011286,90.14557123723658,100.0,100.0,0.0
90.14557123723658,90.1545857943603,89.85724138426099,89.8662280070617,100.0,100.0,0.0
89.8662280070617,89.8752146298624,89.60168621613214,89.61064728086022,100.0,100.0,0.0
89.61064728086022,89.6196083455883,89.32508084567176,89.33401424709648,100.0,100.0,0.0
89.33401424709648,89.62668841768075,89.32508084567176,89.61772664501625,100.0,100.0,0.0
89.61772664501625,89.89602001583634,89.60876487235174,89.88703131270508,100.0,100.0,0.0
89.88703131270508,90.1686514408456,89.87804260957381,90.15963547729787,100.0,100.0,0.0
90.15963547729787,90.43194963787339,90.15061951375014,90.42290734713868,100.0,100.0,0.0
90.42290734713868,90.7050566074269,90.41386505640396,90.69598700872602,100.0,100.0,0.0
90.69598700872602,90.97220598211216,90.68691741002515,90.96310967114505,100.0,100.0,0.0
90.96310967114505,91.2452651706261,90.95401336017794,91.23614155647046,100.0,100.0,0.0
91.23614155647046,91.51756019390635,91.22701794231482,91.50840935297106,100.0,100.0,0.0
91.50840935297106,91.80344352651838,91.49925851203577,91.79426410010836,100.0,100.0,0.0
91.79426410010836,92.0742295678094,91.78508467369835,92.06502306550284,100.0,100.0,0.0
92.06502306550284,92.3566062219621,92.05581656319629,92.34737148481362,100.0,100.0,0.0
92.34737148481362,92.64429458771629,92.33813674766515,92.63503108460783,100.0,100.0,0.0
92.63503108460783,92.92459577162504,92.62576758149937,92.91530424120091,100.0,100.0,0.0
92.91530424120091,93.19681672035192,92.90601271077679,93.18749797055486,100.0,100.0,0.0
93.18749797055486,93.47054563118166,93.1781792207578,93.46119951123055,100.0,100.0,0.0
93.46119951123055,93.75514993974953,93.45185339127943,93.74577536221331,100.0,100.0,0.0
93.74577536221331,94.02644658752605,93.73640078467709,94.01704488303776,100.0,100.0,0.0
94.01704488303776,94.31000317192951,94.00764317854946,94.30057311461805,100.0,100.0,0.0
94.30057311461805,94.58253720567683,94.29114305730658,94.57307989768707,100.0,100.0,0.0
94.57307989768707,94.86523798975828,94.5636225896973,94.85575241451683,100.0,100.0,0.0
94.85575241451683,95.15616245668096,94.84626683927537,95.14664779190177,100.0,100.0,0.0
95.14664779190177,95.44535803134815,95.13713312712258,95.43581444990316,100.0,100.0,0.0
95.43581444990316,95.72780132946033,95.42627086845818,95.71822950650969,100.0,100.0,0.0
95.71822950650969,96.01722268897485,95.70865768355904,96.00762192678218,100.0,100.0,0.0
96.00762192678218,96.3228215066225,95.9980211645895,96.31319018760374,100.0,100.0,0.0
96.31319018760374,96.62796856982777,96.30355886858497,96.61830673915385,100.0,100.0,0.0
96.61830673915385,96.93375812679972,96.60864490847993,96.92406572022769,100.0,100.0,0.0
96.92406572022769,97.2267031340425,96.91437331365566,97.2169814358989,100.0,100.0,0.0
97.2169814358989,97.54216178286414,97.20725973775531,97.53240854200995,100.0,100.0,0.0
97.53240854200995,97.82071580013195,97.52265530115575,97.81093470666129,100.0,100.0,0.0
97.81093470666129,98.10610868183826,97.80115361319062,98.09629905193307,100.0,100.0,0.0
98.09629905193307,98.41140031348561,98.08648942202788,98.40156015746987,100.0,100.0,0.0
98.40156015746987,98.70430176185135,98.39172000145413,98.69443231861949,100.0,100.0,0.0
98.69443231861949,99.00467240340377,98.68456287538763,98.99477292611117,100.0,100.0,0.0
98.99477292611117,99.30959669421264,98.98487344881856,99.29966672753989,100.0,100.0,0.0
99.29966672753989,99.6051322645141,99.28973676086713,99.59517274723937,100.0,100.0,0.0
99.59517274723937,99.91233781459736,99.58521322996465,99.90234757983939,100.0,100.0,0.0
99.90234757983939,100.21673762466477,99.89235734508141,100.20671695296947,100.0,100.0,0.0
100.20671695296947,100.52651306131175,100.19669628127417,100.51646141517023,100.0,100.0,0.0
100.51646141517023,100.81305684988712,100.5064097690287,100.8029765522319,100.0,100.0,0.0
100.8029765522319,101.11038206945713,100.79289625457668,101.10027204225291,100.0,100.0,0.0
101.10027204225291,101.3944500438035,101.09016201504869,101.38431161264224,100.0,100.0,0.0
101.38431161264224,101.69762831684704,101.37417318148097,101.68745957088996,100.0,100.0,0.0
101.68745957088996,102.01607395440419,101.67729082493287,102.00587336706748,100.0,100.0,0.0
102.00587336706748,102.32040797998593,101.99567277973077,102.3101769622897,100.0,100.0,0.0
102.3101769622897,102.63120773560772,102.29994594459347,102.62094564104362,100.0,100.0,0.0
102.62094564104362,102.93359927525354,102.61068354647952,102.92330694455909,100.0,100.0,0.0
102.92330694455909,103.244597349261,102.91301461386463,103.23427392186882,100.0,100.0,0.0
103.23427392186882,103.55461221748155,103.22395049447664,103.54425779170238,100.0,100.0,0.0
103.54425779170238,103.88183987705483,103.53390336592321,103.87145273178166,100.0,100.0,0.0
103.87145273178166,104.1961604390693,103.86106558650849,104.18574186488281,100.0,100.0,0.0
104.18574186488281,104.51764911933537,104.17532329069633,104.50719839949542,100.0,100.0,0.0
104.50719839949542,104.82002070780699,104.49674767965547,104.8095397538316,100.0,100.0,0.0
104.8095397538316,105.12169576648749,104.79905879985621,105.11118464802269,100.0,100.0,0.0
105.11118464802269,105.44350061856738,105.10067352955788,105.43295732283511,100.0,100.0,0.0
105.43295732283511,105.76401887600589,105.42241402710283,105.75344353165272,100.0,100.0,0.0
105.75344353165272,106.08851316948797,105.74286818729955,106.07790537895008,100.0,100.0,0.0
106.07790537895008,106.40861944867332,106.06729758841219,106.39797965070825,100.0,100.0,0.0
106.39797965070825,106.7151434704439,106.38733985274318,106.70447302314159,100.0,100.0,0.0
106.70447302314159,107.03664897936588,106.69380257583927,107.0259463847274,100.0,100.0,0.0
107.0259463847274,107.348152497035,107.01524379008893,107.33741875515949,100.0,100.0,0.0
107.33741875515949,107.66937883307769,107.32668501328398,107.65861297178051,100.0,100.0,0.0
107.65861297178051,107.97796361604702,107.64784711048334,107.96716689935708,100.0,100.0,0.0
107.96716689935708,108.29932258527157,107.95637018266714,108.28849373589797,100.0,100.0,0.0
108.28849373589797,108.63861316025726,108.27766488652438,108.62775038521875,100.0,100.0,0.0
108.62775038521875,108.96558717856358,108.61688761018023,108.95469170939265,100.0,100.0,0.0
108.95469170939265,109.2954042696466,108.94379624022172,109.2844758220644,100.0,100.0,0.0
109.2844758220644,109.61971997239684,109.27354737448219,109.60875909648719,100.0,100.0,0.0
109.60875909648719,109.96174986298375,109.59779822057754,109.950754787505,100.0,100.0,0.0
109.950754787505,109.96174986298375,109.59886742454333,109.60982840738407,100.0,100.0,0.0
109.60982840738407,109.62078939022481,109.27152773567074,109.28245598126887,100.0,100.0,0.0
109.28245598126887,109.29338422686699,108.94213581190499,108.95303111501649,100.0,100.0,0.0
108.95303111501649,108.96392641812798,108.62004523967063,108.63090833050369,100.0,100.0,0.0
108.63090833050369,108.64177142133674,108.2902959422738,108.30112605487929,100.0,100.0,0.0
108.30112605487929,108.31195616748478,107.98702911606655,107.99782889895644,100.0,100.0,0.0
107.99782889895644,108.00862868184633,107.6545130505645,107.66527957852236,100.0,100.0,0.0
107.66527957852236,107.67604610648021,107.3071364738013,107.31786826062735,100.0,100.0,0.0
107.31786826062735,107.3286000474534,106.98978973445335,107.00048978343169,100.0,100.0,0.0
107.00048978343169,107.01118983241003,106.66677072562385,106.6774384694708,100.0,100.0,0.0
106.6774384694708,106.68810621331775,106.35035076300319,106.36098686168936,100.0,100.0,0.0
106.36098686168936,106.37162296037552,106.0266261214359,106.03722984442034,100.0,100.0,0.0
106.03722984442034,106.04783356740478,105.69433707495197,105.70490756570854,100.0,100.0,0.0
105.70490756570854,105.7154780564651,105.37292359141111,105.38346193760486,100.0,100.0,0.0
105.38346193760486,105.39400028379862,105.05871464122939,105.06922156338572,100.0,100.0,0.0
105.06922156338572,105.07972848554206,104.73788585370067,104.74836068976965,100.0,100.0,0.0
104.74836068976965,104.75883552583863,104.42396204869526,104.43440548924418,100.0,100.0,0.0
104.43440548924418,104.44484892979311,104.11203785608973,104.12245010109984,100.0,100.0,0.0
104.12245010109984,104.13286234610996,103.8052971467963,103.81567871466777,100.0,100.0,0.0
103.81567871466777,103.82606028253923,103.50836069855066,103.51871256980765,100.0,100.0,0.0
103.51871256980765,103.52906444106463,103.20255566921423,103.21287695690992,100.0,100.0,0.0
103.21287695690992,103.22319824460561,102.88440522679673,102.89469469626636,100.0,100.0,0.0
102.89469469626636,102.90498416573598,102.57820290795861,102.58846175413403,100.0,100.0,0.0
102.58846175413403,102.59872060030945,102.2680495989408,102.27827742668347,100.0,100.0,0.0
102.27827742668347,102.28850525442614,101.97260263193162,101.98280091202282,100.0,100.0,0.0
101.98280091202282,101.99299919211403,101.67968942569121,101.68985841153236,100.0,100.0,0.0
101.68985841153236,101.7000273973735,101.38411296706956,101.39425239230879,100.0,100.0,0.0
101.39425239230879,101.40439181754802,101.09006370407027,101.10017372144242,100.0,100.0,0.0
101.10017372144242,101.11028373881456,100.77805546526187,100.78813427868974,100.0,100.0,0.0
100.78813427868974,100.7982130921176,100.46519957493621,100.47524709964617,100.0,100.0,0.0
100.47524709964617,100.48529462435613,100.14976165500121,100.15977763276449,100.0,100.0,0.0
100.15977763276449,100.16979361052776,99.84358247511645,99.85356783189964,100.0,100.0,0.0
99.85356783189964,99.86355318868283,99.54717268847577,99.5571284013159,100.0,100.0,0.0
99.5571284013159,99.56708411415602,99.25756713155103,99.26749388093911,100.0,100.0,0.0
99.26749388093911,99.2774206303272,98.94879531810163,98.95869118722035,100.0,100.0,0.0
98.95869118722035,98.96858705633908,98.62912032698254,98.63898422540508,100.0,100.0,0.0
98.63898422540508,98.64884812382762,98.34226084758218,98.3520960571879,100.0,100.0,0.0
98.3520960571879,98.3619312667936,98.05904630980976,98.06885319512926,100.0,100.0,0.0
98.06885319512926,98.07866008044877,97.7491712798039,97.75894717452135,100.0,100.0,0.0
97.75894717452135,97.7687230692388,97.44181929308323,97.45156444952818,100.0,100.0,0.0
97.45156444952818,97.46130960597313,97.1578926034929,97.16760936442934,100.0,100.0,0.0
97.16760936442934,97.17732612536578,96.85329491962823,96.86298121775,100.0,100.0,0.0
96.86298121775,96.87266751587178,96.548272836604,96.55792862946694,100.0,100.0,0.0
96.55792862946694,96.56758442232989,96.27909360772756,96.28872247997556,100.0,100.0,0.0
96.28872247997556,96.29835135222356,95.97767347136062,95.98727219858047,100.0,100.0,0.0
95.98727219858047,95.99687092580032,95.68492682965092,95.69449627927885,100.0,100.0,0.0
95.69449627927885,95.70406572890678,95.38481189773917,95.39435133287246,100.0,100.0,0.0
95.39435133287246,95.40389076800575,95.09210107342759,95.10161123455104,100.0,100.0,0.0
95.10161123455104,95.1111213956745,94.808834299865,94.81831613147814,100.0,100.0,0.0
94.81831613147814,94.82779796309129,94.51325633710712,94.52270860796791,100.0,100.0,0.0
94.52270860796791,94.5321608788287,94.24103686666905,94.25046191286033,100.0,100.0,0.0
94.25046191286033,94.25988695905161,93.94925060151269,93.95864646615931,100.0,100.0,0.0
93.95864646615931,93.96804233080593,93.67622757516955,93.68559613478303,100.0,100.0,0.0
93.68559613478303,93.6949646943965,93.39722491257147,93.40656556912839,100.0,100.0,0.0
93.40656556912839,93.4159062256853,93.11853450601608,93.12784729074515,100.0,100.0,0.0
93.12784729074515,93.13716007547423,92.85673584097822,92.86602244322253,100.0,100.0,0.0
92.86602244322253,92.87530904546685,92.57455731974548,92.58381570131561,100.0,100.0,0.0
92.58381570131561,92.59307408288575,92.28996156713926,92.29919148628788,100.0,100.0,0.0
92.29919148628788,92.3084214054365,92.01662238023539,92.02582496273166,100.0,100.0,0.0
92.02582496273166,92.03502754522793,91.74275656370374,91.75193175687943,100.0,100.0,0.0
91.75193175687943,91.76110695005512,91.46689235638722,91.47603996038326,100.0,100.0,0.0
91.47603996038326,91.4851875643793,91.19692659426369,91.20604719898358,100.0,100.0,0.0
91.20604719898358,91.21516780370348,90.9260369172198,90.93513043026283,100.0,100.0,0.0
90.93513043026283,90.94422394330586,90.65686953918961,90.6659361328029,100.0,100.0,0.0
90.6659361328029,90.67500272641618,90.38700987335486,90.39604947830269,100.0,100.0,0.0
90.39604947830269,90.40508908325052,90.12444786172146,90.13346120784225,100.0,100.0,0.0
90.13346120784225,90.41953982021487,90.12444786172146,90.41049877033784,100.0,100.0,0.0
90.41049877033784,90.69612875032935,90.40145772046081,90.68706004432492,100.0,100.0,0.0
90.68706004432492,90.97432599849579,90.6779913383205,90.96522947554823,100.0,100.0,0.0
90.96522947554823,91.23220790193176,90.95613295260067,91.22308559337242,100.0,100.0,0.0
91.22308559337242,91.50496102447192,91.21396328481308,91.4958114433276,100.0,100.0,0.0
91.4958114433276,91.78787686560314,91.48666186218327,91.77869899570356,100.0,100.0,0.0
91.77869899570356,92.04275046461925,91.76952112580399,92.03354710990826,100.0,100.0,0.0
92.03354710990826,92.30435602377638,92.02434375519726,92.29512651112526,100.0,100.0,0.0
92.29512651112526,92.59082550985809,92.28589699847414,92.58156735312278,100.0,100.0,0.0
92.58156735312278,92.87502476033758,92.57230919638747,92.86573818651893,100.0,100.0,0.0
92.86573818651893,93.1593963481383,92.85645161270027,93.1500813400043,100.0,100.0,0.0
93.1500813400043,93.44091676105897,93.14076633187031,93.43157360369861,100.0,100.0,0.0
93.43157360369861,93.72925393098053,93.42223044633825,93.71988194278626,100.0,100.0,0.0
93.71988194278626,94.01352125071821,93.71050995459198,94.00412083863435,100.0,100.0,0.0
94.00412083863435,94.29174933188823,93.99472042655049,94.28232109977824,100.0,100.0,0.0
94.28232109977824,94.58400655389818,94.27289286766826,94.57454909898829,100.0,100.0,0.0
94.57454909898829,94.86311683430131,94.5650916440784,94.85363147115419,100.0,100.0,0.0
94.85363147115419,95.16467405786634,94.84414610800707,95.15515854201213,100.0,100.0,0.0
95.15515854201213,95.45710324899035,95.14564302615793,95.44755849314103,100.0,100.0,0.0
95.44755849314103,95.74951248097047,95.43801373729171,95.73993848712176,100.0,100.0,0.0
95.73993848712176,96.05384951240728,95.73036449327306,96.04424508789849,100.0,100.0,0.0
96.04424508789849,96.34966346986083,96.0346406633897,96.34002946691413,100.0,100.0,0.0
96.34002946691413,96.64201603964118,96.33039546396743,96.63235280436074,100.0,100.0,0.0
96.63235280436074,96.93914795296921,96.6226895690803,96.92945500746846,100.0,100.0,0.0
96.92945500746846,97.23172908285498,96.91976206196772,97.22200688216677,100.0,100.0,0.0
97.22200688216677,97.52498803275559,97.21228468147855,97.51523650910468,100.0,100.0,0.0
97.51523650910468,97.81686693047651,97.50548498545378,97.80708622185432,100.0,100.0,0.0
97.80708622185432,98.11042922363588,97.79730551323213,98.1006191617197,100.0,100.0,0.0
98.1006191617197,98.41530196187955,98.09080909980354,98.40546141573797,100.0,100.0,0.0
98.40546141573797,98.69585582560754,98.3956208695964,98.68598722688485,100.0,100.0,0.0
98.68598722688485,98.97975805955134,98.67611862816216,98.969861073444,100.0,100.0,0.0
98.969861073444,99.25718062013476,98.95996408733664,99.2472558945453,100.0,100.0,0.0
99.2472558945453,99.56363883446751,99.23733116895585,99.5536834661209,100.0,100.0,0.0
99.5536834661209,99.86590990637168,99.54372809777429,99.85592431394029,100.0,100.0,0.0
99.85592431394029,100.18386156767242,99.8459387215089,100.1738441832541,100.0,100.0,0.0
100.1738441832541,100.49952591928167,100.16382679883579,100.48947697158451,100.0,100.0,0.0
100.48947697158451,100.80644358779956,100.47942802388735,100.79636395140443,100.0,100.0,0.0
100.79636395140443,101.12305651895927,100.7862843150093,101.11294522443683,100.0,100.0,0.0
101.11294522443683,101.42550576309168,101.10283392991438,101.41536422666901,100.0,100.0,0.0
101.41536422666901,101.72506295174352,101.40522269024635,101.71489146259727,100.0,100.0,0.0
101.71489146259727,102.03256711481697,101.704719973451,102.02236487832914,100.0,100.0,0.0
102.02236487832914,102.33431446570981,102.01216264184131,102.32408205750406,100.0,100.0,0.0
102.32408205750406,102.64243706364881,102.3138496492983,102.6321738462642,100.0,100.0,0.0
102.6321738462642,102.95150582791732,102.62191062887958,102.94121170674664,100.0,100.0,0.0
102.94121170674664,103.24700054930987,102.93091758557597,103.23667688162172,100.0,100.0,0.0
103.23667688162172,103.57824610737785,103.22635321393356,103.567889318446,100.0,100.0,0.0
103.567889318446,103.88646208894124,103.55753252951416,103.87607448149309,100.0,100.0,0.0
103.87607448149309,104.1763379606784,103.86568687404494,104.16592136854155,100.0,100.0,0.0
104.16592136854155,104.48997873175996,104.1555047764047,104.47953077868209,100.0,100.0,0.0
104.47953077868209,104.80603147783896,104.46908282560422,104.7955519226467,100.0,100.0,0.0
104.7955519226467,105.11693622491381,104.78507236745443,105.10642558235558,100.0,100.0,0.0
105.10642558235558,105.44747143020317,105.09591493979735,105.43692773742943,100.0,100.0,0.0
105.43692773742943,105.75561455957353,105.42638404465569,105.74504005556797,100.0,100.0,0.0
105.74504005556797,106.08546563711353,105.73446555156241,106.0748581512984,100.0,100.0,0.0
106.0748581512984,106.40083038612275,106.06425066548327,106.39019136698604,100.0,100.0,0.0
106.39019136698604,106.72746795211103,106.37955234784934,106.71679627248378,100.0,100.0,0.0
106.71679627248378,107.05034499604727,106.70612459285653,107.03964103194407,100.0,100.0,0.0
107.03964103194407,107.38066754691245,107.02893706784087,107.36993055385706,100.0,100.0,0.0
107.36993055385706,107.69893633467092,107.35919356080167,107.68816751791913,100.0,100.0,0.0
107.68816751791913,108.02947320901703,107.67739870116733,108.01867134188284,100.0,100.0,0.0
108.01867134188284,108.36712114030772,108.00786947474865,108.35628551175654,100.0,100.0,0.0
108.35628551175654,108.68762692286462,108.34544988320536,108.67675924693994,100.0,100.0,0.0
108.67675924693994,109.00129376470319,108.66589157101525,108.99039472523067,100.0,100.0,0.0
108.99039472523067,109.32419535044447,108.97949568575815,109.31326402404207,100.0,100.0,0.0
109.31326402404207,109.66362473336525,109.30233269763967,109.65265946741852,100.0,100.0,0.0
109.65265946741852,109.99417824336956,109.64169420147178,109.98317992537703,100.0,100.0,0.0
109.98317992537703,110.293432143305,109.9721816073845,110.28240390291471,100.0,100.0,0.0
110.28240390291471,110.62821736239329,110.27137566252442,110.6171556468286,100.0,100.0,0.0
110.6171556468286,110.97984968780287,110.60609393126393,110.96875281252161,100.0,100.0,0.0
110.96875281252161,111.30484405449074,110.95765593724036,111.29371468302244,100.0,100.0,0.0
111.29371468302244,111.6503512537915,111.28258531155414,111.639187335058,100.0,100.0,0.0
111.639187335058,111.96664222436414,111.6280234163245,111.95544667969617,100.0,100.0,0.0
111.95544667969617,112.32562012285513,111.9442511350282,112.31438868398673,100.0,100.0,0.0
112.31438868398673,112.65400704686438,112.30315724511834,112.64274277258713,100.0,100.0,0.0
112.64274277258713,112.96761438438094,112.63147849830987,112.9563187525057,100.0,100.0,0.0
112.9563187525057,113.3068454911229,112.94502312063045,113.29551593952895,100.0,100.0,0.0
113.29551593952895,113.3068454911229,112.94870984584989,112.96000584643453,100.0,100.0,0.0
112.96000584643453,112.97130184701916,112.60901669725965,112.62027872513217,100.0,100.0,0.0
112.62027872513217,112.63154075300469,112.26579222143684,112.27701992342918,100.0,100.0,0.0
112.27701992342918,112.28824762542152,111.92027979948749,111.93147294678216,100.0,100.0,0.0
111.93147294678216,111.94266609407684,111.58452343878429,111.595683007085,100.0,100.0,0.0
111.595683007085,111.60684257538571,111.2503001263604,111.2614262689873,100.0,100.0,0.0
111.2614262689873,111.27255241161419,110.91245239118327,110.92354474565784,100.0,100.0,0.0
110.92354474565784,110.9346371001324,110.58456488192734,110.59562444437177,100.0,100.0,0.0
110.59562444437177,110.6066840068162,110.25777049138138,110.2687973711185,100.0,100.0,0.0
110.2687973711185,110.27982425085561,109.95502220490768,109.96601880678836,100.0,100.0,0.0
109.96601880678836,109.97701540866903,109.6153372259649,109.62629985595049,100.0,100.0,0.0
109.62629985595049,109.63726248593609,109.29636754313259,109.30729827295988,100.0,100.0,0.0
109.30729827295988,109.31822900278718,108.98313959713634,108.99403900103644,100.0,100.0,0.0
108.99403900103644,109.00493840493654,108.66182187835967,108.6726891472744,100.0,100.0,0.0
108.6726891472744,108.68355641618912,108.3488206441117,108.35965660977267,100.0,100.0,0.0
108.35965660977267,108.37049257543364,108.04190685433693,108.05271212554948,100.0,100.0,0.0
108.05271212554948,108.06351739676202,107.7152469386189,107.72601954057296,100.0,100.0,0.0
107.72601954057296,107.73679214252702,107.3963782071001,107.407118918992,100.0,100.0,0.0
107.407118918992,107.4178596308839,107.08725640347339,107.0979662000934,100.0,100.0,0.0
107.0979662000934,107.1086759967134,106.76342160054607,106.77409901044712,100.0,100.0,0.0
106.77409901044712,106.78477642034817,106.45616153986715,106.46680822068922,100.0,100.0,0.0
106.46680822068922,106.47745490151128,106.13396393560168,106.14457839344102,100.0,100.0,0.0
106.14457839344102,106.15519285128036,105.81341198748231,105.823994386921,100.0,100.0,0.0
105.823994386921,105.83457678635969,105.48731824264955,105.49786802945249,100.0,100.0,0.0
105.49786802945249,105.50841781625543,105.18965028221383,105.20017029924375,100.0,100.0,0.0
105.20017029924375,105.21069031627367,104.87761072078689,104.88809953073996,100.0,100.0,0.0
104.88809953073996,104.89858834069304,104.56461453838881,104.57507204559337,100.0,100.0,0.0
104.57507204559337,104.58552955279794,104.25079334391661,104.26121946586319,100.0,100.0,0.0
104.26121946586319,104.27164558780977,103.92754584858004,103.9379396425443,100.0,100.0,0.0
103.9379396425443,103.94833343650855,103.62183311862353,103.63219633825736,100.0,100.0,0.0
103.63219633825736,103.64255955789119,103.31024388902946,103.32057594662413,100.0,100.0,0.0
103.32057594662413,103.3309080042188,103.0063189895698,103.01662065163497,100.0,100.0,0.0
103.01662065163497,103.02692231370013,102.69729718140405,102.70756793819787,100.0,100.0,0.0
102.70756793819787,102.71783869499168,102.38989661015903,102.40013662382141,100.0,100.0,0.0
102.40013662382141,102.4103766374838,102.07460793459036,102.08481641623199,100.0,100.0,0.0
102.08481641623199,102.09502489787361,101.78417600341992,101.7943554389638,100.0,100.0,0.0
101.7943554389638,101.8045348745077,101.46913567423971,101.47928360259996,100.0,100.0,0.0
101.47928360259996,101.48943153096022,101.16971476073613,101.17983274401053,100.0,100.0,0.0
101.17983274401053,101.18995072728492,100.879177675846,100.88926660250624,100.0,100.0,0.0
100.88926660250624,100.89935552916648,100.57302763762448,100.5830859462191,100.0,100.0,0.0
100.5830859462191,100.59314425481372,100.29948781896651,100.3095187708436,100.0,100.0,0.0
100.3095187708436,100.31954972272068,100.00828091042321,100.01828273869708,100.0,100.0,0.0
100.01828273869708,100.02828456697095,99.70156171576505,99.71153286905195,100.0,100.0,0.0
99.71153286905195,99.72150402233885,99.38362361633467,99.39356297263194,100.0,100.0,0.0
99.39356297263194,99.4035023289292,99.08826210702112,99.09817192421355,100.0,100.0,0.0
99.09817192421355,99.10808174140597,98.79187599941518,98.80175617503268,100.0,100.0,0.0
98.80175617503268,98.81163635065018,98.49950057942974,98.5093515145812,100.0,100.0,0.0
98.5093515145812,98.51920244973266,98.20500116782134,98.21482265008635,100.0,100.0,0.0
98.21482265008635,98.22464413235136,97.90849326128398,97.91828508979296,100.0,100.0,0.0
97.91828508979296,97.92807691830194,97.62561142296163,97.63537496045767,100.0,100.0,0.0
97.63537496045767,97.64513849795371,97.32683969893414,97.33657335626977,100.0,100.0,0.0
97.33657335626977,97.3463070136054,97.04296866434528,97.05267393173845,100.0,100.0,0.0
97.05267393173845,97.06237919913163,96.76641973114177,96.77609734087585,100.0,100.0,0.0
96.77609734087585,96.78577495060993,96.46981480250284,96.47946274877772,100.0,100.0,0.0
96.47946274877772,96.4891106950526,96.17567495606801,96.18529348541655,100.0,100.0,0.0
96.18529348541655,96.1949120147651,95.8760565486787,95.88564511319002,100.0,100.0,0.0
95.88564511319002,95.89523367770134,95.59404726925915,95.60360763002215,100.0,100.0,0.0
95.60360763002215,95.61316799078516,95.30093707487086,95.31046812168303,100.0,100.0,0.0
95.31046812168303,95.3199991684952,95.0170335722382,95.0265362258608,100.0,100.0,0.0
95.0265362258608,95.03603887948339,94.72225699649681,94.73173016951377,100.0,100.0,0.0
94.73173016951377,94.74120334253072,94.4353590462874,94.44480352664007,100.0,100.0,0.0
94.44480352664007,94.45424800699274,94.12837245601476,94.13778623463823,100.0,100.0,0.0
94.13778623463823,94.1472000132617,93.84176553199569,93.8511506470604,100.0,100.0,0.0
93.8511506470604,93.8605357621251,93.56232048665778,93.57167765442323,100.0,100.0,0.0
93.57167765442323,93.58103482218867,93.28026732484525,93.2895962844737,100.0,100.0,0.0
93.2895962844737,93.29892524410215,93.00709586098228,93.01639750073235,100.0,100.0,0.0
93.01639750073235,93.02569914048243,92.73014756960039,92.73942151175156,100.0,100.0,0.0
92.73942151175156,92.74869545390273,92.4476229835396,92.45686867040665,100.0,100.0,0.0
92.45686867040665,92.4661143572737,92.15647082040006,92.16568738913897,100.0,100.0,0.0
92.16568738913897,92.17490395787787,91.87839213001612,91.88758088810494,100.0,100.0,0.0
91.88758088810494,91.89676964619375,91.6088266303566,91.61798842919953,100.0,100.0,0.0
91.61798842919953,91.62715022804245,91.32862435520299,91.33775813101609,100.0,100.0,0.0
91.33775813101609,91.34689190682919,91.07085949089038,91.07996748763915,100.0,100.0,0.0
91.07996748763915,91.08907548438792,90.79609120404508,90.8051717212172,100.0,100.0,0.0
90.8051717212172,90.81425223838933,90.5208388884341,90.52989187762186,100.0,100.0,0.0
90.52989187762186,90.53894486680963,90.2336144080832,90.24263867195039,100.0,100.0,0.0
90.24263867195039,90.51972671517272,90.2336144080832,90.51067564760797,100.0,100.0,0.0
90.51067564760797,90.79077871766258,90.50162458004321,90.78170054760781,100.0,100.0,0.0
90.78170054760781,91.0667058001631,90.77262237755305,91.05760004015909,100.0,100.0,0.0
91.05760004015909,91.35012640087025,91.04849428015507,91.34099230164009,100.0,100.0,0.0
91.34099230164009,91.62059525919732,91.33185820240992,91.61143411578574,100.0,100.0,0.0
91.61143411578574,91.89031035029677,91.60227297237417,91.88112223807296,100.0,100.0,0.0
91.88112223807296,92.17713252465254,91.87193412584915,92.16791573307923,100.0,100.0,0.0
92.16791573307923,92.45184246067707,92.15869894150592,92.44259820085699,100.0,100.0,0.0
92.44259820085699,92.73197540109679,92.43335394103691,92.72270313078371,100.0,100.0,0.0
92.72270313078371,93.00978983346084,92.71343086047064,93.0004897844824,100.0,100.0,0.0
93.0004897844824,93.28804389068038,92.99118973550395,93.27871601907847,100.0,100.0,0.0
93.27871601907847,93.56903641710201,93.26938814747656,93.55968044905711,100.0,100.0,0.0
93.55968044905711,93.86287044135187,93.55032448101221,93.85348509284259,100.0,100.0,0.0
93.85348509284259,94.14378692560598,93.8440997443333,94.13437348825715,100.0,100.0,0.0
94.13437348825715,94.4314555836555,94.12496005090833,94.42201338231727,100.0,100.0,0.0
94.42201338231727,94.71645340001555,94.41257118097904,94.70698270174537,100.0,100.0,0.0
94.70698270174537,94.98755798022542,94.6975120034752,94.978060174208,100.0,100.0,0.0
94.978060174208,95.27036932511461,94.96856236819058,95.26084324079054,100.0,100.0,0.0
95.26084324079054,95.5657284564155,95.25131715646646,95.55617283913159,100.0,100.0,0.0
95.55617283913159,95.8537913455836,95.54661722184768,95.84420692489111,100.0,100.0,0.0
95.84420692489111,96.1260921222893,95.83462250419862,96.11648047424187,100.0,100.0,0.0
96.11648047424187,96.40528315499789,96.10686882619444,96.39564359063883,100.0,100.0,0.0
96.39564359063883,96.70092459381803,96.38600402627976,96.69125546827121,100.0,100.0,0.0
96.69125546827121,96.99275831985352,96.68158634272439,96.98306001385214,100.0,100.0,0.0
96.98306001385214,97.28939826636815,96.97336170785076,97.27967029933822,100.0,100.0,0.0
97.27967029933822,97.56542190023944,97.26994233230829,97.55566633360608,100.0,100.0,0.0
97.55566633360608,97.84253324797552,97.54591076697272,97.83274997297822,100.0,100.0,0.0
97.83274997297822,98.12248467641554,97.82296669798092,98.11267340907463,100.0,100.0,0.0
98.11267340907463,98.42969027860109,98.10286214173372,98.41984829377171,100.0,100.0,0.0
98.41984829377171,98.73125339054037,98.41000630894233,98.72138125241513,100.0,100.0,0.0
98.72138125241513,99.01729644927367,98.71150911428988,99.0073957097027,100.0,100.0,0.0
99.0073957097027,99.3060596003021,98.99749497013174,99.29612998730337,100.0,100.0,0.0
99.29612998730337,99.60524216372703,99.28620037430464,99.59528263546348,100.0,100.0,0.0
99.59528263546348,99.90366445728847,99.58532310719993,99.89367508977949,100.0,100.0,0.0
99.89367508977949,100.18982748212488,99.88368572227051,100.17980950117477,100.0,100.0,0.0
100.17980950117477,100.48332419285406,100.16979152022466,100.47327686516753,100.0,100.0,0.0
100.47327686516753,100.7813934753733,100.46322953748101,100.77131634373893,100.0,100.0,0.0
100.77131634373893,101.07723499081804,100.76123921210456,101.06712827799025,100.0,100.0,0.0
101.06712827799025,101.37328188465378,101.05702156516246,101.36314557009678,100.0,100.0,0.0
101.36314557009678,101.67185547960001,101.35300925553977,101.66168931066895,100.0,100.0,0.0
101.66168931066895,101.98650361309537,101.65152314173788,101.97630598249712,100.0,100.0,0.0
101.97630598249712,102.29403780184433,101.96610835189888,102.28380942090223,100.0,100.0,0.0
102.28380942090223,102.60975672058295,102.27358103996013,102.59949677090586,100.0,100.0,0.0
102.59949677090586,102.93597977303682,102.58923682122877,102.92568720431639,100.0,100.0,0.0
102.92568720431639,103.24278876093443,102.91539463559596,103.232465514383,100.0,100.0,0.0
103.232465514383,103.53720966420309,103.22214226783156,103.52685697850524,100.0,100.0,0.0
103.52685697850524,103.83703861969292,103.51650429280738,103.8266559540975,100.0,100.0,0.0
103.8266559540975,104.14134887352355,103.81627328850209,104.13093577994556,100.0,100.0,0.0
104.13093577994556,104.4574247880599,104.12052268636756,104.44698009005089,100.0,100.0,0.0
104.44698009005089,104.78411273822242,104.43653539204188,104.77363537468496,100.0,100.0,0.0
104.77363537468496,105.08968061665276,104.7631580111475,105.07917269938282,100.0,100.0,0.0
105.07917269938282,105.41547905107522,105.06866478211289,105.40493855721951,100.0,100.0,0.0
105.40493855721951,105.71453384734048,105.3943980633638,105.70396345099537,100.0,100.0,0.0
105.70396345099537,106.04746296226068,105.69339305465027,106.03685927633305,100.0,100.0,0.0
106.03685927633305,106.38466589899826,106.02625559040541,106.37402849614865,100.0,100.0,0.0
106.37402849614865,106.69016526218854,106.36339109329904,106.6794973124573,100.0,100.0,0.0
106.6794973124573,107.0190599004543,106.66882936272606,107.00835906454785,100.0,100.0,0.0
107.00835906454785,107.34259345349666,106.9976582286414,107.33186026746992,100.0,100.0,0.0
107.33186026746992,107.66130039378973,107.32112708144318,107.6505353402557,100.0,100.0,0.0
107.6505353402557,107.97474247431005,107.63977028672167,107.96394607970208,100.0,100.0,0.0
107.96394607970208,108.27758616946424,107.95314968509412,108.2667594935149,100.0,100.0,0.0
108.2667594935149,108.27758616946424,107.91929811969824,107.93009112881111,100.0,100.0,0.0
107.93009112881111,107.94088413792399,107.57329122515104,107.58404963011405,100.0,100.0,0.0
107.58404963011405,107.59480803507707,107.25600640113701,107.26673307444446,100.0,100.0,0.0
107.26673307444446,107.2774597477519,106.93300000080335,106.94369437024037,100.0,100.0,0.0
106.94369437024037,106.95438873967738,106.63147740784873,106.64214162201094,100.0,100.0,0.0
106.64214162201094,106.65280583617314,106.30130499742548,106.31193619104458,100.0,100.0,0.0
106.31193619104458,106.32256738466369,105.99648937616861,106.00709008517713,100.0,100.0,0.0
106.00709008517713,106.01769079418564,105.67720122101461,105.68776999801442,100.0,100.0,0.0
105.68776999801442,105.69833877501422,105.37068465860295,105.38122278088105,100.0,100.0,0.0
105.38122278088105,105.39176090315914,105.04876007713648,105.05926600373685,100.0,100.0,0.0
105.05926600373685,105.06977193033723,104.71771875237776,104.72819157153492,100.0,100.0,0.0
104.72819157153492,104.73866439069208,104.38496177710076,104.39540131723248,100.0,100.0,0.0
104.39540131723248,104.40584085736421,104.07814350112743,104.08855235636307,100.0,100.0,0.0
104.08855235636307,104.0989612115987,103.76407875910047,103.77445620472095,100.0,100.0,0.0
103.77445620472095,103.78483365034143,103.45396183245259,103.46430826327892,100.0,100.0,0.0
103.46430826327892,103.47465469410525,103.139853817053,103.15016883393639,100.0,100.0,0.0
103.15016883393639,103.16048385081979,102.82157275208374,102.8318559376775,100.0,100.0,0.0
102.8318559376775,102.84213912327127,102.4957743785475,102.5060249810456,100.0,100.0,0.0
102.5060249810456,102.5162755835437,102.1997664278507,102.20998742659336,100.0,100.0,0.0
102.20998742659336,102.22020842533601,101.91234259814136,101.92253485162652,100.0,100.0,0.0
101.92253485162652,101.93272710511168,101.59262751577376,101.60278779455321,100.0,100.0,0.0
101.60278779455321,101.61294807333266,101.28127400559946,101.29140314591405,100.0,100.0,0.0
101.29140314591405,101.30153228622864,100.98427794028522,100.99437737802303,100.0,100.0,0.0
100.99437737802303,101.00447681576084,100.67006340090946,100.68013141405086,100.0,100.0,0.0
100.68013141405086,100.69019942719227,100.37375581256981,100.38379419198901,100.0,100.0,0.0
100.38379419198901,100.39383257140821,100.0895452077299,100.09955516324622,100.0,100.0,0.0
100.09955516324622,100.10956511876255,99.78820474821468,99.79818456667135,100.0,100.0,0.0
99.79818456667135,99.80816438512802,99.48875334482321,99.49870321514473,100.0,100.0,0.0
99.49870321514473,99.50865308546625,99.18682358630973,99.19674326063578,100.0,100.0,0.0
99.19674326063578,99.20666293496184,98.89266937070701,98.90255962666967,100.0,100.0,0.0
98.90255962666967,98.91244988263233,98.59301269514324,98.60287298244148,100.0,100.0,0.0
98.60287298244148,98.61273326973972,98.29974917468658,98.30958013269985,100.0,100.0,0.0
98.30958013269985,98.31941109071312,98.00735980380752,98.01716151995952,100.0,100.0,0.0
98.01716151995952,98.02696323611151,97.70253650759618,97.71230773837001,100.0,100.0,0.0
97.71230773837001,97.72207896914385,97.40568626696209,97.41542780974306,100.0,100.0,0.0
97.41542780974306,97.42516935252404,97.1290625368372,97.13877641447864,100.0,100.0,0.0
97.13877641447864,97.14849029212009,96.83253945163605,96.84222367400345,100.0,100.0,0.0
96.84222367400345,96.85190789637085,96.54346529306281,96.55312060512333,100.0,100.0,0.0
96.55312060512333,96.56277591718384,96.25153295701624,96.26115907292353,100.0,100.0,0.0
96.26115907292353,96.27078518883083,95.975255260937,95.98485374631163,100.0,100.0,0.0
95.98485374631163,95.99445223168625,95.68440695932219,95.69397635695789,100.0,100.0,0.0
95.69397635695789,95.70354575459359,95.38546133656737,95.39500083665104,100.0,100.0,0.0
95.39500083665104,95.4045403367347,95.10016784531727,95.1096788131986,100.0,100.0,0.0
95.1096788131986,95.11918978107992,94.82118163286962,94.83066469933955,100.0,100.0,0.0
94.83066469933955,94.84014776580948,94.53477594232466,94.54423036536119,100.0,100.0,0.0
94.54423036536119,94.55368478839772,94.25276040596088,94.26218662462334,100.0,100.0,0.0
94.26218662462334,94.2716128432858,93.97973770803696,93.98913662169913,100.0,100.0,0.0
93.98913662169913,93.9985355353613,93.70530941100331,93.71468087909122,100.0,100.0,0.0
93.71468087909122,93.72405234717912,93.43104105474153,93.44038509325085,100.0,100.0,0.0
93.44038509325085,93.44972913176018,93.17054779746599,93.1798657840444,100.0,100.0,0.0
93.1798657840444,93.1891837706228,92.9045347444303,92.913826127043,100.0,100.0,0.0
92.913826127043,92.9231175096557,92.62134863755293,92.6306116987228,100.0,100.0,0.0
92.6306116987228,92.63987475989268,92.33257422227993,92.34180840312024,100.0,100.0,0.0
92.34180840312024,92.35104258396055,92.0736895496055,92.08289783938945,100.0,100.0,0.0
92.08289783938945,92.09210612917339,91.80603926147775,91.8152207835561,100.0,100.0,0.0
91.8152207835561,91.82440230563445,91.53646556728077,91.5456201292937,100.0,100.0,0.0
91.5456201292937,91.55477469130662,91.26400787550372,91.27313518902263,100.0,100.0,0.0
91.27313518902263,91.28226250254153,90.98300273417384,90.99210194436827,100.0,100.0,0.0
90.99210194436827,91.00120115456271,90.70818619828795,90.71725792408036,100.0,100.0,0.0
90.71725792408036,90.72632964987277,90.4230142352127,90.4320574409568,100.0,100.0,0.0
90.4320574409568,90.44110064670089,90.15211825498356,90.1611343684204,100.0,100.0,0.0
90.1611343684204,90.17015048185725,89.8716059101133,89.88059396951026,100.0,100.0,0.0
89.88059396951026,89.88958202890721,89.60486624917047,89.61382763193366,100.0,100.0,0.0
89.61382763193366,89.62278901469685,89.3343123271759,89.34324665184107,100.0,100.0,0.0
89.34324665184107,89.35218097650625,89.05846997938959,89.0673767170613,100.0,100.0,0.0
89.0673767170613,89.076283454733,88.78150112375157,88.79038016176774,100.0,100.0,0.0
88.79038016176774,88.79925919978392,88.49253931161212,88.50138945055717,100.0,100.0,0.0
88.50138945055717,88.51023958950222,88.22631385684403,88.23513737058109,100.0,100.0,0.0
88.23513737058109,88.49885698487287,88.22631385684403,88.49000798407447,100.0,100.0,0.0
88.49000798407447,88.7723558020479,88.48115898327606,88.7634794541025,100.0,100.0,0.0
88.7634794541025,89.03373688149536,88.75460310615709,89.02483439805556,100.0,100.0,0.0
89.02483439805556,89.30888024976475,89.01593191461576,89.29995025473929,100.0,100.0,0.0
89.29995025473929,89.5871453559114,89.29102025971382,89.57818753715769,100.0,100.0,0.0
89.57818753715769,89.85895085358517,89.56922971840397,89.84996585699948,100.0,100.0,0.0
89.84996585699948,90.12975893440411,89.84098086041378,90.12074685971814,100.0,100.0,0.0
90.12074685971814,90.39660976461943,90.11173478503217,90.38757100751867,100.0,100.0,0.0
90.38757100751867,90.66171693759948,90.37853225041792,90.65265167243224,100.0,100.0,0.0
90.65265167243224,90.93868262829847,90.643586407265,90.92958966933153,100.0,100.0,0.0
90.92958966933153,91.21823711770186,90.9204967103646,91.20911620608125,100.0,100.0,0.0
91.20911620608125,91.51032064118742,91.19999529446063,91.501170524135,100.0,100.0,0.0
91.501170524135,91.79250216224395,91.49202040708259,91.78332382986096,100.0,100.0,0.0
91.78332382986096,92.07304846598028,91.77414549747797,92.06384208177211,100.0,100.0,0.0
92.06384208177211,92.33744124301914,92.05463569756394,92.32820842217693,100.0,100.0,0.0
92.32820842217693,92.61599807342314,92.31897560133471,92.60673739968317,100.0,100.0,0.0
92.60673739968317,92.8984637476195,92.5974767259432,92.88917483013648,100.0,100.0,0.0
92.88917483013648,93.17819626308096,92.87988591265346,93.16887937514345,100.0,100.0,0.0
93.16887937514345,93.45567504829549,93.15956248720593,93.44633041525397,100.0,100.0,0.0
93.44633041525397,93.72877513148708,93.43698578221245,93.71940319116797,100.0,100.0,0.0
93.71940319116797,93.99738949392386,93.71003125084886,93.98799069485437,100.0,100.0,0.0
93.98799069485437,94.27950129708698,93.97859189578489,94.27007428965801,100.0,100.0,0.0
94.27007428965801,94.55287305291131,94.26064728222904,94.5434187110402,100.0,100.0,0.0
94.5434187110402,94.83869317174404,94.5339643691691,94.82921025071897,100.0,100.0,0.0
94.82921025071897,95.12525846691969,94.8197273296939,95.11574689223046,100.0,100.0,0.0
95.11574689223046,95.41418440457254,95.10623531754123,95.40464394017852,100.0,100.0,0.0
95.40464394017852,95.703350658154,95.3951034757845,95.69378128002599,100.0,100.0,0.0
95.69378128002599,95.99853552864369,95.68421190189798,95.98893663498019,100.0,100.0,0.0
95.98893663498019,96.28514754065905,95.9793377413167,96.27551998866019,100.0,100.0,0.0
96.27551998866019,96.58181197877137,96.26589243666133,96.57215476329505,100.0,100.0,0.0
96.57215476329505,96.87394637254471,96.56249754781872,96.86425994655005,100.0,100.0,0.0
96.86425994655005,97.16554787648444,96.85457352055539,97.15583229325512,100.0,100.0,0.0
97.15583229325512,97.45117123247952,97.1461167100258,97.44142708977054,100.0,100.0,0.0
97.44142708977054,97.75207674970017,97.43168294706156,97.74230251944822,100.0,100.0,0.0
97.74230251944822,98.04137370945114,97.73252828919627,98.03157055239589,100.0,100.0,0.0
98.03157055239589,98.34565500374461,98.02176739534065,98.33582142160245,100.0,100.0,0.0
98.33582142160245,98.6413182284278,98.32598783946028,98.63145508291952,100.0,100.0,0.0
98.63145508291952,98.94471853023617,98.62159193741122,98.93482504773141,100.0,100.0,0.0
98.93482504773141,99.25080362257084,98.92493156522664,99.24087953461738,100.0,100.0,0.0
99.24087953461738,99.56353551519142,99.23095544666391,99.5535801571757,100.0,100.0,0.0
99.5535801571757,99.85767425945578,99.54362479915999,99.84768949050672,100.0,100.0,0.0
99.84768949050672,100.14727706614777,99.83770472155767,100.13726333981379,100.0,100.0,0.0
100.13726333981379,100.45378569271172,100.1272496134798,100.44374131857987,100.0,100.0,0.0
100.44374131857987,100.75042523103983,100.43369694444802,100.74035119592024,100.0,100.0,0.0
100.74035119592024,101.0303968522543,100.73027716080065,101.02029482277202,100.0,100.0,0.0
101.02029482277202,101.33616023939906,101.01019279328973,101.3260276366354,100.0,100.0,0.0
101.3260276366354,101.62884139039078,101.31589503387174,101.61867952243853,100.0,100.0,0.0
101.61867952243853,101.93687013827251,101.60851765448628,101.92667747052546,100.0,100.0,0.0
101.92667747052546,102.25555173345117,101.91648480277841,102.2453272007311,100.0,100.0,0.0
102.2453272007311,102.56054630647054,102.23510266801102,102.55029127734281,100.0,100.0,0.0
102.55029127734281,102.88537887524575,102.54003624821507,102.87509136610915,100.0,100.0,0.0
102.87509136610915,103.1708459375987,102.86480385697254,103.16052988461024,100.0,100.0,0.0
103.16052988461024,103.49116717547153,103.15021383162178,103.48081909356218,100.0,100.0,0.0
103.48081909356218,103.80390452779783,103.47047101165282,103.7935251752803,100.0,100.0,0.0
103.7935251752803,104.11190049874149,103.78314582276276,104.10149034970652,100.0,100.0,0.0
104.10149034970652,104.41253241796706,104.09108020067156,104.40209220874618,100.0,100.0,0.0
104.40209220874618,104.72835876202096,104.39165199952531,104.71788697332363,100.0,100.0,0.0
104.71788697332363,105.03576512811456,104.7074151846263,105.02526260185438,100.0,100.0,0.0
105.02526260185438,105.36677348762295,105.0147600755942,105.35623786383657,100.0,100.0,0.0
105.35623786383657,105.67809090812705,105.34570224005019,105.66752415571148,100.0,100.0,0.0
105.66752415571148,105.99814045169964,105.6569574032959,105.98754169752989,100.0,100.0,0.0
105.98754169752989,106.32350605913375,105.97694294336014,106.31287477165658,100.0,100.0,0.0
106.31287477165658,106.64098363264908,106.30224348417941,106.63032060058903,100.0,100.0,0.0
106.63032060058903,106.95046926153168,106.61965756852898,106.93977528400328,100.0,100.0,0.0
106.93977528400328,107.27252677450264,106.92908130647487,107.26180059444319,100.0,100.0,0.0
107.26180059444319,107.58361362313244,107.25107441438374,107.57285633749869,100.0,100.0,0.0
107.57285633749869,107.89811514687848,107.56209905186495,107.88732641423707,100.0,100.0,0.0
107.88732641423707,108.21505688634042,107.87653768159565,108.20423646269415,100.0,100.0,0.0
108.20423646269415,108.54148355913303,108.19341603904789,108.53063049608342,100.0,100.0,0.0
108.53063049608342,108.87198276225926,108.51977743303381,108.861096652594,100.0,100.0,0.0
108.861096652594,109.2178796257814,108.85021054292874,109.20695892988842,100.0,100.0,0.0
109.20695892988842,109.54144930222364,109.19603823399542,109.53049625259838,100.0,100.0,0.0
109.53049625259838,109.54144930222364,109.19635202121238,109.20727274848723,100.0,100.0,0.0
109.20727274848723,109.21819347576208,108.85869312062965,108.86958007863751,100.0,100.0,0.0
108.86958007863751,108.88046703664537,108.51024834580754,108.52110045585313,100.0,100.0,0.0
108.52110045585313,108.53195256589872,108.1829126494179,108.19373202262017,100.0,100.0,0.0
108.19373202262017,108.20455139582243,107.87256592557878,107.88335426100488,100.0,100.0,0.0
107.88335426100488,107.89414259643098,107.54366919527641,107.55442463774018,100.0,100.0,0.0
107.55442463774018,107.56518008020396,107.21626140007854,107.22698409848839,100.0,100.0,0.0
107.22698409848839,107.23770679689824,106.8968876130148,106.90757837085188,100.0,100.0,0.0
106.90757837085188,106.91826912868896,106.58054472077491,106.59120384115903,100.0,100.0,0.0
106.59120384115903,106.60186296154315,106.28436595148308,106.29499545102819,100.0,100.0,0.0
106.29499545102819,106.30562495057329,105.95622148336098,105.9668181651775,100.0,100.0,0.0
105.9668181651775,105.97741484699402,105.63790382774583,105.64846867461328,100.0,100.0,0.0
105.64846867461328,105.65903352148074,105.32971948868217,105.34025351403358,100.0,100.0,0.0
105.34025351403358,105.35078753938498,105.01844236591103,105.02894526043707,100.0,100.0,0.0
105.02894526043707,105.03944815496311,104.6909138961458,104.70138403454925,100.0,100.0,0.0
104.70138403454925,104.7118541729527,104.36339192456185,104.3738293074926,100.0,100.0,0.0
104.3738293074926,104.38426669042335,104.05024528061574,104.06065134575032,100.0,100.0,0.0
104.06065134575032,104.07105741088489,103.74988286581961,103.76025889170879,100.0,100.0,0.0
103.76025889170879,103.77063491759796,103.41438417056891,103.42472664323323,100.0,100.0,0.0
103.42472664323323,103.43506911589755,103.11993711661322,103.13025014162737,100.0,100.0,0.0
103.13025014162737,103.14056316664153,102.81890203095247,102.82918494944741,100.0,100.0,0.0
102.82918494944741,102.83946786794235,102.5052628418704,102.51551439330973,100.0,100.0,0.0
102.51551439330973,102.52576594474905,102.2120381335711,102.22226035960706,100.0,100.0,0.0
102.22226035960706,102.23248258564303,101.9262158591796,101.93640950012961,100.0,100.0,0.0
101.93640950012961,101.94660314107962,101.61279246525315,101.62295476072923,100.0,100.0,0.0
101.62295476072923,101.63311705620531,101.30313901621894,101.31327034325327,100.0,100.0,0.0
101.31327034325327,101.3234016702876,100.98675919722928,100.99685888311758,100.0,100.0,0.0
100.99685888311758,101.00695856900589,100.6937209400666,100.70379131919852,100.0,100.0,0.0
100.70379131919852,100.71386169833043,100.38715936741426,100.39719908732299,100.0,100.0,0.0
100.39719908732299,100.40723880723172,100.07938510909447,100.08939404849933,100.0,100.0,0.0
100.08939404849933,100.09940298790418,99.76798656571358,99.7779643621498,100.0,100.0,0.0
99.7779643621498,99.78794215858602,99.48723274176223,99.49718246000823,100.0,100.0,0.0
99.49718246000823,99.50713217825424,99.18468694118808,99.19460640182825,100.0,100.0,0.0
99.19460640182825,99.20452586246843,98.88510212647675,98.89499162563932,100.0,100.0,0.0
98.89499162563932,98.90488112480189,98.58884305361664,98.59870292390903,100.0,100.0,0.0
98.59870292390903,98.60856279420142,98.29785396509659,98.30768473356994,100.0,100.0,0.0
98.30768473356994,98.31751550204329,98.01638802057182,98.02619063963579,100.0,100.0,0.0
98.02619063963579,98.03599325869975,97.72999000461854,97.73976398101664,100.0,100.0,0.0
97.73976398101664,97.74953795741473,97.43254263083669,97.44228685952264,100.0,100.0,0.0
97.44228685952264,97.45203108820859,97.13657657157941,97.14629120069948,100.0,100.0,0.0
97.14629120069948,97.15600582981955,96.84626957731133,96.85595517282862,100.0,100.0,0.0
96.85595517282862,96.8656407683459,96.55992194470356,96.56957890259382,100.0,100.0,0.0
96.56957890259382,96.57923586048408,96.28079253362169,96.29042157577926,100.0,100.0,0.0
96.29042157577926,96.30005061793683,95.98293935657452,95.99253861043556,100.0,100.0,0.0
95.99253861043556,96.0021378642966,95.68971889250152,95.69928882138366,100.0,100.0,0.0
95.69928882138366,95.7088587502658,95.38575426994015,95.39529379932009,100.0,100.0,0.0
95.39529379932009,95.40483332870002,95.0987972802537,95.10830811106482,100.0,100.0,0.0
95.10830811106482,95.11781894187592,94.80045179614153,94.80993278942047,100.0,100.0,0.0
94.80993278942047,94.81941378269941,94.5214115308458,94.53086461730753,100.0,100.0,0.0
94.53086461730753,94.54031770376926,94.22258935710487,94.2320125583607,100.0,100.0,0.0
94.2320125583607,94.24143575961652,93.93504676223345,93.94444120635409,100.0,100.0,0.0
93.94444120635409,93.95383565047472,93.65900104508752,93.66836788187571,100.0,100.0,0.0
93.66836788187571,93.6777347186639,93.3746433029882,93.38398170115832,100.0,100.0,0.0
93.38398170115832,93.39332009932843,93.09894901281328,93.10825983879715,100.0,100.0,0.0
93.10825983879715,93.11757066478103,92.82222847547168,92.83151162663434,100.0,100.0,0.0
92.83151162663434,92.840794777797,92.54336800566716,92.55262326799397,100.0,100.0,0.0
92.55262326799397,92.56187853032077,92.25827137145995,92.26749812127208,100.0,100.0,0.0
92.26749812127208,92.27672487108421,91.98586361538524,91.99506312169741,100.0,100.0,0.0
91.99506312169741,92.00426262800958,91.69963152963868,91.70880240987967,100.0,100.0,0.0
91.70880240987967,91.71797329012065,91.43675780721057,91.44590239745031,100.0,100.0,0.0
91.44590239745031,91.45504698769005,91.15342127908649,91.16253753283976,100.0,100.0,0.0
91.16253753283976,91.17165378659304,90.87827636921449,90.88736510572507,100.0,100.0,0.0
90.88736510572507,90.89645384223564,90.60715055684364,90.61621217806145,100.0,100.0,0.0
90.61621217806145,90.62527379927926,90.33740997630396,90.34644462076604,100.0,100.0,0.0
90.34644462076604,90.35547926522811,90.06252941031146,90.07153656396785,100.0,100.0,0.0
90.07153656396785,90.08054371762425,89.79604111725213,89.80502161941408,100.0,100.0,0.0
89.80502161941408,89.81400212157602,89.5303646370557,89.53931856891259,100.0,100.0,0.0
89.53931856891259,89.54827250076949,89.24524052160531,89.25416593819914,100.0,100.0,0.0
89.25416593819914,89.26309135479296,88.97535392033961,88.98425234557418,100.0,100.0,0.0
88.98425234557418,88.99315077080874,88.70435091673986,88.71322223896375,100.0,100.0,0.0
88.71322223896375,88.72209356118765,88.44985618222661,88.45870205243186,100.0,100.0,0.0
88.45870205243186,88.46754792263711,88.19654220201426,88.20536273828809,100.0,100.0,0.0
88.20536273828809,88.21418327456192,87.93655839589243,87.94535293118555,100.0,100.0,0.0
87.94535293118555,87.95414746647867,87.68136344381651,87.69013245706222,100.0,100.0,0.0
87.69013245706222,87.69890147030793,87.4262339170165,87.43497741475798,100.0,100.0,0.0
87.43497741475798,87.44372091249946,87.17715852841629,87.1858771161279,100.0,100.0,0.0
87.1858771161279,87.19459570383951,86.9238552791576,86.932548534011,100.0,100.0,0.0
86.932548534011,86.9412417888644,86.67460072800533,86.68326905491082,100.0,100.0,0.0
86.68326905491082,86.69193738181632,86.40599255295774,86.41463401635937,100.0,100.0,0.0
86.41463401635937,86.423275479761,86.15532855768039,86.16394495217561,100.0,100.0,0.0
86.16394495217561,86.17256134667083,85.88914095385073,85.89773072692341,100.0,100.0,0.0
85.89773072692341,85.9063204999961,85.64096592422375,85.64953087731148,100.0,100.0,0.0
85.64953087731148,85.6580958303992,85.38704219993808,85.39558175811389,100.0,100.0,0.0
85.39558175811389,85.4041213162897,85.14844038809044,85.1569560836988,100.0,100.0,0.0
85.1569560836988,85.16547177930717,84.89115826456424,84.89964822938718,100.0,100.0,0.0
84.89964822938718,84.90813819421012,84.64542314401488,84.65388853286817,100.0,100.0,0.0
84.65388853286817,84.66235392172145,84.40145440647896,84.40989539601857,100.0,100.0,0.0
84.40989539601857,84.41833638555818,84.14976467202268,84.15818049007169,100.0,100.0,0.0
84.15818049007169,84.42175124418657,84.14976467202268,84.41330991319525,100.0,100.0,0.0
84.41330991319525,84.66464417402476,84.40486858220393,84.65617855616914,100.0,100.0,0.0
84.65617855616914,84.91805688628881,84.64771293831352,84.90956592969584,100.0,100.0,0.0
84.90956592969584,85.17833471925337,84.90107497310288,85.16981773747962,100.0,100.0,0.0
85.16981773747962,85.42423511778192,85.16130075570587,85.41569354842707,100.0,100.0,0.0
85.41569354842707,85.66992131175901,85.40715197907222,85.66135517624139,100.0,100.0,0.0
85.66135517624139,85.93784097079278,85.65278904072376,85.92924804598817,100.0,100.0,0.0
85.92924804598817,86.20951472082211,85.92065512118357,86.20089463135898,100.0,100.0,0.0
86.20089463135898,86.47458297069065,86.19227454189584,86.46593637705294,100.0,100.0,0.0
86.46593637705294,86.725139011298,86.45728978341523,86.71646736456154,100.0,100.0,0.0
86.71646736456154,86.97214136521421,86.70779571782508,86.96344502071214,100.0,100.0,0.0
86.96344502071214,87.2371912463616,86.95474867621007,87.22846839952166,100.0,100.0,0.0
87.22846839952166,87.50745752905594,87.21974555268172,87.49870765829012,100.0,100.0,0.0
87.49870765829012,87.75960400883544,87.48995778752429,87.75082892594284,100.0,100.0,0.0
87.75082892594284,88.02928852242896,87.74205384305024,88.02048647378157,100.0,100.0,0.0
88.02048647378157,88.29288421440222,88.01168442513419,88.28405580882134,100.0,100.0,0.0
88.28405580882134,88.55969568937553,88.27522740324045,88.550840605315,100.0,100.0,0.0
88.550840605315,88.83977443756869,88.54198552125447,88.83089134843385,100.0,100.0,0.0
88.83089134843385,89.108675481843,88.82200825929901,89.09976550529247,100.0,100.0,0.0
89.09976550529247,89.37364398669011,89.09085552874194,89.36470751593852,100.0,100.0,0.0
89.36470751593852,89.64385018477064,89.35577104518693,89.63488669610103,100.0,100.0,0.0
89.63488669610103,89.93176885962508,89.62592320743143,89.92277658196689,100.0,100.0,0.0
89.92277658196689,90.20977474565936,89.91378430430869,90.20075467019234,100.0,100.0,0.0
90.20075467019234,90.47947518076016,90.19173459472532,90.47042813794637,100.0,100.0,0.0
90.47042813794637,90.74517614832948,90.46138109513258,90.73610253807567,100.0,100.0,0.0
90.73610253807567,91.0094243814119,90.72702892782186,91.000324348977,100.0,100.0,0.0
91.000324348977,91.28571223558107,90.9912243165421,91.27658457712336,100.0,100.0,0.0
91.27658457712336,91.56159654067329,91.26745691866564,91.55244129654363,100.0,100.0,0.0
91.55244129654363,91.83949542856723,91.54328605241398,91.8303123973275,100.0,100.0,0.0
91.8303123973275,92.11657785703242,91.82112936608777,92.10736712032039,100.0,100.0,0.0
92.10736712032039,92.39328391904819,92.09815638360836,92.38404551449673,100.0,100.0,0.0
92.38404551449673,92.65650322360881,92.37480710994528,92.64723849975883,100.0,100.0,0.0
92.64723849975883,92.9314675387668,92.63797377590885,92.92217532123468,100.0,100.0,0.0
92.92217532123468,93.21941496943893,92.91288310370255,93.21009396004293,100.0,100.0,0.0
93.21009396004293,93.49420262207656,93.20077295064692,93.48485413666289,100.0,100.0,0.0
93.48485413666289,93.7780432650475,93.47550565124922,93.76866639840766,100.0,100.0,0.0
93.76866639840766,94.05635077056472,93.75928953176782,94.04694607595712,100.0,100.0,0.0
94.04694607595712,94.35179955252072,94.03754138134953,94.34236531598911,100.0,100.0,0.0
94.34236531598911,94.62212180064851,94.33293107945751,94.61266053459505,100.0,100.0,0.0
94.61266053459505,94.90316425404595,94.60319926854159,94.89367488655729,100.0,100.0,0.0
94.89367488655729,95.19835633527212,94.88418551906864,95.18883745152696,100.0,100.0,0.0
95.18883745152696,95.4970658231875,95.1793185677818,95.48751707148035,100.0,100.0,0.0
95.48751707148035,95.78537548321972,95.47796831977321,95.77579790342938,100.0,100.0,0.0
95.77579790342938,96.08095244850192,95.76622032363903,96.07134531397053,100.0,100.0,0.0
96.07134531397053,96.37909097193767,96.06173817943913,96.36945402653502,100.0,100.0,0.0
96.36945402653502,96.6755982873566,96.35981708113238,96.6659316941872,100.0,100.0,0.0
96.6659316941872,96.96662531429969,96.65626510101778,96.95692962133757,100.0,100.0,0.0
96.95692962133757,97.26181092815824,96.94723392837544,97.25208571958628,100.0,100.0,0.0
97.25208571958628,97.5547690873594,97.24236051101431,97.54501458590082,100.0,100.0,0.0
97.54501458590082,97.85306301791447,97.53526008444223,97.84327869004547,100.0,100.0,0.0
97.84327869004547,98.13920306335392,97.83349436217647,98.12939012434148,100.0,100.0,0.0
98.12939012434148,98.13920306335392,97.82040431578504,97.83018733451848,100.0,100.0,0.0
97.83018733451848,97.83997035325193,97.53532808082383,97.54508258908274,100.0,100.0,0.0
97.54508258908274,97.55483709734165,97.2367250182958,97.24644966326213,100.0,100.0,0.0
97.24644966326213,97.25617430822845,96.92558660886507,96.93528013687876,100.0,100.0,0.0
96.93528013687876,96.94497366489244,96.64909179789372,96.65875767366109,100.0,100.0,0.0
96.65875767366109,96.66842354942845,96.36953862496485,96.3791765426191,100.0,100.0,0.0
96.3791765426191,96.38881446027337,96.08162835356674,96.09123747731448,100.0,100.0,0.0
96.09123747731448,96.10084660106222,95.80463088876535,95.81421230999635,100.0,100.0,0.0
95.81421230999635,95.82379373122735,95.50634302255371,95.5158946120149,100.0,100.0,0.0
95.5158946120149,95.5254462014761,95.22260005071789,95.23212326304419,100.0,100.0,0.0
95.23212326304419,95.24164647537049,94.9346190622141,94.94411347356146,100.0,100.0,0.0
94.94411347356146,94.95360788490882,94.64510824027727,94.65457369764702,100.0,100.0,0.0
94.65457369764702,94.66403915501678,94.35660441221218,94.36604101631382,100.0,100.0,0.0
94.36604101631382,94.37547762041545,94.08178684652236,94.09119596611897,100.0,100.0,0.0
94.09119596611897,94.10060508571559,93.8014463454121,93.81082742815492,100.0,100.0,0.0
93.81082742815492,93.82020851089774,93.51041028504805,93.51976226127418,100.0,100.0,0.0
93.51976226127418,93.52911423750031,93.23383913583814,93.24316345218335,100.0,100.0,0.0
93.24316345218335,93.25248776852857,92.9584195528056,92.96771632443804,100.0,100.0,0.0
92.96771632443804,92.9770130960705,92.67189534496265,92.68116346130878,100.0,100.0,0.0
92.68116346130878,92.69043157765492,92.39531157001456,92.40455202521707,100.0,100.0,0.0
92.40455202521707,92.41379248041959,92.11054208774034,92.11975406314666,100.0,100.0,0.0
92.11975406314666,92.12896603855297,91.83585291355271,91.84503741729444,100.0,100.0,0.0
91.84503741729444,91.85422192103616,91.54818911172796,91.55734484621259,100.0,100.0,0.0
91.55734484621259,91.56650058069721,91.27632909425544,91.28545764001944,100.0,100.0,0.0
91.28545764001944,91.29458618578344,90.9899129837162,90.99901288500469,100.0,100.0,0.0
90.99901288500469,91.00811278629318,90.72931188163263,90.73838572020465,100.0,100.0,0.0
90.73838572020465,90.74745955877667,90.44294197556145,90.45198717427888,100.0,100.0,0.0
90.45198717427888,90.46103237299631,90.16884161398296,90.17785939992295,100.0,100.0,0.0
90.17785939992295,90.18687718586294,89.89125958971364,89.9002496146751,100.0,100.0,0.0
89.9002496146751,89.90923963963657,89.61882730769408,89.62779008670275,100.0,100.0,0.0
89.62779008670275,89.63675286571141,89.35307876293733,89.36201496443377,100.0,100.0,0.0
89.36201496443377,89.37095116593021,89.09460794945865,89.10351830128877,100.0,100.0,0.0
89.10351830128877,89.1124286531189,88.83912464020597,88.84800944115008,100.0,100.0,0.0
88.84800944115008,88.8568942420942,88.57836291919737,88.58722164136151,100.0,100.0,0.0
88.58722164136151,88.59608036352564,88.3070818666254,88.31591345797119,100.0,100.0,0.0
88.31591345797119,88.32474504931699,88.0310770660321,88.03988105413751,100.0,100.0,0.0
88.03988105413751,88.04868504224292,87.77798519225509,87.78676386864196,100.0,100.0,0.0
87.78676386864196,87.79554254502882,87.53343834463206,87.54219256388845,100.0,100.0,0.0
87.54219256388845,87.55094678314484,87.24722995313503,87.2559555486899,100.0,100.0,0.0
87.2559555486899,87.26468114424476,86.97879533763505,86.98749408704376,100.0,100.0,0.0
86.98749408704376,86.99619283645247,86.72532892454359,86.73400232477607,100.0,100.0,0.0
86.73400232477607,86.74267572500855,86.4538554259693,86.46250167613691,100.0,100.0,0.0
86.46250167613691,86.47114792630452,86.19381526215184,86.20243550570241,100.0,100.0,0.0
86.20243550570241,86.21105574925298,85.92297272528987,85.93156588187806,100.0,100.0,0.0
85.93156588187806,85.94015903846625,85.67255228424129,85.68112039628092,100.0,100.0,0.0
85.68112039628092,85.68968850832054,85.41326078253452,85.42180296283081,100.0,100.0,0.0
85.42180296283081,85.4303451431271,85.17429923815993,85.18281751991192,100.0,100.0,0.0
85.18281751991192,85.19133580166391,84.91941282574862,84.92790561631026,100.0,100.0,0.0
84.92790561631026,84.93639840687189,84.66527098894178,84.67373836277807,100.0,100.0,0.0
84.67373836277807,84.68220573661435,84.4156752745641,84.42411768633272,100.0,100.0,0.0
84.42411768633272,84.43256009810135,84.16662604333386,84.17504354768863,100.0,100.0,0.0
84.17504354768863,84.1834610520434,83.90374796456238,83.91213917848023,100.0,100.0,0.0
83.91213917848023,83.92053039239808,83.64326692566357,83.65163208887246,100.0,100.0,0.0
83.65163208887246,83.65999725208135,83.39144892799021,83.3997889068809,100.0,100.0,0.0
83.3997889068809,83.40812888577159,83.14185797318677,83.15017299048583,100.0,100.0,0.0
83.15017299048583,83.15848800778488,82.87400682551221,82.8822950550177,100.0,100.0,0.0
82.8822950550177,82.8905832845232,82.63008205371807,82.6383458883069,100.0,100.0,0.0
82.6383458883069,82.64660972289573,82.38828903165194,82.39652868452039,100.0,100.0,0.0
82.39652868452039,82.40476833738884,82.14143480185176,82.14964976682845,100.0,100.0,0.0
82.14964976682845,82.15786473180513,81.89652432112293,81.90471479260218,100.0,100.0,0.0
81.90471479260218,81.91290526408143,81.64664218251482,81.65480766328115,100.0,100.0,0.0
81.65480766328115,81.66297314404747,81.39893278675231,81.40707349410172,100.0,100.0,0.0
81.40707349410172,81.41521420145114,81.14399089698392,81.15210610759468,100.0,100.0,0.0
81.15210610759468,81.16022131820543,80.89594908036615,80.90403948431458,100.0,100.0,0.0
80.90403948431458,80.91212988826301,80.64956494625534,80.65763070932627,100.0,100.0,0.0
80.65763070932627,80.6656964723972,80.41620615359692,80.42424857845477,100.0,100.0,0.0
80.42424857845477,80.43229100331261,80.17185331132116,80.179871298451,100.0,100.0,0.0
80.179871298451,80.18788928558085,79.9291099920864,79.93710370245664,100.0,100.0,0.0
79.93710370245664,79.94509741282688,79.69882630608222,79.7067969857808,100.0,100.0,0.0
79.7067969857808,79.71476766547937,79.45479253171139,79.46273880559195,100.0,100.0,0.0
79.46273880559195,79.47068507947252,79.21109844824743,79.21902035028245,100.0,100.0,0.0
79.21902035028245,79.22694225231747,78.9759017923017,78.98380017231894,100.0,100.0,0.0
78.98380017231894,78.99169855233617,78.74737291961748,78.75524844446193,100.0,100.0,0.0
78.75524844446193,78.76312396930638,78.51874388681668,78.52659654647132,100.0,100.0,0.0
78.52659654647132,78.53444920612597,78.28013238023837,78.287961176356,100.0,100.0,0.0
78.287961176356,78.29578997247364,78.03933255151988,78.0471372652464,100.0,100.0,0.0
78.0471372652464,78.05494197897293,77.79831641270015,77.80609702240238,100.0,100.0,0.0
77.80609702240238,77.81387763210462,77.56397897544362,77.57173614905852,100.0,100.0,0.0
77.57173614905852,77.81483760885905,77.56397897544362,77.80705690316873,100.0,100.0,0.0
77.80705690316873,78.06855214736309,77.7992761974784,78.06074607275582,100.0,100.0,0.0
78.06074607275582,78.30268097477334,78.05293999814855,78.29485148962438,100.0,100.0,0.0
78.29485148962438,78.53631546060127,78.28702200447542,78.52846261433984,100.0,100.0,0.0
78.52846261433984,78.76541430743622,78.52060976807842,78.75753855358086,100.0,100.0,0.0
78.75753855358086,79.00990464602965,78.7496627997255,79.0020044455851,100.0,100.0,0.0
79.0020044455851,79.24036773924325,78.99410424514055,79.23244449479378,100.0,100.0,0.0
79.23244449479378,79.48527106575594,79.22452125034431,79.4773233334226,100.0,100.0,0.0
79.4773233334226,79.71612248416598,79.46937560108927,79.70815166899908,100.0,100.0,0.0
79.70815166899908,79.9517050406542,79.70018085383218,79.94371066958725,100.0,100.0,0.0
79.94371066958725,80.19886837568156,79.93571629852029,80.19084929075248,100.0,100.0,0.0
80.19084929075248,80.4422336366438,80.18283020582341,80.43419021762205,100.0,100.0,0.0
80.43419021762205,80.68706201457296,80.42614679860029,80.67899411516144,100.0,100.0,0.0
80.67899411516144,80.91902498462335,80.67092621574993,80.91093389123422,100.0,100.0,0.0
80.91093389123422,81.16006101834125,80.9028427978451,81.15194582375888,100.0,100.0,0.0
81.15194582375888,81.40952342074422,81.1438306291765,81.40138328241598,100.0,100.0,0.0
81.40138328241598,81.652244389448,81.39324314408773,81.64407998144986,100.0,100.0,0.0
81.64407998144986,81.89310067093223,81.63591557345173,81.88491217971426,100.0,100.0,0.0
81.88491217971426,82.14391599824881,81.8767236884963,82.13570242800601,100.0,100.0,0.0
82.13570242800601,82.38930881456405,82.12748885776321,82.3810707074933,100.0,100.0,0.0
82.3810707074933,82.64869712898046,82.37283260042254,82.64043308567189,100.0,100.0,0.0
82.64043308567189,82.90279555481004,82.63216904236332,82.89450610419962,100.0,100.0,0.0
82.89450610419962,83.14338289700798,82.8862166535892,83.13506939006898,100.0,100.0,0.0
83.13506939006898,83.39361830308772,83.12675588312997,83.3852797751102,100.0,100.0,0.0
83.3852797751102,83.65653824282708,83.37694124713269,83.64817342548453,100.0,100.0,0.0
83.64817342548453,83.8970290166024,83.63980860814198,83.88864015258714,100.0,100.0,0.0
83.88864015258714,84.14487303882284,83.88025128857188,84.13645939288355,100.0,100.0,0.0
84.13645939288355,84.39814097704502,84.12804574694427,84.38970200684433,100.0,100.0,0.0
84.38970200684433,84.64457032373551,84.38126303664365,84.63610671306421,100.0,100.0,0.0
84.63610671306421,84.89062299567435,84.62764310239291,84.88213478219613,100.0,100.0,0.0
84.88213478219613,85.14081860278573,84.87364656871792,85.13230537224851,100.0,100.0,0.0
85.13230537224851,85.38535146646343,85.12379214171129,85.37681378508492,100.0,100.0,0.0
85.37681378508492,85.65598918428944,85.3682761037064,85.64742444184526,100.0,100.0,0.0
85.64742444184526,85.91027860829752,85.63885969940108,85.90168843945358,100.0,100.0,0.0
85.90168843945358,86.16262668507737,85.89309827060964,86.15401128394898,100.0,100.0,0.0
86.15401128394898,86.42964370854035,86.14539588282058,86.42100160837951,100.0,100.0,0.0
