datetime,open,high,low,close,volume,timestamp,sma_7,sma_25,sma_99,rsi_14,macd,macd_signal,macd_hist,volume_sma_20,roc_12,market_regime
2018-01-01 00:00:00,0.0090309996157884,0.0090629998594522,0.0081010004505515,0.0089090000838041,50616900.0,1514764800,0.011590857191809542,0.010233519989997095,0.006095979802517374,50.0,0.0,0.0,0.0,104568789.8,0.46178023212711006,0.0
2018-01-02 00:00:00,0.0088729998096823,0.0095979999750852,0.0085509996861219,0.0091450000181794,89424096.0,1514851200,0.011590857191809542,0.010233519989997095,0.006095979802517374,100.0,1.8826205591191206e-05,3.7652411182382414e-06,1.5060964472952964e-05,104568789.8,0.46178023212711006,-2.0
2018-01-03 00:00:00,0.0090880002826452,0.0095840003341436,0.0088820001110434,0.0093200001865625,66349900.0,1514937600,0.011590857191809542,0.010233519989997095,0.006095979802517374,100.0,4.732166550554945e-05,1.2476525995700484e-05,3.484513950984897e-05,104568789.8,0.46178023212711006,-2.0
2018-01-04 00:00:00,0.009345999918878,0.0100360000506043,0.0087679997086524,0.0096439998596906,108986000.0,1515024000,0.011590857191809542,0.010233519989997095,0.006095979802517374,100.0,9.495401781897672e-05,2.8972024360355733e-05,6.598199345862098e-05,104568789.8,0.46178023212711006,-2.0
2018-01-05 00:00:00,0.0096599999815225,0.0122830001637339,0.0095889996737241,0.0121670002117753,212383008.0,1515110400,0.011590857191809542,0.010233519989997095,0.006095979802517374,100.0,0.00033245570064885724,8.966875961805603e-05,0.0002427869410308012,104568789.8,0.46178023212711006,-2.0
2018-01-06 00:00:00,0.0122260004281997,0.0157880000770092,0.0122260004281997,0.0148630002513527,283716992.0,1515196800,0.011590857191809542,0.010233519989997095,0.006095979802517374,100.0,0.000729809378950251,0.00021769688348449506,0.000512112495465756,104568789.8,0.46178023212711006,-2.0
2018-01-07 00:00:00,0.0146730002015829,0.0187730006873607,0.0145770004019141,0.0170879997313022,288184000.0,1515283200,0.011590857191809542,0.010233519989997095,0.006095979802517374,100.0,0.001210302283382354,0.00041621796346406686,0.0007940843199182871,104568789.8,0.46178023212711006,-2.0
2018-01-08 00:00:00,0.0171150006353855,0.0176640003919601,0.0137649998068809,0.0150450002402067,235114000.0,1515369600,0.0124674286427242,0.010233519989997095,0.006095979802517374,77.21575964430856,0.0014099899011448189,0.0006149723510002173,0.0007950175501446016,104568789.8,0.46178023212711006,-2.0
2018-01-09 00:00:00,0.0150720002129673,0.0155689995735883,0.0130150001496076,0.0134199997410178,115255000.0,1515456000,0.01307814288884397,0.010233519989997095,0.006095979802517374,64.60671611519271,0.0014207423834890053,0.0007761263574979748,0.0006446160259910305,104568789.8,0.46178023212711006,-2.0
2018-01-10 00:00:00,0.0135540002956986,0.0135599998757243,0.0114850001409649,0.0131019996479153,100243000.0,1515542400,0.013618428526180086,0.010233519989997095,0.006095979802517374,62.45731276179491,0.001387608367830388,0.0008984227595644576,0.0004891856082659303,104568789.8,0.46178023212711006,-2.0
2018-01-11 00:00:00,0.0130200004205107,0.0131529998034238,0.0109869996085762,0.011469000019133,62722000.0,1515628800,0.013879142834671856,0.010233519989997095,0.006095979802517374,52.75175138337907,0.0012155676915245588,0.0009618517459564779,0.0002537159455680809,104568789.8,0.46178023212711006,-2.0
2018-01-12 00:00:00,0.0114789996296167,0.0133389998227357,0.0111649995669722,0.0130559997633099,56971300.0,1515715200,0.01400614277060537,0.010233519989997095,0.006095979802517374,59.36104900499962,0.0011935236347916586,0.0010081861237235142,0.00018533751106814445,104568789.8,0.46178023212711006,-2.0
2018-01-13 00:00:00,0.013057000003755,0.0136529998853802,0.0124779995530843,0.0130230002105236,55890600.0,1515801600,0.013743285621915501,0.010233519989997095,0.006095979802517374,59.17568356841909,0.0011600187982710591,0.0010385526586330232,0.00012146613963803592,104568789.8,0.46178023212711006,-2.0
2018-01-14 00:00:00,0.013057000003755,0.0131869995966553,0.0113439997658133,0.0116839995607733,65899000.0,1515888000,0.012971285597554229,0.010233519989997095,0.006095979802517374,52.07048483590804,0.0010137341161364204,0.0010335889501337026,-1.985483399728218e-05,104568789.8,0.2776380030122043,-2.0
2018-01-15 00:00:00,0.0116309998556971,0.0117790000513196,0.0098479995504021,0.0098569998517632,62765500.0,1515974400,0.012230142684919442,0.010233519989997095,0.006095979802517374,44.26139502017771,0.0007418275181197437,0.0009752366637309109,-0.00023340914561116718,104568789.8,0.05761798867503698,-2.0
2018-01-16 00:00:00,0.0098630003631114,0.0098630003631114,0.0056719998829066,0.0068219997920095,68099200.0,1516060800,0.011287571263632544,0.010233519989997095,0.006095979802517374,34.898324708301246,0.0002782331414810865,0.0008358359592809461,-0.0005576028177998595,104568789.8,-0.29261718257341784,-2.0
2018-01-17 00:00:00,0.0068120001815259,0.0077410000376403,0.0054990001954138,0.0076480000279843,58846200.0,1516147200,0.010508428460785257,0.010233519989997095,0.006095979802517374,38.69905050957852,-2.2260817305981215e-05,0.0006642166039635606,-0.0006864774212695418,104568789.8,-0.3714144904359813,-2.0
2018-01-18 00:00:00,0.0076410002075135,0.0087329996749758,0.0071950000710785,0.0079690003767609,56599300.0,1516233600,0.010008428511874957,0.010233519989997095,0.006095979802517374,40.161119449211085,-0.0002318300071392429,0.000485007281743,-0.0007168372888822429,104568789.8,-0.46383635591773387,-2.0
2018-01-19 00:00:00,0.007872000336647,0.0084349997341632,0.0074669998139142,0.0078710000962018,30335700.0,1516320000,0.009267714273716659,0.010233519989997095,0.006095979802517374,39.848640577414926,-0.00040119814113139494,0.00030776619716812103,-0.000708964338299516,104568789.8,-0.5393843504232085,-2.0
2018-01-20 00:00:00,0.007957000285387,0.008648999966681,0.007957000285387,0.0084480000659823,22974100.0,1516406400,0.008614142824496471,0.010233519989997095,0.006095979802517374,42.67664201689651,-0.0004832934264005183,0.00014955427245439318,-0.0006328476988549114,104568789.8,-0.4384845509403438,-2.0
2018-01-21 00:00:00,0.0084380004554986,0.0084380004554986,0.0069829998537898,0.0071310000494122,22933100.0,1516492800,0.007963714322873457,0.010233519989997095,0.006095979802517374,38.25560704339128,-0.0006471653073331952,-9.789643503124495e-06,-0.0006373756638300707,103184599.8,-0.46862889813503295,-2.0
2018-01-22 00:00:00,0.0071990001015365,0.0076060001738369,0.0063180001452565,0.0067340000532567,19968600.0,1516579200,0.007517571494515386,0.010233519989997095,0.006095979802517374,37.010939885952155,-0.0007998493697819326,-0.00016780158875888613,-0.0006320477810230464,99711825.0,-0.486032648892021,-2.0
2018-01-23 00:00:00,0.0067230002023279,0.007048999890685,0.0062279999256134,0.0066729998216032,17882700.0,1516665600,0.007496285784457343,0.010233519989997095,0.006095979802517374,36.812749740732215,-0.0009152246580456744,-0.00031728620261624384,-0.0005979384554294306,97288465.0,-0.41817073759952395,-2.0
2018-01-24 00:00:00,0.0066419998183846,0.0072169997729361,0.0064730001613497,0.0070830001495778,17449900.0,1516752000,0.007415571516113557,0.010233519989997095,0.006095979802517374,39.170530263171464,-0.0009624819129090845,-0.000446325344674812,-0.0005161565682342726,92711660.0,-0.45749078753183525,-2.0
2018-01-25 00:00:00,0.00715500023216,0.0077630002051591,0.0071240002289414,0.0076669999398291,21329400.0,1516838400,0.007372428596551872,0.010233519989997095,0.006095979802517374,42.46380689789602,-0.0009419514949853373,-0.0005454505747369171,-0.00039650092024842026,83158979.6,-0.41127237841603004,-2.0
2018-01-26 00:00:00,0.0077019999735057,0.0079819997772574,0.0067949998192489,0.0072369999252259,19572300.0,1516924800,0.007281857143555314,0.010166639983653969,0.006095979802517374,40.71589850412894,-0.0009494339152130247,-0.0006262472428321386,-0.00032318667238088604,69951745.0,-0.3806059399794326,-2.0
2018-01-27 00:00:00,0.0072400001809,0.0075449999421834,0.0071680000983178,0.0073730000294744,11672900.0,1517011200,0.007128285709768471,0.010095759984105768,0.006095979802517374,41.53558318371772,-0.0009336274393805556,-0.0006877232821418221,-0.00024590415723873356,56126190.0,-0.25200363798772574,-2.0
2018-01-28 00:00:00,0.0074089998379349,0.007681000046432,0.007337000221014,0.0074649997986853,14070700.0,1517097600,0.007175999959664628,0.010021559968590681,0.006095979802517374,42.1185982739159,-0.0009032648064764091,-0.0007308315870087395,-0.00017243321946766956,45074025.0,0.0942538883435522,-2.0
2018-01-29 00:00:00,0.007400999777019,0.0075219999998807,0.0068629998713731,0.0069670001976192,13073100.0,1517184000,0.007209285694573557,0.009914479982107822,0.006095979802517374,39.804673780701,-0.0009089092667479322,-0.000766447122956578,-0.00014246214379135414,39964930.0,-0.08904286452318233,-2.0
2018-01-30 00:00:00,0.0069690002128481,0.0069920001551508,0.0059420000761747,0.0060239997692406,15855900.0,1517270400,0.0071165714013789,0.009668759964406436,0.006095979802517374,35.79453354920422,-0.000978198729717385,-0.0008087974443087395,-0.00016940128540864552,35745575.0,-0.24407083894641124,-2.0
2018-01-31 00:00:00,0.0060009998269379,0.0062190000899136,0.0057520000264048,0.0060100001282989,14754700.0,1517356800,0.006963285684053343,0.009314639959484285,0.006095979802517374,35.73697193922841,-0.0010224545626065524,-0.0008515288679683021,-0.0001709256946382503,33347210.0,-0.23643754861608213,-2.0
2018-02-01 00:00:00,0.0060209999792277,0.0060899998061358,0.0047909999266266,0.0050289998762309,18748700.0,1517443200,0.006586428532110743,0.008832279965281431,0.006095979802517374,31.869490399832074,-0.0011237324624697974,-0.0009059695868686012,-0.00021776287560119618,31436080.0,-0.40471119354256924,-2.0
2018-02-02 00:00:00,0.0050229998305439,0.0050229998305439,0.0033100000582635,0.0044749998487532,29913700.0,1517529600,0.006191857092614643,0.008409479949623292,0.006095979802517374,29.901475134245388,-0.0012344689108512458,-0.0009716694516651301,-0.00026279945918611576,30137235.0,-0.3724583063041671,-2.0
2018-02-03 00:00:00,0.00450100004673,0.0054950001649558,0.0041589997708797,0.0051640002056956,18018100.0,1517616000,0.005876285689217672,0.008079239968210403,0.006095979802517374,35.25629921875736,-0.0012521972232931436,-0.001027775005990733,-0.0002244222173024106,27743190.0,-0.2331452086641752,-2.0
2018-02-04 00:00:00,0.0051819998770952,0.0053170002065598,0.0041760001331567,0.0043990002013742,12961600.0,1517702400,0.005438285746744658,0.00773111999034876,0.006095979802517374,32.30550117945562,-0.0013128425143169292,-0.001084788507655972,-0.00022805400666095705,25252995.0,-0.34077621474934605,-2.0
2018-02-05 00:00:00,0.0043970001861453,0.0044700000435113,0.0033760000951588,0.0035329998936504,12489400.0,1517788800,0.004947714274749114,0.007413679985329456,0.006095979802517374,29.314437744446337,-0.0014144781085919707,-0.0011507264278431718,-0.0002637516807487989,22472505.0,-0.5012000820216003,-2.0
2018-02-06 00:00:00,0.0035439999774098,0.0044209999032318,0.0030360000673681,0.0043609999120235,19139100.0,1517875200,0.004710142866575243,0.007065879991278,0.006095979802517374,35.46663737891055,-0.0014119364432837707,-0.0012029684309312915,-0.0002089680123524792,20487150.0,-0.43119865054796014,-2.0
2018-02-07 00:00:00,0.004313999786973,0.0048000002279877,0.0039340001530945,0.0042969998903572,12990100.0,1517961600,0.0044654285468692856,0.006716839978471344,0.006095979802517374,35.21153231153214,-0.0013989600811007688,-0.001242166760965187,-0.0001567933201355818,18306690.0,-0.40624569092791984,-2.0
2018-02-08 00:00:00,0.0042630000971257,0.0048719998449087,0.0042630000971257,0.0045659998431801,9462680.0,1518048000,0.0043992856850048855,0.006432119989767616,0.006095979802517374,37.254394871700505,-0.001351392164850711,-0.001264011841742292,-8.738032310841911e-05,17263039.0,-0.38071343755228537,-2.0
2018-02-09 00:00:00,0.0045599997974932,0.0050110002048313,0.0043130000121891,0.0049999998882412,11190100.0,1518134400,0.004474285690646029,0.0062378399912267355,0.006095979802517374,40.513384334524964,-0.0012641022876715676,-0.0012640299309281471,-7.235674342044411e-08,16673839.0,-0.3302076325411588,-2.0
2018-02-10 00:00:00,0.0049820002168416,0.0054410002194345,0.0047439998015761,0.0049890000373125,16717300.0,1518220800,0.0044492856665913,0.006164520001038857,0.006095979802517374,40.45603021493383,-0.0011821845396688688,-0.0012476608526762916,6.547631300742279e-05,16363049.0,-0.28390987572852844,-2.0
2018-02-11 00:00:00,0.0049680001102387,0.0051830001175403,0.0046060001477599,0.0049560000188648,11309800.0,1518307200,0.0045288570690899576,0.006056840000674076,0.006095979802517374,40.2718344785835,-0.0011071642594897187,-0.0012195615340389772,0.00011239727454925852,15930109.0,-0.17729080200652714,-2.0
2018-02-12 00:00:00,0.0049640000797808,0.0055080000311136,0.0049640000797808,0.0054720002226531,11124300.0,1518393600,0.004805857116090342,0.005956959994509764,0.006095979802517374,44.525015539461045,-0.0009946080207623754,-0.0011745708313836568,0.00017996281062128134,15592189.0,-0.08951745327134919,-2.0
2018-02-13 00:00:00,0.0054750000126659,0.0056779999285936,0.0052709998562932,0.0056380000896751,14149700.0,1518480000,0.004988285712897714,0.0058676399942486955,0.006095979802517374,45.86065800516856,-0.0008818462144669767,-0.0011160259080003209,0.0002341796935333442,15427179.0,0.1210976791474152,-2.0
2018-02-14 00:00:00,0.0056300000287592,0.0067859999835491,0.0056300000287592,0.0067300000227987,40527400.0,1518566400,0.005335857160389357,0.005798919992521352,0.006095979802517374,53.74943418650314,-0.0006963394346477074,-0.0010320886133297982,0.0003357491786820908,16387079.0,0.5039106704492462,-2.0
2018-02-15 00:00:00,0.006717000156641,0.0079479999840259,0.0067139999009668,0.0073469998314976,43275000.0,1518652800,0.005733142873006142,0.005807559983804769,0.006095979802517374,57.516188032799576,-0.000493844514897113,-0.0009244397936432612,0.0004305952787461482,17572214.0,0.42273422518346826,-2.0
2018-02-16 00:00:00,0.0072949999012053,0.0074849999509751,0.0065290001221001,0.0070340000092983,26553900.0,1518739200,0.0060237143188714435,0.005819559982046431,0.006095979802517374,55.06611855208962,-0.00035453543806115376,-0.0008104589225268398,0.000455923484465686,18316264.0,0.5989997015915012,-2.0
2018-02-17 00:00:00,0.0070639997720718,0.0073219998739659,0.0068529997952282,0.007048999890685,18333100.0,1518825600,0.0063180000122103714,0.0058345999848097045,0.006095979802517374,55.16468677601811,-0.0002401532883148259,-0.000696397795684437,0.00045624450736961113,18529384.0,0.9951882544218718,-2.0
2018-02-18 00:00:00,0.0071140001527965,0.00714399991557,0.0063299997709691,0.0064240000210702,15291500.0,1518912000,0.006527714298239715,0.005808239979669399,0.006095979802517374,50.221267458437026,-0.00019765839377270354,-0.0005966499153020904,0.00039899152152938686,18640304.0,0.47305667293386167,-2.0
2018-02-19 00:00:00,0.0064099999144673,0.0069380002096295,0.0063410000875592,0.0066970000043511,13019200.0,1518998400,0.006702714267053714,0.00576943998225028,0.006095979802517374,52.23474046951138,-0.00014033437922558213,-0.0005053868080867888,0.0003650524288612067,18498469.0,0.558529247203307,-2.0
2018-02-20 00:00:00,0.0066789998672902,0.0082879997789859,0.0063990000635385,0.0070940000005066,107911000.0,1519084800,0.006910714254315357,0.005763719985261508,0.006095979802517374,55.080199657093004,-6.215363446855898e-05,-0.0004167401733631429,0.0003545865388945839,23156284.0,0.5536575217150717,-2.0
2018-02-21 00:00:00,0.0070870001800358,0.0073910001665353,0.0063490001484751,0.0065810000523924,36813100.0,1519171200,0.006889428544257315,0.005732039986178228,0.006095979802517374,50.86363185353728,-4.1115683474662705e-05,-0.00034161527538544684,0.00030049959191078414,24059504.0,0.3162000398978675,-2.0
2018-02-22 00:00:00,0.0065680001862347,0.0068689999170601,0.0060820002108812,0.006258999928832,20365500.0,1519257600,0.0067339999867336575,0.005683799991384096,0.006095979802517374,48.361080608092564,-4.985102308284212e-05,-0.0002832624249249259,0.0002334114018420838,23582094.0,0.25456000842277615,-2.0
2018-02-23 00:00:00,0.006252999883145,0.0069490000605583,0.0060379998758435,0.0066479998640716,19390500.0,1519344000,0.006678857108844129,0.005671039978042192,0.006095979802517374,51.467677215656494,-2.5095513433865888e-05,-0.00023162904262671394,0.00020653352919284805,23650714.0,0.3414043258204753,-2.0
2018-02-24 00:00:00,0.0066660000011324,0.0068979999050498,0.0061309998854994,0.0063240001909434,15687300.0,1519430400,0.006575285723166757,0.005683039994910305,0.006095979802517374,48.83257727907595,-3.1260310130121205e-05,-0.00019155529612739538,0.00016029498599727418,23786999.0,0.15570174225563305,-2.0
2018-02-25 00:00:00,0.0063209999352693,0.0064110001549124,0.0059969997964799,0.0061420002020895,11758800.0,1519516800,0.006535000034740943,0.005688319997861928,0.006095979802517374,47.36555527593869,-5.0252553830574045e-05,-0.00016329474766803114,0.00011304219383745709,23750469.0,0.08939342043242937,-2.0
2018-02-26 00:00:00,0.0061690001748502,0.0064989998936653,0.0059620002284646,0.0063390000723302,12068600.0,1519603200,0.006483857187309386,0.0057407200057059005,0.006095979802517374,49.14640749743119,-4.8844748803686736e-05,-0.00014040474789516226,9.155999909147552e-05,23396944.0,-0.05809806079404756,-2.0
2018-02-27 00:00:00,0.0063629997894167,0.0065740002319216,0.0062699997797608,0.0062910001724958,12201900.0,1519689600,0.006369142926164986,0.005813360018655605,0.006095979802517374,48.7139235213732,-5.101418418190437e-05,-0.0001225266351525107,7.151245097060632e-05,23357534.0,-0.14373209244875484,-2.0
2018-02-28 00:00:00,0.0062699997797608,0.0064509999938309,0.006006000097841,0.0060180001892149,13227600.0,1519776000,0.006288714374282486,0.005847520017996376,0.006095979802517374,46.222548513900826,-7.391030248431879e-05,-0.00011280336861887232,3.889306613455353e-05,23545780.0,-0.14444125941716557,-2.0
2018-03-01 00:00:00,0.0060419999063014,0.0063200001604855,0.0059449998661875,0.0062150000594556,15518400.0,1519862400,0.006282428678657285,0.005920160012319632,0.006095979802517374,48.27819153522768,-7.529148469653281e-05,-0.00010530099183440443,3.0009507137871618e-05,23762195.0,-0.11831463245325069,-2.0
2018-03-02 00:00:00,0.006173999980092,0.0062319999560713,0.0054469997994601,0.0054819998331367,22498100.0,1519948800,0.006115857245666586,0.005998120009899084,0.006095979802517374,41.865675860623924,-0.00013398853742160877,-0.0001110385009518453,-2.2950036469763464e-05,24051235.0,-0.14663763774032001,-2.0
2018-03-03 00:00:00,0.0054939999245107,0.0057560000568628,0.0051810001023113,0.005301000084728,21545000.0,1520035200,0.0059697143733501,0.006035720016807264,0.006095979802517374,40.43737738308466,-0.0001928880482625012,-0.00012740841041397648,-6.547963784852472e-05,24562995.0,-0.20845153333076105,-2.0
2018-03-04 00:00:00,0.0052339998073875,0.0055019999854266,0.0051640002056956,0.0055019999854266,12133500.0,1520121600,0.005878285770969686,0.006083920020610039,0.006095979802517374,42.77228564767778,-0.0002208020541560468,-0.00014608713916239055,-7.471491499365626e-05,24613455.0,-0.22441500070007203,-2.0
2018-03-05 00:00:00,0.0054620001465082,0.0055350000038743,0.0051569999195635,0.0052180001512169,13627700.0,1520208000,0.005718142925096357,0.006110000032931512,0.006095979802517374,40.36458008447206,-0.0002628109964978491,-0.00016943191062948227,-9.337908586836685e-05,24587355.0,-0.20711136458356472,-2.0
2018-03-06 00:00:00,0.0051219998858869,0.0051359999924898,0.0045579997822642,0.0046100001782178,14766900.0,1520294400,0.005478000068770928,0.006094400044530576,0.006095979802517374,35.7277919607253,-0.00034123041074850084,-0.000203791610653286,-0.00013743880009521483,23299330.0,-0.2634605798632629,-2.0
2018-03-07 00:00:00,0.0046179997734725,0.0047039999626576,0.0040110000409185,0.0040239999070763,17585500.0,1520380800,0.005193142885608271,0.006055800039321127,0.006095979802517374,31.92168052264016,-0.00044552791749464735,-0.0002521388720215583,-0.00019338904547308903,22014855.0,-0.3947051760900937,-2.0
2018-03-08 00:00:00,0.0040150000713765,0.004418000113219,0.0038950000889599,0.0040250001475214,15499400.0,1520467200,0.0048802857553319565,0.0060185600444673925,0.006095979802517374,31.935009302347495,-0.0005220854558215682,-0.00030612818878156034,-0.0002159572670400079,21462130.0,-0.3635357327652199,-2.0
2018-03-09 00:00:00,0.0040059997700154,0.0041459999047219,0.003618000075221,0.0041459999047219,13624400.0,1520553600,0.004689428622701271,0.005965520031750144,0.006095979802517374,33.627911306965274,-0.0005664643390551937,-0.000358195418836287,-0.00020826892021890667,21226695.0,-0.32497561571042666,-2.0
2018-03-10 00:00:00,0.0041370000690221,0.0043790000490844,0.0039499998092651,0.0039730002172291,9880540.0,1520640000,0.004499714355915715,0.005898920036852304,0.006095979802517374,32.38759560741005,-0.0006085792301743533,-0.0004082721811039003,-0.00020030704907045293,20956147.0,-0.3732449642063759,-2.0
2018-03-11 00:00:00,0.0039590001106262,0.0043199998326599,0.0038429999258369,0.0042099999263882,9251440.0,1520726400,0.004315142918910228,0.005798120032995885,0.006095979802517374,35.87686325901559,-0.0006157338919424915,-0.0004497645232716186,-0.00016596936867087288,20767759.0,-0.3307900475357981,-2.0
2018-03-12 00:00:00,0.0042070001363754,0.0042730001732707,0.0038350000977516,0.0040319999679923,7601500.0,1520812800,0.004145714321306715,0.005665520038455671,0.006095979802517374,34.43932533722999,-0.000628521912607885,-0.00048551600113887195,-0.0001430059114690131,15752284.0,-0.33000999647387697,-2.0
2018-03-13 00:00:00,0.0040199998766183,0.0042340001091361,0.003878999967128,0.00395999988541,6006560.0,1520899200,0.004052857136619886,0.00554256003350014,0.006095979802517374,33.848522812994844,-0.0006371219705704383,-0.0005158371950251852,-0.00012128477554525306,14211957.0,-0.362831882940179,-2.0
2018-03-14 00:00:00,0.0039539998397231,0.0040179998613893,0.0034229999873787,0.0035240000579506,7532350.0,1520985600,0.003981428586744786,0.005401560040190764,0.006095979802517374,30.442792880861276,-0.0006713798715000203,-0.0005469457303201523,-0.00012443414117986802,13570299.5,-0.3571688863160305,-2.0
2018-03-15 00:00:00,0.0035210000351071,0.0036190000828355,0.0032669999636709,0.0035359999164938,9316740.0,1521072000,0.0039115714108837,0.005286040036007709,0.006095979802517374,30.64961351439925,-0.0006896118009314329,-0.0005754789444424084,-0.00011413285648902442,13066611.5,-0.33295607244359515,-2.0
2018-03-16 00:00:00,0.0035419999621808,0.003654999891296,0.0034409998916089,0.0035099999513477,6407110.0,1521158400,0.003820714274687386,0.005158560033887573,0.006095979802517374,30.4384322764231,-0.000698111323478451,-0.0006000054202496169,-9.810590322883409e-05,12602602.0,-0.3620501707297714,-2.0
2018-03-17 00:00:00,0.0035049999132752,0.0035500000230968,0.0032490000594407,0.0032989999745041,6231110.0,1521244800,0.0037244285257266715,0.005006760032847473,0.006095979802517374,28.709604003159612,-0.0007136467159517745,-0.0006227336793900484,-9.091303656172606e-05,12326217.5,-0.36776545057501886,-2.0
2018-03-18 00:00:00,0.0032800000626593,0.0032800000626593,0.0027900000568479,0.0031900000758469,9029610.0,1521331200,0.0035787142613636284,0.004871120033785652,0.006095979802517374,27.830227803833793,-0.0007263807422445345,-0.0006434630919609456,-8.291765028358886e-05,12174268.0,-0.3080260406670665,-2.0
2018-03-19 00:00:00,0.0031989999115467,0.0035039999056607,0.0031439999584108,0.0034399998839944,8278910.0,1521417600,0.0034941428207925,0.004758360031992148,0.006095979802517374,32.90629697446157,-0.0007081366956160472,-0.000656397812691966,-5.1738882924081244e-05,11978118.5,-0.14512923373952424,-2.0
2018-03-20 00:00:00,0.0034660000819712,0.0037269999738782,0.003387999953702,0.0036510000936686,6638060.0,1521504000,0.003449999993400871,0.004638480041176028,0.006095979802517374,36.93781936451779,-0.0006689410674787935,-0.0006589064636493316,-1.0034603829461928e-05,11648641.5,-0.0929192646323529,-2.0
2018-03-21 00:00:00,0.0036510000936686,0.0038330000825226,0.0036059999838471,0.003658999921754,6711100.0,1521590400,0.0034692856882299282,0.004531880030408452,0.006095979802517374,37.09215796305599,-0.0006299708190626941,-0.0006531193347320042,2.3148515669310166e-05,11208276.5,-0.11746261315955486,-2.0
2018-03-22 00:00:00,0.0036659999750554,0.0037259999662637,0.0034429999068379,0.0035280000884085,5210480.0,1521676800,0.0034681428556463142,0.004427320025861212,0.006095979802517374,35.55750012874627,-0.000602709547675218,-0.000643037377320647,4.032782964542901e-05,10343895.5,-0.11200606707516314,-2.0
2018-03-23 00:00:00,0.0035329998936504,0.0035600000992417,0.0033410000614821,0.0035600000992417,6178530.0,1521763200,0.003475285733916886,0.004316160026937672,0.006095979802517374,36.25134842878351,-0.0005719298094256837,-0.0006288158637416544,5.688605431597069e-05,9575572.0,-0.15439426092915431,-2.0
2018-03-24 00:00:00,0.0035969999153167,0.0037269999738782,0.0035099999513477,0.0035900000948458,4461220.0,1521849600,0.0035168571796799853,0.004208120023831672,0.006095979802517374,36.93687358414615,-0.0005389037492170242,-0.0006108334408367284,7.19296916197042e-05,9191958.0,-0.10962298528156733,-2.0
2018-03-25 00:00:00,0.0035500000230968,0.0035759999882429,0.0034630000591278,0.0035049999132752,3476340.0,1521936000,0.003561857156455457,0.004107600012794084,0.006095979802517374,35.76339680535588,-0.0005136679188173874,-0.0005914003364328603,7.773241761547286e-05,8684390.0,-0.11489898618714023,-2.0
2018-03-26 00:00:00,0.0034980000928044,0.0035409999545663,0.0031409999355673,0.0032889998983591,6061990.0,1522022400,0.0035402857299361287,0.003990560006350225,0.006095979802517374,32.90274433075422,-0.0005052732617874187,-0.0005741749215037719,6.890165971635328e-05,8249144.5,-0.066685628753413,-2.0
2018-03-27 00:00:00,0.0032760000322014,0.0032830000855028,0.0031079999171197,0.0031449999660253,5235300.0,1522108800,0.003467999997415657,0.0038970800116657684,0.006095979802517374,31.115840941452035,-0.0005044253255337299,-0.0005602250023097636,5.579967677603369e-05,7631634.5,-0.11057691168053096,-2.0
2018-03-28 00:00:00,0.0031340001150965,0.0032440000213682,0.0031139999628067,0.0031409999355673,4912220.0,1522195200,0.003393999999388986,0.00381068000569934,0.006095979802517374,31.06537118714337,-0.0004983316420036016,-0.0005478463302485313,4.951468824492965e-05,7102275.5,-0.10512821108123338,-2.0
2018-03-29 00:00:00,0.0031709999311715,0.0031769999768584,0.0027580000460147,0.0028270001057535,5630550.0,1522281600,0.003293857144723986,0.0037036800105124156,0.006095979802517374,27.319345613260523,-0.0005129268149266404,-0.0005408624271841531,2.7935612257512683e-05,6702583.0,-0.14307362000557478,-2.0
2018-03-30 00:00:00,0.0028109999839216,0.0028899998869746,0.0026479999069124,0.0027630000840872,5378440.0,1522368000,0.0031799999997019143,0.0036054800078272275,0.006095979802517374,26.614889013948087,-0.0005236218744730375,-0.00053741431664193,1.3792442168892422e-05,6477478.0,-0.13385579360725797,-2.0
2018-03-31 00:00:00,0.0027520000003278,0.0028969999402761,0.0026990000624209,0.0028190000448375,3505010.0,1522454400,0.003069857135415014,0.0035338400024920165,0.006095979802517374,28.35572449530366,-0.00052156676044557,-0.000534244805402658,1.2678044957087982e-05,6190156.5,-0.18052321514494296,-2.0
2018-04-01 00:00:00,0.0028180000372231,0.0028689999599009,0.0025949999690055,0.0027189999818801,3373820.0,1522540800,0.00295757143093,0.003481640005484168,0.006095979802517374,27.11859763587998,-0.0005219900606263997,-0.0005317938564474064,9.80379582100671e-06,5978772.5,-0.25527255214392697,-2.0
2018-04-02 00:00:00,0.0027310000732541,0.0028140000067651,0.0027040001004934,0.0027970001101493,5034000.0,1522627200,0.0028872857469000282,0.003432520003989284,0.006095979802517374,29.695147296178888,-0.0005101508689331941,-0.000527465258944564,1.7314390011369924e-05,5930144.5,-0.23558344630723216,-2.0
2018-04-03 00:00:00,0.0027940000873059,0.0029929999727755,0.0027799999807029,0.0029800001066178,6618080.0,1522713600,0.002863714338413243,0.00338588001206512,0.006095979802517374,35.46003644127953,-0.00048046317351301644,-0.0005180648418582545,3.760166834523805e-05,5884431.0,-0.1553287891321754,-2.0
2018-04-04 00:00:00,0.0029819998890161,0.0030060000717639,0.0027169999666512,0.002769999904558,5330250.0,1522800000,0.002810714333983343,0.0033377599995582756,0.006095979802517374,32.197324331678715,-0.0004684803721542517,-0.000508147947917454,3.9667575763202264e-05,5685106.5,-0.22191016085981974,-2.0
2018-04-05 00:00:00,0.0027850000187754,0.0027910000644624,0.0026539999525994,0.0027139999438077,4829150.0,1522886400,0.0027945714537053715,0.003277920000255056,0.006095979802517374,31.368456248644364,-0.0004582205631477876,-0.0004981624709635207,3.994190781573311e-05,5606208.5,-0.24401117768653613,-2.0
2018-04-06 00:00:00,0.0027149999514222,0.0027369998861104,0.0026140001136809,0.0026700000744313,2848290.0,1522972800,0.0027812857380402423,0.003223440004512616,0.006095979802517374,30.69972974699762,-0.000448470325578472,-0.00048822404188651096,3.9753716308038936e-05,5437067.5,-0.23823105834648806,-2.0
2018-04-07 00:00:00,0.0026819999329745,0.002864999929443,0.0026690000668168,0.0028019999153912,3034220.0,1523059200,0.0027788571481193428,0.0031771200057118636,0.006095979802517374,35.16522950865762,-0.000425190575775758,-0.00047561734866436036,5.0426772888602356e-05,5137298.0,-0.14806932137968964,-2.0
2018-04-08 00:00:00,0.0027860000263899,0.002907000016421,0.0027860000263899,0.0028429999947547,3683180.0,1523145600,0.002796571435672857,0.0031498800031840284,0.006095979802517374,36.53320304494004,-0.0003988353173112924,-0.0004602609423937468,6.142562508245437e-05,4907511.5,-0.09602542910430367,-2.0
2018-04-09 00:00:00,0.0028550000861287,0.0029289999511092,0.0027240000199526,0.0027630000840872,4827250.0,1523232000,0.002791714289092557,0.003118960009887764,0.006095979802517374,34.982221632414735,-0.0003800232379714539,-0.0004442134015092882,6.419016353783431e-05,4816971.0,-0.12034379472593937,-2.0
2018-04-10 00:00:00,0.0027590000536292,0.0030730001162737,0.0027399999089539,0.0030429998878389,10212100.0,1523318400,0.0028007142578384283,0.0031002800073474117,0.006036727275285403,43.95111264262922,-0.00033861751354014643,-0.0004230942239154599,8.447671037531347e-05,4992021.0,0.07640600424662103,-2.0
2018-04-11 00:00:00,0.0030390000902116,0.0034990001004189,0.0030129998922348,0.003396000014618,25292400.0,1523404800,0.0028901428449898572,0.0031041600089519684,0.005978656568178722,52.79248323296904,-0.00027415868783477616,-0.0003933071166993232,0.00011914842886454703,5996117.0,0.22909877353113473,-2.0
2018-04-12 00:00:00,0.0033740000799298,0.003798000048846,0.0032550001051276,0.003798000048846,13877700.0,1523491200,0.0030450000028524713,0.003128480007871932,0.005922878789009869,60.44478754528288,-0.00018846406453363685,-0.00035233850626618593,0.00016387444173254908,6381075.5,0.3472862676257722,-2.0
2018-04-13 00:00:00,0.0037819999270141,0.0042940001003444,0.0037499999161809,0.0039949999190866,18150400.0,1523577600,0.0032342856949460854,0.0031506800092756197,0.005865818183549222,63.5619585994847,-0.00010346157441202836,-0.00030256311989535444,0.00019910154548332607,7065534.5,0.4692901602464108,-2.0
2018-04-14 00:00:00,0.003957999870181,0.0042179999873042,0.0039240000769495,0.0041499999351799,13585900.0,1523664000,0.003426857126344471,0.003170640002936072,0.005784838382775531,65.84277329245222,-2.3320458937091306e-05,-0.0002467145877037018,0.00022339412876661052,7571012.5,0.4837324890052934,-2.0
2018-04-15 00:00:00,0.0041350000537931,0.0046140002086758,0.0041350000537931,0.0045710001140832,11867500.0,1523750400,0.0036737142862485433,0.0032071200106292396,0.005680878785429375,71.1288584329922,7.331798436959998e-05,-0.0001827080732890415,0.00025602605765864144,7861288.0,0.5338926008533373,-2.0
2018-04-16 00:00:00,0.004588000010699,0.0049200002104043,0.0043910001404583,0.0045850002206861,22272600.0,1523836800,0.003934000020048386,0.003249400015920344,0.005554585861079717,71.28798728687703,0.00014931314948852517,-0.00011630382873352817,0.00026561697822205337,8713153.0,0.6552347937418841,-2.0
2018-04-17 00:00:00,0.004588000010699,0.0048690000548958,0.0045150001533329,0.0047439998015761,17139500.0,1523923200,0.004177000007725129,0.00329676000401372,0.0054505353515986,73.10127216427504,0.00021983567391778555,-4.907592820326543e-05,0.000268911602121051,9324517.0,0.7479734339715358,-2.0
2018-04-18 00:00:00,0.0047120000235736,0.0054680001921951,0.0047079999931156,0.0054120002314448,21720200.0,1524009600,0.004465000038700386,0.00336964000947768,0.0053696464676635195,79.07915147585885,0.00032587089773174335,2.5913436983736333e-05,0.000299957460748007,10128999.5,1.0269663223127572,-2.0
2018-04-19 00:00:00,0.0053969998843967,0.005824000108987,0.0053199999965727,0.005824000108987,27012500.0,1524096000,0.004754428618720529,0.003462400017306152,0.005296131320805658,81.77009636441794,0.00043809938641861754,0.00010835062687071258,0.000329748759547905,11210702.5,1.0785154478400067,-2.0
2018-04-20 00:00:00,0.005834000185132,0.0059580001980066,0.0056980000808835,0.0058929999358952,23110700.0,1524182400,0.005025571478264615,0.003566560018807596,0.005239808087641639,82.18341554238083,0.0005265393636170379,0.00019198837421997766,0.00033455098939706024,12190987.0,1.0728103928131243,-2.0
2018-04-21 00:00:00,0.0058780000545084,0.0058869998902082,0.0051939999684691,0.0054130000062286,25007100.0,1524268800,0.005206000059843,0.003657280020415728,0.005162606069893344,70.25092528101071,0.0005515389027749657,0.0002638984799309753,0.00028764042284399043,13272651.0,0.959102367532815,-2.0
2018-04-22 00:00:00,0.0054419999942183,0.0057729999534785,0.0053280000574886,0.0055390000343322,18456900.0,1524355200,0.005344285762735715,0.0037532000243663244,0.005087010108517673,71.42383607277579,0.0005748913769750546,0.0003260970593397912,0.0002487943176352634,13943796.0,0.8202432594455098,-2.0
2018-04-23 00:00:00,0.0055450000800192,0.0057069999165833,0.0054000001400709,0.0054819998331367,33576300.0,1524441600,0.005472428564514372,0.0038594000134616526,0.005024363646622353,70.07778263556169,0.0005820889817147994,0.00037729544381479284,0.0002047935379000066,15291707.0,0.6142520051647715,-2.0
2018-04-24 00:00:00,0.0054890001192688,0.0059079998172819,0.0054819998331367,0.0057999999262392,36637000.0,1524528000,0.005623285725180528,0.003980880007147732,0.004983383849394838,73.1212190929627,0.0006064621668528062,0.0004231287884223955,0.0001833333784304107,16857044.5,0.5271194975369988,-2.0
2018-04-25 00:00:00,0.0058789998292922,0.005919000133872,0.004947000183165,0.0050929998978972,38270000.0,1524614400,0.005577714248959443,0.00407184000127012,0.004965919203999765,58.80146714759151,0.0005622478547501406,0.00045095260168794455,0.000111295253062196,18529087.0,0.2748435547056636,-2.0
2018-04-26 00:00:00,0.0051279999315738,0.0056759999133646,0.0048960000276565,0.0056269997730851,41358700.0,1524700800,0.0055495713438306,0.00418815999291832,0.004945505060010884,64.46238392676452,0.0005637979096163159,0.00047352166327361883,9.027624634269703e-05,20454607.5,0.3559035809578086,-2.0
2018-04-27 00:00:00,0.0055829999037086,0.005739000160247,0.0052959998138248,0.0054219998419284,38969800.0,1524787200,0.005482285616121056,0.004293159982189484,0.004919777781881262,60.997306667882555,0.0005422340218024851,0.00048726413497939214,5.496988682309297e-05,22251386.5,0.18617363959875632,-2.0
2018-04-28 00:00:00,0.0053639998659491,0.0056219999678432,0.0053139999508857,0.0053570000454783,35916600.0,1524873600,0.0054742856217281565,0.004388239979743904,0.004894383841974964,59.89789315277383,0.0005139747638634087,0.0004926062607561955,2.1368503107213133e-05,23863057.5,0.16837508999654482,-2.0
2018-04-29 00:00:00,0.0054700002074241,0.005557999946177,0.0052220001816749,0.005458999890834,37883800.0,1524960000,0.005462857029799843,0.004495799979194945,0.0048641919210138706,61.08327665703372,0.0004941137971433513,0.0004929077680336267,1.2060291097246286e-06,25515885.0,0.15071671989116764,-2.0
2018-04-30 00:00:00,0.0054049999453127,0.0055340002290904,0.0051359999924898,0.005210000090301,36411800.0,1525046400,0.0054239999236804564,0.004595639985054676,0.004844787881022849,56.67877936325554,0.0004530590522672448,0.00048493802488035035,-3.1878972613105555e-05,26825870.0,-0.037324488637332065,-2.0
2018-05-01 00:00:00,0.0052720000967383,0.0052720000967383,0.0048989998176693,0.0051440000534057,11657500.0,1525132800,0.0053302856561328145,0.004694599984213652,0.004828727274963748,55.53570064363539,0.0004104656275291628,0.00047004354541011286,-5.957791788095007e-05,26144125.0,-0.11675824911678723,-2.0
2018-05-02 00:00:00,0.0051139998249709,0.0054150000214576,0.0050409999676048,0.0052729998715221,49958400.0,1525219200,0.005355999938079228,0.004793439982458888,0.0048145858613265645,57.346378397468165,0.000382707623523949,0.00045257636103288013,-6.986873750893115e-05,27948160.0,-0.10520958274521297,-2.0
2018-05-03 00:00:00,0.0053340001031756,0.0056489999406039,0.00521200010553,0.005640999879688,50484900.0,1525305600,0.005357999953308214,0.004905359977856219,0.004800020202034749,62.08919306942433,0.00038595468515675684,0.0004392520258576555,-5.329734070089865e-05,29564885.0,0.04212079682191883,-2.0
2018-05-04 00:00:00,0.0055329999886453,0.0055550001561641,0.0052049998193979,0.0052689998410642,14434200.0,1525392000,0.005336142810327614,0.0050055999681353006,0.0047757979788149016,55.38492109396785,0.0003544251185668111,0.00042228664439948664,-6.786152583267553e-05,29607300.0,-0.048745295467497174,-2.0
2018-05-05 00:00:00,0.0052669998258352,0.0053469999693334,0.0050260000862181,0.0051799998618662,30335800.0,1525478400,0.0053108570698116005,0.005091079967096393,0.004755020200397126,53.88578377253354,0.00031858372054958516,0.0004015460596295064,-8.296233907992121e-05,30530715.0,-0.055089379872837574,-2.0
2018-05-06 00:00:00,0.005202000029385,0.0052590002305805,0.0047249998897314,0.0049700001254677,33446900.0,1525564800,0.005240999960473557,0.00515403997153038,0.004730747474094028,50.4180223635045,0.0002701201537231076,0.0003752608784482267,-0.0001051407247251191,31089430.0,-0.14310341574602115,-2.0
2018-05-07 00:00:00,0.0049660000950098,0.005016999784857,0.0046319998800754,0.0048170001246035,25891500.0,1525651200,0.005184857108231057,0.0051947999745606795,0.0047040000026386565,47.99462317342985,0.0002168667021095142,0.0003435820431804842,-0.00012671534107096998,31527030.0,-0.05419198484721244,-2.0
2018-05-08 00:00:00,0.0048329997807741,0.0053559998050332,0.0047920001670718,0.0053030000999569,40660100.0,1525737600,0.0052075714005955145,0.005247119981795493,0.004687191920844088,55.33815975946596,0.0002114417257782289,0.00031715397970003315,-0.00010571225392180426,32474025.0,-0.05757947151125642,-2.0
2018-05-09 00:00:00,0.0052729998715221,0.0053240000270307,0.0046520000323653,0.0050929998978972,33562300.0,1525824000,0.005181857118649101,0.0052848399803041846,0.004677787881739609,51.92614245916323,0.00018802964300931695,0.0002913291123618899,-0.00010329946935257298,32801515.0,-0.06067870778730722,-2.0
2018-05-10 00:00:00,0.0048250001855194,0.0052959998138248,0.0045309998095035,0.0048699998296797,34878500.0,1525910400,0.0050717142543622,0.005296799968928044,0.004666272727208102,48.50594302568663,0.0001497548759335967,0.0002630142650762313,-0.00011325938914263461,33389905.0,-0.09090913042079662,-2.0
2018-05-11 00:00:00,0.005036000162363,0.005036000162363,0.0039969999343156,0.0043620001524686,27582800.0,1525996800,0.0049421428702771135,0.005287879966199343,0.004659535356261008,41.758310630466674,7.753672376417144e-05,0.00022591875681381935,-0.00014838203304964791,33518690.0,-0.2009525115044115,-2.0
2018-05-12 00:00:00,0.0044499998912215,0.0046680001541972,0.0039180000312626,0.0044729998335242,27449400.0,1526083200,0.004841142866228257,0.005277039967477268,0.004659515154086978,43.60436682613752,2.892661643627472e-05,0.00018652032873831044,-0.00015759371230203572,33968315.0,-0.1414587800389503,-2.0
2018-05-13 00:00:00,0.0043069999665021,0.0046219998039305,0.0039650001563131,0.004329000134021,19823500.0,1526169600,0.004749571438878729,0.005233719963580317,0.004651080809928649,41.755322452128794,-2.0975029053771875e-05,0.00014502125717989398,-0.00016599628623366585,33280675.0,-0.15843699668026068,-2.0
2018-05-14 00:00:00,0.004499000031501,0.0045590000227093,0.0042190002277493,0.0044599999673664,12399700.0,1526256000,0.004698571416416286,0.005179159957915491,0.004651696969181095,44.078539033951124,-4.938259902492921e-05,0.00010614048593892935,-0.00015552308496385856,32068810.0,-0.15418166583816362,-2.0
2018-05-15 00:00:00,0.0044430000707507,0.0047880001366138,0.004418000113219,0.0045150001533329,21076900.0,1526342400,0.00458599999547,0.005124039966613,0.0046616161637233425,45.06920543227906,-6.668899828107464e-05,7.157458909492856e-05,-0.0001382635873760032,31209155.0,-0.19960995397457415,-2.0
2018-05-16 00:00:00,0.0044740000739693,0.0045500001870095,0.0042599998414516,0.0043850000947713,9611630.0,1526428800,0.004484857166452015,0.005082919970154708,0.0046618585898117034,43.12457179823767,-8.985852945497981e-05,3.928796538494689e-05,-0.0001291464948399267,29621801.5,-0.1677737280239422,-2.0
2018-05-17 00:00:00,0.0043680001981556,0.0044800001196563,0.0041729998774826,0.0041880002245306,17314000.0,1526515200,0.004387428651430715,0.005028879977762643,0.004660757583086183,40.28771384334073,-0.00012270235658245338,6.8899009914668335e-06,-0.00012959225757392022,28539011.5,-0.19150572660019582,-2.0
2018-05-18 00:00:00,0.0039960001595318,0.0043770000338554,0.0037549999542534,0.0040170000866055,13622000.0,1526601600,0.004338142927735986,0.004970279987901396,0.004655212130999571,37.953807879881275,-0.00016067741896316073,-2.6623562999458677e-05,-0.00013405385596370207,27424281.5,-0.19175050599672128,-2.0
2018-05-19 00:00:00,0.0042170002125203,0.0044280001893639,0.0040049999952316,0.0042860000394284,15007400.0,1526688000,0.004311428671436585,0.004909719992428964,0.004648000011314593,43.49889179231626,-0.0001671401933215676,-5.472688906388046e-05,-0.00011241330425768714,26280461.5,-0.11023460067251056,-2.0
2018-05-20 00:00:00,0.0042500002309679,0.0044760000891983,0.0039070001803338,0.0044229999184608,15909900.0,1526774400,0.004324857212070843,0.004882919993251507,0.0046422828383969,46.13899036695115,-0.00015937012369868567,-7.56555359908415e-05,-8.371458770784416e-05,25255366.5,-0.1659438364904523,-2.0
2018-05-21 00:00:00,0.0043970001861453,0.0044189998880028,0.0039470000192523,0.0042710001580417,18454500.0,1526860800,0.004297857239310171,0.004828680008649772,0.004635363647883534,43.69924493980389,-0.00016359161558087212,-9.324275190884763e-05,-7.03488636720245e-05,25595216.5,-0.16139794940794872,-2.0
2018-05-22 00:00:00,0.0042119999416172,0.0042809997685253,0.0038230000063776,0.0038509999867528,10205700.0,1526947200,0.004203000072655871,0.004765840014442748,0.0046189899081269655,37.75800947997205,-0.00019853904749359864,-0.00011430201102579783,-8.423703646780081e-05,23607581.5,-0.2092402214712027,-2.0
2018-05-23 00:00:00,0.0038580000400543,0.0042739999480545,0.0034350000787526,0.0035910001024603,14899100.0,1527033600,0.004089571502325729,0.004695200016722028,0.004598313140579341,34.62010590466059,-0.00024439769235461064,-0.0001403211472915604,-0.00010407654506305023,21828291.5,-0.17675378795481367,-2.0
2018-05-24 00:00:00,0.0035900000948458,0.003713000100106,0.0032480000518262,0.0034990001004189,10460200.0,1527120000,0.003991142913166914,0.004616800025105424,0.00456567677772702,33.557387951978455,-0.00028488070268087567,-0.00016923305836942347,-0.0001156476443114522,21629591.5,-0.217750898581613,-2.0
2018-05-25 00:00:00,0.0034739999100565,0.0036069999914616,0.0033760000951588,0.0035139999818056,10613600.0,1527206400,0.003919285755338358,0.0045489600207656074,0.004526959607528112,33.91358187864293,-0.0003121550854448983,-0.00019781746378451842,-0.00011433762166037986,20643481.5,-0.18826521759850023,-2.0
2018-05-26 00:00:00,0.0035500000230968,0.0035689999349415,0.0034590000286698,0.0034630000591278,6353660.0,1527292800,0.0038017143295811288,0.0044817200209944915,0.004490888900960732,33.26069563660343,-0.0003340349508389306,-0.00022506096119540085,-0.00010897398964352972,19288819.5,-0.2235425819582061,-2.0
2018-05-27 00:00:00,0.0034640000667423,0.0034799999557435,0.0034010000526905,0.0034239999949932,3494870.0,1527379200,0.003659000054800043,0.004407760025933336,0.0044542727403981885,32.74160369138748,-0.00035048174564169914,-0.00025014511808466055,-0.00010033662755703858,18168988.0,-0.24163900803731786,-2.0
2018-05-28 00:00:00,0.0034330000635236,0.0034469999372959,0.003218000056222,0.0032259998843073,7502800.0,1527465600,0.003509714301409414,0.004311160026118108,0.004421969708713716,30.167439702912517,-0.00037516819774255274,-0.000275149734016239,-0.00010001846372631375,16511123.0,-0.26431019051652904,-2.0
2018-05-29 00:00:00,0.0032259998843073,0.0034459999296814,0.003167999908328,0.0034370000939816,9244550.0,1527552000,0.003450571459584957,0.004237880036234804,0.00438904041668978,35.94679342528548,-0.00037340208852854745,-0.0002948002049187007,-7.860188360984672e-05,15295235.5,-0.17932189357348316,-2.0
2018-05-30 00:00:00,0.0034469999372959,0.0035059999208897,0.0033229999244213,0.0033539999276399,7463910.0,1527638400,0.003416714291753471,0.004164840038865752,0.0043512626381759754,34.72921474789875,-0.0003743841861627408,-0.00031071700116750876,-6.366718499523202e-05,13924506.0,-0.16504857970412878,-2.0
2018-05-31 00:00:00,0.0034290000330656,0.0035129999741911,0.0033170001115649,0.003398000029847,8971080.0,1527724800,0.0034022857102432,0.004101960035040924,0.00431911112279673,35.96743298628688,-0.00036737716976089924,-0.00032204903488618685,-4.532813487471239e-05,12993920.0,-0.20718618791702748,-2.0
2018-06-01 00:00:00,0.0034270000178366,0.0034690001048147,0.0033360000234097,0.0034229999873787,5436780.0,1527811200,0.0033892857110393573,0.004046200029551932,0.004290464658741645,36.70217924990749,-0.0003557064090758911,-0.00032878050972412774,-2.692589935176338e-05,11893289.0,-0.22609087712352915,-2.0
2018-06-02 00:00:00,0.0034179999493062,0.0035840000491589,0.003400000045076,0.0035580000840127,5918490.0,1527897600,0.003402857143165771,0.003976400028914164,0.004259252539751152,40.66177215336461,-0.0003317397779350568,-0.0003293723633663136,-2.367414568743239e-06,11198038.5,-0.1669398378940633,-2.0
2018-06-03 00:00:00,0.0035759999882429,0.0037499999161809,0.0035449999850243,0.0036899999249726,19570200.0,1527984000,0.0034408571331628287,0.00392028002999718,0.004232646476458517,44.32881715699125,-0.000298652090691904,-0.0003232283088314317,2.4576218139527658e-05,11556563.5,-0.04180733895975852,-2.0
2018-06-04 00:00:00,0.0036909999325871,0.0037599999923259,0.0035119999665766,0.0035319998860359,22162200.0,1528070400,0.003484571419124057,0.003866760032251428,0.00420628283690242,41.058058171944545,-0.0002819292380867554,-0.00031496849468249646,3.303925659574108e-05,11610828.5,-0.01643002359815493,-2.0
2018-06-05 00:00:00,0.0035379999317228,0.0037219999358057,0.0035139999818056,0.0036539998836815,18819700.0,1528156800,0.003515571389081186,0.0038384400214999444,0.004179161622875666,44.465382667517616,-0.0002558822256855031,-0.0003031512408830978,4.726901519759471e-05,12071232.0,0.044298307749131904,-2.0
2018-06-06 00:00:00,0.003654999891296,0.0038000000640749,0.0035729999653995,0.0037869999650865,21273700.0,1528243200,0.003577428537287843,0.003811000026762436,0.004153868691487692,47.9948729121208,-0.00022194929237374667,-0.0002869108511812276,6.496155880748091e-05,12269217.0,0.07768923867228472,-2.0
2018-06-07 00:00:00,0.0037479999009519,0.0038360001053661,0.003707000054419,0.0037320000119507,6110720.0,1528329600,0.0036251428204455145,0.003787120021879624,0.004130777780606236,46.673830553113035,-0.0001972217848454686,-0.0002689730379140758,7.175125306860719e-05,11893653.0,0.07767829865144482,-2.0
2018-06-08 00:00:00,0.0037459998857229,0.003783999942243,0.0036329999566078,0.003658999921754,6921140.0,1528416000,0.003658857096784843,0.003755080020055128,0.004104959597397129,44.907051666055054,-0.00018142420882224716,-0.00025146327209571006,7.00390632734629e-05,11489340.0,0.06863315628050026,-2.0
2018-06-09 00:00:00,0.0036579999141395,0.003711000084877,0.0035929998848587,0.0035929998848587,4672910.0,1528502400,0.0036638570683342714,0.0037182000093161603,0.004085878789838766,43.31076787351995,-0.00017224463842735677,-0.00023561954536203942,6.337490693468265e-05,10927490.5,0.11376317846031303,-2.0
2018-06-10 00:00:00,0.0035949999000877,0.0035949999000877,0.0031510000117123,0.0031820000149309,7439530.0,1528588800,0.0035912856526140284,0.0036700800061225444,0.004064474748729704,34.97360708185823,-0.00019587607986802386,-0.00022767085226323632,3.179477239521246e-05,10376742.0,-0.07419263080534111,-2.0
2018-06-11 00:00:00,0.0031799999997019,0.0032470000442117,0.0031020001042634,0.0032339999452233,4841840.0,1528675200,0.003548714232497943,0.0036319199949502523,0.004041565657414519,36.63554112733616,-0.00020801039333960243,-0.00022373876047850956,1.572836713890712e-05,10108549.0,-0.03577817084243062,-2.0
2018-06-12 00:00:00,0.0032369999680668,0.0032730000093579,0.0030749998986721,0.003089000005275,4965300.0,1528761600,0.0034679999641541574,0.003594799991697032,0.004020060605435308,34.02421016960517,-0.0002267137920572036,-0.00022433376679424839,-2.380025262955208e-06,9611859.0,-0.09093585104703872,-2.0
2018-06-13 00:00:00,0.0030920000281184,0.0031149999704211,0.002777999965474,0.0028170000296086,11074900.0,1528848000,0.0033294285448001717,0.0035360399913042396,0.004001949492823094,29.741592954436598,-0.0002604818228200837,-0.00023156337799941547,-2.891844482066821e-05,9642594.0,-0.17703767455581232,-2.0
2018-06-14 00:00:00,0.0028160000219941,0.0030159999150782,0.0028109999839216,0.0029440000653266,9869880.0,1528934400,0.0032168571238538712,0.003476879997178872,0.00399104040351249,33.92362246634799,-0.0002738387463768004,-0.00024001845167489247,-3.382029470190795e-05,9605408.0,-0.17256886008660033,-2.0
2018-06-15 00:00:00,0.0029529999010264,0.0029819998890161,0.0028369999490678,0.0029009999707341,12125600.0,1529020800,0.0031085714165653144,0.0034220799896865677,0.003979686866373225,33.202986076464526,-0.000284613110026886,-0.0002489373833452912,-3.567572668159482e-05,9894005.0,-0.2138211301574373,-2.0
2018-06-16 00:00:00,0.0028919999022036,0.0029559999238699,0.0028289998881518,0.0028949999250471,6642410.0,1529107200,0.0030088571365922286,0.00338383998721834,0.003967050502942167,33.09733429757529,-0.0002902897449069482,-0.0002572078556576226,-3.3081889249325614e-05,10051382.0,-0.18035107065185374,-2.0
2018-06-17 00:00:00,0.0029060000088065,0.0029450000729411,0.0028729999903589,0.0028729999903589,6253640.0,1529193600,0.0029647142759390856,0.0033551199827342843,0.0039559393895394375,32.686637389501755,-0.0002931840861709338,-0.00026440310176028485,-2.8780984410648977e-05,9988924.0,-0.21373834652006674,-2.0
2018-06-18 00:00:00,0.0029160000849515,0.0030799999367445,0.0028309999033808,0.0030269999988377,8143520.0,1529280000,0.002935142855026857,0.003336239978671036,0.003943989895321756,38.444718461857086,-0.0002798257023119764,-0.00026748762187062315,-1.2338080441353261e-05,9933872.5,-0.200686552219559,-2.0
2018-06-19 00:00:00,0.0030269999988377,0.0030739998910576,0.0029559999238699,0.0030330000445246,4460270.0,1529366400,0.0029271428606339428,0.0033169999811797964,0.0039338989870039,38.66486118668506,-0.000265692199036494,-0.0002671285373037973,1.4363382673033328e-06,9783690.5,-0.18729902604173254,-2.0
2018-06-20 00:00:00,0.0030350000597536,0.0030469999182969,0.0029440000653266,0.0030209999531507,3245680.0,1529452800,0.0029562857068542426,0.0032993199769407117,0.003924414139203301,38.36930663916209,-0.00025254838240277785,-0.00026421250632359346,1.16641239208156e-05,9497420.5,-0.1743645756344986,-2.0
2018-06-21 00:00:00,0.0030209999531507,0.0030310000292956,0.0029680000152438,0.0029879999347031,3952000.0,1529539200,0.0029625714024794567,0.003281879974529108,0.003918999996544235,37.519935333930036,-0.00024200495622799054,-0.0002597709963044729,1.776604007648234e-05,9423181.5,-0.16838295840340467,-2.0
2018-06-22 00:00:00,0.0029829998966306,0.003004000056535,0.002600000007078,0.0026680000592023,9291920.0,1529625600,0.002929285700832057,0.003259559981524908,0.003910232321218059,30.474991475794923,-0.00025651360150161966,-0.00025911951734390224,2.605915842282579e-06,9591853.0,-0.16153361197886795,-2.0
2018-06-23 00:00:00,0.0026710000820457,0.0027139999438077,0.0025849998928606,0.0026410000864416,9938440.0,1529712000,0.0028930000096027,0.0032277199812233083,0.0039014545448048657,29.963768818961313,-0.00026711138577951467,-0.0002607178910310247,-6.393494748489943e-06,9110265.0,-0.1833642142318449,-2.0
2018-06-24 00:00:00,0.0026350000407546,0.0027109999209642,0.0023310000542551,0.0025100000202655,9879600.0,1529798400,0.0028411428710179284,0.0031939599849283317,0.0038934848482974046,27.549052897946623,-0.00028282063645254565,-0.0002651384401153289,-1.768219633721676e-05,8496135.0,-0.18743929557162764,-2.0
2018-06-25 00:00:00,0.0024900001008063,0.0025760000571608,0.0023920000530779,0.0024850000627338,5693670.0,1529884800,0.0027637143087173716,0.0031574399862438042,0.0038863636360437375,27.10020964857999,-0.00029389972534189313,-0.00027089069716064175,-2.3009028181251382e-05,7839833.5,-0.11785586204659304,-2.0
2018-06-26 00:00:00,0.0025009999517351,0.0025770000647753,0.0024570000823587,0.0024780000094324,4070170.0,1529971200,0.002684428589418486,0.0031196399871259517,0.0038766464655936163,26.967720890577056,-0.00029978904738075986,-0.0002766703672046654,-2.311868017609446e-05,6979657.0,-0.1582880589516914,-2.0
2018-06-27 00:00:00,0.0024840000551193,0.0025080000050365,0.0023350000847131,0.0024369999300688,5765380.0,1530057600,0.0026010000146925,0.0030747999809681965,0.003864383837678467,26.160990180138157,-0.00030425745078060647,-0.00028218778391985366,-2.206966686075281e-05,6962390.0,-0.15994486223586002,-2.0
2018-06-28 00:00:00,0.0024059999268501,0.0025039999745786,0.0023330000694841,0.0023570000194013,3678050.0,1530144000,0.0025108571696493857,0.003021479984745344,0.003851232323513288,24.613770502521987,-0.000310672774514297,-0.00028788478203874233,-2.2787992475554672e-05,6800235.5,-0.18583762334192355,-2.0
2018-06-29 00:00:00,0.0024089999496936,0.0024920001160353,0.002292999997735,0.0024270000867545,3832380.0,1530230400,0.002476428602156843,0.0029772799927740884,0.0038401111113753688,28.59328851188195,-0.0003065745438670551,-0.0002916227344044049,-1.4951809462650202e-05,6758209.0,-0.1552383937003372,-2.0
2018-06-30 00:00:00,0.0024349999148398,0.0025410000234842,0.0024210000410676,0.0024989999365061,6122900.0,1530316800,0.0024561428664517716,0.002931079994887072,0.003829393938014403,32.53800201837416,-0.00029412637464624417,-0.0002921234624527728,-2.002912193471392e-06,6692377.5,-0.17443014949928637,-2.0
2018-07-01 00:00:00,0.0025080000050365,0.002553999889642,0.0024560000747442,0.0024890000931918,8435030.0,1530403200,0.0024531428768698143,0.002879160000011284,0.0038182727258764836,32.27135305645328,-0.00028181937629437066,-0.0002900626452210924,8.24326892672172e-06,6872037.0,-0.17936035059243383,-2.0
2018-07-02 00:00:00,0.0024860000703483,0.0027209999971091,0.0024290001019835,0.0027030000928789,5812800.0,1530489600,0.0024842857383191143,0.002838000003248412,0.0038101717175896524,43.030892711477364,-0.00025189429924826973,-0.00028242897602652787,3.053467677825814e-05,6914412.0,-0.10526311327484383,-2.0
2018-07-03 00:00:00,0.0026990000624209,0.0027640000917017,0.0026179999113082,0.0026380000635981,5643560.0,1530576000,0.0025071428889142143,0.002797160008922176,0.0038035959616829758,40.90527541640243,-0.00023076332328015453,-0.0002720958454772532,4.133252219709865e-05,6642845.0,-0.11713516691886317,-2.0
2018-07-04 00:00:00,0.0026370000559836,0.0027240000199526,0.0025869999080896,0.0026799999177455,4781340.0,1530662400,0.002541857172868029,0.0027606400102376475,0.003798898991498332,42.86906505265103,-0.00020822751815058327,-0.0002593221800119192,5.109466186133593e-05,6388418.0,0.004497698004844786,-2.0
2018-07-05 00:00:00,0.002678999910131,0.0026950000319629,0.0025780000723898,0.0025989999994635,3792270.0,1530748800,0.0025764285985912,0.002737320009618952,0.0037934242446689996,40.10131810470028,-0.00019465982934335118,-0.0002463897098782056,5.172988053485443e-05,5971751.5,-0.015903099433324797,-2.0
2018-07-06 00:00:00,0.0026100000832229,0.0026189999189227,0.0025510000996291,0.0025969999842345,4306990.0,1530835200,0.0026007142982312,0.0027118400111794,0.003791101011118303,40.03259077490997,-0.0001819710734660006,-0.0002335059825957646,5.153490912976401e-05,5854980.5,0.03466133994684095,-2.0
2018-07-07 00:00:00,0.0026010000146925,0.0026459998916834,0.0025470000691711,0.0026449998840689,4205310.0,1530921600,0.0026215714335973144,0.002694080006331156,0.0037899090899059973,42.5762228375323,-0.00016612694424805556,-0.00022003017492622283,5.390323067816727e-05,5752564.0,0.06438624438467033,-2.0
2018-07-08 00:00:00,0.0026420000940561,0.0026710000820457,0.0025730000343173,0.0026110000908374,5004800.0,1531008000,0.002639000004689543,0.002685840008780308,0.0037878080802696322,41.241788754480545,-0.00015453250236359666,-0.00020693064041369763,5.239813805010097e-05,5595628.0,0.05367234903096896,-2.0
2018-07-09 00:00:00,0.0026120000984519,0.0026489999145269,0.0025949999690055,0.0026030000299215,4233540.0,1531094400,0.0026247142814099142,0.0026722000073641037,0.0037866363635831817,40.91682596515326,-0.00014432566526378096,-0.0001944096453837143,5.008398011993335e-05,5584291.5,0.06811657965374396,-2.0
2018-07-10 00:00:00,0.002606000052765,0.0026229999493807,0.0022420000750571,0.0024109999649226,6741490.0,1531180800,0.002592285695884843,0.002652600007131644,0.0037827373722172553,33.99389720654092,-0.00015000036314544683,-0.00018552778893606082,3.552742579061399e-05,5759082.0,0.022910456120834644,-2.0
2018-07-11 00:00:00,0.0024059999268501,0.0024749999865889,0.0023529999889433,0.0024250000715255,9788650.0,1531267200,0.002555857146424843,0.0026338000129907803,0.003777131311256728,34.85937218327399,-0.000151620128045718,-0.00017874625675799228,2.7126128712274275e-05,6050914.5,-0.0008240688741278923,-2.0
2018-07-12 00:00:00,0.0023950000759214,0.0024250000715255,0.0022440000902861,0.0023060000967234,4220800.0,1531353600,0.0025140000174619713,0.00261112001724536,0.0037724444445109235,31.123753017871607,-0.00016065418539571883,-0.0001751278424855376,1.4473657089818763e-05,5797358.5,-0.07723083020663735,-2.0
2018-07-13 00:00:00,0.0023070001043379,0.0023560000117868,0.0022070000413805,0.0023320000618696,6191910.0,1531440000,0.002476142885695557,0.0025833200197666363,0.0037685858598448816,32.817732977307756,-0.00016382726233467575,-0.00017286772645536523,9.04046412068948e-06,5610032.0,-0.06307755140373217,-2.0
2018-07-14 00:00:00,0.0023040000814944,0.0023839999921619,0.0021869998890906,0.0023620000574737,4179950.0,1531526400,0.0024357143390391,0.0025564800202846,0.003765474748562482,34.81002375618995,-0.00016205315188441878,-0.00017070481154117593,8.651659656757152e-06,5325049.5,-0.12615613159006933,-2.0
2018-07-15 00:00:00,0.002369999885559,0.0024149999953806,0.0023199999704957,0.002379999961704,3869860.0,1531612800,0.002402714320591471,0.0025308400206267324,0.003761212122767662,36.035682387433084,-0.00015738052994764733,-0.00016803995522247022,1.0659425274822892e-05,5233859.0,-0.09780140093787593,-2.0
2018-07-16 00:00:00,0.0023660000879317,0.0028689999599009,0.0023660000879317,0.0028540000785142,15576200.0,1531699200,0.0024385714703904285,0.002525480026379176,0.003761323234724828,58.280229010495525,-0.00011411415837189656,-0.0001572547958523555,4.3140637480458934e-05,5809160.5,0.06492543511533921,-2.0
2018-07-17 00:00:00,0.0028119999915361,0.003260999917984,0.0028009999077767,0.0032279998995363,15429200.0,1531785600,0.0025552857467638144,0.002547880019992536,0.0037660202025576474,67.7964947721511,-4.908081419685963e-05,-0.00013561999952125633,8.65391853243967e-05,6292351.5,0.2420161216631942,-2.0
2018-07-18 00:00:00,0.00322200008668,0.004313999786973,0.0031890000682324,0.0037120000924915,39281300.0,1531872000,0.0027391428926161,0.0025907200202345323,0.003772777780382421,75.56443473144463,4.104026360276418e-05,-0.00010028794689645224,0.00014132821049921642,8072514.0,0.4293415922317232,-2.0
2018-07-19 00:00:00,0.0036830001045018,0.0039499998092651,0.003480999963358,0.0038439999334514,25349600.0,1531958400,0.0029588571550058147,0.002644080016761968,0.0037773030320878095,77.18106477901355,0.00012171015217074879,-5.588832708301204e-05,0.00017759847925376084,9148375.0,0.4533081670831811,-2.0
2018-07-20 00:00:00,0.0038290000520646,0.0038360001053661,0.0032939999364316,0.0034099998883903,18017900.0,1532044800,0.0031128571302230573,0.002681080009788228,0.003773383838547853,62.53249938765964,0.00014890495982260686,-1.492966970188826e-05,0.00016383462952449513,9743125.0,0.3060129336482116,-2.0
2018-07-21 00:00:00,0.0034499999601393,0.003531000111252,0.0032170000486075,0.0032699999865144,13342900.0,1532131200,0.0032425714058002997,0.002712760008871508,0.003766060606905709,58.664533879104816,0.0001573464270945308,1.9525549657395554e-05,0.00013782087743713524,9988518.5,0.2562427771516449,-2.0
2018-07-22 00:00:00,0.0033390000462532,0.0035820000339299,0.0032780000474303,0.0034580000210553,11356800.0,1532217600,0.003396571414279057,0.002753600012510968,0.003759070708783238,62.05849053184569,0.0001771641443553463,5.1053268596985705e-05,0.0001261108757583606,10265718.5,0.4342596729014516,-2.0
2018-07-23 00:00:00,0.0034680000972002,0.0036379999946802,0.0034189999569207,0.0034310000482946,8372820.0,1532304000,0.0034789999813905426,0.0027965600136667,0.003747555556603556,61.28028500877754,0.00018851803732401664,7.85462223423919e-05,0.00010997181498162474,10402181.5,0.41484533900910514,-2.0
2018-07-24 00:00:00,0.0034459999296814,0.0036679999902844,0.003389999968931,0.00362000009045,10829100.0,1532390400,0.0035350000086639285,0.00284428001381452,0.0037378080805405647,64.62439276166569,0.0002103421102511941,0.00010490539992415235,0.00010543671032704176,10704569.5,0.5698178398143456,-2.0
2018-07-25 00:00:00,0.0035920001100748,0.0036599999293684,0.003313000081107,0.0035429999697953,13195600.0,1532476800,0.003510857133993043,0.002886040015146088,0.003725676769108435,62.26496833950006,0.00021890122203363721,0.00012770456434604933,9.119665768758789e-05,11174736.0,0.5192966877345717,-2.0
2018-07-26 00:00:00,0.0035300001036375,0.0036450000479817,0.0033539999276399,0.0033929999917745,6916450.0,1532563200,0.003446428570896343,0.0029222000110893957,0.0037052828272935837,57.83514983189344,0.00021114666780986226,0.00014439298503881193,6.675368277105033e-05,11305209.0,0.43649445775353457,-2.0
2018-07-27 00:00:00,0.003387999953702,0.0034610000438988,0.0032840000931173,0.0034179999493062,5090340.0,1532649600,0.003447571436741472,0.0029508000053464884,0.0036809797953776162,58.36678641134461,0.00020465923113781054,0.00015644623425861167,4.821299687919888e-05,11349460.5,0.4361344555900861,-2.0
2018-07-28 00:00:00,0.0034080001059919,0.0034700001124292,0.0033889999613165,0.003400000045076,3341480.0,1532736000,0.003466142873678843,0.0029812800046056043,0.0036557979782986345,57.80169272187314,0.00019580829288193876,0.0001643186459832771,3.148964689866167e-05,11266294.5,0.19131042450638236,-2.0
2018-07-29 00:00:00,0.0034139999188482,0.0034769999329,0.0032860001083463,0.00330700003542,5890530.0,1532822400,0.0034445714471595143,0.0030063600093125837,0.0036345252513207697,54.84704704202582,0.00017922355937122518,0.0001672996286608667,1.1923930710358474e-05,11349144.0,0.024473400973478387,-2.0
2018-07-30 00:00:00,0.003313000081107,0.0033519999124109,0.0030310000292956,0.0032730000093579,13732200.0,1532908800,0.0034220000130257,0.00303332000970836,0.003611636362179615,53.765001712984215,0.00016147513577387512,0.00016613473008346842,-4.659594309593302e-06,11698679.5,-0.1182651056560029,-2.0
2018-07-31 00:00:00,0.0033249999396502,0.0033249999396502,0.0028570001013576,0.0029450000729411,14253600.0,1532995200,0.003325571439095857,0.003047240013256624,0.003586010101975619,44.619699903946525,0.0001195642661099513,0.000156820637288765,-3.72563711788137e-05,11921927.0,-0.23387093550314342,-2.0
2018-08-01 00:00:00,0.0030179999303072,0.0031600000802427,0.002828000113368,0.0031600000802427,14829700.0,1533081600,0.0032708571691597715,0.0030678400211035755,0.003559343436864543,50.55655562023083,0.0001025165566581731,0.00014595982116264665,-4.344326450447355e-05,12452372.0,-0.07331372912906842,-2.0
2018-08-02 00:00:00,0.0030799999367445,0.0031630001030862,0.0029269999358803,0.0029460000805556,6942240.0,1533168000,0.0032070000389856426,0.003081240020692304,0.0035376565700227093,45.34582654224673,7.092058424475363e-05,0.00013095197377906804,-6.003138953431441e-05,12489888.5,-0.09908254045718279,-2.0
2018-08-03 00:00:00,0.0029589999467134,0.0029690000228583,0.0028460000175982,0.0029180001001805,9546950.0,1533254400,0.0031355714891105426,0.003093840023502664,0.003510292936963066,44.69670626813556,4.312407654910588e-05,0.00011338639433307562,-7.026231778396974e-05,12758238.5,-0.15615960601122392,-2.0
2018-08-04 00:00:00,0.0028959999326616,0.0029649999924004,0.0027369998861104,0.0027449999470263,7980110.0,1533340800,0.0030420000465320144,0.003107200022786812,0.0034832525339842575,40.80962272173341,7.05416141857278e-06,9.211994775017506e-05,-8.506578633160228e-05,12963751.0,-0.19994173465817366,-2.0
2018-08-05 00:00:00,0.0027830000035464,0.002915000077337,0.002733000088483,0.0028369999490678,11384200.0,1533427200,0.002974857177053129,0.003123680017888504,0.003457797987555869,43.61775001050358,-1.3947101400256078e-05,7.090653792008883e-05,-8.485363932034491e-05,12754151.0,-0.216298376192821,-2.0
2018-08-06 00:00:00,0.0028719999827444,0.00290900003165,0.0027399999089539,0.0027789999730885,5668670.0,1533513600,0.0029042857433003574,0.003142600012943108,0.0034307272813160154,42.25666406137201,-3.486891962531987e-05,4.9751446411007097e-05,-8.462036603632697e-05,12266124.5,-0.21563646718036544,-2.0
2018-08-07 00:00:00,0.0027749999426305,0.0028270001057535,0.0026599999982863,0.0026710000820457,5725520.0,1533600000,0.002865142887458157,0.0031561600137501524,0.0034050808165861637,39.768162037367084,-5.9478666869164885e-05,2.7905423754972706e-05,-8.738409062413759e-05,10588335.5,-0.21279101428797897,-2.0
2018-08-08 00:00:00,0.0026690000668168,0.0026690000668168,0.0023960000835359,0.0024149999953806,4879040.0,1533686400,0.002758714303906428,0.0031582800112664277,0.0033775151594343947,34.57110452349768,-9.850364764182407e-05,2.6236094756133513e-06,-0.00010112725711743742,9564807.5,-0.2934464507903791,-2.0
2018-08-09 00:00:00,0.0024079999420791,0.0025929999537765,0.0023809999693185,0.0025549998972564,7374010.0,1533772800,0.0027028571348636857,0.003165280008688524,0.003350060614239792,39.24697240300042,-0.00011678814299621648,-2.1258741018752614e-05,-9.552940197746386e-05,9032613.0,-0.24852945194614307,-2.0
2018-08-10 00:00:00,0.002553999889642,0.0026090000756084,0.0023650000803172,0.0023920000530779,4693290.0,1533859200,0.002627714270991886,0.003146800007671072,0.0033172424341730232,36.01941865768423,-0.00014278551988359828,-4.5564096791721745e-05,-9.722142309187654e-05,8600132.5,-0.2766858096588716,-2.0
2018-08-11 00:00:00,0.002379999961704,0.0024600001052021,0.0023449999280273,0.0024039999116212,5083850.0,1533945600,0.002578999980219728,0.003113840008154468,0.0032883030409463264,36.43386351939282,-0.00016056939602400629,-6.856515663817866e-05,-9.200423938582763e-05,8286485.0,-0.2655056814091429,-2.0
2018-08-12 00:00:00,0.0023960000835359,0.0024399999529123,0.0023600000422447,0.0024039999116212,3433940.0,1534032000,0.0025171428320130717,0.0030615200009196557,0.003260262637408498,36.43386351939282,-0.00017267278164940884,-8.93866816404247e-05,-8.328610000898414e-05,8039541.0,-0.1837012386826925,-2.0
2018-08-13 00:00:00,0.0024069999344646,0.0024510000366717,0.002284999936819,0.0023310000542551,4981090.0,1534118400,0.0024531428436083,0.0030010000057518037,0.003233606071032613,34.84154048296118,-0.00018601106064268166,-0.0001087115574408761,-7.729950320180556e-05,7747140.5,-0.26234177371411005,-2.0
2018-08-14 00:00:00,0.0023199999704957,0.0023250000085681,0.0021430000197142,0.0022599999792873,7512400.0,1534204800,0.0023944285432142428,0.0029550000093876844,0.00320777778673649,33.3164146117136,-0.00020000531870444137,-0.00012697030969358917,-7.30350090108522e-05,7462980.5,-0.23285814070274014,-2.0
2018-08-15 00:00:00,0.0022559999488294,0.0024119999725371,0.0022479998879134,0.0023030000738799,5379460.0,1534291200,0.0023784285544284287,0.002916320012882304,0.0031774747561700554,35.16737544751304,-0.0002052600111362747,-0.00014262824998212628,-6.263176115414842e-05,7386131.0,-0.2107607968425217,-2.0
2018-08-16 00:00:00,0.0022990000434219,0.002369999885559,0.0022269999608397,0.0022919999901205,5860370.0,1534377600,0.0023408571391233,0.002869680011644912,0.003149181827808675,34.90049232817492,-0.00020791528953932907,-0.00015568565789356685,-5.2229631645762215e-05,7424632.5,-0.16502730988994785,-2.0
2018-08-17 00:00:00,0.0023159999400377,0.0024780000094324,0.002284999936819,0.0024550000671297,5233940.0,1534464000,0.0023498571411307003,0.002830640012398316,0.00312478789081322,41.93266523645069,-0.0001946233757114807,-0.00016347320145714963,-3.115017425433107e-05,7519255.5,-0.13464923820799501,-2.0
2018-08-18 00:00:00,0.0024770000018179,0.0024989999365061,0.0023680001031607,0.0023940000683069,6738940.0,1534550400,0.0023484285920858,0.0027816000115125916,0.0031049091020843144,40.183285931042754,-0.00018685764967596528,-0.00016815009110091275,-1.8707558575052527e-05,7561676.0,-0.13853900989920565,-2.0
2018-08-19 00:00:00,0.0024129999801516,0.0024729999713599,0.0023660000879317,0.0024729999713599,2665100.0,1534636800,0.002358285743477043,0.0027388000115751766,0.0030847070832745738,43.472360953487964,-0.00017234197291256205,-0.0001689884674632426,-3.3535054493194364e-06,7008321.0,-0.07412957866109571,-2.0
2018-08-20 00:00:00,0.0024639999028295,0.0024850000627338,0.0023600000422447,0.0023690001107752,2424120.0,1534723200,0.002363714322979914,0.002697840016335204,0.0030649091032417877,40.32856145426549,-0.00016730156577519873,-0.00016865108712563382,1.3495213504350896e-06,6416847.0,-0.019047571301610278,-2.0
2018-08-21 00:00:00,0.0023640000727027,0.0024309998843818,0.0023620000574737,0.002424000063911,2134170.0,1534809600,0.002387142906497586,0.0026580800209193957,0.003044343447651329,42.68900598978159,-0.0001570584976450613,-0.00016633256922951933,9.27407158445804e-06,5782070.5,-0.05127195249051453,-2.0
2018-08-22 00:00:00,0.0024230000562965,0.002517000073567,0.0023119999095797,0.0023149999324232,5962320.0,1534896000,0.0023888571720037713,0.002614680016413284,0.003022121223197696,39.36552833913551,-0.00015593862857181482,-0.00016425378109797843,8.315152526163606e-06,5733074.5,-0.03219068517812962,-2.0
2018-08-23 00:00:00,0.0023149999324232,0.0023970000911504,0.0023129999171942,0.0023849999997764,2596260.0,1534982400,0.0024021428876689,0.00257780001498754,0.0030019192020361313,42.46349213985891,-0.0001477001089270299,-0.00016094304666378873,1.3242937736758828e-05,5385540.0,-0.007903457796712976,-2.0
2018-08-24 00:00:00,0.0023910000454634,0.0024359999224543,0.0023539999965578,0.00242600007914,3251910.0,1535068800,0.0023980000322418,0.002543920017778824,0.0029841212207695595,44.259861774711034,-0.00013629157456747192,-0.00015601275224452537,1.972117767705346e-05,5149130.0,0.009151484329283255,-2.0
2018-08-25 00:00:00,0.0024230000562965,0.0024389999452978,0.0023550000041723,0.002369999885559,4028740.0,1535155200,0.0023945714347063858,0.00252092001028354,0.002967484855102423,42.31650939348632,-0.00013026733574445122,-0.00015086366894451054,2.0596333200059318e-05,4781357.0,0.016730943970896917,-2.0
2018-08-26 00:00:00,0.0023680001031607,0.0024129999801516,0.0022879999596625,0.0024039999116212,2912230.0,1535241600,0.002384714283315143,0.00249068000353868,0.0029484747528013403,43.92632065935742,-0.00012135070967878112,-0.00014496107709136466,2.3610367412583538e-05,4643535.0,0.06371678480249843,-2.0
2018-08-27 00:00:00,0.0024039999116212,0.0024679999332875,0.0023870000150054,0.0024619998876005,3618660.0,1535328000,0.002397999965718757,0.002471319995820476,0.0029286666716815393,46.660970866209496,-0.00010835505630500675,-0.0001376398729340931,2.9284816629086347e-05,4538192.0,0.06904029900994768,-2.0
2018-08-28 00:00:00,0.0024749999865889,0.0026189999189227,0.0024510000366717,0.0026070000603795,5215460.0,1535414400,0.002424142822357114,0.002458879994228436,0.002911858589886972,52.85160366338209,-8.537149578985003e-05,-0.00012718619750524447,4.181470171539444e-05,4555013.0,0.13743458622023774,-2.0
2018-08-29 00:00:00,0.0026070000603795,0.0026199999265372,0.0025160000659525,0.002606000052765,4588400.0,1535500800,0.0024657142681202286,0.002453319998457984,0.002899282832978004,52.80608459390705,-6.64713108564554e-05,-0.00011504322017548666,4.8571909319031266e-05,4415732.5,0.061507120776515434,-2.0
2018-08-30 00:00:00,0.002597999991849,0.0032689999788999,0.00259599997662,0.0032059999648481,33967500.0,1535587200,0.0025829999774161856,0.002468079999089196,0.0028953939426990924,69.67952818845669,-3.042724991964875e-06,-9.264312113878231e-05,8.960039614681744e-05,5879443.0,0.3391812336561326,-2.0
2018-08-31 00:00:00,0.003216000040993,0.004848999902606,0.0032130000181496,0.0047940001823008,77150500.0,1535673600,0.0029212857064391568,0.0025486800074576883,0.002908474751606991,84.98291241302414,0.00017336479096637797,-3.944153871775026e-05,0.00021280632968412823,9482775.5,0.9385362870281735,-2.0
2018-09-01 00:00:00,0.0047410000115633,0.0067529999651014,0.0043370001949369,0.0062779998406767,193826000.0,1535760000,0.0034795714143131145,0.002692959997802928,0.002936393942100638,90.04137724617485,0.000427981879739039,5.40431449736076e-05,0.0003739387347654314,19002378.5,1.6500631266844357,-2.0
2018-09-02 00:00:00,0.0063100000843405,0.0065540000796318,0.0045480001717805,0.0049990001134574,139429000.0,1535846400,0.003850285728861143,0.002796320002526,0.002951909094164574,68.59526804405358,0.0005205624482045239,0.00014734700561979086,0.000373215442584733,25724774.0,1.0622937218045152,-2.0
2018-09-03 00:00:00,0.0050260000862181,0.005549999885261,0.0049850000068545,0.0052660000510513,57158800.0,1535932800,0.004250857180782686,0.0029047600086777965,0.0029705151553368783,70.19141591390131,0.0006084638863464598,0.00023957038176512465,0.0003688935045813352,28207094.0,1.2747301100519572,-2.0
2018-09-04 00:00:00,0.0052789999172091,0.0053229997865855,0.0050550000742077,0.0052689998410642,32495100.0,1536019200,0.004631142863737643,0.0030198400001972482,0.002991151518536442,70.20973554688011,0.0006706377725687039,0.0003257838599258405,0.00034485391264286335,29562876.0,1.2092242522256527,-2.0
2018-09-05 00:00:00,0.0052590002305805,0.0053940000943839,0.0048090000636875,0.0049310000613331,50536000.0,1536105600,0.004963285722104514,0.003120920006185724,0.003006242427297569,65.33729219371193,0.0006847439656979667,0.00039757588108026577,0.00028716808461770095,31796657.5,1.0325638501549865,-2.0
2018-09-06 00:00:00,0.00492599979043,0.0050920001231133,0.004664999898523,0.0050099999643862,32481300.0,1536192000,0.005221000007752815,0.003225160008296324,0.0030229697003960163,65.93238677256562,0.0006942944629436715,0.0004569195974529469,0.0002373748654907246,33159025.5,1.1139241376817686,-2.0
2018-09-07 00:00:00,0.0049959998577833,0.0054419999942183,0.0049959998577833,0.0053070001304149,37618700.0,1536278400,0.005294285714626258,0.003344200011342716,0.0030422525296946814,68.14647929827743,0.0007175571795807016,0.0005090471138784979,0.00020851006570220374,34703013.5,1.2075708508807668,-2.0
2018-09-08 00:00:00,0.0052979998290538,0.0058579999022185,0.0052979998290538,0.0056920000351965,48248300.0,1536364800,0.005210571456700514,0.0034814800135790835,0.0030651717220968825,70.79609896836973,0.0007583179080443642,0.0005589012727116712,0.00019941663533269303,36982173.5,1.3119416308113663,-2.0
2018-09-09 00:00:00,0.0057100001722574,0.0058430000208318,0.0057020001113414,0.0058289999142289,32572000.0,1536451200,0.0053291428568107285,0.0036225200071930436,0.0030881111143212874,71.6982588244527,0.0007925399174695405,0.0006056290016632451,0.00018691091580629547,38489567.5,1.23590325248415,-2.0
2018-09-10 00:00:00,0.0058400002308189,0.0069329999387264,0.0058400002308189,0.0068919998593628,76891600.0,1536537600,0.005561428543712371,0.003806520001962736,0.0031204545480019966,77.50493518279535,0.0008951179556057074,0.0006635267924517376,0.00023159116315396978,42227439.0,1.6446660475122776,-2.0
2018-09-11 00:00:00,0.0069309999234974,0.0069309999234974,0.0059529999271035,0.0063289999961853,89882900.0,1536624000,0.0057128571373011,0.00396147999912496,0.0031487070743671424,69.38521379987515,0.0009203729199819266,0.0007148960179577754,0.00020547690202415124,46423468.0,0.9741110622517326,-2.0
2018-09-12 00:00:00,0.0063249999657273,0.0064570000395178,0.0061929998919367,0.0064550000242888,59824100.0,1536710400,0.005930571417723344,0.004123919997364236,0.0031770000050803473,70.13919466153158,0.0009397222769917,0.0007598612697645603,0.0001798610072271397,49284860.0,0.34647471398109775,-2.0
2018-09-13 00:00:00,0.0064679998904466,0.006608999799937,0.0064099999144673,0.0065540000796318,45785700.0,1536796800,0.006151142862758428,0.004287160001695112,0.0032049495011868662,70.7487635575608,0.0009520703841692643,0.0007983030926455012,0.0001537672915237631,51411549.5,0.04396308473390298,-2.0
2018-09-14 00:00:00,0.0065580001100897,0.0066579999402165,0.006095000077039,0.006180000025779,41910000.0,1536883200,0.006275857133524729,0.004439599998295264,0.003229676774053818,65.32360613753316,0.0009210602600361441,0.0008228545261236298,9.820573391251428e-05,53305612.5,0.23624722654883068,-2.0
2018-09-15 00:00:00,0.0061869998462498,0.006266999989748,0.0061340001411736,0.0061650001443922,16956400.0,1536969600,0.006343428577695542,0.004589240001514512,0.0032549899076158204,65.10796656341873,0.0008850715937809214,0.0008352979396550882,4.977365412583328e-05,54007821.0,0.17071782845148742,-2.0
2018-09-16 00:00:00,0.0061909998767077,0.0065310001373291,0.0061409999616444,0.0065310001373291,21598600.0,1537056000,0.006443714323852714,0.004757880009710749,0.0032846666778427944,67.89303283179058,0.0008759856399544923,0.000843435479714969,3.255016023952326e-05,54906818.0,0.2395142027580719,-2.0
2018-09-17 00:00:00,0.0065399999730288,0.0065469997934997,0.0061559998430311,0.0062429998070001,26385900.0,1537142400,0.006351000030658043,0.004912200001999696,0.0033155858676616745,63.59167002030163,0.0008359098875006521,0.0008419303612721057,-6.020473771453628e-06,55965340.0,0.26607173582397015,-2.0
2018-09-18 00:00:00,0.0062310001812875,0.0062799998559057,0.0057890000753104,0.0059810001403093,39689500.0,1537228800,0.0063012857655328994,0.005054400004446468,0.0033433333443797157,59.87528342349194,0.0007740852090329844,0.0008283613308242815,-5.427612179129712e-05,57720395.0,0.19381241174161623,-2.0
2018-09-19 00:00:00,0.0059839999303221,0.0060310000553727,0.0053599998354911,0.0056090001016855,38645300.0,1537315200,0.0061804286337324285,0.005183960013091528,0.0033687878908081038,54.9636790313666,0.0006871503700124522,0.0008001191386619157,-0.00011296876864946349,57954285.0,0.05690596643098056,-2.0
2018-09-20 00:00:00,0.0056050000712275,0.0059000002220273,0.0056050000712275,0.0056949998252093,25354400.0,1537401600,0.006057714311672071,0.005315600009635052,0.003397858595814172,55.86503702970308,0.0006180686322573821,0.000763709037381009,-0.00014564040512362686,55364480.0,0.0005270186216181916,-2.0
2018-09-21 00:00:00,0.0056949998252093,0.0059609999880194,0.0055530001409351,0.0056839999742805,22345300.0,1537488000,0.0059868571614580006,0.005444480013102252,0.003425535362571282,55.71145043743204,0.0005560237654833643,0.0007221719830014801,-0.0001661482175181158,46790445.0,-0.024875611954367494,-2.0
2018-09-22 00:00:00,0.0056819999590516,0.0058169998228549,0.0056039998307824,0.0057580000720918,14917600.0,1537574400,0.005928714293986515,0.005570520013570744,0.003454393949453683,56.576357886962086,0.0005069798034147838,0.0006791335470841409,-0.00017215374366935708,40564875.0,-0.16453856796448696,-2.0
2018-09-23 00:00:00,0.0057649998925626,0.0059070000424981,0.0057359999045729,0.0059009999968111,12445100.0,1537660800,0.005838714273912514,0.005702320011332588,0.0034847575865422083,58.27222420603007,0.0004741849005931928,0.0006381438177859512,-0.00016395891719275845,38329190.0,-0.06762521719579229,-2.0
2018-09-24 00:00:00,0.0059039997868239,0.0060669998638331,0.0056590000167489,0.0056770001538097,17243600.0,1537747200,0.0057578571805996,0.0058011600188910524,0.0035130808205164586,54.67046461365594,0.00042521813853521606,0.0005955586819358042,-0.00017034054340058814,37566615.0,-0.1205267029514564,-2.0
2018-09-25 00:00:00,0.0056799999438226,0.0057939998805522,0.0055869999341666,0.0056859999895095,17598700.0,1537833600,0.005715714301913914,0.0058368400111794005,0.0035399394062808204,54.79137010388011,0.00038272601112641306,0.000552992147773926,-0.00017026613664751294,35919750.0,-0.13243821781751697,-2.0
2018-09-26 00:00:00,0.0056920000351965,0.0057529998011887,0.0056619998067617,0.0056949998252093,11673600.0,1537920000,0.0057279999767030285,0.005813520010560704,0.003566828292954403,54.92085678247813,0.00034579084394028084,0.0005115518870071969,-0.00016576104306691608,34879365.0,-0.07847899652857437,-2.0
2018-09-27 00:00:00,0.0057020001113414,0.0059099998325109,0.0056929998099803,0.0058789998292922,15096200.0,1538006400,0.0057542856915720145,0.005848719999194095,0.003595696978571994,57.595023663562856,0.0003275904614969023,0.00047475960190513804,-0.0001471691404082357,33753240.0,-0.0463909664884844,-2.0
2018-09-28 00:00:00,0.0058639999479055,0.0059650000184774,0.0057830000296235,0.0058309999294579,14461600.0,1538092800,0.005775285685168786,0.005871319994330359,0.003624414150236184,56.65090435063269,0.00030576862613144063,0.0004409614067503986,-0.00013519278061895795,32063905.0,-0.10718116569470315,-2.0
2018-09-29 00:00:00,0.005832000169903,0.0058980002067983,0.0057649998925626,0.0058650001883506,15626800.0,1538179200,0.005790571416062901,0.005895160008221816,0.0036567070808336414,57.18627129131162,0.00028789947518832824,0.00041034902043798454,-0.0001224495452496563,31216645.0,-0.0605477543384928,-2.0
2018-09-30 00:00:00,0.0058670002035796,0.0059099998325109,0.005828000139445,0.0059059998020529,13396600.0,1538265600,0.005791285673954586,0.005934159997850609,0.003689686875940826,57.862084659897796,0.0002738891469078585,0.00038305704573195936,-0.00010916789882410083,28041895.0,-0.012539765339734887,-2.0
2018-10-01 00:00:00,0.0059009999968111,0.0060239997692406,0.0058809998445212,0.0059420000761747,20096400.0,1538352000,0.005829142805721015,0.005971440002322148,0.003724353543172232,58.481801015103514,0.00026266296688122037,0.00035897822996181156,-9.63152630805912e-05,24552570.0,0.05936886583209966,-2.0
2018-10-02 00:00:00,0.0059270001947879,0.0059639997780323,0.0057890000753104,0.005824000108987,15357200.0,1538438400,0.005848857108503515,0.005992120001465032,0.003758080816366709,55.59563461834877,0.00024146111372992142,0.00033547480671543354,-9.401369298551212e-05,22329225.0,0.022651499163647282,-2.0
2018-10-03 00:00:00,0.005812999792397,0.005826000124216,0.0056549999862909,0.0057040001265704,15933900.0,1538524800,0.005850142865840814,0.005992600005119988,0.00379066667613578,52.74484837361525,0.00021252563344732397,0.00031088497206181167,-9.83593386144877e-05,20836635.0,0.0035186756475014125,-2.0
2018-10-04 00:00:00,0.0057120001874864,0.0057669999077916,0.0055760000832378,0.0056449999101459,14529600.0,1538611200,0.005816714305962771,0.005985240004956668,0.003823070716338579,51.3506423683534,0.00018272687085077195,0.00028525335181960374,-0.00010252648096883179,19467615.0,-0.019624897626103754,-2.0
2018-10-05 00:00:00,0.0056469999253749,0.0057439999654889,0.0056250002235174,0.0056690000928938,12566200.0,1538697600,0.005793571472167899,0.005936320014297908,0.0038565252625354725,51.90753258396811,0.00015921244896896676,0.00026004517124947633,-0.00010083272228050957,19248105.0,-0.03931535401502684,-2.0
2018-10-06 00:00:00,0.0056859999895095,0.0057700001634657,0.0054830000735819,0.0055450000800192,13055500.0,1538784000,0.0057478571709777,0.005904960017651264,0.0038880202119623885,48.79940478815999,0.00012908334306052996,0.00023385280561168706,-0.0001047694625511571,18820950.0,-0.023251729824583123,-2.0
2018-10-07 00:00:00,0.0055590001866221,0.0055749998427927,0.0055120000615715,0.0055619999766349,7755690.0,1538870400,0.005698714338775128,0.005869240015745109,0.003918959606307124,49.24807807019056,0.00010536300006388447,0.00020815484450212654,-0.00010279184443824207,17889439.5,-0.021807951653777025,-2.0
2018-10-08 00:00:00,0.0055729998275637,0.005652000196278,0.005549999885261,0.0055780000984668,12177400.0,1538956800,0.005646714341959715,0.005830200016498508,0.003950161626562428,49.69489431807087,8.68543307959652e-05,0.00018389474176089428,-9.704041096492909e-05,16513834.5,-0.020544289786382897,-2.0
2018-10-09 00:00:00,0.0055940002202987,0.005638999864459,0.0055740000680089,0.005634999834001,8996090.0,1539043200,0.005619714302676,0.005808400008827388,0.003979777785563661,51.33849471568114,7.591043114666633e-05,0.0001622978796380487,-8.638744849138238e-05,15031374.0,-0.04150365748872231,-2.0
2018-10-10 00:00:00,0.0056280000135302,0.0056480001658201,0.0055309999734163,0.00555199990049,10274400.0,1539129600,0.005597999984664514,0.0057838799990713,0.004009212127350448,48.836325159139285,5.984999733911044e-05,0.00014180830317826106,-8.195830583915061e-05,14277374.0,-0.04784771605954019,-2.0
2018-10-11 00:00:00,0.0055470000952482,0.0055470000952482,0.0049009998328983,0.0049999998882412,18770800.0,1539216000,0.005505857124392414,0.005722639989107784,0.004032646470486768,36.199840199672664,2.550796115746712e-06,0.0001139568017657582,-0.00011140600565001149,14098649.0,-0.1474851274220781,-2.0
2018-10-12 00:00:00,0.0049820002168416,0.0052829999476671,0.0049569997936487,0.0052470001392066,9635600.0,1539302400,0.005445571416722814,0.0056828000023960434,0.004059393946645789,43.27303830548349,-2.2667085633133917e-05,8.663202428597978e-05,-0.0001092991099191137,13834549.0,-0.11158138925389649,-2.0
2018-10-13 00:00:00,0.0052450001239776,0.0052720000967383,0.0051629999652504,0.0051819998770952,8095130.0,1539388800,0.005393714244876529,0.00565083999186748,0.0040855050566746855,41.954846555404764,-4.735157702210474e-05,5.983530402436289e-05,-0.00010718688104646763,13617050.5,-0.1279030948058768,-2.0
2018-10-14 00:00:00,0.0051739998161792,0.0052229999564588,0.0051449998281896,0.0051580001600086,7930760.0,1539475200,0.005335999985358485,0.005632799994200403,0.004110888897845793,41.452746569679455,-6.806616648735633e-05,3.425500992201905e-05,-0.00010232117640937537,13151408.5,-0.11435438470385617,-2.0
2018-10-15 00:00:00,0.0051529998891055,0.0054569998756051,0.0051239999011158,0.0052180001512169,18579800.0,1539561600,0.005284571421465643,0.005613720007240708,0.00413722223178902,43.280306776306794,-7.87335388040579e-05,1.1657300176803661e-05,-9.039083898086156e-05,13200463.5,-0.08520335984734873,-2.0
2018-10-16 00:00:00,0.0052220001816749,0.0052220001816749,0.0049660000950098,0.005016999784857,11794600.0,1539648000,0.005196285700159357,0.005587039999663769,0.00416160606769746,38.89963206156884,-0.00010222813564153381,-1.1119786986863833e-05,-9.110834865466998e-05,13206513.5,-0.11124891679097804,-2.0
2018-10-17 00:00:00,0.0050099999643862,0.0050249998457729,0.004492999985814,0.0045989998616278,24144600.0,1539734400,0.0050601428374647565,0.005540679991245207,0.004183707076755088,31.71129153642856,-0.00015281531352802184,-3.945889229509544e-05,-0.0001133564212329264,13658933.5,-0.18874584825060525,-2.0
2018-10-18 00:00:00,0.0046049999073147,0.0047289999201893,0.0043359999544918,0.0043859998695552,22842600.0,1539820800,0.004972428549081043,0.0054800799861549725,0.004203515155523065,28.79159971601051,-0.00020769910966108446,-7.310693576829324e-05,-0.00013459217389279123,14077983.5,-0.2090171674911836,-2.0
2018-10-19 00:00:00,0.0043890001252293,0.0045659998431801,0.0042730001732707,0.0044700000435113,17274700.0,1539907200,0.004861428535410286,0.005431799981743035,0.004225373740844154,31.471268144853468,-0.0002416314248382262,-0.00010681183358227984,-0.00013481959125594635,14160378.5,-0.19633224338563882,-2.0
2018-10-20 00:00:00,0.00450100004673,0.0045579997822642,0.0044430000707507,0.0045509999617934,7574780.0,1539993600,0.0047712856903671715,0.005386399980634392,0.004247787881247425,34.04855765873303,-0.0002590014056429628,-0.00013724974799441645,-0.00012175165764854637,13869287.5,-0.184116191922565,-2.0
2018-10-21 00:00:00,0.0045520002022385,0.0046020001173019,0.0045090001076459,0.0045170001685619,7521080.0,1540080000,0.004679714263017643,0.005339279994368495,0.004269555559137205,33.47938457215595,-0.00027237101621051946,-0.00016427400163763705,-0.0001080970145728824,13240521.5,-0.1984027858693459,-2.0
2018-10-22 00:00:00,0.0045079998672008,0.0045349998399615,0.0043569998815655,0.0043660001829266,10602500.0,1540166400,0.004557999981833314,0.005278760008513872,0.004289616167432383,31.000799421425313,-0.0002917874220197073,-0.0001897766857140511,-0.00010201073630565621,13002786.5,-0.21361666765497012,-2.0
2018-10-23 00:00:00,0.0043730000033974,0.0044010002166032,0.004135999828577,0.0041720001026988,12913100.0,1540252800,0.004437285741525,0.005212400015443508,0.004302929298989803,28.12037086149975,-0.0003191502828625162,-0.00021565140514374415,-0.00010349887771877206,12851746.5,-0.16559996080993056,-2.0
2018-10-24 00:00:00,0.0041620000265538,0.0041629998013377,0.0038590000476688,0.0039110002107918,17832300.0,1540339200,0.004339000077119857,0.005134240016341156,0.004309828292032788,24.783970226414368,-0.0003577718856366428,-0.0002440755012423239,-0.00011369638439431891,13016881.5,-0.2546216681855885,-2.0
2018-10-25 00:00:00,0.0039119999855756,0.0039209998212754,0.0036760000512003,0.0037169998977333,12336100.0,1540425600,0.004243428652573871,0.005046680020168372,0.004309878795116039,22.6343037779406,-0.00039942961209241557,-0.00027514632341234225,-0.00012428328868007332,13005376.5,-0.28270938134084134,-2.0
2018-10-26 00:00:00,0.003703000023961,0.0039840000681579,0.003703000023961,0.0039840000681579,16214900.0,1540512000,0.0041740000846662425,0.0049683600198477005,0.004311292937890851,31.447209576701795,-0.0004062163686595925,-0.00030136033246179234,-0.00010485603619780014,13163346.5,-0.22760761059161017,-2.0
2018-10-27 00:00:00,0.0040110000409185,0.0042559998109936,0.0040110000409185,0.0041950000450015,23286000.0,1540598400,0.004123142953695972,0.00490320001728828,0.004319222232402075,37.50572828843227,-0.00039007247472715514,-0.0003191027609148649,-7.096971381229025e-05,13939862.0,-0.1960521419258342,-2.0
2018-10-28 00:00:00,0.0041880002245306,0.0041880002245306,0.0040350002236664,0.0040629999712109,11694700.0,1540684800,0.004058285782645829,0.0048375600110739,0.004327232333257595,35.3980830586721,-0.0003835087748291716,-0.0003319839636977262,-5.152481113144538e-05,13915727.0,-0.190153449184031,-2.0
2018-10-29 00:00:00,0.0040480000898242,0.004064000211656,0.0038350000977516,0.0038469999562948,14051900.0,1540771200,0.003984142893127001,0.004765640012919856,0.004331161625532743,32.20849478104955,-0.00039122657496133435,-0.0003438324859504479,-4.739408901088647e-05,14168517.5,-0.1635137916848799,-2.0
2018-10-30 00:00:00,0.0038570000324398,0.0039079999551177,0.0038189999759197,0.0038499999791383,11828900.0,1540857600,0.0039381428754755,0.004692880008369636,0.004335393948066517,32.29973802047779,-0.0003925755438983179,-0.0003535810975400219,-3.8994446358296014e-05,14246242.5,-0.12220700099365434,-2.0
2018-10-31 00:00:00,0.0038350000977516,0.003872999921441,0.0036899999249726,0.0037640000227838,14273900.0,1540944000,0.003917142848617215,0.00462164000608022,0.004336848492837566,31.011185456131074,-0.0003960190283997505,-0.0003620686837119677,-3.3950344687782804e-05,14021397.5,-0.15794183755150892,-2.0
2018-11-01 00:00:00,0.0037589999847114,0.0039510000497102,0.0037529999390244,0.0037769998889416,10034100.0,1541030400,0.003925714275932686,0.004550240002572488,0.004339212128384498,31.456324676585325,-0.00039316685139654996,-0.0003682883172488842,-2.4878534147665756e-05,14041322.5,-0.1700725289715872,-2.0
2018-11-02 00:00:00,0.0037779998965561,0.0038099999073892,0.0037450001109391,0.0037730000913143,11323400.0,1541116800,0.0038955714220978857,0.004478040002286388,0.004343050513228334,31.38921556925645,-0.0003867707780407046,-0.0003719848094072483,-1.4785968633456283e-05,14202736.0,-0.164711102387333,-2.0
2018-11-03 00:00:00,0.0037760001141577,0.003785999957472,0.0037299999967217,0.0037330000195652,7815160.0,1541203200,0.0038295714184641287,0.004401960009708956,0.00434623233211984,30.68420473617998,-0.0003805428541773263,-0.0003736964183612639,-6.846435816062406e-06,14196956.0,-0.14498399836004816,-2.0
2018-11-04 00:00:00,0.0037489999085664,0.003787999972701,0.0036760000512003,0.0036760000512003,8992540.0,1541289600,0.0037742857156054716,0.004326920015737369,0.00434902021096958,29.66182615917313,-0.0003758737619695739,-0.0003741318870829259,-1.7418748866480276e-06,13717593.0,-0.11888783300308303,-2.0
2018-11-05 00:00:00,0.0036639999598264,0.0037440001033246,0.003616000059992,0.003622000105679,11645300.0,1541376000,0.003742142879803214,0.0042718000244348795,0.004352202029861084,28.686656474178747,-0.0003722398675809306,-0.00037375348318252686,1.5136156015962531e-06,13710128.0,-0.07389416761352996,-2.0
2018-11-06 00:00:00,0.0036319999489933,0.0037320000119507,0.003616000059992,0.0036959999706596,15554100.0,1541462400,0.003720142878591972,0.004209760017693,0.004356474756742921,31.986546185422938,-0.00035924762642236324,-0.0003708523118304941,1.1604685408130879e-05,13280603.0,-0.005649698049899343,-2.0
2018-11-07 00:00:00,0.0036979999858886,0.0037189999129623,0.0036249998956918,0.0036369999870657,10603600.0,1541548800,0.0037020000163465287,0.00414796002209182,0.004363464654865391,30.764238769687594,-0.0003496810814546526,-0.00036661806575532586,1.693698430067325e-05,12668653.0,-0.08709841243869354,-2.0
2018-11-08 00:00:00,0.0036369999870657,0.0036599999293684,0.0033770001027733,0.0033839999232441,13533900.0,1541635200,0.0036458571641040287,0.00407700001262124,0.004365727279542173,26.14965544871177,-0.00035838329682521056,-0.0003649711119693028,6.587815144092264e-06,12481613.0,-0.19332541431644013,-2.0
2018-11-09 00:00:00,0.0033690000418573,0.0033730000723153,0.0030950000509619,0.0031399999279528,18644000.0,1541721600,0.0035554285693381,0.003993880003690675,0.004367686873960326,22.624914977880067,-0.00038058151878463814,-0.0003680931933323699,-1.2488325452268223e-05,13035074.0,-0.22717205262076767,-2.0
2018-11-10 00:00:00,0.0031349998898804,0.0033470001071691,0.0030920000281184,0.0032850001007318,15996900.0,1541808000,0.0034914285809333283,0.0039246000163256686,0.004371393944672966,28.769473875901312,-0.000382069211450997,-0.00037088839695609537,-1.1180814494901603e-05,13458865.0,-0.14608782478497473,-2.0
2018-11-11 00:00:00,0.0032780000474303,0.0032860001083463,0.0031419999431818,0.0031620000954717,8201330.0,1541894400,0.003418000015829243,0.0038671200256794242,0.004375606067384535,26.823544678848847,-0.00038869268377215733,-0.0003744492543193078,-1.4243429452849522e-05,13338806.5,-0.17870126945314613,-2.0
2018-11-12 00:00:00,0.0031640001107007,0.0031729999464005,0.0030390000902116,0.0030640000477433,10401200.0,1541980800,0.0033382857218384287,0.0038142400328069477,0.004377898997674186,25.35219300517872,-0.000397270135309553,-0.0003790134305173569,-1.825670479219609e-05,13213211.5,-0.18597236206252465,-2.0
2018-11-13 00:00:00,0.0030660000629723,0.003086999990046,0.0029430000577121,0.0029450000729411,7309800.0,1542067200,0.003231000022164357,0.00375324003398414,0.004379575766359566,23.655374424052297,-0.0004089559413665532,-0.00038500193268719613,-2.395400867935706e-05,12687086.5,-0.22028060377667769,-2.0
2018-11-14 00:00:00,0.0029470000881701,0.0029539999086409,0.0026120000984519,0.0026950000319629,15358000.0,1542153600,0.0030964286000068142,0.0036790000367909205,0.0043798181900961035,20.54443238668722,-0.00043339404406626423,-0.0003946803549630098,-3.8713689103254446e-05,12838181.5,-0.285714294529976,-2.0
2018-11-15 00:00:00,0.0027030000928789,0.0028160000219941,0.00251100002788,0.0027999999001622,22776600.0,1542240000,0.0030130000252808287,0.003610320026054932,0.004383707078023191,25.00536483736211,-0.00043922568439838704,-0.0004035894208500853,-3.563626354830175e-05,13166266.5,-0.2499330604106642,-2.0
2018-11-16 00:00:00,0.0028029999230057,0.0028190000448375,0.0026670000515878,0.0027459999546408,24758900.0,1542326400,0.002956714314807686,0.0035455200169235003,0.0043856363715321246,24.25127154436609,-0.00044309690043354156,-0.00041149091676677657,-3.160598366676499e-05,13239911.5,-0.2529924057688284,-2.0
2018-11-17 00:00:00,0.0027459999546408,0.0027709999121725,0.0025629999581724,0.0025949999690055,18533300.0,1542412800,0.0028581428674182142,0.003482440011575768,0.004387686875733413,22.232238856863603,-0.0004531259500224925,-0.0004198179234179198,-3.3308026604572725e-05,13581841.5,-0.2835450322221823,-2.0
2018-11-18 00:00:00,0.0025969999842345,0.0026449998840689,0.0025750000495463,0.0026430001016706,11556400.0,1542499200,0.0027840000111609142,0.00343172000721092,0.004390101019067246,24.387272019418845,-0.0004519905686043977,-0.0004262524524552154,-2.5738116149182316e-05,13457066.5,-0.28490256421757454,-2.0
2018-11-19 00:00:00,0.0026410000864416,0.0027169999666512,0.0024149999953806,0.0024180000182241,16481100.0,1542585600,0.002691714292658171,0.0033797600120305514,0.0043902424342854565,21.39445288924236,-0.00046389885969302545,-0.0004337817339027774,-3.0117125790248033e-05,13689676.5,-0.33516633851436395,-2.0
2018-11-20 00:00:00,0.0024139999877661,0.0024369999300688,0.0021840000990778,0.0022539999336004,20588800.0,1542672000,0.002592999987038072,0.003310560006648252,0.004389464655288945,19.514603495644167,-0.0004810247485251169,-0.00044323033682724537,-3.779441169787155e-05,14005421.5,-0.3339243543954977,-2.0
2018-11-21 00:00:00,0.0022660000249743,0.0025049999821931,0.0021740000229328,0.0024480000138282,28366700.0,1542758400,0.002557714270161686,0.00324068000540132,0.004391363645536833,27.616789923491737,-0.0004734849143038819,-0.0004492812523225727,-2.4203661981309164e-05,14922051.5,-0.2203821433129034,-2.0
2018-11-22 00:00:00,0.0024540000595152,0.0024810000322759,0.0023439999204128,0.0024119999725371,13264200.0,1542844800,0.0025022857090723854,0.003174640005454368,0.004392464654614178,27.07216943400178,-0.0004650535954665476,-0.0004524357209513677,-1.2617874515179867e-05,15019091.5,-0.2657534555326867,-2.0
2018-11-23 00:00:00,0.0024079999420791,0.0024190000258386,0.0022899999748915,0.0023610000498592,11322000.0,1542931200,0.0024472857226750144,0.0031152000091969447,0.0043931616249145685,26.281451959225322,-0.0004572164751612709,-0.0004533918717933484,-3.824603367922502e-06,15194433.5,-0.2533206898885335,-2.0
2018-11-24 00:00:00,0.0023640000727027,0.0023900000378489,0.0021939999423921,0.0022239999379962,11318100.0,1543017600,0.0023942857182451143,0.00305016000755126,0.004390828290276857,24.233801117682688,-0.00045679462088083714,-0.00045407242161084614,-2.722199269991003e-06,15310711.5,-0.2741514675777429,-2.0
2018-11-25 00:00:00,0.0022299999836832,0.0022619999945163,0.0020729999523609,0.0022199999075382,11793900.0,1543104000,0.002333857119083343,0.0029884000029414357,0.004389070712895354,24.174577830687497,-0.00045157756231155397,-0.00045357344975098773,1.9958874394337576e-06,15318141.5,-0.246180016110784,-2.0
2018-11-26 00:00:00,0.0022179998923093,0.0022539999336004,0.0020399999339133,0.0020989999175071,11991200.0,1543190400,0.0022882856761237717,0.0029212800040840565,0.004385292934573609,22.39191608126096,-0.00045199636107244156,-0.0004532580320152785,1.2616709428369473e-06,15139996.5,-0.2211503181399609,-2.0
2018-11-27 00:00:00,0.0020949998870491,0.0021059999708086,0.0020059999078512,0.0020870000589638,11737900.0,1543276800,0.002264428551175686,0.0028538400027900363,0.004382444449201777,22.216943566141225,-0.00044813077775097965,-0.00045223258116241876,4.101803411439109e-06,15196711.5,-0.25464280950763507,-2.0
2018-11-28 00:00:00,0.0020890000741928,0.0023020000662654,0.0020830000285059,0.0022460001055151,14675800.0,1543363200,0.0022355714214166715,0.002794360006228032,0.004380646469824041,30.01989614729628,-0.0004273115189821976,-0.00044724836872637455,1.9936849744176953e-05,15253806.5,-0.18208297792601535,-2.0
2018-11-29 00:00:00,0.0022509999107569,0.0022770001087337,0.0021860001143068,0.0022410000674426,12848617.0,1543449600,0.0022111428635460287,0.0027369600068777237,0.004379898996440398,29.918254671766505,-0.0004065293504029559,-0.00043910456506169085,3.257521465873498e-05,14964037.35,-0.1364161486670714,-2.0
2018-11-30 00:00:00,0.0022400000598281,0.0022549999412149,0.0021299999207258,0.0021649999544024,11289729.0,1543536000,0.002183142849909343,0.0026786800008266605,0.004377676773759853,28.34717855971641,-0.0003916768985631333,-0.00042961903176197934,3.794213319884606e-05,14728678.8,-0.18085513767709027,-2.0
2018-12-01 00:00:00,0.0021750000305473,0.0022789998911321,0.0021550001110881,0.0022499999031424,9596327.0,1543622400,0.0021868571306445143,0.0026208399981259723,0.004375898994204322,32.60952362569212,-0.0003687961851303024,-0.00041745446243564397,4.865827730534159e-05,14798428.65,-0.06947895525868841,-2.0
2018-12-02 00:00:00,0.0022519999183714,0.0022710000630468,0.0022160001099109,0.0022460001055151,9346514.0,1543708800,0.002190571444641214,0.0025652000028639475,0.004374646471173574,32.511516742345265,-0.0003469859668938772,-0.00040336076332729066,5.6374796433413454e-05,14745694.35,-0.0035491696188836297,-2.0
2018-12-03 00:00:00,0.0022470001131296,0.0023860000073909,0.0021440000273287,0.0023709998931735,12481724.0,1543795200,0.0022294285840221287,0.0025246800016611236,0.004374313137653902,38.71093658676992,-0.0003159724400077584,-0.0003858830986633842,6.991065865562582e-05,15004290.55,-0.03145429747538553,-2.0
2018-12-04 00:00:00,0.002369999885559,0.0023789999540895,0.0021710000000894,0.002195999957621,17851389.0,1543881600,0.0022449999981160144,0.002486920002847852,0.00437162626967431,34.00184476841922,-0.00030203337602415815,-0.00036911315413553904,6.707977811138088e-05,15128960.0,-0.08955224600972822,-2.0
2018-12-05 00:00:00,0.0021939999423921,0.0022579999640583,0.0021430000197142,0.0021800000686198,20634689.0,1543968000,0.0022355714214166854,0.0024427200015633716,0.004367313138444414,33.59940688614722,-0.0002889468255752887,-0.000353079888423489,6.41330628482003e-05,15021864.45,-0.07666242160824777,-2.0
2018-12-06 00:00:00,0.0021780000533908,0.0022269999608397,0.0020969999022781,0.0020969999022781,24766152.0,1544054400,0.0022149999692503285,0.002400119993835628,0.0043621717227829305,31.515549764657024,-0.00028202208478277395,-0.000338868327695346,5.6846242912572047e-05,15022227.05,-0.05710433419909444,-2.0
2018-12-07 00:00:00,0.0021039999555796,0.0021389999892562,0.0020310000982135,0.0021039999555796,27761895.0,1544140800,0.0022062856837042144,0.00236171999014908,0.004351040409557996,31.899164986811428,-0.0002728243823625046,-0.0003256595386287777,5.283515626627313e-05,15483656.8,-0.05225223278825919,-2.0
2018-12-08 00:00:00,0.0020959998946636,0.0021569998934865,0.0020679999142885,0.0021200000774115,18741868.0,1544227200,0.0021877142800283715,0.002328719990327896,0.0043240303074884075,32.82538817558161,-0.00026123273248695707,-0.0003127741774004136,5.1541444913456554e-05,15842930.2,0.010004840747845689,-2.0
2018-12-09 00:00:00,0.00211300002411,0.0021440000273287,0.0020890000741928,0.0021019999403506,16961970.0,1544313600,0.0021671428278620146,0.002304999986663404,0.004281848490313396,32.29326475797926,-0.00025060985269203303,-0.0003003413124587375,4.973145976670449e-05,15866973.7,0.0071872932261667355,-2.0
2018-12-10 00:00:00,0.0020979999098926,0.002119000069797,0.0020739999599754,0.0020999999251216,15898038.0,1544400000,0.0021284285467117426,0.00227699998766178,0.004252565660128186,32.23074532598723,-0.0002395906762590978,-0.00028819118521880956,4.860050895971177e-05,15632435.6,-0.06500452962357095,-2.0
2018-12-11 00:00:00,0.0020969999022781,0.0021009999327361,0.002064999891445,0.0020880000665783,16096640.0,1544486400,0.0021129999908485,0.0022506799921392802,0.0042204646501840136,31.83254470274001,-0.00022918429396598904,-0.00027638980696824547,4.720551300225643e-05,15018932.6,-0.06827309070048426,-2.0
2018-12-12 00:00:00,0.0020890000741928,0.0021369999740272,0.0020769999828189,0.002111000008881,18564007.0,1544572800,0.002103142839457243,0.0022313199937343,0.0041885656619801434,33.527692787902055,-0.00021658460538779992,-0.0002644287666521564,4.784416126435648e-05,15283922.95,-0.024942238641434633,-2.0
2018-12-13 00:00:00,0.0021180000621825,0.002119000069797,0.0020449999719858,0.002064999891445,17660417.0,1544659200,0.0020985714093382283,0.002208199985325276,0.004159616165314607,31.823214457923953,-0.00020791437891388162,-0.0002531258891045015,4.5211510190619865e-05,15600843.8,-0.08222223096055481,-2.0
2018-12-14 00:00:00,0.002066999906674,0.0020850000437349,0.0020560000557452,0.0020699999295175,16163454.0,1544745600,0.0020937142627579287,0.002194279981777012,0.004129919195265428,32.22653150830246,-0.000198353208366836,-0.0002421713529569684,4.3818144590132395e-05,15843111.5,-0.07836160629085798,-2.0
2018-12-15 00:00:00,0.0020699999295175,0.002121000085026,0.0020630001090466,0.00211300002411,13579048.0,1544832000,0.002092714255143429,0.002188639985397396,0.004097656567929015,35.746875447148,-0.00018517162038252013,-0.00023077140644207875,4.5599786059558625e-05,15932368.9,-0.10881479573505015,-2.0
2018-12-16 00:00:00,0.0021059999708086,0.0021450000349432,0.0021009999327361,0.0021250001154839,16084725.0,1544918400,0.0020959999944481856,0.002175719989463624,0.004061626265709695,36.73450061751054,-0.000171776675266605,-0.00021897246020698402,4.719578494037901e-05,16137045.15,-0.032331440577082926,-2.0
2018-12-17 00:00:00,0.0021250001154839,0.0027159999590367,0.002119000069797,0.0025329999625682,38633067.0,1545004800,0.002157857142654843,0.002180559989064868,0.004028333336905042,59.51798522487663,-0.00012677749484978594,-0.0002005334671355444,7.375597228575847e-05,17481803.5,0.1619265517601065,-2.0
2018-12-18 00:00:00,0.0025359999854117,0.0026899999938905,0.0024709999561309,0.0026839999482035,39838880.0,1545091200,0.0022429999828870143,0.00219347998499864,0.003985828287297373,64.59920327953319,-7.803138604120258e-05,-0.00017603305091667604,9.800166487547346e-05,18739957.5,0.2799237354697566,-2.0
2018-12-19 00:00:00,0.0026740001048892,0.0027709999121725,0.0025619999505579,0.0027199999894946,29874095.0,1545177600,0.0023299999801175285,0.002213319987058576,0.0039493737417752445,65.70443773912243,-3.607894552075863e-05,-0.00014804222983749257,0.00011196328431673395,19591231.4,0.2927756876997212,-2.0
2018-12-20 00:00:00,0.0027069998905062,0.0027789999730885,0.0026100000832229,0.0027310000732541,23713034.0,1545264000,0.0024251428632331143,0.002233759993687212,0.0039117575806536815,66.05319079118178,-1.921568681808889e-06,-0.00011881809760635585,0.00011689652892454696,20212396.65,0.28820753468491644,-2.0
2018-12-21 00:00:00,0.0027220000047236,0.0027449999470263,0.0025100000202655,0.0025450000539422,22399777.0,1545350400,0.002493000023865214,0.002251599999144616,0.003871262630899241,55.73287037551572,1.0024198739003523e-05,-9.304963833728397e-05,0.0001030738370762875,20852569.15,0.2107517251012434,-2.0
2018-12-22 00:00:00,0.0025390000082552,0.0025609999429434,0.0024160000029951,0.0025019999593496,18456616.0,1545436800,0.0025485714431851573,0.002268199995160048,0.0038341111150767223,53.64608160819219,1.5838975369130738e-05,-7.127191559600104e-05,8.711089096513178e-05,21308074.25,0.1914285945532701,-2.0
2018-12-23 00:00:00,0.0025019999593496,0.0025889999233186,0.0024999999441206,0.0025420000310987,20041491.0,1545523200,0.0026081428597015573,0.002280039992183392,0.0037975151543363835,55.32194041232124,2.3405099815806442e-05,-5.233651251363954e-05,7.574161232944598e-05,21686062.6,0.21743292626632438,-2.0
2018-12-24 00:00:00,0.0025500000920146,0.0026380000635981,0.0025400000158697,0.0025400000158697,24536966.0,1545609600,0.002609142867316057,0.002291999990120476,0.0037572020217963896,55.214452171146284,2.890670493592212e-05,-3.6087869023727215e-05,6.499457395964933e-05,22020341.45,0.20322122462524495,-2.0
2018-12-25 00:00:00,0.0025549998972564,0.0025549998972564,0.0023179999552667,0.0024039999116212,19340547.0,1545696000,0.0025691428620900143,0.0023015599884092276,0.003718424245075391,48.336912825530156,2.2038647013785263e-05,-2.4462565816224722e-05,4.6501212830009985e-05,21955634.35,0.16416466731094204,-2.0
2018-12-26 00:00:00,0.0024019998963922,0.0024959999136626,0.0023940000683069,0.0024739999789744,17477619.0,1545782400,0.0025340000034442716,0.002310519991442508,0.003683000001021503,51.67355090247372,2.1990588236711454e-05,-1.5171935005637487e-05,3.716252324234894e-05,21591207.7,0.19516911266324,-2.0
2018-12-27 00:00:00,0.0024770000018179,0.0024860000703483,0.0023640000727027,0.0023640000727027,19224932.0,1545868800,0.0024815714319369286,0.002315239990130012,0.00365022222295097,46.582260731216564,1.2927409056512004e-05,-9.55206619320759e-06,2.2479475249719596e-05,21164359.55,0.11878847407889737,-2.0
2018-12-28 00:00:00,0.0023620000574737,0.0024470000062137,0.0023040000814944,0.0024339999072253,19439895.0,1545955200,0.002465714268120228,0.002317759990692084,0.00361728282984002,49.961020898591116,1.126333913016456e-05,-5.38898512853316e-06,1.6652324258697722e-05,21199260.9,0.14541165879938567,-2.0
2018-12-29 00:00:00,0.0024389999452978,0.0024459999985992,0.0023880000226199,0.0024029999040067,16985015.0,1546041600,0.0024515714030712427,0.002326039988547512,0.00358414141498877,48.49801775689862,7.358288770087547e-06,-2.839530348809018e-06,1.0197819118896566e-05,21200413.15,-0.051322566317645424,-2.0
2018-12-30 00:00:00,0.002379999961704,0.0024019998963922,0.0023409998975694,0.0023670000955462,16846019.0,1546128000,0.0024265714122780288,0.002333519989624568,0.0035498888899731574,46.78468849855012,1.3431416447441148e-06,-2.0029959500983914e-06,3.3461375948425062e-06,21247812.2,-0.1181072499161111,-2.0
2018-12-31 00:00:00,0.002369999885559,0.0023950000759214,0.0023250000085681,0.0023459999356418,18724788.0,1546214400,0.0023988571151026144,0.002343479990959116,0.003513979798446195,45.76892031457359,-5.060113350616093e-06,-2.614419430201932e-06,-2.445693920414161e-06,21379219.6,-0.13750002032988706,-2.0
2019-01-01 00:00:00,0.0023459999356418,0.0023920000530779,0.0023219999857246,0.0023920000530779,17364744.0,1546300800,0.0023971428495964285,0.002354999994859048,0.003480797979246884,48.41113359181269,-6.349718427855512e-06,-3.361479229732648e-06,-2.988239198122864e-06,21319256.45,-0.12413035923952476,-2.0
2019-01-02 00:00:00,0.0023880000226199,0.0024580000899732,0.002371999900788,0.0024069999344646,18015392.0,1546387200,0.0023875714146664568,0.002366479989141172,0.0034476767665696626,49.27893735925479,-6.0911595780033245e-06,-3.907415299386784e-06,-2.1837442786165407e-06,21337005.2,-0.05422401436252955,-2.0
2019-01-03 00:00:00,0.0024039999116212,0.0024139999877661,0.0023560000117868,0.0023600000422447,17619234.0,1546473600,0.0023869999817438857,0.002376799993216936,0.0034139899000750706,46.63200204499543,-9.56844920801947e-06,-5.039622081113322e-06,-4.5288271269061475e-06,21409794.2,-0.056754564113507544,-2.0
2019-01-04 00:00:00,0.0023640000727027,0.0023970000911504,0.0022740000858902,0.0023149999324232,19530100.0,1546560000,0.0023699999853435856,0.002385399993509,0.0033779899011167976,44.184872315046455,-1.5773531619485588e-05,-7.186403988787775e-06,-8.587127630697814e-06,21707346.8,-0.08929980169094887,-2.0
2019-01-05 00:00:00,0.0023199999704957,0.0023499999660998,0.0022799998987466,0.0023189999628812,17148586.0,1546646400,0.0023579999937542286,0.002394639989361116,0.0033425151539796596,44.46385872028851,-2.0136217328462977e-05,-9.776366656722817e-06,-1.035985067174016e-05,21760539.85,-0.08700789433374434,-2.0
2019-01-06 00:00:00,0.0023129999171942,0.0023709998931735,0.002290999982506,0.0023280000314116,18175111.0,1546732800,0.0023524285560207144,0.00240331999026234,0.0033067878796671445,45.128436255839034,-2.2606849185453394e-05,-1.2342463162468934e-05,-1.026438602298446e-05,20737642.05,-0.03161392803810348,-2.0
2019-01-07 00:00:00,0.0023280000314116,0.0023350000847131,0.0022750000935047,0.002284999936819,15899004.0,1546819200,0.0023437142704746004,0.0024121199920773,0.0032702121234526606,42.51098046400646,-2.771510848039154e-05,-1.5416992226053456e-05,-1.2298116254338086e-05,19540648.25,-0.07639452051804385,-2.0
2019-01-08 00:00:00,0.0022980000358074,0.0023209999781101,0.0022609999869018,0.0022760001011192,20994417.0,1546905600,0.0023271428487662144,0.002420359998941368,0.0032331818206743222,41.96240136464349,-3.2119399852986816e-05,-1.8757473751440127e-05,-1.336192610154669e-05,19096664.35,-0.03722502913584591,-2.0
2019-01-09 00:00:00,0.0022780001163482,0.0023070001043379,0.0022549999412149,0.0022660000249743,17010797.0,1546992000,0.0023070000045533148,0.00242647999897594,0.0031972424258863152,41.32428932567318,-3.6001749311986506e-05,-2.2206328863549403e-05,-1.3795420448437103e-05,18761552.5,-0.06902213995665907,-2.0
2019-01-10 00:00:00,0.0022630000021308,0.002295000012964,0.0020850000437349,0.0021319999359548,21174109.0,1547078400,0.0022744285607976147,0.002426759991794776,0.0031611616158800965,33.88782127801818,-4.9322665541396814e-05,-2.7629596199118885e-05,-2.169306934227793e-05,18700269.1,-0.11277568825535178,-2.0
2019-01-11 00:00:00,0.0021289999131113,0.0021490000654011,0.0021049999631941,0.0021289999131113,17187243.0,1547164800,0.002247857129467343,0.0024105999898165003,0.003125646464394899,33.74142538071679,-5.943651722384747e-05,-3.3990980404064605e-05,-2.5445536819782865e-05,18636800.45,-0.10054929143548685,-2.0
2019-01-12 00:00:00,0.0021299999207258,0.0021579999011009,0.002115000039339,0.0021480000577867,14167258.0,1547251200,0.0022234285715967,0.002389159994199828,0.0030900808074746256,35.63783831848956,-6.516745481036437e-05,-4.0226275285324556e-05,-2.4941179525039817e-05,18343088.8,-0.08439892723225184,-2.0
2019-01-13 00:00:00,0.0021369999740272,0.0021710000000894,0.0020830000285059,0.0020940001122653,18059306.0,1547337600,0.0021900000117186574,0.002364119999110656,0.0030552222219417577,32.767365472752246,-7.32225445301644e-05,-4.6825529134292534e-05,-2.6397015395871872e-05,18019205.8,-0.12458191229099247,-2.0
2019-01-14 00:00:00,0.0021019999403506,0.00219799997285,0.0020969999022781,0.0021830000914633,18534843.0,1547424000,0.0021754286052392715,0.002342199999839024,0.003021090909970327,41.176888255157735,-7.159935386714554e-05,-5.178029408086314e-05,-1.98190597862824e-05,17978920.6,-0.09306184009146024,-2.0
2019-01-15 00:00:00,0.0021780000533908,0.0021879998967051,0.0020979999098926,0.002111000008881,15986348.0,1547510400,0.0021518571634909574,0.0023248399980365757,0.0029860707070452183,37.13064920295844,-7.525527256944074e-05,-5.6475289778578666e-05,-1.8779982790862076e-05,17904357.05,-0.10550848682479896,-2.0
2019-01-16 00:00:00,0.0021079999860376,0.0021410000044852,0.0020840000361204,0.0021379999816417,13656181.0,1547596800,0.0021335714430148717,0.0023102799989282597,0.0029507474762133063,39.530314857518725,-7.510814241432334e-05,-6.02018603057276e-05,-1.4906282108595737e-05,17625919.5,-0.07645786434050883,-2.0
2019-01-17 00:00:00,0.0021329999435693,0.0021470000501722,0.0020800000056624,0.0020940001122653,13882217.0,1547683200,0.0021281428967735144,0.0022923600021749237,0.0029158181854231574,37.048576300559986,-7.76468973437386e-05,-6.36908677133298e-05,-1.3956029630408804e-05,17348035.6,-0.09702451669570245,-2.0
2019-01-18 00:00:00,0.0020930001046508,0.002117000054568,0.0020840000361204,0.0021059999708086,12471672.0,1547769600,0.0021248571907302714,0.0022750000003724804,0.0028865858630248483,38.18831619862793,-7.779383175115107e-05,-6.651146052089406e-05,-1.1282371230257016e-05,17122368.45,-0.0953608494877849,-2.0
2019-01-19 00:00:00,0.0021039999555796,0.0021599999163299,0.0020890000741928,0.0021530000958591,16088820.0,1547856000,0.002125571481883471,0.002264960007741996,0.0028553333373344696,42.573803127057495,-7.327311418311609e-05,-6.786379125333847e-05,-5.40932292977762e-06,17084508.5,-0.05776798451192078,-2.0
2019-01-20 00:00:00,0.0021530000958591,0.0021530000958591,0.0020820000208914,0.002119000069797,16178008.0,1547942400,0.002129142904388,0.0022507600113749,0.002824393945341558,40.3438803011371,-7.1608472991654e-05,-6.861272760100158e-05,-2.995745390652421e-06,16957169.5,-0.06898067853555756,-2.0
2019-01-21 00:00:00,0.0021059999708086,0.0021220000926405,0.0020659998990595,0.0021009999327361,17205921.0,1548028800,0.0021174285959984,0.0022402400057762364,0.0027935151551670887,39.174038915468046,-7.092412432523369e-05,-6.9075006945848e-05,-1.8491173793856866e-06,16949228.35,-0.07281557388335502,-2.0
2019-01-22 00:00:00,0.0020989999175071,0.0021120000164955,0.0020330001134425,0.0020570000633597,18971837.0,1548115200,0.0021097143180667855,0.002225160012021612,0.00276158586135035,36.39585198750819,-7.308966267843223e-05,-6.987793809236485e-05,-3.2117245860673825e-06,16997050.6,-0.035178177696103874,-2.0
2019-01-23 00:00:00,0.0020550000481307,0.0020679999142885,0.0020210000220686,0.0020429999567568,15672115.0,1548201600,0.0020961428859403715,0.002210760014131616,0.002731545459046307,35.53237262977842,-7.50701965282815e-05,-7.091638977954818e-05,-4.153806748733314e-06,16899694.65,-0.040394532580708575,-2.0
2019-01-24 00:00:00,0.0020449999719858,0.0020729999523609,0.0020129999611526,0.0020389999262988,15825805.0,1548288000,0.0020882857165165857,0.00219764000736172,0.0027056868738409637,35.27486972813732,-7.60854867716417e-05,-7.195020917796689e-05,-4.135277593674813e-06,16714479.9,-0.050744938806106865,-2.0
2019-01-25 00:00:00,0.0020570000633597,0.0021830000914633,0.0020270000677555,0.0021180000621825,15953121.0,1548374400,0.002090000015284286,0.002188520012423348,0.0026827777848776025,43.9190273939728,-6.971186587447376e-05,-7.150254051726827e-05,1.7906746427945048e-06,16654706.65,0.011461293519815952,-2.0
2019-01-26 00:00:00,0.0020940001122653,0.0021520000882446,0.002030000090599,0.0020830000285059,15588079.0,1548460800,0.0020800000056624,0.0021761600114404683,0.002658666673614922,41.28815074988157,-6.671587650901919e-05,-7.054520771561845e-05,3.829331206599263e-06,16525355.05,-0.045808547305359215,-2.0
2019-01-27 00:00:00,0.0020820000208914,0.0020959998946636,0.0020089999306946,0.0020270000677555,16233338.0,1548547200,0.0020668571482279,0.002160960016772104,0.0026331717251902973,37.42522681598811,-6.807552984085773e-05,-7.005127214066631e-05,1.9757422998085825e-06,16542071.75,-0.039791539920469576,-2.0
2019-01-28 00:00:00,0.002026000060141,0.00202800007537,0.0019270000047981,0.0019440000178292,16265136.0,1548633600,0.0020444285889554856,0.0021443200157954838,0.0026071818246778456,32.562461930841906,-7.498608239022656e-05,-7.103823419057835e-05,-3.947848199648208e-06,16305607.7,-0.09073899227236382,-2.0
2019-01-29 00:00:00,0.0019470000406727,0.0019700000993907,0.0019170000450685,0.0019270000047981,14809844.0,1548720000,0.0020258571520181145,0.00212880001869048,0.0025825454592422036,31.655226829856062,-8.090191710927565e-05,-7.301097077431782e-05,-7.890946334957832e-06,16195560.05,-0.07975171848798912,-2.0
2019-01-30 00:00:00,0.0019249999895691,0.0019700000993907,0.001914000022225,0.0019610000308603,11813018.0,1548806400,0.002014142876890043,0.002114480021409644,0.002560212125183229,35.52435390527185,-8.19026183900731e-05,-7.478930029746888e-05,-7.113318092604229e-06,15727505.5,-0.06885087462400452,-2.0
2019-01-31 00:00:00,0.0019630000460892,0.0019869999960064,0.001912000006996,0.0019249999895691,13824059.0,1548892800,0.001997857171642943,0.002098360019735944,0.00254015151688805,33.37020838452109,-8.462507860321428e-05,-7.675645595861796e-05,-7.868622644596323e-06,15559346.3,-0.10589879058924168,-2.0
2019-02-01 00:00:00,0.0019259999971836,0.0019280000124126,0.001892999978736,0.001916000037454,17411751.0,1548979200,0.001969000025253157,0.0020836000237613437,0.0025219595991074514,32.83416892376242,-8.651161678960686e-05,-7.870748812481574e-05,-7.80412866479111e-06,15721570.95,-0.09579991772366836,-2.0
2019-02-02 00:00:00,0.001914000022225,0.0019559999927878,0.0018960000015795,0.0019359999569132,13184663.0,1549065600,0.0019480000150256284,0.002070000017993104,0.002501272729296899,35.32060072621003,-8.540835123189159e-05,-8.004766074623091e-05,-5.360690485660676e-06,15477838.8,-0.07853402242046859,-2.0
2019-02-03 00:00:00,0.0019320000428706,0.0019570000004023,0.0018899999558925,0.0019039999460801,15354409.0,1549152000,0.001930428569072,0.002055520014837336,0.002478131314156279,33.20268843304905,-8.612336225761151e-05,-8.126280104850704e-05,-4.860561209104475e-06,15318817.1,-0.0743802200130732,-2.0
2019-02-04 00:00:00,0.0019039999460801,0.0019320000428706,0.0018769999733194,0.0018960000015795,13169126.0,1549238400,0.0019235714238934713,0.002046080017462324,0.0024562424255741436,32.67519194878753,-8.634026547430429e-05,-8.22782939336665e-05,-4.0619715406377895e-06,15177956.0,-0.07195298986234822,-2.0
2019-02-05 00:00:00,0.001899000024423,0.0019130000146105,0.0018799999961629,0.0018880000570788,13983316.0,1549324800,0.0019180000027907145,0.002036440023221024,0.002436454547804285,32.12554788017977,-8.616444145354354e-05,-8.30555234376419e-05,-3.1089180159016435e-06,15194312.75,-0.0740558482972069,-2.0
2019-02-06 00:00:00,0.0018860000418499,0.0019020000472664,0.0018370000179857,0.0018660000059753,15246340.0,1549411200,0.001904428570664286,0.002025160021148568,0.0024164141440349615,30.601069056363784,-8.679974646600688e-05,-8.38043680433149e-05,-2.99537842269198e-06,15262518.9,-0.11898019301639018,-2.0
2019-02-07 00:00:00,0.0018690000288188,0.0018899999558925,0.0018390000332146,0.0018449999624863,14228248.0,1549497600,0.001892999995366743,0.002015200015157408,0.0023970303050420577,29.17774507602425,-8.798353880291681e-05,-8.464020219523529e-05,-3.3433366076815186e-06,15350347.7,-0.11425831145586374,-2.0
2019-02-08 00:00:00,0.0018469999777153,0.0019570000004023,0.0018350000027567,0.0019559999927878,17956052.0,1549584000,0.0018987142747001428,0.002006120011210388,0.00237863636669707,44.003468153146386,-7.905364674877578e-05,-8.352289110594339e-05,4.469244357167612e-06,15443709.3,-0.03502716950883911,-2.0
2019-02-09 00:00:00,0.0019519999623298,0.0019960000645369,0.0019229999743402,0.0019490000559017,14455529.0,1549670400,0.0019005714316985,0.001999640013091216,0.0023602121239151242,43.386648857748845,-7.171479583973554e-05,-8.116127205270184e-05,9.446476212966295e-06,15357585.35,0.0025720360219354532,-2.0
2019-02-10 00:00:00,0.0019509999547153,0.0019529999699443,0.001912000006996,0.0019460000330582,15828371.0,1549756800,0.0019065714441239428,0.001991960015147876,0.002342161619000912,43.10775332770005,-6.5387039304901e-05,-7.800642550314167e-05,1.2619386198240673e-05,15288707.85,0.009859900473685235,-2.0
2019-02-11 00:00:00,0.0019460000330582,0.0019460000330582,0.001899000024423,0.0019059999613091,15220889.0,1549843200,0.0019080000097996001,0.001984440009109628,0.0023242828302141322,39.46508690640141,-6.287513276551538e-05,-7.498016695561642e-05,1.2105034190101048e-05,15101160.45,-0.02804694986520284,-2.0
2019-02-12 00:00:00,0.0019039999460801,0.0019109999993816,0.0018729999428614,0.0018939999863505,16971098.0,1549929600,0.0019088571425527,0.001975960009731304,0.0023068282835542486,38.41630812517012,-6.114785205169103e-05,-7.221370397483134e-05,1.1065851923140312e-05,15166109.6,-0.016103897863157468,-2.0
2019-02-13 00:00:00,0.0018939999863505,0.0019099999917671,0.0018850000342354,0.001892999978736,15440451.0,1550016000,0.0019127142815185143,0.00196556000504638,0.002288616162423707,38.324905310489434,-5.91775005095187e-05,-6.960646328176882e-05,1.0428962772250123e-05,15146841.9,-0.012004205776823818,-2.0
2019-02-14 00:00:00,0.001890999963507,0.0019089999841526,0.0018850000342354,0.001897000009194,16879422.0,1550102400,0.0019201428596196143,0.00195668000262226,0.0022710404050714675,38.950610766239784,-5.6640299572312215e-05,-6.70132305398775e-05,1.0372930967565287e-05,15193156.95,-0.02014460154295794,-2.0
2019-02-15 00:00:00,0.0018960000015795,0.0019150000298395,0.001888999948278,0.0019079999765381,14754160.0,1550188800,0.0019132857144410855,0.0019489600043743399,0.0022561313147007,40.73134046883371,-5.312950030833584e-05,-6.423648449356918e-05,1.1106984185233336e-05,15151461.0,0.0021008563924778123,-2.0
2019-02-16 00:00:00,0.0019069999689236,0.0019290000200271,0.001894999993965,0.0019239999819546,14351257.0,1550275200,0.0019097142753057856,0.001943640001118136,0.0022438484869633443,43.32105477624792,-4.849705600494872e-05,-6.10885987958451e-05,1.2591542790896379e-05,15057356.95,0.01476792212646294,-2.0
2019-02-17 00:00:00,0.0019229999743402,0.0019930000416934,0.0019150000298395,0.0019920000340789,19208659.0,1550361600,0.0019162857040230287,0.00194160000421102,0.002230787880229477,52.767011931449275,-3.8890469489473965e-05,-5.664897293457088e-05,1.7758503445096912e-05,15204533.1,0.05508473191521701,-2.0
2019-02-18 00:00:00,0.0019930000416934,0.0021240001078695,0.0019930000416934,0.0021140000317245,26457493.0,1550448000,0.001945999999796657,0.0019446000084280479,0.002220202020999707,64.27163941062584,-2.1188551814857806e-05,-4.9556888710628266e-05,2.836833689577046e-05,15786915.55,0.13290462216240906,-2.0
2019-02-19 00:00:00,0.0021160000469535,0.0021389999892562,0.0020560000557452,0.002066999906674,26883836.0,1550534400,0.001970714274128586,0.001942560002207708,0.0022101313125040575,58.37286208615954,-1.0827360742593061e-05,-4.1810983117021224e-05,3.098362237442816e-05,16540456.45,0.1203251754479906,-2.0
2019-02-20 00:00:00,0.002064999891445,0.0020810000132769,0.0020439999643713,0.0020789999980479,20976083.0,1550620800,0.0019972857054588572,0.001942400000989388,0.002201383837000086,59.39748895528562,-1.6289574767459382e-06,-3.377457798896617e-05,3.214562051222023e-05,16898057.65,0.06288343850389988,-2.0
2019-02-21 00:00:00,0.0020659998990595,0.0020779999904334,0.0020220000296831,0.00202800007537,18308575.0,1550707200,0.002016000000626857,0.001942440001293968,0.0021946464637011675,53.38345949524873,1.5279624464275415e-06,-2.671406990188743e-05,2.824203234831497e-05,16942898.85,0.040533615804208445,-2.0
2019-02-22 00:00:00,0.002030000090599,0.002070999937132,0.0020240000449121,0.0020560000557452,19850028.0,1550793600,0.0020371428690850145,0.0019469200028106079,0.0021871313137575617,56.016514895190895,6.217536747260555e-06,-2.0127748572057835e-05,2.634528531931839e-05,17276167.1,0.05652621830336324,-2.0
2019-02-23 00:00:00,0.0020550000481307,0.002111000008881,0.0020339998882263,0.0020830000285059,20487004.0,1550880000,0.0020598571614494857,0.00195316000375892,0.0021804343448067038,58.45345657545723,1.1974693508057504e-05,-1.3707260156034767e-05,2.568195366409227e-05,17532796.85,0.09286467512582264,-2.0
2019-02-24 00:00:00,0.0020880000665783,0.0021250001154839,0.0019549999851733,0.001973999897018,25171947.0,1550966400,0.002057285713297929,0.0019536799984052277,0.0021741616168068304,47.106387955230424,7.65365548391437e-06,-9.43507702804494e-06,1.708873251195931e-05,18132937.9,0.04223860150160297,-2.0
2019-02-25 00:00:00,0.0019729998894035,0.0020449999719858,0.0019300000276416,0.002030000090599,20965852.0,1551052800,0.002045285721708572,0.001957880002446424,0.0021679696975030766,52.23639297226048,8.648257597000143e-06,-5.8184101030359235e-06,1.4466667700036066e-05,18482064.7,0.07237195636657012,-2.0
2019-02-26 00:00:00,0.0020290000829845,0.0020500000100582,0.0019920000340789,0.0020230000372976,19292966.0,1551139200,0.0020390000260833716,0.001962160002440168,0.002163979798705839,51.563182626106425,8.770539814296954e-06,-2.900620119569348e-06,1.1671159933866302e-05,18684396.0,0.06642067869948765,-2.0
2019-02-27 00:00:00,0.0020240000449121,0.0020330001134425,0.0019539999775588,0.0020190000068396,19512740.0,1551225600,0.0020304285987679,0.001965480004437224,0.002161606062071892,51.1574563096563,8.447305049839524e-06,-6.310350856875738e-07,9.078340135527098e-06,18948620.6,0.05817611722558813,-2.0
2019-02-28 00:00:00,0.0020179999992251,0.0020240000449121,0.0019680000841617,0.001975999912247,18191276.0,1551312000,0.002023000004036043,0.0019683600030839,0.0021568383842781426,46.886437406824435,4.66758587884834e-06,4.2868910721960896e-07,4.238896771628731e-06,18960381.8,0.027026991049954763,-2.0
2019-03-01 00:00:00,0.001975999912247,0.0020200000144541,0.001975999912247,0.0019940000493079,18777567.0,1551398400,0.002014142860259286,0.001972280004993036,0.002152616162831383,48.81295805783205,3.0889839477007096e-06,9.607480753158291e-07,2.1282358723848807e-06,19176483.7,0.0010040236921604606,-2.0
2019-03-02 00:00:00,0.0019920000340789,0.0020129999611526,0.001979999942705,0.0020029998850077,17330550.0,1551484800,0.0020027142683309716,0.001976879998110192,0.0021489999995500547,49.79351209177747,2.534921078008786e-06,1.2755826758544204e-06,1.2593384021543655e-06,19251592.65,-0.05250716416794543,-2.0
2019-03-03 00:00:00,0.0020020001102238,0.0020240000449121,0.0019910000264644,0.0019990000873804,15753983.0,1551571200,0.0020062857240970284,0.001982200001366396,0.0021467272737862586,49.34112658792711,1.7528660721916577e-06,1.371039355121868e-06,3.818267170697897e-07,19278247.35,-0.03289783375124489,-2.0
2019-03-04 00:00:00,0.0020039998926222,0.0020109999459236,0.0019680000841617,0.001981999957934,16744533.0,1551657600,0.001999428562287743,0.001987680001184304,0.0021443232338912667,47.371203665703284,-2.3596645028038654e-07,1.049638194041417e-06,-1.2856046443218036e-06,19266919.1,-0.04665706599566122,-2.0
2019-03-05 00:00:00,0.0019809999503195,0.0020029998850077,0.0019610000308603,0.0019849999807775,19420739.0,1551744000,0.0019939999827848715,0.001988840000703892,0.0021431717193788466,47.76751625362217,-1.5521614310800257e-06,5.292782690171285e-07,-2.0814397000971544e-06,19465933.5,-0.02120320167377454,-2.0
2019-03-06 00:00:00,0.0019849999807775,0.0019920000340789,0.0019670000765472,0.0019829999655485,17375079.0,1551830400,0.0019888571197432857,0.0019901999970897643,0.0021421212133847524,47.51065483896721,-2.7252252499053962e-06,-1.2162243476737647e-07,-2.60360281513802e-06,19490716.35,-0.035505879483179625,-2.0
2019-03-07 00:00:00,0.001981999957934,0.0020149999763816,0.0019660000689327,0.0019910000264644,17976088.0,1551916800,0.0019909999932029143,0.0019919999968260123,0.0021395454550105033,48.69898425766872,-2.9750541488569524e-06,-6.923087775852917e-07,-2.2827453712716605e-06,19651812.75,-0.04416706710632656,-2.0
2019-03-08 00:00:00,0.0019920000340789,0.0019980000797659,0.0019680000841617,0.001979999942705,17551404.0,1552003200,0.0019889999779739284,0.0019949599960818482,0.0021369090901141637,47.11936470083084,-4.014384849368186e-06,-1.3567239919418705e-06,-2.6576608574263157e-06,19811820.1,0.0030395369807587613,-2.0
2019-03-09 00:00:00,0.001981999957934,0.0020149999763816,0.0019720001146197,0.0019980000797659,17348833.0,1552089600,0.0019882857200822428,0.001999119999818464,0.0021352222226935927,49.978618982409216,-3.3470189392198826e-06,-1.754782981397473e-06,-1.5922359578224096e-06,19718828.8,-0.015763551431004164,-2.0
2019-03-10 00:00:00,0.0020000000949949,0.0020039998926222,0.0019789999350905,0.0019990000873804,14597178.0,1552176000,0.0019882857200822428,0.0020033600041642397,0.0021326868710192294,50.13991413525603,-2.7062385567311158e-06,-1.9450740964642014e-06,-7.611644602669143e-07,19125813.05,-0.011863543981570968,-2.0
2019-03-11 00:00:00,0.0020010001026093,0.0020059999078512,0.0019470000406727,0.0019660000689327,20212258.0,1552262400,0.0019860000216534858,0.002006120006553788,0.002129858587821427,44.98492026985173,-4.805842423181647e-06,-2.517227761807691e-06,-2.2886146613739563e-06,18792234.15,-0.0262505882750651,-2.0
2019-03-12 00:00:00,0.0019690000917762,0.002030000090599,0.0019499999471008,0.0020119999535381,20817165.0,1552348800,0.001989857160619286,0.002010280005633788,0.0021262323258049083,52.340564328456416,-2.7265573081677007e-06,-2.559093671079693e-06,-1.6746363708800779e-07,18784288.25,0.018218645187166427,-2.0
2019-03-13 00:00:00,0.0020149999763816,0.0020530000329017,0.0020049999002367,0.0020250000525265,17366462.0,1552435200,0.0019958571730447146,0.002014320008456664,0.002124505054036277,54.20411009001258,-2.9370961909108706e-08,-2.053149129245576e-06,2.0237781673364674e-06,18737182.6,0.015546641149462248,-2.0
2019-03-14 00:00:00,0.0020220000296831,0.0020439999643713,0.0020089999306946,0.0020389999262988,12675418.0,1552521600,0.002002714301592486,0.00201620000414546,0.0021230808101744486,56.190749880605466,3.2009429830857916e-06,-1.0023307067793026e-06,4.203273689865094e-06,18378452.1,0.017973062085803182,-2.0
2019-03-15 00:00:00,0.0020409999415278,0.0020580000709742,0.0020149999763816,0.0020479999948292,14469793.0,1552608000,0.002012428594753086,0.002013560002669648,0.0021225858616143586,57.46811095932151,6.413291934061378e-06,4.807938213888337e-07,5.9324981126725445e-06,18077591.55,0.024512208757835552,-2.0
2019-03-16 00:00:00,0.0020469999872148,0.0020989999175071,0.0020399999339133,0.0020769999828189,17262660.0,1552694400,0.0020237142951892288,0.002013960005715444,0.0021223131346167754,61.375996478542675,1.1170392952561566e-05,2.61871364762338e-06,8.551679304938186e-06,17682127.2,0.047931396014723626,-2.0
2019-03-17 00:00:00,0.0020810000132769,0.0020900000818073,0.0020570000633597,0.0020810000132769,17683010.0,1552780800,0.0020354285703173,0.002014040006324604,0.0021219191945750122,61.89604915084098,1.5089259223505756e-05,5.1128227627998555e-06,9.9764364607059e-06,17517985.1,0.048362737243855314,-2.0
2019-03-18 00:00:00,0.0020759999752044,0.0020940001122653,0.0020630001090466,0.0020830000285059,21958793.0,1552867200,0.0020521428502563283,0.00201624000445004,0.0021217272762735504,62.17031858836973,1.814718404979541e-05,7.719695020198967e-06,1.0427489029596444e-05,17651276.45,0.05042867609417212,-2.0
2019-03-19 00:00:00,0.0020830000285059,0.0021059999708086,0.0020729999523609,0.0020910000894218,20549162.0,1552953600,0.002063428583954,0.0020176400057971043,0.0021216363688422394,63.30800712657054,2.0974370080210393e-05,1.0370630032201252e-05,1.060374004800914e-05,17703097.55,0.050226048030235004,-2.0
2019-03-20 00:00:00,0.0020840000361204,0.0020920000970363,0.0020540000405162,0.0020610000938177,17912276.0,1553040000,0.0020685714469955998,0.0020167600084095762,0.0021213636418446575,56.45184019752837,2.05572156674709e-05,1.2407947159255183e-05,8.149268508215719e-06,17689147.55,0.04090916841241965,-2.0
2019-03-21 00:00:00,0.002064999891445,0.0020739999599754,0.0020399999339133,0.0020540000405162,18961937.0,1553126400,0.0020707143204552287,0.002019960014149504,0.0021207878845884475,54.95627661829319,1.9437706212726506e-05,1.3813898969949449e-05,5.623807242777057e-06,17698366.05,0.028028007264575105,-2.0
2019-03-22 00:00:00,0.0020510000176727,0.0020739999599754,0.0020449999719858,0.0020520000252872,17243548.0,1553212800,0.0020712857533777998,0.002020840011537032,0.002120656572809076,54.51191670982142,1.817953996965634e-05,1.4687027169890829e-05,3.4925127997655107e-06,17694015.95,0.02651322440723547,-2.0
2019-03-23 00:00:00,0.0020570000633597,0.0020800000056624,0.0020469999872148,0.0020639998838305,15724762.0,1553299200,0.002069428596379457,0.002022480005398348,0.0021205959662869847,56.77044650839841,1.7943876614925913e-05,1.5338397058897847e-05,2.6054795560280663e-06,17692554.9,0.049847310000859846,-2.0
2019-03-24 00:00:00,0.0020620001014322,0.0020800000056624,0.002026000060141,0.0020540000405162,16541721.0,1553385600,0.002065571457413643,0.002023880006745412,0.0021200000068567447,54.34875115460021,1.6757043162472784e-05,1.5622126279612835e-05,1.1349168828599493e-06,17682414.3,0.020874795202774576,-2.0
2019-03-25 00:00:00,0.0020580000709742,0.0020659998990595,0.002026000060141,0.0020429999567568,17555818.0,1553472000,0.0020598571614494853,0.002026560008525804,0.0021191717224251574,51.734398999118454,1.475872487945954e-05,1.5449445999582176e-05,-6.907211201226355e-07,17589168.25,0.008888841364641964,-2.0
2019-03-26 00:00:00,0.0020409999415278,0.0020610000938177,0.002026000060141,0.0020540000405162,19354498.0,1553558400,0.002054571440177257,0.002028960008174136,0.0021143333393741272,54.11158028753672,1.3902399859279033e-05,1.5140036771521548e-05,-1.2376369122425156e-06,17688139.2,0.007356603609411705,-2.0
2019-03-27 00:00:00,0.0020500000100582,0.0020890000741928,0.0020419999491423,0.0020850000437349,23194502.0,1553644800,0.0020580000044511425,0.002032240014523224,0.0021082828352885856,60.07887857570604,1.554599276565186e-05,1.5221227970347612e-05,3.247647953042476e-07,17949059.9,0.01806643017535059,-2.0
2019-03-28 00:00:00,0.0020870000589638,0.0020920000970363,0.0020600000862032,0.0020739999599754,20558761.0,1553731200,0.002060857135802457,0.002035240009427024,0.00210175758246516,57.234724130585015,1.57790461358053e-05,1.533279160343915e-05,4.462545323661504e-07,18099427.75,-0.0014444019587465107,-2.0
2019-03-29 00:00:00,0.0020759999752044,0.0021019999403506,0.0020560000557452,0.0020870000589638,21582049.0,1553817600,0.0020658571406133998,0.002039440013468216,0.0020952525318157626,59.66496408675533,1.6818864551543678e-05,1.5630006193060053e-05,1.188858358483625e-06,18311088.55,0.002883251152628219,-2.0
2019-03-30 00:00:00,0.0020910000894218,0.0021659999620169,0.002064999891445,0.0020800000056624,19212788.0,1553904000,0.0020681428723036714,0.002043240014463612,0.0020905555616311184,57.761538078268934,1.6883460317021568e-05,1.5880697017852358e-05,1.00276329916921e-06,18541869.05,-0.001440241383794838,2.0
2019-03-31 00:00:00,0.0020810000132769,0.0020999999251216,0.0020699999295175,0.0020800000056624,18785300.0,1553990400,0.0020718571530388427,0.002047120016068168,0.002086292935836298,57.76153807826893,1.6741665428811683e-05,1.6052890700044226e-05,6.887747287674575e-07,18470521.15,-0.0052606806738307865,2.0
2019-04-01 00:00:00,0.0020820000208914,0.0025319999549537,0.0020779999904334,0.0024610001128166,49116894.0,1554076800,0.0021315714610473857,0.002065920019522256,0.0020854747548435496,85.98483939053563,4.683295529873954e-05,2.220890361978329e-05,2.4624051678956253e-05,19885507.6,0.19408054380917505,-2.0
2019-04-02 00:00:00,0.0024590000975877,0.002862999914214,0.0023940000683069,0.0027950000949203,60298362.0,1554163200,0.002237428611676543,0.0020985200256108676,0.002088050513217798,91.40606752148855,9.651891652933406e-05,3.7070906201693447e-05,5.9448010327640616e-05,22032102.6,0.3607595130416239,-2.0
2019-04-03 00:00:00,0.0027769999578595,0.0036559998989105,0.0027709999121725,0.0031640001107007,89863287.0,1554249600,0.0023915714783859427,0.0021451600268482603,0.00209572728290547,94.11462633550003,0.00016378263195425532,6.241325135220583e-05,0.0001013693806020495,25891496.05,0.5419103663304603,-2.0
2019-04-04 00:00:00,0.0031580000650137,0.0040959999896585,0.0031340001150965,0.0036969999782741,164634741.0,1554336000,0.0026234286238571857,0.0022130800224840082,0.002108080818251931,96.05078968717856,0.0002571341633106415,0.00010135743374389296,0.00015577672956674853,33399743.45,0.791182260830837,-2.0
2019-04-05 00:00:00,0.0036790000740438,0.0037549999542534,0.0034090001136064,0.0035900000948458,63331136.0,1554422400,0.0028381429146974715,0.002278040023520532,0.0021204646568594374,89.6729952567016,0.00031880692038691255,0.0001448473310724969,0.00017395958931441566,35703167.25,0.7478091645721587,-2.0
2019-04-06 00:00:00,0.0035939998924732,0.0035939998924732,0.0034149999264627,0.0034390001092106,46343810.0,1554508800,0.0030322857866329285,0.002335120029747432,0.002130616174051208,81.45328573978051,0.0003514473218588256,0.00018616732922976264,0.00016527999262906293,37136207.25,0.6833089486061017,-2.0
2019-04-07 00:00:00,0.0034399998839944,0.0035170000046491,0.0032560001127421,0.0034179999493062,50224984.0,1554595200,0.0032234286357248998,0.00239084002561862,0.0021408686997613042,80.35019282277601,0.000371339961858876,0.00022320185575558534,0.00014813810610329067,38549516.8,0.6640700496029237,-2.0
2019-04-08 00:00:00,0.0034280000254511,0.0034370000939816,0.0030119998846203,0.0030449999030679,62195173.0,1554681600,0.0033068571771893715,0.002431080024689384,0.0021477171826655636,63.81838751179091,0.00035293857968766735,0.00024914920054200173,0.00010378937914566562,40631817.35,0.4604315775520724,-2.0
2019-04-09 00:00:00,0.0030439998954534,0.0030700000934302,0.0028119999915361,0.0028840000741183,53210703.0,1554768000,0.003319571459931943,0.002464520027860948,0.0021531515274986596,58.24764667235406,0.0003216561590995708,0.00026365059225351553,5.8005566846055254e-05,42396738.7,0.39054972506002716,-2.0
2019-04-10 00:00:00,0.0028810000512748,0.0030799999367445,0.0028719999827444,0.0030209999531507,50718761.0,1554854400,0.0032991428659962284,0.00250228002667422,0.0021595050618428294,61.34012738157402,0.0003044103081445344,0.00027180253543171933,3.260777271281505e-05,43984579.9,0.4475322797310477,-2.0
2019-04-11 00:00:00,0.0030189999379217,0.0030310000292956,0.0027379998937249,0.0027890000492334,45881209.0,1554940800,0.0031694285904189856,0.00253060002811248,0.002163363648860696,54.04054424777382,0.0002689224233727466,0.0002712265130199248,-2.3040896471782004e-06,45416462.95,0.34086540463504034,-2.0
2019-04-12 00:00:00,0.0027910000644624,0.0028729999903589,0.0027250000275671,0.0028560000937432,42878877.0,1555027200,0.0030645714474043283,0.002561520030721972,0.0021683737503909836,55.68082075250418,0.00024339861494124173,0.00026566093340418817,-2.226231846294644e-05,46774168.7,0.3730769644078311,-2.0
2019-04-13 00:00:00,0.0028520000632852,0.0029060000088065,0.002820000052452,0.0028719999827444,34870866.0,1555113600,0.0029835714293377285,0.002592760026454876,0.0021740000135255415,56.08390190842502,0.00022190390016518747,0.00025690952675638806,-3.500562659120059e-05,47690625.95,0.16700522189631806,-2.0
2019-04-14 00:00:00,0.0028729999903589,0.0029029999859631,0.0028369999490678,0.0028820000588893,30693264.0,1555200000,0.0029070000164210285,0.00262560002505774,0.002179686883182189,56.351107190374194,0.0002033322191622852,0.0002461940652375675,-4.286184607528231e-05,48347498.25,0.031126998574030784,-2.0
2019-04-15 00:00:00,0.0028840000741183,0.0029229999054223,0.0027429999317973,0.0027900000568479,36669437.0,1555286400,0.0028705714669610286,0.002655040025711008,0.002184353550105788,53.147262844080636,0.000179125549049447,0.0002327803619999434,-5.36548129504964e-05,49213245.2,-0.11820481693029206,-2.0
2019-04-16 00:00:00,0.0027900000568479,0.0028560000937432,0.0027379998937249,0.0028349999338388,31946320.0,1555372800,0.0028635714469211,0.002686360022053072,0.00218990910563124,54.509637407453994,0.00016170862619621813,0.00021856601483919835,-5.685738864298021e-05,49650836.1,-0.2331620366515973,-2.0
2019-04-17 00:00:00,0.0028369999490678,0.002860999898985,0.0027590000536292,0.0028099999763071,32027922.0,1555459200,0.0028334285930863004,0.0027162000257521363,0.0021953030437644513,53.577549164540635,0.0001442257569645648,0.00020369796326427165,-5.947220629970684e-05,50224294.15,-0.21727022226505066,-2.0
2019-04-18 00:00:00,0.0028160000219941,0.0029579999390989,0.0028059999458491,0.0029460000805556,42590190.0,1555545600,0.002855857168989471,0.002751880027353712,0.0022021717311945656,57.804564859914656,0.0001397337650910469,0.00019090512362962672,-5.117135853857982e-05,51274701.2,-0.1433556304155411,-2.0
2019-04-19 00:00:00,0.0029450000729411,0.0029480000957846,0.0028750000055879,0.0028929999098181,36059338.0,1555632000,0.0028611428570001715,0.002785880025476164,0.002209858599617427,55.67689843445055,0.00013039405681118449,0.0001788029102659383,-4.840885345475381e-05,52117028.7,-0.15359860950105242,-2.0
2019-04-20 00:00:00,0.0028919999022036,0.0029029999859631,0.0028599998913705,0.0029019999783486,35542377.0,1555718400,0.0028654285706579143,0.00281980002298946,0.0022176666810844706,55.973252736342374,0.00012230860357656092,0.00016750404892806284,-4.519544535150192e-05,52954882.55,-0.046962209941361355,-2.0
2019-04-21 00:00:00,0.0028999999631196,0.0029060000088065,0.0027240000199526,0.0027600000612437,37077986.0,1555804800,0.0028479999995656862,0.0028468000236898123,0.002223848499301208,50.262986700662616,0.00010325238781369768,0.0001546537167051898,-5.140132889149213e-05,52352937.15,-0.04299584247150523,-2.0
2019-04-22 00:00:00,0.0027580000460147,0.00282400008291,0.0027260000351816,0.0027979998849332,36334621.0,1555891200,0.0028491428321493,0.002875760020688124,0.0022309596081160356,51.683513133880666,9.017696381729851e-05,0.00014175836612761157,-5.1581402310313054e-05,51154750.1,-0.07381664074007221,-2.0
2019-04-23 00:00:00,0.0028039999306201,0.0028560000937432,0.0027670001145452,0.002771999919787,37261547.0,1555977600,0.0028401428301419,0.0029031600151210517,0.0022369091013314264,50.61826029698986,7.683095675640756e-05,0.00012877288425337075,-5.1941927496963194e-05,48524663.1,-0.006095420991861555,-2.0
2019-04-24 00:00:00,0.0027749999426305,0.0027789999730885,0.0025490000844001,0.0025989999994635,43229277.0,1556064000,0.0028099999763070995,0.002923920014873096,0.002241838394165593,44.104374232469816,5.169855351473077e-05,0.00011335801810564277,-6.165946459091199e-05,42454389.9,-0.08998602445522474,-2.0
2019-04-25 00:00:00,0.0025949999690055,0.0026199999265372,0.0024900001008063,0.0025059999898076,33422071.0,1556150400,0.002747142820485957,0.0029409600142389037,0.0022455555659652484,41.04642641792092,2.3999962700242683e-05,9.548640702456276e-05,-7.148644432432008e-05,40958936.65,-0.127437324211632,-2.0
2019-04-26 00:00:00,0.0024989999365061,0.0025259999092668,0.0024530000519007,0.002519000088796,33070494.0,1556236800,0.0026937142746256575,0.00294328001327808,0.0022498484950211144,41.65539856779449,3.0623286457987994e-06,7.700159134880997e-05,-7.393926270301117e-05,40295270.85,-0.12595418552253512,-2.0
2019-04-27 00:00:00,0.002515000058338,0.0025450000539422,0.0024890000931918,0.0025160000659525,27194224.0,1556323200,0.002638571429997643,0.002932120012119368,0.0022539899101235777,41.548737062441226,-1.3616016992871668e-05,5.8878069680473645e-05,-7.249408667334531e-05,39143732.85,-0.09820788004031844,-2.0
2019-04-28 00:00:00,0.0025200000964105,0.0025629999581724,0.0025019999593496,0.0025309999473392,25600272.0,1556409600,0.0026058571280112857,0.002906800005584908,0.002257808090441559,42.343671559518235,-2.533135688983796e-05,4.203618436641133e-05,-6.736754125624929e-05,37313987.8,-0.10723103830480918,-2.0
2019-04-29 00:00:00,0.0025269999168813,0.0025510000996291,0.0024429999757558,0.0024659999180585,32974056.0,1556496000,0.0025584285613148997,0.0028575600031762838,0.0022613131394138967,39.81663016016766,-3.9406553083473194e-05,2.5747636876434426e-05,-6.515418995990762e-05,36302155.45,-0.1224199505868625,-2.0
2019-04-30 00:00:00,0.0024689999409019,0.002519000088796,0.0024429999757558,0.002513000043109,34753261.0,1556582400,0.0025214285789323283,0.002814480001106812,0.002265474756690391,42.48928429768101,-4.623575319601418e-05,1.1350958861944705e-05,-5.758671205795888e-05,35503880.45,-0.14697896320659243,-2.0
2019-05-01 00:00:00,0.0025100000202655,0.0025510000996291,0.0024770000018179,0.002521000104025,30316782.0,1556668800,0.0025102857367268285,0.0027777600008993875,0.00227016162578802,42.95366373526692,-5.0421181436802794e-05,-1.0034691978047954e-06,-4.9417712238997995e-05,34725659.1,-0.1285861795330958,-2.0
2019-05-02 00:00:00,0.0025249999016523,0.0026559999678283,0.0025160000659525,0.0026110000908374,34506272.0,1556755200,0.002525285751159657,0.002745480006560636,0.0022758990008797434,48.03703647633228,-4.5946276621197137e-05,-9.992030682483266e-06,-3.595424593871387e-05,34307028.85,-0.10027563393601235,-2.0
2019-05-03 00:00:00,0.0026100000832229,0.0027530000079423,0.0025949999690055,0.0027209999971091,40969776.0,1556841600,0.002554142880918671,0.0027325200103222834,0.0022827878904838877,53.49193888623103,-3.314177147480373e-05,-1.462197884094736e-05,-1.8519792633856374e-05,34611974.35,-0.014130457706231336,-2.0
2019-05-04 00:00:00,0.0026980000548064,0.0027830000035464,0.0026080000679939,0.0026799999177455,39814872.0,1556928000,0.0025775714311748145,0.002724360004067372,0.002288464656701696,51.32905402984285,-2.6002729369457855e-05,-1.689812894664946e-05,-9.104600422808396e-06,35068054.75,-0.042172970707794355,-2.0
2019-05-05 00:00:00,0.0027089999057352,0.0027089999057352,0.0026219999417662,0.0026529999449849,33161934.0,1557014400,0.0025950000022670573,0.0027096400037407396,0.0022942222316156254,49.89820666005063,-2.226697934338542e-05,-1.7971899025996655e-05,-4.2950803173887655e-06,34892679.6,-0.0429292850813805,-2.0
2019-05-06 00:00:00,0.0026330000255256,0.0026610000059008,0.002515000058338,0.0025420000310987,37020800.0,1557100800,0.0026058571612728,0.0026997600030153517,0.0022994242514473746,44.4164709005042,-2.794104889971118e-05,-1.996572900073956e-05,-7.975319898971618e-06,35146403.6,-0.021931499952507205,-2.0
2019-05-07 00:00:00,0.0025440000463277,0.0026320000179111,0.0025359999854117,0.0025359999854117,38143865.0,1557187200,0.002609142867316043,0.002686959998682092,0.0023054040490997235,44.13422653656229,-3.25467646023511e-05,-2.248193612106187e-05,-1.0064828481289232e-05,35452200.75,0.011971267249048623,-2.0
2019-05-08 00:00:00,0.0025339999701827,0.0025720000267028,0.0025049999821931,0.0025369999930262,32200704.0,1557273600,0.002611428565744786,0.002673559999093364,0.0023115656651424314,44.19787170289395,-3.5704555333435604e-05,-2.512645996353662e-05,-1.0578095369898986e-05,34932726.45,0.007145654464348894,-2.0
2019-05-09 00:00:00,0.0025359999854117,0.002553999889642,0.002466999925673,0.0024999999441206,30720237.0,1557360000,0.0025955714019281003,0.002658279994502616,0.0023170101087107175,42.27865317156441,-4.072328923392359e-05,-2.8245825817614014e-05,-1.2477463416309578e-05,34665771.4,-0.006359348733102177,-2.0
2019-05-10 00:00:00,0.0025029999669641,0.0025589999277144,0.0024490000214427,0.0025220001116394,32480633.0,1557446400,0.002567142846861,0.002647559996694276,0.0023230404129740536,43.840206941979254,-4.2436263522163155e-05,-3.1083913358523843e-05,-1.1352350163639311e-05,34512684.2,-0.00355584191507452,-2.0
2019-05-11 00:00:00,0.002515000058338,0.0027989998925477,0.002513000043109,0.0027540000155568,48521874.0,1557532800,0.0025777142894054714,0.0026443199999629957,0.002331505059217516,57.03916623042398,-2.478761840959921e-05,-2.982465436873892e-05,5.037035959139711e-06,35084878.6,0.11678836458561004,-2.0
2019-05-12 00:00:00,0.0027570000384002,0.002820000052452,0.0026120000984519,0.0026650000363588,44577097.0,1557619200,0.0025794285881731716,0.002638520002365064,0.0023388686963836335,51.99104770458812,-1.7777565811167954e-05,-2.741523665722473e-05,9.637670846056774e-06,35497002.4,0.06048547180355435,-2.0
2019-05-13 00:00:00,0.0026630000211298,0.0028230000752955,0.0026489999145269,0.0027560000307857,47011255.0,1557705600,0.0026100000166998857,0.0026309200003742685,0.002347474757845306,56.25418241660851,-4.823507202146755e-06,-2.2896890766209135e-05,1.807338356406238e-05,35984487.8,0.09321694449179208,-2.0
2019-05-14 00:00:00,0.0027580000460147,0.0031989999115467,0.0027469999622553,0.0030680000782012,58434920.0,1557792000,0.0026860000299555285,0.002637920007109592,0.0023593131424576464,67.0557058562143,3.0269545430114137e-05,-1.2263603526944482e-05,4.253314895705862e-05,36744769.95,0.17502871369768158,-2.0
2019-05-15 00:00:00,0.0030730001162737,0.0033170001115649,0.0030519999563694,0.0033080000430345,57673254.0,1557878400,0.0027961428942424285,0.002654160009697028,0.0023736565766592195,72.6500182796491,7.656444659103574e-05,5.5020064966515605e-06,7.106244009438419e-05,37957329.1,0.2157295283164471,-2.0
2019-05-16 00:00:00,0.0033100000582635,0.0035210000351071,0.0031139999628067,0.003167999908328,68128483.0,1557964800,0.0028915714605577715,0.0026704800035804,0.002386808090824398,65.64702779145583,0.00010079474932923405,2.4560555063168058e-05,7.623419426606599e-05,39710228.55,0.18208955431350193,-2.0
2019-05-17 00:00:00,0.0031689999159425,0.0031860000453889,0.0028309999033808,0.0029619999695569,66495399.0,1558051200,0.0029544285831174144,0.002677040006965348,0.0023980909191786467,56.94836684059086,0.00010219690309019262,4.008782466857297e-05,6.210907842161965e-05,41675287.3,0.11647193025997549,-2.0
2019-05-18 00:00:00,0.0029660000000149,0.0030539999715983,0.0028969999402761,0.0030050000641494,54849676.0,1558137600,0.0029902857329163575,0.002686360012739844,0.00240868687949543,58.19364575620859,0.00010556102651040076,5.318246503693853e-05,5.2378561473462226e-05,43137757.5,0.18214005798048039,-2.0
2019-05-19 00:00:00,0.0030110001098364,0.0031950001139193,0.003000000026077,0.0031779999844729,63883932.0,1558224000,0.0030635714397898002,0.0027095200121402202,0.002421101020188069,62.84953302699664,0.00012079432452628,6.670483693480682e-05,5.408948759147318e-05,44683251.3,0.25315457521857043,-2.0
2019-05-20 00:00:00,0.0031789999920874,0.0031860000453889,0.0029329999815672,0.0030410001054406,56440462.0,1558310400,0.0031042857361690715,0.00273092001676554,0.00243216162697981,57.39803167791541,0.00012042390584638633,7.744865071712273e-05,4.2975255129263596e-05,45767611.35,0.198659879306194,-2.0
2019-05-21 00:00:00,0.0030420001130551,0.0031119999475777,0.0029680000152438,0.0030859999824315,54845691.0,1558396800,0.003106857151059114,0.00275360001251096,0.0024440808191123595,58.66625192710067,0.0001223510733546168,8.642913524462154e-05,3.5921938109995254e-05,46994056.8,0.23440002056361298,-2.0
2019-05-22 00:00:00,0.0030819999519735,0.0030910000205039,0.0029120000544935,0.0029390000272542,60016531.0,1558483200,0.0030541428630905003,0.002770520010963028,0.002454636375081084,53.10478647116259,0.0001107401560508578,9.12913394058688e-05,1.9448816644989e-05,48269569.75,0.1653449235352069,-2.0
2019-05-23 00:00:00,0.0029370000120252,0.0029800001066178,0.0027950000949203,0.0029609999619424,55428477.0,1558569600,0.003024571442178271,0.002787720011547156,0.0024654242536993306,53.81050734900738,0.00010213626798399791,9.346032512149462e-05,8.67594286250329e-06,48992504.8,0.0751633788003987,-2.0
2019-05-24 00:00:00,0.0029599999543279,0.0030219999607652,0.0029319999739527,0.0029949999880045,61767497.0,1558656000,0.0030292857305279286,0.002808880014344996,0.002476515162576204,54.939124422798386,9.694363675726448e-05,9.415698744864859e-05,2.7866493086158906e-06,50090136.05,0.12382737228648621,-2.0
2019-05-25 00:00:00,0.002995999995619,0.0030110001098364,0.0029579999390989,0.0029909999575465,58214409.0,1558742400,0.0030272857152989427,0.002828000010922496,0.0024874545563237636,54.769569079809855,9.14514744005555e-05,9.361588483902997e-05,-2.164410438474469e-06,51342759.8,0.08526847755288447,-2.0
2019-05-26 00:00:00,0.0029869999270886,0.0031149999704211,0.0029349999967962,0.0030920000281184,68909916.0,1558828800,0.0030150000072483,0.0028508400078862324,0.0024992525365880444,58.271485174426026,9.416330183735326e-05,9.372536823869464e-05,4.3793359865862294e-07,52937215.6,0.007822669265142856,-2.0
2019-05-27 00:00:00,0.0030990000814199,0.0032069999724626,0.0030859999824315,0.0031409999355673,76858482.0,1558915200,0.0030292856972664,0.0028720400016754278,0.002510858596199038,59.89383466428555,9.912369142806281e-05,9.480503287656829e-05,4.318658551494527e-06,54872946.45,-0.050483707767430164,-2.0
2019-05-28 00:00:00,0.0031419999431818,0.003167999908328,0.0030710001010447,0.0031479999888688,67850692.0,1559001600,0.003038142841043157,0.002889120001345816,0.002521303040210597,60.132299008627065,0.00010243883064223712,9.633179242970205e-05,6.107038212535066e-06,56655445.85,-0.00631310607258051,-2.0
2019-05-29 00:00:00,0.0031489999964833,0.0031510000117123,0.003082999959588,0.0031270000617951,74244761.0,1559088000,0.0030649999888347143,0.0029070000071078,0.002532010112484547,58.99896523876216,0.0001021935599962694,9.750414594301552e-05,4.689414053253877e-06,58831672.05,0.05570563603445389,-2.0
2019-05-30 00:00:00,0.0031250000465661,0.0035999999381601,0.0031099999323487,0.0032579998951405,97252491.0,1559174400,0.003107428550720157,0.002931200005114024,0.00254391920235417,63.60690367550667,0.00011128692656619784,0.00010026070206765199,1.1026224498545851e-05,62070264.95,0.08419295360737844,-2.0
2019-05-31 00:00:00,0.0032560001127421,0.0034429999068379,0.003171999938786,0.0034409998916089,85204091.0,1559260800,0.0031711428226636426,0.0029671599995344322,0.0025581919277707244,68.87015212061516,0.00013174142229719753,0.0001065568461135611,2.5184576183636428e-05,63904375.8,0.08275642178129883,-2.0
2019-06-01 00:00:00,0.0034429999068379,0.0035200000274926,0.0033599999733269,0.0034189999569207,85093279.0,1559347200,0.0032322856797171,0.003002479998394792,0.0025719596035401735,67.60435377647744,0.00014451071707089098,0.00011414762030502709,3.0363096765863897e-05,65930184.9,0.12430116355597187,-2.0
2019-06-02 00:00:00,0.0034260000102221,0.0034479999449104,0.0033420000690966,0.003398000029847,74315769.0,1559433600,0.0032759999656783285,0.003036919999867624,0.0025852424318365485,66.35074970564739,0.00015119309666182653,0.00012155671557638698,2.9636381085439557e-05,67295410.6,0.10110176577825869,-2.0
2019-06-03 00:00:00,0.0033970000222325,0.0034099998883903,0.0031940001063048,0.0031979999039322,76817043.0,1559520000,0.0032841428183018858,0.003064839998260088,0.002597606068270025,55.74812972202443,0.00013875115499585935,0.00012499560346028145,1.3755551535577903e-05,68214516.75,0.08812516987962526,-2.0
2019-06-04 00:00:00,0.0032130000181496,0.0032130000181496,0.0029859999194741,0.0030420001130551,77725735.0,1559606400,0.0032689999788999284,0.003085639998316716,0.002607828290719077,49.1506902681054,0.0001149775574953377,0.0001229919942672927,-8.01443677195501e-06,69217140.8,0.027355674486251758,-2.0
2019-06-05 00:00:00,0.0030390000902116,0.0030980000738054,0.0029800001066178,0.0030700000934302,72561329.0,1559692800,0.003260857126276371,0.0030982800014316527,0.0026184040488618303,50.28786172267459,9.727485068017523e-05,0.00011784856554986922,-2.0573714869693993e-05,69438783.1,0.025041771527909207,-2.0
2019-06-06 00:00:00,0.0030720001086592,0.0031240000389516,0.0030050000641494,0.003086999990046,71608123.0,1559779200,0.0032364285684057287,0.00311515999957914,0.002629191927480076,51.00428912306303,8.365278039058031e-05,0.00011100940851801145,-2.735662812743113e-05,69694419.3,0.03209630018793064,-2.0
2019-06-07 00:00:00,0.0030879999976605,0.0031950001139193,0.0030590000096708,0.0031099999323487,71288069.0,1559865600,0.003189142859939986,0.00312931999564166,0.00264064647313767,52.01193545326599,7.386166339136326e-05,0.00010357985949268181,-2.971819610131855e-05,70516338.95,0.005821443747286548,-2.0
2019-06-08 00:00:00,0.0031149999704211,0.0031910000834614,0.0030169999226927,0.0030839999672025,69699426.0,1559952000,0.0031412857185516715,0.003129959991201712,0.002651656573318423,50.741524361188524,6.327476067784785e-05,9.551883972971502e-05,-3.224407905186717e-05,70807113.65,-0.018147077215557195,-2.0
2019-06-09 00:00:00,0.003076999913901,0.003218000056222,0.0029780000913888,0.0030119998846203,69438950.0,1560038400,0.003086142840662143,0.0031181199848651442,0.0026618484925064294,47.29633082040318,4.851550255468608e-05,8.611817229470924e-05,-3.760266974002316e-05,71457038.05,-0.043202066305397246,-2.0
2019-06-10 00:00:00,0.0030139998998492,0.0031349998898804,0.002991999965161,0.0030910000205039,69822843.0,1560124800,0.0030708571430295285,0.00311503998935218,0.002672878794861212,51.21063696574593,4.2701103154835825e-05,7.743475846673456e-05,-3.4733655311898734e-05,72205895.65,-0.011512644892796575,-2.0
2019-06-11 00:00:00,0.0030900000128895,0.0031429999507963,0.002998000010848,0.0030580000020563,65070888.0,1560211200,0.003073142841458271,0.003118879990652156,0.002683747482175579,49.55497295207515,3.5026559667339884e-05,6.895311870685563e-05,-3.392655903951574e-05,72458613.5,-0.061387323364408886,-2.0
2019-06-12 00:00:00,0.0030610000248998,0.0030940000433474,0.0030189999379217,0.0030670000705868,69543166.0,1560297600,0.003072714266766357,0.003121359990909652,0.0026946767760120368,50.029479513068246,2.9332531807292617e-05,6.1029001326943026e-05,-3.169646951965041e-05,73164347.95,-0.1086892859061468,-2.0
2019-06-13 00:00:00,0.0030630000401288,0.003167999908328,0.0030300000216811,0.0030739998910576,66973694.0,1560384000,0.003070857109768014,0.00311719998717304,0.0027056969772798053,50.420100232469544,2.5095515238746785e-05,5.384230410930378e-05,-2.8746788870556998e-05,73424657.8,-0.10090671840014354,-2.0
2019-06-14 00:00:00,0.0030749998986721,0.0031419999431818,0.0030370000749826,0.0031240000389516,59252853.0,1560470400,0.003072857124997,0.0031205199845134803,0.0027171414218503825,53.23236302004489,2.5478542371871592e-05,4.8169551761817346e-05,-2.2691009389945754e-05,73476580.0,-0.08063566465234473,-2.0
2019-06-15 00:00:00,0.0031349998898804,0.0032039999496191,0.0030970000661909,0.0031570000573992,63436423.0,1560556800,0.003083285709310814,0.003123359987512188,0.002729030311897799,55.04477934983826,2.8120761199947227e-05,4.4159793649443326e-05,-1.60390324494961e-05,73202905.35,-0.01282046521720881,-2.0
2019-06-16 00:00:00,0.0031449999660253,0.0033360000234097,0.0031349998898804,0.0031860000453889,68789112.0,1560643200,0.0031081428751349002,0.0031332399882375763,0.0027410303115505564,56.63522190195904,3.21838005065923e-05,4.1764595020873124e-05,-9.580794514280823e-06,72799436.85,0.04733725410324863,-2.0
2019-06-17 00:00:00,0.0031880000606179,0.0032250001095235,0.0031250000465661,0.0031900000758469,60386666.0,1560729600,0.0031222857401838997,0.003142399992793756,0.0027530606144643595,56.861920494186485,3.5319417202106e-05,4.0475559457119704e-05,-5.156142255013707e-06,72426235.55,0.03908794096570234,-2.0
2019-06-18 00:00:00,0.0031930000986903,0.0031989999115467,0.0031099999323487,0.0031250000465661,54908991.0,1560816000,0.003131857175113872,0.00314759999513622,0.0027647676849455044,52.09595759159609,3.218840894739228e-05,3.881812935517422e-05,-6.6297204077819455e-06,71459447.05,0.012309704127836385,-2.0
2019-06-19 00:00:00,0.0031230000313371,0.0031540000345557,0.0030970000661909,0.0031300000846385,35562598.0,1560902400,0.0031408571771212577,0.0031531600002199,0.002776060615562681,52.426282003146255,2.97673837627516e-05,3.7007980236689704e-05,-7.240596473938104e-06,68374952.4,0.006430917274874659,-2.0
2019-06-20 00:00:00,0.0031429999507963,0.0032039999496191,0.0030950000509619,0.0031610000878572,36102126.0,1560988800,0.0031532857766640573,0.003155920002609452,0.0027875353633943045,54.52020227923308,3.0004274444508493e-05,3.5607239078253464e-05,-5.602964633744971e-06,65919854.15,0.024967613966788482,-2.0
2019-06-21 00:00:00,0.0031669999007135,0.0032510000746697,0.0031280000694096,0.0032230000942945,42423841.0,1561075200,0.003167428641713043,0.0031592000089585405,0.0027994949610508266,58.45834558752341,3.479381296288232e-05,3.544455385517924e-05,-6.507408922969173e-07,63786382.25,0.07005319314638658,-2.0
2019-06-22 00:00:00,0.0032289999071508,0.0033539999276399,0.0031850000377744,0.0032790000550448,57373528.0,1561161600,0.003184857212805272,0.00316444001160558,0.0028119293050934075,61.685479983787694,4.261702305322383e-05,3.687904769478815e-05,5.737975358435676e-06,62939270.2,0.0608217513082554,-2.0
2019-06-23 00:00:00,0.0032850001007318,0.0034960000775754,0.0032500000670552,0.0033040000125765,44229340.0,1561248000,0.0032017143509749284,0.003171520009636836,0.002824323244787929,63.06493751183443,5.025495323418864e-05,3.955422880266825e-05,1.070072443152039e-05,61309885.05,0.08044473850712275,-2.0
2019-06-24 00:00:00,0.0033140000887215,0.0034310000482946,0.0032339999452233,0.0033680000342428,42747865.0,1561334400,0.003227142916460057,0.0031759200152009282,0.002837323244999706,66.4000403751769,6.07717953808695e-05,4.379774211830851e-05,1.697405326256099e-05,59560991.55,0.09814149224926827,-2.0
2019-06-25 00:00:00,0.0033670000266283,0.0033950000070035,0.0032699999865144,0.00339199998416,41001826.0,1561420800,0.0032652857646877573,0.003173960018902972,0.00285054546677399,67.58218085217378,7.023345636803565e-05,4.908488496825394e-05,2.1148571399781713e-05,57983016.4,0.10344830981532449,-2.0
2019-06-26 00:00:00,0.0033909999765455,0.0034499999601393,0.0032520000822842,0.0033789998851716,64528905.0,1561507200,0.0033008571647639142,0.0031723600160330078,0.0028635555657209578,66.22305230738496,7.580901242023848e-05,5.442971045865085e-05,2.137930196158763e-05,57629055.5,0.0816260701154079,-2.0
2019-06-27 00:00:00,0.003389999968931,0.0034950000699609,0.002989999949932,0.0033289999701082,76165577.0,1561593600,0.0033248571479426287,0.003169600013643456,0.0028763636452794473,61.13095382509341,7.532480798405541e-05,5.860872996373176e-05,1.6716078020323648e-05,57872930.9,0.05448207462203758,-2.0
2019-06-28 00:00:00,0.0033319999929517,0.0035230000503361,0.003315000096336,0.0034900000318884,65310778.0,1561680000,0.0033629999961703287,0.003181280018761704,0.0028908686956973487,69.31332079311497,8.693035293550573e-05,6.427305455808656e-05,2.2657298377419164e-05,57653498.5,0.09541744575285849,-2.0
2019-06-29 00:00:00,0.003478999948129,0.0034860000014305,0.0033140000887215,0.0034050000831484,46594481.0,1561766400,0.0033810000001851283,0.003195800017565436,0.0029045353629484714,61.90411140794641,8.82517343747842e-05,6.90687905214261e-05,1.9182943853358108e-05,56511275.05,0.06739811980863997,-2.0
2019-06-30 00:00:00,0.0034179999493062,0.0034459999296814,0.0032470000442117,0.0032579998951405,43549174.0,1561852800,0.0033744285548371286,0.0032033200096338475,0.0029165959691233203,51.6261139243414,7.655477623826372e-05,7.056598766479362e-05,5.9887885734700975e-06,55197591.6,0.04255995090961573,-2.0
2019-07-01 00:00:00,0.0032500000670552,0.0033249999396502,0.0030930000357329,0.0032379999756813,42771993.0,1561939200,0.0033558571178997714,0.00320936000905926,0.0029285555644280184,50.4000447460878,6.492263852500482e-05,6.943731783683586e-05,-4.514679311831048e-06,54082646.85,0.03450475658861629,-2.0
2019-07-02 00:00:00,0.0032369999680668,0.0033599999733269,0.0030799999367445,0.0032039999496191,41581109.0,1562025600,0.0033289999701082143,0.0032131200097500756,0.002940282837083193,48.30000088768578,5.2357028396834634e-05,6.602125994883562e-05,-1.3664231552000986e-05,52684544.0,0.013603245987585222,-2.0
2019-07-03 00:00:00,0.0032069999724626,0.0033360000234097,0.003171999938786,0.003313000081107,37586127.0,1562112000,0.003319571426670414,0.003222280014306256,0.002953000009210373,54.802028926372,5.0610683048763795e-05,6.293914456882126e-05,-1.2328461520057463e-05,51215165.65,0.02792428922723955,-2.0
2019-07-04 00:00:00,0.0033140000887215,0.0033569999504834,0.003131000092253,0.0032289999071508,36433330.0,1562198400,0.0033052857033907855,0.0032309600152074756,0.002964555563386291,49.62266709347593,4.196483526047821e-05,5.8744282707152656e-05,-1.677944744667445e-05,50074189.5,-0.01524859623502417,-2.0
2019-07-05 00:00:00,0.0032259998843073,0.0044709998182952,0.0031300000846385,0.0038670001085847,187924151.0,1562284800,0.003359142857204543,0.003262000018730708,0.002982666675998506,71.58711415636309,8.560739411326646e-05,6.411690498837542e-05,2.1490489124891034e-05,56298575.9,0.17039954414805392,-2.0
2019-07-06 00:00:00,0.0038719999138265,0.003967999946326,0.0034700001124292,0.0035470000002533,65031784.0,1562371200,0.0033794285596481,0.003281560018658588,0.002997414150152945,57.941608246671365,9.329762509555865e-05,6.995304900981208e-05,2.334457608574657e-05,56110709.5,0.05314725777630325,-2.0
2019-07-07 00:00:00,0.0035530000459402,0.0036579999141395,0.0034950000699609,0.0036329999566078,44379649.0,1562457600,0.0034329999970005715,0.0033042000140994284,0.0030131010183443133,60.140574719596096,0.00010511990941941638,7.698642109173295e-05,2.8133488327683435e-05,55310358.65,0.07104952051097402,-2.0
2019-07-08 00:00:00,0.0036349999718368,0.0036440000403672,0.0035129999741911,0.0035590000916272,41682712.0,1562544000,0.0034788571564214137,0.0033236000221222115,0.003028040413152038,57.36147801713092,0.00010728131207447767,8.30453992882819e-05,2.4235912786195777e-05,54649044.7,0.05327026119341194,-2.0
2019-07-09 00:00:00,0.0035560000687837,0.0036150000523775,0.0034590000286698,0.0035490000154823,42613827.0,1562630400,0.003528142880116157,0.0033406000211834404,0.0030390303111587622,56.97829820365141,0.00010695441278612064,8.782720198784965e-05,1.912721079827099e-05,55001606.15,0.06608592590853934,-2.0
2019-07-10 00:00:00,0.0035510000307112,0.0035999999381601,0.0033640000037848,0.0034239999949932,49078577.0,1562716800,0.0035440000106713282,0.0033512800186872,0.0030453838455029333,52.2773316497445,9.550792979712503e-05,8.936334754970472e-05,6.144582247420309e-06,55650428.7,-0.018911185183997925,-2.0
2019-07-11 00:00:00,0.0034169999416917,0.0034260000102221,0.0031890000682324,0.0032430000137537,43609123.0,1562803200,0.003546000025900314,0.003353560017421792,0.0030461818243216502,46.31820595501481,7.101273317071952e-05,8.569322467390767e-05,-1.4680491503188154e-05,55709692.8,-0.0475771117294389,-2.0
2019-07-12 00:00:00,0.0032409999985247,0.0033680000342428,0.0032069999724626,0.0033400000538676,35428239.0,1562889600,0.0034707143037978716,0.0033595600165426203,0.00304257576447916,49.63183100546026,5.874997282383915e-05,8.030457430389397e-05,-2.1554601480054826e-05,54612428.35,0.025168864753313258,-2.0
2019-07-13 00:00:00,0.0033430000767111,0.0033509999047964,0.003173999954015,0.0032490000594407,27243201.0,1562976000,0.0034281428836817856,0.0033645200170576038,0.0030391313196770887,46.718313479305834,4.121362287899319e-05,7.248638401891382e-05,-3.127276113992063e-05,53763121.4,0.0033971846331113387,-2.0
2019-07-14 00:00:00,0.0032500000670552,0.003258999902755,0.0030100001022219,0.0030139998998492,36339861.0,1563062400,0.0033397143041448427,0.003359880009666032,0.003034838388269398,40.161682895673415,8.258194973265534e-06,5.964074620978416e-05,-5.138255123651863e-05,53442721.2,-0.05930089037376152,-2.0
2019-07-15 00:00:00,0.0030199999455362,0.003133000107482,0.0029219998978078,0.0030920000281184,43028086.0,1563148800,0.0032730000093578716,0.00335712000727648,0.0030315454597725513,43.02010929140738,-1.1433462754457079e-05,4.5425904416935914e-05,-5.685936717139299e-05,53544034.2,-0.06670692652526444,-2.0
2019-07-16 00:00:00,0.0030930000357329,0.0031250000465661,0.0028019999153912,0.0028250000905245,40980833.0,1563235200,0.0031695714486496144,0.0033412000071256797,0.00302932323944383,36.57875624073991,-4.803024416965684e-05,2.6734674699617368e-05,-7.476491886927421e-05,52366630.6,-0.1251160818343846,-2.0
2019-07-17 00:00:00,0.0028190000448375,0.0031769999768584,0.002771999919787,0.0030300000216811,41838001.0,1563321600,0.003113285738176457,0.0033312400057911324,0.0030307979863889094,43.565538634233285,-5.9802312090216376e-05,9.427277341650618e-06,-6.9229589431867e-05,50650251.8,-0.21644687442482047,-2.0
2019-07-18 00:00:00,0.0030310000292956,0.0031449999660253,0.0028760000132024,0.0031210000161081,40218356.0,1563408000,0.0030958571670842284,0.003323920005932396,0.0030318080880349435,46.388918817022386,-6.108467558262921e-05,-4.675113243205349e-06,-5.640956233942387e-05,49395630.7,-0.12010148974197288,-2.0
2019-07-19 00:00:00,0.0031200000084936,0.0031349998898804,0.0029710000380873,0.0030590000096708,20956541.0,1563494400,0.003055714303627543,0.003311560004949516,0.003034535360362594,44.74637162835267,-6.633912412487303e-05,-1.7007915419538886e-05,-4.933120870533415e-05,48113733.7,-0.15799613371670795,-2.0
2019-07-20 00:00:00,0.0030640000477433,0.0031870000530034,0.0030380000825971,0.0031179999932646,23424227.0,1563580800,0.003037000008459529,0.0033006000053137,0.0030371818239941233,46.68114137738868,-6.49933045009164e-05,-2.660499323581439e-05,-3.838831126510202e-05,47107486.35,-0.12391123546191629,-2.0
2019-07-21 00:00:00,0.0031179999932646,0.003165999893099,0.0029829998966306,0.0030759999062865,18349874.0,1563667200,0.0030458571522362855,0.003288480006158296,0.003039242429282427,45.46078028238132,-6.654865726671462e-05,-3.459372604199444e-05,-3.195493122472018e-05,45886380.4,-0.13327700961745992,-2.0
2019-07-22 00:00:00,0.0030759999062865,0.0031000000890344,0.0029660000000149,0.0029970000032335,19174676.0,1563753600,0.003032285720109871,0.003275200007483308,0.0030404040448818643,43.174471074594365,-7.331083580520894e-05,-4.233714799463734e-05,-3.0973687810571597e-05,44766058.75,-0.12470794170096022,-2.0
2019-07-23 00:00:00,0.003000000026077,0.0030030000489205,0.0028739999979734,0.0028800000436604,21006916.0,1563840000,0.003040142856272143,0.0032508000079541884,0.0030413131356577475,39.96849886202382,-8.710671792176716e-05,-5.129106198006331e-05,-3.5815655941703855e-05,43937098.2,-0.11193338530798691,-2.0
2019-07-24 00:00:00,0.0028800000436604,0.002917000092566,0.0028160000219941,0.002915000077337,23840681.0,1563926400,0.0030237142927944144,0.003231200007721732,0.0030421212179153052,41.37102973050916,-9.413076284319616e-05,-5.985900215268988e-05,-3.4271760690506276e-05,43307465.75,-0.127245499903051,-2.0
2019-07-25 00:00:00,0.0029100000392645,0.0030179999303072,0.002905000001192,0.0029209998901933,20653975.0,1564012800,0.0029951428462351576,0.0032177200075238443,0.0030432424291666807,41.622814989115405,-9.808259914531516e-05,-6.750372155121494e-05,-3.057887759410022e-05,34943956.95,-0.1009541899804901,-2.0
2019-07-26 00:00:00,0.0029209998901933,0.0029490001033991,0.0028820000588893,0.0029209998901933,19438979.0,1564099200,0.002975428543452657,0.003205040004104324,0.0030429899019913035,41.622814989115405,-0.00010006101677067537,-7.401518059510704e-05,-2.6045836175568333e-05,32664316.7,-0.030856009537542972,-2.0
2019-07-27 00:00:00,0.0029229999054223,0.0030300000216811,0.0027970001101493,0.0028230000752955,20901185.0,1564185600,0.0029332856980285,0.0031898000091313806,0.0030422828329557225,38.49141311978738,-0.00010828841163400835,-8.08698268028873e-05,-2.7418584831121045e-05,31490393.5,-0.08699869028998586,-2.0
2019-07-28 00:00:00,0.002822000067681,0.0028870000969618,0.0027920000720769,0.002858999883756,19878103.0,1564272000,0.002902285694809857,0.0031716400012373404,0.003041848488565898,40.26914280017815,-0.0001106285407051948,-8.68215695833488e-05,-2.3806971121845993e-05,30400163.05,0.01203532465203816,-2.0
2019-07-29 00:00:00,0.002858999883756,0.0028969999402761,0.0028089999686926,0.0028399999719113,19054200.0,1564358400,0.0028798571189066857,0.0031560800038277605,0.0030426565684716312,39.61832095917736,-0.00011271691353541453,-9.200063837376195e-05,-2.0716275161652587e-05,29222181.7,-0.06270628660404587,-2.0
2019-07-30 00:00:00,0.0028309999033808,0.0028880001045763,0.0028009999077767,0.0028170000296086,16899416.0,1564444800,0.0028708571168992855,0.003114080000668716,0.0030428484891249184,38.800815923857904,-0.00011490333307571194,-9.658117731415194e-05,-1.832215576156e-05,27613223.65,-0.09740467315940271,-2.0
2019-07-31 00:00:00,0.0028160000219941,0.0029080000240355,0.0028160000219941,0.0028989999555051,21310977.0,1564531200,0.0028685713852090143,0.0030881599988787883,0.0030441313177685357,43.293430311815406,-0.00010876559551496225,-9.9018060954314e-05,-9.747534560648242e-06,26498316.35,-0.052304692271942343,-2.0
2019-08-01 00:00:00,0.0028999999631196,0.0029589999467134,0.0028599998913705,0.0029569999314844,20206543.0,1564617600,0.0028737142482506,0.003061119997873852,0.0030477474786980395,46.29643274035673,-9.809055409420314e-05,-9.883255958229183e-05,7.420054880886897e-07,25737231.55,-0.05163568381269623,-2.0
2019-08-02 00:00:00,0.0029569999314844,0.0029750000685453,0.0028969999402761,0.00290900003165,18550954.0,1564704000,0.002871999982744414,0.0030351199954747644,0.003051818186191397,44.209836519180165,-9.24381284197807e-05,-9.755367334978961e-05,5.115544930008921e-06,25302619.2,-0.0542912482848904,-2.0
2019-08-03 00:00:00,0.0029080000240355,0.0029599999543279,0.0028999999631196,0.0029120000544935,15813943.0,1564790400,0.0028847142654869857,0.0030096399970352115,0.003055787882814604,44.37857026576862,-8.671684575948689e-05,-9.538630783172907e-05,8.669462072242185e-06,24276323.3,-0.028361677893991466,-2.0
2019-08-04 00:00:00,0.002913000062108,0.0029839999042451,0.0028639999218285,0.0029380000196397,19238655.0,1564876800,0.0028959999991846576,0.002990199998021072,0.0030600505086094245,45.90553850901684,-7.917206188851099e-05,-9.214345864308547e-05,1.2971396754574475e-05,23086851.75,0.020138880243065316,-2.0
2019-08-05 00:00:00,0.0029380000196397,0.0031620000954717,0.0029360000044107,0.003086999990046,31037239.0,1564963200,0.002931285716061043,0.0029839599970727638,0.0030656666706569678,53.74281481841004,-6.047262318922657e-05,-8.58092915523137e-05,2.5336668363087127e-05,22589672.05,0.05900511428669697,-2.0
2019-08-06 00:00:00,0.003089000005275,0.0033160001039505,0.002919000107795,0.0029500001110136,19786133.0,1565049600,0.0029502857276903285,0.002968359999358604,0.0030705555614948983,47.00016745600092,-5.606168437967407e-05,-7.985977011778578e-05,2.379808573811171e-05,21487078.65,0.009928182783458084,-2.0
2019-08-07 00:00:00,0.0029509998857975,0.0030499999411404,0.0029380000196397,0.0030060000717639,26551305.0,1565136000,0.0029655714585844427,0.002958639999851532,0.0030755353597641394,49.77406423860213,-4.749970770971971e-05,-7.338775763617258e-05,2.588804992645287e-05,20803726.1,0.029099686670982727,-2.0
2019-08-08 00:00:00,0.0030050000641494,0.0030119998846203,0.0028580001089721,0.0029279999434947,16993741.0,1565222400,0.002961428603157343,0.002955200001597352,0.0030796464692537323,46.15089821583795,-4.647253157428208e-05,-6.800471242379449e-05,2.1532180849512405e-05,20605586.1,0.037194426283608584,-2.0
2019-08-09 00:00:00,0.0029289999511092,0.0029329999815672,0.0028689999599009,0.0029039999935775,21528298.0,1565308800,0.0029607143120041284,0.002947680000215716,0.0030826060642309048,45.0639372056784,-4.7052688366701e-05,-6.38143076123758e-05,1.6761619245674796e-05,20510789.65,0.015739808202573924,-2.0
2019-08-10 00:00:00,0.002905000001192,0.0029289999511092,0.0027960001025348,0.0028419999871402,17920883.0,1565395200,0.0029507143023822283,0.0029483599960803443,0.0030838282863524316,42.292750296245735,-5.191688365072632e-05,-6.14348228200459e-05,9.517939169319581e-06,20489340.1,0.0007042307213664944,-2.0
2019-08-11 00:00:00,0.0028450000099837,0.0029019999783486,0.0028389999642968,0.0028979999478906,16229246.0,1565481600,0.0029450000064180715,0.0029430799931287237,0.003086030306858947,45.54974657639424,-5.066898412791352e-05,-5.9281655081619426e-05,8.61267095370591e-06,20342068.6,0.028753964299125023,-2.0
2019-08-12 00:00:00,0.0028959999326616,0.0029009999707341,0.0028689999599009,0.0028800000436604,21554919.0,1565568000,0.002915428585505843,0.002933439994230816,0.0030883232371485994,44.67690165702488,-5.054975054717432e-05,-5.75352741747304e-05,6.9855236275560845e-06,20369468.75,-0.006553953824186776,-2.0
2019-08-13 00:00:00,0.0028830000665038,0.0028899998869746,0.0028039999306201,0.0028250000905245,27308535.0,1565654400,0.0028975714397216855,0.002924079997464964,0.0030911818236074454,42.02684752042506,-5.4267729039804424e-05,-5.688176514774521e-05,2.6140361079407873e-06,20542861.45,-0.044639784923375614,-2.0
2019-08-14 00:00:00,0.0028230000752955,0.0028299998957663,0.0027149999514222,0.0027220000047236,34384340.0,1565740800,0.0028570000015730713,0.0029082399979233242,0.003093060611681303,37.53644947553517,-6.477877055473128e-05,-5.8461166229142425e-05,-6.317604325588853e-06,21229379.7,-0.06428326740867463,-2.0
2019-08-15 00:00:00,0.0027199999894946,0.0027530000079423,0.0025839998852461,0.0026400000788271,32124644.0,1565827200,0.0028158571637634145,0.0028908000048249484,0.0030941010165883827,34.38648027598134,-7.881700206324423e-05,-6.253233339596279e-05,-1.628466866728144e-05,21863662.95,-0.09340658330231733,-2.0
2019-08-16 00:00:00,0.0026410000864416,0.0027139999438077,0.0025609999429434,0.00268099992536,19795789.0,1565913600,0.0027840000111609142,0.002878160001710008,0.0030959292992271646,37.22313323646671,-8.564677401101282e-05,-6.71552215189728e-05,-1.8491552492040016e-05,21808393.15,-0.08747450393523726,-2.0
2019-08-17 00:00:00,0.0026839999482035,0.0026899999938905,0.0026189999189227,0.0026459998916834,18747565.0,1566000000,0.0027559999975242284,0.002868799995630928,0.003097181822257912,35.80024816396687,-9.281372880456593e-05,-7.228692297609143e-05,-2.052680582847449e-05,21751866.25,-0.1428571751812765,-2.0
2019-08-18 00:00:00,0.0026469998992979,0.0027300000656396,0.0026219999417662,0.0027230000123381,20832602.0,1566086400,0.0027310000067310137,0.0028611199930309718,0.0030968686909122684,41.13170593752561,-9.122869824809048e-05,-7.607527803049125e-05,-1.5153420217599225e-05,21840786.35,-0.07694918309596421,-2.0
2019-08-19 00:00:00,0.0027230000123381,0.0028270001057535,0.0027159999590367,0.0027970001101493,20301072.0,1566172800,0.0027191428733722854,0.002856160001829212,0.003098202024990961,45.7908959807619,-8.304408020040751e-05,-7.746903846447451e-05,-5.575041735933001e-06,22010869.15,-0.06952759701431421,-2.0
2019-08-20 00:00:00,0.0027979998849332,0.0028069999534636,0.0027139999438077,0.0027630000840872,19682454.0,1566259200,0.0027102857295955287,0.002849840009584968,0.0030982727326000666,44.065230314460955,-7.839751166999285e-05,-7.765473310557818e-05,-7.427785644146672e-07,21929443.0,-0.05635241208733255,-2.0
2019-08-21 00:00:00,0.0027640000917017,0.002769999904558,0.0026199999265372,0.0026750001125037,21056919.0,1566345600,0.0027035714592783997,0.0028439200110732966,0.00309430303597686,39.87649899175245,-8.088355956684199e-05,-7.830049839783095e-05,-2.5830611690110444e-06,21971961.8,-0.07885670853314652,-2.0
2019-08-22 00:00:00,0.0026759998872876,0.0027310000732541,0.0026169999036937,0.0027000000700354,21813055.0,1566432000,0.002712142886593871,0.0028375600185244713,0.0030881616221081817,41.5756111992007,-7.991526931749263e-05,-7.862345258176328e-05,-1.2918167357293524e-06,22135066.85,-0.04996478456978781,-2.0
2019-08-23 00:00:00,0.0027089999057352,0.0028989999555051,0.0026569999754428,0.0027129999361932,21615807.0,1566518400,0.0027167143167129,0.0028324800170957476,0.0030835656627936888,42.48581173436562,-7.720889567572808e-05,-7.834054120055625e-05,1.131645524828171e-06,22425160.05,-0.06383713423875592,-2.0
2019-08-24 00:00:00,0.0027129999361932,0.0027250000275671,0.0026140001136809,0.0026610000059008,22299027.0,1566604800,0.0027188571901725286,0.002826240016147436,0.003080525259120395,39.8138764389992,-7.83567865988025e-05,-7.83437902802055e-05,-1.2996318596999947e-08,22578178.65,-0.07604167862485767,-2.0
2019-08-25 00:00:00,0.0026630000211298,0.0028880001045763,0.0026249999646097,0.0026620000135153,22727727.0,1566691200,0.0027101429046264146,0.0028167600184678438,0.0030770606121442927,39.89216500369072,-7.828340381887131e-05,-7.833171298793866e-05,4.830916906735155e-08,22162703.05,-0.05769914045522628,-2.0
2019-08-26 00:00:00,0.0026519999373704,0.0028289998881518,0.0026400000788271,0.002678999910131,22974750.0,1566777600,0.002693285733195229,0.002805640017613708,0.0030720202073529607,41.29026971904618,-7.597767451688817e-05,-7.786090529372856e-05,1.8832307768403955e-06,22322133.9,-0.0157972426590669,-2.0
2019-08-27 00:00:00,0.0026799999177455,0.0027880000416189,0.002600000007078,0.0026199999265372,21250034.0,1566864000,0.0026728571392595143,0.002794080013409196,0.0030677676802933302,37.98777056357803,-7.80119003986929e-05,-7.789110431472143e-05,-1.2079608397146807e-07,22057070.35,-0.0075758150351215026,-2.0
2019-08-28 00:00:00,0.0026219999417662,0.0026330000255256,0.00251100002788,0.0025239998940378,23602879.0,1566950400,0.0026512856794786714,0.0027785600069909684,0.003062090911723697,33.31816457722738,-8.637476485990345e-05,-7.958783642375783e-05,-6.786928436145617e-06,22387527.25,-0.058560252030263826,-2.0
2019-08-29 00:00:00,0.0025229998864233,0.0025239998940378,0.0023920000530779,0.0024500000290572,28641509.0,1567036800,0.002615571387910357,0.002759040007367668,0.003057151517802515,30.233105912660463,-9.784566197343575e-05,-8.323940153369341e-05,-1.4606260439742338e-05,22743187.8,-0.07407402518883077,-2.0
2019-08-30 00:00:00,0.0024510000366717,0.0024870000779628,0.0024270000867545,0.0024820000398904,23809187.0,1567123200,0.002582571402724243,0.0027348400093614444,0.0030523131347514852,33.11714436634986,-0.00010316507438083754,-8.722453610312224e-05,-1.59405382777153e-05,23037603.0,-0.08850531448979526,-2.0
2019-08-31 00:00:00,0.0024820000398904,0.0025289999321103,0.0024590000975877,0.00251100002788,23927277.0,1567209600,0.0025611428344355573,0.0027172800060360994,0.0030474242462653783,35.71085592342631,-0.00010384364546574786,-9.054835797564736e-05,-1.3295287490100493e-05,23422504.55,-0.10225243868654454,-2.0
2019-09-01 00:00:00,0.0025120000354945,0.0025329999625682,0.0024429999757558,0.0024920001160353,22742519.0,1567296000,0.002536857134795557,0.0026967200078069557,0.003042383843825872,34.75976475373676,-0.00010470754859434866,-9.338019609938763e-05,-1.1327352494961031e-05,23481884.55,-0.09808178060241679,-2.0
2019-09-02 00:00:00,0.0024920001160353,0.0026159998960793,0.0024619998876005,0.00259599997662,25999239.0,1567382400,0.002525000001436843,0.0026834400091319682,0.0030373737422955843,43.6123785837528,-9.589486218299862e-05,-9.388312931610983e-05,-2.0117328668887893e-06,23416419.75,-0.029532759835945832,-2.0
2019-09-03 00:00:00,0.002597999991849,0.0027240000199526,0.0025599999353289,0.0025949999690055,40548612.0,1567468800,0.0025214285789323145,0.0026710800081490883,0.003031858591118193,43.55118425102985,-8.797728953727994e-05,-9.270196136034386e-05,4.724671823063927e-06,23724633.35,-0.038888925298628974,-2.0
2019-09-04 00:00:00,0.00259599997662,0.0026950000319629,0.0025410000234842,0.0026899999938905,27623103.0,1567555200,0.0025451428789112713,0.0026650000084191,0.003027232328542654,50.63725990481617,-7.319312334781595e-05,-8.880019375783828e-05,1.5607070410022337e-05,23499556.3,-0.008477678895552399,-2.0
2019-09-05 00:00:00,0.0026899999938905,0.0026920000091195,0.0025049999821931,0.0025309999473392,32285101.0,1567641600,0.0025567142958087,0.002650320008397044,0.003021212125366333,41.29404054761961,-7.345974188896313e-05,-8.573210338406326e-05,1.2272361495100124e-05,24124021.9,-0.0488538362545371,-2.0
2019-09-06 00:00:00,0.0025289999321103,0.0026400000788271,0.0024600001052021,0.002509000012651,29577777.0,1567728000,0.0025605714347745,0.002635480007156668,0.0030136464699876504,40.189088755161286,-7.458646354859032e-05,-8.350297541696867e-05,8.916511868378352e-06,24665532.5,-0.0574755823018408,-2.0
2019-09-07 00:00:00,0.002515000058338,0.0025690000038594,0.0024790000170469,0.002515000058338,34744018.0,1567814400,0.002561142867697072,0.0026230800058692078,0.0030042929363182473,40.65548429655592,-7.414059837185846e-05,-8.163050000794663e-05,7.489901636088174e-06,25361103.3,-0.06121681869895268,-2.0
2019-09-08 00:00:00,0.00251100002788,0.0025599999353289,0.0024689999409019,0.0025009999517351,31506514.0,1567900800,0.0025624285585113286,0.0026142400037496684,0.0029950202089931406,39.874167662866974,-7.406318431998557e-05,-8.011703687035443e-05,6.0538525503688615e-06,25921375.4,-0.04541983898426283,-2.0
2019-09-09 00:00:00,0.002509000012651,0.0025100000202655,0.0024180000182241,0.0024610001128166,34582212.0,1567987200,0.002543142863682272,0.002607080005109248,0.0029855555633665704,37.64798279713249,-7.634937773358386e-05,-7.936350504300032e-05,3.0141273094164627e-06,26666363.3,-0.024960294717134568,-2.0
2019-09-10 00:00:00,0.0024610001128166,0.0024890000931918,0.0024099999573081,0.0024369999300688,29851957.0,1568073600,0.0025205714295484572,0.0025973200052975998,0.0029778686949437083,36.33710878428029,-7.918502102345149e-05,-7.932780823909056e-05,1.4278721563906987e-07,27106115.2,-0.005306162789476598,-2.0
2019-09-11 00:00:00,0.0024319998919963,0.0024510000366717,0.0023900000378489,0.0023990001063793,30308813.0,1568160000,0.002479000017046857,0.002587440013885436,0.0029713737453813263,34.300660250934726,-8.35356104363456e-05,-8.016936867854158e-05,-3.366241757804024e-06,27530903.1,-0.03344074624380944,-2.0
2019-09-12 00:00:00,0.0023980000987648,0.0024459999985992,0.0023660000879317,0.0024250000715255,38515673.0,1568246400,0.0024638571776449,0.0025755200162529317,0.002964858593644915,36.906130395976156,-8.391814782297488e-05,-8.091912450742824e-05,-2.99902331554664e-06,28375896.4,-0.03424928530451221,-2.0
2019-09-13 00:00:00,0.0024250000715255,0.0024319998919963,0.0023980000987648,0.00242600007914,34172204.0,1568332800,0.0024520000442861856,0.0025606800150125603,0.0029581818268680873,37.009600451856194,-8.318175174555371e-05,-8.137164995505334e-05,-1.81010179050037e-06,28969555.25,-0.026484764776136704,-2.0
2019-09-14 00:00:00,0.0024270000867545,0.0024510000366717,0.0024049999192357,0.0024409999605268,36253840.0,1568419200,0.0024414286017417288,0.002547800010070144,0.002951424251395138,38.63520902230691,-8.046029132645566e-05,-8.118937822933381e-05,7.290869028781492e-07,29645860.9,-0.05970724864759447,-2.0
2019-09-15 00:00:00,0.0024429999757558,0.0024860000703483,0.0024379999376833,0.0024600001052021,35862686.0,1568505600,0.0024355714808084426,0.00253920000977808,0.0029451212224860437,40.722046303535365,-7.589548553880261e-05,-8.013059969122758e-05,4.235114152424969e-06,30290257.7,-0.052023069524404275,-2.0
2019-09-16 00:00:00,0.0024619998876005,0.0024910001084208,0.002430000109598,0.0024550000671297,31115288.0,1568592000,0.0024347143314246,0.002529400009661852,0.00293949496170331,40.333328459439244,-7.185302836577563e-05,-7.847508542613719e-05,6.6220570603615545e-06,30783520.4,-0.08736056776748313,-2.0
2019-09-17 00:00:00,0.0024540000595152,0.0026149998884648,0.0024429999757558,0.0026080000679939,38934662.0,1568678400,0.002459142922556757,0.00252520001493388,0.002934616174304219,54.61102293816758,-5.566189486080897e-05,-7.391244731307156e-05,1.825055245226259e-05,31550109.55,0.03042280610698911,-2.0
2019-09-18 00:00:00,0.0026070000603795,0.0029929999727755,0.0025820001028478,0.0027189999818801,45526972.0,1568764800,0.002504857190485443,0.002527520013973052,0.002931191931676177,61.76022390447934,-3.348751627926328e-05,-6.58274611063099e-05,3.233994482704663e-05,32394382.7,0.08369867204871584,-2.0
2019-09-19 00:00:00,0.0027179999742656,0.0027340000960975,0.0025889999233186,0.0027089999057352,46463665.0,1568851200,0.0025454285953725427,0.002529400009661848,0.0029275757683948477,60.83062682552741,-1.653053040181346e-05,-5.596807496541062e-05,3.943754456359716e-05,33527106.6,0.07713711447203786,-2.0
2019-09-20 00:00:00,0.0027099999133497,0.0027159999590367,0.0026449998840689,0.0026720000896602,45337416.0,1568937600,0.002580571454018286,0.0025291200168430163,0.002923515164340328,57.388762924244936,-6.008312772736585e-06,-4.597612252687581e-05,3.996780975413923e-05,34597613.55,0.06837270740707813,-2.0
2019-09-21 00:00:00,0.0026670000515878,0.0026720000896602,0.0025559999048709,0.0025859999004751,47801585.0,1569024000,0.0026012857311537574,0.002527760015800532,0.002918080819507232,50.26913441139335,-4.556353223151427e-06,-3.769216866613094e-05,3.313581544297951e-05,35850566.85,0.05079227221791505,-2.0
2019-09-22 00:00:00,0.0025949999690055,0.0026090000756084,0.0025460000615566,0.0025919999461621,37997883.0,1569110400,0.0026201428512909,0.002530480017885504,0.002912373747676554,50.72840320992593,-2.8882177010303156e-06,-3.073137847311082e-05,2.78431607720805e-05,36450499.05,0.06360279874481733,-2.0
2019-09-23 00:00:00,0.0025869999080896,0.002600000007078,0.0024820000398904,0.0024860000703483,35603401.0,1569196800,0.0026245714231792716,0.0025319200195371484,0.002905303040857963,43.14733532333628,-1.0004190303306622e-05,-2.658594083914998e-05,1.6581750535843357e-05,36203238.5,0.036265093835408324,-2.0
2019-09-24 00:00:00,0.0024890000931918,0.0025019999593496,0.0020769999828189,0.0022279999684542,56048353.0,1569283200,0.0025702856946735997,0.0025217600166796998,0.002895585868056016,31.002831863844804,-3.604657935586371e-05,-2.8478068542492727e-05,-7.568510813370985e-06,37624501.0,-0.0812371535095966,-2.0
2019-09-25 00:00:00,0.0022289999760687,0.0022430000826716,0.0021100000012665,0.0021969999652355,58992978.0,1569369600,0.0024957142637243718,0.0025092000141739203,0.0028862121298607575,29.913356353260383,-5.8512308022967956e-05,-3.4484916438587774e-05,-2.4027391584380182e-05,38959894.85,-0.09439410817565963,-2.0
2019-09-26 00:00:00,0.002202000003308,0.0022289999760687,0.0020759999752044,0.0021550001110881,46965571.0,1569456000,0.002416571435917643,0.002495720013976032,0.00287636364527944,28.454419278498918,-7.879727117820687e-05,-4.33473873865116e-05,-3.544988379169527e-05,39829284.55,-0.11716503648651333,-2.0
2019-09-27 00:00:00,0.0021550001110881,0.0022279999684542,0.002121000085026,0.0022209999151527,47659680.0,1569542400,0.0023521428395594283,0.00248072001151734,0.002866868694040001,33.90937027365261,-8.852713234393066e-05,-5.238333637799541e-05,-3.614379596593525e-05,40475067.65,-0.09715454464574702,-2.0
2019-09-28 00:00:00,0.0022219999227672,0.0022479998879134,0.002202000003308,0.0022340000141412,36239557.0,1569628800,0.002301857141511729,0.002466280013322768,0.002856878794240473,34.96125676388205,-9.41043418012529e-05,-6.072753746264691e-05,-3.3376804338605994e-05,40711719.8,-0.09002038572116444,-2.0
2019-09-29 00:00:00,0.0022380000445991,0.0023360000923275,0.0021850001066923,0.0022229999303817,41861530.0,1569715200,0.0022491428535431,0.002447600010782416,0.002846212126314583,34.46145632834926,-9.827903575801867e-05,-6.823783712172127e-05,-3.00411986362974e-05,41075685.7,-0.1476227483032031,-2.0
2019-09-30 00:00:00,0.0022269999608397,0.0024160000029951,0.0021710000000894,0.0023870000150054,56920760.0,1569801600,0.0022349999884941144,0.002441840013489064,0.0028369495000764907,46.69632953659279,-8.734719053185049e-05,-7.205970780374711e-05,-1.528748272810337e-05,42429125.85,-0.12210370323177888,-2.0
2019-10-01 00:00:00,0.0023930000606924,0.0024969999212771,0.0023809999693185,0.0023880000226199,40563787.0,1569888000,0.0022578571390892144,0.00243700001388782,0.0028270505100600977,46.76159323103191,-7.770717226253518e-05,-7.318920069550474e-05,-4.517971567030439e-06,42941874.55,-0.11849387016799606,-2.0
2019-10-02 00:00:00,0.0023910000454634,0.0024109999649226,0.0023139999248087,0.0023509999737143,42121830.0,1569974400,0.0022798571403004715,0.002430440010502872,0.002816535358439434,44.586386730293924,-7.22204704284757e-05,-7.299545464209894e-05,7.749842136232422e-07,43122182.4,-0.12013476990067085,-2.0
2019-10-03 00:00:00,0.0023489999584853,0.0023650000803172,0.0022899999748915,0.0023250000085681,36788344.0,1570060800,0.0023041428399404713,0.002423400012776192,0.002805888895039399,43.07023189986884,-6.917281840002325e-05,-7.223092739368381e-05,3.0581089936605564e-06,43252989.4,-0.10092803633095626,-2.0
2019-10-04 00:00:00,0.0023229999933391,0.0023630000650882,0.00228299992159,0.0023600000422447,42842902.0,1570147200,0.002324000000953614,0.002419360009953316,0.0027961010169801717,45.74485495519449,-6.320473713401385e-05,-7.042568934174982e-05,7.220952207735975e-06,43582442.5,-0.08950613762971538,-2.0
2019-10-05 00:00:00,0.0023550000041723,0.0023769999388605,0.0023070001043379,0.0023219999857246,39360096.0,1570233600,0.0023365714254655287,0.002414760012179548,0.002784303036715891,43.362856288175045,-6.0839951623683965e-05,-6.850854179813666e-05,7.668590174452692e-06,43757313.0,-0.06596946097460199,-2.0
2019-10-06 00:00:00,0.0023229999933391,0.0023620000574737,0.0022899999748915,0.0023459999356418,40093923.0,1570320000,0.0023541428547884,0.002412640005350048,0.0027736060655289556,45.30015302447875,-5.637934074186881e-05,-6.60827015868831e-05,9.703360845014281e-06,44206244.75,0.05296228404772774,-2.0
2019-10-07 00:00:00,0.0023419999051839,0.0024079999420791,0.0023050000891089,0.0023900000378489,48117979.0,1570406400,0.0023545714294803287,0.002411240004002984,0.0027648383902027776,48.76056024446307,-4.87320808636193e-05,-6.261257744223033e-05,1.3880496578611031e-05,44665410.6,0.08784709861964535,-2.0
2019-10-08 00:00:00,0.0023900000378489,0.0024180000182241,0.0023240000009536,0.0023459999356418,49622640.0,1570492800,0.0023485714170548852,0.0024080399982630563,0.0027558282887882373,45.65048311591005,-4.569526625343651e-05,-5.922911520447157e-05,1.3533848951035061e-05,44870194.0,0.08863100450480288,-2.0
2019-10-09 00:00:00,0.0023399998899549,0.0024019998963922,0.0023169999476522,0.0023880000226199,39868870.0,1570579200,0.002353857138327114,0.00240592000074678,0.0027475858652831957,48.994732747612595,-3.944481748363333e-05,-5.5272255660303924e-05,1.5827438176670596e-05,44540454.25,0.07519140650472189,-2.0
2019-10-10 00:00:00,0.0023920000530779,0.0024000001139938,0.0023300000466406,0.0023320000618696,49414270.0,1570665600,0.0023548571459416144,0.00240079999901348,0.0027376767741797868,45.01728472844552,-3.8565461983286215e-05,-5.1930896924900385e-05,1.336543494161417e-05,44744296.95,0.043867523325004765,-2.0
2019-10-11 00:00:00,0.0023320000618696,0.0023829999845474,0.0022899999748915,0.0023449999280273,40769657.0,1570752000,0.002352714272481986,0.002396399993449384,0.002728747481461368,46.11096744312877,-3.6399989439285605e-05,-4.882471542777743e-05,1.2424725988491825e-05,44392700.55,0.05488079238250454,-2.0
2019-10-12 00:00:00,0.0023280000314116,0.0023829999845474,0.0023099998943507,0.0023399998899549,45487600.0,1570838400,0.0023552856873720286,0.002385679986327824,0.0027133232368287434,45.73415525618298,-3.4687442882789295e-05,-4.599726091877981e-05,1.1309818035990512e-05,44767186.4,-0.019690039696289574,-2.0
2019-10-13 00:00:00,0.002339000115171,0.0026179999113082,0.0023229999933391,0.0024470000062137,63249479.0,1570924800,0.0023697142688823003,0.002374799987301168,0.002702212125777839,54.33431144048277,-2.4414783823490434e-05,-4.1680765499721934e-05,1.72659816762315e-05,46149490.3,0.024706860567392575,-2.0
2019-10-14 00:00:00,0.0024490000214427,0.0026360000483691,0.002428000094369,0.0025450000539422,62460324.0,1571011200,0.0023918571283241996,0.0023682399932294478,0.0026912222277711154,60.50764229757155,-8.270505438877276e-06,-3.4998713487553e-05,2.6728208048675725e-05,46470088.85,0.08251811246148288,-2.0
2019-10-15 00:00:00,0.0025460000615566,0.0025649999734014,0.0024949999060481,0.0025100000202655,50979959.0,1571097600,0.002415285711841871,0.0023617599904536602,0.0026806262674543306,57.51707752934543,1.6803710129078935e-06,-2.7662896587460824e-05,2.9343267600368717e-05,46069437.9,0.07956989721102659,-2.0
2019-10-16 00:00:00,0.002509000012651,0.0026189999189227,0.0025059999898076,0.0026070000603795,50405533.0,1571184000,0.002446571431521814,0.002362599996849836,0.002671111116392686,62.978273760572705,1.7195387147897305e-05,-1.86912398403892e-05,3.58866269882865e-05,46241436.0,0.1046610227599265,-2.0
2019-10-17 00:00:00,0.002604000037536,0.0029319999739527,0.0025899999309331,0.0027550000231713,69269500.0,1571270400,0.002506999997422057,0.002369119999930204,0.0026643535409197373,69.43450658574471,4.096133258009319e-05,-6.7607253562927214e-06,4.772205793638591e-05,47321927.0,0.1864771921226256,-2.0
2019-10-18 00:00:00,0.0027570000384002,0.002862999914214,0.0026680000592023,0.0027060001157224,60909633.0,1571356800,0.0025585714528070713,0.0023779200017451678,0.002658929299525482,65.36989859462133,5.5205754958909635e-05,5.632570706747751e-06,4.957318425216188e-05,48555430.8,0.1534527663923888,-2.0
2019-10-19 00:00:00,0.0027040001004934,0.0027950000949203,0.0026680000592023,0.0027429999317973,69804524.0,1571443200,0.0026161428873559857,0.002398520000278892,0.0026528989952621456,66.9434807555715,6.868834180915467e-05,1.8243724927229134e-05,5.044461688192554e-05,49952580.5,0.14769869805781055,-2.0
2019-10-20 00:00:00,0.0027419999241828,0.0027749999426305,0.002684999955818,0.0027300000656396,73744712.0,1571529600,0.002656571467273972,0.002419840004295056,0.0026476565710823368,65.81195498017024,7.743182261874156e-05,3.008134446553162e-05,4.735047815320994e-05,50793778.1,0.16368292435300025,-2.0
2019-10-21 00:00:00,0.0027320000808686,0.0028129999991506,0.0026179999113082,0.002773999935016,82888436.0,1571616000,0.0026892857359987997,0.002444599997252172,0.002645232329013314,67.79605011899949,8.690967525321622e-05,4.1447010623068544e-05,4.546266463014768e-05,52910010.55,0.1616415028223559,-2.0
2019-10-22 00:00:00,0.0027729999274015,0.002775999950245,0.0025599999353289,0.0025649999734014,75521553.0,1571702400,0.0026971428721610713,0.00245835999958212,0.002639909096137385,52.27663491394158,7.667255801178897e-05,4.849212010081263e-05,2.818043791097634e-05,54579996.7,0.09991419611927466,-2.0
2019-10-23 00:00:00,0.0025639999657869,0.0025869999080896,0.0023890000302344,0.0024949999060481,79141247.0,1571788800,0.002681142850113729,0.002468799995258396,0.0026365757609406533,48.28950277676758,6.21942122587065e-05,5.123253853239141e-05,1.0961673726315085e-05,56697641.85,0.06396587745185389,-2.0
2019-10-24 00:00:00,0.0024910001084208,0.0025530001148581,0.0024510000366717,0.0025380000006407,81190106.0,1571875200,0.0026501428468950717,0.002481399998068756,0.002631606063758427,50.77326312563835,5.357222000075849e-05,5.170047482606483e-05,1.8717451746936615e-06,58615002.05,0.08461543589628806,-2.0
2019-10-25 00:00:00,0.0025390000082552,0.0027139999438077,0.0025019999593496,0.0026839999482035,98533278.0,1571961600,0.0026469999658209433,0.00249327999539668,0.0026271919216583803,58.127359207168546,5.7853307695400914e-05,5.2931041399932045e-05,4.922266295468869e-06,61573661.15,0.09685326578993991,-2.0
2019-10-26 00:00:00,0.0026839999482035,0.0028580001089721,0.0025909999385476,0.0026219999417662,118574429.0,1572048000,0.002629714252959357,0.002502639992162532,0.0026227777795583343,54.41003071444379,5.5602269817910284e-05,5.34652870835277e-05,2.1369827343825873e-06,65497686.45,0.030255358032204027,-2.0
2019-10-27 00:00:00,0.0026209999341517,0.0027469999622553,0.0025949999690055,0.0026539999525994,99551356.0,1572134400,0.002618857093953614,0.002514759991317936,0.0026180909104607064,55.97495465203534,5.575769946961377e-05,5.3923769560744914e-05,1.833929908868855e-06,68069355.3,0.05737049050647758,-2.0
2019-10-28 00:00:00,0.0026559999678283,0.0027220000047236,0.0026289999950677,0.0026459998916834,92231650.0,1572220800,0.0026005713734775287,0.002527599986642548,0.002613747475969766,55.46238799589648,5.460587796161367e-05,5.406019124091867e-05,5.456867206950005e-07,70199805.8,0.014959658765110628,-2.0
2019-10-29 00:00:00,0.0026469998992979,0.0027280000504106,0.0026440001092851,0.0026549999602138,84394749.0,1572307200,0.0026134285144507286,0.002539399983361312,0.0026102929300806776,55.95107314192904,5.379911868043071e-05,5.400797672882108e-05,-2.0885804839037133e-07,72426099.75,-0.03629766320015826,-2.0
2019-10-30 00:00:00,0.0026559999678283,0.0026819999329745,0.0025969999842345,0.0026159998960793,88132224.0,1572393600,0.0026307142273123284,0.0025511599797755,0.0026076262619232926,53.225689199054095,4.94428307236984e-05,5.309494752779655e-05,-3.6521168040981505e-06,74361997.45,-0.033259503249900346,-2.0
2019-10-31 00:00:00,0.0026179999113082,0.0026750001125037,0.0025859999004751,0.0026149998884648,72101942.0,1572480000,0.0026417142112872,0.00256191997788842,0.00260459595698519,53.15419357276119,4.538656085417703e-05,5.155327019307265e-05,-6.16670933889562e-06,75928611.7,-0.04666425319545331,-2.0
2019-11-01 00:00:00,0.0026169999036937,0.0026390000712126,0.0025909999385476,0.0026300000026822,78282711.0,1572566400,0.0026339999333555857,0.002571519976481752,0.002601656564182048,54.149099443822344,4.288793618338529e-05,4.982020339113518e-05,-6.932267207749892e-06,77568367.25,-0.036630058810629196,-2.0
2019-11-02 00:00:00,0.0026310000102967,0.0026509999297559,0.0025969999842345,0.0026269999798387,63232423.0,1572652800,0.0026347142245088,0.002582759978249628,0.00259868686811786,53.902532346746625,4.0202254790737586e-05,4.7896613671055666e-05,-7.69435888031808e-06,77567514.45,-0.0529920542973813,-2.0
2019-11-03 00:00:00,0.0026269999798387,0.0026740001048892,0.0026219999417662,0.0026370000559836,57894711.0,1572739200,0.0026322856678493997,0.002592719979584176,0.002596808080044002,54.64391576044417,3.8437669975683545e-05,4.600482493198125e-05,-7.567154956297702e-06,77339233.8,0.028070207925469104,-2.0
2019-11-04 00:00:00,0.0026350000407546,0.0026449998840689,0.0025899999309331,0.0026140001136809,64040500.0,1572825600,0.0026277142709918997,0.0026039999816566285,0.0025943333348917284,52.55052186338503,3.478237114799658e-05,4.376033417518432e-05,-8.977963027187738e-06,77992260.85,0.047695475797146614,-2.0
2019-11-05 00:00:00,0.0026130001060664,0.0026509999297559,0.0025750000495463,0.0026239999569952,78458702.0,1572912000,0.0026232856991035285,0.0026151599828153436,0.0025921515165592424,53.38664574499876,3.23198610357304e-05,4.147223954729354e-05,-9.15237851156314e-06,79394919.3,0.03388493157320327,-2.0
2019-11-06 00:00:00,0.0026229999493807,0.0026499999221414,0.0026149998884648,0.0026279999874532,88212203.0,1572998400,0.0026249999978712286,0.0026266799867152757,0.0025902424252243397,53.73781791226684,3.0341317240311413e-05,3.924605508589712e-05,-8.904737845585704e-06,80342054.45,-0.02086436729918073,-2.0
2019-11-07 00:00:00,0.0026279999874532,0.0027340000960975,0.0026080000679939,0.0027250000275671,97141368.0,1573084800,0.0026407143034572716,0.002637799987569412,0.0025884848501946623,61.34331551799581,3.618330103087467e-05,3.863350427489263e-05,-2.4502032440179615e-06,82153641.2,0.0392830236798245,-2.0
2019-11-08 00:00:00,0.0027230000123381,0.0027310000732541,0.0026030000299215,0.0026529999449849,88039087.0,1573171200,0.002644000009500514,0.0026421199832111202,0.002585414143260325,54.21819318826714,3.460441221600236e-05,3.782768586311458e-05,-3.223273647112219e-06,83065369.35,-0.00037679262711398653,-2.0
2019-11-09 00:00:00,0.0026539999525994,0.0027419999241828,0.0026499999221414,0.0027129999361932,93120071.0,1573257600,0.0026562857175511574,0.0026502399798482277,0.0025834343443163162,58.53992703495992,3.775936287377579e-05,3.781402126524683e-05,-5.465839147103844e-08,84034137.3,0.02532125746504632,-2.0
2019-11-10 00:00:00,0.0027119999285787,0.0027850000187754,0.002686999971047,0.0027749999426305,96734959.0,1573344000,0.0026759999870721433,0.0026569599751382683,0.002582050504802549,62.4812225461319,4.47467536419722e-05,3.92005677405919e-05,5.546185901380299e-06,84726463.45,0.04519773416758799,-2.0
2019-11-11 00:00:00,0.0027749999426305,0.0027799999807029,0.0026690000668168,0.0027149999514222,84608148.0,1573430400,0.0026904285353209004,0.002655359972268304,0.002579797978860957,56.849046076847124,4.492494649910566e-05,4.034544349229466e-05,4.579503006810999e-06,85180793.2,0.03784405935614732,-2.0
2019-11-12 00:00:00,0.0027139999438077,0.002735000103712,0.002678999910131,0.0027250000275671,72506822.0,1573516800,0.0027048571168311717,0.0026561199687420915,0.002576141413583393,57.536088469336306,4.535031795714715e-05,4.134641838526516e-05,4.003899571881987e-06,84849071.95,0.04206506454838843,-2.0
2019-11-13 00:00:00,0.0027230000123381,0.0027250000275671,0.0026650000363588,0.0026980000548064,80974477.0,1573603200,0.0027148571264530574,0.002654319973662456,0.0025735959584701883,54.99029097711095,4.301292947234093e-05,4.1679720602680315e-05,1.3332088696606172e-06,84838290.5,0.025855533100703543,-2.0
2019-11-14 00:00:00,0.0026940000243484,0.0026980000548064,0.0026420000940561,0.0026799999177455,77359949.0,1573689600,0.002708428539335686,0.0026523199677466924,0.0025703030276215183,53.29718190613563,3.9255557993946814e-05,4.119488808093361e-05,-1.9393300869867996e-06,83779624.05,0.02017508120043998,-2.0
2019-11-15 00:00:00,0.0026819999329745,0.002688999986276,0.0026090000756084,0.0026569999754428,78888251.0,1573776000,0.0027089999722582432,0.0026476399693637644,0.0025675656542068527,51.130885636504416,3.402963841272252e-05,3.97618381472914e-05,-5.732199734568883e-06,81795315.15,0.007584345481456589,-2.0
2019-11-16 00:00:00,0.0026569999754428,0.0026750001125037,0.0026360000483691,0.0026690000668168,71531457.0,1573862400,0.0027027142766330435,0.00265179997310038,0.002565191917572906,52.22203386928923,3.0504727073646723e-05,3.791041593256247e-05,-7.405688858915745e-06,80394320.2,0.021040532036722626,-2.0
2019-11-17 00:00:00,0.0026690000668168,0.0027179999742656,0.0026410000864416,0.0026479999069124,74498787.0,1573948800,0.0026845714143876,0.0026579199731349523,0.002563232320802928,50.113284875479366,2.572018575209764e-05,3.547236989646951e-05,-9.752184144371867e-06,79507677.05,0.009146322526881079,-2.0
2019-11-18 00:00:00,0.0026479999069124,0.0027149999514222,0.0025490000844001,0.0025760000571608,72521449.0,1574035200,0.0026647142866359714,0.002659439975395756,0.0025599797966541424,43.61106735407937,1.5934928203723952e-05,3.15648815579204e-05,-1.5629953354196445e-05,78914012.05,-0.019786883767375252,-2.0
2019-11-19 00:00:00,0.0025760000571608,0.0026080000679939,0.002519000088796,0.0025480000767856,85557575.0,1574121600,0.0026394285793814717,0.0026539999805390404,0.002556626261635205,41.36338215679545,5.853204587989019e-06,2.6422546163934122e-05,-2.0569341575945103e-05,78785279.6,-0.06495410972143256,-2.0
2019-11-20 00:00:00,0.0025480000767856,0.0026980000548064,0.0025430000387132,0.0025559999048709,77286260.0,1574208000,0.0026191428436764,0.002651359979063228,0.0025539090880427446,42.278721899284115,-1.4741219826397076e-06,2.0843212534619356e-05,-2.2317334517259064e-05,79044495.5,-0.03656239808725359,-2.0
2019-11-21 00:00:00,0.0025549998972564,0.0025659999810159,0.002377999946475,0.00242600007914,95999426.0,1574294400,0.002582857152447043,0.002642239984124852,0.0025509191898045263,33.2069980284015,-1.7568462265994504e-05,1.3160877574496585e-05,-3.0729339840491086e-05,79930331.25,-0.10578690151239356,-2.0
2019-11-22 00:00:00,0.00242600007914,0.002519000088796,0.0022390000522136,0.0023620000574737,109619351.0,1574380800,0.0025407143070228858,0.002630879990756464,0.0025481111087807544,29.81521577499673,-3.5083192566607614e-05,3.512063546275746e-06,-3.859525611288336e-05,82249677.65,-0.14882879052073272,-2.0
2019-11-23 00:00:00,0.0023640000727027,0.002506999997422,0.0023270000237971,0.0025049999821931,112247814.0,1574467200,0.0025172857235052143,0.0026248799916356357,0.0025463333315770484,43.66177527267427,-3.699834974683295e-05,-4.5900191123459934e-06,-3.240833063448696e-05,84967332.8,-0.0773480563486183,-2.0
2019-11-24 00:00:00,0.002509000012651,0.0025100000202655,0.0022980000358074,0.0023650000803172,101469803.0,1574553600,0.002476857176848757,0.002614839999005152,0.002543494949644057,36.143679190673325,-4.92452787442684e-05,-1.3521071038730475e-05,-3.572420770553792e-05,86838797.95,-0.13211007104881056,-2.0
2019-11-25 00:00:00,0.0023690001107752,0.0023690001107752,0.0021279999054968,0.0022859999444335,129591062.0,1574640000,0.0024354285893162858,0.0026016800012439003,0.0025390808075440104,32.71991790035737,-6.458125641965653e-05,-2.3733108114915686e-05,-4.084814830474084e-05,89395415.95,-0.15270574573893547,-2.0
2019-11-26 00:00:00,0.002286999952048,0.0023419999051839,0.0022650000173598,0.002290999982506,100273990.0,1574726400,0.002398714290133486,0.002588120000436852,0.002533969695143573,33.151529146512544,-7.546179137413742e-05,-3.407884476676004e-05,-4.138294660737738e-05,89998505.3,-0.14514923402189472,-2.0
2019-11-27 00:00:00,0.002290999982506,0.0023580000270158,0.0022289999760687,0.002339000115171,100345294.0,1574812800,0.002367714320176357,0.0025766000058501442,0.002529686867174722,37.309323504974785,-7.929739317574964e-05,-4.312255444855796e-05,-3.6174838727191685e-05,90158701.6,-0.11968380248810662,-2.0
2019-11-28 00:00:00,0.002337000099942,0.002379999961704,0.0023129999171942,0.0023129999171942,97959428.0,1574899200,0.0023515714398983853,0.0025636400002985683,0.0025260302995453333,36.00306275842481,-8.34729101731593e-05,-5.119262559347823e-05,-3.2280284579681064e-05,90654718.65,-0.1333833423418328,-2.0
2019-11-29 00:00:00,0.0023149999324232,0.0024580000899732,0.0023050000891089,0.0024560000747442,97859845.0,1574985600,0.002365000013794171,0.0025573199987411,0.0025235656531282505,46.99499256011636,-7.43856484130309e-05,-5.583123015738877e-05,-1.855441825564213e-05,90891707.35,-0.07250749203842466,-2.0
2019-11-30 00:00:00,0.0024560000747442,0.0024739999789744,0.0023139999248087,0.0023199999704957,89565611.0,1575072000,0.002338571440694543,0.00254515999928112,0.0025195959565050435,39.96462671103943,-7.726731035397321e-05,-6.0118446196705665e-05,-1.7148864157267546e-05,90533239.95,-0.09937891342566851,-2.0
2019-12-01 00:00:00,0.0023199999704957,0.0023940000683069,0.0022569999564439,0.0022919999901205,77007809.0,1575158400,0.0023281428563807285,0.002531719999387812,0.002515868683618374,38.681605029231655,-8.087810021963895e-05,-6.427037700129233e-05,-1.6607723218346618e-05,90153223.0,-0.10047098859904813,-2.0
2019-12-02 00:00:00,0.002292999997735,0.0023119999095797,0.002204000018537,0.0022350000217556,66782510.0,1575244800,0.002320857153141028,0.0025121199991553515,0.002511555552388478,36.13814092420122,-8.733238491022855e-05,-6.888277858307958e-05,-1.844960632714897e-05,89867007.4,-0.1255868134046404,-2.0
2019-12-03 00:00:00,0.0022340000141412,0.0022559999488294,0.0021669999696314,0.0022169998846948,62508732.0,1575331200,0.002310285710596571,0.002494679996743748,0.00250688888546488,35.347702223945205,-9.282982818080779e-05,-7.367218850262523e-05,-1.9157639678182555e-05,88943720.15,-0.08615011856029664,-2.0
2019-12-04 00:00:00,0.0022169998846948,0.0022410000674426,0.0021649999544024,0.002208000048995,73151442.0,1575417600,0.0022915714154285714,0.00247448000125582,0.002502727270540211,34.936247459355315,-9.679698768588069e-05,-7.829714833927633e-05,-1.849983934660436e-05,88733294.8,-0.06519898591510287,-2.0
2019-12-05 00:00:00,0.0022090000566095,0.0023050000891089,0.0021720000077039,0.0022229999303817,66757792.0,1575504000,0.0022787142744553567,0.002452400000765868,0.0024996868668669173,36.26779831186505,-9.760548977797139e-05,-8.215881662701535e-05,-1.544667315095604e-05,88126771.85,-0.11257487178283809,-2.0
2019-12-06 00:00:00,0.0022209999151527,0.0022799998987466,0.0021800000686198,0.0022259999532252,66932958.0,1575590400,0.0022458571142383566,0.0024328400008379876,0.0024974242398383114,36.54749597313619,-9.688730025260179e-05,-8.510451335213264e-05,-1.1782786900469146e-05,87896846.9,-0.058773836097864685,-2.0
2019-12-07 00:00:00,0.0022299999836832,0.0022479998879134,0.0022009999956935,0.0022299999836832,62933099.0,1575676800,0.002232999973265143,0.002413039999082632,0.0024948787847251072,36.944846615624655,-9.490139662493482e-05,-8.706389000669309e-05,-7.837506618241729e-06,87318562.5,-0.024496921308621356,-2.0
2019-12-08 00:00:00,0.0022299999836832,0.0023409998975694,0.0022070000413805,0.0022380000445991,55442239.0,1575763200,0.0022252856953335143,0.00239463999867434,0.0024921212091364112,37.78400108434447,-9.162581032934108e-05,-8.797627407122269e-05,-3.6495362581183877e-06,86464602.0,-0.0231339756925385,-2.0
2019-12-09 00:00:00,0.0022370000369846,0.0022509999107569,0.00219799997285,0.002208000048995,62696753.0,1575849600,0.002221428556367714,0.00237576000392432,0.0024892525215905494,35.85689094646625,-9.040846105386885e-05,-8.846271146775194e-05,-1.945749586116914e-06,85321560.9,-0.0560068660648283,-2.0
2019-12-10 00:00:00,0.002208000048995,0.0022219999227672,0.0021850001066923,0.002204000018537,69802464.0,1575936000,0.0022195714326308856,0.0023576400056480877,0.0024852929260543574,35.59619816998793,-8.874349227282544e-05,-8.851886762876664e-05,-2.2462464405879803e-07,84947371.1,-0.04712490383027046,-2.0
2019-12-11 00:00:00,0.002202000003308,0.0022400000598281,0.0021810000762343,0.0021850001066923,64108062.0,1576022400,0.0022162857265876426,0.002338280007243108,0.002481151513303719,34.3198342478357,-8.794337018670903e-05,-8.840376814035512e-05,4.6039795364608916e-07,83352802.9,-0.11034200317771792,-2.0
2019-12-12 00:00:00,0.0021850001066923,0.00219799997285,0.0021669999696314,0.0021879998967051,66238690.0,1576108800,0.0022112857217767,0.002319880006834816,0.002476080805251341,34.71784002106054,-8.607499077136101e-05,-8.79380126665563e-05,1.863021895195298e-06,81183769.85,-0.05689658425400601,-2.0
2019-12-13 00:00:00,0.0021869998890906,0.002208000048995,0.0021649999544024,0.0021750000305473,65851726.0,1576195200,0.002204000018537,0.002303840005770276,0.002472484846495868,33.76300372858715,-8.466727552951508e-05,-8.728386523914807e-05,2.6165897096329897e-06,78863965.45,-0.05104710300066306,-2.0
2019-12-14 00:00:00,0.0021750000305473,0.002204000018537,0.0021500000730156,0.0021699999924749,71849717.0,1576281600,0.0021954285912215285,0.0022887200023978477,0.0024690606038678263,33.3827119393909,-8.299835892667043e-05,-8.642676397665255e-05,3.428405049982116e-06,77382961.15,-0.029082786867107968,-2.0
2019-12-15 00:00:00,0.0021710000000894,0.0021710000000894,0.0020800000056624,0.0021540001034736,66491990.0,1576368000,0.0021834285996321715,0.002272640010341956,0.002465414139677277,32.135364487850794,-8.202129736127823e-05,-8.55456706535777e-05,3.5243732922994717e-06,74228007.55,-0.02841668222724003,-2.0
2019-12-16 00:00:00,0.0021540001034736,0.0021840000990778,0.0021120000164955,0.002121000085026,68370095.0,1576454400,0.002171000033350886,0.002260440010577396,0.0024615757571852656,29.672702390948615,-8.295355775046667e-05,-8.502724807295549e-05,2.0736903224888206e-06,72632812.8,-0.039402156720331094,-2.0
2019-12-17 00:00:00,0.0021200000774115,0.0021520000882446,0.0019970000721514,0.0020179999992251,85349928.0,1576540800,0.0021444286020206147,0.002246680008247452,0.002457101008563129,23.59488610533434,-9.095515256086562e-05,-8.621282897053751e-05,-4.742323590328106e-06,71883044.5,-0.09221769571598692,-2.0
2019-12-18 00:00:00,0.0020250000525265,0.0021919999271631,0.0020079999230802,0.0021830000914633,98147109.0,1576627200,0.0021441428855593285,0.00223380001261826,0.0024545353536277203,43.54427988804659,-8.3025281848463e-05,-8.557531954612261e-05,2.5500376976596176e-06,71892428.55,-0.01931709913093138,-2.0
2019-12-19 00:00:00,0.0021820000838488,0.0021989999804645,0.0020490000024437,0.002123000100255,79064574.0,1576713600,0.0021348572003521715,0.002224120013415772,0.0024517474747779797,39.504940278338225,-8.065258720609198e-05,-8.459077307811648e-05,3.938185872024507e-06,70952665.0,-0.04798201085700127,-2.0
2019-12-20 00:00:00,0.0021269998978823,0.0021410000044852,0.0020479999948292,0.0020749999675899,67083802.0,1576800000,0.002120571477072543,0.002215680014342028,0.0024482121201927715,36.5813599155229,-8.170359102132414e-05,-8.401333666675801e-05,2.3097456454338735e-06,69828574.55,-0.072832919464217,-2.0
2019-12-21 00:00:00,0.0020769999828189,0.0020880000665783,0.0020439999643713,0.0020840000361204,66682998.0,1576886400,0.0021082857690219,0.0022074000164866037,0.002444757574303685,37.51510161989936,-8.087797781975575e-05,-8.338626489735757e-05,2.5082870776018133e-06,69312334.0,-0.056159424874578256,-2.0
2019-12-22 00:00:00,0.0020820000208914,0.0021200000774115,0.0020699999295175,0.002115000039339,70976748.0,1576972800,0.0021027143312883855,0.0021984400134533242,0.002441464645806838,40.750975890676806,-7.683650878319986e-05,-8.207631367452603e-05,5.239804891326165e-06,69522045.9,-0.04038111544893608,-2.0
2019-12-23 00:00:00,0.00211300002411,0.0021369999740272,0.0020550000481307,0.0020729999523609,77708509.0,1577059200,0.0020958571694790857,0.0021888400148599918,0.002437555553353897,37.888161221255,-7.614492022251949e-05,-8.089003498412472e-05,4.745114761605231e-06,70282034.75,-0.05125864936498703,-2.0
2019-12-24 00:00:00,0.0020729999523609,0.0021140000317245,0.0020520000252872,0.0020729999523609,71860410.0,1577145600,0.002103714305641343,0.00217352000996466,0.0024336969663360302,37.888161221255,-7.473532895449324e-05,-7.965909377819843e-05,4.923764823705189e-06,70217483.15,-0.05255939203533677,-2.0
2019-12-25 00:00:00,0.0020719999447464,0.0020979999098926,0.0020359999034553,0.0020880000665783,79207264.0,1577232000,0.002090142873514914,0.002164240013807964,0.002428444441069206,39.64441168089989,-7.158267336300527e-05,-7.80438096951598e-05,6.4611363321545275e-06,70839956.75,-0.03999998287223383,-2.0
2019-12-26 00:00:00,0.0020860000513494,0.0020979999098926,0.0020469999872148,0.0020580000709742,71906467.0,1577318400,0.0020808571550462287,0.002154880017042112,0.002421767674292379,37.368630237628636,-7.069004913452543e-05,-7.657305758303292e-05,5.883008448507489e-06,71088632.2,-0.05161286722999636,-2.0
2019-12-27 00:00:00,0.0020590000785887,0.0020749999675899,0.002032000105828,0.0020530000329017,75486740.0,1577404800,0.0020777143072336288,0.002147600017487956,0.0024151414129506264,36.987528706780196,-6.958397849822842e-05,-7.517524176607203e-05,5.591263267843609e-06,71716314.25,-0.046889538403003916,-2.0
2019-12-28 00:00:00,0.0020530000329017,0.0020900000818073,0.0020510000176727,0.0020639998838305,64539193.0,1577491200,0.0020748571426207857,0.002141480017453384,0.0024089999967301244,38.47411309938905,-6.704693814215713e-05,-7.354958104128905e-05,6.50264289913192e-06,72171161.95,-0.02687420976449484,-2.0
2019-12-29 00:00:00,0.0020630001090466,0.0021140000317245,0.0020560000557452,0.0020679999142885,67109832.0,1577577600,0.002068142839042143,0.0021358800120651242,0.00240376767363733,39.037346113518495,-6.397607004155316e-05,-7.163487884134188e-05,7.658808799788713e-06,72391815.9,0.024776964857581518,-2.0
2019-12-30 00:00:00,0.0020699999295175,0.0020769999828189,0.0020429999567568,0.0020540000405162,73171188.0,1577664000,0.0020654285659214714,0.002129120016470504,0.0023983333311560586,37.73530821035569,-6.195784627457913e-05,-6.969947232798933e-05,7.741626053410196e-06,72560252.1,-0.05909301215861573,-2.0
2019-12-31 00:00:00,0.0020560000557452,0.0020560000557452,0.0020220000296831,0.00202800007537,69469785.0,1577750400,0.0020590000120656285,0.0021212000213562962,0.00239370706858052,35.37548701014833,-6.174461579901537e-05,-6.810850102219454e-05,6.363885223179162e-06,72828338.25,-0.04474800772434684,-2.0
2020-01-01 00:00:00,0.00202800007537,0.0020520000252872,0.0020210000220686,0.0020330001134425,51180941.0,1577836800,0.0020511428759033717,0.002113320026546668,0.0023917373730753515,36.20176294413243,-6.0475049103842025e-05,-6.658181063852404e-05,6.10676153468202e-06,72075450.8,-0.020240893881161126,-2.0
2020-01-02 00:00:00,0.0020339998882263,0.0021100000012665,0.0019829999655485,0.0020089999306946,65071106.0,1577923200,0.0020441428558634284,0.0021041600219904883,0.0023898383828274633,33.95742383955481,-6.070574448661459e-05,-6.540659740814215e-05,4.70085292152756e-06,72036419.8,-0.035988533649654375,-2.0
2020-01-03 00:00:00,0.0020079999230802,0.0021770000457763,0.0019910000264644,0.0021450000349432,62619988.0,1578009600,0.0020572857132979284,0.002101640021428416,0.002389737371957313,52.084996559194295,-4.93456742112733e-05,-6.219441276876839e-05,1.2848738557495092e-05,71574933.35,0.014184394820898394,-2.0
2020-01-04 00:00:00,0.0021440000273287,0.0024900001008063,0.0020500000100582,0.0022410000674426,94227582.0,1578096000,0.0020825714538139427,0.00210312002338464,0.002389939393697615,60.35681528615192,-3.2224868135640166e-05,-5.620050384214275e-05,2.3975635706502582e-05,72961712.95,0.08104202553905893,-2.0
2020-01-05 00:00:00,0.0022400000598281,0.0024910001084208,0.002117000054568,0.0024190000258386,52631740.0,1578182400,0.0021327143268925286,0.002112480020150492,0.0023918080806844574,70.51931000464108,-4.244469336695412e-06,-4.5809296941053284e-05,4.156482760435787e-05,72174795.2,0.1669079022812554,-2.0
2020-01-06 00:00:00,0.0024180000182241,0.0025639999657869,0.0023789999540895,0.002462999895215,54562409.0,1578268800,0.0021911428775637856,0.002123480020090888,0.0023942323227534807,72.4025956794346,2.123582664505892e-05,-3.240027222383085e-05,5.3636098868889766e-05,70635419.25,0.17959761335220104,-2.0
2020-01-07 00:00:00,0.0024850000627338,0.0024969999212771,0.0023539999965578,0.0024329998996108,52767343.0,1578355200,0.0022489999953124716,0.002133800014853428,0.0023946969680525253,69.15860733275139,3.8563855737607216e-05,-1.8207446631543236e-05,5.677130236915045e-05,68366430.95,0.18221565388920768,-2.0
2020-01-08 00:00:00,0.0024329998996108,0.002464999910444,0.0022650000173598,0.002292999997735,77251526.0,1578441600,0.0022861428359256856,0.0021387200150638323,0.0023937373718415666,56.44803273663144,4.0532389427003906e-05,-6.459479419833807e-06,4.6991868846837715e-05,68275778.55,0.1169020754929484,-2.0
2020-01-09 00:00:00,0.002290999982506,0.0023139999248087,0.0021450000349432,0.0022559999488294,70690571.0,1578528000,0.0023214285528020857,0.002142800008878064,0.0023927777756306084,53.642058800578994,3.866120947691601e-05,2.564658359516157e-06,3.609655111739985e-05,68456117.0,0.09302329254136099,-2.0
2020-01-10 00:00:00,0.0022549999412149,0.0023610000498592,0.0021989999804645,0.0023560000117868,87683356.0,1578614400,0.0023515714066368854,0.002152200005948496,0.0023930909069762515,59.5015025684713,4.4731814715165234e-05,1.0998089630645972e-05,3.3733725084519265e-05,69506134.9,0.1392650432470579,-2.0
2020-01-11 00:00:00,0.0023509999737143,0.0023729999084025,0.0022960000205785,0.0023139999248087,94203409.0,1578700800,0.0023619999576891854,0.0021640400029718397,0.002392626259325383,56.28376941414698,4.562778835126482e-05,1.792402937476974e-05,2.7703758976495078e-05,70667467.95,0.1265822196513482,-2.0
2020-01-12 00:00:00,0.0023129999171942,0.0024129999801516,0.0023129999171942,0.0023809999693185,79426215.0,1578787200,0.0023565713781863143,0.002171959998086048,0.0023932222187556243,59.999913994596525,5.1154520097124526e-05,2.45701275192407e-05,2.6584392577883824e-05,70753353.25,0.1740630576081692,-2.0
2020-01-13 00:00:00,0.0023809999693185,0.0024069999344646,0.0023270000237971,0.0023580000270158,83849846.0,1578873600,0.002341571397015,0.00218135999515648,0.002393343431799806,58.17181851994334,5.306686985566368e-05,3.0269475986525298e-05,2.279739386913838e-05,71352825.05,0.15986222107138714,-2.0
2020-01-14 00:00:00,0.0023580000270158,0.0025140000507235,0.0023399998899549,0.0024699999485164,128635383.0,1578960000,0.0023468571182872285,0.00219715999439354,0.0023941515117055384,63.934399809316176,6.289486559980231e-05,3.67945539091807e-05,2.6100311690621607e-05,73824231.0,0.22946741350180733,-2.0
2020-01-15 00:00:00,0.0024679999332875,0.0025410000234842,0.0023630000650882,0.0023690001107752,128940321.0,1579046400,0.0023577142772929715,0.002208559997379732,0.002394383836706886,56.38979895367792,6.182114454705368e-05,4.1799872036755304e-05,2.0021272510298375e-05,76675923.7,0.10442893808061471,-2.0
2020-01-16 00:00:00,0.002371999900788,0.002424000063911,0.002292999997735,0.0023449999280273,98124199.0,1579132800,0.0023704285600355287,0.002217759992927264,0.0023939494923170615,54.73684781662521,5.836085114353405e-05,4.5112067858111055e-05,1.3248783285422993e-05,77807796.65,0.04640779002893258,-2.0
2020-01-17 00:00:00,0.0023459999356418,0.0025160000659525,0.0023099998943507,0.0024900001008063,117752841.0,1579219200,0.002389571429895457,0.00223443999886508,0.002395545452306321,61.98676372010934,6.655167948333481e-05,4.939999018315581e-05,1.7151689300179e-05,80468479.05,0.02935100215349773,-2.0
2020-01-18 00:00:00,0.0024900001008063,0.0025380000006407,0.0024520000442862,0.002506999997422,108133943.0,1579305600,0.0024171428688402143,0.002251800000667524,0.0023971818166436416,62.74027585804247,7.356668854530471e-05,5.4233329855585595e-05,1.9333358689719114e-05,82519684.6,0.017864435273619472,-2.0
2020-01-19 00:00:00,0.0025140000507235,0.0025700000114738,0.0023590000346302,0.0024049999192357,108085147.0,1579392000,0.0024205714331141,0.00226447999477382,0.0023978383825959725,55.61667850396765,7.008765307135647e-05,5.7404194498739774e-05,1.2683458572616695e-05,84265382.55,-0.011508418220477101,-2.0
2020-01-20 00:00:00,0.0024049999192357,0.0024230000562965,0.0023590000346302,0.002373999916017,92022277.0,1579478400,0.0024228571315428426,0.002277119988575532,0.002397101007947521,53.62390785572119,6.409025860484689e-05,5.87414073199612e-05,5.348851284885693e-06,85393007.15,0.03532486627213727,-2.0
2020-01-21 00:00:00,0.002373999916017,0.0024029999040067,0.0023350000847131,0.002375999931246,84321565.0,1579564800,0.0024094285576470717,0.002290039984509304,0.0023953939360010948,53.739073473820156,5.882061733334396e-05,5.875724932263775e-05,6.336801070620768e-08,87050038.35,0.05319148277413133,-2.0
2020-01-22 00:00:00,0.002375999931246,0.0023990001063793,0.0023199999704957,0.0023229999933391,82852580.0,1579651200,0.002402857112299057,0.002300399988889648,0.0023935050468402224,50.18268397215656,4.9793745309441566e-05,5.696454851999851e-05,-7.170803210556945e-06,87939112.05,-0.014006798931496034,-2.0
2020-01-23 00:00:00,0.0023229999933391,0.0023580000270158,0.0022380000445991,0.0022680000402033,91866620.0,1579737600,0.0023918571283241996,0.00230839999392624,0.0023900808042121796,46.726817232206805,3.776649894017244e-05,5.31249386040333e-05,-1.5358439663860858e-05,89401443.65,-0.019878948185014678,-2.0
2020-01-24 00:00:00,0.0022680000402033,0.002292999997735,0.0022110000718384,0.0022760001011192,86865882.0,1579824000,0.002361285699797471,0.00231727999635036,0.0023852424211611486,47.295365791577126,2.8551236713207553e-05,4.821019822586815e-05,-1.9658961512660595e-05,89033358.65,-0.044099063230712,-2.0
2020-01-25 00:00:00,0.0022760001011192,0.0022760001011192,0.0022350000217556,0.0022569999564439,82421399.0,1579910400,0.0023255714082291716,0.0023264399915933157,0.0023807070660169212,46.03867049355541,1.9490250644329556e-05,4.2466208709560434e-05,-2.2975958065230878e-05,90522841.6,-0.042832938683093236,-2.0
2020-01-26 00:00:00,0.0022579999640583,0.0023070001043379,0.0022400000598281,0.0023050000891089,73458474.0,1579996800,0.002311285718211057,0.002337319990619972,0.0023762828251816847,49.67657899358049,1.5998146778520902e-05,3.717259632335253e-05,-2.1174449544831628e-05,91467644.85,-0.06680156390554048,-2.0
2020-01-27 00:00:00,0.0023040000814944,0.0024129999801516,0.00228299992159,0.0023680001031607,89023414.0,1580083200,0.002310428602088729,0.002351679997518616,0.0023726262599041204,54.054749269102594,1.8105495049856174e-05,3.335917606865326e-05,-1.5253681018797085e-05,93280448.4,-0.00042212223205539967,-2.0
2020-01-28 00:00:00,0.0023650000803172,0.0024500000290572,0.0023630000650882,0.0024500000290572,91528771.0,1580169600,0.0023210000446331857,0.0023638799972831763,0.002369353533581304,59.04873513138648,2.60915255897989e-05,3.190564597288239e-05,-5.8141203830834885e-06,93994310.65,0.044776163860367424,-2.0
2020-01-29 00:00:00,0.0024510000366717,0.0024709999561309,0.0023900000378489,0.0023900000378489,80676219.0,1580256000,0.002330571479563157,0.002369839996099428,0.002367585857464612,54.39019630798592,2.726472371598898e-05,3.097746152150371e-05,-3.71273780551473e-06,94493593.05,-0.04016066622849468,-2.0
2020-01-30 00:00:00,0.0023910000454634,0.0024459999985992,0.0023709998931735,0.0024399999529123,83967914.0,1580342400,0.002355142895664443,0.002370679993182376,0.0023670303023824325,57.405917260800045,3.186178414793647e-05,3.115432604679027e-05,7.074581011462012e-07,94307820.95,-0.02672518730697948,-2.0
2020-01-31 00:00:00,0.0024399999529123,0.0024580000899732,0.0023690001107752,0.0023940000683069,76519295.0,1580428800,0.0023720000338341143,0.0023679200001060522,0.0023655757576113838,53.8764887206239,3.143086595204557e-05,3.120963402784133e-05,2.2123192420424407e-07,93423615.25,-0.004573742743532283,-2.0
2020-02-01 00:00:00,0.0023910000454634,0.0024309998843818,0.002381999976933,0.002422000048682,78730830.0,1580515200,0.002395571475582414,0.0023674800060689,0.0023629292939798536,55.66337150809037,3.296868214242932e-05,3.156144365075893e-05,1.4072384916703908e-06,93388846.0,0.020219096193369923,-2.0
2020-02-02 00:00:00,0.0024210000410676,0.0025059999898076,0.0023950000759214,0.0024679999332875,91552515.0,1580601600,0.0024188571676079284,0.002374480003491,0.0023613737383386545,58.50736389540992,3.746731887388239e-05,3.274261869538363e-05,4.724700178498762e-06,93773979.45,0.03872054070020692,-2.0
2020-02-03 00:00:00,0.0024659999180585,0.002517000073567,0.0024270000867545,0.0024399999529123,78856631.0,1580688000,0.0024291428604295852,0.002381840003654316,0.002359212122180199,56.146483456955465,3.8331297150658635e-05,3.386035438643863e-05,4.470942764220006e-06,91285041.85,0.05036588889740945,-2.0
2020-02-04 00:00:00,0.0024379999376833,0.0025029999669641,0.0024019998963922,0.0025029999669641,89790002.0,1580774400,0.0024367142801305715,0.002387720001861408,0.0023577676784961657,60.052390156634736,4.35970214553911e-05,3.580768780022913e-05,7.789333655161974e-06,89327525.9,0.10361548615304916,-2.0
2020-02-05 00:00:00,0.0025029999669641,0.0026300000026822,0.0024920001160353,0.0025820001028478,105741619.0,1580860800,0.0024641428608447,0.0023984400089829723,0.0023570303061995397,64.3413696858742,5.3527761918990835e-05,3.935170262398147e-05,1.4176059295009367e-05,89708396.9,0.13444639197429176,-2.0
2020-02-06 00:00:00,0.0025830001104623,0.0026769998949021,0.0025740000419318,0.0026529999449849,108711614.0,1580947200,0.002494571431140786,0.002409320008009628,0.002357404044067273,67.69802312119648,6.636205867013856e-05,4.475377383321289e-05,2.1608284836925666e-05,89256335.55,0.17545414097611767,-2.0
2020-02-07 00:00:00,0.0026539999525994,0.002769999904558,0.0026469998992979,0.0027689998969435,130273878.0,1581033600,0.002548142835231728,0.002425760002806736,0.0023589595997084716,72.28785790871844,8.491471401693559e-05,5.278596186995743e-05,3.212875214697816e-05,90363332.3,0.20130142728713696,-2.0
2020-02-08 00:00:00,0.0027670001145452,0.0032089999876916,0.0027220000047236,0.0031590000726282,203803814.0,1581120000,0.0026534285529383286,0.002453320007771208,0.0023643030347584317,81.70174955684249,0.00012959370627754286,6.814751075147452e-05,6.144619552606834e-05,95149265.65,0.3340371347162143,-2.0
2020-02-09 00:00:00,0.0031560000497847,0.003531000111252,0.0031520000193268,0.0032319999299943,218861527.0,1581206400,0.0027625714096107283,0.002487840000539972,0.0023704141453660637,82.87444603053947,0.0001689451138353992,8.830703136825946e-05,8.063808246713975e-05,101491228.15,0.319183629250007,-2.0
2020-02-10 00:00:00,0.0032339999452233,0.003303000004962,0.0029039999935775,0.0029859999194741,195582003.0,1581292800,0.0028405714048338427,0.002513480000197844,0.0023739393965124325,67.23652227463569,0.00017822675579694724,0.00010629097625399702,7.193577954295022e-05,107054250.05,0.2493723314588836,-2.0
2020-02-11 00:00:00,0.0030110001098364,0.003084999974817,0.0028639999218285,0.0030410001054406,169747135.0,1581379200,0.0029174285674733427,0.0025355200003832155,0.002378252527742328,68.66037780131924,0.0001878551025869756,0.00012260380152059275,6.525130106638285e-05,111398977.8,0.24631154267481326,-2.0
2020-02-12 00:00:00,0.0030410001054406,0.0031729999464005,0.0030129998922348,0.0030930000357329,181406960.0,1581465600,0.0029904285578855002,0.0025589600019156515,0.0023829899022750323,69.9883503155234,0.00019740602282940917,0.00013756424578235604,5.9841777047053125e-05,115875994.8,0.2919799279372415,-2.0
2020-02-13 00:00:00,0.0030640000477433,0.003216000040993,0.0029730000533163,0.0030259999912232,168543942.0,1581552000,0.0030437142787766856,0.002583800004795152,0.002387010104333315,66.10178872456848,0.0001972945633680989,0.00014951030929950462,4.7784254068594276e-05,119959897.8,0.24938064839011198,-2.0
2020-02-14 00:00:00,0.0029990000184625,0.0031469999812543,0.0029810001142323,0.0031300000846385,140849233.0,1581638400,0.003095285734161686,0.0026140400115400118,0.002391101014000703,68.98122675919883,0.00020325517023503771,0.00016025928148661125,4.299588874842646e-05,122881289.5,0.26823345593416725,-2.0
2020-02-15 00:00:00,0.0030980000738054,0.0031810000073164,0.0028389999642968,0.0029200001154094,144726029.0,1581724800,0.003061142883130429,0.002635800018906548,0.002393797985419132,58.226030841112426,0.00018885672883632923,0.00016597877095655484,2.2877957879774392e-05,126444667.25,0.19672138186895816,-2.0
2020-02-16 00:00:00,0.002917000092566,0.0029649999924004,0.0026259999722242,0.002773999935016,149831933.0,1581811200,0.0029957143124192433,0.002653840016573624,0.002394414147023403,52.13945868373347,0.00016377694720953306,0.0001655384062071505,-1.7614589976174466e-06,129485093.2,0.10827006457399091,-2.0
2020-02-17 00:00:00,0.0027399999089539,0.002771999919787,0.0025470000691711,0.0027119999285787,149622002.0,1581897600,0.002956571456577043,0.0026716000121086397,0.002393777783245102,49.76062310945681,0.00013731527223388848,0.00015989377941249812,-2.2578507178609643e-05,132389754.75,0.05034849750296977,-2.0
2020-02-18 00:00:00,0.0026769998949021,0.0028460000175982,0.0026549999602138,0.0028389999642968,144188844.0,1581984000,0.0029277142935565004,0.002694120006635744,0.0023950303086276736,54.35462796236446,0.00012514940127340097,0.00015294490378467868,-2.7795502511277707e-05,135565386.0,0.07010931894797268,-2.0
2020-02-19 00:00:00,0.0028389999642968,0.0028739999979734,0.0026239999569952,0.0026239999569952,136889052.0,1582070400,0.0028607142823082574,0.002708800006657796,0.002394010105894624,46.587876071750685,9.704053425439122e-05,0.0001417640298786212,-4.472349562422998e-05,138211442.9,-0.05236545516247759,-2.0
2020-02-20 00:00:00,0.0026249999646097,0.0026730000972747,0.0025690000038594,0.0026589999906718,187866681.0,1582156800,0.0028082857108009144,0.0027229600027203122,0.0023936161658528604,47.893181465711734,7.670406808829274e-05,0.00012875203752055553,-5.204796943226279e-05,143778812.2,-0.15827795836054348,-2.0
2020-02-21 00:00:00,0.0026559999678283,0.0027030000928789,0.0026140001136809,0.0026479999069124,157652567.0,1582243200,0.0027394285425543286,0.0027341599948703804,0.002393292933420203,47.50028267508058,5.9019319332471055e-05,0.00011480549388293864,-5.578617455046758e-05,147724899.05,-0.18069308036245224,-2.0
2020-02-22 00:00:00,0.0026499999221414,0.0026549999602138,0.0025770000647753,0.0026010000146925,156145895.0,1582329600,0.0026938570995947713,0.0027401999942957916,0.002392727277251008,45.77246903796707,4.074188295828847e-05,9.999277169800861e-05,-5.925088873972014e-05,150954568.05,-0.12893500172947336,-2.0
2020-02-23 00:00:00,0.002600000007078,0.0026819999329745,0.00259599997662,0.0026799999177455,180747902.0,1582416000,0.0026804285256989855,0.0027517999894916562,0.0023928383868563486,49.122442283979886,3.22596457809402e-05,8.644614651459492e-05,-5.418650073365472e-05,156049131.6,-0.1187110079507202,-2.0
2020-02-24 00:00:00,0.002678999910131,0.002686999971047,0.0025569999124854,0.0025899999309331,159143744.0,1582502400,0.002662999954606757,0.0027577999886124883,0.002392252528513123,45.66166373695612,1.806690094435402e-05,7.277029740054674e-05,-5.4703396456192726e-05,159516818.7,-0.1626253149009783,-2.0
2020-02-25 00:00:00,0.0025899999309331,0.0025909999385476,0.0024359999224543,0.0024759999942034,178541404.0,1582588800,0.0026111428160219856,0.002761079985648348,0.002391242426867089,41.65815535563116,-2.3526735920282454e-06,5.774570320203175e-05,-6.0098376794059996e-05,163156807.95,-0.18175809603934379,-2.0
2020-02-26 00:00:00,0.0024749999865889,0.0024870000779628,0.0022110000718384,0.002339000115171,201370789.0,1582675200,0.002570428552904243,0.002757759988307908,0.002389131316143709,37.412840110679184,-2.9252869934034975e-05,4.034598857481841e-05,-6.959885850885338e-05,167789766.7,-0.2527156383635871,-2.0
2020-02-27 00:00:00,0.002337000099942,0.0024029999040067,0.0022980000358074,0.0023240000009536,162813946.0,1582761600,0.002522571411515929,0.0027519999910145514,0.002386787882770807,36.96861595837721,-5.11917466075474e-05,2.203844153834525e-05,-7.323018814589264e-05,169416770.1,-0.20410962017110656,-2.0
2020-02-28 00:00:00,0.0023229999933391,0.0023729999084025,0.0022259999532252,0.002288999967277,153544453.0,1582848000,0.002471285705853729,0.0027459599915891403,0.0023854040432570393,35.897577152303654,-7.058896894865949e-05,3.5129594409442998e-06,-7.410192838960379e-05,166903802.05,-0.1748377718459473,-2.0
2020-02-29 00:00:00,0.0022859999444335,0.0023199999704957,0.0022299999836832,0.0022350000217556,146635830.0,1582934400,0.0024189999925770286,0.0027352399937808003,0.002384121214613422,34.24892692562065,-8.928947818686661e-05,-1.5047528084617883e-05,-7.424195010224873e-05,163292517.2,-0.1758849260269285,-2.0
2020-03-01 00:00:00,0.0022330000065267,0.0022970000281929,0.0022229999303817,0.0022750000935047,162437207.0,1583020800,0.0023611428748283427,0.0027229599934070763,0.0023817979834145496,36.57268983391021,-9.973244148824695e-05,-3.19845107653437e-05,-6.774793072290325e-05,161635277.4,-0.19866145751495234,-2.0
2020-03-02 00:00:00,0.0022780001163482,0.002369999885559,0.0022559999488294,0.0023489999584853,165788612.0,1583107200,0.0023267143073358,0.0027107999939470924,0.0023816363660223083,40.74493023689045,-0.00010087457517049753,-4.576252364637447e-05,-5.511205152412306e-05,161437351.25,-0.10480183041801894,-2.0
2020-03-03 00:00:00,0.0023479999508708,0.0025249999016523,0.0023159999400377,0.0024989999365061,174988479.0,1583193600,0.002330000013379043,0.002699999995529596,0.0023837878810937484,48.185246825453945,-8.86540312313366e-05,-5.43408251633669e-05,-3.43132060679697e-05,161116427.2,-0.06017301794923113,-2.0
2020-03-04 00:00:00,0.0024999999441206,0.0025080000050365,0.0023670000955462,0.0023980000987648,144601436.0,1583280000,0.0023384285824638714,0.00266955999657506,0.002384868690348888,44.164104079764364,-8.612619575715328e-05,-6.069789928212418e-05,-2.5428296475029098e-05,159919301.9,-0.09441080700002846,-2.0
2020-03-05 00:00:00,0.0023990001063793,0.0025309999473392,0.0023950000759214,0.0025059999898076,104912777.0,1583366400,0.0023644285808715857,0.002640519998967592,0.0023865555577694594,49.05948055138562,-7.454882684653375e-05,-6.34680847950061e-05,-1.1080742051527656e-05,158122479.1,-0.03652442304816017,-2.0
2020-03-06 00:00:00,0.0025039999745786,0.002517000073567,0.0024470000062137,0.0024959999136626,100268192.0,1583452800,0.0023940000017838143,0.002620919998735132,0.0023884040425822717,48.63429363454419,-6.542640626036166e-05,-6.385974908807721e-05,-1.5666571722844504e-06,155899587.25,-0.06865672004859114,-2.0
2020-03-07 00:00:00,0.0025009999517351,0.002513000043109,0.0024009998887777,0.0024049999192357,88138038.0,1583539200,0.002418285701423829,0.0025954799912869357,0.002387888889496327,44.82697582592364,-6.479286938775291e-05,-6.404637314801236e-05,-7.464962397405524e-07,152814892.5,-0.07142857784971068,-2.0
2020-03-08 00:00:00,0.0024059999268501,0.0024079999420791,0.0021840000990778,0.0021869998890906,101738284.0,1583625600,0.0024057142436503857,0.0025592399854212438,0.002386545454330619,37.294739076971936,-8.09484441072531e-05,-6.74267873398605e-05,-1.3521656767392595e-05,150420706.6,-0.11672055968876516,-2.0
2020-03-09 00:00:00,0.0021889999043196,0.0022360000293701,0.0021069999784231,0.0022140000946819,137033008.0,1583712000,0.0023864285488213286,0.002526759989559592,0.0023857575765989163,38.669280343117244,-9.05295937222877e-05,-7.204734861634595e-05,-1.8482245105941745e-05,150062914.8,-0.053441647855567154,-2.0
2020-03-10 00:00:00,0.0022169998846948,0.0022630000021308,0.0021659999620169,0.0022070000413805,115431584.0,1583798400,0.0023447142780891003,0.002489839987829272,0.0023854747485143194,38.43405238415516,-9.756292495215766e-05,-7.71504638835083e-05,-2.041246106864936e-05,148990041.4,-0.0503442166631205,-2.0
2020-03-11 00:00:00,0.002208000048995,0.0022279999684542,0.0020989999175071,0.0021840000990778,107425626.0,1583884800,0.002314142849562386,0.002460399987176008,0.0023851414173464707,37.62421032681923,-0.00010379629467546607,-8.247963004189986e-05,-2.131666463356621e-05,144967988.65,-0.04587150270871709,-2.0
2020-03-12 00:00:00,0.0021830000914633,0.0021879998967051,0.0015350000467151,0.0015369999455288,167892774.0,1583971200,0.0021757142718082717,0.0024109199875965203,0.0023783636385235796,22.964951713961582,-0.00015910967300760293,-9.780563863504048e-05,-6.130403437256245e-05,145479999.0,-0.3123042816252496,-2.0
2020-03-13 00:00:00,0.0015399999683722,0.0017989999614655,0.0012469999492168,0.0017379999626427,218676976.0,1584057600,0.0020674285645197145,0.00237195998895908,0.0023734646489504585,31.84868021860116,-0.00018459896038685664,-0.00011516430298540373,-6.943465740145291e-05,148606553.05,-0.23604400386407753,-2.0
2020-03-14 00:00:00,0.0017369999550282,0.0017839999636635,0.0016400000313296,0.0016659999964758,113389101.0,1584144000,0.001961857146982586,0.0023250399902462397,0.002367808083730768,30.49219074588784,-0.00020820909497494934,-0.00013377326138331284,-7.44358335916365e-05,145238613.0,-0.2907620153598969,-2.0
2020-03-15 00:00:00,0.0016639999812468,0.0018189999973401,0.0016550000291317,0.0016850000247359,119811060.0,1584230400,0.0018901428806461999,0.002287479992955868,0.002362303033640391,31.323456812368832,-0.0002228186386801995,-0.00015158233684269017,-7.123630183750933e-05,143271978.8,-0.32573026508686875,-2.0
2020-03-16 00:00:00,0.0016840000171214,0.0016990000149235,0.0014530000044032,0.0015869999770075,134329668.0,1584316800,0.001800571435264143,0.002244599992409296,0.0023557272753818898,29.372262269027786,-0.0002395432862603089,-0.00016917452672621393,-7.036875953409498e-05,141061392.0,-0.3381985355943241,-2.0
2020-03-17 00:00:00,0.0015910000074654,0.0016769999638199,0.0015579999890178,0.0015869999770075,102697604.0,1584403200,0.0017119999974965715,0.0022021599952131003,0.0023494545473820164,29.37226226902777,-0.00024991680460643073,-0.0001853229823022573,-6.459382230417343e-05,136127732.75,-0.3667198789057684,-2.0
2020-03-18 00:00:00,0.0015899999998509,0.0016120000509545,0.0015519999433308,0.0015660000499337,102196814.0,1584489600,0.0016237142761902715,0.0021607599966227482,0.00234301010325471,28.924489724762793,-0.0002568713581244486,-0.00019963265746669555,-5.7238700657753045e-05,133096876.15,-0.3725961121385736,-2.0
2020-03-19 00:00:00,0.0015660000499337,0.0018439999548718,0.0015620000194758,0.0017729999963194,251888350.0,1584576000,0.0016574285691603572,0.002124479999765704,0.002338848485978216,38.82448185816026,-0.0002428799572303101,-0.00020828211741941846,-3.4597839810891626e-05,138014071.0,-0.2627858395592575,-2.0
2020-03-20 00:00:00,0.0017709999810904,0.0019310000352561,0.0016789999790489,0.0017729999963194,188170528.0,1584662400,0.0016624285739713141,0.002091800002381156,0.0023346565677925023,38.82448185816026,-0.00022915017069239166,-0.00021245572807401312,-1.669444261837854e-05,140090805.9,-0.18930037209254258,-2.0
2020-03-21 00:00:00,0.0017709999810904,0.0018510000081732,0.0016929999692365,0.001784999971278,166141811.0,1584748800,0.0016794285703716286,0.0020641600014641402,0.002330717173254428,39.39205766669627,-0.0002148245545113719,-0.0002129294933614849,-1.8950611498869878e-06,140276036.1,-0.19376698512090051,-2.0
2020-03-22 00:00:00,0.001784999971278,0.0018680000212043,0.001719000050798,0.0017310000257566,161287088.0,1584835200,0.0016859999990888716,0.002039839997887564,0.0023262828301562634,37.697126251013664,-0.00020546032604064042,-0.00021143565989731604,5.975333856675618e-06,140050959.9,-0.21567739315770795,-2.0
2020-03-23 00:00:00,0.0017269999952986,0.0018169999821111,0.001691999961622,0.0018050000071525,166551897.0,1584921600,0.001717142860538157,0.00201907999813552,0.0023227575766580706,41.417079268956435,-0.00018987911916685456,-0.00020712435175122376,1.7245232584369206e-05,139629130.8,-0.1735348327526789,-2.0
2020-03-24 00:00:00,0.0018050000071525,0.001912000006996,0.0017989999614655,0.0018510000081732,177134005.0,1585008000,0.0017548571507046856,0.002001559999771368,0.002320030303154507,43.66867420201339,-0.00017183824054708779,-0.00020006712951039658,2.8228888963308796e-05,141255759.25,0.20429412737315955,-2.0
2020-03-25 00:00:00,0.0018520000157877,0.0018899999558925,0.0017989999614655,0.0018339999951422,163367839.0,1585094400,0.001793142857163043,0.001985519998706832,0.0023181717172546796,43.01075523426766,-0.0001571015048839647,-0.00019147400458511022,3.437249970114552e-05,144178512.35,0.05523592322380022,-2.0
2020-03-26 00:00:00,0.0018329999875277,0.0018720000516623,0.0018269999418407,0.0018420000560581,162455890.0,1585180800,0.0018030000085542859,0.001968199997208968,0.0023147272724526073,43.442592993378994,-0.00014312711732687093,-0.00018180462713346236,3.867750980659143e-05,147287897.25,0.10564229288991878,-2.0
2020-03-27 00:00:00,0.0018429999472573,0.0018680000212043,0.001803999999538,0.0018070000223815,166326062.0,1585267200,0.0018078571551345857,0.0019465199997648161,0.002311535352474087,41.9450866872874,-0.00013333947030532258,-0.00017211159576783442,3.877212546251184e-05,151197298.45,0.07240355837070189,-2.0
2020-03-28 00:00:00,0.0018050000071525,0.001808000029996,0.0017160000279545,0.0017780000343918,169979142.0,1585353600,0.001806857164150843,0.0019176800036802438,0.0023085353531488535,40.693413130878874,-0.00012646493711889677,-0.0001629822640380469,3.651732691915013e-05,154609341.35,0.12035290494739392,-2.0
2020-03-29 00:00:00,0.0017770000267773,0.0018050000071525,0.001717000035569,0.0017229999648407,156619235.0,1585440000,0.0018057142983057145,0.00189067999832328,0.002304888887782392,38.355706180794684,-0.00012402518091572884,-0.0001551908474135833,3.1165666497854456e-05,155588652.7,0.08569627586866502,-2.0
2020-03-30 00:00:00,0.0017229999648407,0.0018680000212043,0.001717000035569,0.0018309999722987,163244392.0,1585526400,0.0018094285790408858,0.001863679997622924,0.00230202020023653,45.033174504290905,-0.00011208491342752929,-0.00014656966061637252,3.448474718884323e-05,157979293.1,0.16922089011186126,-2.0
2020-03-31 00:00:00,0.0018510000081732,0.0018510000081732,0.0018050000071525,0.0018110000528395,156195510.0,1585612800,0.0018037142997075,0.0018362800031899997,0.002299373736605001,44.08090773668936,-0.000103048117222095,-0.000137865351937517,3.4817234715422014e-05,160417787.3,0.02143263203552448,-2.0
2020-04-01 00:00:00,0.0018119999440386,0.0018670000135898,0.0017760000191628,0.0018670000135898,163418627.0,1585699200,0.0018084285880571572,0.001814760006964164,0.0022972929291426667,47.43276386090608,-9.032643538052477e-05,-0.00012835756862611858,3.8031133245593814e-05,160194079.95,0.05301749434040404,-2.0
2020-04-02 00:00:00,0.0018680000212043,0.0019399999873712,0.0018500000005587,0.0018820000113919,165879605.0,1585785600,0.0018141428673905569,0.001802560011856216,0.00229521212050442,48.326241045224506,-7.813336362436302e-05,-0.00011831272762576747,4.0179364001404454e-05,157554211.4,0.054341760041850984,-2.0
2020-04-03 00:00:00,0.0018830000190064,0.001916000037454,0.0018339999951422,0.0018530000234022,161121845.0,1585872000,0.0018207142961078001,0.001788120009005028,0.002293141412953188,46.67450976085657,-7.000336783025965e-05,-0.00010865085566666592,3.864748783640628e-05,159940848.6,0.07047948921449332,-2.0
2020-04-04 00:00:00,0.0018530000234022,0.0019099999917671,0.0018410000484436,0.0018799999961629,160849686.0,1585958400,0.001835285719217957,0.0017750400071963241,0.0022913939378346143,48.44139258420326,-6.068210984735631e-05,-9.905710650280401e-05,3.83749966554477e-05,161992779.9,0.04155124028432411,-2.0
2020-04-05 00:00:00,0.0018799999961629,0.0019089999841526,0.0018469999777153,0.0018649999983608,152557918.0,1586044800,0.0018555714382922572,0.0017622800031676438,0.0022893838379813847,47.4997698186411,-5.388417695211651e-05,-9.002252059266652e-05,3.6138343640550015e-05,162904192.4,0.007563473865900727,-2.0
2020-04-06 00:00:00,0.0018660000059753,0.0019829999655485,0.0018520000157877,0.001979999942705,173173223.0,1586131200,0.0018768571483503,0.001780000003054692,0.0022884949493795314,54.76034076255415,-3.8770311722381885e-05,-7.977207881860959e-05,4.100176709622771e-05,166427973.35,0.07960738710442583,-2.0
2020-04-07 00:00:00,0.0019720001146197,0.002030000090599,0.0019340000580996,0.0019970000721514,129399793.0,1586217600,0.0019034285796805715,0.0017903600074350402,0.002287919192123321,55.73490451130143,-2.513100172361893e-05,-6.884386339961147e-05,4.371286167599254e-05,167788122.3,0.08414767175686277,-2.0
2020-04-08 00:00:00,0.0019859999883919,0.0020439999643713,0.0019600000232458,0.0020119999535381,116283369.0,1586304000,0.001924142856816043,0.001804200005717532,0.0022877575747310796,56.62282178392209,-1.2961967719681868e-05,-5.766748426362555e-05,4.4705516543943686e-05,161007873.25,0.11344766387242444,-2.0
2020-04-09 00:00:00,0.0020129999611526,0.0020330001134425,0.0019849999807775,0.0020210000220686,109954538.0,1586390400,0.0019440000011984285,0.0018176400056108398,0.002287636361686899,57.17785905905834,-2.5621553526862344e-06,-4.6646418481437695e-05,4.408426312875146e-05,157097073.75,0.1366704066234301,-2.0
2020-04-10 00:00:00,0.0020210000220686,0.0020230000372976,0.001890999963507,0.0019680000841617,122108790.0,1586476800,0.0019604285813069285,0.001832880009897008,0.00228722222182293,52.88627100636951,1.387128866519715e-06,-3.703970901184622e-05,3.842683787836593e-05,154895422.7,0.14219392009311593,-2.0
2020-04-11 00:00:00,0.0019680000841617,0.0020039998926222,0.0019409999949857,0.0019900000188499,161367396.0,1586563200,0.001976142870262214,0.001849000011570704,0.0022856565650947154,54.41572324848735,6.220470222887678e-06,-2.838767316489944e-05,3.460814338778712e-05,154899438.1,0.0868378202931297,-2.0
2020-04-12 00:00:00,0.0019890000112354,0.0020089999306946,0.0019509999547153,0.0019900000188499,169892709.0,1586649600,0.0019940000160463714,0.0018659600103273519,0.0022831212110685263,54.41572324848735,9.936387579325507e-06,-2.0722861016054454e-05,3.0659248595379964e-05,155066478.7,0.0988403980053687,-2.0
2020-04-13 00:00:00,0.0019900000188499,0.0019900000188499,0.0018939999863505,0.0019590000156313,167357650.0,1586736000,0.001991000026464414,0.0018734000110998278,0.0022784747463189575,51.67431998565584,1.0261548925713602e-05,-1.4525979027700844e-05,2.4787527953414444e-05,154577660.95,0.049276915571417446,-2.0
2020-04-14 00:00:00,0.0019580000080168,0.001979999942705,0.0019349999492987,0.0019640000537037,188937615.0,1586822400,0.001986285738114743,0.0018810400133952,0.0022734343438794496,52.093536982851866,1.0798227673807989e-05,-9.461137687399078e-06,2.0259365361207065e-05,155856149.75,0.04357069171915362,-2.0
2020-04-15 00:00:00,0.0019630000460892,0.0019749999046325,0.0019059999613091,0.0019399999873712,169903672.0,1586908800,0.0019760000286623285,0.001887240014038928,0.00226845454678612,49.8578141731293,9.181110544807282e-06,-5.732688040957806e-06,1.4913798585765088e-05,156228538.85,0.04695087041027857,-2.0
2020-04-16 00:00:00,0.0019409999949857,0.0020290000829845,0.0018860000418499,0.00202800007537,179859738.0,1586995200,0.0019770000362768145,0.0018991200160234638,0.0022657777798935443,57.12396025202042,1.4829460434585048e-05,-1.6202583458492356e-06,1.6449718780434282e-05,156905222.65,0.07872344654743069,-2.0
2020-04-17 00:00:00,0.00202800007537,0.0020290000829845,0.0019920000340789,0.0020129999611526,161550208.0,1587081600,0.001983428590132657,0.001907440014183468,0.0022633232345634757,55.64378323795969,1.7889218781774047e-05,2.281637079675421e-06,1.5607581702098624e-05,156483775.95,0.07935654848358231,-2.0
2020-04-18 00:00:00,0.0020129999611526,0.0020620001014322,0.0020069999154657,0.0020610000938177,168186509.0,1587168000,0.0019935714579852,0.001915840017609248,0.002260343437412273,59.279891680794435,2.391167002101192e-05,6.607643667942721e-06,1.73040263530692e-05,157062139.65,0.04090916841241965,-2.0
2020-04-19 00:00:00,0.0020600000862032,0.0020729999523609,0.00202800007537,0.0020580000709742,172576560.0,1587254400,0.002003285751145814,0.001924800020642528,0.0022577575803028336,58.954604560388916,2.8118298998472402e-05,1.0909774734048658e-05,1.7208524264423746e-05,157528748.05,0.03054581703499082,-2.0
2020-04-20 00:00:00,0.0020580000709742,0.0020659998990595,0.0019620000384747,0.001981999957934,169715146.0,1587340800,0.002006571457189057,0.0019304000167175638,0.0022537272771575353,51.27806557410139,2.503096739642696e-05,1.3734013266524317e-05,1.1296954129902641e-05,158204729.85,-0.014910534938803122,-2.0
2020-04-21 00:00:00,0.001981999957934,0.002032000105828,0.0019519999623298,0.0019710001070052,163652750.0,1587427200,0.002007571464803557,0.001936960020102512,0.002249818187056418,50.258041240649696,2.144938367518905e-05,1.5277087348257265e-05,6.172296326931784e-06,158216436.0,-0.024740185312923768,-2.0
2020-04-22 00:00:00,0.0019710001070052,0.0020330001134425,0.0019640000537037,0.0020109999459236,163753943.0,1587513600,0.0020177143160253286,0.0019462800165637839,0.0022451818233938645,53.85288162645648,2.1589732483376714e-05,1.6539616375281156e-05,5.050116108095558e-06,158110152.9,0.021849522318601267,-2.0
2020-04-23 00:00:00,0.0020109999459236,0.002123000100255,0.0020049999002367,0.0020469999872148,179000350.0,1587600000,0.0020204285891460144,0.001959240017458748,0.0022419292968932545,56.87372440481698,2.4325453704093346e-05,1.8096783841043597e-05,6.2286698630497494e-06,159004078.15,0.028643199912049333,-2.0
2020-04-24 00:00:00,0.0020469999872148,0.002121000085026,0.0020419999491423,0.0021029999479651,209562151.0,1587686400,0.0020332857301192287,0.001970120016485404,0.002239484852650202,61.135636627822805,3.065884521944763e-05,2.0609196116724404e-05,1.0049649102723226e-05,161439701.4,0.056783883439612826,-2.0
2020-04-25 00:00:00,0.0021019999403506,0.0021460000425577,0.0020870000589638,0.0021420000120997,229810398.0,1587772800,0.0020448571470166573,0.001983360014855812,0.0022359697002390243,63.81742383030605,3.8382631776750706e-05,2.4163883248729667e-05,1.4218748528021038e-05,165302325.4,0.09341500510883205,-2.0
2020-04-26 00:00:00,0.0021410000044852,0.0024439999833703,0.0021359999664127,0.0024089999496936,287859775.0,1587859200,0.0020949999868337143,0.002005040012299964,0.00223497980076702,76.01815521750224,6.529576291287734e-05,3.23902591815592e-05,3.290550373131814e-05,171036653.0,0.22657835225142775,-2.0
2020-04-27 00:00:00,0.0024099999573081,0.0024139999877661,0.0023080001119524,0.0023550000041723,276033020.0,1587945600,0.0021482857077248997,0.0020239600120111802,0.002234474751119915,70.81710112053693,8.132975019546152e-05,4.2178157384339666e-05,3.915159281112185e-05,178368314.35,0.21391753582609363,-2.0
2020-04-28 00:00:00,0.0023539999965578,0.002371999900788,0.0023219999857246,0.002339000115171,254905520.0,1588032000,0.002200857137462871,0.002043400015681932,0.0022341212177780364,69.30409299469125,9.168881176210624e-05,5.208028825989298e-05,3.960852350221326e-05,185299421.9,0.15335307112563057,-2.0
2020-04-29 00:00:00,0.002339000115171,0.0025420000310987,0.0023310000542551,0.002517000073567,295698249.0,1588118400,0.002273142869983357,0.002068880018778096,0.0022355454616398646,75.5600188910311,0.00011295942577597235,6.425611576310886e-05,4.8703310012863495e-05,194586607.45,0.2503726389173999,-2.0
2020-04-30 00:00:00,0.002517000073567,0.002688999986276,0.0023920000530779,0.0024429999757558,298563815.0,1588204800,0.0023297142969177856,0.002092000017873896,0.002236757582674377,69.2420415258945,0.0001224340081463298,7.589169423975306e-05,4.654231390657673e-05,203409358.7,0.18534685325050182,-2.0
2020-05-01 00:00:00,0.0024439999833703,0.0025589999277144,0.0024409999605268,0.0024939998984336,282886977.0,1588291200,0.002385571432699,0.00211256001610304,0.002239040409525188,71.03932505461657,0.00013253022454018035,8.721940029983852e-05,4.531082424034183e-05,209485337.75,0.21185607989459876,-2.0
2020-05-02 00:00:00,0.0024949999060481,0.0025530001148581,0.0024729999713599,0.0025490000844001,269155283.0,1588377600,0.0024437143001704857,0.002134640016592988,0.002241797985113884,72.87980551559689,0.00014331752886271622,9.843902601241406e-05,4.4878502850302155e-05,214448466.45,0.2860747419274068,-2.0
2020-05-03 00:00:00,0.0025480000767856,0.0025830001104623,0.0024800000246614,0.0025100000202655,265156925.0,1588464000,0.002458142881680757,0.002154560019262084,0.0022443535413141018,69.50666206064423,0.000147024756148978,0.00010815617203972686,3.886858410925114e-05,219338430.2,0.2734651872136493,-2.0
2020-05-04 00:00:00,0.00251100002788,0.002519000088796,0.0023890000302344,0.0024810000322759,261454253.0,1588550400,0.0024761428856955566,0.0021729600196703763,0.002246131318517809,67.02258005540583,0.00014594039379973913,0.00011571301639172933,3.02273774080098e-05,222964262.1,0.2337146190903754,-2.0
2020-05-05 00:00:00,0.0024810000322759,0.002521000104025,0.0024490000214427,0.0024840000551193,245861118.0,1588636800,0.0024968571628310285,0.00219360001850868,0.0022473030352042596,67.15336021733697,0.00014366700182929897,0.00012130381347924326,2.23631883500557e-05,226762134.4,0.2134831805734858,-2.0
2020-05-06 00:00:00,0.0024830000475049,0.0025830001104623,0.0024729999713599,0.0025289999321103,251393346.0,1588723200,0.0024985714283372144,0.002215160015039096,0.002248101014022978,69.13088024243163,0.0001438383572610934,0.0001258107222356133,1.8027635025480112e-05,230338814.8,0.20256775781540326,-2.0
2020-05-07 00:00:00,0.0025180000811815,0.0026779999025166,0.0024790000170469,0.0026640000287443,284491226.0,1588809600,0.0025301428644784285,0.002242120015434872,0.002250868690698689,74.1574599764782,0.0001531026650116664,0.00013126911079082394,2.183355422084247e-05,236485865.7,0.24369748538559,-2.0
2020-05-08 00:00:00,0.0026589999906718,0.0026720000896602,0.002593999961391,0.0026249999646097,291757355.0,1588896000,0.0025488571596464426,0.002268760013394008,0.002252737377685531,70.58179395119626,0.000155505149842413,0.00013611631860114176,1.9388831241271248e-05,242664408.0,0.08966376896088057,-2.0
2020-05-09 00:00:00,0.0026219999417662,0.0026340000331401,0.0025649999734014,0.0026130001060664,294993696.0,1588982400,0.0025580000198844855,0.002294720015488516,0.0022549494992790617,69.47183640103032,0.0001546580463947585,0.0001398246641598651,1.483338223489338e-05,248785264.8,0.10955418320042765,-2.0
2020-05-10 00:00:00,0.0026110000908374,0.0026130001060664,0.0023600000422447,0.0024590000975877,290801097.0,1589068800,0.0025507143166448,0.002315480019897176,0.0022553232371467957,57.068478563229206,0.0001399469755369591,0.0001398491264352839,9.78491016752109e-08,254839562.35,0.051303966014523805,-2.0
2020-05-11 00:00:00,0.0024570000823587,0.0025120000354945,0.0023380001075565,0.0024129999801516,277646033.0,1589155200,0.0025410000234841854,0.00233088001608844,0.0022547676820646153,53.96893853233297,0.00012315684540518262,0.00013651067022926364,-1.3353824824081017e-05,260539226.5,-0.04131906649808503,-2.0
2020-05-12 00:00:00,0.0024129999801516,0.002513000043109,0.0024059999268501,0.002462999895215,262934538.0,1589241600,0.0025380000006407144,0.002348880013450936,0.002255000004714137,56.720493926894484,0.0001125872854448296,0.00013172599327237685,-1.913870782754726e-05,265498256.25,0.00818662286437899,-2.0
2020-05-13 00:00:00,0.0024639999028295,0.0025279999244958,0.0024580000899732,0.002521000104025,265878080.0,1589328000,0.0025368571680571,0.002367280013859228,0.0022551818242804093,59.72779979569859,0.00010765004246991077,0.00012691080311188365,-1.9260760641972885e-05,269842142.75,0.010826065232944826,-2.0
2020-05-14 00:00:00,0.0025180000811815,0.0026229999493807,0.0025120000354945,0.0025740000419318,283778649.0,1589414400,0.0025240000270838857,0.002387920012697532,0.002255101015584288,62.305340974583785,0.00010678296632577388,0.0001228852357546617,-1.6102269428887827e-05,273552967.65,0.00980775076654572,-2.0
2020-05-15 00:00:00,0.0025740000419318,0.0025770000647753,0.0024870000779628,0.0025059999898076,261080156.0,1589500800,0.0025070000306835856,0.0024088800139724763,0.002253616167552194,57.243109065550755,9.94622276807083e-05,0.00011820063413987104,-1.8738406459162737e-05,275116455.55,-0.0015936376197625002,-2.0
2020-05-16 00:00:00,0.002506999997422,0.0025339999701827,0.0024840000551193,0.002513000043109,254666485.0,1589587200,0.002492714307403957,0.002430560011416628,0.002251030310442754,57.624794303895904,9.315154236538966e-05,0.00011319081578497478,-2.003927341958511e-05,273456791.05,0.01289802918855476,-2.0
2020-05-17 00:00:00,0.0025120000354945,0.0025780000723898,0.002509000012651,0.0025380000006407,258469067.0,1589673600,0.0025040000078401,0.002451640013605312,0.0022447575824428804,59.03140189395425,8.914001581186671e-05,0.00010838065579035316,-1.924063997848645e-05,272578593.4,0.0217391080205942,-2.0
2020-05-18 00:00:00,0.0025369999930262,0.0025869999080896,0.002513000043109,0.0025430000387132,265626959.0,1589760000,0.002522571444777471,0.0024714800156652476,0.0022377979875814556,59.322230413729514,8.538010470236128e-05,0.00010378054557275479,-1.840044087039351e-05,273114665.35,0.0055358271960164185,-2.0
2020-05-19 00:00:00,0.0025440000463277,0.0025649999734014,0.0025009999517351,0.0025380000006407,182890489.0,1589846400,0.002533285745552571,0.002488880017772272,0.0022332727358760677,58.87215991915001,8.106244931787871e-05,9.923692632177959e-05,-1.8174477003900875e-05,267474277.35,-0.04729730733636339,-2.0
2020-05-20 00:00:00,0.0025390000082552,0.0025629999581724,0.0024870000779628,0.0025080000050365,178925411.0,1589932800,0.0025314285885542145,0.0025035200174897444,0.0022278888964780467,56.120968600110565,7.43627202440273e-05,9.426208510622914e-05,-1.9899364862201833e-05,261492357.15,-0.04457141377165552,-2.0
2020-05-21 00:00:00,0.0025100000202655,0.0025490000844001,0.0024230000562965,0.0024850000627338,200924557.0,1590019200,0.002518714305811643,0.002506560022011352,0.0022217474826093687,54.036070556735254,6.643145311935241e-05,8.86959587088538e-05,-2.2264505589501393e-05,257394236.15,-0.04898585462565885,-2.0
2020-05-22 00:00:00,0.0024860000703483,0.0025430000387132,0.0024729999713599,0.0025329999625682,215355485.0,1590105600,0.0025225714447774427,0.0025136800203471883,0.0022167676843401264,57.57806899222083,6.32894956367324e-05,8.361466609442952e-05,-2.0325170457697117e-05,254704246.25,0.03009347785430938,-2.0
2020-05-23 00:00:00,0.0025329999625682,0.0025649999734014,0.0024989999365061,0.0025440000463277,208878705.0,1590192000,0.0025270000166658286,0.002521880017593456,0.0022108484920339566,58.36980429931352,6.098409978202686e-05,7.9088552831949e-05,-1.8104453049922137e-05,251890335.25,0.05428929434465646,-2.0
2020-05-24 00:00:00,0.0025440000463277,0.0025609999429434,0.0024510000366717,0.0024580000899732,186657328.0,1590278400,0.0025155714579990426,0.002519520018249704,0.0022061818251103587,50.443326936968724,5.162250708374205e-05,7.35953436823076e-05,-2.1972836598565555e-05,248150489.0,-0.00202996567377578,-2.0
2020-05-25 00:00:00,0.0024560000747442,0.0025460000615566,0.0024349999148398,0.0025400000158697,214669452.0,1590364800,0.0025151428833071142,0.00252340001985426,0.002203818189563426,56.507925052231236,5.024093986077515e-05,6.892446291800112e-05,-1.8683523057225974e-05,246590905.7,0.007536656509599116,-2.0
2020-05-26 00:00:00,0.0025390000082552,0.0025420000310987,0.0024719999637454,0.0024860000703483,185485979.0,1590451200,0.0025077143218367715,0.002523080026730848,0.002201535362712614,51.99530700599969,4.427828111331581e-05,6.399522655706407e-05,-1.971694544374826e-05,243295537.35,-0.03418802259127218,-2.0
2020-05-27 00:00:00,0.0024860000703483,0.0025289999321103,0.0024719999637454,0.0025100000202655,186186772.0,1590537600,0.002508000038298057,0.002521520024165464,0.002198212130954722,53.762622583417055,4.10166125027092e-05,5.93995037461931e-05,-1.8382891243483902e-05,238380314.65,0.00159618135441697,-2.0
2020-05-28 00:00:00,0.0025120000354945,0.0025589999277144,0.0024949999060481,0.0025239998940378,220213442.0,1590624000,0.0025135714427700568,0.002522080019116356,0.002197202029308688,54.807805511714236,3.9110547396431754e-05,5.534171247624083e-05,-1.6231165079809076e-05,234803119.0,0.004377178965421447,-2.0
2020-05-29 00:00:00,0.0025239998940378,0.0025490000844001,0.0025039999745786,0.0025319999549537,200485433.0,1590710400,0.002513428584539414,0.0025241200160234676,0.0021959192006650707,55.42784113450306,3.780966879766631e-05,5.183530374052593e-05,-1.4025634942859617e-05,230077705.85,-0.002364084194438676,-2.0
2020-05-30 00:00:00,0.0025309999473392,0.0026259999722242,0.0025229998864233,0.0026149998884648,200708874.0,1590796800,0.0025235714191304283,0.0025293600093572884,0.002195585867145398,61.35226817830249,4.2980659818918875e-05,5.006437495620452e-05,-7.0837151372856456e-06,225573094.7,0.02831295660853894,-2.0
2020-05-31 00:00:00,0.0026149998884648,0.0026169999036937,0.0025490000844001,0.0025549998972564,188184731.0,1590883200,0.0025374285344565996,0.002530400007963132,0.0021951212194945284,55.59908194995545,4.175587388653614e-05,4.840267474227085e-05,-6.646800855734705e-06,221100029.6,0.006698146813005623,-2.0
2020-06-01 00:00:00,0.0025549998972564,0.0026620000135153,0.0025530001148581,0.0026469998992979,195748335.0,1590969600,0.0025527142320892,0.0025297200027852764,0.0021947878859748552,61.55251030843799,4.7659464855796894e-05,4.825403276497606e-05,-5.945679091791641e-07,217740719.45,0.05542260525608622,-2.0
2020-06-02 00:00:00,0.0026469998992979,0.0026549999602138,0.0025200000964105,0.0025609999429434,200119264.0,1591056000,0.0025634284996027858,0.002527160001918624,0.0021944949568032425,54.2322298427916,4.48812622324277e-05,4.757947865846639e-05,-2.6982164260386915e-06,214452778.65,0.030583452028564828,-2.0
2020-06-03 00:00:00,0.0025619999505579,0.002597999991849,0.0025460000615566,0.0025830001104623,190021630.0,1591142400,0.0025738570839166147,0.00252596000209446,0.0021955757660583825,55.68418476860447,4.394813949787791e-05,4.6853210826348695e-05,-2.9050713284707857e-06,209764927.7,0.019739498078557238,-2.0
2020-06-04 00:00:00,0.0025830001104623,0.0026690000668168,0.0025710000190883,0.0026310000102967,194078582.0,1591228800,0.0025891428148107428,0.00253283999860282,0.002198525259948541,58.758358123880754,4.654527877243769e-05,4.67916244155665e-05,-2.463456431288076e-07,206414849.0,0.034198098421651224,-2.0
2020-06-05 00:00:00,0.0026320000179111,0.0026340000331401,0.0025800000876188,0.00259599997662,188846627.0,1591315200,0.0025982856750487856,0.002540159998461556,0.002201272734450222,55.72295375412802,4.525761849456453e-05,4.648482323136611e-05,-1.2272047368015821e-06,203123856.1,0.05614315768731504,-2.0
2020-06-06 00:00:00,0.0025949999690055,0.002606000052765,0.0025659999810159,0.0025869999080896,175988365.0,1591401600,0.0025942856778523285,0.00254511999897654,0.002204282834862471,54.93704123587469,4.301505732862577e-05,4.579087005081805e-05,-2.775812722192279e-06,198999821.0,0.018503894459153125,-2.0
2020-06-07 00:00:00,0.0025869999080896,0.0026090000756084,0.0025579999200999,0.002606000052765,188151455.0,1591488000,0.0026015714143535575,0.00254851999692614,0.0022080303099231715,56.3371067615145,4.2283545935359584e-05,4.5089405227726356e-05,-2.805859292366772e-06,195126045.8,0.048270305318168116,-2.0
2020-06-08 00:00:00,0.002606000052765,0.0026070000603795,0.0025609999429434,0.0025839998852461,187140783.0,1591574400,0.002592571412346157,0.0025489199906587124,0.0022111515199407616,54.23589774843686,3.947356158373865e-05,4.396623649892882e-05,-4.492674915190166e-06,195338560.5,0.029482017682522788,-2.0
2020-06-09 00:00:00,0.0025839998852461,0.0025869999080896,0.002517000073567,0.0025690000038594,175910197.0,1591660800,0.0025937142781913,0.0025514399912207842,0.002213373742621308,52.79020959540951,3.562559400009744e-05,4.2298107999162545e-05,-6.672513999065105e-06,195187799.8,0.017828887365605395,-2.0
2020-06-10 00:00:00,0.0025690000038594,0.0025949999690055,0.0025530001148581,0.0025839998852461,182748021.0,1591747200,0.0025938571031604144,0.002554279984906268,0.002214232327962116,54.10759630404432,3.340138664205102e-05,4.0518763727740243e-05,-7.117377085689225e-06,194278973.0,0.0205370976372512,-2.0
2020-06-11 00:00:00,0.0025839998852461,0.002602000022307,0.0024290001019835,0.0024520000442862,183212798.0,1591833600,0.0025682856794446286,0.002550839986652088,0.0022147777819572817,42.79124556127945,2.0748229613822434e-05,3.656465690495668e-05,-1.5816427291134244e-05,192671838.65,-0.06233263905578712,-2.0
2020-06-12 00:00:00,0.0024550000671297,0.0025329999625682,0.0024470000062137,0.0025200000964105,194920048.0,1591920000,0.0025574285537004146,0.0025499199889599798,0.002214919197175493,48.739033426988115,1.602284601912767e-05,3.2456294727790874e-05,-1.6433448708663206e-05,191973905.8,-0.01369855274103271,-2.0
2020-06-13 00:00:00,0.0025200000964105,0.0025410000234842,0.0025009999517351,0.0025329999625682,188981850.0,1592006400,0.0025497142757687856,0.0025497199874370802,0.0022152929350432262,49.81326094848531,1.3175052229379494e-05,2.8600046228108598e-05,-1.5424993998729104e-05,192090131.9,-0.04306760146078514,-2.0
2020-06-14 00:00:00,0.0025329999625682,0.002553999889642,0.0025009999517351,0.00251100002788,173334481.0,1592092800,0.002536142843642357,0.00254983998835082,0.0022163636432113503,47.98076165675942,9.038751168501807e-06,2.4687787216187242e-05,-1.5649036047685435e-05,190023383.35,-0.019523590854099826,-2.0
2020-06-15 00:00:00,0.0025100000202655,0.0025160000659525,0.0024069999344646,0.0024790000170469,198803041.0,1592179200,0.002521142862471043,0.0025495999865233444,0.002219313139453333,45.36650864337892,3.1423463259317233e-06,2.037869903813614e-05,-1.7236352712204416e-05,190689236.45,-0.04026329421905683,-2.0
2020-06-16 00:00:00,0.0024790000170469,0.0025299999397248,0.0024339999072253,0.0024870000779628,196212619.0,1592265600,0.002509428587342957,0.002547759991139128,0.0022220707150420295,46.15635529482522,-8.749727947671496e-07,1.612796467155548e-05,-1.700293746632263e-05,191190528.8,-0.05473201511605519,-2.0
2020-06-17 00:00:00,0.0024900001008063,0.0024920001160353,0.0024580000899732,0.0024850000627338,185083517.0,1592352000,0.002495285755555486,0.002545399991795372,0.0022248787960658,45.97739656265765,-4.172019214781879e-06,1.2067967894288009e-05,-1.623998710906989e-05,189434032.55,-0.04275805658161913,-2.0
2020-06-18 00:00:00,0.0024850000627338,0.0024929998908191,0.0024470000062137,0.0024719999637454,171388606.0,1592438400,0.0024981428869068,0.00254595998674626,0.002227787885607897,44.76251509526362,-7.744675796890303e-06,8.105439156052348e-06,-1.585011495294265e-05,187979191.2,-0.04445301446845562,-2.0
2020-06-19 00:00:00,0.0024709999561309,0.0024719999637454,0.002430000109598,0.0024349999148398,173280984.0,1592524800,0.0024860000038252716,0.0025417599827050642,0.0022368585923686142,41.40882619718809,-1.3407078150876398e-05,3.8029356946665994e-06,-1.7210013845542998e-05,186607796.7,-0.06561785666265307,-2.0
2020-06-20 00:00:00,0.0024349999148398,0.0024659999180585,0.0024190000258386,0.0024470000062137,158275082.0,1592611200,0.002473714295774629,0.0025401999801396803,0.0022440202089703412,42.902957767413824,-1.6733373809774913e-05,-3.0432620622170344e-07,-1.6429047603553208e-05,185112314.25,-0.05301853139182788,-2.0
2020-06-21 00:00:00,0.0024470000062137,0.0024780000094324,0.0024409999605268,0.0024470000062137,169917761.0,1592697600,0.0024645714355365856,0.002537679979577608,0.002251909097957593,42.902957767413824,-1.9148752188572794e-05,-4.0732114026919225e-06,-1.5075540785880873e-05,183820785.55,-0.04748929445792904,-2.0
2020-06-22 00:00:00,0.0024470000062137,0.0024949999060481,0.0024429999757558,0.0024739999789744,173530825.0,1592784000,0.002463857144383371,0.002535679982975072,0.0022598787944650522,46.465334740364845,-1.8669079277220443e-05,-6.992384977597627e-06,-1.1676694299622816e-05,182491363.6,-0.042569625060654204,-2.0
2020-06-23 00:00:00,0.0024739999789744,0.0024920001160353,0.0024570000823587,0.0024840000551193,171604774.0,1592870400,0.002463428569691443,0.0025337599869816956,0.0022689394013146666,47.76523658444627,-1.7282787255033273e-05,-9.050465433084756e-06,-8.232321821948517e-06,181570520.8,0.013050575144836651,-2.0
2020-06-24 00:00:00,0.0024830000475049,0.0024969999212771,0.0023890000302344,0.002430000109598,178380748.0,1592956800,0.0024555714335291853,0.002526359995827024,0.002277454554169116,41.855087684492915,-2.030739414812365e-05,-1.1301851176092536e-05,-9.005542972031116e-06,180785629.1,-0.03571427911478908,-2.0
2020-06-25 00:00:00,0.002430000109598,0.0024329998996108,0.0023900000378489,0.0024170000106096,160003354.0,1593043200,0.0024477142973669285,0.002520840000361152,0.0022860505133678625,40.55414036576601,-2.3482722041805702e-05,-1.3738025349235168e-05,-9.744696692570534e-06,179343465.45,-0.045795481118360515,-2.0
2020-06-26 00:00:00,0.0024170000106096,0.0024270000867545,0.0023590000346302,0.0023590000346302,151319087.0,1593129600,0.0024368571716226997,0.002509320005774444,0.0022919697056740323,35.284708155710305,-3.0329683893710706e-05,-1.7056357058130276e-05,-1.327332683558043e-05,178110001.55,-0.060533648571135745,-2.0
2020-06-27 00:00:00,0.0023590000346302,0.0023789999540895,0.0022940000053495,0.0023129999171942,152534000.0,1593216000,0.0024177143017627715,0.0024994000047444762,0.0022974242503293334,31.759987126716084,-3.901800030940055e-05,-2.144868570838433e-05,-1.756931460101622e-05,176329128.8,-0.06696252469189057,-2.0
2020-06-28 00:00:00,0.0023129999171942,0.0023610000498592,0.00228299992159,0.0023260000161826,172693834.0,1593302400,0.0024004285889011857,0.002489120000973288,0.0023028888972475617,33.77344607508276,-4.434339131054524e-05,-2.6027626828816513e-05,-1.8315764481728725e-05,175606781.35,-0.0647366532903696,-2.0
2020-06-29 00:00:00,0.0023260000161826,0.0023409998975694,0.0023010000586509,0.0023129999171942,172655788.0,1593388800,0.002377428580075443,0.002476399997249188,0.0023087676840297597,32.7333375600917,-4.904741333831711e-05,-3.0631584130716635e-05,-1.8415829207600477e-05,175444060.9,-0.06921534857040579,-2.0
2020-06-30 00:00:00,0.0023109999019652,0.0023399998899549,0.0022970000281929,0.0023199999704957,165641131.0,1593475200,0.002353999996557786,0.002465359997004216,0.002313969703861509,33.913536335851475,-5.161554699028908e-05,-3.4828376702631124e-05,-1.6787170287657958e-05,174588716.4,-0.061488671310253595,-2.0
2020-07-01 00:00:00,0.0023199999704957,0.002375999931246,0.0023010000586509,0.0023539999965578,152549214.0,1593561600,0.0023431428375520432,0.002456040000542944,0.00231905051182499,39.46871182072164,-5.0327153362346444e-05,-3.792813203457419e-05,-1.2399021327772252e-05,173055537.2,-0.033264854667286126,-2.0
2020-07-02 00:00:00,0.0023300000466406,0.002381999976933,0.0023020000662654,0.0023610000498592,110789127.0,1593648000,0.0023351428431591286,0.0024462400004267118,0.0023243737447009192,40.576233473291545,-4.8185790531654095e-05,-3.997966373399018e-05,-8.206126797663917e-06,168848991.15,-0.03514505767720444,-2.0
2020-07-03 00:00:00,0.0023610000498592,0.0023660000879317,0.0023040000814944,0.0023159999400377,111575143.0,1593734400,0.002328999972503057,0.002435520002618376,0.002329161622316875,36.01434428827576,-4.954871114258054e-05,-4.189347321570825e-05,-7.65523792687229e-06,164978655.8,-0.053534967651552856,-2.0
2020-07-04 00:00:00,0.0023149999324232,0.0023399998899549,0.002288999967277,0.0023089998867362,109218071.0,1593820800,0.0023284285395804858,0.002425119997933448,0.0023342323280174273,35.34858461355333,-5.0610277569578845e-05,-4.363683408648238e-05,-6.973443483096467e-06,161772835.3,-0.06669365143107275,-2.0
2020-07-05 00:00:00,0.0023070001043379,0.0023270000237971,0.0022770001087337,0.0023089998867362,110140542.0,1593907200,0.0023259999496595715,0.002414119997993052,0.002339595962889593,35.34858461355333,-5.0865233857745e-05,-4.5082514040734904e-05,-5.782719817010095e-06,157339710.35,-0.0704509518920663,-2.0
2020-07-06 00:00:00,0.0023089998867362,0.0026239999569952,0.0023020000662654,0.0026159998960793,132105139.0,1593993600,0.0023692856609288716,0.002420679992064776,0.002348616164215235,66.67900953476956,-2.5995295915317e-05,-4.126507041565132e-05,1.526977450033432e-05,154134336.35,0.07654311855651352,-2.0
2020-07-07 00:00:00,0.0026140001136809,0.003258999902755,0.002600000007078,0.0030900000128895,283970310.0,1594080000,0.0024792856669851285,0.0024434799887239358,0.002361333336342415,81.54752515159203,3.159791601777288e-05,-2.6692473128966484e-05,5.829038914673937e-05,159078676.0,0.2784443522241278,-2.0
2020-07-08 00:00:00,0.0030970000661909,0.0054199998266994,0.0030610000248998,0.004749999847263,1226813925.0,1594166400,0.0028215713599430143,0.0025321599841117283,0.0023910202029527533,93.12224702079041,0.0002087823518581904,2.0402491868464892e-05,0.0001883798599897255,211849941.95,1.013564975639187,-2.0
2020-07-09 00:00:00,0.0047320001758635,0.0050139999948441,0.0041479999199509,0.0043970001861453,511315527.0,1594252800,0.0031124285222696,0.00260759999044234,0.002416575760251294,81.4254480436619,0.00031706326336071585,7.973464616691509e-05,0.00023732861719380076,228751669.1,0.9009945281273988,-2.0
2020-07-10 00:00:00,0.0043939999304711,0.0043939999304711,0.0034380001015961,0.0035149999894201,225424869.0,1594339200,0.0032837142436099426,0.002649039989337268,0.0024330707095243063,60.85694082376749,0.0003279264887209609,0.00012937301467772427,0.00019855347404323665,232109158.45,0.5111779728999619,-2.0
2020-07-11 00:00:00,0.0035280000884085,0.0039200000464916,0.0034759999252855,0.0038109999150037,155299369.0,1594425600,0.0034982856762195863,0.002701999982818904,0.0024528484862071493,64.1315731807458,0.00035631303839481947,0.0001747610194211433,0.00018155201897367617,231378238.85,0.647643774940839,-2.0
2020-07-12 00:00:00,0.0038109999150037,0.0038439999334514,0.003614000044763,0.0036299999337643,87562043.0,1594512000,0.0036869999686521718,0.0027477999776601243,0.0024705252532536285,60.78298733942825,0.00036005392025245057,0.00021181959958740476,0.0001482343206650458,227079799.75,0.5646551637622221,-2.0
2020-07-13 00:00:00,0.0036299999337643,0.0036359999794512,0.0030590000096708,0.0031779999844729,143177055.0,1594598400,0.0037672856955655427,0.002776039978489224,0.0024837878793759725,53.29869627814301,0.0003228246560065236,0.00023402061087122853,8.880404513529508e-05,225658413.8,0.35004247626168894,-2.0
2020-07-14 00:00:00,0.0031689999159425,0.0033690000418573,0.0030610000248998,0.0032939999364316,103213409.0,1594684800,0.003796428541785843,0.002810399979352896,0.0024970606065853325,54.83567638043545,0.0002992310729956621,0.0002470627032961153,5.216836969954681e-05,221900046.85,0.3951714810967666,-2.0
2020-07-15 00:00:00,0.0032870001159608,0.003303000004962,0.0030739998910576,0.003084999974817,69399827.0,1594771200,0.0035585714171507,0.002835919978097028,0.0025080505045920556,51.544190158395956,0.0002606636697330459,0.00024978289658350144,1.0880773149544445e-05,217369870.5,0.3320380201593538,-2.0
2020-07-16 00:00:00,0.0030859999824315,0.0030980000738054,0.0028929999098181,0.0029949999880045,78457844.0,1594857600,0.003358285674559157,0.0028578399773686604,0.002517979797869494,50.148253938280256,0.00022029703096694423,0.00024388572346019,-2.3588692493245776e-05,213726808.35,0.2970983693888223,-2.0
2020-07-17 00:00:00,0.0029909999575465,0.0030839999672025,0.0029370000120252,0.0030610000248998,74705371.0,1594944000,0.0032934285367705427,0.002881319979205676,0.002528484848403142,51.19216103584511,0.00019142519976615398,0.0002333936187213828,-4.196841895522883e-05,209835376.9,0.32568218928176806,-2.0
2020-07-18 00:00:00,0.0030600000172853,0.0036289999261498,0.0030310000292956,0.003472999902442,204080851.0,1595030400,0.0032451428206903,0.002920879973098584,0.0025436868667696104,57.2151137061183,0.0001994894225350991,0.00022661277948412607,-2.7123356949026968e-05,211404727.75,0.3275994038253285,-2.0
2020-07-19 00:00:00,0.0034640000667423,0.0037529999390244,0.0033289999701082,0.0033819999080151,116746163.0,1595116800,0.0032097142455832714,0.0029589599650352676,0.0025577474717106722,55.58358256109656,0.00019627490323984639,0.00022054520423527016,-2.4270300995423772e-05,208609246.5,0.09449834754290065,-2.0
2020-07-20 00:00:00,0.0033829999156296,0.0034330000635236,0.0031669999007135,0.0032389999832957,81038624.0,1595203200,0.003218428531129386,0.0029918399639427117,0.002570363632967701,53.02474724092306,0.00018011225278031064,0.00021245861394427826,-3.234636116396762e-05,204379121.15,-0.31810524474815594,-2.0
2020-07-21 00:00:00,0.0032319999299943,0.003309000050649,0.0031870000530034,0.003305000020191,77748189.0,1595289600,0.003219999971666443,0.0030296799633651437,0.002583959592609718,54.075577472100626,0.00017066160647140642,0.0002040992124497039,-3.3437605978297474e-05,200639069.9,-0.2483511757391167,-2.0
2020-07-22 00:00:00,0.0033019999973475,0.0033040000125765,0.0032210000790655,0.0032850001007318,54443238.0,1595376000,0.0032485714182257,0.003068559970706648,0.0025973030274281834,53.683678206993044,0.0001597169571674415,0.00019522276139325145,-3.5505804225809936e-05,197821775.45,-0.06543382343686588,-2.0
2020-07-23 00:00:00,0.0032830000855028,0.0033209999091923,0.0032649999484419,0.0032949999440461,58737115.0,1595462400,0.0032914285548030714,0.003107319967821188,0.002610989895677425,53.86371676238122,0.0001501196615137099,0.00018620214141734314,-3.608247990363324e-05,195179874.05,-0.13539752885486456,-2.0
2020-07-24 00:00:00,0.0032949999440461,0.0033229999244213,0.0031769999768584,0.003220000071451,58910215.0,1595548800,0.003314142847167529,0.00314359997399146,0.0026230302996782437,52.224055761312066,0.00013490675158922636,0.00017594306345171978,-4.103631186249342e-05,192664481.25,-0.11294762253291046,-2.0
2020-07-25 00:00:00,0.0032190000638365,0.0032949999440461,0.0031890000682324,0.0032339999452233,63203396.0,1595635200,0.0032799999961362855,0.0031801599729805634,0.0026353636328506746,52.51463581538654,0.00012256720523604785,0.0001652678918085854,-4.2700686572537546e-05,190317623.95,0.01762113311013369,-2.0
2020-07-26 00:00:00,0.0032379999756813,0.0032699999865144,0.0031840000301599,0.0032349999528378,62592233.0,1595721600,0.0032590000025395287,0.003215399971231764,0.0026472222172852214,52.53684215722674,0.00011158246490880529,0.00015453080642862939,-4.2948341519824095e-05,186841978.65,-0.01791134934195371,-2.0
2020-07-27 00:00:00,0.0032339999452233,0.0032430000137537,0.0030400000978261,0.0031530000269412,83138808.0,1595808000,0.003246714294488886,0.003247079970315044,0.00265828282290105,50.45330290507199,9.516328720301712e-05,0.00014265730258350694,-4.7494015380489826e-05,176800403.55,0.022042156460060802,-2.0
2020-07-28 00:00:00,0.0031550000421702,0.0032190000638365,0.0031320000998675,0.0031969998963177,63084930.0,1595894400,0.0032312857053641286,0.0032823199685662443,0.0026705555495513894,51.56333257483558,8.472473827036194e-05,0.00013107078972087794,-4.6346051450516e-05,118613953.8,0.06744571256168452,-2.0
2020-07-29 00:00:00,0.0031979999039322,0.0032619999255985,0.0031749999616295,0.0031920000910758,55817191.0,1595980800,0.0032179999896989856,0.0033176399767398277,0.0026828888827238207,51.42235234896633,7.518201902154478e-05,0.00011989303558101132,-4.471101655946654e-05,95839037.0,0.042796493012210446,-2.0
2020-07-30 00:00:00,0.0031920000910758,0.0032440000213682,0.0031630001030862,0.0032309999223798,53506822.0,1596067200,0.003208857129460943,0.0033545199781655714,0.002695212114809236,52.51300445190355,6.995985208992387e-05,0.00010990639888279383,-3.994654679286996e-05,87243134.65,-0.06968038780883368,-2.0
2020-07-31 00:00:00,0.0032289999071508,0.0032399999909102,0.0031810000073164,0.0032250001095235,54497306.0,1596153600,0.003209571420614157,0.00337887998670334,0.0027071111059436674,52.31839504344173,6.459252994026055e-05,0.00010084362509428719,-3.625109515402664e-05,82203031.5,-0.0464221770436839,-2.0
2020-08-01 00:00:00,0.0032250001095235,0.0037970000412315,0.0032029999420046,0.0036889999173581,150687884.0,1596240000,0.003274571416633415,0.003402839982882084,0.002723131307654708,63.56419027277474,9.666549549140063e-05,0.00010000799917370988,-3.3425036823092494e-06,85359323.55,0.1389317494236364,-2.0
2020-08-02 00:00:00,0.0036959999706596,0.0037360000424087,0.0032659999560564,0.0033360000234097,101249531.0,1596326400,0.003288999998143686,0.0033462799899279523,0.002735191913829557,53.27057071153637,9.253275051716381e-05,9.851294944240067e-05,-5.9801989252368585e-06,83262947.35,0.009379728601910386,-2.0
2020-08-03 00:00:00,0.0033360000234097,0.0034409998916089,0.0033080000430345,0.0033889999613165,66931510.0,1596412800,0.003322714274483014,0.0033059599809348,0.0027450909038459494,54.46292734486394,9.246825590578664e-05,9.730401073507788e-05,-4.835754829291239e-06,81448852.4,0.031659012905823625,-2.0
2020-08-04 00:00:00,0.0033889999613165,0.0035610001068562,0.0033760000951588,0.0035349999088793,74386428.0,1596499200,0.003370999990563243,0.003306759977713168,0.0027570100948025858,57.66737318375708,0.00010301067610523577,9.844534380910947e-05,4.565332296126292e-06,81698182.45,0.07283762334104682,-2.0
2020-08-05 00:00:00,0.0035429999697953,0.0035769999958574,0.003484999993816,0.0035129999741911,66465690.0,1596585600,0.0034168571167225714,0.0032948399800806637,0.0027688686792371325,57.01628454779892,0.0001083415156469961,0.00010042457817668681,7.91693747030929e-06,81098574.75,0.090993756595809,-2.0
2020-08-06 00:00:00,0.0035170000046491,0.0036359999794512,0.0034610000438988,0.0035600000992417,62944678.0,1596672000,0.003463857141988557,0.00329203998669976,0.0027794040330318265,58.10456042531819,0.0001150327359114205,0.00010334620972363356,1.1686526187786942e-05,80510540.1,0.100804007278946,-2.0
2020-08-07 00:00:00,0.0035629998892545,0.0036110000219196,0.0034250000026077,0.0035329998936504,68990009.0,1596758400,0.003507857111149543,0.0033062399830668604,0.00279041413321258,57.20847754229662,0.00011681036802684702,0.00010603904138427626,1.0771326642570762e-05,73755998.0,0.09211744827111645,-2.0
2020-08-08 00:00:00,0.0035339999012649,0.0035359999164938,0.0034529999829828,0.0035099999513477,62509900.0,1596844800,0.0034822856874337713,0.003314879983663504,0.0028006767600096925,56.41040650581705,0.00011503717422388241,0.00010783866795219749,7.198506271684915e-06,71044184.85,0.1132254745816903,-2.0
2020-08-09 00:00:00,0.0035079999361187,0.0035329998936504,0.0034300000406801,0.0034630000591278,57020040.0,1596931200,0.0035004285496792143,0.0033299999870359358,0.002809909082986739,54.730198755784365,0.00010858767571998457,0.00010798846950575491,5.992062142296645e-07,69843255.65,0.08320305643940706,-2.0
2020-08-10 00:00:00,0.0034680000972002,0.0035570000763982,0.0034539999905973,0.0034990001004189,68038181.0,1597017600,0.0035161428552652717,0.003350159991532512,0.0028198989827862685,55.81577862347129,0.00010516898160231776,0.00010742457192506748,-2.2555903227497193e-06,69357755.25,0.09617794504499266,-2.0
2020-08-11 00:00:00,0.0034950000699609,0.0035709999501705,0.0033460000995546,0.003393999999389,78539442.0,1597104000,0.0034960000110523712,0.00336347999051208,0.0028291212046763,51.90608381173485,9.291593420173404e-05,0.00010452284438040079,-1.1606910178666753e-05,70562565.45,0.05044880251471562,-2.0
2020-08-12 00:00:00,0.0033970000222325,0.0035339999012649,0.0033410000614821,0.0034839999862015,70865885.0,1597190400,0.0034918571556252853,0.0033639199938624597,0.0028392222140811705,54.82689337196748,8.943658337205469e-05,0.00010150559217873157,-1.2069008806676887e-05,71169003.95,0.08031003655260882,-2.0
2020-08-13 00:00:00,0.003482999978587,0.0035490000154823,0.0033650000113993,0.0035170000046491,73302994.0,1597276800,0.0034857142849691997,0.0033693199977278205,0.0028492020127936844,55.884824821074325,8.832385603553842e-05,9.886924495009294e-05,-1.054538891455452e-05,71888642.9,-0.046625079035561234,-2.0
2020-08-14 00:00:00,0.0035139999818056,0.0035790000110864,0.0034759999252855,0.0035610001068562,61334640.0,1597363200,0.0034897143154271715,0.0033822000026702405,0.0028582626196432988,57.32006794294071,8.995550110709035e-05,9.708649618149243e-05,-7.130995074402076e-06,71795205.1,0.0674460677061175,-2.0
2020-08-15 00:00:00,0.0035629998892545,0.0036069999914616,0.0035000001080334,0.0035389999393373,64309678.0,1597449600,0.0034938571708542573,0.0033915599994360918,0.0028674949426203454,56.33320037474768,8.845372247381173e-05,9.53599414399563e-05,-6.906218966144564e-06,71881077.35,0.04426083792651636,-2.0
2020-08-16 00:00:00,0.0035399999469518,0.0035520000383257,0.0034690001048147,0.0035240000579506,52637926.0,1597536000,0.0035025714564003714,0.003401119997724844,0.002876696962336347,55.6299541606085,8.507252391861406e-05,9.330245793568785e-05,-8.229934017073786e-06,70356033.25,-0.0031116976555134457,-2.0
2020-08-17 00:00:00,0.0035240000579506,0.0037179999053478,0.0035000001080334,0.0035910001024603,77628715.0,1597622400,0.003515714313834857,0.003412960004061412,0.002888131305819909,58.14345101602016,8.679868217478966e-05,9.200170278350822e-05,-5.2030206087185594e-06,71083222.5,0.022203281765511562,-2.0
2020-08-18 00:00:00,0.0035929998848587,0.003709000069648,0.003482999978587,0.0035139999818056,62570291.0,1597708800,0.0035328571684658003,0.0034247200004755957,0.002899252517957828,54.33401023342641,8.101946682840047e-05,8.980525559248667e-05,-8.785788764086196e-06,71420877.5,-0.012921380942067406,-2.0
2020-08-19 00:00:00,0.0035079999361187,0.0035379999317228,0.0033680000342428,0.0034239999949932,53306857.0,1597795200,0.0035242857411503284,0.0034323200024663925,0.0029089595896727594,50.19447079061736,6.838880666225344e-05,8.552196580644003e-05,-1.7133159144186585e-05,71410879.25,-0.03085193941078168,-2.0
2020-08-20 00:00:00,0.0034239999949932,0.0034990001004189,0.003389999968931,0.0034590000286698,43536656.0,1597881600,0.003516000030296143,0.0034412800054996716,0.002918434336386344,51.73449593166363,6.050565615115747e-05,8.051870387538352e-05,-2.0013047724226046e-05,70862846.75,-0.014529892702225933,-2.0
2020-08-21 00:00:00,0.0034570000134408,0.0035540000535547,0.0033889999613165,0.0033929999917745,60621268.0,1597968000,0.0034920000138559,0.0034508800040930045,0.0029267070631524314,48.67787050006883,4.837491527302524e-05,7.408994615491187e-05,-2.5715030881886627e-05,66359515.95,-0.020213706658419817,-2.0
2020-08-22 00:00:00,0.00339199998416,0.0034469999372959,0.0033539999276399,0.0034419998992234,44884852.0,1598054400,0.0034781428652682,0.0034606800042092318,0.002936161607691985,50.992901218374286,4.222831699949442e-05,6.771762032382839e-05,-2.5489303324333965e-05,63541282.0,-0.0162904257100982,-2.0
2020-08-23 00:00:00,0.0034380001015961,0.0034529999829828,0.003387999953702,0.0034139999188482,39485548.0,1598140800,0.003462428559682143,0.003469559997320128,0.002945262616537835,49.61563531086945,3.469775505156097e-05,6.111364726937491e-05,-2.6415892217813937e-05,62168983.9,0.005892728185857399,-2.0
2020-08-24 00:00:00,0.0034099998883903,0.0034650000743567,0.0033859999384731,0.0034179999493062,46470522.0,1598227200,0.0034377142520886994,0.003477039998397184,0.0029541515049081937,49.824129160841075,2.8721416866194123e-05,5.463520118873875e-05,-2.591378432254463e-05,60773188.6,-0.01894375348929256,-2.0
2020-08-25 00:00:00,0.0034179999493062,0.0034340000711381,0.0032389999832957,0.003305000020191,76826314.0,1598313600,0.0034078571147151855,0.003480239994823884,0.002961848474418071,44.25303977722278,1.4697551670563112e-05,4.6647671285103624e-05,-3.195011961454051e-05,61291219.8,-0.06027864207502365,-2.0
2020-08-26 00:00:00,0.0033009999897331,0.0033450000919401,0.0032510000746697,0.003303000004962,80416711.0,1598400000,0.0033905714018535858,0.00346479999832804,0.002969575747188993,44.15892480570941,3.3831540583329628e-06,3.7994767839749494e-05,-3.461161378141653e-05,62164821.45,-0.07245158499081694,-2.0
2020-08-27 00:00:00,0.0032999999821186,0.0033140000887215,0.0031649998854845,0.0032029999420046,89847093.0,1598486400,0.0033539999609014143,0.003459479995071836,0.002976595948572509,39.62160561512074,-1.34971699371194e-05,2.7696380284375716e-05,-4.119355022149511e-05,63207675.65,-0.09494207490594586,-2.0
2020-08-28 00:00:00,0.0032029999420046,0.0032709999941289,0.0031820000149309,0.0032679999712854,64056957.0,1598572800,0.0033361428151172574,0.003454639995470592,0.002984505038557879,43.672920832283765,-2.1383493581388687e-05,1.7880405511222835e-05,-3.9263899092611526e-05,63285028.5,-0.07264474530516274,-2.0
2020-08-29 00:00:00,0.0032669999636709,0.0033009999897331,0.0032420000061392,0.0032820000778883,78149363.0,1598659200,0.003313285697783671,0.0034445200022309524,0.002992070696288385,44.536151674267494,-2.6201733020041803e-05,9.063977804969908e-06,-3.526571082501171e-05,64341494.65,-0.08604845885698931,-2.0
2020-08-30 00:00:00,0.0032840000931173,0.0033440000843256,0.0032740000169724,0.0032999999821186,79325829.0,1598745600,0.0032969999925365856,0.003436000002548052,0.0029997070592761715,45.68860724682594,-2.8242221894973253e-05,1.6027378649812759e-06,-2.984495975995453e-05,64905877.05,-0.06089926032869253,-2.0
2020-08-31 00:00:00,0.0033009999897331,0.0033080000430345,0.0032039999496191,0.0032210000790655,85369757.0,1598832000,0.0032688571539307714,0.0034224400017410037,0.003007414129873064,41.60280062889842,-3.5821033400708965e-05,-5.882016388156773e-06,-2.9939017012552194e-05,65247392.8,-0.059287358710438,-2.0
2020-09-01 00:00:00,0.003220000071451,0.0032810000702738,0.0031940001063048,0.0032560001127421,81863764.0,1598918400,0.0032618571671523574,0.0034113600105046714,0.0030146464540838957,43.99249680018897,-3.855860629965388e-05,-1.2417334370456195e-05,-2.6141271929197685e-05,65797286.75,-0.05868745713938772,-2.0
2020-09-02 00:00:00,0.0032579998951405,0.0032659999560564,0.0030650000553578,0.0031220000237226,56647412.0,1599004800,0.0032360000269753,0.003395840013399668,0.0030210706960371717,37.6415374895881,-5.0953479845400676e-05,-2.012456346544509e-05,-3.0828916379955584e-05,64964507.65,-0.07987031202737205,-2.0
2020-09-03 00:00:00,0.0031220000237226,0.0031340001150965,0.0027900000568479,0.0028019999153912,59904548.0,1599091200,0.0031787143088876715,0.003369400007650204,0.00302402018992733,27.45011836379544,-8.561097083963987e-05,-3.322184494028405e-05,-5.238912589935582e-05,64893003.05,-0.18593840864916933,-2.0
2020-09-04 00:00:00,0.0027989998925477,0.0029579999390989,0.0027530000079423,0.0028989999555051,53434717.0,1599177600,0.0031260000209190576,0.003345400001853652,0.0030278080693360906,33.341651564136626,-0.00010405075721248332,-4.738762739472391e-05,-5.666312981775941e-05,64349255.0,-0.15084943631657965,-2.0
2020-09-05 00:00:00,0.0028999999631196,0.0029339999891817,0.0027199999894946,0.0027580000460147,62295889.0,1599264000,0.003051142873508543,0.00331996000371868,0.0030300908985387274,29.58120758164071,-0.0001285599757008403,-6.362209705594719e-05,-6.493787864489312e-05,64832153.15,-0.19309535198368566,-2.0
2020-09-06 00:00:00,0.0027580000460147,0.0028140000067651,0.0027040001004934,0.0027870000340044,89557154.0,1599350400,0.002977857166635086,0.003292080005630796,0.0030318282737461983,31.297488199179497,-0.0001439838945549235,-7.969445655574246e-05,-6.428943799918104e-05,65428575.1,-0.15673221876611798,-2.0
2020-09-07 00:00:00,0.0027870000340044,0.0028319999109953,0.0027079998981207,0.0028109999839216,102610335.0,1599436800,0.0029192857244716712,0.003263840004801696,0.0030344141332074625,32.75810690168743,-0.0001525127934408825,-9.425812393277046e-05,-5.8254669508112024e-05,67430577.3,-0.14895550115085765,-2.0
2020-09-08 00:00:00,0.002820000052452,0.0028339999262243,0.0027000000700354,0.0027560000307857,57144396.0,1599523200,0.0028478571413350427,0.003231640001758876,0.003035515144636632,31.125015523545784,-0.0001618444022946728,-0.00010777537960515093,-5.4069022689521865e-05,67622454.25,-0.13955664043476212,-2.0
2020-09-09 00:00:00,0.0027580000460147,0.0028069999534636,0.0027040001004934,0.0027789999730885,77050464.0,1599609600,0.0027988571341015997,0.0032012400031089243,0.003037717165143148,32.637391249998714,-0.00016547635796742254,-0.00011931557527760525,-4.616078268981729e-05,69298144.65,-0.1496328037005955,-2.0
2020-09-10 00:00:00,0.0027920000720769,0.002858999883756,0.0027520000003278,0.0028049999382346,104276032.0,1599696000,0.0027992857087935146,0.003172479998320284,0.003039959587645899,34.391234411301625,-0.00016436206552880627,-0.00012832487332784545,-3.6037192200960816e-05,71480882.85,-0.14533824751174618,-2.0
2020-09-11 00:00:00,0.0028049999382346,0.0028250000905245,0.0027419999241828,0.0028059999458491,134077501.0,1599782400,0.002785999993128371,0.0031410799920558365,0.00304172726376259,34.46191185748354,-0.000161536199728406,-0.00013496713860795757,-2.6569061120448433e-05,75940515.3,-0.14969698149887622,-2.0
2020-09-12 00:00:00,0.0028019999153912,0.0028309999033808,0.0027809999883174,0.0028190000448375,117125272.0,1599868800,0.0027947142786744856,0.003113279994577112,0.003043979789704181,35.43564473974047,-0.000156444288999919,-0.00013926256868634988,-1.718172031356911e-05,79822501.5,-0.12480596844463021,-2.0
2020-09-13 00:00:00,0.0028190000448375,0.00282400008291,0.0027459999546408,0.002775999950245,124253232.0,1599955200,0.002793142838137429,0.0030873599927871836,0.0030458888810390838,33.654509998257424,-0.00015410226632828466,-0.00014223050821473684,-1.1871758113547818e-05,83711637.0,-0.14742019222255476,-2.0
2020-09-14 00:00:00,0.002775999950245,0.0028429999947547,0.0027419999241828,0.0028029999230057,128520946.0,1600041600,0.0027919999722923,0.00306111998856062,0.003047878778718283,35.83538428370903,-0.00014835735311656897,-0.00014345587719510327,-4.901475921465702e-06,86296368.6,-0.10217812245130342,-2.0
2020-09-15 00:00:00,0.0027989998925477,0.0028780000284314,0.0027850000187754,0.0028319999109953,100194174.0,1600128000,0.0028028570980365287,0.003038679985329452,0.0030503838294834262,38.18570600652441,-0.0001398522812949255,-0.00014273515801506773,2.882876720142235e-06,87285241.75,0.010706636870084107,-2.0
2020-09-16 00:00:00,0.0028309999033808,0.002858999883756,0.0027910000644624,0.002826000098139,148555505.0,1600214400,0.0028095714016151715,0.0030140399932860763,0.003052979790031705,37.876586000226496,-0.00013207362284434025,-0.00014060285098092224,8.529228136581985e-06,90220662.35,-0.025181048115394455,-2.0
2020-09-17 00:00:00,0.00282400008291,0.002858999883756,0.0027809999883174,0.0028140000067651,161305349.0,1600300800,0.0028108571256909567,0.0029900399968027518,0.003055303023582402,37.22747142627458,-0.00012543139205568226,-0.00013756855919587425,1.2137167140191996e-05,95083081.95,0.020304553957973814,-2.0
2020-09-18 00:00:00,0.0028140000067651,0.0028250000905245,0.0027489999774843,0.0028039999306201,147868185.0,1600387200,0.002810571409229672,0.002965479996055308,0.003058858577989815,36.6635885059207,-0.00011959567438319264,-0.00013397398223333792,1.4378307850145282e-05,98569023.05,0.006099711664256491,-2.0
2020-09-19 00:00:00,0.0027960001025348,0.0028140000067651,0.0027729999274015,0.0027940000873059,147046520.0,1600473600,0.0028069999867251574,0.002945039998739904,0.003061626254665526,36.075140621786765,-0.00011445832553798026,-0.00013007085089426638,1.5612525356286115e-05,101955057.6,-0.006047633124488083,-2.0
2020-09-20 00:00:00,0.0027940000873059,0.0028059999458491,0.0027220000047236,0.002777999965474,145951917.0,1600560000,0.0028072857031864427,0.0029240399971603836,0.0030641010021696257,35.10429958436751,-0.00011040533173942721,-0.00012613774706329855,1.573241532387134e-05,104984165.6,0.00798255966710859,-2.0
2020-09-21 00:00:00,0.002777999965474,0.0028019999153912,0.0026159998960793,0.0026300000026822,78753428.0,1600646400,0.002782571428854514,0.002901119999587488,0.0030653030221171225,27.683050100723705,-0.00011777799366709252,-0.00012446579638405737,6.687802716964851e-06,104828648.8,-0.053616398650304986,-2.0
2020-09-22 00:00:00,0.0026249999646097,0.0026720000896602,0.002604000037536,0.0026559999678283,36467574.0,1600732800,0.002757428579830657,0.002876639999449204,0.003067090900407843,30.464179191923805,-0.00012013802509543668,-0.00012360024212633322,3.4622170308965384e-06,103819656.9,-0.05311942020935545,-2.0
2020-09-23 00:00:00,0.0026479999069124,0.0026509999297559,0.0025400000158697,0.0025599999353289,79707709.0,1600819200,0.0027194285565720717,0.002847759993746828,0.003067828272704471,26.423497445874617,-0.00012827608051536876,-0.00012453540980414033,-3.7406707112284335e-06,104809814.95,-0.08766928555508569,-2.0
2020-09-24 00:00:00,0.0025569999124854,0.0026499999221414,0.0025359999854117,0.0026279999874532,111915974.0,1600905600,0.0026928571252418,0.002820879993960212,0.0030692727163885046,33.18384739732468,-0.000127765708603515,-0.00012518146956401528,-2.5842390394997296e-06,107733877.8,-0.06775454215904775,-2.0
2020-09-25 00:00:00,0.0026279999874532,0.0027209999971091,0.0026159998960793,0.0026980000548064,124575712.0,1600992000,0.002677714285839843,0.0027999599929898478,0.0030715555455911414,39.3605822167008,-0.00012032577414179593,-0.00012421033047957142,3.8845563377754955e-06,110847868.95,-0.028097945546330272,-2.0
2020-09-26 00:00:00,0.0026990000624209,0.0027530000079423,0.0026779999025166,0.0027159999590367,108180296.0,1601078400,0.0026665714103728147,0.002778359986841632,0.0030743939298759587,40.87418205851494,-0.00011168964197088866,-0.00012170619277783488,1.0016550806946217e-05,111779026.05,-0.031038161383789342,-2.0
2020-09-27 00:00:00,0.0026970000471919,0.0027340000960975,0.0026640000287443,0.0026920000091195,76293172.0,1601164800,0.0026542857023221715,0.002761159986257508,0.0030768686773800574,39.45989741092407,-0.00010556515103869084,-0.00011847798443000607,1.2912833391315228e-05,110463167.9,-0.04943499515386551,-2.0
2020-09-28 00:00:00,0.0027089999057352,0.0027399999089539,0.0026400000788271,0.0026519999373704,102662350.0,1601251200,0.0026574285501347714,0.0027551599871366763,0.0030789393837553775,37.15255746497667,-0.00010275462795739662,-0.00011533331313548419,1.2578685178087567e-05,112739065.6,-0.0615711800163008,-2.0
2020-09-29 00:00:00,0.0026620000135153,0.0027099999133497,0.0026360000483691,0.002684999955818,109463113.0,1601337600,0.0026615714055618716,0.002746599987149192,0.0030810706966527875,40.25630106133142,-9.674917816902525e-05,-0.00011161648614219242,1.486730797316717e-05,114359698.05,-0.04584223547866839,-2.0
2020-09-30 00:00:00,0.002682999940589,0.002684999955818,0.0026169999036937,0.0026300000026822,106684832.0,1601424000,0.0026715714151837712,0.0027414799854158923,0.0030825454435978675,36.97851562643467,-9.532895960299732e-05,-0.0001083589808343534,1.3030021231356085e-05,114480138.05,-0.06205418410956243,-2.0
2020-10-01 00:00:00,0.0026310000102967,0.0026819999329745,0.0025839998852461,0.0026159998960793,116194992.0,1601510400,0.0026698571164160715,0.002734639979898888,0.003084424229319901,36.171163780955595,-9.42467004600104e-05,-0.00010553652475948481,1.1289824299474415e-05,113586012.6,-0.0637080120488599,-2.0
2020-10-02 00:00:00,0.0026140001136809,0.0026279999874532,0.0025390000082552,0.0025830001104623,128239855.0,1601596800,0.002653428552938343,0.002725519984960516,0.0030861009980052818,34.27177269115924,-9.495720168825692e-05,-0.00010342066014523924,8.463458456982315e-06,114141741.75,-0.0701943331300322,-2.0
2020-10-03 00:00:00,0.0025830001104623,0.0026400000788271,0.0025740000419318,0.0025989999994635,116046378.0,1601683200,0.0026367142729993146,0.002719239983707628,0.003088525240074305,36.025843091992485,-9.315538442039714e-05,-0.00010136760500027082,8.212220579873684e-06,113731399.05,-0.011787073455165276,-2.0
2020-10-04 00:00:00,0.002606000052765,0.0026819999329745,0.0025899999309331,0.0026350000407546,92364518.0,1601769600,0.0026285714203757573,0.002713479986414272,0.0030917777665749155,39.91143886252875,-8.781030623665432e-05,-9.865614524754752e-05,1.08458390108932e-05,111923577.65,-0.007906599144604232,-2.0
2020-10-05 00:00:00,0.0026320000179111,0.0026620000135153,0.0025989999994635,0.0026120000984519,127881032.0,1601856000,0.0026228571576731143,0.0027057599928229643,0.003094666656294807,38.31048389824424,-8.445663290047086e-05,-9.58162427781322e-05,1.1359609877661337e-05,113307920.55,0.020312564233060826,-2.0
2020-10-06 00:00:00,0.0026120000984519,0.0026279999874532,0.0025740000419318,0.0026110000908374,105669881.0,1601942400,0.0026122857483901712,0.0026979599986224957,0.0030976767590588797,38.23866385165451,-8.09464149920773e-05,-9.284227722092123e-05,1.1895862228843927e-05,111163639.35,-0.006468758256073959,-2.0
2020-10-07 00:00:00,0.0025929999537765,0.0026120000984519,0.0025649999734014,0.0025949999690055,125523508.0,1602028800,0.0026072857435792142,0.0026889999955892157,0.0031004545368216044,37.042120198118134,-7.855014099354858e-05,-8.998384997544671e-05,1.143370898189813e-05,109374547.3,-0.038176458009112624,-2.0
2020-10-08 00:00:00,0.0025839998852461,0.0026310000102967,0.0025599999353289,0.00259599997662,109356096.0,1602115200,0.0026044286122278854,0.0026817999966442163,0.0031028989810646577,37.17444062819486,-7.569778735601112e-05,-8.712663745155959e-05,1.1428850095548466e-05,107448942.85,-0.044182615694611904,-2.0
2020-10-09 00:00:00,0.0026159998960793,0.0026670000515878,0.0025949999690055,0.0026529999449849,100051523.0,1602201600,0.0026144285885882574,0.002675799997523384,0.0031058484749548164,44.353545526931306,-6.805337848431832e-05,-8.331198565811134e-05,1.5258607173793023e-05,105099193.0,-0.0144873937602088,-2.0
2020-10-10 00:00:00,0.0026539999525994,0.0027159999590367,0.0026539999525994,0.0026549999602138,96632426.0,1602288000,0.002622428582981157,0.002668719999492124,0.0031092727175828574,44.59279091863681,-6.112908680323045e-05,-7.887540588713516e-05,1.7746319083904714e-05,102633218.45,0.0011312303598220996,-2.0
2020-10-11 00:00:00,0.0026670000515878,0.0027060001157224,0.0026489999145269,0.0026740001048892,107632465.0,1602374400,0.0026280000207146714,0.002662639999762132,0.003112959588473292,46.92724844010737,-5.349176312681144e-05,-7.379867733507041e-05,2.0306914208258973e-05,104077170.3,-0.004096778811845003,-2.0
2020-10-12 00:00:00,0.0026740001048892,0.0027079998981207,0.0026289999950677,0.0026730000972747,101246789.0,1602460800,0.002636714306260786,0.0026570000033825157,0.003116636358276711,46.81544891069479,-4.697828492078145e-05,-6.843459885221263e-05,2.1456313931431177e-05,107316131.05,0.016349845835987198,-2.0
2020-10-13 00:00:00,0.0026670000515878,0.0026769998949021,0.0026269999798387,0.0026350000407546,76963142.0,1602547200,0.0026401428705346715,0.002650240007787896,0.003116828278929997,42.65665586117108,-4.4371110949902124e-05,-6.362190127175053e-05,1.9250790321848405e-05,107178902.7,0.007263052534434822,-2.0
2020-10-14 00:00:00,0.0026340000331401,0.0026529999449849,0.0026179999113082,0.0026370000559836,87293434.0,1602633600,0.0026461428829601145,0.0026439600065350038,0.0031122525217895337,42.943941309759715,-4.166325421997748e-05,-5.9230171861395924e-05,1.7566917641418446e-05,105947775.7,0.020905901359653978,-2.0
2020-10-15 00:00:00,0.0026499999221414,0.0026509999297559,0.0025690000038594,0.0025929999537765,83794207.0,1602720000,0.002645714308268186,0.002636560006067104,0.003090464644077549,38.38750255669225,-4.257689879031898e-05,-5.589951724718054e-05,1.3322618456861561e-05,103908700.45,-0.0023085978023235088,-2.0
2020-10-16 00:00:00,0.0025949999690055,0.0026159998960793,0.0025569999124854,0.0026120000984519,117882236.0,1602806400,0.0026398571873349,0.002635840009897892,0.003072434340161454,41.284602945049976,-4.129182930533723e-05,-5.297797965881188e-05,1.1686150353474648e-05,104393797.45,-0.008728630719912034,-2.0
2020-10-17 00:00:00,0.0026030000299215,0.0026120000984519,0.0025730000343173,0.0025810000952333,125692391.0,1602892800,0.0026292857780519717,0.0026328400149940923,0.00306299999779593,38.13398034467187,-4.228738105613349e-05,-5.0839859938276206e-05,8.552478882142717e-06,106863758.4,-0.011868300938033371,-2.0
2020-10-18 00:00:00,0.0025810000952333,0.0026010000146925,0.0025770000647753,0.0025859999004751,72298803.0,1602979200,0.0026167143202785285,0.0026338800135999397,0.0030506262602754386,38.943295482610026,-4.218661940506201e-05,-4.910921183163337e-05,6.922592426571361e-06,105345581.05,-0.009574948101316205,-2.0
2020-10-19 00:00:00,0.0025949999690055,0.0026189999189227,0.0025720000267028,0.0025899999309331,91049562.0,1603065600,0.0026048571536583,0.002632360011339136,0.0030401212097417906,39.62379247860172,-4.1307825147258656e-05,-4.754893449475843e-05,6.241109347499774e-06,104424903.5,-0.0019267969680617503,-2.0
2020-10-20 00:00:00,0.0025899999309331,0.0026229999493807,0.0025810000952333,0.0026010000146925,65577101.0,1603152000,0.002600000007078,0.00262848000973458,0.0030342929272187563,41.552972081319275,-3.927106712233548e-05,-4.589336102027384e-05,6.62229389793836e-06,102369516.95,0.0019260547448116672,-2.0
2020-10-21 00:00:00,0.002600000007078,0.0026569999754428,0.002593999961391,0.0026300000026822,45017115.0,1603238400,0.002598999999463514,0.0026250400114804003,0.0030275858571808837,46.41416999744946,-3.4914393649244316e-05,-4.3697567546067934e-05,8.783173896823618e-06,98810623.1,-0.008669409264850492,-2.0
2020-10-22 00:00:00,0.0026269999798387,0.002688999986276,0.0026239999569952,0.0026549999602138,44976453.0,1603324800,0.0026078571432402715,0.002623560009524172,0.003023242422689942,50.25525744923996,-2.910886205214529e-05,-4.077982644728341e-05,1.1670964395138117e-05,94647453.0,0.0,-2.0
2020-10-23 00:00:00,0.0026489999145269,0.002691000001505,0.0026370000559836,0.0026469998992979,46856082.0,1603411200,0.0026128571147897004,0.002623360008001272,0.003019727270278764,49.043748582889705,-2.4866825209508055e-05,-3.759722619972834e-05,1.2730400990220285e-05,91187938.2,-0.010097309099551643,-2.0
2020-10-24 00:00:00,0.0026469998992979,0.0026529999449849,0.0026239999569952,0.0026459998916834,44797614.0,1603497600,0.0026221427999968574,0.002621800005435888,0.003015535349741225,48.88510724515963,-2.1339682134416654e-05,-3.4345717386666006e-05,1.3006035252249352e-05,88809593.0,-0.010101086647482216,-2.0
2020-10-25 00:00:00,0.0026449998840689,0.0026759998872876,0.0026239999569952,0.0026529999449849,58532388.0,1603584000,0.0026317142349268287,0.0026227200031279955,0.003007252521888123,50.101853021261704,-1.7774654879060183e-05,-3.103150488514484e-05,1.325685000608466e-05,85342160.8,0.0068310830937008404,-2.0
2020-10-26 00:00:00,0.0026529999449849,0.0028929999098181,0.0026360000483691,0.002678999910131,122152251.0,1603670400,0.002644428517669386,0.0026252400036900644,0.0030001515118084857,54.43989008919739,-1.2704910893790184e-05,-2.7366186086873912e-05,1.4661275193083728e-05,86166279.3,0.015927134340440574,-2.0
2020-10-27 00:00:00,0.002678999910131,0.0027079998981207,0.0026300000026822,0.0026769998949021,78927089.0,1603756800,0.0026552856434136143,0.002628999995067656,0.0029944747432388533,54.050616701690956,-8.747649317963034e-06,-2.3642478733091738e-05,1.4894829415128704e-05,83836458.35,0.03239488724373518,-2.0
2020-10-28 00:00:00,0.0026769998949021,0.0026970000471919,0.0025750000495463,0.0025949999690055,72848720.0,1603843200,0.002650285638602657,0.0026288399938493357,0.0029873030255501117,41.08063272875874,-1.208884702303542e-05,-2.1331752391080475e-05,9.242905368045055e-06,82011089.55,-0.006508471977652586,-2.0
2020-10-29 00:00:00,0.0025949999690055,0.0026229999493807,0.0025180000811815,0.0025810000952333,58929515.0,1603929600,0.0026397142293197286,0.0026266799960284843,0.0029801919143834597,39.34474794314448,-1.5685628921680884e-05,-2.020252769720056e-05,4.516898775519675e-06,79954989.15,0.0,-2.0
2020-10-30 00:00:00,0.0025810000952333,0.0026070000603795,0.0025329999625682,0.002597999991849,63444097.0,1604016000,0.0026327142425413143,0.002626119991764368,0.002973151510825913,42.520895078468534,-1.696874972282377e-05,-1.9555772102325202e-05,2.5870223795014307e-06,78295572.7,0.004640406742357328,-2.0
2020-10-31 00:00:00,0.002597999991849,0.0026030000299215,0.0025559999048709,0.0025760000571608,56189318.0,1604102400,0.0026227142661809427,0.002624719990417304,0.002966646460176517,39.628859884277524,-1.9535648277503505e-05,-1.9551747337360863e-05,1.609905985735724e-08,75723415.35,-0.0054053568129850404,-2.0
2020-11-01 00:00:00,0.0025760000571608,0.0025899999309331,0.0025609999429434,0.0025820001028478,45528682.0,1604188800,0.0026125714315899285,0.002624199995770996,0.0029600606031828253,40.81124306699441,-2.084548654015519e-05,-1.981049517791973e-05,-1.0349913622354608e-06,72937510.0,-0.007304848803296293,-2.0
2020-11-02 00:00:00,0.0025820001028478,0.0025919999461621,0.002515000058338,0.002517000073567,50142376.0,1604275200,0.0025894285977950716,0.0026210399996488758,0.0029528080791497865,33.22057941902116,-2.681934521802168e-05,-2.121226518594012e-05,-5.607080032081557e-06,71596471.7,-0.04296575247146661,-2.0
2020-11-03 00:00:00,0.002517000073567,0.0025299999397248,0.0024520000442862,0.0025279999244958,62871653.0,1604361600,0.0025681428877370287,0.002616039998829312,0.0029464949468018535,35.40997046887689,-3.0316604276525803e-05,-2.303313300405726e-05,-7.283471272468544e-06,70375382.65,-0.04783428912284149,-2.0
2020-11-04 00:00:00,0.0025279999244958,0.0025579999200999,0.0024969999212771,0.0025329999625682,52552651.0,1604448000,0.002559285743960271,0.002611159998923488,0.00293978787676398,36.430211194295445,-3.2312270253606005e-05,-2.4888960453967012e-05,-7.4233097996389926e-06,68813304.85,-0.04306760146078514,-2.0
2020-11-05 00:00:00,0.0025329999625682,0.0026390000712126,0.0024959999136626,0.0026169999036937,31611963.0,1604534400,0.002564428573740329,0.002608879990875668,0.0029339797940631505,50.559248949082374,-2.6806745214200556e-05,-2.5272517406013722e-05,-1.534227808186834e-06,64499791.2,-0.010959935440983726,-2.0
2020-11-06 00:00:00,0.0026169999036937,0.0028009999077767,0.0026080000679939,0.0027600000612437,54267546.0,1604620800,0.0025875714407967145,0.0026123599894344283,0.0029292222197082403,64.87280413983376,-1.078038972105724e-05,-2.2374091869022426e-05,1.1593702147965186e-05,60928548.95,0.04033174462029976,-2.0
2020-11-07 00:00:00,0.0027600000612437,0.0028190000448375,0.0026120000984519,0.0026710000820457,44610219.0,1604707200,0.002601142872923128,0.002613799991086072,0.0029236262598347274,54.33032332055813,-5.200988290987151e-06,-1.893947115341537e-05,1.373848286242822e-05,59544119.75,-0.0029861248053976164,-2.0
2020-11-08 00:00:00,0.0026710000820457,0.0027419999241828,0.0026579999830573,0.0027109999209642,22754531.0,1604793600,0.002619571418368328,0.002616759985685296,0.0029137474719923644,57.660582600144224,2.4204784786750234e-06,-1.4667481226997292e-05,1.7087959705672314e-05,56129368.2,0.012700794694406659,-2.0
2020-11-09 00:00:00,0.0027109999209642,0.0027860000263899,0.0026630000211298,0.0026700000744313,28124348.0,1604880000,0.002641428561348943,0.0026198399905114885,0.0029070201997804614,53.365062051498484,5.093486298677827e-06,-1.071528772186227e-05,1.5808774020540097e-05,54256730.55,0.02890177507575964,-2.0
2020-11-10 00:00:00,0.0026700000744313,0.0028510000556707,0.0026549999602138,0.0027530000079423,39633173.0,1604966400,0.0026735714304127285,0.002625479986891104,0.002900595957827187,59.88087261968058,1.3750755083902829e-05,-5.8220791607092515e-06,1.957283424461208e-05,53987533.45,0.06664080060541511,-2.0
2020-11-11 00:00:00,0.0027530000079423,0.0028369999490678,0.0027530000079423,0.0027689998969435,33138759.0,1605052800,0.0027072857067520573,0.0026329999789595116,0.002892858583969249,61.01174792466858,2.1653156188275804e-05,-3.2703209091224066e-07,2.1980188279188047e-05,53395648.75,0.06581982510815898,-2.0
2020-11-12 00:00:00,0.0027689998969435,0.0027910000644624,0.0027469999622553,0.0027789999730885,24028261.0,1605139200,0.002730428573808457,0.002640719981864048,0.0028854444425439702,61.73769570883984,2.8395463342149006e-05,5.417466995700009e-06,2.2977996346448996e-05,52254257.7,0.07880431344067618,-2.0
2020-11-13 00:00:00,0.0027789999730885,0.0028359999414533,0.0027769999578595,0.0028210000600665,29217750.0,1605225600,0.0027391428593545714,0.002649959987029384,0.002877979795683615,64.70975745653456,3.670473698696563e-05,1.1674920993953133e-05,2.5029815993012496e-05,51475264.5,0.09256388369431012,-2.0
2020-11-14 00:00:00,0.0028210000600665,0.0028210000600665,0.0027209999971091,0.0027729999274015,30334380.0,1605312000,0.002753714265833971,0.0026568399835377437,0.0028703030283477675,59.06323726839251,3.8967493652938834e-05,1.7133435525750274e-05,2.183405812718856e-05,50065364.1,0.10170832195157886,-2.0
2020-11-15 00:00:00,0.0027729999274015,0.0028129999991506,0.0027389999013394,0.0027749999426305,25131683.0,1605398400,0.0027628571260720144,0.002662639981135676,0.0028628787858354728,59.22289979585185,4.045578007727752e-05,2.1797904436055727e-05,1.865787564122179e-05,45214335.7,0.09770570629426056,-2.0
2020-11-16 00:00:00,0.0027749999426305,0.0030090000946074,0.0027570000384002,0.0028860000893473,52063283.0,1605484800,0.0027937142710600144,0.0026718799863010164,0.002857050503312438,66.93154910057318,5.0015494477432566e-05,2.7441422444331093e-05,2.2574072033101473e-05,43871145.4,0.13936049427383113,-2.0
2020-11-17 00:00:00,0.0029080000240355,0.0029760000761598,0.0028860000893473,0.0029360000044107,46631464.0,1605571200,0.002819857127698357,0.0026834399905055284,0.002851363633655789,69.70934897954179,6.0923919274891505e-05,3.413792181044318e-05,2.6785997464448327e-05,42560282.6,0.12189534293324011,-2.0
2020-11-18 00:00:00,0.0029360000044107,0.0029990000184625,0.0028550000861287,0.00290900003165,49460064.0,1605657600,0.002839857146942143,0.0026939599961041923,0.0028464646440826678,66.46263948189281,6.662227228031083e-05,4.0634791904416714e-05,2.598748037589412e-05,42086810.05,0.0539854953260972,-2.0
2020-11-19 00:00:00,0.00290900003165,0.0029599999543279,0.0028679999522864,0.002911000046879,40330643.0,1605744000,0.0028587143003407857,0.002704280000179956,0.002840676765907693,66.58678337223955,7.048711106601158e-05,4.660525573673569e-05,2.388185532927589e-05,40931137.35,0.08985397134450324,-2.0
2020-11-20 00:00:00,0.002911000046879,0.0030110001098364,0.0029080000240355,0.0029839999042451,57656465.0,1605830400,0.0028819999923663,0.00271647999994452,0.0028352929265096725,70.83094763325946,7.853519718582476e-05,5.29912440265535e-05,2.554395315927126e-05,41004494.7,0.10070084516409894,-2.0
2020-11-21 00:00:00,0.0029839999042451,0.0035490000154823,0.0029839999042451,0.0035069999285042,162641694.0,1605916800,0.002986857135380972,0.002749680001288604,0.0028347474701626825,85.26836024622492,0.00012566648941790505,6.752629310482381e-05,5.814019631308124e-05,46860145.3,0.31348308267413727,-2.0
2020-11-22 00:00:00,0.0035069999285042,0.0036599999293684,0.0031810000073164,0.0033289999701082,121660410.0,1606003200,0.003065999996449214,0.002779040001332712,0.0028326262583522875,72.17485711714227,0.00014696119189956452,8.341327286377195e-05,6.354791903579257e-05,50436047.0,0.2092262842368915,-2.0
2020-11-23 00:00:00,0.0033289999701082,0.0036480000708252,0.0032319999299943,0.0036480000708252,101561039.0,1606089600,0.003174857136660343,0.002821720000356388,0.0028338787837348597,78.53598934153122,0.0001874176056743059,0.00010421413942587875,8.320346624842715e-05,52370516.3,0.31744319487045325,-2.0
2020-11-24 00:00:00,0.0036450000479817,0.0042039998807013,0.0035790000110864,0.0042039998807013,266716036.0,1606176000,0.003355999976130429,0.00288595999591048,0.002840070700686789,84.9808224701637,0.0002613316741697119,0.00013563764637464538,0.0001256940277950665,63078685.55,0.5127743509940004,-2.0
2020-11-25 00:00:00,0.0041999998502433,0.0042559998109936,0.0036420000251382,0.0037269999738782,174459927.0,1606262400,0.003472857110734457,0.002931999992579176,0.0028422222157582296,66.52564485884352,0.00027821214353868865,0.00016415254580745404,0.00011405959773123461,70221083.75,0.32116267086869277,-2.0
2020-11-26 00:00:00,0.0037269999738782,0.0037930000107735,0.0029800001066178,0.0032500000670552,175520294.0,1606348800,0.003521285685045343,0.002958719991147472,0.0028404646407285527,53.91607548827056,0.00025021579912635214,0.00018136519647123366,6.885060265511848e-05,76283721.15,0.17201592215715733,-2.0
2020-11-27 00:00:00,0.0032500000670552,0.0033549999352544,0.0030930000357329,0.0032750000245869,92323023.0,1606435200,0.003562857130808457,0.002989039989188268,0.0028386060548287254,54.40387877471393,0.0002274241777616504,0.00019057699272931702,3.6847185032333376e-05,78669361.35,0.18018021343900847,-2.0
2020-11-28 00:00:00,0.0032750000245869,0.0034700001124292,0.0032470000442117,0.0034050000831484,58033650.0,1606521600,0.003548285724329057,0.0030241199955343715,0.002838727267872906,56.95542061435388,0.00021734614087669983,0.0001959308223587936,2.141531851790622e-05,80433317.3,0.17983367211831158,-2.0
2020-11-29 00:00:00,0.0034050000831484,0.0035300001036375,0.0033579999580979,0.0034479999449104,46319972.0,1606608000,0.0035652857207293712,0.00306071999482806,0.0028387878743949967,57.796679399284606,0.00021040355233672243,0.00019882536835437938,1.157818398234305e-05,81343098.5,0.1743869004531784,-2.0
2020-11-30 00:00:00,0.0034479999449104,0.0035800000187009,0.0034139999188482,0.0035510000307112,68622736.0,1606694400,0.0035514285721416567,0.00309807999990876,0.0028401717139087653,59.82227034312588,0.00021078297212185487,0.0002012168891078745,9.56608301398037e-06,82792576.65,0.2206943939760131,-2.0
2020-12-01 00:00:00,0.0035510000307112,0.003571999957785,0.0032689999788999,0.0033350000157952,80163603.0,1606780800,0.003427285734297928,0.0031210799980908198,0.002839333330741987,53.97201728339235,0.00019144738276224245,0.0001992629878387481,-7.815605076505656e-06,85143818.85,0.14565440126694162,-2.0
2020-12-02 00:00:00,0.0033350000157952,0.0034360000863671,0.0032929999288171,0.0033740000799298,58705661.0,1606867200,0.0033768571780195857,0.0031491999980061843,0.0028400303010423793,54.83093019572306,0.00017722779641132086,0.00019485594955326264,-1.7628153141941783e-05,86877688.85,0.13069711400790518,-2.0
2020-12-03 00:00:00,0.0033750000875443,0.0035000001080334,0.0033519999124109,0.0034280000254511,47907032.0,1606953600,0.003402285743504714,0.00317788000218566,0.0028412929275119653,56.05374789722714,0.00016837509282855096,0.0001895597782083203,-2.1184685379769342e-05,87812152.95,-0.02252634863519798,-2.0
2020-12-04 00:00:00,0.0034290000330656,0.0034469999372959,0.0032850001007318,0.0032979999668896,45062222.0,1607040000,0.0034055714495479575,0.003202999997883992,0.0028422525237229257,52.37753594110452,0.00014915003443453966,0.0001814778294535642,-3.2327795019024535e-05,88548545.05,-0.009312106787910945,-2.0
2020-12-05 00:00:00,0.0032969999592751,0.0034139999188482,0.0032679999712854,0.0033970000222325,43386583.0,1607126400,0.003404428583702829,0.0032287599984556,0.0028435555545405725,54.80823803039925,0.000140285391567047,0.00017323934187626075,-3.295395030921376e-05,89461290.05,-0.0688048365459385,-2.0
2020-12-06 00:00:00,0.0033970000222325,0.0034419998992234,0.0033430000767111,0.003387999953702,40936574.0,1607212800,0.0033958571563873427,0.0032535200007259403,0.002844626260356872,54.535719535651495,0.0001310235104454438,0.00016479617559009738,-3.3772665144653577e-05,88904954.6,-0.19410084447080844,-2.0
2020-12-07 00:00:00,0.003387999953702,0.003400000045076,0.0033199999015778,0.0033420000690966,36923814.0,1607299200,0.0033660000190138288,0.003276040004566264,0.002845050503659681,53.08293672862465,0.00011860439899480596,0.0001555578202710391,-3.695342127623313e-05,88419572.1,-0.1033002166568252,-2.0
2020-12-08 00:00:00,0.0033430000767111,0.0033609999809414,0.0031379999127238,0.0031789999920874,52702701.0,1607385600,0.003343714301341286,0.0032903600018471,0.0028446262603568713,48.18465102502048,9.451985369234939e-05,0.00014335022695530117,-4.8830373262951775e-05,88581703.95,-0.0218461764624307,-2.0
2020-12-09 00:00:00,0.0031789999920874,0.0031820000149309,0.0030159999150782,0.0031580000650137,45746722.0,1607472000,0.0033128571563532717,0.003305760007351588,0.0028436363608848676,47.575552327936485,7.28978385042909e-05,0.00012925974926509913,-5.636191076080824e-05,88852507.9,-0.0357251782274286,-2.0
2020-12-10 00:00:00,0.0031580000650137,0.0031649998854845,0.0030660000629723,0.0031049998942762,33740988.0,1607558400,0.003266714280471143,0.0033189600054174162,0.0028434646424056113,45.995264346407865,5.089883476815582e-05,0.00011358756636571047,-6.268873159755465e-05,87656734.05,-0.0881057801898224,-2.0
2020-12-11 00:00:00,0.0031049998942762,0.0031099999323487,0.0030090000946074,0.00307899992913,41712942.0,1607644800,0.0032354285607911998,0.0033266799990087238,0.002846262622342367,45.20204973132591,3.100903308552545e-05,9.707185970967347e-05,-6.606282662414802e-05,81610296.45,-0.10701856777146468,-2.0
2020-12-12 00:00:00,0.00307899992913,0.0031840000301599,0.0030749998986721,0.0031630001030862,35466155.0,1607731200,0.0032020000009131576,0.003335760002955744,0.0028489292904997515,48.30394475565983,2.177334441232949e-05,8.201215665020468e-05,-6.0238812237875186e-05,77300583.7,-0.10926497444926542,-2.0
2020-12-13 00:00:00,0.0031640001107007,0.0032740000169724,0.0031530000269412,0.0032560001127421,37464323.0,1607817600,0.003183142880776029,0.003349640006199428,0.002853959594204069,51.572404779675225,2.1708080901181644e-05,6.995134150040007e-05,-4.8243260599218425e-05,74095747.9,-0.023688126740312176,-2.0
2020-12-14 00:00:00,0.0032560001127421,0.0032790000550448,0.0031989999115467,0.0032309999223798,36238516.0,1607904000,0.0031672857169593427,0.00336244000121946,0.0028584444415613963,50.64542345496104,1.9415245803418475e-05,5.9844122361003754e-05,-4.042887655758528e-05,62571871.9,-0.04238297396631219,-2.0
2020-12-15 00:00:00,0.0032299999147653,0.0032500000670552,0.0031779999844729,0.0032059999648481,37127782.0,1607990400,0.0031711428559251576,0.0033713200036435804,0.0028624343403586337,49.68370442382561,1.5403310059868176e-05,5.095595990077664e-05,-3.555264984090846e-05,55705264.65,-0.06476081066358408,-2.0
2020-12-16 00:00:00,0.0032049999572336,0.0034219999797642,0.0031860000453889,0.0034159999340772,50989880.0,1608076800,0.003207999980077086,0.0033676800038665,0.0028691010060484462,57.05994747371313,2.8836653560435337e-05,4.6532098632708386e-05,-1.769544507227305e-05,49478743.95,0.03577925056769726,-2.0
2020-12-17 00:00:00,0.0034159999340772,0.0041129998862743,0.0034060000907629,0.0037299999967217,172736659.0,1608163200,0.0032972857089978718,0.00338372000493104,0.0028787070668932265,65.26053352389678,6.408116809735907e-05,5.0041912525638525e-05,1.4039255571720544e-05,53499425.75,0.0980276633234618,-2.0
2020-12-18 00:00:00,0.0037299999967217,0.003969999961555,0.003618000075221,0.0038580000400543,101799430.0,1608249600,0.0034085714391299147,0.0033921200037002035,0.0028893434315580713,67.94776856503051,0.00010117495168304909,6.0268520357120646e-05,4.090643132592844e-05,55687714.75,0.13872493883559245,-2.0
2020-12-19 00:00:00,0.0038590000476688,0.0040179998613893,0.0038099999073892,0.0039269998669624,98447179.0,1608336000,0.0035177142625407998,0.0033810400031506482,0.002900666663084469,69.32525107819556,0.0001345883016339311,7.513247661248274e-05,5.9455825021448354e-05,58294075.1,0.1750448192013161,-2.0
2020-12-20 00:00:00,0.0039260000921785,0.0046780002303421,0.0038270000368356,0.0046250000596046,508066004.0,1608422400,0.003713285683521157,0.003416960006579704,0.0029189090874760554,79.10706661139228,0.0002149140093944393,0.00010308878316887406,0.00011182522622556524,80266238.5,0.45486004124451873,-2.0
2020-12-21 00:00:00,0.0046270000748336,0.0054060001857578,0.0043629999272525,0.0047869998961687,664160057.0,1608508800,0.003935571394062428,0.003478439999744244,0.002939222218242962,80.64939455483176,0.0002883211576005843,0.0001401352580552161,0.00014818589954536818,109466061.2,0.5158327414879054,-2.0
2020-12-22 00:00:00,0.0047840001061558,0.004842999856919,0.0043700002133846,0.0045079998672008,239288785.0,1608595200,0.004121571380112815,0.0035277599934487995,0.0029564444399014984,70.93703612014382,0.00032029175678914903,0.0001761665578020027,0.00014412519898714633,118495217.4,0.45185185851726106,-2.0
2020-12-23 00:00:00,0.0045079998672008,0.0047349999658763,0.0036400000099092,0.0037680000532418,205080908.0,1608681600,0.004171857111422043,0.003542279992252536,0.002965898986792877,52.78124225350124,0.0002826585743357208,0.0001974649611087463,8.519361322697447e-05,126353911.2,0.22377399804178721,-2.0
2020-12-24 00:00:00,0.0037680000532418,0.0045770001597702,0.0036969999782741,0.0045699998736381,143405580.0,1608768000,0.004291857093838671,0.003587159989401644,0.002983515146141353,63.6421811377725,0.0003139299005438718,0.00022075794899577143,9.317195154810037e-05,131271079.1,0.444830769742645,-2.0
2020-12-25 00:00:00,0.0045699998736381,0.0046129999682307,0.0043950001709163,0.004581999965012,136819917.0,1608854400,0.004395285654546914,0.003628399986773676,0.00300137373157819,63.77643875118334,0.00033580995086733307,0.00024376834937008378,9.204160149724929e-05,135942745.8,0.4072480977751516,-2.0
2020-12-26 00:00:00,0.0045810001902282,0.0046399999409914,0.0044229999184608,0.0044940002262592,151728507.0,1608940800,0.0044762857058750286,0.003674759995192236,0.0030184444416351507,61.969268842456614,0.0003421056242303073,0.0002634358043421285,7.86698198881788e-05,141482342.45,0.3909007533956035,-2.0
2020-12-27 00:00:00,0.004492999985814,0.0048050000332295,0.0044289999641478,0.0045480001717805,154526399.0,1609027200,0.004465285721900157,0.0037217199988662636,0.0030361616142056008,62.668326192577545,0.0003474471802203164,0.0002802380795177661,6.720910070255029e-05,147362471.7,0.41859021261592066,-2.0
2020-12-28 00:00:00,0.0045480001717805,0.0047160000540316,0.0045230002142488,0.004592000041157,99641525.0,1609113600,0.004437428599755628,0.0037682799994945,0.0030544848472933077,63.26090932212145,0.00035118260904912907,0.0002944269854240387,5.675562362509039e-05,149709412.9,0.34426233307217124,-2.0
2020-12-29 00:00:00,0.004592000041157,0.0046080001629889,0.0042779999785125,0.0044860001653432,90876497.0,1609200000,0.0044342857852045425,0.003815800007432644,0.003073232323683823,60.75872595954607,0.0003416513155133473,0.00030387185144190043,3.77794640714469e-05,151965901.65,0.20268101053242593,-2.0
2020-12-30 00:00:00,0.0044869999401271,0.0047030001878738,0.0044530001468956,0.0046359999105334,94834499.0,1609286400,0.004558285764817628,0.00386536000296468,0.0030932323231050865,62.989611041554234,0.0003422561071969154,0.00031154870259290343,3.070740460401196e-05,155020577.2,0.20165885495121705,-2.0
2020-12-31 00:00:00,0.0046359999105334,0.0047430000267922,0.0045529999770224,0.0046819997951388,85498337.0,1609372800,0.004574285753603443,0.003917119996622152,0.0031146666651233686,63.671683135717174,0.00034249909880131567,0.0003177387818345859,2.4760316966729746e-05,157209846.95,0.19225870989407645,-2.0
2021-01-01 00:00:00,0.0046810000203549,0.0056850002147257,0.0046149999834597,0.0056850002147257,228961515.0,1609459200,0.0047318572178482576,0.0040108400024473165,0.0031455454552978385,74.64431900439655,0.00041879778268860343,0.0003379505820053894,8.084720068321402e-05,166884614.95,0.22918921977521478,-2.0
2021-01-02 00:00:00,0.0056859999895095,0.0136980004608631,0.0055840001441538,0.0106149995699524,3421562680.0,1609545600,0.005606285695518715,0.004308279985561916,0.00322551514737002,90.24333930578905,0.0008670796313626702,0.0004437763918768456,0.00042330323948582465,336089532.8,1.217463923165774,-2.0
2021-01-03 00:00:00,0.010602000169456,0.0138670001178979,0.0094090001657605,0.0097709996625781,2707003608.0,1609632000,0.006352428479918371,0.004572799969464492,0.003296777770638115,81.05034232610595,0.0011410887266716085,0.0005832388588357982,0.0005578498678358103,469627787.4,1.1674800244937251,-2.0
2021-01-04 00:00:00,0.0097850002348423,0.0114209996536374,0.0078779999166727,0.0097669996321201,1372398979.0,1609718400,0.007091714135770242,0.0048392799589782485,0.0033682424132946867,81.00822346194468,0.0013424452664164734,0.0007350801403519332,0.0006073651260645401,536391347.25,1.5920911608578825,-2.0
2021-01-05 00:00:00,0.0097669996321201,0.0102190002799034,0.0089720003306865,0.0099200000986456,687256067.0,1609804800,0.00786799984052773,0.005112919965758872,0.0034416565563378707,81.40624183098275,0.0014971098830172877,0.0008874860888850042,0.0006096237941322835,568204656.6,1.1706784185857,-2.0
2021-01-06 00:00:00,0.0099229998886585,0.0108540002256631,0.0096850004047155,0.0104649998247623,749915516.0,1609891200,0.008700714113989,0.005404999954625916,0.0035202424135999345,82.78984196320283,0.0016447005450241897,0.0010389289801128413,0.0006057715649113483,597063599.45,1.2839371245466373,-2.0
2021-01-07 00:00:00,0.0104539999738335,0.0105320001021027,0.0091620003804564,0.0097420001402497,520644706.0,1609977600,0.0094235713061477,0.005664439955726219,0.003592080798827889,74.83428586726394,0.001683916039911507,0.0011679263920725746,0.0005159896478389324,618005863.25,1.1677791833043423,-2.0
2021-01-08 00:00:00,0.0097430003806948,0.0102850003167986,0.0089859999716281,0.0098460000008344,394462164.0,1610064000,0.01001799984702037,0.005929039958864404,0.0036651111029163247,75.20340358763356,0.0017037467892868285,0.0012750904715154254,0.0004286563177714031,632806612.5,1.164907570128737,-2.0
2021-01-09 00:00:00,0.0098329996690154,0.0107399998232722,0.0097399996593594,0.0101939998567104,485842353.0,1610150400,0.009957857030842942,0.006208559954538896,0.0037419898882319618,76.44823376621103,0.0017276284556275523,0.001365598068337851,0.00036203038728970134,631695429.95,1.2199476840905947,-2.0
2021-01-10 00:00:00,0.0101929996162652,0.0108669996261596,0.0091770002618432,0.009859999641776,458583519.0,1610236800,0.0099705713135855,0.006466319942846847,0.003815333318962391,72.67713258714278,0.0017000071975165152,0.0014324798941735839,0.00026752730334293133,621416603.05,1.1979490143468743,-2.0
2021-01-11 00:00:00,0.0098580000922083,0.0098580000922083,0.0067699998617172,0.0088349999859929,637956958.0,1610323200,0.0098374285069959,0.006670519942417697,0.0038779595810355047,62.489577428758814,0.0015772269549736992,0.0014614293063336071,0.00011579764864009211,641350011.7,0.9057377386740242,-2.0
2021-01-12 00:00:00,0.0088299997150897,0.0091450000181794,0.0079039996489882,0.0080629996955394,333308457.0,1610409600,0.009572142735123584,0.0068387199286371,0.003933020183026288,56.11001355487012,0.0014014734431450184,0.0014494381336958894,-4.796469055087099e-05,647761389.15,0.7221273063512315,-2.0
2021-01-13 00:00:00,0.0080620003864169,0.0086460001766681,0.0077869999222457,0.0086160004138946,240079033.0,1610496000,0.009307999962142486,0.007026279950514388,0.003993676751946057,59.31420956359606,0.0012919176328557817,0.0014179340335278678,-0.00012601640067208607,652595061.8,0.5155672978827355,-2.0
2021-01-14 00:00:00,0.0086190002039074,0.010029999539256,0.0083489995449781,0.0093970000743865,428369039.0,1610582400,0.009258714238447744,0.007217159951105664,0.004062383823717583,63.38031019374784,0.0012536625677070923,0.0013850797403637126,-0.00013141717265662033,667172517.9,-0.11474324492802235,-2.0
2021-01-15 00:00:00,0.0093890000134706,0.009796000085771,0.0084600001573562,0.0093689998611807,398965925.0,1610668800,0.009190571361354356,0.0074004399497061436,0.004130797963965671,63.1366905213886,0.001207170262417975,0.001349497844774565,-0.00014232758235659007,679534388.8,-0.04114213645273335,-2.0
2021-01-16 00:00:00,0.009367000311613,0.0095309996977448,0.0091399997472763,0.009265000000596,258630480.0,1610755200,0.009057857096195157,0.007590719955041953,0.004197585843315278,62.18066505866643,0.0011486914558636978,0.0013093365669923915,-0.00016064511112869376,684739592.85,-0.05139752743239656,-2.0
2021-01-17 00:00:00,0.0092630004510283,0.009367000311613,0.0088409995660185,0.0090669998899102,254487989.0,1610841600,0.008944571417357185,0.007802679948508688,0.004262353519372817,60.308335274920346,0.0010739893455358265,0.0012622671227010785,-0.000188277777165252,692481916.05,-0.08598792341260786,-2.0
2021-01-18 00:00:00,0.009069999679923,0.0092949997633695,0.008980999700725,0.0091709997504949,205025648.0,1610928000,0.008992571383714615,0.00798671994358296,0.004327979778419339,60.97306249542685,0.0010115191414733285,0.0012121175264555287,-0.00020059838498220016,698189373.6,-0.12365027194797795,-2.0
2021-01-19 00:00:00,0.00917199999094,0.009612999856472,0.0090199997648596,0.0090979998931288,249242632.0,1611014400,0.009140428554798814,0.00816735994070763,0.00439287876625625,60.21082091580241,0.0009452246152928997,0.001158738944223003,-0.00021351432893010336,705909780.25,-0.06610554689484871,-2.0
2021-01-20 00:00:00,0.0090960003435611,0.0091530000790953,0.0085289999842643,0.0090600000694394,220205442.0,1611100800,0.0092038570770195,0.008349999934434839,0.004457777756444984,59.791795395161245,0.0008794813439991882,0.0011028874241782402,-0.00022340608017905198,712645135.5,-0.07982936535937335,-2.0
2021-01-21 00:00:00,0.0090619996190071,0.0090889995917677,0.0080610001459717,0.0081660002470016,215419839.0,1611187200,0.009027999958821658,0.008494719937443683,0.004513626243222944,50.829446600995745,0.0007466342784435576,0.0010316367950313036,-0.000285002516587746,711968051.7,-0.19894051777662425,-2.0
2021-01-22 00:00:00,0.0081650000065565,0.0087689999490976,0.0076540000736713,0.0085239997133612,185490003.0,1611273600,0.0089072856519903,0.008651999924331853,0.004573535331703598,53.81490948629761,0.0006626015289179065,0.0009578297418086243,-0.0002952282128907178,550164417.85,-0.13549695506623327,-2.0
2021-01-23 00:00:00,0.0085199996829032,0.0088080000132322,0.0083879996091127,0.0085789998993277,154393737.0,1611360000,0.0088092856375234,0.008815719913691232,0.00463380805696497,54.274249087047814,0.0005936003692935087,0.0008849838673056011,-0.0002913834980120925,422533924.3,-0.028975674824116116,-2.0
2021-01-24 00:00:00,0.0085779996588826,0.0089509999379515,0.0085159996524453,0.0087270000949501,162191977.0,1611446400,0.008760714238243386,0.0089793599210679,0.004695888865042917,55.5552096701032,0.0005445812385343734,0.0008169033415513557,-0.0002723221030169823,362023574.2,0.08235153472448187,-2.0
2021-01-25 00:00:00,0.0087270000949501,0.0088790003210306,0.008275999687612,0.0083830002695322,180820875.0,1611532800,0.008648142883820143,0.009127399940043636,0.004754444424326322,51.91482771414508,0.000472528301142347,0.0007480283334695539,-0.0002755000323272069,336701814.6,-0.02704272669098895,-2.0
2021-01-26 00:00:00,0.008382000029087,0.0084560001268982,0.0080220000818371,0.0082550002261996,161173749.0,1611619200,0.008527714359973114,0.009230199940502592,0.004811666649531035,50.586535350976874,0.0004004808019950831,0.0006785188271746598,-0.0002780380251795767,307264726.25,-0.12152813016354669,-2.0
2021-01-27 00:00:00,0.0082550002261996,0.0082590002566576,0.0072940001264214,0.0074820001609623,204797186.0,1611705600,0.008302285801619243,0.009104879964142987,0.004860969681311537,43.369757317461584,0.00027780562450185897,0.0005983761866400997,-0.00032057056213824074,291472350.25,-0.20140887268415408,-2.0
2021-01-28 00:00:00,0.0074809999205172,0.0341770015656948,0.0073509998619556,0.0340839996933937,10971544561.0,1611792000,0.012004857151103828,0.010077399965375614,0.005178686849904583,90.99280894860213,0.002300623546437572,0.0009388256585995943,0.001361797887837978,820326470.1,2.6787911161577056,-2.0
2021-01-29 00:00:00,0.04373399913311,0.0779730007052421,0.0323409996926784,0.0471620000898838,25403310432.0,1611878400,0.017524571490607054,0.01157319998368616,0.005628252507780038,93.76762466890064,0.0049024937613899745,0.0017315592791576702,0.0031709344822323043,2066199874.05,4.201500017923888,-2.0
2021-01-30 00:00:00,0.0468030013144016,0.0499010011553764,0.0224879998713731,0.028176000341773,8735576553.0,1611964800,0.020324142982384958,0.012303439993411254,0.00588612119911817,63.28642087134484,0.005370574505319459,0.0024593623243900284,0.002911212180929431,2480049525.75,2.072293218659451,-2.0
2021-01-31 00:00:00,0.0281910002231597,0.0452889986336231,0.0271019991487264,0.0371959991753101,8548997882.0,1612051200,0.024391142851007814,0.013372679967433167,0.006235111090871975,68.52178601704082,0.006395645371126777,0.0032466189337373784,0.0031490264373893987,2875601571.95,3.0883710279445165,-2.0
2021-02-01 00:00:00,0.0370539985597133,0.0432499982416629,0.0333670005202293,0.034875001758337,6319224026.0,1612137600,0.028175714492265642,0.014378000032156661,0.00656058585666341,65.91700869349631,0.0069407279322015875,0.003985440733430221,0.0029552871987713666,3174897350.4,2.8493379129184637,-2.0
2021-02-02 00:00:00,0.034910000860691,0.0349260009825229,0.0291949994862079,0.0315200015902519,3090896595.0,1612224000,0.031499286115701686,0.01524496009573336,0.006851909105957561,62.23424441713286,0.0070210549631428525,0.004592563579372748,0.0024284913837701047,3317438228.5,2.859907009165895,-2.0
2021-02-03 00:00:00,0.0314930006861686,0.0391050018370151,0.0311459992080926,0.0371199995279312,3146856788.0,1612310400,0.035733286025268665,0.016322000082582194,0.0071998181931598754,65.68085988586513,0.007450700706479876,0.005164191004794173,0.0022865097016857025,3453362615.95,3.354763113113007,-2.0
2021-02-04 00:00:00,0.0372259989380836,0.0578689984977245,0.0359449982643127,0.0532889999449253,13040837601.0,1612396800,0.03847685748977319,0.018059160094708163,0.007711878798977247,73.2670201638679,0.008992244262797822,0.005929801656394904,0.0030624426064029178,4085456199.75,5.2115631857160105,-2.0
2021-02-05 00:00:00,0.0530430004000663,0.0537399984896183,0.0435400009155273,0.046934999525547,6136160058.0,1612483200,0.03844442883772507,0.019583160076290327,0.008159898995243041,66.99936554240028,0.009590658761925032,0.00666197307750093,0.002928685684424102,4379332678.65,4.378136703895082,-2.0
2021-02-06 00:00:00,0.0469309985637664,0.0583080016076564,0.0449040010571479,0.0575949996709823,5946101275.0,1612569600,0.04264714302761211,0.021564440075308045,0.008715424244527216,71.4170811900535,0.010800577155897887,0.007489693893180322,0.0033108832627175653,4663913342.95,5.87045184530291,-2.0
2021-02-07 00:00:00,0.0575020015239715,0.0843570008873939,0.0542390011250972,0.0787819996476173,14261024073.0,1612656000,0.04858800023794172,0.02437108004465695,0.009485181816147988,77.78296271429822,0.013315566469472594,0.008654868408438775,0.004660698061033818,5366713264.2,8.54354905982681,-2.0
2021-02-08 00:00:00,0.0783519968390464,0.0849450007081031,0.064701996743679,0.0788249969482421,12844375210.0,1612742400,0.054866570979356724,0.027148199919611177,0.010255313097414597,77.79377165628509,0.01513768532922373,0.009951431792595767,0.005186253536627963,5996469893.1,9.53528404871138,-2.0
2021-02-09 00:00:00,0.0787729993462562,0.0831279978156089,0.0656210035085678,0.0700699985027313,7348840814.0,1612828800,0.06037371339542522,0.0295762398652732,0.010937666616901107,70.29451766905086,0.01569435766153246,0.011100016966383106,0.004594340695149354,6352901661.7,1.0558032840351346,-2.0
2021-02-10 00:00:00,0.0701109990477562,0.0810910016298294,0.0685250014066696,0.0728960037231445,6785088422.0,1612915200,0.06548457113759855,0.03212148001417514,0.011648454534059174,71.2576738540496,0.016177080188342553,0.012115429610774995,0.004061650577567558,6681385090.85,0.5456512358300221,-2.0
2021-02-11 00:00:00,0.072843998670578,0.0743009969592094,0.068290002644062,0.0696759968996048,3818556739.0,1613001600,0.06782557070255275,0.034545839894562926,0.012326666624332272,68.53110566377714,0.016114060766861907,0.012915155841992378,0.003198904924869529,6863038427.65,1.4728845845556364,-2.0
2021-02-12 00:00:00,0.0696500018239021,0.0726099982857704,0.0614450015127658,0.0700690001249313,4190843784.0,1613088000,0.07113042793103622,0.036981759909540377,0.013007999959900327,68.68858061543604,0.01591240124074942,0.013514604921743787,0.0023977963190056333,7064860930.0,0.883777870697491,-2.0
2021-02-13 00:00:00,0.0700249969959259,0.0716459974646568,0.0661349967122078,0.0664499998092651,2618049766.0,1613174400,0.07239542795079092,0.039275839906185835,0.013651333290688421,65.44102011918817,0.015284372797779083,0.013868558496950848,0.0014158143008282352,7187653819.45,0.9053762425511556,-2.0
2021-02-14 00:00:00,0.0664480030536651,0.0664480030536651,0.0567229986190795,0.0625369995832443,3984667628.0,1613260800,0.07007471365588049,0.041414919886738025,0.014256040356357094,62.02630443341022,0.01430599866861515,0.01395604653128371,0.0003499521373314402,7377846157.1,0.9840417648514628,-2.0
2021-02-15 00:00:00,0.0625680014491081,0.0639239996671676,0.0485469996929168,0.0565910004079341,4944804938.0,1613347200,0.06689842843583649,0.04335191989317533,0.014800282785518407,57.14658940750397,0.012902110186839566,0.013745259262394881,-0.0008431490755553151,7617027716.55,0.5245420562398393,-2.0
2021-02-16 00:00:00,0.056487999856472,0.0596680007874965,0.0509830005466938,0.0535200014710426,3409478696.0,1613433600,0.06453414314559523,0.045151759963482585,0.015313919163261957,54.75080059519683,0.011410184991772314,0.013278244408270369,-0.0018680594164980548,7777261792.05,0.004334881989829675,-2.0
2021-02-17 00:00:00,0.0535219982266426,0.0549830012023448,0.0480340011417865,0.0493759997189044,2976148723.0,1613520000,0.06117414257356094,0.04678363995626565,0.015784858554281776,51.60674899385218,0.009780691494135706,0.012578733825443437,-0.002798042331307732,7377492000.15,0.05200810094881847,-2.0
2021-02-18 00:00:00,0.0493629984557628,0.0617990009486675,0.048989001661539,0.0595409981906414,4551943638.0,1613606400,0.0597262856151376,0.0488161998800933,0.016358313082500943,57.98084469321755,0.009203444996648595,0.011903676059684471,-0.002700231063035876,6334923660.45,0.03378762966882243,-2.0
2021-02-19 00:00:00,0.0594340004026889,0.0594969987869262,0.0543150007724761,0.0551390014588832,2949251418.0,1613692800,0.05759342866284501,0.050686439927667346,0.01688720198639786,54.62536063580017,0.008295147346264603,0.011181970317000498,-0.002886822970735895,6045607403.7,-0.3001066016918391,-2.0
2021-02-20 00:00:00,0.0551320016384124,0.0602860003709793,0.0516280010342597,0.0543840005993843,3175468554.0,1613779200,0.0558697144900049,0.05253159994259473,0.0174080403756839,54.047624324178784,0.007428758550519235,0.010431327963704247,-0.0030025694131850123,5776930937.3,-0.31006656891983386,-2.0
2021-02-21 00:00:00,0.0543689988553524,0.0584280006587505,0.0535559989511966,0.0559800006449222,2450293068.0,1613865600,0.05493300035595889,0.054471519961953124,0.017945484827376026,55.12801485047572,0.006792621935826949,0.009703586758128787,-0.002910964822301838,5583484389.4,-0.2010846033807161,-2.0
2021-02-22 00:00:00,0.0560440011322498,0.0604659989476203,0.0470959991216659,0.0537250004708766,3366757324.0,1613952000,0.054523571793522095,0.05525715999305244,0.018460131297358313,53.223964693039164,0.006036929452473777,0.008970255296997786,-0.0029333258445240085,5597277425.85,-0.2629911418063252,-2.0
2021-02-23 00:00:00,0.0536979995667934,0.0537680014967918,0.0424100011587142,0.0473919995129108,2394345361.0,1614038400,0.053648142942360415,0.05526635996997352,0.018909686847091278,48.18999528601241,0.00487086911755908,0.008150378061110044,-0.0032795089435509635,5559651854.5,-0.3198231583080571,-2.0
2021-02-24 00:00:00,0.0474140010774135,0.0598729997873306,0.0462159998714923,0.0565549992024898,4148511571.0,1614124800,0.05467371429715833,0.056401519924402205,0.019451292899597128,54.844647829444035,0.004632732145298218,0.00744684887794768,-0.0028141167326494613,5115035553.0,-0.19286704389025633,-2.0
2021-02-25 00:00:00,0.0566149987280368,0.0578080005943775,0.0498690009117126,0.0501670017838478,2356982022.0,1614211200,0.053334571953330676,0.056920360028743705,0.01992864645264963,50.02099723073185,0.003883779086395339,0.006734234919637212,-0.002850455833241873,4926076651.2,-0.24504135548766337,-2.0
2021-02-26 00:00:00,0.0501380003988742,0.052471999078989,0.0487079992890358,0.0504800006747245,1694323466.0,1614297600,0.052669000412736575,0.0575445599853992,0.020409141408486455,50.25187443871322,0.003277701483548265,0.0060429282324194235,-0.0027652267488711586,4713487760.75,-0.19279784749619255,-2.0
2021-02-27 00:00:00,0.050500001758337,0.0519200004637241,0.0492970012128353,0.0500830002129077,1286229526.0,1614384000,0.052054571786097056,0.058287079930305435,0.02088488888635173,49.936775552254275,0.0027338320828416834,0.005381109002503876,-0.0026472769196621924,4064748033.4,-0.11500062109016851,-2.0
2021-02-28 00:00:00,0.0500969998538494,0.0501339994370937,0.0450880005955696,0.0480520017445087,1408101260.0,1614470400,0.05092200051460941,0.05872436001896854,0.021334838399644705,48.26926513097749,0.002114551824605647,0.00472779756692423,-0.0026132457423185835,3492934335.9,-0.10216740613305852,-2.0
2021-03-01 00:00:00,0.0480699986219406,0.0514790005981922,0.048029001802206,0.0505990013480186,1494427207.0,1614556800,0.05047542921134398,0.05861676007509227,0.02181231316103774,50.50152053717473,0.001808442737953067,0.004143926601129998,-0.002335483863176931,3200213655.55,0.02476915173518912,-2.0
2021-03-02 00:00:00,0.050595998764038,0.0523819997906684,0.0492990016937255,0.0502620004117488,1346282318.0,1614643200,0.05088542933974942,0.05874984011054034,0.022283161649329895,50.192900272029405,0.00152112138183675,0.0036193655572713487,-0.0020982441754345987,2928273350.35,-0.15584216020669706,-2.0
2021-03-03 00:00:00,0.0502780005335807,0.0521260015666484,0.0500780008733272,0.0505920015275478,1093877445.0,1614729600,0.05003357252904341,0.058469720184802954,0.022751727322530366,50.511826615851994,0.0013050022159764654,0.003156492889012372,-0.0018514906730359064,2792039385.65,-0.08246431402509291,-2.0
2021-03-04 00:00:00,0.050586998462677,0.0510869994759559,0.0478789992630481,0.0500480011105537,1170617084.0,1614816000,0.05001657243285854,0.05732036024332042,0.023219616222900828,49.9440837333911,0.001077410218394359,0.0027406763548887695,-0.0016632661364944104,2641028050.65,-0.07972932187853221,-2.0
2021-03-05 00:00:00,0.0500280000269413,0.0508540011942386,0.0481470003724098,0.049609001725912,1173113591.0,1614902400,0.049892144011599616,0.056151720434427205,0.023687888966929686,49.460946608356316,0.0008517993267173687,0.0023629009492544895,-0.0015111016225371207,2568781241.9,-0.11380848241537311,-2.0
2021-03-06 00:00:00,0.049600999802351,0.0523970015347003,0.0493829995393753,0.0509839989244937,1480482384.0,1614988800,0.050020858113254754,0.055388280451297706,0.024169798046726722,51.05789752447715,0.0007750179279773298,0.002045324344999058,-0.001270306417021728,2443571979.7,-0.05101910697736978,-2.0
2021-03-07 00:00:00,0.0509800016880035,0.05214099958539,0.0505720004439353,0.0521220006048679,945455832.0,1615075200,0.050602286521877496,0.05455732032656664,0.024661888961087525,52.39853260311867,0.0007968102091313323,0.0017956215178255128,-0.0009988113086941805,2243604524.4,0.09980589847593424,-2.0
2021-03-08 00:00:00,0.0521229989826679,0.061948999762535,0.0516720004379749,0.061948999762535,3554150800.0,1615161600,0.05222371486680842,0.054248240441083846,0.02525280815116454,62.06256930610937,0.00158872363618405,0.0017542419414972204,-0.00016551830531317028,2250838129.6,0.09537619372484629,-2.0
2021-03-09 00:00:00,0.0621040016412735,0.0622680000960826,0.0560510009527206,0.0579980015754699,2466159943.0,1615248000,0.053328857890197146,0.053765400499105394,0.02580277786373786,57.04783431788463,0.001875884173668213,0.001778570387931419,9.731378573679412e-05,2225338690.6,0.1560986208696138,-2.0
2021-03-10 00:00:00,0.0579640008509159,0.0586160011589527,0.0546920001506805,0.0560039989650249,1534489620.0,1615334400,0.0541020003812653,0.05334756046533579,0.02633478795413412,54.647921527375395,0.001920424168030073,0.0018069411439511497,0.00011348302407892326,2074465989.7,0.10942944168909818,-2.0
2021-03-11 00:00:00,0.0559770017862319,0.0566979981958866,0.054501999169588,0.0559180006384849,1233383425.0,1615420800,0.054940571742398324,0.053082800507545415,0.026865535434523566,54.541352460700296,0.0019265747339396733,0.0018308678619488544,9.570687199081883e-05,1988672590.05,0.11650660704774163,-2.0
2021-03-12 00:00:00,0.0559209994971752,0.0569799989461898,0.0545129999518394,0.0553489997982978,1287767221.0,1615507200,0.055760571467024865,0.05303312048315996,0.027389989977683635,53.793875284770834,0.001864047905347485,0.0018375038706285806,2.654403471890449e-05,1894287523.4,0.15185627630222465,-2.0
2021-03-13 00:00:00,0.0553530007600784,0.0624319985508918,0.0547560006380081,0.0624319985508918,1869833076.0,1615593600,0.05739599998508175,0.05338960036635393,0.027987303094693754,60.965388952745954,0.0023588424796733773,0.0019417715924375401,0.00041707088723583717,1865264523.8,0.2338583151372131,-2.0
2021-03-14 00:00:00,0.0623839981853961,0.0630519986152648,0.0585919991135597,0.0585919991135597,2752132530.0,1615680000,0.05832028548632342,0.05375824034214014,0.028544828338040493,55.89990404582994,0.00241329590923358,0.0020360764557967484,0.00037721945343683174,1834533284.1,0.1657315394049408,-2.0
2021-03-15 00:00:00,0.0585310012102127,0.059689000248909,0.0551409982144832,0.0570879988372325,1738710876.0,1615766400,0.05762585678270878,0.053660120368003786,0.02908725256918727,54.0071660336759,0.0023084796749172284,0.0020905570996208444,0.00021792257529638405,1801751559.85,0.12839968994204676,-2.0
2021-03-16 00:00:00,0.0570859983563423,0.0589210018515586,0.0554930008947849,0.0586070008575916,1393771913.0,1615852800,0.057712856680154745,0.05379884034395212,0.02964548490038419,55.640812738671215,0.0023212251832744543,0.0021366907163515663,0.00018453446692288803,1664014576.95,0.1710158159589925,-2.0
2021-03-17 00:00:00,0.0586099997162818,0.0588660016655921,0.0564710013568401,0.0576529987156391,861926643.0,1615939200,0.05794842807309963,0.05392960026860231,0.030195727311733197,54.33546259559112,0.002228655536808559,0.002155083680442965,7.357185636559403e-05,1589261808.0,0.16214793101804204,-2.0
2021-03-18 00:00:00,0.0576400011777877,0.0588279999792575,0.0541430003941059,0.0573830008506774,909777445.0,1616025600,0.058157713817698554,0.053985720276832516,0.030743454592396465,53.94970164180743,0.002109193385400339,0.00214590562143444,-3.671223603410106e-05,1550034506.95,0.1255100043380375,-2.0
2021-03-19 00:00:00,0.0573769994080066,0.0597210004925727,0.0566040016710758,0.0583279989659786,964747809.0,1616112000,0.05858328512736725,0.0541698402166366,0.0313012626638278,55.149901564068095,0.0020669457559119447,0.0021301136483299413,-6.316789241799653e-05,1533960421.1,0.1190667719790306,-2.0
2021-03-20 00:00:00,0.0583150014281272,0.0606390014290809,0.0581200011074543,0.0589610002934932,1012934488.0,1616198400,0.058087428233453156,0.054632600247859896,0.03186572731397289,55.97756462418704,0.0020607866563035412,0.0021162482499246615,-5.546159362112028e-05,1514202082.5,-0.04823321571769512,-2.0
2021-03-21 00:00:00,0.0589700005948543,0.0595210008323192,0.0567979998886585,0.0572340004146099,759592996.0,1616284800,0.05789342841931748,0.054659760296344694,0.032411899034291314,53.09854162252816,0.0018947100305877068,0.0020719406060572708,-0.00017723057546956394,1477460371.95,-0.013172887687618706,-2.0
2021-03-22 00:00:00,0.0572590008378028,0.0577320009469985,0.0549089983105659,0.0549620017409324,696918565.0,1616371200,0.05758971454841745,0.05485156029462808,0.0329341818790205,49.492188549770425,0.0015617588195986076,0.0019699042487655383,-0.0004081454291669307,1444992184.3,-0.018605764648042977,-2.0
2021-03-23 00:00:00,0.0549409985542297,0.0560810007154941,0.0529399998486042,0.0535559989511966,1040781777.0,1616457600,0.05686814284750389,0.054974600225686975,0.033442515202543904,47.34900531974139,0.001170942020701178,0.0018101118031526662,-0.0006391697824514881,1442337400.9,-0.042240453169255066,-2.0
2021-03-24 00:00:00,0.0535279996693134,0.0564940012991428,0.0512420013546943,0.0517020002007484,934537959.0,1616544000,0.056018000202519506,0.0550393602252006,0.03393237379078532,44.606016589890125,0.0007035051181594476,0.0015887904661540226,-0.000885285347994575,1430533444.65,-0.06589097564255453,-2.0
2021-03-25 00:00:00,0.0516990013420581,0.0524070002138614,0.0496970005333423,0.0514479987323284,1084214116.0,1616630400,0.055170142757041074,0.055175200104713384,0.03441754549581816,44.22799043936933,0.00030900024697034373,0.001332832422317287,-0.0010238321753469433,1426088470.9,-0.17593541891198194,-2.0
2021-03-26 00:00:00,0.0514330007135868,0.0540280006825923,0.0513309985399246,0.0539520010352134,776280028.0,1616716800,0.054545000195503186,0.05530932009220117,0.0349248384356009,48.83174525830303,0.00019614333504981013,0.0011054946048637917,-0.0009093512698139816,1390878353.1,-0.07919166692628665,-2.0
2021-03-27 00:00:00,0.0539399981498718,0.0554350018501281,0.0535279996693134,0.0543770007789135,753844053.0,1616803200,0.0538901431219918,0.055473920106887765,0.03543513137235706,49.592301594963914,0.0001393905393383063,0.0009122737917586946,-0.0007728832524203883,1381297764.15,-0.04748805552018931,-2.0
2021-03-28 00:00:00,0.054381001740694,0.0547519996762275,0.0530130006372928,0.0536979995667934,460472975.0,1616889600,0.0533850001437323,0.05559816002845759,0.03593786874306242,48.35565773761144,3.917226322041473e-05,0.0007376534860510387,-0.000698481222830624,1226613872.9,-0.08376134623790965,-2.0
2021-03-29 00:00:00,0.053677998483181,0.0546509996056556,0.0531749986112117,0.054051999002695,537919140.0,1616976000,0.053254999752555536,0.05575831994414324,0.0364371313586492,49.06872683651703,-1.1553465497700366e-05,0.0005878120957412909,-0.0005993655612389913,1130201832.75,-0.06245988575035355,-2.0
2021-03-30 00:00:00,0.054051999002695,0.0554339997470378,0.0536970011889934,0.0538999997079372,728906171.0,1617062400,0.05330414271780419,0.05592995986342425,0.036933222265838776,48.75743096091909,-6.328948198975476e-05,0.0004575917801950818,-0.0005208812621848365,1089922660.3,-0.06069743811069939,-2.0
2021-03-31 00:00:00,0.0539020001888275,0.054467998445034,0.0522690005600452,0.0536569990217685,653389282.0,1617148800,0.053583428263664204,0.05603687986731524,0.0374296768027536,48.23063532304605,-0.00012248682050849252,0.000341576060054367,-0.0004640628805628595,1060922953.15,-0.08008160792443075,-2.0
2021-04-01 00:00:00,0.0536549985408782,0.0701109990477562,0.0536440014839172,0.0619859993457794,5816046822.0,1617235200,0.05508885692272863,0.0564314398169517,0.03801773740166812,62.99055491211149,0.000496951037786901,0.00037265105560087383,0.0001242999821860272,1287336933.2,0.05130508365238895,-2.0
2021-04-02 00:00:00,0.0619679987430572,0.0622490011155605,0.0573330000042915,0.0576639994978904,2166925111.0,1617321600,0.05561914241739677,0.05626003980636592,0.03855404042817572,54.333754168421216,0.000631827422798853,0.0004244863290404697,0.00020734109375838327,1302191534.95,0.007513000666833358,-2.0
2021-04-03 00:00:00,0.0576580017805099,0.0594840012490749,0.0558039993047714,0.0558039993047714,1136931403.0,1617408000,0.055822999349662186,0.05617227971553798,0.03907143436090056,51.08027423341347,0.0005819234079263713,0.00045597374481765,0.0001259496631087213,1221431478.6,0.015319630602389944,-2.0
2021-04-04 00:00:00,0.0557760000228881,0.0581069998443126,0.0552950017154216,0.0574040003120899,938035097.0,1617494400,0.056352428027561685,0.05622827976942058,0.03960587880621198,53.65130840028088,0.0006638286229784518,0.0004975447204498104,0.00016628390252864137,1181397689.65,0.07185005295858304,-2.0
2021-04-05 00:00:00,0.0574110001325607,0.0601530000567436,0.0564350001513958,0.0596960000693798,1513832721.0,1617580800,0.05715871389423094,0.056379399746656365,0.040162929310228135,57.12733661525991,0.0009032719644357853,0.0005786901692470055,0.00032458179518877984,1187400730.05,0.15461683953410543,-2.0
2021-04-06 00:00:00,0.059689000248909,0.0650499984622001,0.058093998581171,0.0644579976797103,2608613912.0,1617667200,0.05866699931876996,0.056743759661912876,0.04076763635708221,63.28782591396719,0.0014604507796274688,0.0007550422913230982,0.0007054084883043706,1274735093.5,0.2528766767988355,-2.0
2021-04-07 00:00:00,0.0644539967179298,0.0672990009188652,0.0576409995555877,0.0590279996395111,2857060849.0,1617753600,0.059434285121304616,0.056607599705457645,0.041318565644700066,53.795439919701515,0.001447181337842926,0.0008934701006270637,0.0005537112372158623,1372099263.7,0.09408360221865908,-2.0
2021-04-08 00:00:00,0.0590360015630722,0.061744999140501,0.0588169991970062,0.061464000493288,1055257541.0,1617840000,0.05935971385666299,0.056722479760646774,0.041892585852606676,56.91734784454864,0.001614617810958681,0.0010376996426933872,0.0005769181682652937,1376624750.3,0.1303308312863538,-2.0
2021-04-09 00:00:00,0.0614629983901977,0.063910000026226,0.0602959990501403,0.061684001237154,1060465774.0,1617926400,0.05993399981941493,0.05690631985664364,0.04246836364495026,57.19861850561644,0.0017449499468311785,0.0011791497035209455,0.0005658002433102331,1379001314.6,0.14872065504836995,-2.0
2021-04-10 00:00:00,0.0615909993648529,0.0650679990649223,0.060818001627922,0.0638450011610984,1369793118.0,1618012800,0.06108271437031878,0.057115839868783914,0.043055838401984334,59.96360047486813,0.001999564007936744,0.0013432325644041052,0.0006563314435326386,1409511320.7,0.18117742801547676,-2.0
2021-04-11 00:00:00,0.0637490004301071,0.0792429968714714,0.0632029995322227,0.0746489986777305,6646627317.0,1618099200,0.0635462855654103,0.057795679867267566,0.04370264647378007,70.29534108276968,0.003038118256478012,0.0016822097028188867,0.0013559085536591251,1706996758.3,0.38495360078337537,-2.0
2021-04-12 00:00:00,0.0745439976453781,0.0749860033392906,0.0688889995217323,0.0707670003175735,2687720380.0,1618185600,0.06512785702943798,0.05833103984594341,0.0443187676925174,63.91322409267205,0.0035075028469011976,0.002047268331635349,0.0014602345152658486,1789343688.45,0.3188773432681824,-2.0
2021-04-13 00:00:00,0.0706780031323432,0.0951810032129287,0.0706780031323432,0.0934450030326843,7176815090.0,1618272000,0.06926885779414854,0.05973572000861163,0.045164000050098865,77.03204273998062,0.005644354205880893,0.002766685506484458,0.0028776686993964348,2101457545.0,0.5075178914421572,-2.0
2021-04-14 00:00:00,0.0942559987306594,0.1425099968910217,0.0924519971013069,0.12151700258255,20977679327.0,1618358400,0.07819585821458266,0.06223796010017391,0.04629124249943123,84.52938634501605,0.009493564161129148,0.004112061237413396,0.005381502923715751,3096130805.55,1.1073287257328657,-2.0
2021-04-15 00:00:00,0.1211669966578483,0.1873259991407394,0.1207360029220581,0.1822070032358169,17916620386.0,1618444800,0.09544485860637252,0.0672368802130222,0.048026010210654,91.2098779828563,0.017242505754691037,0.006738150140868925,0.010504355613822111,3953147823.45,2.2651244625085085,-2.0
2021-04-16 00:00:00,0.1815869957208633,0.4377000033855438,0.1804880052804947,0.3658699989318847,69410680685.0,1618531200,0.13890000113419118,0.07967320010066029,0.051623262723700825,96.34857235399942,0.03776829719258465,0.012944179551212071,0.02482411764137258,7385989655.05,5.373597605441246,-2.0
2021-04-17 00:00:00,0.3660979866981506,0.3744550049304962,0.2365240007638931,0.2841730117797851,31413404067.0,1618617600,0.17037543122257498,0.08889788061380383,0.05439424264065992,75.26970924046785,0.04690221119939837,0.01973578588084933,0.027166425318549042,8933636209.65,3.7603358926814856,-2.0
2021-04-18 00:00:00,0.2851049900054931,0.349918007850647,0.2464399933815002,0.3204750120639801,23464350388.0,1618704000,0.20549343313489635,0.0996488010883331,0.05752839427911719,77.61339477197743,0.05641979956131757,0.027072588616942977,0.02934721094437459,10079957772.05,3.97184249589027,-2.0
2021-04-19 00:00:00,0.320466011762619,0.431751012802124,0.3090800046920776,0.4073179960250854,30641432779.0,1618790400,0.25357214680739804,0.11388360098004335,0.06154312151531224,82.00652458450813,0.0701612843254015,0.035690327758634684,0.03447095656676682,11575584102.45,5.900420114396731,-2.0
2021-04-20 00:00:00,0.4084349870681762,0.4223470091819763,0.2716180086135864,0.3194999992847442,28130646191.0,1618876800,0.28586571770054947,0.12450552091002459,0.06468115181125922,67.56697234993143,0.07312242182993692,0.043176746572895136,0.02994567525704178,12949446947.9,4.198164726027462,-2.0
2021-04-21 00:00:00,0.3169530034065246,0.3469659984111786,0.2970359921455383,0.3069249987602234,12723463706.0,1618963200,0.31235257429736,0.13460744082927698,0.06769995988261966,65.780838931,0.07360596345882839,0.049262589950081793,0.024343373508746595,13294817792.1,3.975763449264602,-2.0
2021-04-22 00:00:00,0.3059900104999542,0.3087570071220398,0.25627601146698,0.2609669864177704,11879823706.0,1619049600,0.3236040004662105,0.14289820030331607,0.07024895974124466,59.581714644057016,0.06947982599022767,0.05330603715811097,0.016173788832116703,13780462721.85,3.08750852332635,-2.0
2021-04-23 00:00:00,0.2610230147838592,0.2683779895305633,0.163669005036354,0.2485090047121048,16165566164.0,1619136000,0.3068381441490991,0.15067648053169247,0.07266423251536304,57.986464828626445,0.06446150520508595,0.05553713076750597,0.008924374437579978,14531894459.9,2.329033330841458,-2.0
2021-04-24 00:00:00,0.2495439946651458,0.2893899977207184,0.2298910021781921,0.2702119946479797,11057578568.0,1619222400,0.30484371313026964,0.15932896032929417,0.07529901024048222,59.99591222201167,0.061526460992750304,0.05673499681255484,0.004791464180195465,15037871633.45,2.81833331122385,-2.0
2021-04-25 00:00:00,0.2697890102863312,0.2887710034847259,0.2263009995222091,0.2511110007762909,6849914675.0,1619308800,0.2949345686605998,0.16722712039947507,0.0777418991372064,57.394101174682724,0.05700204267146655,0.05678840598433719,0.0002136366871293635,15304675731.15,1.6872598065886915,-2.0
2021-04-26 00:00:00,0.2512399852275848,0.280452013015747,0.2480259984731674,0.2706739902496338,5118886527.0,1619395200,0.2754139964069639,0.17557464003562923,0.08038439398932483,59.338996037985034,0.05436825491139452,0.05630437576974866,-0.0019361208583541373,15430189361.9,1.2274577589729239,-2.0
2021-04-27 00:00:00,0.2714270055294037,0.2796289920806885,0.2649280130863189,0.2721880078315735,3590611310.0,1619481600,0.2686551404850824,0.18415560036897655,0.08304113144468925,59.49310777049607,0.05180594106133443,0.05540468882806581,-0.003598747766731379,15466866884.95,0.49383944084356024,-2.0
2021-04-28 00:00:00,0.2722730040550232,0.3446620106697082,0.2562310099601745,0.3236820101737976,14464343767.0,1619568000,0.2710489992584501,0.1948707208037376,0.08621874771015055,64.4309806983333,0.05331583277805926,0.0549869176180645,-0.0016710848400052353,16137321196.25,-0.11530868582078357,-2.0
2021-04-29 00:00:00,0.3232319951057434,0.3238810002803802,0.2969039976596832,0.3051689863204956,5027354503.0,1619654400,0.2773635706731251,0.20478132024407383,0.08920974757127233,61.52707410026733,0.05241438612020918,0.05447241131849344,-0.002058025198284255,16335665632.7,0.07388447766102768,-2.0
2021-04-30 00:00:00,0.3047020137310028,0.3397569954395294,0.3029809892177582,0.3375610113143921,5290390982.0,1619740800,0.2900852859020233,0.2158959206938743,0.09253696990528637,64.53861660572738,0.05369478875393993,0.05431688680558274,-0.0006220980516428096,16531695525.9,0.053314606778143814,-2.0
2021-05-01 00:00:00,0.3375590145587921,0.3971349895000458,0.3282899856567383,0.3929870128631592,10123343703.0,1619827200,0.3076245742184775,0.22903708130121228,0.09642043468457726,69.00886267286593,0.05850749420301593,0.05515500828506938,0.0033524859179465474,16705531345.2,-0.0351837711610552,-2.0
2021-05-02 00:00:00,0.391086995601654,0.4000290036201477,0.364874005317688,0.3760460019111633,8040406918.0,1619913600,0.3254724315234593,0.24171780139207835,0.1001322225836867,66.25948580663632,0.06025996062759703,0.056175998753574916,0.004083961874022116,16973165672.1,0.17698279421911445,-2.0
2021-05-03 00:00:00,0.3736310005187988,0.4455670118331909,0.3736310005187988,0.4417069852352142,10526649978.0,1620000000,0.34990571652139935,0.2569275207817554,0.10450575778712372,71.07037116942784,0.06618416563421475,0.05817763212970289,0.008006533504511866,17140657416.5,0.43913655459614565,-2.0
2021-05-04 00:00:00,0.4402740001678467,0.6059979796409607,0.4007999897003174,0.5413339734077454,38238126181.0,1620086400,0.3883551401751382,0.27611351966857905,0.10988910095013597,76.53691391019504,0.07801885333539399,0.06214587637084111,0.01587297696455288,18003679759.2,1.0743389071487686,-2.0
2021-05-05 00:00:00,0.5373550057411194,0.6952620148658752,0.523822009563446,0.6576330065727234,42525098292.0,1620172800,0.43606242537498474,0.29986503988504404,0.11644847475161602,81.04068505138403,0.0956793565636051,0.06885257240939391,0.026826784154211192,19234103654.5,1.6463145966665662,-2.0
2021-05-06 00:00:00,0.6528419852256775,0.6636160016059875,0.5451020002365112,0.5808039903640747,18989900291.0,1620259200,0.4754388545240675,0.3201112395524979,0.12223960596578887,71.30345156498171,0.10229675971933577,0.07554140987138229,0.026755349847953483,16713064634.8,1.1494382257927542,-2.0
2021-05-07 00:00:00,0.5811100006103516,0.7319719791412354,0.5201740264892578,0.684777021408081,28615083657.0,1620345600,0.5250411416803088,0.34467164039611814,0.1288122627507857,75.57970555640692,0.11460970472839777,0.08335506884278539,0.03125463588561238,16573148614.3,1.726989336552935,-2.0
2021-05-08 00:00:00,0.6878010034561157,0.7375670075416565,0.6081680059432983,0.6364390254020691,25555125135.0,1620432000,0.5598200006144387,0.36639140129089354,0.13476455593575729,70.33233780224853,0.11909448299167447,0.0905029516725632,0.02859153131911127,16677687351.65,1.3513120888161518,-2.0
2021-05-09 00:00:00,0.6358199715614319,0.6976249814033508,0.425705999135971,0.5700700283050537,46138063928.0,1620518400,0.5875377186707088,0.3843335223197937,0.14023823298589141,63.78429700243426,0.11595660313901907,0.09559368196585437,0.020362921173164697,17452518909.1,1.0943980333542318,-2.0
2021-05-10 00:00:00,0.569687008857727,0.569687008857727,0.4212909936904907,0.4499639868736267,16514521828.0,1620604800,0.5887172903333392,0.3950438016653061,0.14440760659900573,53.98846010395494,0.10259559877401547,0.0969940653274866,0.005601533446528875,16871712690.95,0.3901420923332235,-2.0
2021-05-11 00:00:00,0.4504880011081695,0.5466510057449341,0.445033997297287,0.4952310025691986,14566975476.0,1620691200,0.5821311516421181,0.4002182418107986,0.14905766721325686,56.68828060488393,0.09456943878542273,0.09650914001907383,-0.0019397012336511005,16963888279.45,0.6228090820772181,-2.0
2021-05-12 00:00:00,0.4937419891357422,0.5199750065803528,0.3853760063648224,0.3853760063648224,8621337859.0,1620777600,0.5432372944695609,0.40426636159420015,0.1526319702917879,49.15087315111069,0.07844006087736799,0.09289532419073267,-0.014455263313364677,16800963987.1,0.14164845301371942,-2.0
2021-05-13 00:00:00,0.3921760022640228,0.5194609761238098,0.3571749925613403,0.4903739988803863,18663174069.0,1620864000,0.5303187242576054,0.4110623210668563,0.15721029351757027,55.272281106045405,0.07328508829107527,0.0889732770108012,-0.015688188719725923,16925844382.35,0.24781222490713195,-2.0
2021-05-14 00:00:00,0.4870699942111969,0.5896900296211243,0.4646219909191131,0.5596039891242981,20466177002.0,1620950400,0.5124368625027793,0.4171537607908249,0.16232458633756394,58.79453457615768,0.0739337547082683,0.08596537255029461,-0.012031617842026318,17396274304.05,0.4881264161305945,-2.0
2021-05-15 00:00:00,0.5596680045127869,0.5626760125160217,0.4912990033626556,0.507972002029419,9836892944.0,1621036800,0.4940844305924007,0.4246926409006119,0.16698152575679495,55.29705557849068,0.06948062823316403,0.08266842368686851,-0.013187795453704479,17545623217.5,0.15002030533639377,-2.0
2021-05-16 00:00:00,0.5079100131988525,0.5481449961662292,0.4510230123996734,0.5148950219154358,9541552064.0,1621123200,0.48620228682245525,0.4330114418268204,0.17160071790067832,55.67777161336849,0.06575217314262877,0.07928517357802056,-0.013533000435391795,17766756494.35,-0.04884036988455398,-2.0
2021-05-17 00:00:00,0.5134130120277405,0.5152209997177124,0.4585509896278381,0.4878920018672943,7330830504.0,1621209600,0.4916205746786935,0.44208844244480133,0.17573314216552355,53.75475357685245,0.05992761928560403,0.07541366271953726,-0.015486043433933228,17953767454.05,-0.2581090106624059,-2.0
2021-05-18 00:00:00,0.486954003572464,0.5155990123748779,0.4703840017318725,0.4761149883270263,4802902841.0,1621296000,0.48888971550124033,0.45119268178939814,0.17974617238147086,52.8966548848488,0.05374180969314901,0.07107929211425962,-0.017337482421110606,17470695407.75,-0.18024842076485137,-2.0
2021-05-19 00:00:00,0.4764350056648254,0.6847350001335144,0.2182669937610626,0.3331229984760284,15072620946.0,1621382400,0.4814250000885555,0.45370912194252006,0.18240327339130216,43.762233150475154,0.036876166979400715,0.06423866708728784,-0.027362500107887128,17972958729.9,-0.5135306996852199,-2.0
2021-05-20 00:00:00,0.3302519917488098,0.4331920146942138,0.2962529957294464,0.400193989276886,12415484460.0,1621468800,0.4685421415737697,0.4596724414825439,0.18570931364942075,48.27421779308497,0.028592495549844,0.057109432779799074,-0.028516937229955075,18329213403.8,-0.37119822433254435,-2.0
2021-05-21 00:00:00,0.3981240093708038,0.4119749963283539,0.314765989780426,0.3593820035457611,7452862203.0,1621555200,0.43993900077683584,0.46322076201438894,0.18863563694887686,45.86298284066943,0.018520942199989454,0.04939173466383715,-0.030870792463847697,18195689328.8,-0.36958270790996584,-2.0
2021-05-22 00:00:00,0.3587169945240021,0.3605169951915741,0.3181689977645874,0.3423709869384765,5243222352.0,1621641600,0.41628171290670124,0.46602808117866507,0.1913861620682056,44.85724654691172,0.009062055006217595,0.04132579873231324,-0.032263743726095646,18055830100.5,-0.23911469156167808,-2.0
2021-05-23 00:00:00,0.342521995306015,0.3508630096912384,0.249437004327774,0.3080709874629974,7143545371.0,1621728000,0.3867354222706386,0.46540364027023307,0.193826778105112,42.818327183789805,-0.0011882076251942264,0.03282299746081175,-0.034011205086005976,17886674870.15,-0.3779246738092682,-2.0
2021-05-24 00:00:00,0.3067150115966797,0.3714849948883056,0.2962909936904907,0.3661620020866394,6821088755.0,1621814400,0.3693454223019736,0.46784336090087886,0.196893697322318,47.19591150741874,-0.004571458290936414,0.025344106310462116,-0.02991556460139853,16315822998.85,-0.049857811490198856,-2.0
2021-05-25 00:00:00,0.3660410046577453,0.3800100088119507,0.3234969973564148,0.3463020026683807,5544552739.0,1621900800,0.3508007100650242,0.4681930005550384,0.19982007108252453,45.902116914257725,-0.008754330324060644,0.018524418983557566,-0.02727874930761821,14466795721.2,-0.29380023521016285,-2.0
2021-05-26 00:00:00,0.3463959991931915,0.3659200072288513,0.3388569951057434,0.3536930084228515,3355793260.0,1621987200,0.3537392829145704,0.4666212403774261,0.20285212165779534,46.49001865434982,-0.011342148918612627,0.01255110540312353,-0.023893254321736154,13685090369.65,-0.3679583861145601,-2.0
2021-05-27 00:00:00,0.3534629940986633,0.3534629940986633,0.3281440138816833,0.3329449892044067,2485942309.0,1622073600,0.3441322829042162,0.4648971998691559,0.20571645488492163,45.011239790684876,-0.014895499505347076,0.0070617844214294085,-0.021957283926776483,12378633302.25,-0.34456035396784657,-2.0
2021-05-28 00:00:00,0.3336510062217712,0.3478789925575256,0.3015179932117462,0.3112049996852875,3289455640.0,1622160000,0.3372498537812914,0.4596771204471588,0.20825851550607966,43.45162651204522,-0.019243958536304062,0.0018006358298827143,-0.021044594366186775,11265349827.5,-0.3955952447790445,-2.0
2021-05-29 00:00:00,0.3113979995250702,0.317918986082077,0.2817929983139038,0.3031100034713745,2470710737.0,1622246400,0.3316411418574197,0.450148161649704,0.21076327310216544,42.85616829782089,-0.023077321195442313,-0.0031749555751822917,-0.019902365620260022,9081982167.95,-0.3787354531099285,-2.0
2021-05-30 00:00:00,0.3029690086841583,0.3103240132331848,0.2876800000667572,0.3022240102291107,1929947933.0,1622332800,0.3308058593954359,0.4359318017959595,0.21326670754286975,42.78705587788837,-0.025888356116424205,-0.0077176356834306745,-0.01817072043299353,8352753473.2,-0.3652289517474214,-2.0
2021-05-31 00:00:00,0.301948994398117,0.3291630148887634,0.2943300008773803,0.3258099853992462,2440829325.0,1622419200,0.32504128558295114,0.42573204159736633,0.21599226294442858,45.31528720013649,-0.025914207609417206,-0.011356950068627981,-0.014557257540789225,7746446165.65,-0.021952891605316216,-2.0
2021-06-01 00:00:00,0.3257440030574798,0.3830789923667907,0.3123599886894226,0.3700770139694214,5796031087.0,1622505600,0.3284377157688141,0.41314404129981996,0.21918773782825227,49.79907875887996,-0.02210787008853543,-0.013507134072609471,-0.00860073601592596,7605180827.05,-0.07525594115464662,-2.0
2021-06-02 00:00:00,0.3703019917011261,0.4445900022983551,0.3525879979133606,0.4233739972114563,11425588479.0,1622592000,0.3383921427386148,0.4046214401721954,0.2229855357848032,54.62322079619462,-0.014622144078924038,-0.013730136073872384,-0.0008920080050516532,7243301547.55,0.17806120794678826,-2.0
2021-06-03 00:00:00,0.4237389862537384,0.440762996673584,0.3788189888000488,0.3999629914760589,6809900030.0,1622678400,0.3479661430631365,0.39781715869903567,0.22645430338352615,52.248124448879466,-0.01045816952516987,-0.013075742764131882,0.002617573238962013,6560487698.95,0.1682152014473457,-2.0
2021-06-04 00:00:00,0.400981992483139,0.400981992483139,0.3514420092105865,0.3763230144977569,5889983048.0,1622764800,0.3572687166077749,0.39487151980400087,0.22974880856245453,49.88915800525756,-0.008962425009527042,-0.012253079213210914,0.0032906542036838723,6363142204.15,0.2215464286229074,-2.0
2021-06-05 00:00:00,0.3767519891262054,0.393885999917984,0.3604879975318908,0.3721770048141479,3464039041.0,1622851200,0.367135431085314,0.3899493598937988,0.23299827325073152,49.46732801144951,-0.008019145320926402,-0.011406292434754012,0.0033871471138276106,6059266553.0,0.01642716254890164,-2.0
2021-06-06 00:00:00,0.3716759979724884,0.376798003911972,0.3672539889812469,0.3718070089817047,1836611411.0,1622937600,0.3770758594785417,0.3894065999984741,0.2362480107130426,49.427162974636616,-0.007218237593460686,-0.010568681466495347,0.0033504438730346617,5784555598.35,0.07364960675017418,-2.0
2021-06-07 00:00:00,0.3715659976005554,0.3796780109405517,0.3298059999942779,0.3310500085353851,3043974994.0,1623024000,0.37782443421227585,0.3830336403846741,0.23910657643820296,45.084582873315746,-0.009759757357192977,-0.010406896644634874,0.0006471392874418964,5696609206.0,-0.06401879411875733,-2.0
2021-06-08 00:00:00,0.331822007894516,0.3414349853992462,0.2966600060462951,0.327686995267868,3918487504.0,1623110400,0.37176871725491106,0.37375696063041686,0.241905445063656,44.73532691829934,-0.011908028801888348,-0.01070712307608557,-0.0012009057258027776,5138902533.9,-0.015792380444298093,-2.0
2021-06-09 00:00:00,0.3264229893684387,0.3537620007991791,0.3131310045719147,0.3433310091495514,3154332929.0,1623196800,0.36033400467463894,0.36717132091522214,0.24486573808120954,46.79991028421826,-0.012207487899884184,-0.011007196040845293,-0.0012002918590388913,4675844957.35,0.10323101973538984,-2.0
2021-06-10 00:00:00,0.3433389961719513,0.3445290029048919,0.32327800989151,0.32635098695755,2114010549.0,1623283200,0.34981800402913776,0.3596295595169067,0.2476511823784823,44.84177644748426,-0.013657521864913702,-0.011537261205658976,-0.002120260659254726,4408902374.65,0.07667507908022686,-2.0
2021-06-11 00:00:00,0.3263640105724334,0.3332229852676391,0.3115020096302032,0.3193590044975281,1834446577.0,1623369600,0.34168028831481934,0.3528882396221161,0.2503714955440073,44.02492563995076,-0.01519571206948378,-0.012268951378423938,-0.0029267606910598418,4238463585.9,0.0566963367848492,-2.0
2021-06-12 00:00:00,0.3188929855823517,0.3193320035934448,0.3018040060997009,0.3120839893817901,1605633791.0,1623456000,0.3330955718244825,0.34632699966430663,0.25302275804558183,43.14427955634827,-0.016808019423385445,-0.013176764987416241,-0.003631254435969204,3961568006.9,-0.042128837766087335,-2.0
2021-06-13 00:00:00,0.312485009431839,0.3300260007381439,0.3078919947147369,0.3243820071220398,1484851447.0,1623542400,0.3263205715588161,0.3459773600101471,0.2557843540879813,45.1419730671087,-0.01689864035758043,-0.01392114006144908,-0.0029775002961313496,3694756141.5,-0.12347431783795482,-2.0
2021-06-14 00:00:00,0.3239029943943023,0.3369269967079162,0.3200869858264923,0.3320850133895874,1613812023.0,1623628800,0.3264684293951307,0.34325300097465516,0.25861226330802894,46.4120546458478,-0.01616257773644636,-0.014369427596448537,-0.0017931501399978227,3498219105.7,-0.21562255694289645,-2.0
2021-06-15 00:00:00,0.326784998178482,0.3304949998855591,0.3169760107994079,0.3283810019493103,1687965230.0,1623715200,0.3265675732067653,0.34201296091079714,0.2613034956533499,45.86220604238123,-0.015697178273683166,-0.014634977731895465,-0.0010622005417877008,3414827704.2,-0.17897153249748454,-2.0
2021-06-16 00:00:00,0.3203780055046081,0.3213930130004883,0.3054850101470947,0.307761013507843,1391720788.0,1623801600,0.32148614525794983,0.3406285619735718,0.2638263543597375,42.82084259757385,-0.016798563205325523,-0.015067694826581476,-0.0017308683787440465,3360116628.15,-0.1821892319857641,-2.0
2021-06-17 00:00:00,0.3077490031719208,0.3140110075473785,0.3033159971237182,0.3064959943294525,1120766442.0,1623888000,0.3186497177396502,0.34056556224823,0.2663565765351358,42.6340484220462,-0.017570948220639704,-0.015568345505393122,-0.0020026027152465816,3251682168.25,-0.1764778845417765,-2.0
2021-06-18 00:00:00,0.3064279854297638,0.3077520132064819,0.2804810106754303,0.2934719920158386,1846213589.0,1623974400,0.31495157309940885,0.3376579618453979,0.2687561118015737,40.66714150874965,-0.019014806201010148,-0.01625763764451653,-0.0027571685564936194,3220457310.85,-0.21068730570843186,-2.0
2021-06-19 00:00:00,0.2936489880084991,0.2978030145168304,0.2861889898777008,0.2873559892177582,1003248258.0,1624060800,0.31141900164740427,0.335300121307373,0.2710996167452046,39.739964609045906,-0.02041722727834372,-0.017089555571281966,-0.0033276717070617537,3174122327.1,-0.13198615976763084,-2.0
2021-06-20 00:00:00,0.2863940000534057,0.2897270023822784,0.2564670145511627,0.2809000015258789,1963503800.0,1624147200,0.30520728656223844,0.33238840103149414,0.27330636425000243,38.736011208010396,-0.02179832284109584,-0.018031309025244743,-0.003767013815851098,3150256050.85,-0.1427795256376989,-2.0
2021-06-21 00:00:00,0.2806600034236908,0.2808890044689178,0.1664910018444061,0.1786909997463226,5640232167.0,1624233600,0.283293856041772,0.3262182414531708,0.2745194854685152,27.074446948866907,-0.030785388477050257,-0.02058212491560585,-0.010203263561444409,3142466104.85,-0.47953725418234305,-2.0
2021-06-22 00:00:00,0.1786819994449615,0.2161220014095306,0.1646540015935897,0.1910309940576553,5992850344.0,1624320000,0.2636724263429642,0.3214112812280655,0.27587244501619623,29.821435738389226,-0.03649131911882231,-0.023763963756249142,-0.012727355362573165,2870829198.1,-0.4146455757999482,-2.0
2021-06-23 00:00:00,0.1906709969043731,0.2471099942922592,0.1809789985418319,0.2321739941835403,5098674891.0,1624406400,0.2528742807252066,0.3185738408565521,0.2776256469689836,38.18237642073887,-0.037263859422204726,-0.02646394288944026,-0.010799916532764468,2785267941.15,-0.27300000653234324,-2.0
2021-06-24 00:00:00,0.2349700033664703,0.2686899900436401,0.2225269973278045,0.2627820074558258,3844648059.0,1624492800,0.24662942545754568,0.3169961607456207,0.27969765715827843,43.56872429677061,-0.03500280179860743,-0.028171714671273697,-0.006831087127333733,2683001191.7,-0.1579766460420704,-2.0
2021-06-25 00:00:00,0.263480007648468,0.2891449928283691,0.230005994439125,0.2391529977321624,5542163262.0,1624579200,0.23886956913130625,0.3135298812389373,0.28153371773283886,40.625800049924415,-0.034717360825897714,-0.029480843902198503,-0.005236516923699211,2786907402.75,-0.2627427154361627,-2.0
2021-06-26 00:00:00,0.2376729995012283,0.2551270127296448,0.2309720069169998,0.2447839975357055,2649457302.0,1624665600,0.23278785603387012,0.3085181605815887,0.2834171116577856,41.63752535382363,-0.03364888873103172,-0.03031445286796515,-0.0033344358630665732,2827549697.3,-0.2628875508798231,-2.0
2021-06-27 00:00:00,0.2460449934005737,0.2668910026550293,0.240894004702568,0.2644500136375427,2167521670.0,1624752000,0.23043785776410777,0.30216120123863216,0.2854927582572205,45.152614420639196,-0.030859504594667853,-0.03042346321330569,-0.0004360413813621622,2783727031.1,-0.19468540485675268,-2.0
2021-06-28 00:00:00,0.2649179995059967,0.2669819891452789,0.2507619857788086,0.2568570077419281,1932994784.0,1624838400,0.2416044303349086,0.296436961889267,0.28750915227062773,44.049487395151935,-0.028928124278993994,-0.030124395426443355,0.0011962711474493605,2684452395.1,-0.16540108568565548,-2.0
2021-06-29 00:00:00,0.2570610046386719,0.274940013885498,0.2529880106449127,0.2627690136432647,2192562738.0,1624924800,0.2518527188471385,0.29189480185508726,0.2896082129969139,45.17265772402856,-0.02661365633265861,-0.029422247607686407,0.0028085912750277983,2636363885.55,-0.14266738063527729,-2.0
2021-06-30 00:00:00,0.2634170055389404,0.2635380029678345,0.2382680028676986,0.2542150020599365,2047763830.0,1625011200,0.2550014342580523,0.2871763217449188,0.2916350716141739,43.80253198142299,-0.025179408508613943,-0.028573679787871918,0.003394271279257975,2633051549.6,-0.133767415712309,-2.0
2021-07-01 00:00:00,0.2538279891014099,0.2600919902324676,0.2386769950389862,0.2445490062236786,2463946548.0,1625097600,0.25239671979631695,0.2820860016345978,0.29358302116996104,42.24332306079499,-0.02453984183558966,-0.027766912197415467,0.0032270703618258074,2664526548.15,-0.1489684732537121,-2.0
2021-07-02 00:00:00,0.2439820021390915,0.2479970008134842,0.2388480007648468,0.2452639937400818,1321470954.0,1625184000,0.2532697192260197,0.27865456104278563,0.2955407584932717,42.40663355717479,-0.023702064476947726,-0.026953942653321922,0.003251878176374196,2650318406.3,-0.12686367957357958,-2.0
2021-07-03 00:00:00,0.2451059967279434,0.250214010477066,0.2424540072679519,0.246410995721817,917015819.0,1625270400,0.25350214753832134,0.2754035210609436,0.29748478874263135,42.68660801065622,-0.022684078474033476,-0.026099969817464232,0.003415891343430757,2621926624.9,0.3789782141889215,-2.0
2021-07-04 00:00:00,0.2464250028133392,0.2525669932365417,0.2434249967336654,0.2464829981327057,973511519.0,1625356800,0.25093543103763033,0.27152960062026976,0.29942525336236664,42.70543699549524,-0.021622259293969603,-0.02520442771276531,0.0035821684187957066,2589911599.7,0.29027752459014233,-2.0
2021-07-05 00:00:00,0.2464189976453781,0.2464189976453781,0.2278379946947097,0.2316139936447143,1267949362.0,1625443200,0.24732928616659983,0.26774012088775634,0.30122238461567896,39.79774253389057,-0.02173007357878526,-0.024509556885969303,0.002779483307184045,2568910806.3,-0.0024119864965724824,-2.0
2021-07-06 00:00:00,0.2312159985303878,0.2419099956750869,0.2298420071601867,0.2344219982624054,1265920169.0,1625529600,0.24327971254076278,0.26434264063835144,0.3030443038001205,40.61999733912947,-0.021342906925548272,-0.0238762268938851,0.0025333199683368265,2562620775.35,-0.10792218793057129,-2.0
2021-07-07 00:00:00,0.2343010008335113,0.2378509938716888,0.2225760072469711,0.2241259962320327,1148903688.0,1625616000,0.23898128313677652,0.26082432091236113,0.30476375831046487,38.541371626859,-0.021617680713320542,-0.02342451765777219,0.001806836944451648,2564027637.65,-0.0628342594181448,-2.0
2021-07-08 00:00:00,0.224382996559143,0.224930003285408,0.2029870003461837,0.2075970023870468,1789637577.0,1625702400,0.2337024254458291,0.2561529207229614,0.3063187078394071,35.40873979470591,-0.022905156201764143,-0.02332064536657058,0.0004154891648064374,2561198837.05,-0.1519175907045739,-2.0
2021-07-09 00:00:00,0.2070730030536651,0.2291390001773834,0.1966069936752319,0.2198639959096908,3045790264.0,1625788800,0.23007385432720182,0.25166408002376556,0.3079134350774264,39.34875852592747,-0.02267427106182368,-0.0231913705056212,0.0005170994437975196,2663325937.35,-0.16859903735517245,-2.0
2021-07-10 00:00:00,0.2198459953069687,0.2276809960603714,0.2107450067996978,0.213919997215271,1264519098.0,1625875200,0.22543228311198096,0.247085639834404,0.30949177848871307,38.1348882974574,-0.022709147032515503,-0.02309492581100006,0.0003857787784845579,2628376702.25,-0.16716308775891842,-2.0
2021-07-11 00:00:00,0.2138870060443878,0.2187449932098388,0.2109310030937194,0.2158560007810592,719870047.0,1625961600,0.22105699777603147,0.2434094393253326,0.31110846537231196,38.79714300181457,-0.022323238781712385,-0.022940588405142525,0.0006173496234301405,2382358596.25,-0.17853327609584368,-2.0
2021-07-12 00:00:00,0.2160100042819976,0.2189649939537048,0.2045059949159622,0.2080480009317398,973602708.0,1626048000,0.21769042738846367,0.2394715195894241,0.3126301219442276,37.07344749048421,-0.022389353515852695,-0.02283034142728456,0.00044098791143186433,2131396214.45,-0.18160612376964236,-2.0
2021-07-13 00:00:00,0.2080090045928955,0.2080619931221008,0.1981630027294159,0.2000029981136322,1035890377.0,1626134400,0.21277342736721036,0.23573275983333583,0.314047364348715,35.33165706395654,-0.022827770087739258,-0.0228298271593755,2.0570716362418306e-06,1928256988.75,-0.18215575192034128,-2.0
2021-07-14 00:00:00,0.1999779939651489,0.2044830024242401,0.1877519935369491,0.1973239928483963,1319171299.0,1626220800,0.2089445697409766,0.23213147997856137,0.31538944510799466,34.74623017206301,-0.02312482314854969,-0.02288882635721034,-0.00023599679133935042,1801983150.75,-0.19546285682067888,-2.0
2021-07-15 00:00:00,0.1977490037679672,0.2008399963378906,0.1807859987020492,0.1848880052566528,1044558931.0,1626307200,0.20570042729377747,0.22829100012779233,0.3166607582960466,32.088281913398575,-0.024086070874183574,-0.023128275260604986,-0.0009577956135785881,1577102934.2,-0.2496763193742373,-2.0
2021-07-16 00:00:00,0.1852380037307739,0.1883219927549362,0.1716119945049286,0.1723449975252151,1144730187.0,1626393600,0.19891199895313807,0.22803716003894803,0.31778076836707614,29.62662719973099,-0.025565281864305595,-0.023615676581345106,-0.0019496052829604885,1501866578.45,-0.30078342591230134,-2.0
2021-07-17 00:00:00,0.172117993235588,0.204936996102333,0.1692299991846084,0.1861249953508377,2393120423.0,1626480000,0.1949412844010762,0.22784092009067533,0.3190377481055982,35.4824840540611,-0.025333606524444913,-0.023959262569965067,-0.001374343954479846,1513146516.1,-0.1964000429251037,-2.0
2021-07-18 00:00:00,0.1868409961462021,0.1957879960536956,0.1808860003948211,0.1822330057621002,1424484163.0,1626566400,0.1901379993983677,0.22584328055381772,0.3202335865359114,34.60659684616057,-0.02517386454132578,-0.024202182964237214,-0.0009716815770885665,1487720985.05,-0.22262839190495387,-2.0
2021-07-19 00:00:00,0.1818179935216903,0.1839500069618225,0.1707119941711425,0.1735559999942779,1084816777.0,1626652800,0.18521057069301602,0.2222742402553558,0.32123264715527045,32.67030735978071,-0.025454011715046465,-0.024452548714399065,-0.0010014630006473998,1432333687.0,-0.2256319975724761,-2.0
2021-07-20 00:00:00,0.1737630069255828,0.1788949966430664,0.1607279926538467,0.1708009988069534,1809479230.0,1626739200,0.18103885650634763,0.21954016029834744,0.3222430915844561,32.05701014005197,-0.02560319820837434,-0.024682678613194124,-0.0009205195951802157,1420419457.0,-0.17724727793270534,-2.0
2021-07-21 00:00:00,0.1705269962549209,0.2142100036144256,0.1687189936637878,0.1903489977121353,4433688120.0,1626825600,0.1800424286297389,0.21736276030540463,0.3232219198135414,40.58040592167424,-0.023868923346512777,-0.02451992755985786,0.0006510042133450814,1518906535.6,-0.13424207121969534,-2.0
2021-07-22 00:00:00,0.1904799938201904,0.1964039951562881,0.1866640001535415,0.1913029998540878,1629442360.0,1626912000,0.18095885642937248,0.21443687975406645,0.32392682887689034,40.969608217798324,-0.022162047732915413,-0.024048351594469372,0.001886303861553959,1534305105.9,-0.1057264288313512,-2.0
2021-07-23 00:00:00,0.1913589984178543,0.199531003832817,0.1835400015115738,0.1947640031576156,1447257649.0,1626998400,0.18416157151971543,0.21195315957069394,0.3240536672599388,42.4425467713567,-0.02029610164411283,-0.023297901604398066,0.003001799960285236,1560817197.4,-0.09771327897822502,-2.0
2021-07-24 00:00:00,0.1948229968547821,0.2043689936399459,0.1913439929485321,0.1973190009593963,1695867808.0,1627084800,0.18576071517808093,0.2093351590633392,0.32235113192688336,43.562120888047396,-0.01839906597617258,-0.02231813447875297,0.003919068502580392,1596935011.85,-0.051569829675333745,-2.0
2021-07-25 00:00:00,0.197172999382019,0.2004510015249252,0.1916970014572143,0.1978639960289001,1256116971.0,1627171200,0.18799371378762378,0.20708111882209773,0.3214793236869754,43.813177968935406,-0.016659633114251338,-0.021186434205852644,0.004526801091601307,1596343392.3,-0.010694850101781173,-2.0
2021-07-26 00:00:00,0.1980299949645996,0.2327670007944107,0.197062999010086,0.2044190019369125,4863225852.0,1627257600,0.192402714065143,0.2054759186506271,0.320307040756399,46.87424008616018,-0.014584069766930274,-0.01986596131806817,0.005281891551137896,1776208676.45,0.03595613987989443,-2.0
2021-07-27 00:00:00,0.2038359940052032,0.2092929929494857,0.1953500062227249,0.2058990001678466,2229903212.0,1627344000,0.1974167142595563,0.2039013189077377,0.3182725054447097,47.568785083075646,-0.012673653385029515,-0.01842749973146044,0.005753846346430926,1830258652.65,0.11364174156147833,-2.0
2021-07-28 00:00:00,0.2061109989881515,0.2137459963560104,0.2020110040903091,0.2053920030593872,2076707890.0,1627430400,0.1995657150234494,0.2022605592012405,0.31711989942223134,47.34045840378423,-0.011072903528830197,-0.016956580490934393,0.005883676962104196,1844612168.3,0.19174914275847854,-2.0
2021-07-29 00:00:00,0.2055909931659698,0.2063550055027008,0.2007160037755966,0.2046190053224563,1169322798.0,1627516800,0.20146800151893066,0.20058599948883052,0.3160865055491226,46.97027653685425,-0.009754231483428272,-0.01551611068943317,0.005761879206004898,1750788795.0,0.0993633871515116,-2.0
2021-07-30 00:00:00,0.2050230056047439,0.2106429934501648,0.1965350061655044,0.2088209986686706,1523981522.0,1627603200,0.20347614373479564,0.1996742796897888,0.31555977840014177,49.29154250149039,-0.00827472278794894,-0.014067833109136325,0.005793110321187385,1763761916.2,0.14590108304134675,-2.0
2021-07-31 00:00:00,0.208637997508049,0.2143449932336807,0.2048970013856887,0.2083140015602111,1349212924.0,1627689600,0.20504685810634066,0.198629959821701,0.31515376826729435,49.01277021553199,-0.0070617089321889925,-0.012666608273746858,0.005604899341557865,1795229060.05,0.20026966262808066,-2.0
2021-08-01 00:00:00,0.2077530026435852,0.2176109999418258,0.2013889998197555,0.2044370025396347,1711494501.0,1627776000,0.2059858590364456,0.19784240007400508,0.3144893744076141,46.83159272167815,-0.0063401429108596585,-0.011401315201169418,0.00506117229030976,1832123649.7,0.19693095454727505,-2.0
2021-08-02 00:00:00,0.2042790055274963,0.2099590003490448,0.2021880000829696,0.2036000043153762,1181469976.0,1627862400,0.2058688593762261,0.19768252015113827,0.3140094653524534,46.35200963887604,-0.005769330155219243,-0.010274918191979383,0.00450558803676014,1839402629.65,0.0696142704322531,-2.0
2021-08-03 00:00:00,0.2034309953451156,0.2050770074129104,0.1937499940395355,0.1959670037031173,1121632377.0,1627948800,0.2044500027384076,0.1967266404628753,0.3132548493267309,42.116261006445484,-0.005865265165821143,-0.009392987586747736,0.0035277224209265927,1829525683.55,0.02438019190805618,-2.0
2021-08-04 00:00:00,0.1963119953870773,0.2031099945306778,0.1944500058889389,0.2014899998903274,1095300718.0,1628035200,0.20389257371425623,0.19622944056987757,0.31254072803439514,45.96402753479118,-0.0054330064023178914,-0.008600991349861767,0.0031679849475438754,1832062772.9,0.034534085476096266,-2.0
2021-08-05 00:00:00,0.2015749961137771,0.2025129944086074,0.1946849972009658,0.2009740024805069,1139204754.0,1628121600,0.2033718590225492,0.1956341606378555,0.31130125320921037,45.658653088007235,-0.005073589712580845,-0.007895511022405583,0.0028219213098247386,1831786501.25,0.018523312521041557,-2.0
2021-08-06 00:00:00,0.2009599953889846,0.2117560058832168,0.1986169964075088,0.2046879976987838,1332579279.0,1628208000,0.20278143031256532,0.19549976050853726,0.310286293728183,48.32008237625765,-0.0044379036309861175,-0.0072039895441216905,0.002766085913135573,1778759444.05,0.03448834455403893,-2.0
2021-08-07 00:00:00,0.2048459947109222,0.2619900107383728,0.2037719935178756,0.2603409886360168,6343062404.0,1628294400,0.21021385703768042,0.19791328012943266,0.30950629349910846,71.13409165981544,0.0005502702527888925,-0.005653137584739574,0.006203407837528467,2024688356.1,0.2735655010993687,-2.0
2021-08-08 00:00:00,0.2619560062885284,0.2813790142536163,0.2353480011224746,0.2400449961423874,6984782653.0,1628380800,0.2153007132666451,0.19962212026119228,0.3079614246433431,60.62349771322727,0.00283305927616595,-0.00395589821255847,0.00678895748872442,2319686649.9,0.1658385710795358,-2.0
2021-08-09 00:00:00,0.2401220053434372,0.2662650048732757,0.2314099967479705,0.2568970024585724,4607903346.0,1628467200,0.22291457014424457,0.20250248014926908,0.30675789939634723,65.2188555882422,0.005933603211143723,-0.0019779979278180316,0.007911601138961754,2459607855.7,0.25076438533146295,-2.0
2021-08-10 00:00:00,0.2563660144805908,0.2627910077571869,0.2453519999980926,0.2573249936103821,3424415504.0,1628553600,0.23167999727385383,0.20590167999267575,0.30489545503650045,65.32952049220796,0.008329326634291867,8.346698460394821e-05,0.00824585964968792,2409144224.9,0.25758109910106897,-2.0
2021-08-11 00:00:00,0.257423996925354,0.2824819982051849,0.2563819885253906,0.2652629911899566,4732068476.0,1628640000,0.24079042460237227,0.2090671998262405,0.3021068592565228,67.4012266514489,0.01074462739513704,0.002215699066710567,0.008528928328426473,2564275530.7,0.2702888736340192,-2.0
2021-08-12 00:00:00,0.2648530006408691,0.2941420078277588,0.2527750134468078,0.2639209926128387,5264857508.0,1628726400,0.24978285176413392,0.21233471930027004,0.29812997022662496,66.6758515296799,0.012407457137281142,0.004254050680824682,0.00815340645645646,2755155523.65,0.266938326930247,-2.0
2021-08-13 00:00:00,0.2642489969730377,0.2871879935264587,0.261907011270523,0.2868080139160156,3565092106.0,1628812800,0.26151428265230997,0.21686479985713955,0.29516031389886677,72.17559723364664,0.01539459373850463,0.006482159292360672,0.008912434446143959,2848616738.55,0.40291635248570734,-2.0
2021-08-14 00:00:00,0.2868010103702545,0.2984560132026672,0.2771539986133575,0.2931129932403564,4677579997.0,1628899200,0.266195997595787,0.22175727963447567,0.2912041115941423,73.47435619779287,0.018062467275439087,0.008798220888976355,0.009264246386462732,3019689889.85,0.4396512132992132,-2.0
2021-08-15 00:00:00,0.2940860092639923,0.3487220108509063,0.2870630025863647,0.3414410054683685,8046171669.0,1628985600,0.2806811417852129,0.227800959944725,0.28822433361501404,80.85210290468645,0.023802067548771122,0.011798990220935309,0.012003077327835813,3178837180.7,0.7423392663881256,-2.0
2021-08-16 00:00:00,0.3401649892330169,0.3509530127048492,0.3108280003070831,0.3207150101661682,6681324187.0,1629072000,0.2897980000291552,0.23297744035720822,0.28570559605805557,71.64834630949937,0.026374300986120452,0.014714052373972338,0.011660248612148115,3401408229.45,0.5917167618280605,-2.0
2021-08-17 00:00:00,0.3196310102939605,0.339462012052536,0.2957629859447479,0.2994419932365417,5699700481.0,1629158400,0.29581471426146366,0.23716455996036526,0.2841851718799032,63.64066325295871,0.0263920289556277,0.017049647690303413,0.009342381265324287,3582557859.0,0.48995387234518306,-2.0
2021-08-18 00:00:00,0.2992030084133148,0.3242270052433014,0.2820160090923309,0.3037390112876892,6347995770.0,1629244800,0.3013112885611397,0.24142136037349698,0.28225090934170616,64.50365592040947,0.02644793659444289,0.018929305471131308,0.007518631123311581,3841491507.6,0.4839121721961812,-2.0
2021-08-19 00:00:00,0.3033759891986847,0.319018006324768,0.2940880060195923,0.3171440064907074,3760495939.0,1629331200,0.3089145762579781,0.24619256079196927,0.2815616972217656,67.12509532707116,0.027259682235414084,0.020595380823987864,0.00666430141142622,3953317228.45,0.2181869944963104,-2.0
2021-08-20 00:00:00,0.3175710141658783,0.3332229852676391,0.3141419887542724,0.3274909853935241,3512291078.0,1629417600,0.3147264293261936,0.25111544013023374,0.27991641425725183,69.02651447278298,0.028410413664486156,0.022158387392087524,0.006252026272398632,4061471136.15,0.36428999002864626,-2.0
2021-08-21 00:00:00,0.3273949921131134,0.3293560147285461,0.315432995557785,0.3167969882488251,2600396651.0,1629504000,0.3181098571845463,0.25555135965347286,0.2774638182888127,64.85162116671583,0.028135136081253398,0.0233537371299207,0.004781398951332699,4105916243.65,0.23316732082116154,-2.0
2021-08-22 00:00:00,0.3170849978923797,0.3215410113334656,0.306546002626419,0.3149630129337311,2237836352.0,1629590400,0.31432728682245525,0.25993420004844664,0.2755142325403714,64.1352071989157,0.027452534404510842,0.02417349658483873,0.0032790378196721134,4158734562.45,0.22398919947364004,-2.0
2021-08-23 00:00:00,0.3149259984493255,0.3280940055847168,0.3133679926395416,0.3179140090942383,2836628655.0,1629676800,0.31392714381217957,0.2644660001993179,0.2735245253401573,64.80886040389649,0.026840290227222896,0.024706855313315564,0.0021334349139073318,4244484376.35,0.19848610493341656,-2.0
2021-08-24 00:00:00,0.3183859884738922,0.3197570145130157,0.2777769863605499,0.2887389957904815,3143768703.0,1629763200,0.3123981441770281,0.26766272008419034,0.2715128788141289,54.00810574415482,0.023727387998823346,0.024510961850417123,-0.0007835738515937773,4346907775.6,0.09403572990516085,-2.0
2021-08-25 00:00:00,0.289218008518219,0.2968150079250335,0.2799949944019317,0.2922259867191314,2518743227.0,1629849600,0.31075342638151987,0.27101919949054715,0.26965541415142286,54.97395196479935,0.021296271421037072,0.023868023764541117,-0.0025717523435040447,4415884699.25,0.018890590709582877,-2.0
2021-08-26 00:00:00,0.2927939891815185,0.2960020005702972,0.2653129994869232,0.2689090073108673,2410285454.0,1629936000,0.3038627122129713,0.27359807968139643,0.2690067879780374,47.752436027124745,0.017288813962328342,0.022552181804098563,-0.005263367841770221,4469770008.0,-0.08257561584668993,-2.0
2021-08-27 00:00:00,0.2688190042972564,0.2948450148105621,0.265392005443573,0.2944329977035522,2382150423.0,1630022400,0.2991401425429752,0.2772313994169235,0.2679384951338623,54.75843405662944,0.015988146366889444,0.021239374716656743,-0.005251228349767299,4271724408.95,-0.13767534365221745,-2.0
2021-08-28 00:00:00,0.2946310043334961,0.2991699874401092,0.2832730114459991,0.285629004240036,1534807298.0,1630108800,0.2946875733988625,0.28081787943840025,0.26719351534289537,52.16030962139246,0.014084590836428768,0.019808417940611146,-0.005723827104182379,3999225641.2,-0.10939932592476265,-2.0
2021-08-29 00:00:00,0.2858630120754242,0.2916629910469055,0.2774859964847564,0.281125009059906,1473623363.0,1630195200,0.28985357284545893,0.2840032798051834,0.2665748691016977,50.83155373584073,0.012073399955328912,0.018261414343554702,-0.00618801438822579,3842511642.05,-0.06117039223074616,-2.0
2021-08-30 00:00:00,0.281233012676239,0.289559006690979,0.2703750133514404,0.2721250057220459,1748987269.0,1630281600,0.2833122866494315,0.28684931993484497,0.26621177837704163,48.18981573790383,0.009642143016343585,0.016537560078112478,-0.006895417061768893,3758740230.3,-0.10408279605447135,-2.0
2021-08-31 00:00:00,0.2718780040740967,0.2858189940452575,0.2700470089912414,0.27845299243927,1745967018.0,1630368000,0.2818428575992584,0.2897999197244644,0.26532582878464395,50.15144314111763,0.00813222677074793,0.014856493416639568,-0.006724266645891638,3609435157.4,-0.12199825082480653,-2.0
2021-09-01 00:00:00,0.2780619859695434,0.2948890030384063,0.2735260128974914,0.2944009900093078,1937809622.0,1630454400,0.2821535723549979,0.29116231977939605,0.264801576131522,54.796574647139856,0.008128773942654655,0.013510949521842588,-0.005382175579187933,3443082763.1,-0.10104093504880529,-2.0
2021-09-02 00:00:00,0.2943930029869079,0.3092269897460937,0.2920100092887878,0.2959550023078918,2981069411.0,1630540800,0.2860172859260014,0.29339872002601625,0.26421836394854264,55.234322035823006,0.008157399928022446,0.012440239603078562,-0.004282839675056115,3413881628.35,-0.06578972248487147,-2.0
2021-09-03 00:00:00,0.2947539985179901,0.3044939935207367,0.2885409891605377,0.2962729930877685,2384046931.0,1630627200,0.28628014240946087,0.2949737596511841,0.26384793974534426,55.32964912722489,0.008112232657653762,0.011574638213993602,-0.0034624055563398405,3299204975.05,-0.05934036403790377,-2.0
2021-09-04 00:00:00,0.296068012714386,0.3087309896945953,0.2933419942855835,0.2993879914283752,2263193245.0,1630713600,0.288245712007795,0.2966562795639038,0.2637285760255775,56.31110374805955,0.00823288799541727,0.010906288170278337,-0.002673400174861066,3010056053.85,-0.05827367506907022,-2.0
2021-09-05 00:00:00,0.2993240058422088,0.3150089979171753,0.2965820133686065,0.3145270049571991,2393033527.0,1630800000,0.2930174257074083,0.29862684011459345,0.263843899272909,60.816923674441426,0.009441267040176116,0.010613283944257893,-0.0011720169040817779,2795641520.85,0.08931252633929021,-2.0
2021-09-06 00:00:00,0.314314991235733,0.3197509944438934,0.3004510104656219,0.3087649941444397,2611846129.0,1630886400,0.2982517097677503,0.30042060017585753,0.2639099698175083,58.350277487148816,0.009820762386018644,0.010454779632610045,-0.0006340172465914007,2641248803.25,0.05659663471751575,-2.0
2021-09-07 00:00:00,0.3089509904384613,0.3110300004482269,0.2165270000696182,0.2537440061569214,5653327525.0,1630972800,0.29472185458455763,0.2990980398654937,0.2631820306332424,41.17636027139213,0.0056170316364805295,0.009487230033384142,-0.0038701983969036124,2606515391.0,-0.056394545149671016,-2.0
2021-09-08 00:00:00,0.2542659938335418,0.2632899880409241,0.2348639965057373,0.2571130096912384,3226346052.0,1631059200,0.2893950002534048,0.297658040523529,0.26204098008497795,42.296282836637936,0.0025282510561157046,0.008095434237930455,-0.005567183181814751,2579807896.65,-0.12675205667636869,-2.0
2021-09-09 00:00:00,0.2503620088100433,0.2595579922199249,0.2492700070142746,0.252595990896225,1763183557.0,1631145600,0.2832008557660239,0.2941042399406433,0.2603159497181574,41.16467509837497,-0.0002808776905656729,0.006420171852231231,-0.0067010495427969035,2492352520.6,-0.11565006653193688,-2.0
2021-09-10 00:00:00,0.2525849938392639,0.2616220116615295,0.2359090000391006,0.2399819940328598,1840815800.0,1631232000,0.2751592844724655,0.29087491929531095,0.258699980047014,38.09921779930239,-0.003484805914922784,0.004439176298800428,-0.007923982213723212,2454373478.05,-0.14635131596662354,-2.0
2021-09-11 00:00:00,0.2398259937763214,0.2480179965496063,0.2384870052337646,0.2414319962263107,1196337689.0,1631318400,0.2668798565864563,0.2885545194149017,0.25733744450891854,38.66465195219974,-0.005839623512136127,0.0023834163366131178,-0.008223039848749246,2402298544.9,-0.11279011061220034,-2.0
2021-09-12 00:00:00,0.2413289994001388,0.2547940015792846,0.2392330020666122,0.2506169974803924,1419288866.0,1631404800,0.25774985551834106,0.2864296388626098,0.25610956564696147,42.26247116110537,-0.006885311005215389,0.0005296708682474163,-0.007414981873462805,2331431555.45,-0.09996658579615947,-2.0
2021-09-13 00:00:00,0.2506240010261535,0.252030998468399,0.2289109975099563,0.2359060049057006,1759116002.0,1631491200,0.24734142848423546,0.28318011879920957,0.2547368282320523,38.37940996007592,-0.008799643223640796,-0.0013361919501302263,-0.0074634512735105695,2262198920.4,-0.19869153667505612,-2.0
2021-09-14 00:00:00,0.236063003540039,0.2416779994964599,0.2339619994163513,0.2407090067863464,967948743.0,1631577600,0.24547928571701047,0.27970883965492244,0.2538242928608499,40.307789322516214,-0.009816049874678767,-0.0030321635350399347,-0.006783886339638832,2184659196.2,-0.18667025423030748,-2.0
2021-09-15 00:00:00,0.2405900061130523,0.248321995139122,0.23921500146389,0.2476969957351684,980188820.0,1631664000,0.24413414086614332,0.2769448399543762,0.2530163130675903,43.097885437252216,-0.009943069643823244,-0.0044143447567965965,-0.005528724887026647,2113154364.5,-0.1639568860001014,-2.0
2021-09-16 00:00:00,0.24754199385643,0.2477329969406128,0.2338519990444183,0.2425550073385238,1140048496.0,1631750400,0.24269971464361456,0.2740485197305679,0.2519983736553577,41.5585767057601,-0.010339462330562543,-0.0055993682715497865,-0.004740094059012757,2051049268.15,-0.18983054002500954,-2.0
2021-09-17 00:00:00,0.2420980036258697,0.259535014629364,0.2380259931087494,0.2399300038814544,2246768047.0,1631836800,0.2426922874791281,0.27092915952205654,0.25112543443236685,40.7582473591897,-0.010741599756001252,-0.00662781456844008,-0.004113785187561172,2086647305.6,-0.23717200717278908,-2.0
2021-09-18 00:00:00,0.2399280071258545,0.2473279982805252,0.2382279932498932,0.2413859963417053,999151515.0,1631923200,0.24268571606704162,0.2690350395441055,0.2503378282893787,41.431972270104,-0.010818105750544371,-0.0074658728048609384,-0.0033522329456834327,2062923713.2,-0.21822097414065866,-2.0
2021-09-19 00:00:00,0.2412810027599334,0.2412849962711334,0.2313369959592819,0.233142003417015,892763953.0,1632009600,0.24018928834370198,0.2666716802120208,0.24954043449175475,38.74517150926613,-0.011412403549372063,-0.008255178953763164,-0.003157224595608899,2020112547.4,-0.08119207642353377,-2.0
2021-09-20 00:00:00,0.2331610023975372,0.2336059957742691,0.2000219970941543,0.2070710062980651,2244003542.0,1632096000,0.2360700028283255,0.26419816017150877,0.24835547488747217,31.736131264187648,-0.013827703263932511,-0.009369683815797034,-0.004458019448135477,2045014373.6,-0.1946303823881479,-2.0
2021-09-21 00:00:00,0.2087730020284652,0.2180940061807632,0.1981610059738159,0.2010270059108734,1766963639.0,1632182400,0.23040114556040076,0.2604619204998016,0.24703165663011142,30.36473794753445,-0.01604459391717966,-0.01070466583607356,-0.005339928081106102,2036472074.45,-0.2041559915594141,-2.0
2021-09-22 00:00:00,0.2008219957351684,0.2294230014085769,0.2002239972352981,0.2248580008745193,2016471206.0,1632268800,0.22713843200887945,0.2580310803651809,0.24598596975056808,41.16104800232271,-0.015697581652200088,-0.011703248999298865,-0.003994332652901222,1988242164.2,-0.06302136632913236,-2.0
2021-09-23 00:00:00,0.2247480005025863,0.2270949929952621,0.2181150019168853,0.224831998348236,1169581249.0,1632355200,0.2246065735816955,0.25577935993671413,0.24514830293077408,41.153550588246404,-0.01524889040222216,-0.012412377279883525,-0.0028365131223386346,1927518880.1,-0.0687564123129496,-2.0
2021-09-24 00:00:00,0.2247260063886642,0.2282669991254806,0.197720006108284,0.2094510048627853,1883155313.0,1632441600,0.2202524308647428,0.25327239990234374,0.24416805051191884,36.874876778506284,-0.015950548984101948,-0.01312001162072721,-0.0028305373633747376,1908516983.5,-0.16425858194565512,-2.0
2021-09-25 00:00:00,0.2093479931354522,0.2126040011644363,0.2048750072717666,0.208639994263649,1067132277.0,1632528000,0.2155744305678776,0.2504798799753189,0.24331116164573513,36.65845406417058,-0.016383204855487554,-0.013772650267679279,-0.0026105545878082753,1842221921.0,-0.11557997708854739,-2.0
2021-09-26 00:00:00,0.2087299972772598,0.2090680003166198,0.1944890022277832,0.2049620002508163,1147321467.0,1632614400,0.2115487158298492,0.24690232038497922,0.24247889913091752,35.636945742547056,-0.01682887829585336,-0.014383895873314097,-0.002444982422539264,1768995687.9,-0.14850714151821998,-2.0
2021-09-27 00:00:00,0.2052409946918487,0.2092809975147247,0.2000779956579208,0.2002619951963424,838297166.0,1632700800,0.21057599995817453,0.24307460010051724,0.24166437381445757,34.32081992723161,-0.017361199733011368,-0.014979356645253553,-0.0023818430877578147,1528244169.95,-0.1915041415744192,-2.0
2021-09-28 00:00:00,0.2000010013580322,0.2025790065526962,0.1963520050048828,0.1968040019273758,866301240.0,1632787200,0.20997271367481773,0.23909584045410157,0.241847333432448,33.34506882179653,-0.017856263572947145,-0.015554738030792273,-0.002301525542154872,1410241929.35,-0.1886211540761773,-2.0
2021-09-29 00:00:00,0.1969799995422363,0.20414400100708,0.195041999220848,0.1988759934902191,926737135.0,1632873600,0.20626099833420342,0.23507536053657532,0.24192657585095875,34.54585878410218,-0.017875356843405688,-0.016018861793314958,-0.0018564950500907298,1368419608.25,-0.1711082804446561,-2.0
2021-09-30 00:00:00,0.1988690048456192,0.2058060020208358,0.197854995727539,0.204244002699852,916819792.0,1632960000,0.20331985609871997,0.23066404044628144,0.24164445472486087,37.678307412081374,-0.017258390929253964,-0.01626676762050276,-0.0009916233087512022,1322219807.85,-0.15386971160197382,-2.0
2021-10-01 00:00:00,0.2044270038604736,0.2246070057153701,0.2019940018653869,0.2230100035667419,1435469263.0,1633046400,0.20525685591357093,0.2272338408231735,0.24124271731183983,47.19275358636304,-0.01508133333842307,-0.016029680764086826,0.0009483474256637564,1334176386.55,-0.04345849182804806,-2.0
2021-10-02 00:00:00,0.2227409929037094,0.2249550074338913,0.2154929935932159,0.2191330045461654,1166058975.0,1633132800,0.20675585738250182,0.22584940075874324,0.24104049515844592,45.64243234706413,-0.013513070665328919,-0.015526358744335247,0.0020132880790063278,1321514892.0,0.058250541511049914,-2.0
2021-10-03 00:00:00,0.2188110053539276,0.2262279987335205,0.2158720046281814,0.2217479944229126,1070267896.0,1633219200,0.2091538565499442,0.2244348001480102,0.24080780825831669,46.909278879635536,-0.011921776550482405,-0.01480544230556468,0.002883665755082275,1287072486.7,0.1030756460712845,-2.0
2021-10-04 00:00:00,0.2219299972057342,0.2479240000247955,0.2132840007543563,0.2408519983291626,3684051106.0,1633305600,0.21495242842606135,0.22396504044532772,0.24056944446732295,55.13558827068536,-0.009015209322107115,-0.013647395708873168,0.004632186386766053,1422877604.85,0.07112932336158528,-2.0
2021-10-05 00:00:00,0.241239994764328,0.2677870094776153,0.2335879951715469,0.252016007900238,4628329381.0,1633392000,0.22283985785075594,0.22444640100002286,0.24052054547902305,59.12178579669737,-0.005744670595378504,-0.012066850686174236,0.006322180090795732,1605284632.9,0.12090809916610468,-2.0
2021-10-06 00:00:00,0.2520079910755157,0.2715089917182922,0.2430959939956665,0.2551339864730835,4659725421.0,1633478400,0.23087671399116513,0.22499448060989377,0.24044342399245558,60.18576424481269,-0.0028680887370549912,-0.010227098296350387,0.007359009559295396,1781268479.15,0.21810819976836981,-2.0
2021-10-07 00:00:00,0.2543399930000305,0.2567389905452728,0.2391269952058792,0.2429230064153671,2936116763.0,1633564800,0.23640228595052443,0.22468672096729275,0.24032936343038921,54.2324078524978,-0.001555767015199938,-0.008492832040120298,0.00693706502492036,1815735914.95,0.16431658883385603,-2.0
2021-10-08 00:00:00,0.2430229932069778,0.2547639906406402,0.2416920065879821,0.2438510060310363,1952117191.0,1633651200,0.2393795720168522,0.22500452101230617,0.24032231292339282,54.5999493642795,-0.00043583672799285544,-0.00688143297769481,0.006445596249701955,1863384198.75,0.18973763786765696,-2.0
2021-10-09 00:00:00,0.2434950023889541,0.2519659996032715,0.2417570054531097,0.2465959936380386,1484990033.0,1633737600,0.24330285617283412,0.22524000048637385,0.24033576746781662,55.73238043526243,0.0006655417018931187,-0.005372038041777225,0.006037579743670344,1892995502.75,0.23136690711719443,-2.0
2021-10-10 00:00:00,0.2465720027685165,0.248662993311882,0.2278580069541931,0.2298049926757812,1466060853.0,1633824000,0.2444538559232439,0.2245243203639984,0.24016803006331122,47.867112035417826,0.0001814074411178035,-0.00426134894519822,0.004442756386316023,1854098368.3,0.16768455125512816,-2.0
2021-10-11 00:00:00,0.2294500023126602,0.2393810003995895,0.2255209982395172,0.2315029948949813,1463611233.0,1633910400,0.24311828400407512,0.22408223986625667,0.2400167168992938,48.656226651225644,-6.45141809337002e-05,-0.0034219819923453163,0.003357467811411616,1838930748.0,0.16405701277548523,-2.0
2021-10-12 00:00:00,0.2315250039100647,0.2317180037498474,0.2164469957351684,0.2262420058250427,1881102059.0,1633996800,0.23943628370761869,0.2235347199440002,0.2399624543960648,46.31694743670656,-0.0006761326518701927,-0.0028728121242502917,0.002196679472380099,1832162290.65,0.10770452416915277,-2.0
2021-10-13 00:00:00,0.226174995303154,0.2339430004358291,0.2210610061883926,0.232572004199028,1457486924.0,1634083200,0.23621314338275362,0.22318216025829313,0.23994376758734381,49.46510108104242,-0.0006426585619228042,-0.0024267814117847944,0.0017841228498619902,1846557574.4,0.042877003180820994,-2.0
2021-10-14 00:00:00,0.2325610071420669,0.2398799955844879,0.2314970046281814,0.2322729974985122,1337117776.0,1634169600,0.2346917135374886,0.223147400021553,0.24002606052942946,49.31797625259112,-0.0006329610651456541,-0.0020680173424569665,0.0014350562773113125,1819255697.55,0.05996355035408896,-2.0
2021-10-15 00:00:00,0.2326440066099167,0.2434689998626709,0.2257499992847442,0.2337819933891296,1837803539.0,1634256000,0.23325328316007335,0.22421583950519558,0.24029055538803637,50.124224072902166,-0.0004977743391867129,-0.0017539687418029158,0.001256194402616203,1857789260.65,0.05426880634269038,-2.0
2021-10-16 00:00:00,0.2338809967041015,0.2444469928741455,0.2336830049753189,0.237292006611824,1541850812.0,1634342400,0.23192414215632842,0.22566643953323362,0.24046659590017913,52.03556990094995,-0.00010618511630666738,-0.0014244120167036663,0.001318226900396999,1877515727.9,-0.014780826989333473,-2.0
2021-10-17 00:00:00,0.2371930032968521,0.2419729977846145,0.2263800054788589,0.2378980070352554,1397143121.0,1634428800,0.23308028706482475,0.22618803977966306,0.2407087980195729,52.37490929662546,0.00025016755780535305,-0.0010894961018018626,0.0013396636596072157,1905458025.65,-0.05602025435849012,-2.0
2021-10-18 00:00:00,0.2378060072660446,0.2713940143585205,0.2374880015850067,0.2472810000181198,5003365533.0,1634515200,0.23533428779670168,0.2270859998464584,0.24102622225429068,57.40035019307514,0.0012750112007392234,-0.0006165946412936455,0.001891605842032869,2112311240.3,-0.030779852435661947,-2.0
2021-10-19 00:00:00,0.2473780065774917,0.2546109855175018,0.2406509965658188,0.2457879930734634,1675967829.0,1634601600,0.2381265716893332,0.22853947937488553,0.2414074342961263,56.38087817594452,0.001944321065563942,-0.000104411499922128,0.00204873256548607,2149772775.0,0.011793805372215527,-2.0
2021-10-20 00:00:00,0.2455019950866699,0.2615549862384796,0.2423840016126632,0.2540929913520813,1853058770.0,1634688000,0.24120099842548368,0.2303575992584228,0.2419537978641914,60.57546989958554,0.003109058616463767,0.000538282523355051,0.002570776093108716,2196584723.9,0.042000996787938005,-2.0
2021-10-21 00:00:00,0.2547929883003235,0.2582609951496124,0.2422730028629303,0.2423910051584243,1742570934.0,1634774400,0.24264642809118545,0.23185475945472714,0.24240902021075736,52.86182490132419,0.0030526796381424026,0.0010411619463125215,0.002011517691829881,2211939807.45,-0.01705213623943347,-2.0
2021-10-22 00:00:00,0.242478996515274,0.2527720034122467,0.2364719957113266,0.2442210018634796,1829875043.0,1634860800,0.24413771501609258,0.23361311972141263,0.24300834340880612,53.8515071658148,0.003119702345124181,0.0014568700260748535,0.0016628323190493277,2245130610.85,0.06273148820590291,-2.0
2021-10-23 00:00:00,0.2445140033960342,0.2531400024890899,0.2415889948606491,0.2517330050468445,1502684867.0,1634947200,0.24620071479252406,0.23581027984619138,0.24381024247468117,57.770951140730396,0.003735908966701701,0.001912677814200223,0.0018232311525014778,2266751459.4,0.08738552242505682,-2.0
2021-10-24 00:00:00,0.2514320015907287,0.2819350063800812,0.2460280060768127,0.2770479917526245,5278760541.0,1635033600,0.2517935697521482,0.2389371597766876,0.2447286565797497,67.7204469860494,0.0061955466100887535,0.0027692515733779293,0.0034262950367108243,2346486931.15,0.22456477850921752,-2.0
2021-10-25 00:00:00,0.2757450044155121,0.2794719934463501,0.2602199912071228,0.2647069990634918,3364560707.0,1635120000,0.25428299818720135,0.24135567963123322,0.2455617272191577,60.26594215701402,0.0070675419667707295,0.0036289096520564896,0.00343863231471424,2283298497.45,0.13817224035685616,-2.0
2021-10-26 00:00:00,0.2647829949855804,0.2743169963359833,0.2537209987640381,0.255731999874115,2513384162.0,1635206400,0.2557035705872944,0.24266455948352814,0.24639178782400456,55.48266745099835,0.00695423307194995,0.004293974336035181,0.0026602587359147688,2175981434.5,0.10099754439063902,-2.0
2021-10-27 00:00:00,0.255836009979248,0.2633169889450073,0.220328003168106,0.2376900017261505,5022822846.0,1635292800,0.2533602863550186,0.24340683937072755,0.24706743431813785,47.34719902024214,0.005346960061959866,0.004504571481220118,0.0008423885807397474,2280316738.65,0.016716464259572072,-2.0
2021-10-28 00:00:00,0.2373809963464737,0.3388429880142212,0.2333340048789978,0.3004469871520996,20359592492.0,1635379200,0.2616539980684008,0.24655479907989503,0.24817953522157185,66.01448581574935,0.009033021811052339,0.005410261547186563,0.0036227602638657756,3200690503.7,0.26614879043771666,-2.0
2021-10-29 00:00:00,0.2999640107154846,0.3063119947910309,0.2797710001468658,0.2878530025482178,5866664030.0,1635465600,0.26788714102336336,0.24843483924865722,0.2491547877740378,61.316388029068854,0.010813373163894302,0.006490883870528111,0.004322489293366191,3419774203.55,0.20998492646287392,-2.0
2021-10-30 00:00:00,0.2877640128135681,0.2946470081806183,0.2598879933357239,0.2683449983596802,3637334331.0,1635552000,0.27026028292519705,0.24908799886703492,0.24989803014981624,54.809504294297135,0.010528811944797212,0.007298469485381932,0.00323034245941528,3528337877.45,0.08518243755087074,-2.0
2021-10-31 00:00:00,0.2692390084266662,0.2847070097923279,0.2526139914989471,0.2802439928054809,4224104205.0,1635638400,0.27071685450417654,0.2500923991203308,0.2507356563300797,57.75433757306446,0.011135086193946875,0.00806579282709492,0.003069293366851954,3666362526.05,0.1401858540816474,-2.0
2021-11-01 00:00:00,0.2801229953765869,0.2855510115623474,0.2640889883041382,0.2717280089855194,2784956027.0,1635724800,0.2717198559216091,0.2512445992231369,0.25148175747105567,54.99232932074412,0.010803854076515074,0.008613405076978952,0.0021904489995361216,3711555224.45,0.06940379401886898,-2.0
2021-11-02 00:00:00,0.2718920111656189,0.2806859910488128,0.2675969898700714,0.2731209993362427,2336414476.0,1635811200,0.27420399870191303,0.25241539895534515,0.2521757170407459,55.36832384987283,0.010532342627000701,0.008997192586983303,0.0015351500400173981,3755501602.05,0.1267786078024371,-2.0
2021-11-03 00:00:00,0.2735039889812469,0.277103990316391,0.2639789879322052,0.2694070041179657,2091380862.0,1635897600,0.2787349990436009,0.25332783937454223,0.252817212030141,54.0713240514064,0.009903320161940232,0.00917841810197469,0.0007249020599655424,3793214756.35,0.10312791308818392,-2.0
2021-11-04 00:00:00,0.2691119909286499,0.2708649933338165,0.2547110021114349,0.2632800042629242,1902957818.0,1635984000,0.273425430059433,0.25466683983802796,0.2534019393150252,51.91095109903467,0.008808874422679414,0.009104509366115635,-0.000295634943436221,3796472470.3,0.04587002492553949,-2.0
2021-11-05 00:00:00,0.2636550068855285,0.2707889974117279,0.257887989282608,0.2614650130271911,1559898586.0,1636070400,0.2696557172707149,0.25586532056331635,0.25397614141305286,51.25762270606215,0.007706231030690902,0.008824853699030688,-0.001118622668339786,3797374859.0,-0.05624649587551389,-2.0
2021-11-06 00:00:00,0.2612639963626861,0.2676970064640045,0.2505210041999817,0.261898010969162,1353526462.0,1636156800,0.2687347190720694,0.2572915607690811,0.25451227285043154,51.414721635390315,0.006789057484980265,0.008417694456220603,-0.0016286369712403374,3795194026.05,-0.010611688033439814,-2.0
2021-11-07 00:00:00,0.2619709968566894,0.2698490023612976,0.2589670121669769,0.2663150131702423,1155873526.0,1636243200,0.26674486483846394,0.25864128112792967,0.2550981416545733,53.07616848209902,0.006345459498142414,0.008003247464604965,-0.0016577879664625515,3602819425.7,0.041383218765492114,-2.0
2021-11-08 00:00:00,0.266728013753891,0.29653200507164,0.2649179995059967,0.2823590040206909,4093381450.0,1636329600,0.268263578414917,0.26064472138881684,0.25588523257862433,58.6124812860796,0.007205460807087061,0.007843690133101384,-0.0006382293260143238,3723690106.75,0.18792966456369853,-2.0
2021-11-09 00:00:00,0.2825390100479126,0.2896679937839508,0.2717519998550415,0.2735260128974914,2353452396.0,1636416000,0.2683214374950954,0.2622344821691513,0.2565915558976356,54.7804188747855,0.007092511420425662,0.0076934543905662406,-0.0006009429701405783,3748709788.05,-0.08960307610267237,-2.0
2021-11-10 00:00:00,0.2735970020294189,0.2769890129566192,0.2380300015211105,0.2557089924812317,2820521435.0,1636502400,0.2663645786898477,0.2629711616039276,0.2571950103297378,47.96793542640555,0.005501891196297848,0.0072551417517125625,-0.0017532505554147147,3802607313.1,-0.11166814235888223,-2.0
2021-11-11 00:00:00,0.2557049989700317,0.2699649930000305,0.2532829940319061,0.2611669898033142,1628781435.0,1636588800,0.266062719481332,0.2639019209146499,0.25779780820764675,50.01849487919876,0.004628374952987235,0.006729788391967498,-0.0021014134389802626,3792552632.7,-0.026749179601793127,-2.0
2021-11-12 00:00:00,0.2609370052814483,0.268436998128891,0.2494570016860962,0.2594139873981476,1563007446.0,1636675200,0.26576971582004,0.26438724040985107,0.2583881110856027,49.34585003362938,0.0037514104684657767,0.006134112807267154,-0.002382702338801377,3795568761.65,-0.07432810672873746,-2.0
2021-11-13 00:00:00,0.2596180140972137,0.2622509896755218,0.2545399963855743,0.261705994606018,923837904.0,1636761600,0.2657422849110195,0.26502396047115323,0.25896405044830206,50.287179713270724,0.0032044170972495567,0.005548173665263635,-0.0023437565680140783,3577822629.8,-0.03688252240509915,-2.0
2021-11-14 00:00:00,0.2615909874439239,0.2712570130825043,0.2602750062942505,0.2629120051860809,1264556615.0,1636848000,0.2652561409132821,0.2653767210245132,0.2589900203124441,50.8052223961516,0.00283554943562081,0.00500564881933507,-0.00217009938371426,3472822425.2,-0.03737901580241865,-2.0
2021-11-15 00:00:00,0.2628700137138366,0.265170007944107,0.2563669979572296,0.2565290033817291,1028469310.0,1636934400,0.26156614082200186,0.2659422409534454,0.25915652543607387,47.956790842684065,0.0020050512726229597,0.004405529309992648,-0.0024004780373696882,3398576682.6,-0.047801284077223394,-2.0
2021-11-16 00:00:00,0.257093995809555,0.257093995809555,0.2263939976692199,0.2372490018606186,2248804980.0,1637020800,0.25638371067387716,0.265663360953331,0.25895806078356925,40.55972891053911,-0.00020647933280726338,0.003483127581432666,-0.003689606914239929,3259875789.3,-0.09887193095116242,-2.0
2021-11-17 00:00:00,0.2370100021362304,0.2409060001373291,0.2328590005636215,0.2374870032072067,1543405154.0,1637107200,0.25378056934901644,0.26509352087974547,0.25875767704212305,40.68136356745882,-0.0019178211033417658,0.0024029378444777798,-0.004320758947819546,2319066422.4,-0.09170637991818353,-2.0
2021-11-18 00:00:00,0.2375559955835342,0.2410909980535507,0.2160989940166473,0.2213830053806305,1860661769.0,1637193600,0.24809714300291877,0.2628669214248657,0.2583144448622309,35.40240459693251,-0.004521409825927969,0.00101806831039663,-0.005539478136324599,2118766309.35,-0.15469764523451102,-2.0
2021-11-19 00:00:00,0.2209949940443039,0.2368319928646087,0.2165179997682571,0.2331099957227707,1296123511.0,1637280000,0.24433942990643634,0.26160304129123685,0.2580032226714221,41.368888337850926,-0.005574246093242946,-0.0003003945703312852,-0.0052738515229116606,2001705768.35,-0.12468323528664627,-2.0
2021-11-20 00:00:00,0.2331739962100982,0.235953003168106,0.2254509925842285,0.233024001121521,805305660.0,1637366400,0.24024200226579392,0.2606947213411331,0.25745994981491205,41.338735471685936,-0.006342453608837367,-0.0015088063780325017,-0.004833647230804866,1830765841.1,-0.17472438348576524,-2.0
2021-11-21 00:00:00,0.233254998922348,0.2333499938249588,0.2256799936294555,0.2263280004262924,751789838.0,1637452800,0.23501571587153844,0.26024024128913875,0.2567853539279013,38.95764223876354,-0.007406200821998388,-0.002688285266825679,-0.004717915555172709,1729107531.65,-0.17255401770100487,-2.0
2021-11-22 00:00:00,0.2261600047349929,0.2275310009717941,0.2168979942798614,0.2196760028600692,921753721.0,1637539200,0.22975100151130132,0.2570094019174575,0.25555540440660535,36.69631730964627,-0.008685863534777682,-0.00388780092041608,-0.004798062614361602,1658374493.9,-0.14091404948853026,-2.0
2021-11-23 00:00:00,0.2196660041809082,0.2362010031938552,0.2145660072565078,0.226511999964714,1907278849.0,1637625600,0.22821714409760063,0.2545557618141174,0.2546038588490149,40.51746849114218,-0.009044142375077224,-0.004919069211348309,-0.004125073163728915,1649169393.25,-0.13269284094708522,-2.0
2021-11-24 00:00:00,0.2266799956560135,0.2302449941635131,0.2118359953165054,0.2218250036239624,1957665360.0,1637712000,0.2259797155857086,0.25269496202468866,0.25381984885292824,38.7886578574389,-0.009595669466596096,-0.005854389262397867,-0.003741280204198229,1651904770.35,-0.1448996029519941,-2.0
2021-11-25 00:00:00,0.2171320021152496,0.2288099974393844,0.2143169939517974,0.2163259983062744,1344826632.0,1637798400,0.22525728600365771,0.2501382422447204,0.2529368891258432,36.80448252303021,-0.010357092319007943,-0.006754929873719883,-0.0036021624452880607,1641151172.65,-0.17340067570122097,-2.0
2021-11-26 00:00:00,0.2210469990968704,0.2217590063810348,0.1903440058231353,0.200886994600296,2231733479.0,1637884800,0.22065400012901848,0.24730460166931148,0.25176257587442497,31.874567733184904,-0.012067220577995447,-0.007817388014574995,-0.004249832563420451,1685061523.5,-0.2359154749966078,-2.0
2021-11-27 00:00:00,0.2014289945363998,0.2096129953861236,0.200871005654335,0.2053470015525818,917785649.0,1637971200,0.21670014304774146,0.24459364175796505,0.25052879825986996,34.59989155928265,-0.012913762441943005,-0.008836662900048597,-0.0040770995418944085,1673157129.65,-0.1995174079906502,-2.0
2021-11-28 00:00:00,0.2052949965000152,0.2074719965457916,0.1930640041828155,0.2074719965457916,1027555437.0,1638057600,0.2140064282076699,0.2421162414550781,0.2494245054143848,35.91532858780896,-0.013260326837976982,-0.009721395687634275,-0.0035389311503427074,1519865829.0,-0.12550950723207122,-2.0
2021-11-29 00:00:00,0.2074439972639084,0.2236919999122619,0.2032520025968551,0.2151750028133392,1869737827.0,1638144000,0.2133634282009942,0.24019204139709469,0.248416545716199,40.58089846583011,-0.012766251983464483,-0.010330366946800318,-0.0024358850366641652,1495680100.55,-0.09395040609611949,-2.0
2021-11-30 00:00:00,0.2151110023260116,0.2268899977207183,0.213250994682312,0.2147150039672851,1897635999.0,1638230400,0.21167814305850438,0.23832204103469848,0.24737413152299745,40.391784001820454,-0.0122703670112842,-0.010718366959697094,-0.0015520000515871057,1449535828.75,-0.030119752877511563,-2.0
2021-12-01 00:00:00,0.2144870012998581,0.2184959948062896,0.2062979936599731,0.2094870060682296,988030934.0,1638316800,0.20991557197911395,0.2362256008386612,0.24657360637428785,38.2122243838692,-0.012159068167349296,-0.011006507201227535,-0.001152560966121761,1417498303.7,-0.10133838139929041,-2.0
2021-12-02 00:00:00,0.2094759941101074,0.2230110019445419,0.2021690011024475,0.2097260057926178,1879305770.0,1638403200,0.20897271590573444,0.2339620405435562,0.245740273233616,38.37593345732018,-0.011914237833918012,-0.011188053327765632,-0.0007261845061523799,1433313219.9,-0.09998109729801352,-2.0
2021-12-03 00:00:00,0.2094630002975464,0.2119909971952438,0.1932740062475204,0.1999929994344711,1260948451.0,1638489600,0.2088450023106166,0.2306674003601074,0.2450441519419352,34.38088928199535,-0.012363066566108444,-0.011423055975434195,-0.0009400105906742489,1450168747.25,-0.11635767974894351,-2.0
2021-12-04 00:00:00,0.2003560066223144,0.2005620002746582,0.1328260004520416,0.1788530051708221,4388513696.0,1638576000,0.20506014568465095,0.22688048005104064,0.24387667726988743,27.648406131445995,-0.01426020467001185,-0.011990485714349727,-0.002269718955662123,1606366601.3,-0.18583275896207396,-2.0
2021-12-05 00:00:00,0.1782629936933517,0.1811330020427703,0.1629489958286285,0.1712550073862075,1645331135.0,1638662400,0.1998862900904246,0.22350232064723968,0.24272138437237403,25.70045539651629,-0.016190165062782785,-0.01283042158403634,-0.0033597434787464454,1637209692.55,-0.2439473078120118,-2.0
2021-12-06 00:00:00,0.1713829934597015,0.180527001619339,0.1595579981803894,0.1783999949693679,1896979202.0,1638748800,0.19463271754128586,0.22019164085388185,0.2416837579674191,30.648682076745345,-0.016947768468573043,-0.01365389096094368,-0.0032938775076293628,1619618403.65,-0.19576246115252427,-2.0
2021-12-07 00:00:00,0.1783740073442459,0.1835390031337738,0.1755049973726272,0.1768050044775009,1085087124.0,1638835200,0.18921700332845953,0.21688728153705597,0.24072092967201966,30.165714085714114,-0.017475431136636604,-0.014418198996082267,-0.0030572321405543373,1596702502.15,-0.18269183610940587,-2.0
2021-12-08 00:00:00,0.176608994603157,0.1821680068969726,0.1726299971342086,0.1791509985923767,1014713070.0,1638921600,0.1848832879747663,0.2135850816965103,0.23971787922912174,31.86638956763369,-0.017502547016848585,-0.015035068600235532,-0.0024674784166130535,1554405067.2,-0.10820011544882391,-2.0
2021-12-09 00:00:00,0.1789609938859939,0.181889995932579,0.1694840043783188,0.1694840043783188,1071039221.0,1639008000,0.17913443062986642,0.20984796166419983,0.2384560914954754,28.7584830197398,-0.018095488660679143,-0.015647152612324255,-0.0024483360483548884,1543150852.7,-0.17464582829606012,-2.0
2021-12-10 00:00:00,0.1694660037755966,0.1746100038290023,0.1640650033950805,0.1644220054149627,845450410.0,1639094400,0.17405286005565096,0.20616368174552913,0.23712747536524373,27.259265932379193,-0.018757633869752238,-0.016269248863809854,-0.0024883850059423847,1545158090.2,-0.20749783993777315,-2.0
2021-12-11 00:00:00,0.1644989997148513,0.1700800061225891,0.1618169993162155,0.1690189987421035,692929162.0,1639180800,0.17264800199440541,0.20343448162078853,0.2358420814829643,30.787980853031897,-0.01869593467845923,-0.01675458602673973,-0.0019413486517195003,1542215056.4,-0.2145044892192951,-2.0
2021-12-12 00:00:00,0.1689040064811706,0.17289899289608,0.1658989936113357,0.1698909997940063,593132337.0,1639267200,0.1724531437669481,0.20073064148426054,0.2345340310624151,31.46713073261928,-0.0183649744340926,-0.017076663708210305,-0.001288310725882296,1525783987.2,-0.20876046547780325,-2.0
2021-12-13 00:00:00,0.1698800027370453,0.1706150025129318,0.1519960016012191,0.1575649976730346,968464045.0,1639353600,0.16947671558175764,0.1981779211759567,0.23294855624136296,27.377633433056104,-0.01887965846386469,-0.017437262659341184,-0.001442395804523506,1478843247.0,-0.2478531216312484,-2.0
2021-12-14 00:00:00,0.1574649959802627,0.2196319997310638,0.1554470062255859,0.1801570057868957,6411471551.0,1639440000,0.1699555729116712,0.19605980157852168,0.2316494856518928,42.20381282870557,-0.01726553666085545,-0.01740291745964404,0.0001373807987885868,1701533556.55,-0.14098871474699548,-2.0
2021-12-15 00:00:00,0.1911440044641494,0.1911440044641494,0.1712660044431686,0.1810819953680038,2466135011.0,1639526400,0.1702314295939036,0.193982121348381,0.23091552594695425,42.719436473392356,-0.015730364721419587,-0.017068406911999148,0.0013380421905795602,1757598975.5,-0.0945583301412688,-2.0
2021-12-16 00:00:00,0.1811710000038147,0.1849330067634582,0.1726550012826919,0.173454001545906,1057988990.0,1639612800,0.17079857204641608,0.19186716139316556,0.23007048546063777,39.58324074952728,-0.014956832199448655,-0.01664609196948905,0.0016892597700403945,1698911751.05,-0.030186820846311746,-2.0
2021-12-17 00:00:00,0.1733810007572174,0.1765590012073516,0.1622630059719085,0.1690099984407425,1026719015.0,1639699200,0.17145399962152746,0.18984052121639247,0.22922618250654198,37.84030654212303,-0.014534847340772816,-0.016223843043745804,0.0016889957029729875,1704358419.35,-0.013109157972836072,-2.0
2021-12-18 00:00:00,0.1691000014543533,0.1748739928007125,0.1662440001964569,0.1723999977111816,658993272.0,1639785600,0.17193699947425295,0.1876760411262512,0.22854353607905029,40.0102896119425,-0.013768165844843333,-0.01573270760396531,0.0019645417591219773,1685930311.1,-0.03363227257498813,-2.0
2021-12-19 00:00:00,0.1725330054759979,0.1743779927492141,0.1693820059299469,0.1695760041475296,541018118.0,1639872000,0.17189200009618483,0.18558608114719388,0.2278177179772444,38.795292370820945,-0.01323586312410907,-0.015233338707994063,0.0019974755838849927,1619494325.65,-0.04088685357823796,-2.0
2021-12-20 00:00:00,0.169523000717163,0.1708330065011978,0.1614969968795776,0.1673219949007034,912233179.0,1639958400,0.17328585684299466,0.18362592101097103,0.2269763543148233,37.80840270558101,-0.012847787791381904,-0.014756228524671632,0.0019084407332897284,1570224184.65,-0.06602812032651795,-2.0
2021-12-21 00:00:00,0.1670980006456375,0.1723400056362152,0.1661079972982406,0.1711750030517578,621397179.0,1640044800,0.17200271359511782,0.1824374413490295,0.22632250581124813,40.59051268597848,-0.012089964156353411,-0.01422297565100799,0.0021330114946545783,1551892496.9,0.009977334909224922,-2.0
2021-12-22 00:00:00,0.1711290031671524,0.1795849949121475,0.1700550019741058,0.1732140034437179,932537493.0,1640131200,0.1708787147487913,0.18115212142467496,0.22564073810071653,42.067467344765696,-0.011195795018937055,-0.013617539524593802,0.0024217445056567474,1504554083.05,0.05347214934257871,-2.0
2021-12-23 00:00:00,0.1732089966535568,0.1845220029354095,0.1717399954795837,0.1844899952411651,1184481683.0,1640217600,0.1724552852766854,0.1802328413724899,0.22500228355027205,49.53869487570584,-0.009468138428641415,-0.012787659305403326,0.0033195208767619108,1500730744.65,0.09153406785155505,-2.0
2021-12-24 00:00:00,0.1849790066480636,0.1952899992465973,0.1797610074281692,0.1866219937801361,1853415104.0,1640304000,0.1749712846108845,0.17909072101116177,0.22443730361533884,50.82987720945892,-0.007836588357025887,-0.011797445115727837,0.003960856758701951,1373975815.05,0.09848075534558176,-2.0
2021-12-25 00:00:00,0.1867119967937469,0.1948760002851486,0.1855709999799728,0.1906570047140121,1010443046.0,1640390400,0.17757942846843172,0.17812840104103084,0.22393959655304144,53.26709516925932,-0.006147121322066046,-0.01066738035699548,0.004520259034929435,1342231410.6,0.2100213088546936,-2.0
2021-12-26 00:00:00,0.1905670017004013,0.1925459951162338,0.1856459975242614,0.1900199949741363,650674078.0,1640476800,0.18049999858651838,0.1773497205972671,0.22342074805437914,52.82195825101228,-0.004804227740340422,-0.00949474983366447,0.004690522093324047,1279916154.4,0.05474663138500069,-2.0
2021-12-27 00:00:00,0.1899860054254531,0.1929229944944381,0.1872390061616897,0.1877049952745437,666773423.0,1640563200,0.1834118557827813,0.17646888017654416,0.22296178837617234,51.14908879465075,-0.0038820264459036302,-0.0083722051561123,0.004490178710208671,1259000469.35,0.03657459093644477,-2.0
2021-12-28 00:00:00,0.1878470033407211,0.1878850013017654,0.1727380007505417,0.1741169989109039,954075337.0,1640649600,0.18383214090551642,0.17543384015560146,0.22262891961468587,42.61758551971226,-0.004199207176468239,-0.007537605560183489,0.00333839838371525,1255968582.7,0.0038223238385330927,-2.0
2021-12-29 00:00:00,0.1740950047969818,0.1773390024900436,0.1667599976062774,0.1677650064229965,823628336.0,1640736000,0.1830537127596991,0.17499032020568844,0.22229293982187903,39.31618463278117,-0.004906568036470521,-0.007011398055440896,0.002104830018970375,1243598038.45,-0.007366380860493904,-2.0
2021-12-30 00:00:00,0.1681369990110397,0.1757709980010986,0.1653809994459152,0.171313002705574,599236772.0,1640822400,0.18117128525461465,0.1749926400184631,0.22175208125451595,42.01802859217724,-0.005121821792717196,-0.006633482802896157,0.001511661010178961,1231287356.55,-0.006305075522266668,-2.0
2021-12-31 00:00:00,0.171316996216774,0.1752939969301223,0.1673070043325424,0.1704960018396377,644416694.0,1640908800,0.17886757212025775,0.17467648029327384,0.22120323280493415,41.55917059950944,-0.0052972734167718305,-0.006366240925671292,0.0010689675088994613,1228861733.15,0.0054252822899854,-2.0
2022-01-01 00:00:00,0.1705099940299987,0.1734230071306228,0.1703529953956604,0.1730349957942962,371336089.0,1640995200,0.17635014227458407,0.17452567994594567,0.22083539432949487,43.619768791970635,-0.0051718268988729665,-0.006127358120311627,0.0009555312214386607,1217771920.75,0.03414375316875207,-2.0
2022-01-02 00:00:00,0.1730269938707351,0.1759890019893646,0.171201005578041,0.1744029968976974,391041933.0,1641081600,0.17411914254937846,0.1743357598781585,0.22048956607327314,44.750131080123275,-0.00490547609855127,-0.005882981715959556,0.000977505617408286,1188900815.15,0.018857857680093293,-2.0
2022-01-03 00:00:00,0.1744060069322586,0.1744060069322586,0.168271005153656,0.170087993144989,505900382.0,1641168000,0.17160242795944208,0.1743599194288253,0.22013730337523446,41.89680672057565,-0.004985110658645764,-0.005703407504496798,0.0007182968458510344,893622256.7,-0.018047099175469428,-2.0
2022-01-04 00:00:00,0.1701509952545166,0.1723390072584152,0.1681279987096786,0.1688030064105987,541922892.0,1641254400,0.1708432861736842,0.17453515946865078,0.2198195358117421,41.05725227929898,-0.0050931980944131094,-0.005581365622480061,0.00048816752806695157,797411650.75,-0.08502894051279253,-2.0
2022-01-05 00:00:00,0.1688349992036819,0.1707469969987869,0.1518979966640472,0.1594199985265731,994086848.0,1641340800,0.1696511421884809,0.17415119946002958,0.21944191961577442,35.468232938070926,-0.005868341892735274,-0.005638760876531104,-0.00022958101620416949,794216543.65,-0.14575985768113886,-2.0
2022-01-06 00:00:00,0.1594360023736953,0.1617060005664825,0.155141994357109,0.1602129936218261,715345645.0,1641427200,0.1680654266050883,0.17376407921314235,0.2190513842635684,36.257973961127036,-0.006345513728349406,-0.005780111446894764,-0.0005654022814546413,778647875.15,-0.15967947853713738,-2.0
2022-01-07 00:00:00,0.1602050065994262,0.1602949947118759,0.1512989997863769,0.155022993683815,969384523.0,1641513600,0.1658549968685422,0.17366239905357359,0.21855420235431552,33.378827532562084,-0.007061069848420087,-0.0060363031271998295,-0.0010247667212202579,794167437.7,-0.1841753616248898,-2.0
2022-01-08 00:00:00,0.1550309956073761,0.1577250063419342,0.1476690024137497,0.1519539952278137,584437036.0,1641600000,0.1628434253590447,0.1725342786312103,0.21783646489634656,31.772177803522652,-0.007786043097405243,-0.006386251121240913,-0.00139979197616433,796338383.6,-0.19046376466667492,-2.0
2022-01-09 00:00:00,0.1519590020179748,0.1537420004606247,0.1496070027351379,0.1510650068521499,408786249.0,1641686400,0.15950942678110938,0.17133359909057613,0.21714890936408376,31.30216616117329,-0.008336228697404913,-0.006776246636473714,-0.001559982060931199,771166037.1,-0.13239369046643035,-2.0
2022-01-10 00:00:00,0.1510729938745498,0.1521349996328354,0.1398400068283081,0.1433590054512024,763684873.0,1641772800,0.15569099996771127,0.17012979924678798,0.21635710139467254,27.503990660905203,-0.009287009792666528,-0.0072783992677122765,-0.002008610524954252,778280421.8,-0.14547730478582466,-2.0
2022-01-11 00:00:00,0.1433510035276413,0.1646209955215454,0.1426469981670379,0.1533990055322647,1628447666.0,1641859200,0.15349042841366356,0.16950535953044887,0.21547373783106752,38.05089460686588,-0.009125177199380274,-0.007647754854045876,-0.0014774223453343982,813075930.45,-0.1045688120013697,-2.0
2022-01-12 00:00:00,0.1534579992294311,0.161651998758316,0.1520950049161911,0.161651998758316,896008600.0,1641945600,0.15380928558962684,0.16907543957233426,0.2145609700619572,45.11888963309369,-0.008236036224221643,-0.00776541112808103,-0.0004706250961406134,798652276.3,-0.05187220219767985,-2.0
2022-01-13 00:00:00,0.1615619957447052,0.174792006611824,0.1615619957447052,0.1720429956912994,2301820074.0,1642032000,0.15549928588526588,0.16917411923408504,0.21372166712476745,52.47156104336788,-0.006616646403170223,-0.007535658183098869,0.0009190117799286459,821072524.8,-0.005732944936619022,-2.0
2022-01-14 00:00:00,0.1720529943704605,0.203232005238533,0.1712830066680908,0.1835490018129348,5784004926.0,1642118400,0.15957442990371157,0.1698231995105743,0.21312192970454089,59.018810596112566,-0.004354632278362275,-0.0068994530021515505,0.0025448207237892756,1059750618.8,0.05244178757204687,-2.0
2022-01-15 00:00:00,0.1836439967155456,0.1935999989509582,0.1826760023832321,0.1851029992103576,1878282290.0,1642204800,0.16431000190121783,0.1703803193569183,0.212528515494231,59.823789837804355,-0.002408807946272601,-0.006001323990975761,0.00359251604470316,1121131029.4,0.08827787186935221,-2.0
2022-01-16 00:00:00,0.1850930005311966,0.1850930005311966,0.1753270030021667,0.1771759986877441,1102750171.0,1642291200,0.168040143592017,0.17053879916667936,0.211827303424026,53.99719759465666,-0.00148920421841911,-0.005098900036464431,0.003609695818045321,1142929866.8,0.04960215137862445,-2.0
2022-01-17 00:00:00,0.1771869957447052,0.1778720021247863,0.1668909937143325,0.1711450070142746,1094379303.0,1642377600,0.1720095723867416,0.17000499963760374,0.211234778316334,50.00664577629639,-0.0012328507278884793,-0.00432569017474924,0.003092839446860761,1149945065.1,0.0735479149170053,-2.0
2022-01-18 00:00:00,0.1710859984159469,0.1737899929285049,0.162564992904663,0.165484994649887,979693368.0,1642464000,0.17373614226068765,0.16915951967239376,0.21056792982900982,46.531134443361736,-0.0014694653529465085,-0.0037544452103886942,0.0022849798574421857,1157748316.7,0.03290620135658395,-2.0
2022-01-19 00:00:00,0.165484994649887,0.1686470061540603,0.1601220071315765,0.1623560041189193,935006164.0,1642550400,0.17383671445505952,0.16802747964859005,0.2099226166804631,44.68229986462961,-0.0018877072200298994,-0.0033810976123169354,0.001493390392287036,1174536786.3,0.04730272755576315,-2.0
2022-01-20 00:00:00,0.1623460054397583,0.168845996260643,0.1551759988069534,0.1552039980888366,469269658.0,1642636800,0.17143114336899343,0.16663483977317803,0.20914112166924906,40.7014766908518,-0.0027644076570958187,-0.0032577596212727124,0.0004933519641768937,1165779434.5,0.021388071147128374,-2.0
2022-01-21 00:00:00,0.1552630066871643,0.1571560055017471,0.1414960026741027,0.1426399946212768,1163061854.0,1642723200,0.16558699948447084,0.1648322397470474,0.20823573780180224,34.83082876991024,-0.004422034684606974,-0.0034906146339395644,-0.0009314200506674091,1205365722.75,-0.05577077316865864,-2.0
2022-01-22 00:00:00,0.1426510065793991,0.1450269967317581,0.1228159964084625,0.1328919976949691,1693524581.0,1642809600,0.1581282849822725,0.16318323969841,0.20721664693620467,31.084608645762444,-0.006447969749460991,-0.00408208565704385,-0.002365884092417141,1270489855.15,-0.07301255838996557,-2.0
2022-01-23 00:00:00,0.1329600065946579,0.1430719941854477,0.1328189969062805,0.141863003373146,1006234946.0,1642896000,0.15308357136590134,0.16214715957641598,0.20625271761056144,37.72306557592652,-0.007246123894327244,-0.0047148933045005285,-0.002531230589826716,1295506583.35,-0.07520258765101528,-2.0
2022-01-24 00:00:00,0.1418810039758682,0.1419509947299957,0.1272200047969818,0.1377979964017868,1446873574.0,1642982400,0.1483197127069745,0.1608065593242645,0.20524160639204156,36.029455381717426,-0.00811315548822747,-0.005394545741245917,-0.0027186097469815524,1340754117.45,-0.1475639184158375,-2.0
2022-01-25 00:00:00,0.1377840042114257,0.1472360044717788,0.1332349926233291,0.1430490016937255,1347567750.0,1643068800,0.1451145708560943,0.159708679318428,0.2041887579241184,39.78992018422441,-0.008281112520123063,-0.005971859097021346,-0.0023092534231017167,1358428162.55,-0.16852760486453333,-2.0
2022-01-26 00:00:00,0.1430139988660812,0.1526030004024505,0.1421519964933395,0.143788993358612,1253108115.0,1643155200,0.14246214074747895,0.15853883922100062,0.20315846499770576,40.32232555303505,-0.00825930046050477,-0.0064293473697180316,-0.0018299530907867389,1385316286.05,-0.2166179497660492,-2.0
2022-01-27 00:00:00,0.1437560021877288,0.1450099945068359,0.1369470059871673,0.1412470042705536,608707586.0,1643241600,0.14046828448772425,0.15721259951591487,0.20201860654233678,39.045089459163236,-0.008350867914147464,-0.006813651478603918,-0.0015372164355435458,1367282439.2,-0.2369275221195336,-2.0
2022-01-28 00:00:00,0.1412439942359924,0.1424130052328109,0.1383800059556961,0.1416559964418411,506667466.0,1643328000,0.14032771331923347,0.15607531964778895,0.20100108120176524,39.37781275500602,-0.008294816054600751,-0.0071098843938032855,-0.0011849316607974655,1363393960.7,-0.20047863429009727,-2.0
2022-01-29 00:00:00,0.14164899289608,0.1439840048551559,0.1414799988269806,0.1430560052394867,397610776.0,1643414400,0.14177971439702167,0.15504543960094447,0.19997921254899764,40.57360126710068,-0.008044691348253669,-0.007296845784693363,-0.0007478455635603056,1362835187.05,-0.1641239920744232,-2.0
2022-01-30 00:00:00,0.1430570036172866,0.1435150057077407,0.1387539952993393,0.1394709944725036,363976741.0,1643500800,0.14143799883978705,0.1542474794387817,0.1988452528462265,38.48041944085572,-0.008043031068587198,-0.00744608284147213,-0.0005969482271150671,1342849780.45,-0.15719854378592235,-2.0
2022-01-31 00:00:00,0.1394689977169037,0.1422639936208725,0.1368529945611953,0.1418049931526184,412307174.0,1643587200,0.1420104269470487,0.1535111594200134,0.19747916195127696,40.62795436963858,-0.007763883877060562,-0.007509643048589817,-0.0002542408284707453,1282042755.85,-0.12657992587233224,-2.0
2022-02-01 00:00:00,0.1418049931526184,0.144128993153572,0.1411249935626983,0.1426309943199157,409432267.0,1643673600,0.14195071160793302,0.15301547944545743,0.19624607099427113,41.40748599880302,-0.007390809672324389,-0.007485876373336732,9.506670101234321e-05,1257713939.2,-0.08100953534537358,-2.0
2022-02-02 00:00:00,0.1426260024309158,0.1452530026435852,0.1369179934263229,0.1372350007295608,483194691.0,1643760000,0.14101442694664,0.15242671966552732,0.1950491316089726,37.90612738686191,-0.007444738947361973,-0.0074776488881417805,3.290994077980759e-05,1166782670.05,-0.037892555352843305,-2.0
2022-02-03 00:00:00,0.1372130066156387,0.1387470066547393,0.1355649977922439,0.1375409960746765,383506507.0,1643846400,0.14048499720437183,0.15188575923442837,0.19403752549128095,38.225132490304176,-0.0073777410134094334,-0.007457667313195312,7.992629978587854e-05,896757749.1,0.03498328311971344,-2.0
2022-02-04 00:00:00,0.1375229954719543,0.1475919932126999,0.137250006198883,0.1475030034780502,580740990.0,1643932800,0.14132028392383028,0.15205151915550227,0.19249263676730066,47.65380822666881,-0.006446482884677085,-0.007255430427491667,0.0008089475428145823,831880684.1,0.039756666437331445,-2.0
2022-02-05 00:00:00,0.1475329995155334,0.1501400023698806,0.1454100012779235,0.1471409946680069,587009429.0,1644019200,0.14190385384219031,0.15180119872093198,0.19107130335436923,47.37085991360454,-0.005672278695905336,-0.006938800081174402,0.0012665213852690654,806093647.0,0.06780213435744087,-2.0
2022-02-06 00:00:00,0.1471399962902069,0.1547749936580658,0.1452579945325851,0.1537699997425079,757004142.0,1644105600,0.14394656888076235,0.15148591876029965,0.18991398013601396,52.88732819497018,-0.004472257588264639,-0.006445491582592449,0.0019732339943278106,789224888.95,0.07494633252832172,-2.0
2022-02-07 00:00:00,0.1538030058145523,0.1715860068798065,0.1517409980297088,0.1655779927968979,1791358822.0,1644192000,0.14734271168708798,0.15122731864452357,0.18875573771168483,60.77441622209285,-0.002539156048443625,-0.005664224475762685,0.0031250684273190603,829808161.65,0.15153454328693838,-2.0
2022-02-08 00:00:00,0.1656060069799423,0.1691450029611587,0.1537089943885803,0.1584050059318542,1190116000.0,1644278400,0.1495961419173649,0.15022155880928037,0.18761106091316296,54.77548583950804,-0.0015678856341321545,-0.004844956707436579,0.0032770710733044245,842563653.45,0.1214751544637016,-2.0
2022-02-09 00:00:00,0.1583569943904876,0.1607040017843246,0.1550350040197372,0.1591230034828186,778670798.0,1644364800,0.15272299945354462,0.1491823589801788,0.18645956600555263,55.2516293434315,-0.0007317749848467225,-0.004022320362918608,0.003290545378071885,858033710.45,0.12330580758823606,-2.0
2022-02-10 00:00:00,0.1591449975967407,0.1604370027780532,0.1514970064163208,0.1518889963626861,1053630584.0,1644451200,0.1547727137804031,0.14817087888717645,0.18527251542216597,49.58698896582894,-0.0006454350158177635,-0.003346943293498439,0.0027015082776806754,852562146.95,0.061744986576497185,-2.0
2022-02-11 00:00:00,0.1518950015306472,0.1540690064430236,0.1433490067720413,0.1448470056056976,776730555.0,1644537600,0.15439328551292417,0.14711895883083337,0.1840762225064364,44.77460551747828,-0.0011321886045626006,-0.0029039923557112714,0.0017718037511486708,806722445.65,0.03854572883434826,-2.0
2022-02-12 00:00:00,0.1448560059070587,0.1470129936933517,0.1416780054569244,0.1444050073623657,602699408.0,1644624000,0.15400243018354684,0.14627575933933254,0.1828937982067917,44.48279941275141,-0.0015359049387503043,-0.002630374872319078,0.0010944699335687738,786545668.75,0.018335138643171822,-2.0
2022-02-13 00:00:00,0.1443790048360824,0.1573539972305297,0.1440310031175613,0.14894799888134,1581065491.0,1644710400,0.15331357291766573,0.14573943912982937,0.1817528889937834,48.2182692453364,-0.0014722998379392838,-0.0023987598654431194,0.0009264600275038356,793255264.6,0.04428914340494261,-2.0
2022-02-14 00:00:00,0.1488689929246902,0.1501320004463195,0.1436489969491958,0.1460029929876327,898042727.0,1644796800,0.15051714437348498,0.14537139892578121,0.18053761606264593,46.054939051265535,-0.0016406176810988826,-0.002247131428574272,0.0006065137474753892,770779013.45,0.0638903502128465,-2.0
2022-02-15 00:00:00,0.1459960043430328,0.1521990001201629,0.1452029943466186,0.151760995388031,674961496.0,1644883200,0.14956800001008166,0.14573623895645138,0.17921844425827563,50.711126377705035,-0.001294466310538589,-0.0020565984049671355,0.0007621320944285466,741871682.5,0.10338735154741707,-2.0
2022-02-16 00:00:00,0.1517789959907531,0.1518239974975586,0.1467709988355636,0.1490949988365173,505588732.0,1644969600,0.14813542791775292,0.1463843590021133,0.1779615653283668,48.61867996478568,-0.0012211854310404113,-0.0018895158101817908,0.0006683303791413795,736715739.8,0.010792969098449623,-2.0
2022-02-17 00:00:00,0.1490499973297119,0.1498890072107315,0.1380710005760193,0.1385519951581955,721382126.0,1645056000,0.14623014203139711,0.14625191867351528,0.1767781613150028,41.351985324990835,-0.0019908923239374543,-0.0019097911129329237,-8.110121100453056e-05,747451472.8,-0.05837258018535685,-2.0
2022-02-18 00:00:00,0.1385940015316009,0.142096996307373,0.1369599997997284,0.1387680023908615,563817289.0,1645142400,0.14536171300070627,0.14629071891307827,0.1755418079067962,41.54475815695924,-0.002554019457089274,-0.0020386367817641937,-0.0005153826753250801,755761798.45,-0.09756127578050111,-2.0
2022-02-19 00:00:00,0.1387639939785003,0.145906001329422,0.1387510001659393,0.1412059962749481,655782652.0,1645228800,0.14490471141678943,0.1462169986963272,0.17434778779444066,43.790457266390625,-0.0027716264514880407,-0.0021852347157089633,-0.0005863917357790773,770352094.0,-0.14719345312903442,-2.0
2022-02-20 00:00:00,0.141196995973587,0.141196995973587,0.1358519941568374,0.1368680000305175,490138547.0,1645315200,0.14317899729524336,0.14594015896320342,0.17308679795024368,40.787839499413636,-0.0032565817577494827,-0.0023995041241170675,-0.0008570776336324151,774243662.65,-0.13596164953651724,-2.0
2022-02-21 00:00:00,0.1368380039930343,0.1413449943065643,0.1282459944486618,0.128490000963211,913773124.0,1645401600,0.14067714129175454,0.14542987883090971,0.17172899992779045,35.697013302131225,-0.004267750863377634,-0.002773153471969181,-0.0014945973914084528,799460705.5,-0.1925114650246984,-2.0
2022-02-22 00:00:00,0.128488004207611,0.1316960006952285,0.1253650039434433,0.1315529942512512,711967119.0,1645488000,0.1377902839865003,0.1450257587432861,0.17046661599717955,38.708944783874855,-0.00476700068824687,-0.0031719229152247187,-0.001595077773022151,810899326.9,-0.13388726371511372,-2.0
2022-02-23 00:00:00,0.1315609961748123,0.1353369951248169,0.1278460025787353,0.1278460025787353,587472906.0,1645574400,0.13475471309253145,0.14441735863685604,0.16936153519635244,36.481790340391875,-0.005399540477182774,-0.0036174464276163302,-0.0017820940495664435,821097646.85,-0.11737214004438878,-2.0
2022-02-24 00:00:00,0.127820998430252,0.1278509944677353,0.109554998576641,0.1238130033016204,2046477370.0,1645660800,0.13264914282730642,0.14379103899002071,0.1682133129750839,34.177831464220006,-0.006155307599142484,-0.004125018661921561,-0.002030288937220923,894384465.85,-0.14259896133014505,-2.0
2022-02-25 00:00:00,0.1238429993391037,0.1281809955835342,0.1209829971194267,0.1275759935379028,805161073.0,1645747200,0.1310502844197409,0.1432218790054321,0.16726576740091495,38.10554626155522,-0.006377105324289034,-0.004575435994395056,-0.0018016693298939781,905292048.05,-0.14348635432466117,-2.0
2022-02-26 00:00:00,0.1275680065155029,0.1300709992647171,0.1261990070343017,0.1276469975709915,535575654.0,1645833600,0.12911328460488994,0.14262251913547513,0.16620048459130102,38.18050595721118,-0.006472540766430529,-0.00495485694880215,-0.0015176838176283788,894220623.65,-0.1257234186849585,-2.0
2022-02-27 00:00:00,0.1276389956474304,0.1282349973917007,0.1220529973506927,0.1231110021471977,592809151.0,1645920000,0.1271479991929871,0.1420575591921806,0.16509025227842905,35.24397091431875,-0.006835396764690971,-0.005330964911979915,-0.001504431852711056,834293140.1,-0.18878364080032162,-2.0
2022-02-28 00:00:00,0.1231179982423782,0.1344790011644363,0.1219540014863014,0.1331560015678405,765755924.0,1646006400,0.1278145707079342,0.14188215941190715,0.16414912097682852,45.28077482461917,-0.006240478897696244,-0.0055128677091231815,-0.000727611188573063,813075136.3,-0.10690497597544457,-2.0
2022-03-01 00:00:00,0.1331740021705627,0.1377300024032592,0.1304620057344436,0.1339379996061325,876604512.0,1646092800,0.12815528575863153,0.14133955925703046,0.16328308053992008,45.98269635316949,-0.005640876977221876,-0.005538469562742921,-0.00010240741447895517,817971822.0,-0.033301545364213925,-2.0
2022-03-02 00:00:00,0.1339640021324157,0.1362140029668808,0.1312319934368133,0.1329900026321411,709536320.0,1646179200,0.12889014290911807,0.1407735195755958,0.16233841390019713,45.22531227891106,-0.005182443584721641,-0.005467264367138664,0.0002848207824170234,800767108.8,-0.041637839121195785,-2.0
2022-03-03 00:00:00,0.1329980045557022,0.133649006485939,0.127810001373291,0.129610002040863,518193386.0,1646265600,0.12971828558615273,0.13980711966753,0.16140694923774157,42.5352331148894,-0.005033842614007522,-0.005380580016512436,0.0003467374025049137,787840250.35,-0.0821211176578227,-2.0
2022-03-04 00:00:00,0.1296309977769851,0.1298560053110122,0.1215440034866333,0.122590996325016,650665594.0,1646352000,0.1290061431271689,0.13808763980865474,0.16046013103591067,37.54136519988919,-0.005419972308142257,-0.0053884584748384,-3.151383330385685e-05,790238559.65,-0.10431221105238742,-2.0
2022-03-05 00:00:00,0.1226140037178993,0.1253750026226043,0.1215720027685165,0.1249959990382194,334091552.0,1646438400,0.1286274290510586,0.13675127953290936,0.15969355532316243,40.13486865934262,-0.005468877438298381,-0.005404542267530396,-6.433517076798439e-05,727889862.7,-0.027192792425863588,-2.0
2022-03-06 00:00:00,0.1250250041484832,0.1256110072135925,0.1203840002417564,0.1207659989595413,400458464.0,1646524800,0.1282924285956791,0.13521699935197826,0.15883920176161656,37.20839406325981,-0.005782305937565402,-0.005480095001537398,-0.00030221093602800404,703010649.55,-0.08199733767448847,-2.0
2022-03-07 00:00:00,0.1207690015435218,0.1225629970431327,0.1150150001049041,0.1171049997210502,513014829.0,1646611200,0.12599942833185193,0.13382563948631282,0.1579264038138919,34.84055631511491,-0.006254019875530981,-0.005634879976336115,-0.0006191398991948656,694913316.2,-0.08401516387710395,-2.0
2022-03-08 00:00:00,0.1171059980988502,0.1197239980101585,0.1158379986882209,0.117028996348381,491414294.0,1646697600,0.12358385643788741,0.13271291911602018,0.15693503001121556,34.79105730084386,-0.006558388387990111,-0.005819581658666915,-0.0007388067293231954,694204594.3,-0.054792362452535825,-2.0
2022-03-09 00:00:00,0.1170469969511032,0.1237339973449707,0.1167659983038902,0.1215879991650581,519157507.0,1646784000,0.12195499879973272,0.13180023878812785,0.15599435319503144,40.272645747161306,-0.006358433141572251,-0.005927351955247982,-0.00043108118632426834,684093363.35,-0.0469366861804269,-2.0
2022-03-10 00:00:00,0.1215720027685165,0.1216119974851608,0.1155320033431053,0.1168849989771843,513641345.0,1646870400,0.12013714121920718,0.13051771879196164,0.155058979386031,36.832909722521215,-0.006504480377837976,-0.006042777639765981,-0.0004617027380719955,681584566.15,-0.08431062851926352,-2.0
2022-03-11 00:00:00,0.1168930009007453,0.1182930022478103,0.1145699992775917,0.1156020015478134,388727358.0,1646956800,0.11913871339389252,0.12930167913436885,0.1541082318684067,35.93129033873669,-0.006647127091467919,-0.006163647530106369,-0.0004834795613615503,668231801.45,-0.06099374116381695,-2.0
2022-03-12 00:00:00,0.1156079992651939,0.1172389984130859,0.1151319965720176,0.1151359975337982,235277001.0,1647043200,0.11773014175040378,0.12783667922019956,0.15325109043506657,35.59051353855662,-0.0067203107104844145,-0.006274980166181978,-0.0004453305443024363,655488724.15,-0.13533001758738927,-2.0
2022-03-13 00:00:00,0.1150799989700317,0.1162310019135475,0.1106859967112541,0.1116079986095428,373430106.0,1647129600,0.11642185598611829,0.12633719921112058,0.1525718479445486,33.0360004059164,-0.006982499377911039,-0.006416484008527791,-0.0005660153693832475,628471573.25,-0.1667189375849637,-2.0
2022-03-14 00:00:00,0.1116070002317428,0.1189669966697692,0.1108170002698898,0.11404799669981,822092169.0,1647216000,0.11598514126879825,0.12535703927278516,0.1519939993517567,36.43415725015187,-0.00691370148475777,-0.006515927503773788,-0.0003977739809839821,633977825.75,-0.14243180357493423,-2.0
2022-03-15 00:00:00,0.1140429973602294,0.1142129972577095,0.1109369993209838,0.1127839982509613,400614617.0,1647302400,0.11537871296916688,0.12431767910718915,0.15133121150611623,35.43109396410085,-0.0068818431657024365,-0.006589110636159518,-0.0002927325295429186,624634911.3,-0.1298202571171696,-2.0
2022-03-16 00:00:00,0.1127789989113807,0.116907998919487,0.1123640015721321,0.116907998919487,537170937.0,1647388800,0.11471014150551385,0.1233457592129707,0.15072619124795447,41.12616089379717,-0.0064494772707686665,-0.006561183963081347,0.00011170669231268075,549169589.65,-0.04635738003517076,-2.0
2022-03-17 00:00:00,0.116907000541687,0.118709996342659,0.1162810027599334,0.1165020018815994,412838814.0,1647475200,0.11465542763471602,0.12253111928701398,0.15009337309936077,40.745147606968494,-0.006069617974104838,-0.006462870765286045,0.00039325279118120754,529553476.7,-0.06795415230868973,-2.0
2022-03-18 00:00:00,0.1164899989962577,0.1193749979138374,0.1145680025219917,0.1193059980869293,410862503.0,1647561600,0.11518456999744686,0.1221637591719627,0.14958652455096288,44.56498898324544,-0.005479157369466067,-0.00626612808612205,0.0007869707166559825,523317819.15,-0.012089502717574807,-2.0
2022-03-19 00:00:00,0.119277998805046,0.1245729997754097,0.1185299977660179,0.1235689967870712,628081786.0,1647648000,0.11638928417648585,0.1218443992733955,0.1491738678981559,49.85736863557525,-0.004614036972436147,-0.00593570986338487,0.0013216728909487222,525081450.9,0.05519830136559989,-2.0
2022-03-20 00:00:00,0.1235790029168129,0.1239190027117729,0.1179910004138946,0.1191539987921714,428111799.0,1647734400,0.11746728420257567,0.12149671912193297,0.14867018102997479,45.059451455195166,-0.004235848045895482,-0.005595737499886993,0.0013598894539915106,508199244.65,0.018157913936683867,-2.0
2022-03-21 00:00:00,0.1191459968686103,0.1213319972157478,0.118306003510952,0.1193389967083931,439486516.0,1647820800,0.11822314134665897,0.12131775885820387,0.1481595547361807,45.29700172796386,-0.003876516739238861,-0.005251893347757367,0.0013753766085185058,486343344.85,-0.01849691147242194,-2.0
2022-03-22 00:00:00,0.1193329989910125,0.1253499984741211,0.1190140023827552,0.1224810034036636,610507111.0,1647907200,0.11960842779704499,0.1211139592528343,0.14780517095568202,49.306070032419704,-0.003300168124551972,-0.0048615483031162875,0.0015613801785643155,481391884.4,0.04787615584076477,-2.0
2022-03-23 00:00:00,0.1224870011210441,0.1307130008935928,0.1213610023260116,0.1297270059585571,998922753.0,1647993600,0.12143971451691216,0.1211971595883369,0.14729577701802202,57.11229696008341,-0.002232975494711173,-0.004335833741435265,0.0021028582467240917,505428352.75,0.12218650388074415,-2.0
2022-03-24 00:00:00,0.129721999168396,0.1406050026416778,0.1284549981355667,0.1365499943494796,2017926806.0,1648080000,0.12430371344089504,0.12173471927642819,0.14684595882591572,62.90477105568694,-0.000827124924537681,-0.003634091978055748,0.0028069670535180668,573791413.35,0.1859887200733663,-2.0
2022-03-25 00:00:00,0.1366029977798462,0.1372749954462051,0.1287820041179657,0.1310130059719085,882486375.0,1648166400,0.12597614313874922,0.1216489994525909,0.14641726190092585,56.263629727973644,-0.00015794620110784474,-0.0029388628226661674,0.0027809166215583226,601211154.5,0.17386753283027256,-2.0
2022-03-26 00:00:00,0.1310099959373474,0.1364949941635131,0.1298779994249344,0.1358679980039596,610401998.0,1648252800,0.12773314331259042,0.12172619938850399,0.14608249421974623,60.22851426378298,0.0007554318918980285,-0.002200003879753328,0.0029554357716513567,611708331.2,0.19132296871099674,-2.0
2022-03-27 00:00:00,0.135900005698204,0.1448580026626587,0.1357029974460601,0.1447319984436035,1445019558.0,1648339200,0.131387143262795,0.12219587922096249,0.14580301947966967,66.24510533297648,0.002169532348647474,-0.0013260966340731678,0.0034956289827206416,658308567.65,0.28326713619030497,-2.0
2022-03-28 00:00:00,0.1447249948978424,0.1527370065450668,0.1424569934606552,0.142656996846199,1476875507.0,1648425600,0.13471828613962442,0.12271775901317593,0.14553111031500976,63.811495495232876,0.003087194603588167,-0.00044343838654090095,0.003530632990129068,707581628.3,0.22025009549983832,-2.0
2022-03-29 00:00:00,0.1425569951534271,0.1485590040683746,0.1412899941205978,0.1444700062274933,961074557.0,1648512000,0.13785957225731438,0.12359291940927503,0.1453002821465935,65.02063222088879,0.003915606581851916,0.0004283706071376625,0.0034872359747142533,729677480.8,0.24006458167403566,-2.0
2022-03-30 00:00:00,0.144455999135971,0.1449970006942749,0.1398800015449524,0.1432099938392639,884305263.0,1648598400,0.13978571338312965,0.1243214792013168,0.14501780730606326,63.434320563201666,0.0044195111995861125,0.0012265987256273527,0.00319291247395876,748210676.7,0.200358708997326,-2.0
2022-03-31 00:00:00,0.1431840062141418,0.1472200006246566,0.1371719986200332,0.13782599568367,1055136949.0,1648684800,0.13996799928801398,0.12500387907028196,0.14466035268222438,57.03155882793772,0.004334450734406414,0.001848169127383165,0.0024862816070232493,781531156.25,0.11537682806607097,-2.0
2022-04-01 00:00:00,0.137922003865242,0.1423940062522888,0.1332090049982071,0.1413149982690811,877530017.0,1648771200,0.14143971247332435,0.1259722790122032,0.14422424160169828,59.859113919790076,0.0044967374624106105,0.0023778827943886542,0.002118854668021956,813643807.05,0.1859862002244923,-2.0
2022-04-02 00:00:00,0.1413100063800811,0.1440690010786056,0.1388819962739944,0.1389130055904388,682408266.0,1648857600,0.14187471355710707,0.1268476393818855,0.14374233263008518,57.074538672732615,0.0043810283608423095,0.0027785119076793856,0.0016025164531629239,829092715.05,0.1640202232458441,-2.0
2022-04-03 00:00:00,0.1389030069112777,0.1485580056905746,0.1370880007743835,0.1464529931545257,1047399132.0,1648944000,0.14212056994438169,0.1278422391414642,0.14329582746281766,62.90760812509157,0.0048419273221522174,0.0031911949905739524,0.001650732331578265,840358063.2,0.19572006339511305,-2.0
2022-04-04 00:00:00,0.1464129984378814,0.1553120017051696,0.1420080065727234,0.1485909968614578,2253509569.0,1649030400,0.14296828423227578,0.12911047905683515,0.14287735273440674,64.38546364714456,0.005318404840288143,0.0036166369605167906,0.0017017678797713529,933002810.8,0.14541298292914462,-2.0
2022-04-05 00:00:00,0.1486140042543411,0.1780450046062469,0.1477269977331161,0.1729069948196411,5230288678.0,1649116800,0.1470307111740112,0.13140267878770825,0.14272787798233702,76.06542105114015,0.007570842563807689,0.004407478081174971,0.0031633644826327186,1167658697.85,0.2662541338310944,-2.0
2022-04-06 00:00:00,0.1724849939346313,0.1734970062971115,0.1432909965515136,0.1434170007705688,3729047979.0,1649203200,0.14706028359276901,0.13253391891717908,0.1424177769910205,53.25469400585584,0.006896817408077266,0.00490534594655543,0.0019914714615218362,1333469156.1,0.09467758339442955,-2.0
2022-04-07 00:00:00,0.143432006239891,0.1480280011892318,0.1413120031356811,0.1461019963026046,1420790611.0,1649289600,0.148242569395474,0.13391367882490154,0.14219895870697616,54.5899286863432,0.006504326489099571,0.005225142055064258,0.001279184434035313,1383965561.5,0.07532309630665734,-2.0
2022-04-08 00:00:00,0.1461060047149658,0.1527159959077835,0.1416079998016357,0.142548993229866,1683800631.0,1649376000,0.14841885438987182,0.13505371868610377,0.14190841315671648,52.45471744157001,0.005839265535504318,0.005347966751152271,0.0004912987843520471,1436751503.75,-0.015083086236718612,-2.0
2022-04-09 00:00:00,0.1425440013408661,0.1444620043039322,0.141415998339653,0.1443029940128326,523997409.0,1649462400,0.1491888527359281,0.13631447851657863,0.14164383732008207,53.423254720842586,0.005391582337619244,0.005356689868445666,3.489246917357837e-05,1441545784.25,0.011538145362811614,-2.0
2022-04-10 00:00:00,0.1443040072917938,0.1569720059633255,0.1438630074262619,0.1495350003242492,1931829669.0,1649548800,0.14962913947446002,0.13761955857276914,0.14140646362846546,56.283958551442744,0.005396758884487596,0.005364703671654052,3.2055212833543775e-05,1516162941.9,0.03505913946442418,-2.0
2022-04-11 00:00:00,0.1493739932775497,0.1512919962406158,0.1338180005550384,0.1346540004014969,1515679359.0,1649635200,0.14763813998017988,0.13834563851356502,0.1410049586133523,47.371985122503666,0.004152224744925742,0.0051222078863083905,-0.0009699831413826484,1561421554.3,-0.05974438800248871,-2.0
2022-04-12 00:00:00,0.1346520036458969,0.1441220045089721,0.1342429965734481,0.1380760073661804,1214105682.0,1649721600,0.1426622846296855,0.13909643888473508,0.14068160522164716,49.357784646279455,0.0034028241969255024,0.004778331148431813,-0.0013755069515063107,1572180700.75,0.001813966090143282,-2.0
2022-04-13 00:00:00,0.1380700021982193,0.1426080018281936,0.1370670050382614,0.1400800049304962,890728707.0,1649808000,0.14218557093824655,0.13975687921047208,0.14039147389356532,50.53489805140415,0.0029367714456807192,0.004410019207881595,-0.0014732477622008758,1515820795.8,-0.008739294156401733,-2.0
2022-04-14 00:00:00,0.1400530040264129,0.1466329991817474,0.1381009966135025,0.1439200043678283,1759067761.0,1649894400,0.1418738578047071,0.14074751943349834,0.14023490829600224,52.79889795074254,0.0028444876618352877,0.004096912898672334,-0.0012524252368370462,1559649865.1,0.03604413248498717,-2.0
2022-04-15 00:00:00,0.1439169943332672,0.1492870002985,0.142766997218132,0.146026000380516,1140382087.0,1649980800,0.14237057311194282,0.14181499958038324,0.1400916053339688,54.041283673254874,0.0029077694200985993,0.003859084202957587,-0.0009513147828589877,1586148869.55,-0.0029155619479840356,-2.0
2022-04-16 00:00:00,0.1460170000791549,0.1478109955787658,0.1420930027961731,0.1437119990587234,584019179.0,1650067200,0.14228614526135577,0.14266423940658565,0.1399773528630083,52.408980713923356,0.0027396194737505097,0.0036351912571161715,-0.0008955717833656618,1543098850.6,-0.03283508359045095,-2.0
2022-04-17 00:00:00,0.1436930000782013,0.1447090059518814,0.1389950066804886,0.1394589990377426,636442285.0,1650153600,0.14084671650614053,0.1430535191297531,0.1398511407802803,49.45246930611501,0.0022373866711060952,0.003355630339914157,-0.0011182436688080616,1501077189.5,-0.19344501254439161,-2.0
2022-04-18 00:00:00,0.1394709944725036,0.1404609978199005,0.1343840062618255,0.1402859985828399,909718484.0,1650240000,0.14165128767490384,0.1432029592990875,0.13974226190887312,50.04262691208442,0.0018843736222488305,0.0030613789963810914,-0.0011770053741322608,1498509385.85,-0.021831457713564206,-2.0
2022-04-19 00:00:00,0.140296995639801,0.1441410034894943,0.139500007033348,0.1426649987697601,679511647.0,1650326400,0.14230685787541522,0.14366903901100156,0.1397352517403737,51.78648348020303,0.0017760998966334651,0.0028043231764315665,-0.0010282232797981013,1488269705.05,-0.023524644562185282,-2.0
2022-04-20 00:00:00,0.1426769942045211,0.1462409943342209,0.1395950019359588,0.1408780068159103,1068542289.0,1650412800,0.14242085814476008,0.14386943936347957,0.13960877700586508,50.36432820260774,0.0015284775352701063,0.002549154048199275,-0.0010206765129291686,1488939972.05,-0.011722190217514639,-2.0
2022-04-21 00:00:00,0.140867993235588,0.1424479931592941,0.1352549940347671,0.136364996433258,740549793.0,1650499200,0.14134157129696434,0.14353475928306575,0.13935335273995542,46.86407798170699,0.0009570406400271347,0.002230731366564847,-0.0012736907265377124,1482090960.85,-0.05500923687604642,-2.0
2022-04-22 00:00:00,0.1363569945096969,0.1379079967737198,0.1349849998950958,0.1363950073719024,505251263.0,1650585600,0.13996571515287667,0.1432842797040939,0.13899327204986048,46.890510959987814,0.0005008212597710782,0.0018847493452060933,-0.0013839280854350152,1473233110.7,-0.08787235713280672,-2.0
2022-04-23 00:00:00,0.1363870054483413,0.1364949941635131,0.1338099986314773,0.1342409998178482,349740069.0,1650672000,0.13861271526132307,0.1428751194477081,0.13849521142364749,45.154273724075736,-3.415260382724772e-05,0.001500968955399425,-0.0015351215592266728,1438350157.55,-0.0030671244999572744,-2.0
2022-04-24 00:00:00,0.1342020034790039,0.1346900016069412,0.1315020024776458,0.1319469958543777,436620221.0,1650758400,0.13753957194941382,0.14242459952831266,0.1379582820968194,43.314806293737874,-0.0006358999344580618,0.0010735951774279277,-0.0017094951118859895,1347505690.15,-0.04438867858880391,-2.0
2022-04-25 00:00:00,0.1319359987974167,0.1677349954843521,0.1238690018653869,0.1579589992761612,5177823685.0,1650844800,0.14006428633417398,0.1432299196720123,0.1377641709916519,62.1457535935624,0.0009749239391154407,0.0010538609297654302,-7.89369906499895e-05,1344882440.5,0.12763416416594264,-2.0
2022-04-26 00:00:00,0.1577769964933395,0.1652780026197433,0.1374240070581436,0.1377670019865036,4529010503.0,1650931200,0.13936457250799447,0.1430879998207092,0.13742701942571484,48.638358516796316,0.0006150975726363361,0.0009661082583396114,-0.0003510106857032753,1384880566.7,-0.04275293353659837,-2.0
2022-04-27 00:00:00,0.1378470063209533,0.1454049944877624,0.1362719982862472,0.1396999955177307,1765370972.0,1651017600,0.1391962851796831,0.14311947941780087,0.13716656488902637,49.7640276599344,0.0004803715834684197,0.0008689609233653731,-0.0003885893398969534,1402109584.75,-0.04332108560325498,-2.0
2022-04-28 00:00:00,0.1396909952163696,0.1426180005073547,0.1360580027103424,0.137363001704216,1105137506.0,1651104000,0.13933885736124854,0.14275587975978848,0.13691411031918088,48.38338910271135,0.00018291585659246934,0.0007317519100107924,-0.0005488360534183231,1373176428.5,-0.044178616928939096,-2.0
2022-04-29 00:00:00,0.137375995516777,0.1446429938077926,0.134099006652832,0.1350270062685012,1555397213.0,1651190400,0.13914342863219123,0.14221332013607021,0.13671030232099568,46.98031844697071,-0.00023856522750231868,0.0005376884825081702,-0.0007762537100104888,1424746418.7,-0.03177989803327019,-2.0
2022-04-30 00:00:00,0.1350329965353012,0.1365280002355575,0.126239001750946,0.1275569945573806,916612071.0,1651276800,0.13818857073783872,0.1403993201255798,0.13655794878499672,42.71458759902943,-0.001161965128150283,0.00019775776037647954,-0.0013597228885267624,1373985538.8,-0.09073609735858812,-2.0
2022-05-01 00:00:00,0.127589002251625,0.1348209977149963,0.1275330036878585,0.1327729970216751,991710768.0,1651363200,0.13830657090459547,0.13997355997562405,0.13655674675799376,46.37591508602612,-0.001456093456256663,-0.00013301248295014895,-0.001323080973306514,1347787109.25,-0.06933727146382418,-2.0
2022-05-02 00:00:00,0.1327939927577972,0.1337829977273941,0.1282999962568283,0.1309379935264587,769062732.0,1651449600,0.13444642722606656,0.1393669998645782,0.13644639312317874,45.279487815142495,-0.001816324266143532,-0.00046967483958882555,-0.0013466494265547064,1325534961.75,-0.07055759457500366,-2.0
2022-05-03 00:00:00,0.1309349983930587,0.1318330019712448,0.1273989975452423,0.1295199990272522,555706527.0,1651536000,0.1332682839461735,0.13884584009647366,0.1363627769880824,44.40581363245772,-0.002190973900422999,-0.0008139346517556603,-0.0013770392486673385,1308783852.75,-0.05019614699550845,-2.0
2022-05-04 00:00:00,0.129513993859291,0.1358090043067932,0.1293130069971084,0.1358090043067932,838050627.0,1651622400,0.13271242805889671,0.13850608050823207,0.13628964570134575,49.097007766517706,-0.0019578474217848696,-0.0010427172057615023,-0.0009151302160233673,1262732996.05,-0.004296367414031277,-2.0
2022-05-05 00:00:00,0.1358129978179931,0.1373129934072494,0.1266970038414001,0.1284299939870834,1258066467.0,1651708800,0.13143628409930636,0.13766188025474546,0.1361345042935525,44.3664775760437,-0.002341525819617496,-0.0013024789285327012,-0.0010390468910847948,1268617215.05,-0.04328786167154419,-2.0
2022-05-06 00:00:00,0.1284029930830001,0.1293050050735473,0.1245660036802291,0.1279010027647018,839005988.0,1651795200,0.13041828359876356,0.13739176034927364,0.13599969619753383,44.03889092334399,-0.002657643228028278,-0.0015735117884318167,-0.0010841314395964613,1281366555.5,-0.030663775734168564,-2.0
2022-05-07 00:00:00,0.1278900057077407,0.1319199949502945,0.1253650039434433,0.1275320053100586,746383231.0,1651881600,0.13041471370628901,0.13697000026702877,0.1358570296204451,43.79596996496186,-0.0029044627241275878,-0.001839701975570971,-0.0010647607485566167,1286863602.8,-0.19262589726152168,-2.0
2022-05-08 00:00:00,0.1275269985198974,0.1280169934034347,0.1239740028977394,0.1242069974541664,728953161.0,1651968000,0.12919099948235918,0.1363350799679756,0.13566663560241157,41.57076209290765,-0.0033299833238306653,-0.0021377582452229097,-0.0011922250786077556,1277825336.65,-0.0984270858537345,-2.0
2022-05-09 00:00:00,0.1242000013589859,0.1251360028982162,0.104823999106884,0.104823999106884,1353326367.0,1652054400,0.12546042885099137,0.1347712397575378,0.13531666595225378,31.517602470566203,-0.005171641971542712,-0.0027445349904868703,-0.0024271069810558417,1311516072.65,-0.24964923070752887,-2.0
2022-05-10 00:00:00,0.1047080010175705,0.1177750006318092,0.1008810028433799,0.1084769964218139,1723066438.0,1652140800,0.12245428562164304,0.13326927959918974,0.1349800195206295,34.72163514950316,-0.006264193639396315,-0.0034484667202687594,-0.0028157269191275555,1344242280.1,-0.2102895606824492,-2.0
2022-05-11 00:00:00,0.1084489971399307,0.11056499928236,0.0800359994173049,0.0845810025930404,2556008051.0,1652227200,0.1151359996625355,0.13090403974056242,0.1343936559678328,26.114477624071355,-0.008955027717196334,-0.004549778919654275,-0.00440524879754206,1435015193.0,-0.3735993640794266,-2.0
2022-05-12 00:00:00,0.0846360027790069,0.089028000831604,0.0700369998812675,0.0826710015535354,2631064083.0,1652313600,0.1085990007434572,0.12863251984119414,0.13384250446100424,25.568889832647002,-0.011113544211875409,-0.005862531978098502,-0.005251012233776907,1541305834.0,-0.3518897035760242,-2.0
2022-05-13 00:00:00,0.0826390013098716,0.0942540019750595,0.0823709964752197,0.0883309990167617,1444350618.0,1652400000,0.10294614306518005,0.12655431985855098,0.13334543378365157,30.221254755934538,-0.012226529768054648,-0.007135331536089732,-0.005091198231964916,1596036361.45,-0.33472166029104766,-2.0
2022-05-14 00:00:00,0.0883409976959228,0.0915979966521263,0.0844829976558685,0.0897959992289543,902479951.0,1652486400,0.09755528505359372,0.12443955987691875,0.1327625347508324,31.41619715931965,-0.012842327212315832,-0.008276730671334952,-0.00456559654098088,1619329347.95,-0.31420975065721335,-2.0
2022-05-15 00:00:00,0.0897850021719932,0.0928430035710334,0.0868759974837303,0.0928430035710334,651900826.0,1652572800,0.09307471449886043,0.12251815974712368,0.13221407019429732,33.94968474543043,-0.012935372416715704,-0.009208459020411104,-0.0037269133963046003,1393033205.0,-0.28317631046693903,-2.0
2022-05-16 00:00:00,0.0928670018911361,0.0930610001087188,0.0864280015230178,0.0878409966826438,606521740.0,1652659200,0.09064857129539756,0.12057719975709912,0.13154812066844013,31.868481545261034,-0.013259879922180112,-0.010018743200764907,-0.0032411367214152057,1196908766.85,-0.35320196822730143,-2.0
2022-05-17 00:00:00,0.0878359973430633,0.0911120027303695,0.0874840021133422,0.0902130007743835,560800173.0,1652745600,0.08803942906005036,0.11872991949319836,0.13078685812275814,33.93669273067047,-0.01317379425193875,-0.010649753410999677,-0.0025240408409390735,1136680226.9,-0.2975706221441037,-2.0
2022-05-18 00:00:00,0.0902210026979446,0.0907969996333122,0.0836490020155906,0.0836490020155906,558257804.0,1652832000,0.08790628612041466,0.11670623958110805,0.13003174697208883,31.12128038624664,-0.013479843337186811,-0.011215771396237103,-0.0022640719409497082,1109336241.8,-0.34598634719480004,-2.0
2022-05-19 00:00:00,0.083635002374649,0.0871239975094795,0.0820870026946067,0.0867229998111724,613801947.0,1652918400,0.08848514301436282,0.11489727973937983,0.12930043380368836,33.88743374543682,-0.01332078973837822,-0.011636775064665327,-0.001684014673712892,1062256478.5,-0.31999030674433804,-2.0
2022-05-20 00:00:00,0.0867189988493919,0.0877500027418136,0.0828590020537376,0.083976998925209,518556378.0,1653004800,0.08786314300128385,0.11193799972534174,0.12861445403159263,32.626915848068165,-0.01326342542550385,-0.011962105136833032,-0.001301320288670818,1042353693.85,-0.3238947833337865,-2.0
2022-05-21 00:00:00,0.0839719995856285,0.0851100012660026,0.0829320028424263,0.0844630002975463,335246011.0,1653091200,0.08710128601108272,0.10980583965778346,0.12800451458403556,33.10121253075364,-0.01302856238798844,-0.012175396587064114,-0.0008531658009243263,1009530456.0,-0.1942398590286234,-2.0
2022-05-22 00:00:00,0.0844480022788047,0.0864799991250038,0.0840580016374588,0.0861049965023994,375026021.0,1653177600,0.08613871357270642,0.1076620396971702,0.12741562558545003,34.7719844272184,-0.012565093787975393,-0.012253336027246372,-0.00031175776072902076,989828620.45,-0.20623727294606076,-2.0
2022-05-23 00:00:00,0.0860840007662773,0.0881099998950958,0.0828580036759376,0.0832530036568641,507385171.0,1653264000,0.08548328599759504,0.10549763977527613,0.12675203977510177,33.22009507847426,-0.012286294812247453,-0.012259927784246588,-2.6367028000864878e-05,987412552.65,-0.015700912680899903,-2.0
2022-05-24 00:00:00,0.0832670032978057,0.084316998720169,0.0808110013604164,0.083636999130249,462415724.0,1653350400,0.08454385719129011,0.10344203948974606,0.12612208024118882,33.649471329784774,-0.011897215693076682,-0.012187385366012608,0.0002901696729359256,968630807.5,0.011684841825558845,-2.0
2022-05-25 00:00:00,0.0836279988288879,0.0843380019068718,0.0823189988732338,0.0829849988222122,419834752.0,1653436800,0.08444899959223605,0.10165915966033932,0.12542737320517044,33.25844985765153,-0.011508812240315316,-0.01205167074087315,0.0005428585005578333,926719221.75,-0.06052235629685376,-2.0
2022-05-26 00:00:00,0.0829939991235733,0.0835999995470047,0.0760649964213371,0.0782520025968551,711890873.0,1653523200,0.08323885713304788,0.09947831988334652,0.1247117873845678,30.488736482317947,-0.01145091393786335,-0.011931519380271191,0.00048060544240784153,920363466.0,-0.128558028544961,-2.0
2022-05-27 00:00:00,0.0782110020518302,0.0853839963674545,0.0765819996595382,0.081335000693798,1310057650.0,1653609600,0.08286142881427487,0.0974942001700401,0.12413383794553348,34.32538606732106,-0.011029120104130749,-0.011751039525043104,0.000721919420912355,948547186.95,-0.12395121263424791,-2.0
2022-05-28 00:00:00,0.0822480022907257,0.0830480009317398,0.0811510011553764,0.0818390026688575,535539620.0,1653696000,0.08248657201017648,0.0955869603157043,0.12355879754430112,34.95741709149334,-0.010532761585627451,-0.011507383937159974,0.0009746223515325232,938876509.9,-0.06832793616254818,-2.0
2022-05-29 00:00:00,0.0818379968404769,0.0830340012907981,0.0802989974617958,0.082685999572277,394962471.0,1653782400,0.08199814387730184,0.09346204012632364,0.12296768646649636,36.07087523165726,-0.00995627853085064,-0.011197162855898108,0.0012408843250474675,890958315.1,-0.0834358810536745,-2.0
2022-05-30 00:00:00,0.0826840028166771,0.0882750004529953,0.0822689980268478,0.0878710001707077,690696756.0,1653868800,0.08265785766499378,0.09183968037366862,0.12247276727599324,42.55404294155583,-0.008977537872893127,-0.010753237859297113,0.0017756999864039866,839339831.0,0.05047278572827696,-2.0
2022-05-31 00:00:00,0.0878650024533271,0.0882299989461898,0.0836120024323463,0.0858649984002113,672444588.0,1653955200,0.0829761432749884,0.090158240199089,0.12204221169454879,40.82890657067013,-0.008268433078431614,-0.010256276903124013,0.001987843824692399,745161657.85,-0.00989358547131991,-2.0
2022-06-01 00:00:00,0.0858549997210502,0.0886470004916191,0.0798069983720779,0.081055998802185,830748610.0,1654041600,0.08270057184355595,0.08829919993877405,0.12153214103344712,36.96052869325361,-0.008002263385993136,-0.009805474199697838,0.0018032108137047021,655145884.2,-0.03478333544195211,-2.0
2022-06-02 00:00:00,0.0810519978404045,0.0830070003867149,0.0804169997572898,0.0827720016241073,434510607.0,1654128000,0.08334628599030626,0.0866418001055717,0.12107684809451148,39.17510401911618,-0.00756564287893223,-0.009357507935544716,0.0017918650566124857,604653883.65,-0.020020584960064758,-2.0
2022-06-03 00:00:00,0.0827770009636879,0.082856997847557,0.079755999147892,0.0804419964551925,403339248.0,1654214400,0.08321871395621974,0.08566651999950403,0.12063875711626473,37.261040093150385,-0.007323212490818659,-0.008950648846599504,0.0016274363557808452,579696848.5,-0.0657685416321816,-2.0
2022-06-04 00:00:00,0.0804539993405342,0.0823369994759559,0.0797270014882087,0.0817769989371299,350329772.0,1654300800,0.08320985628025868,0.08459852010011668,0.12017614100918622,39.0971298671231,-0.006943322815067224,-0.008549183640293048,0.001605860825225824,564618295.8,-0.01772914675628645,-2.0
2022-06-05 00:00:00,0.0817760005593299,0.0821380019187927,0.080835998058319,0.0812290012836456,282624184.0,1654387200,0.08300171366759704,0.08446444004774088,0.11970727235981908,38.59778534175263,-0.006610277180325461,-0.008161402348299531,0.0015511251679740708,548423418.0,-0.028791059837684818,-2.0
2022-06-06 00:00:00,0.081225000321865,0.0845590010285377,0.0811259970068931,0.0825299993157386,503707292.0,1654473600,0.0822387135454586,0.084458799958229,0.1192973632403094,40.53941855260047,-0.006170229877835762,-0.007763167854206778,0.0015929379763710162,545568773.95,-0.0054829127303888114,-2.0
2022-06-07 00:00:00,0.0825299993157386,0.0825299993157386,0.0783319994807243,0.0805130004882812,509642725.0,1654560000,0.08147414241518287,0.08414608001708979,0.11876561575465729,38.50645148135087,-0.0059160476541115364,-0.00739374381418773,0.0014776961600761933,543138020.0,0.02889380228483729,-2.0
2022-06-08 00:00:00,0.0804919973015785,0.0814199969172477,0.0791559964418411,0.0794389992952346,328046389.0,1654646400,0.08124314248561852,0.08373180001974101,0.11821512080202196,37.430091556495576,-0.005735157999594995,-0.007062026651269183,0.0013268686516741878,528850242.1,-0.02331101472170971,-2.0
2022-06-09 00:00:00,0.0794359967112541,0.0808980017900466,0.0790819972753524,0.0793360024690628,274673852.0,1654732800,0.08075228546346933,0.08319151997566218,0.11767316120441511,37.32234665578381,-0.005536293680912324,-0.006756880057197811,0.0012205863762854872,516656115.8,-0.03058444162525431,-2.0
2022-06-10 00:00:00,0.0793349966406822,0.0795210003852844,0.0748040005564689,0.0754539966583252,431520761.0,1654819200,0.08003971406391684,0.08269603997468943,0.11712613084701573,33.41779921890425,-0.005627072314357537,-0.006530918508629757,0.0009038461942722205,521469853.3,-0.08746345150765467,-2.0
2022-06-11 00:00:00,0.0754719972610473,0.0763989984989166,0.0685959979891777,0.0698949992656707,497184012.0,1654905600,0.07834228553942267,0.08188331991434092,0.11659384804843649,28.775348282986187,-0.006077521778557901,-0.006440239162615386,0.00036271738405748485,527577752.85,-0.20457262202677662,-2.0
2022-06-12 00:00:00,0.0699189975857734,0.0703449994325637,0.06386099755764,0.0643360018730163,708156957.0,1654992000,0.07592899990933277,0.08111079990863795,0.11598112080434353,25.030579071257293,-0.00680463130145019,-0.006513117590382347,-0.0002915137110678428,537616342.15,-0.25073076257277405,-2.0
2022-06-13 00:00:00,0.0642749965190887,0.0657019987702369,0.0530019998550415,0.0539209991693496,1465281537.0,1655078400,0.07184199988842006,0.07979871988296504,0.11530591878626079,19.825035913373625,-0.008127584775217286,-0.006836011027349335,-0.0012915737478679514,587759632.8,-0.3347685554903548,-2.0
2022-06-14 00:00:00,0.0539410002529621,0.0581540018320083,0.0502669997513294,0.0555920004844665,908921329.0,1655164800,0.06828185703073224,0.07866331994533533,0.11468457535962862,22.606056592077977,-0.008938165485649768,-0.007256441919009422,-0.0016817235666403462,612213961.65,-0.32837192053266284,-2.0
2022-06-15 00:00:00,0.0555769987404346,0.0634720027446746,0.050670001655817,0.0630000010132789,1122284662.0,1655251200,0.06593342870473858,0.07780479997396465,0.11413882793200132,33.60193141174577,-0.008880424797956296,-0.007581238494798798,-0.0012991863031574982,632733651.1,-0.21682698354744423,-2.0
2022-06-16 00:00:00,0.0629770010709762,0.0629770010709762,0.0545080006122589,0.0550290010869503,724479688.0,1655337600,0.062460999935865354,0.07656176015734668,0.11346651482010126,28.85192599522385,-0.009369848187214619,-0.007938960433281963,-0.0014308877539326564,603454753.0,-0.32708461056076954,-2.0
2022-06-17 00:00:00,0.0550470016896724,0.0579110011458396,0.0548980012536048,0.0569950006902217,383830484.0,1655424000,0.05982400051185057,0.07551144003868097,0.11286156534245516,31.426706296931073,-0.009489688786660719,-0.008249106103957713,-0.0012405826827030057,595869296.2,-0.2983417278368422,-2.0
2022-06-18 00:00:00,0.0569790005683898,0.0577550008893013,0.049720000475645,0.0530119985342025,652345943.0,1655510400,0.05741214326449797,0.07428644001483913,0.11222934308979243,29.12694007421669,-0.0097931687583689,-0.008557918634839951,-0.0012352501235289495,608738469.8,-0.35766389223641937,-2.0
2022-06-19 00:00:00,0.053006999194622,0.0624720007181167,0.0513079985976219,0.0603960007429122,1166163984.0,1655596800,0.056849285960197386,0.07338288009166712,0.11167641382927843,38.161549510116345,-0.00933029769096834,-0.008712394446065629,-0.0006179032449027105,632511831.2,-0.24986026633421832,-2.0
2022-06-20 00:00:00,0.0603989996016025,0.0611569993197917,0.0577070005238056,0.0601769983768463,499018791.0,1655683200,0.05774300013269692,0.07265987992286677,0.11115690877642291,38.00679932780616,-0.008878791514190035,-0.00874567385969051,-0.00013311765449952433,623840541.35,-0.24247537216325166,-2.0
2022-06-21 00:00:00,0.0601750016212463,0.0693240016698837,0.0593149997293949,0.0655710026621818,1051899538.0,1655769600,0.059168571872370526,0.07202932000160212,0.11066724216998222,44.02724968508201,-0.007993573609175256,-0.00859525380958746,0.0006016802004122045,634898087.75,-0.1735025635082722,-2.0
2022-06-22 00:00:00,0.0656059980392456,0.0657510012388229,0.0613889992237091,0.0617109984159469,633619298.0,1655856000,0.05898442864418024,0.0712241998314857,0.11015135328275985,40.96159681334085,-0.007516852528203208,-0.00837957355331061,0.0008627210251074026,644853522.3,-0.18213744600713566,-2.0
2022-06-23 00:00:00,0.0617030002176761,0.0646149963140487,0.0617030002176761,0.0640320032835006,434169751.0,1655942400,0.060270571815116004,0.07047803997993465,0.10961725231673979,43.50875276878531,-0.0068725395832697905,-0.008078166759302447,0.0012056271760326562,646395047.45,-0.08388291070559795,-2.0
2022-06-24 00:00:00,0.064019002020359,0.0681620016694068,0.0640039965510368,0.0671240016818046,514729444.0,1656028800,0.061717571956770696,0.06964816004037852,0.10911848463795398,46.80157011447107,-0.006042761311639361,-0.00767108566976983,0.0016283243581304693,654615031.05,0.043334987062005226,-2.0
2022-06-25 00:00:00,0.067110002040863,0.0691120028495788,0.0653840005397796,0.0685029998421669,432671864.0,1656115200,0.06393057214362276,0.06895368009805675,0.10860532303952204,48.25035193587143,-0.005213781202137752,-0.007179624776243414,0.0019658435741056624,662117415.05,0.2704326866610842,-2.0
2022-06-26 00:00:00,0.0684880018234252,0.0769660025835037,0.0675040036439895,0.0731770023703575,883689355.0,1656201600,0.06575642951897208,0.06863852024078364,0.10809631299490877,52.92946213875848,-0.004132024148830529,-0.006570104650760838,0.0024380805019303085,681116518.2,0.31632252361209057,-2.0
2022-06-27 00:00:00,0.0731540024280548,0.0783889964222908,0.0710180029273033,0.0722389966249466,962250061.0,1656288000,0.06747957212584356,0.0682172000408172,0.10762242408412873,51.91496763212145,-0.0033122317688211167,-0.005918530074372894,0.0026062983055517774,703746885.0,0.14665072163602555,-2.0
2022-06-28 00:00:00,0.072221003472805,0.0729509964585304,0.0657230019569397,0.0659570023417472,534793983.0,1656374400,0.06753471493721004,0.0676378002762794,0.10708321201981914,45.60992153943997,-0.003133325809709181,-0.0053614892214401515,0.0022281634117309705,714084264.7,0.19858621888356232,-2.0
2022-06-29 00:00:00,0.0659959986805915,0.0713350027799606,0.0646350011229515,0.0694679990410804,592828738.0,1656460800,0.06864285788365768,0.06714544028043742,0.1065477271272678,49.314962535556774,-0.0026773703978119068,-0.004824665456714503,0.002147295058902596,729992009.0,0.2188437266393195,-2.0
2022-06-30 00:00:00,0.0694810003042221,0.0695130005478859,0.0627460032701492,0.0660860016942024,566648029.0,1656547200,0.06893628622804367,0.06653972029685969,0.10590488870035512,46.06014842345705,-0.0025594179928249555,-0.0043716159639365934,0.001812197971111638,736748372.4,0.24662347244963345,-2.0
2022-07-01 00:00:00,0.0662079975008964,0.0678619965910911,0.0642239972949028,0.0661749988794326,472441458.0,1656633600,0.06880071439913336,0.06588552027940744,0.10519403016025364,46.16084932876469,-0.0024307384927418907,-0.003983440469697654,0.001552701976955763,735511244.7,0.09568511268022317,-2.0
2022-07-02 00:00:00,0.0662050023674964,0.0676919966936111,0.065932996571064,0.0666979998350143,352589827.0,1656720000,0.06854285725525443,0.06533292025327678,0.10454438363361834,46.789532159212975,-0.0022604996230834867,-0.0036388523003748206,0.001378352677291334,717732888.2,0.1083636876889662,-2.0
2022-07-03 00:00:00,0.0666979998350143,0.0673559978604316,0.0651109963655471,0.0671790018677711,280878240.0,1656806400,0.06768600004059923,0.06484252035617824,0.10385055538981847,47.397899094876685,-0.002062990379306906,-0.003323679916161238,0.001260689536854332,658512723.35,0.02452302298736564,-2.0
2022-07-04 00:00:00,0.0671740025281906,0.0696050003170967,0.0659269988536834,0.069472000002861,379581122.0,1656892800,0.0672907148088727,0.06444796025753016,0.10309035338536653,50.31426312617268,-0.001701819577773267,-0.002999307848483644,0.0012974882707103771,632045713.0,0.12576366913727588,-2.0
2022-07-05 00:00:00,0.0694309994578361,0.0698409974575042,0.0656969994306564,0.0671550035476684,403220687.0,1656979200,0.06746185783829002,0.06411600053310389,0.10232770698841166,47.4514407831248,-0.001584288671826098,-0.002716304013152135,0.001132015341326037,596092514.25,0.04877249038017384,-2.0
2022-07-06 00:00:00,0.06717199832201,0.0690580010414123,0.0664480030536651,0.068582996726036,398926503.0,1657065600,0.06733542893614082,0.0640635204315185,0.101561171538902,49.36371667282873,-0.001360237495709099,-0.002445090709663528,0.001084853213954429,579814855.0,0.021735817407723124,-2.0
2022-07-07 00:00:00,0.0685790032148361,0.0711240023374557,0.0680529996752739,0.0706209987401962,402591742.0,1657152000,0.06798328565699709,0.06431492030620571,0.10082794936618414,52.04584257650179,-0.0010066218837105345,-0.0021573969444729293,0.0011507750607623948,580752917.9,0.030918337925481154,-2.0
2022-07-08 00:00:00,0.0706180036067962,0.0730089992284774,0.0685409978032112,0.0692569985985755,444369733.0,1657238400,0.06842357133116037,0.06492836028337473,0.10013533323401147,50.13191235155105,-0.0008269102686989382,-0.0018912996093181313,0.001064389340619193,570354107.4,-0.05356879408563908,-2.0
2022-07-09 00:00:00,0.0692239999771118,0.0700090005993843,0.0689949989318847,0.0695120021700859,254272147.0,1657324800,0.06882557166474201,0.0654851603507995,0.09941005044513274,50.49841380691798,-0.0006563449262337734,-0.0016443086727012599,0.0009879637464674865,524759515.55,-0.037749616997296176,-2.0
2022-07-10 00:00:00,0.0695089995861053,0.0695089995861053,0.0665329992771148,0.0672629997134208,299810124.0,1657411200,0.06883757135697768,0.06565568029880518,0.09868631301203154,47.20341856509096,-0.0006946390000336783,-0.0014543747381677435,0.0007597357381340653,514799082.2,0.019800738743503743,-2.0
2022-07-11 00:00:00,0.0672679990530014,0.0672679990530014,0.0615350008010864,0.0618470013141632,326125900.0,1657497600,0.06774828583002086,0.0659284003078937,0.09783170703384605,40.371734898715474,-0.0011487708218970855,-0.001393253954913612,0.0002444831330165266,478510400.3,-0.10970515679328074,-2.0
2022-07-12 00:00:00,0.0618509985506534,0.0628610029816627,0.0600869990885257,0.0600869990885257,298462083.0,1657584000,0.06673857090728619,0.06605208024382586,0.0969377272583619,38.425508782424046,-0.001631879739397643,-0.0014409791118104183,-0.00019090062758722473,461752539.55,-0.09077569306485933,-2.0
2022-07-13 00:00:00,0.0600849986076355,0.0620109997689724,0.058398000895977,0.0619530007243156,446505400.0,1657670400,0.06579142862132613,0.06640972033143039,0.0958169798432576,41.637912971714414,-0.0018429321255883646,-0.0015213697145660078,-0.00032156241102235684,462369322.0,-0.06380050210214971,-2.0
2022-07-14 00:00:00,0.0619329996407032,0.0626320019364357,0.0597410015761852,0.0623940005898475,348090510.0,1657756800,0.06461614317127631,0.0664896403253078,0.094998565700018,42.40270362199865,-0.0019521050072556223,-0.001607516773103931,-0.00034458823415169136,454037375.3,-0.0645296598970474,-2.0
2022-07-15 00:00:00,0.062399998307228,0.0642590001225471,0.0617469996213912,0.0630419999361038,374357844.0,1657843200,0.06372828621949464,0.06660424038767811,0.0941595758377301,43.572798457534596,-0.0019637008498034764,-0.00167875358844384,-0.00028494726135963643,451121674.3,-0.061581771336974844,-2.0
2022-07-16 00:00:00,0.0630370005965232,0.0647249966859817,0.0618700012564659,0.0642800033092498,279644299.0,1657929600,0.06298085781080377,0.06655260041356083,0.09336897997994612,45.83669244128329,-0.0018516494505252945,-0.001713332760860131,-0.0001383166896651636,420919421.5,-0.07473509749823504,-2.0
2022-07-17 00:00:00,0.0642879977822303,0.0653939992189407,0.0631010010838508,0.0631069988012313,249697026.0,1658016000,0.0623871433947767,0.0666084404289722,0.09254881841215216,44.03401351834434,-0.0018363314836333106,-0.0017379325054147669,-9.839897821854369e-05,385291769.75,-0.06027852777289666,-2.0
2022-07-18 00:00:00,0.0631140023469924,0.0686739981174469,0.0631140023469924,0.0677149966359138,564795959.0,1658102400,0.06322542844074107,0.06675576016306872,0.09172235372843161,52.017384251146844,-0.0014358138021491607,-0.0016775087647616458,0.00024169496261248515,386791868.55,-0.012656199518220945,-2.0
2022-07-19 00:00:00,0.0676899999380111,0.0698999986052513,0.0657519996166229,0.0690129995346069,552211168.0,1658188800,0.06450057136160982,0.06683132007718082,0.09105931331563474,54.00758299160111,-0.0010021109566216713,-0.0015424292031336509,0.0005403182465119796,384760990.05,-0.02276942034627516,-2.0
2022-07-20 00:00:00,0.0690149962902069,0.0765739977359771,0.0679280012845993,0.0701199993491172,1019375521.0,1658275200,0.06566728545086718,0.06689600005745883,0.09037288899223006,55.69537213744942,-0.0005625875345338233,-0.0013464608694136854,0.0007838733348798622,407397364.65,0.012460845373097884,-2.0
2022-07-21 00:00:00,0.0701240003108978,0.0707319974899292,0.0672369971871376,0.0699599981307983,492434239.0,1658361600,0.06674814224243159,0.06676731988787646,0.08966460609526342,55.379043991889766,-0.0002245839530541499,-0.0011220854861417784,0.0008975015330876285,408397003.7,0.0064448720613199395,-2.0
2022-07-22 00:00:00,0.0699699968099594,0.0712699964642524,0.06700299680233,0.067562997341156,479456105.0,1658448000,0.0673939990145819,0.06658027991652483,0.0888933231960041,50.73049516018418,-0.0001484207091534684,-0.0009273525307441164,0.000778931821590648,414740317.6,0.0044600691169494056,-2.0
2022-07-23 00:00:00,0.0675309970974922,0.0693320035934448,0.0662769973278045,0.0681240037083625,427922351.0,1658534400,0.06794314192874086,0.06666695997118945,0.08810643434072982,51.751298010593366,-4.230460319597229e-05,-0.0007503429452344877,0.0007080383420385154,422092523.15,0.101492429072092,-2.0
2022-07-24 00:00:00,0.0681160017848014,0.0688539966940879,0.0675889998674392,0.0677239969372749,369141492.0,1658620800,0.0686027130910328,0.06659719988703722,0.08733887876374549,50.940870317458085,9.407527746044253e-06,-0.0005983928506383813,0.0006078003783844256,421570541.65,0.12709900585146006,-2.0
2022-07-25 00:00:00,0.0677160024642944,0.0678799971938133,0.0623060017824173,0.0623060017824173,448572441.0,1658707200,0.0678299995405333,0.06644599989056582,0.08655955555914625,41.468346652565415,-0.00038238921994041,-0.0005551921244987871,0.0001728029045583771,423838129.35,0.005697884750934135,-2.0
2022-07-26 00:00:00,0.0623189993202686,0.0625120028853416,0.0604249984025955,0.0625120028853416,416488015.0,1658793600,0.0669012857334954,0.06629948005080219,0.0857739596430099,41.9106411517227,-0.0006685616354735469,-0.000577866026693739,-9.069560877980783e-05,424716204.95,0.0018912442603222779,-2.0
2022-07-27 00:00:00,0.0625139996409416,0.0670209974050521,0.0618860013782978,0.0670209974050521,499204589.0,1658880000,0.06645857117005753,0.06631239995360369,0.08500987882114416,50.693223015249,-0.000525459986407531,-0.0005673848186364974,4.1924832228966446e-05,429546847.3,0.06311661230578358,-2.0
2022-07-28 00:00:00,0.0670310035347938,0.0705770030617713,0.065591000020504,0.0691080018877983,650983024.0,1658966400,0.06633685742105754,0.06638955995440478,0.08428492927641576,54.14868246601825,-0.00024087047371329495,-0.000502081949651857,0.000261211475938562,439877511.85,0.07510887258858867,-2.0
2022-07-29 00:00:00,0.0691040009260177,0.072003997862339,0.0675489977002143,0.0689089968800544,696887711.0,1659052800,0.06652914306947158,0.06636703982949252,0.08360355554355511,53.761782977296726,-3.103156297556975e-05,-0.0004078718723165995,0.00037684030934102976,462008290.05,0.0919390588847,-2.0
2022-07-30 00:00:00,0.0689050033688545,0.0739099979400634,0.0681859999895095,0.069643996655941,760571682.0,1659139200,0.06674628491912567,0.06646659955382343,0.08292930291006055,55.03954176283449,0.00019235823881817715,-0.0002878258500896442,0.00048018408890782135,485046367.95,0.0284870429869315,-2.0
2022-07-31 00:00:00,0.069641999900341,0.0720280036330223,0.0680539980530738,0.0682720020413398,521194035.0,1659225600,0.0668245713625635,0.06645415976643558,0.08226294939716654,52.142912172660694,0.00025573975827450357,-0.00017911272841681465,0.0004348524866913182,494799774.7,-0.010737071251272323,-2.0
2022-08-01 00:00:00,0.0682659968733787,0.0707210004329681,0.0671869963407516,0.0687249973416328,444088167.0,1659312000,0.06774157072816571,0.06637831971049303,0.08162434335158325,53.02201268411402,0.00033861960792007373,-7.556626114943698e-05,0.0004141858690695107,502081078.9,-0.019894495442575266,-2.0
2022-08-02 00:00:00,0.0687080025672912,0.0688960030674934,0.0658089965581893,0.0666939988732338,336642237.0,1659398400,0.06833899872643603,0.06627579972147939,0.08070247466064458,48.702414585235104,0.00023767807830663013,-1.2917393258223557e-05,0.0002505954715648537,496587920.75,-0.046683809960348155,-2.0
2022-08-03 00:00:00,0.0666920021176338,0.0683199986815452,0.0655160024762153,0.0661950036883354,286819387.0,1659484800,0.06822099962404793,0.06614311978220935,0.07997952518288531,47.674760172462236,0.00011607836852292608,1.288175909800637e-05,0.00010319660942491971,493524364.6,-0.020247675601379633,-2.0
2022-08-04 00:00:00,0.0661970004439354,0.0675019994378089,0.0660070031881332,0.0673570036888122,256457805.0,1659571200,0.06797085702419277,0.066146879941225,0.07924878789168412,50.3044731752058,0.00011218026695238026,3.274146066888115e-05,7.943880628349911e-05,487629362.65,-0.011258880538404736,-2.0
2022-08-05 00:00:00,0.0673329979181289,0.0701169967651367,0.0672560036182403,0.0697650015354156,336216727.0,1659657600,0.0680931434035301,0.0664635999500751,0.07856597980917097,55.316142766024065,0.0002999387874799836,8.618092603110165e-05,0.00021375786144888195,490457984.05,0.03013709601385517,-2.0
2022-08-06 00:00:00,0.0697659999132156,0.0709989964962005,0.0685859993100166,0.0686739981174469,277979112.0,1659744000,0.06795457218374522,0.06680707991123196,0.07789574740360478,52.72189845617964,0.0003565933239245561,0.00014026340560979256,0.00021632991831476356,491872088.35,0.10220518333478812,-2.0
2022-08-07 00:00:00,0.0686689987778663,0.0698990002274513,0.0677469968795776,0.0689399987459182,204862521.0,1659830400,0.06805000028439927,0.06708655983209605,0.07730365653682232,53.29700060718173,0.0004181364630235912,0.0001958380170925523,0.0002222984459310389,473875416.45,0.10282818601040056,-2.0
2022-08-08 00:00:00,0.0689459964632988,0.0720579996705055,0.0689229965209961,0.0700550004839897,399183407.0,1659916800,0.0682400007333074,0.06739299982786175,0.07667014142028004,55.72803618491968,0.0005505349418444966,0.0002667774020429412,0.0002837575398015554,466224028.4,0.04526944086792861,-2.0
2022-08-09 00:00:00,0.0700609982013702,0.0738859996199607,0.068461999297142,0.0691249966621398,611327142.0,1660003200,0.06858728613172253,0.06763631969690319,0.07604576771457985,53.2387859471933,0.0005738037022335885,0.0003281826620810707,0.00024562104015251777,445821609.45,0.0002459161584369429,-2.0
2022-08-10 00:00:00,0.0691189989447593,0.0713090002536773,0.0673889964818954,0.0711949989199638,431172729.0,1660089600,0.06930157116481231,0.06791291952133174,0.07545662629935472,57.76126430910467,0.0007506235242197429,0.0004126708345088051,0.00033795268971093776,442758533.95,0.03317421735058046,-2.0
2022-08-11 00:00:00,0.0712049975991249,0.0746460035443306,0.0707269981503486,0.0709299966692924,563908591.0,1660176000,0.06981199873345234,0.06822583943605419,0.07480128278786481,57.00122106112481,0.0008594636778679332,0.0005020294031806308,0.0003574342746873024,446981158.25,0.018465339083059362,-2.0
2022-08-12 00:00:00,0.070931002497673,0.0724800005555152,0.0700270012021064,0.0723450034856796,320410367.0,1660262400,0.0701805704406329,0.06841103971004482,0.07423476773229508,60.025865552622584,0.0010478208812885054,0.0006111876988022058,0.0004366331824862996,441605559.05,0.05965844449491198,-2.0
2022-08-13 00:00:00,0.072343997657299,0.0748599991202354,0.0719510018825531,0.0728399977087974,446287445.0,1660348800,0.07077571323939727,0.06856411963701244,0.07367859596405361,61.0578297872429,0.00122293992876088,0.0007335381447939407,0.0004894017839669393,445462856.7,0.05987632631993978,-2.0
2022-08-14 00:00:00,0.0728560015559196,0.0840130001306533,0.0727540031075477,0.0816870033740997,1530403447.0,1660435200,0.07259671390056606,0.06902679979801174,0.07321551513641768,73.9847374893825,0.002051948865992581,0.0009972202890336688,0.0010547285769589123,499554407.0,0.224802902122623,-2.0
2022-08-15 00:00:00,0.0816980004310607,0.0818200036883354,0.0751509964466095,0.0767199993133544,855017472.0,1660521600,0.07354885659047529,0.06929719984531399,0.07273584848853068,61.61776649066429,0.0022818450157757048,0.0012541452343820762,0.0010276997813936286,521480879.85,0.1589998495139242,-2.0
2022-08-16 00:00:00,0.0766950026154518,0.088638998568058,0.076393999159336,0.0869639962911605,1947377918.0,1660608000,0.07609728510890683,0.07007323980331416,0.07255544441968498,72.00956056082657,0.003253144094139876,0.0016539450063336363,0.0015991990878062396,593889546.3,0.29109062946048114,-2.0
2022-08-17 00:00:00,0.0869330018758773,0.0881130024790763,0.079926997423172,0.080154001712799,996272861.0,1660694400,0.07737714265074043,0.07055443972349162,0.07226935356403837,60.31807338043855,0.0034338131026283997,0.0020099186255925893,0.0014238944770358104,611154038.15,0.14891421126264182,-2.0
2022-08-18 00:00:00,0.0801739990711212,0.0820870026946067,0.0749889984726905,0.0750790014863014,621394159.0,1660780800,0.07796985762459885,0.07084863990545269,0.07217337375487938,53.36452857297421,0.003131387799442914,0.0022342124603626544,0.0008971753390802596,607379360.55,0.09326679011611638,-2.0
2022-08-19 00:00:00,0.075044997036457,0.0751829966902732,0.0675359964370727,0.0679389983415603,965543533.0,1660867200,0.0773404283182961,0.07107395976781841,0.07202456564162711,45.42957343554871,0.0022891866666037847,0.0022452073016108807,4.3979364992903936e-05,617627953.1,-0.014519878482260329,-2.0
2022-08-20 00:00:00,0.0678969994187355,0.0709609985351562,0.0678969994187355,0.0695400014519691,537299425.0,1660953600,0.07686900028160634,0.0713550797104835,0.07183475758541709,47.32107690684577,0.0017309702247071262,0.00214235988623013,-0.00041138966152300376,618433222.6,-0.0073513529150327495,-2.0
2022-08-21 00:00:00,0.0695289969444274,0.0706460028886795,0.0678469985723495,0.0694480016827583,421455865.0,1661040000,0.07512057146855756,0.07145215988159176,0.07162922225666764,47.21979005064914,0.0012665559912076463,0.001967199107225633,-0.0007006431160179868,617301607.5,0.004672767250857968,-2.0
2022-08-22 00:00:00,0.0694409981369972,0.0694890022277832,0.0656059980392456,0.0683910027146339,453413439.0,1661126400,0.0739307148115975,0.07142347991466517,0.07138223234902723,46.00152110690973,0.000803945993245625,0.0017345484844296316,-0.0009306024911840067,623140167.6,-0.039384735555401895,-2.0
2022-08-23 00:00:00,0.0683950036764144,0.0691689997911453,0.0672129988670349,0.0687699988484382,335476543.0,1661212800,0.07133157231978003,0.07141791999340052,0.07118959600726758,46.53416915666377,0.0004625737947669545,0.0014801535464970964,-0.001017579751730142,625573025.4,-0.030452529568344433,-2.0
2022-08-24 00:00:00,0.0687709972262382,0.0694150030612945,0.0672980025410652,0.0679899975657463,345474347.0,1661299200,0.06959385744162964,0.07135176002979274,0.07096512122738237,45.538572457956576,0.00012762312332513515,0.0012096474618627042,-0.001082024338537569,630023852.5,-0.06019774290003821,-2.0
2022-08-25 00:00:00,0.0679910033941268,0.0715790018439292,0.0679569989442825,0.0690940022468566,469798193.0,1661385600,0.06873885755028039,0.07138464003801341,0.07081810102769819,47.25855404319928,-4.818826148600408e-05,0.0009580803171929626,-0.0010062685786789666,636702925.8,-0.05142772624618519,-2.0
2022-08-26 00:00:00,0.069081999361515,0.0692960023880004,0.0632539987564086,0.063571996986866,620512451.0,1661472000,0.0681150002138955,0.07117852002382273,0.07058425251432135,40.38791957744758,-0.0006258849140696465,0.0006412872709404408,-0.0012671721850100873,653829592.75,-0.2217611815709889,-2.0
2022-08-27 00:00:00,0.063570998609066,0.0640650019049644,0.0626069977879524,0.0635870024561882,380887727.0,1661558400,0.06726457178592679,0.0710542401671409,0.07037829295402821,40.413271062802785,-0.0010701666424548228,0.0002989964882613881,-0.001369163130716211,662630853.05,-0.1711808781896088,-2.0
2022-08-28 00:00:00,0.0635579973459243,0.0642680004239082,0.0617859996855258,0.0617859996855258,295086067.0,1661644800,0.06617000007203643,0.07087788000702853,0.07014923234178558,38.307540127304115,-0.0015497247231233552,-7.074775401556059e-05,-0.0014789769691077946,657425986.05,-0.2895220744149948,-2.0
2022-08-29 00:00:00,0.0617530010640621,0.0639820024371147,0.0612460002303123,0.0638870000839233,315005254.0,1661731200,0.06552657112479206,0.07073907986283298,0.06992480813553835,42.097811371790925,-0.0017401850141097464,-0.0004046352060343978,-0.0013355498080753485,642609891.65,-0.20294684334242274,-2.0
2022-08-30 00:00:00,0.0638990029692649,0.0644079968333244,0.0605500005185604,0.061524998396635,328934727.0,1661817600,0.06449157106024875,0.07040947973728175,0.06970533333492997,39.18322372798945,-0.0020579966585795167,-0.0007353074965434215,-0.0013226891620360952,637497991.55,-0.18052987947821075,-2.0
2022-08-31 00:00:00,0.0615339986979961,0.0633329972624778,0.0610579997301101,0.0613300018012523,309748693.0,1661904000,0.06354014309389246,0.07011571988463397,0.06948001012958657,38.94351477470029,-0.002299096716316229,-0.001048065340497983,-0.001251031375818246,624789996.65,-0.09727839240551583,-2.0
2022-09-01 00:00:00,0.0613359995186328,0.0624790005385875,0.0601940006017684,0.0623719990253448,328765413.0,1661990400,0.06257985691939077,0.06985299989581102,0.06927179801042628,41.019927170018775,-0.0023786699548852958,-0.0013141862633754458,-0.00106448369150985,625207748.95,-0.10307739828816664,-2.0
2022-09-02 00:00:00,0.0623719990253448,0.0627119988203048,0.0609470009803772,0.061634998768568,273453013.0,1662076800,0.062303142888205335,0.06951619982719416,0.06910394948690823,39.984175323310374,-0.0024726983536793173,-0.00154588868143622,-0.0009268096722430974,616566027.35,-0.11250147916250297,-2.0
2022-09-03 00:00:00,0.0616290010511875,0.0636010020971298,0.0613440014421939,0.0626939982175827,297123402.0,1662163200,0.062175570854118845,0.06925895988941189,0.06891565653260302,42.24097726195492,-0.002433709839950629,-0.001723452913139102,-0.0007102569268115271,554902025.1,-0.08330049671624695,-2.0
2022-09-04 00:00:00,0.0626970008015632,0.0637139976024627,0.0620659999549388,0.0632259994745254,250044436.0,1662249600,0.06238128510969021,0.06894019991159435,0.06872764639932695,43.392579865909475,-0.0023329898518321263,-0.001845360300877707,-0.0004876295509544193,524653373.3,-0.0806165401591934,-2.0
2022-09-05 00:00:00,0.063230000436306,0.0636399984359741,0.0612969994544982,0.0627380013465881,231918999.0,1662336000,0.06221714243292804,0.06861252009868617,0.06852615146775433,42.55443741822853,-0.002266420026881502,-0.0019295722460784663,-0.00033684778080303587,438880427.35,-0.07724660107657044,-2.0
2022-09-06 00:00:00,0.0627499967813491,0.064641997218132,0.0586519986391067,0.0589830018579959,471485708.0,1662422400,0.061854000070265314,0.06807804003357881,0.06823435350499966,36.68300951282574,-0.002487980151416075,-0.0020412538271459882,-0.00044672632427008663,412641069.7,-0.14633687527227734,-2.0
2022-09-07 00:00:00,0.0589639991521835,0.0614500008523464,0.0579439997673034,0.0611039996147155,324781387.0,1662508800,0.0618217140436172,0.06760860010981555,0.06798424240615628,41.58568531257824,-0.00246401769116876,-0.0021258065999505424,-0.0003382110912182176,397810431.1,-0.03882208345068017,-2.0
2022-09-08 00:00:00,0.0610890015959739,0.0612929984927177,0.0599230006337165,0.0609770007431507,268099702.0,1662595200,0.061622428574732324,0.06678020000457759,0.0677814242439438,41.379081612522015,-0.0024272946742773943,-0.002186104214815913,-0.00024119045946148152,362938239.55,-0.04104615113498722,-2.0
2022-09-09 00:00:00,0.0609739981591701,0.0646219998598098,0.0609339997172355,0.064018003642559,487988732.0,1662681600,0.061962857842445325,0.06627212017774577,0.06759198992089788,48.03634280810661,-0.002128274476198566,-0.002174538267092444,4.626379089387768e-05,360472704.9,0.03612475266878423,-2.0
2022-09-10 00:00:00,0.0640090033411979,0.0652410015463829,0.0634040012955665,0.0647760033607482,413101249.0,1662768000,0.06226028714861182,0.06538460046052928,0.06743374756640853,49.57357012623488,-0.0018092783380624644,-0.002101486281286448,0.0002922079432239838,360054974.1,0.013915245287101863,-2.0
2022-09-11 00:00:00,0.0647709965705871,0.0651869997382164,0.06300999969244,0.0637139976024627,327741964.0,1662854400,0.06233000116688858,0.06472700029611583,0.0672512930074725,47.45537340974512,-0.001623452440319778,-0.0020058795130931143,0.00038242707277333626,353771400.35,0.03557902093252907,-2.0
2022-09-12 00:00:00,0.0637150034308433,0.0651940032839775,0.0628779977560043,0.0639050006866455,383630739.0,1662940800,0.06249671535832535,0.06428004026412959,0.0670763031024523,47.886657280811896,-0.001444124753716844,-0.0018935285612178604,0.0004494038075010165,356179110.15,0.041985958091731446,-2.0
2022-09-13 00:00:00,0.0639029964804649,0.0639809966087341,0.0595239996910095,0.0601290017366409,461644993.0,1663027200,0.06266042962670322,0.0639676403999328,0.06685003039963314,40.76336027773587,-0.0015883878812651409,-0.0018325004252273164,0.00024411254396217554,361987642.45,-0.03596160655028002,-2.0
2022-09-14 00:00:00,0.0597169995307922,0.0614250004291534,0.0595420002937316,0.0611729994416236,369554274.0,1663113600,0.06267028674483295,0.063632960319519,0.0666546768537073,43.27575358400075,-0.0016000313935477656,-0.0017860066188914064,0.00018597522534364078,356975446.5,-0.007495730285955737,-2.0
2022-09-15 00:00:00,0.0611680001020431,0.0612110011279583,0.0587849989533424,0.0587910003960132,327176374.0,1663200000,0.06235800098095616,0.0632066802680492,0.06644611120826062,39.19147340557682,-0.0017809368453444094,-0.0017849926641820071,4.055818837597758e-06,342308642.65,-0.06225472824406497,-2.0
2022-09-16 00:00:00,0.0587919987738132,0.0604230016469955,0.0584530010819435,0.0604230016469955,247011315.0,1663286400,0.06184442926730423,0.06288796022534365,0.0662550707959165,43.15026738757616,-0.0017721881753592073,-0.0017824317664174472,1.0243591058239953e-05,335614822.05,-0.04433299356001896,-2.0
2022-09-17 00:00:00,0.0604300014674663,0.062314998358488,0.0603299997746944,0.0622100010514259,209604119.0,1663372800,0.06147785750882961,0.06262556031346315,0.06612129306251348,47.203418782066386,-0.0016025852686030323,-0.0017464624668545644,0.0001438771982515321,331340724.65,-0.008415956578618489,-2.0
2022-09-18 00:00:00,0.0622100010514259,0.0622100010514259,0.0572380013763904,0.0575199984014034,265405124.0,1663459200,0.06059300048010686,0.06220676034688944,0.0659962930537835,39.286728892551494,-0.0018255736838972553,-0.0017622847102631025,-6.328897363415279e-05,328860718.15,-0.02480381483659888,-2.0
2022-09-19 00:00:00,0.0575190000236034,0.0587439984083175,0.0561800003051757,0.0586120001971721,301268389.0,1663545600,0.05983685755303923,0.06178748026490207,0.0659384748550376,41.73691245683611,-0.001892364194406651,-0.0017883006070918122,-0.00010406358731483885,327477401.25,-0.04078291819285851,-2.0
2022-09-20 00:00:00,0.0586120001971721,0.0602619983255863,0.0577379986643791,0.0584169998764991,294929293.0,1663632000,0.05959228585873325,0.0615812803804874,0.06598388900359466,41.41549129701467,-0.0019386831191681927,-0.0018183771095070882,-0.00012030600966110453,326736431.25,-0.0419830564877226,-2.0
2022-09-21 00:00:00,0.05842300131917,0.060478001832962,0.056377999484539,0.0574040003120899,406017754.0,1663718400,0.059053857411657015,0.06133396029472346,0.06600219203215651,39.7048599339589,-0.002033688702177329,-0.0018614394280411365,-0.00017224927413619245,330599048.3,-0.1033147388881106,-2.0
2022-09-22 00:00:00,0.0573859997093677,0.0598380006849765,0.0569449998438358,0.0595990009605884,241738855.0,1663804800,0.05916928606373918,0.06124648034572596,0.06596783849627075,45.00544025569475,-0.0019098475693022435,-0.001871121056293358,-3.872651300888537e-05,329013340.4,-0.07992160879899024,-2.0
2022-09-23 00:00:00,0.0595929995179176,0.0640320032835006,0.0595650002360343,0.0633359998464584,704823247.0,1663891200,0.059585428663662454,0.06122444033622736,0.06605174757464963,52.63911905654987,-0.0014929482228001958,-0.0017954864895947257,0.0003025382667945298,349398332.65,-0.005932727033748364,-2.0
2022-09-24 00:00:00,0.0633329972624778,0.0679730027914047,0.0630289986729621,0.0632340013980865,969527521.0,1663977600,0.05973171442747111,0.06129280045628542,0.06611476778381997,52.42521959506958,-0.001157440654068434,-0.0016678773224894675,0.0005104366684210335,385372486.9,-0.010499949633819616,-2.0
2022-09-25 00:00:00,0.0632229968905448,0.063679002225399,0.0604569986462593,0.0611519999802112,367453955.0,1664064000,0.06025057179587223,0.061285680383443786,0.06619699002064836,48.126332991316914,-0.0010474739751026307,-0.0015437966530121002,0.0004963226779094694,392149234.7,0.017013391442135317,-2.0
2022-09-26 00:00:00,0.0611670017242431,0.0617970004677772,0.0600510016083717,0.0610890015959739,323710024.0,1664150400,0.060604429138558194,0.06123436048626894,0.06620399002926514,47.998078478297025,-0.0009544062319192595,-0.001425918568793532,0.0004715123368742725,384760450.5,-0.0013731196184005867,-2.0
2022-09-27 00:00:00,0.0610839985311031,0.0629310011863708,0.0599270015954971,0.0606090016663074,337427597.0,1664236800,0.060917572251387955,0.06119332060217852,0.06620835369885565,46.9709710523826,-0.000908904077296914,-0.0013225156704942086,0.0004136115931972946,385392761.0,0.030923121873215997,-2.0
2022-09-28 00:00:00,0.0605969987809658,0.061039000749588,0.0587540008127689,0.060623001307249,277399298.0,1664323200,0.061377429536410684,0.06111048072576517,0.06615837388718966,47.00658944323574,-0.0008617795793576105,-0.001230368452266889,0.0003685888729092785,385857740.8,0.0033099921354775574,-2.0
2022-09-29 00:00:00,0.060623999685049,0.0610359981656074,0.0594229996204376,0.0607279986143112,229157795.0,1664409600,0.061538714915513944,0.0610105606913566,0.06614844459626405,47.29253195099108,-0.0008066619729516777,-0.0011456271564038469,0.00033896518345216914,372916193.95,-0.02382257534266241,-2.0
2022-09-30 00:00:00,0.0607380010187625,0.0620400011539459,0.0599579997360706,0.0616529993712902,369084722.0,1664496000,0.061298286276204206,0.060967160612344695,0.06612441425371647,49.85935189502649,-0.0006804966998780193,-0.0010526010650986815,0.00037210436522066214,370715367.6,0.07185328728705187,-2.0
2022-10-01 00:00:00,0.0616500005125999,0.0628060027956962,0.0604000017046928,0.0606269985437393,347895211.0,1664582400,0.06092585729701174,0.06103292047977443,0.06605878795939257,47.11838402538841,-0.0006557405354240611,-0.0009732289591637575,0.0003174884237396963,371723029.95,0.03437859721198211,-2.0
2022-10-02 00:00:00,0.0606280006468296,0.0609080009162426,0.059128001332283,0.0592879988253116,198168354.0,1664668800,0.06065957141774037,0.06096028044819826,0.06596570714104051,43.73895610795235,-0.0007356866458213263,-0.0009257204964952713,0.00019003385067394506,362449910.7,0.014910025346284383,-2.0
2022-10-03 00:00:00,0.0592870004475116,0.0604670010507106,0.059078000485897,0.0603840015828609,195766522.0,1664755200,0.0605588571301528,0.060936560481786674,0.06583648491086377,47.08438999363391,-0.0007025081744953532,-0.0008810780320952877,0.00017856985759993449,349155987.15,0.05191278054786319,-2.0
2022-10-04 00:00:00,0.0603809989988803,0.0662520006299018,0.0600409992039203,0.0659620016813278,826424315.0,1664841600,0.06132357141801286,0.06101432040333744,0.06577308092153429,60.09106656598054,-0.00022353918569279624,-0.0007495702628147894,0.0005260310771219932,371999489.2,0.10676354667332633,-2.0
2022-10-05 00:00:00,0.0659380033612251,0.0664649978280067,0.0629969984292984,0.0647350028157234,606625264.0,1664928000,0.061911000204937776,0.06101268038153644,0.0657607374919785,56.78460506231787,5.6388621790255666e-05,-0.0005883784858937805,0.0006447671076840361,385971933.7,0.0220885905749737,-2.0
2022-10-06 00:00:00,0.0647400021553039,0.0666180029511451,0.0632229968905448,0.0634440034627914,387962671.0,1665014400,0.0622990008975778,0.061001880615949584,0.06569988905179376,53.45199844671169,0.00017207697133037742,-0.0004362873944489489,0.0006083643657793263,393019501.5,0.003321030775560674,-2.0
2022-10-07 00:00:00,0.0634490028023719,0.0637170001864433,0.0615699999034404,0.0624089986085891,299717356.0,1665100800,0.0624070007886205,0.060942040532827334,0.06566274760648454,50.87418235563041,0.00017819051070515346,-0.0003133918134181284,0.0004915823241232819,397525163.35,0.02055531509655717,-2.0
2022-10-08 00:00:00,0.06241400167346,0.0625760033726692,0.0613810010254383,0.0616779997944831,169254316.0,1665187200,0.06255714382444104,0.061004000455141025,0.06561732337330323,49.07407232886957,0.0001226363639538,-0.00022618617794374274,0.0003488225418975427,392717622.95,0.009641640608315738,-2.0
2022-10-09 00:00:00,0.0616719983518123,0.0623419992625713,0.0612920001149177,0.0621559992432594,158280272.0,1665273600,0.06296685816986217,0.06104332044720645,0.06557144457944711,50.31214813479908,0.00011584448006007192,-0.0001577800463429798,0.0002736245264030517,385568217.1,0.02552422139320565,-2.0
2022-10-10 00:00:00,0.0621509999036788,0.0624690018594265,0.0595129989087581,0.0595129989087581,254559947.0,1665360000,0.0628424292164189,0.06107220038771625,0.06549401020612373,43.949770981034256,-0.00010163459503124972,-0.00014655095608063378,4.491636104938406e-05,383549749.8,-0.018309921557086772,-2.0
2022-10-11 00:00:00,0.0595079995691776,0.0606530010700225,0.0578869991004467,0.060258001089096,295967661.0,1665446400,0.06202757198895721,0.06106560036540027,0.06540093951002511,46.02186489246003,-0.00021143558141451663,-0.00015952788114741035,-5.190770026710628e-05,378047245.15,-0.007739387694960853,-2.0
2022-10-12 00:00:00,0.060258999466896,0.0608659982681274,0.0595399998128414,0.0598810017108917,199133108.0,1665532800,0.061334143259695544,0.060972440391778904,0.06532746474399706,45.112995492379355,-0.0003251264974243745,-0.0001926476044028032,-0.0001324788930215713,375916957.8,-0.02874146721925197,-2.0
2022-10-13 00:00:00,0.0598709993064403,0.0601590014994144,0.0557410009205341,0.059673998504877,466439562.0,1665619200,0.060795571122850625,0.061058600395917845,0.06523747486297525,44.59225917739641,-0.00042700850791276,-0.0002395197851047946,-0.00018748872280796542,363997773.55,-0.01571907008021778,-2.0
2022-10-14 00:00:00,0.0596660003066062,0.0609430000185966,0.0583150014281272,0.0586429983377456,242691429.0,1665705600,0.0602575710841587,0.06105984032154079,0.0651164849599202,41.992380723083905,-0.000584209429657305,-0.0003084577140152967,-0.0002757517156420083,327655968.95,-0.010879107076399275,-2.0
2022-10-15 00:00:00,0.0586379989981651,0.0595670007169246,0.0581459999084472,0.0585799999535083,182208164.0,1665792000,0.05981499967830516,0.06106636032462115,0.0650086364887579,41.831887614094164,-0.000705740399799086,-0.00038791425117205456,-0.0003178261486270315,318393679.4,-0.02987548989904365,-2.0
2022-10-16 00:00:00,0.0585829988121986,0.0594150014221668,0.0585829988121986,0.0589139983057975,162246280.0,1665878400,0.05935185668723917,0.06112676024436945,0.06490158594467418,43.074098711902074,-0.0007662706030062,-0.00046358552153888367,-0.0003026850814673163,310320492.2,-0.10684944658866258,-2.0
2022-10-17 00:00:00,0.0589129999279975,0.0600569993257522,0.0586250014603138,0.0599349997937679,174261450.0,1665964800,0.059412142527954855,0.06114020019769664,0.06482756574346557,46.81331100988875,-0.0007235147107177639,-0.0005155713593746597,-0.00020794335134310417,302162184.85,-0.07414849483546537,-2.0
2022-10-18 00:00:00,0.0599349997937679,0.0607730001211166,0.0587520003318786,0.0597760006785392,239236218.0,1666051200,0.05934328532644674,0.060997800230979865,0.06480664654512594,46.303235394701574,-0.0006944550127240684,-0.0005513480900445415,-0.0001431069226795269,300254030.85,-0.0578148065073385,-2.0
2022-10-19 00:00:00,0.0597789995372295,0.0606799982488155,0.058628000319004,0.058713000267744,287297160.0,1666137600,0.05917642797742564,0.06081696018576617,0.06479276776915845,42.93501694956553,-0.000748571179399575,-0.0005907927079155482,-0.00015777847148402686,303160999.1,-0.05922220229850694,-2.0
2022-10-20 00:00:00,0.0587109997868537,0.0602370016276836,0.0584490001201629,0.0595359988510608,241388629.0,1666224000,0.05915671374116619,0.06075232014060015,0.06476835360882253,46.19816188558603,-0.0007167868511525552,-0.0006159915365629495,-0.00010079531458960565,296776194.45,-0.034728767965233165,-2.0
2022-10-21 00:00:00,0.0595260001718997,0.0595260001718997,0.0574179999530315,0.059333998709917,224787600.0,1666310400,0.059255428080047814,0.060682120025157875,0.06473744449892425,45.5102806641803,-0.000699830059926021,-0.0006327592412355639,-6.707081869045714e-05,290620813.9,-0.04540190114711151,-2.0
2022-10-22 00:00:00,0.0593370012938976,0.0598459988832473,0.0591839998960495,0.0596939995884895,159431212.0,1666396800,0.05941457088504513,0.06064551994204516,0.06470362631359482,47.02420039471805,-0.0006498515344928874,-0.0006361776998870286,-1.3673834605858778e-05,288683956.8,0.0030413637869080024,-2.0
2022-10-23 00:00:00,0.0596829988062381,0.0603789985179901,0.0589269995689392,0.0603469982743263,182523575.0,1666483200,0.05961928516626353,0.06063447982072825,0.06466389899000972,49.75133298546238,-0.0005511977913717561,-0.0006191817181839741,6.798392681221798e-05,288021809.45,0.0014769355707420218,-2.0
2022-10-24 00:00:00,0.0603410005569458,0.0608140006661415,0.0588579997420311,0.0595059990882873,226574582.0,1666569600,0.05955799935119487,0.060585599839687296,0.06462752525553553,46.43582662435111,-0.0005347117705321452,-0.0006022877286536083,6.757595812146308e-05,258029322.8,-0.006262464085269204,-2.0
2022-10-25 00:00:00,0.0595020018517971,0.0640489980578422,0.0592270009219646,0.0628819987177848,475512798.0,1666656000,0.06000171335680138,0.06063475981354708,0.06457870709474635,58.41599574703204,-0.0002463912792530776,-0.0005311084387735022,0.0002847171595204246,251473699.5,0.053758760821861484,-2.0
2022-10-26 00:00:00,0.0628560036420822,0.0732740014791488,0.0627600029110908,0.0728000029921531,1357027720.0,1666742400,0.062014142317431256,0.06112167999148363,0.06461695965492359,75.64785984219021,0.0007734885495248936,-0.00027018904111382306,0.0010436775906387166,299926951.95,0.24140997315437973,-2.0
2022-10-27 00:00:00,0.0727989971637725,0.0848250016570091,0.0720330029726028,0.0770180001854896,2652784687.0,1666828800,0.06451157107949251,0.061830880045890754,0.06468663643104856,79.5323995362035,0.0019002034216880348,0.0001638894514465485,0.0017363139702414863,417580318.5,0.3147490653228835,-2.0
2022-10-28 00:00:00,0.0770279988646507,0.0879010036587715,0.0729300007224083,0.0838970020413398,3172500998.0,1666915200,0.06802057155541005,0.06277140006422992,0.06482741424832676,84.0116866742888,0.0033100547838587485,0.0007931225179289885,0.00251693226592976,567742652.6,0.4240588731707897,-2.0
2022-10-29 00:00:00,0.0839330032467842,0.1493919938802719,0.0833870023488998,0.1216029971837997,12157642295.0,1667001600,0.0768647140690258,0.06499703988432878,0.06537327283259589,93.02383544749117,0.007384803414771532,0.002111458697297497,0.005273344717474034,1167710753.75,1.0289146175394515,-2.0
2022-10-30 00:00:00,0.1216439977288246,0.1416569948196411,0.1128920018672943,0.1178020015358924,7908593943.0,1667088000,0.08507257167782097,0.06711971983313554,0.06587507079044973,87.65972799379794,0.010189899658932577,0.0037271468896245136,0.006462752769308064,1550412453.55,0.9707240397262931,-2.0
2022-10-31 00:00:00,0.1177520006895065,0.1302450001239776,0.1150759980082511,0.1270260065793991,5814247122.0,1667174400,0.09471828703369409,0.06966299995779984,0.06647408098885502,89.27584613839993,0.01300731849006291,0.005583181209712193,0.007424137280350717,1826326426.6,1.1635073322796146,-2.0
2022-11-01 00:00:00,0.1269849985837936,0.1572030037641525,0.1251769959926605,0.1425749957561493,7877293443.0,1667260800,0.10610300089631756,0.07286963984370226,0.0672848789077816,91.33574888790801,0.016306841571400776,0.007727913282049911,0.008578928289350866,2210234443.35,1.3947695261286261,-2.0
2022-11-02 00:00:00,0.1425240039825439,0.1473910063505172,0.1240670010447502,0.1278299987316131,4675647398.0,1667347200,0.11396442885909756,0.07551571980118746,0.06794465664360254,76.35745529738841,0.01752986597138738,0.009688303819917404,0.007841562151469975,2420694835.15,1.1544140208141371,-2.0
2022-11-03 00:00:00,0.1278010010719299,0.1359899938106537,0.1214110031723976,0.1225920021533966,2570574344.0,1667433600,0.12047500056879858,0.07793315991759295,0.06850597992388885,71.84978422616857,0.01787045953811303,0.01132473496355653,0.006545724574556502,2537088980.9,1.0536737862851364,-2.0
2022-11-04 00:00:00,0.1225550025701522,0.128599002957344,0.1164449974894523,0.1262799948453903,2957002544.0,1667520000,0.12652971382652006,0.08060383975505823,0.06908347480224836,73.05586007520773,0.01822785323632649,0.012705358618110521,0.005522494618215967,2675828699.9,1.0925646420944548,-2.0
2022-11-05 00:00:00,0.1262789964675903,0.1351449936628341,0.1233920007944107,0.124388001859188,1907421740.0,1667606400,0.12692757163728982,0.08316903978586192,0.06964386879193658,71.36657896592807,0.018149209505414043,0.013794128795571226,0.004355080709842817,2763087472.9,1.09034389414481,-2.0
2022-11-06 00:00:00,0.1243819966912269,0.1267019957304,0.1136339977383613,0.114606000483036,1316810628.0,1667692800,0.12647100005831033,0.08535803973674769,0.07009803044675572,63.2263294305493,0.017100434854260674,0.014455390007309117,0.0026450448469515567,2820214931.8,0.8225565793064111,-2.0
2022-11-07 00:00:00,0.1146259978413581,0.1185770034790039,0.108814001083374,0.1112990006804466,1337977256.0,1667779200,0.12422428492988856,0.08742303982377048,0.07053264659462549,60.705396607421775,0.015820062310224425,0.01472832446789218,0.0010917378423322445,2875151983.7,0.5288323640926662,-2.0
2022-11-08 00:00:00,0.1112779974937439,0.1122960001230239,0.080654002726078,0.0884099975228309,3545838435.0,1667865600,0.11648642803941449,0.08861371979117388,0.07073148498029415,46.79745319135362,0.01281073243197911,0.014344806060709567,-0.001534073628730457,3038079047.45,0.14791343984399608,-2.0
2022-11-09 00:00:00,0.0884049981832504,0.0910959988832473,0.0721089988946914,0.0742880031466484,2807794508.0,1667952000,0.10883757152727669,0.08924203991889948,0.07080819209416703,40.61481376609117,0.009180463233179989,0.013311937495203652,-0.004131474262023663,3166399341.4,-0.11453328081921965,-2.0
2022-11-10 00:00:00,0.0742959976196289,0.0932559967041015,0.0737349987030029,0.0897890031337738,2421832556.0,1668038400,0.10415142881018771,0.09047704011201856,0.07104651532088863,48.636324340989276,0.007468161572316834,0.01214318231062629,-0.0046750207383094555,3276251589.2,-0.2616217921170141,-2.0
2022-11-11 00:00:00,0.0897789970040321,0.0918650031089782,0.081396996974945,0.0848850011825561,1305192050.0,1668124800,0.09823785828692568,0.09147504016757008,0.07122356580062342,46.496519883265236,0.005650304997784836,0.010844606848057999,-0.005194301850273163,3333539631.1,-0.279426494661952,-2.0
2022-11-12 00:00:00,0.0849089995026588,0.0939939990639686,0.0793000012636184,0.0880390033125877,1842469589.0,1668211200,0.09304514420883993,0.09260556027293201,0.07140815167716051,48.07869649509079,0.004413268763179282,0.009558339231082257,-0.005145070467902975,3416536931.8,-0.3069214274829787,-2.0
2022-11-13 00:00:00,0.0880530029535293,0.0911369994282722,0.0838100016117096,0.0848930031061172,949584216.0,1668297600,0.08880043029785153,0.09365276038646694,0.0715719800103794,46.598477067147655,0.0031428241895313652,0.008275236222772079,-0.005132412033240713,3452687413.5,-0.4045729922285075,-2.0
2022-11-14 00:00:00,0.084926001727581,0.0907739996910095,0.0801009982824325,0.0858789980411529,1212678659.0,1668384000,0.08516900134938099,0.09470648035407062,0.07174308101336156,47.14768656339957,0.0021903008381629757,0.007058249145850258,-0.004867948307687282,3489545706.55,-0.32817805762901475,-2.0
2022-11-15 00:00:00,0.0858789980411529,0.088919997215271,0.0853599980473518,0.0869709998369216,640084422.0,1668470400,0.08496343025139395,0.0958119603991508,0.0719139496936942,47.78813905545429,0.001506172420221566,0.00594783380072452,-0.004441661380502954,3453698541.65,-0.2905654666762295,-2.0
2022-11-16 00:00:00,0.0869639962911605,0.090658999979496,0.0839859992265701,0.0855830013751983,712826081.0,1668556800,0.08657700142690108,0.09684752047061915,0.07208019216554327,47.00840103219592,0.000842286489899563,0.004926724338559529,-0.004084437848659966,3356700611.35,-0.3222758562828496,-2.0
2022-11-17 00:00:00,0.0855939984321594,0.0869539976119995,0.0831779986619949,0.0847650021314621,461654197.0,1668643200,0.08585928699799941,0.09782424062490458,0.07221726290505337,46.52658815706688,0.00024729573313955755,0.003990838617475534,-0.0037435428843359767,3221158271.3,-0.3185435824636902,-2.0
2022-11-18 00:00:00,0.0847639963030815,0.0865039974451065,0.083805002272129,0.0846719965338707,337485766.0,1668729600,0.08582885776247294,0.09883088052272793,0.07235607098449355,46.46827046889898,-0.00022910255111720235,0.003146850383756987,-0.0033759529348741896,2630150444.85,-0.26119054694344856,-2.0
2022-11-19 00:00:00,0.0846719965338707,0.0849049985408783,0.0833870023488998,0.0845810025930404,246661551.0,1668816000,0.08533485765968045,0.09969884067773815,0.07247966693507295,46.40698316741861,-0.0006069969907450817,0.002396080908856574,-0.0030030778996016556,2247053825.25,-0.24005604654184565,-2.0
2022-11-20 00:00:00,0.0845820009708404,0.0856819972395896,0.0770429968833923,0.077174000442028,499031478.0,1668902400,0.084232142993382,0.09987380057573315,0.07252344474045912,41.597524892862765,-0.0014870227547423287,0.0016194601761367934,-0.003106482930879122,1981293043.05,-0.12708966627785867,-2.0
2022-11-21 00:00:00,0.077174998819828,0.0771880000829696,0.072403997182846,0.0747110024094581,660061266.0,1668988800,0.08263671504599703,0.09978152066469188,0.07245298008425062,40.10898402254491,-0.0023560339769424232,0.00082436134552095,-0.003180395322463373,1620431434.2,0.005694045402925729,-2.0
2022-11-22 00:00:00,0.0747079998254776,0.0789629966020584,0.0734070017933845,0.0784879997372627,556392479.0,1669075200,0.0814248578889029,0.0995651605725288,0.07247083867439111,43.45083271931854,-0.002708734902921714,0.0001177420958324172,-0.002826476998754131,1414468688.25,-0.12586177596463677,-2.0
2022-11-23 00:00:00,0.0785000026226043,0.0831279978156089,0.077965997159481,0.081785999238491,529744394.0,1669161600,0.08088242901223043,0.09797248065471643,0.0724185356738591,46.27005975652155,-0.002691110484113232,-0.0004440284201567127,-0.0022470820639565194,1312427190.75,-0.036508239393203246,-2.0
2022-11-24 00:00:00,0.0817919969558715,0.0836659967899322,0.0807589963078498,0.0814810022711753,360326829.0,1669248000,0.0804132861750466,0.09651964068412776,0.0724319397199033,46.04145644888344,-0.0026709644954410194,-0.0008894156352135741,-0.0017815488602274453,1182593405.0,-0.07448972381170449,-2.0
2022-11-25 00:00:00,0.0814689993858337,0.0909899994730949,0.0809369981288909,0.0894749984145164,1022484210.0,1669334400,0.08109942930085313,0.09501760035753244,0.07257735383028932,52.64532481924972,-0.0019870445613094784,-0.001108941420432755,-0.0008781031408767234,1138346528.5,0.05397376863522707,-2.0
2022-11-26 00:00:00,0.0894649997353553,0.0947400033473968,0.0883909985423088,0.0889879986643791,902063657.0,1669420800,0.08172900016818722,0.09287412047386163,0.07278996999516626,52.22597713297581,-0.0014674144555329172,-0.0011806360274527875,-0.0002867784280801296,1117609179.95,0.03620210638387267,-2.0
2022-11-27 00:00:00,0.088978998363018,0.1064329966902732,0.088978998363018,0.0987119972705841,1965264746.0,1669507200,0.08480585685798096,0.0917094004154205,0.07308463661959673,59.2122428452106,-0.0002678705869163245,-0.000998082939345495,0.0007302123524291705,1148973554.45,0.1349989934078939,-2.0
2022-11-28 00:00:00,0.0986760035157203,0.0993269979953765,0.091448999941349,0.0951220020651817,1375600313.0,1669593600,0.08772171395165575,0.0906106004118919,0.07334396995679292,55.95871389999626,0.0003886142577160384,-0.0007207434999331883,0.0011093577576492268,1040461648.35,0.11145905771829812,-2.0
2022-11-29 00:00:00,0.0951310023665428,0.104712001979351,0.0940190032124519,0.101852998137474,1352427444.0,1669680000,0.09105957086597168,0.08963352054357525,0.07368196991055899,60.35696674155459,0.0014354711388192137,-0.0002895005721827079,0.0017249717110019217,967693295.15,0.20159258628354815,-2.0
2022-11-30 00:00:00,0.1018270030617713,0.1089420020580291,0.1003040000796318,0.1068599969148635,1388624554.0,1669766400,0.09464157053402487,0.08893240034580227,0.0740667173657754,63.29356938800425,0.0026387182143605553,0.0002961431851259448,0.0023425750292346103,916032895.05,0.26204650048752676,-2.0
2022-12-01 00:00:00,0.1068570017814636,0.1073810011148452,0.1010710000991821,0.1015840023756027,891639200.0,1669852800,0.09751342769180023,0.08841152042150494,0.07440605074769314,58.38566518809772,0.0031304852394805627,0.0008630115959968684,0.002267473643483694,895355252.55,0.2010262264727678,-2.0
2022-12-02 00:00:00,0.1015940010547638,0.1032600030303001,0.0976390019059181,0.1021479964256286,776013992.0,1669939200,0.09932385597910195,0.08804548025131222,0.07473992947677165,58.75385748248264,0.003525088727659484,0.0013954270223293917,0.002129661705330092,842032472.7,0.323606342039515,-2.0
2022-12-03 00:00:00,0.1021500006318092,0.1028229966759681,0.098650999367237,0.0998239964246749,632114946.0,1670025600,0.10087185565914424,0.08850204020738596,0.07510611128927476,56.53418371721797,0.0036086887399439938,0.0018380793658523123,0.0017706093740916815,826159009.2,0.3361351501828813,-2.0
2022-12-04 00:00:00,0.0998110026121139,0.1052640005946159,0.0998060032725334,0.1042860001325607,759219556.0,1670112000,0.10166814178228374,0.08970196008682246,0.07551721227590479,59.68348516172849,0.003989005982790894,0.0022682646892400286,0.0017207412935508655,803486054.05,0.32868719398706037,-2.0
2022-12-05 00:00:00,0.1042520031332969,0.1110119968652725,0.1000630035996437,0.1014740020036697,1051327257.0,1670198400,0.10257557034492489,0.0901693600416183,0.07591810118820927,56.886160964364066,0.00401719763590426,0.002618051278572875,0.001399146357331385,824048195.8,0.24072583264242753,-2.0
2022-12-06 00:00:00,0.1014799997210502,0.1026270017027854,0.0985080003738403,0.1002779975533485,534648134.0,1670284800,0.10235057026147835,0.09078507989644999,0.07628568702123377,55.690596635100576,0.003898097320957153,0.0028740604870497307,0.0010240368339074222,815139298.45,0.23069175339320558,-2.0
2022-12-07 00:00:00,0.1002810001373291,0.100950002670288,0.0950170010328292,0.0957830026745796,622336382.0,1670371200,0.10076814251286638,0.09109483987092966,0.07663172746848573,51.32469645778326,0.003401787256855124,0.0029796058410108094,0.0004221814158443145,823173407.7,0.07050018856485174,-2.0
2022-12-08 00:00:00,0.0957849994301796,0.0988740026950836,0.0953669995069503,0.0985400006175041,492909327.0,1670457600,0.1003332851188523,0.09164071977138515,0.07700758604238726,53.72113635691796,0.00319410499402438,0.003022505671613524,0.00017159932241085597,830944585.75,0.10734033910741902,-2.0
2022-12-09 00:00:00,0.0985379964113235,0.0990860015153884,0.096000999212265,0.0966619998216629,423432535.0,1670544000,0.09954957131828578,0.09207203984260555,0.07735394968679452,51.84856395366807,0.0028451788842291936,0.002987040314136658,-0.0001418614299074643,839783134.95,-0.020767459940070454,-2.0
2022-12-10 00:00:00,0.0966629981994628,0.0973559990525245,0.0962579995393753,0.0964569970965385,242190274.0,1670630400,0.09906857141426628,0.09245147973299023,0.07770568704364271,51.63697025687137,0.002523026542251783,0.002894237559759683,-0.0003712110175079003,826941074.75,0.014034555648250624,-2.0
2022-12-11 00:00:00,0.0964640006422996,0.0970930010080337,0.0926679968833923,0.0928749963641166,300470314.0,1670716800,0.09743842801877427,0.09274315953254696,0.07801054561077941,47.95444619403294,0.001956131896324126,0.002706616427072572,-0.0007504845307484461,808961527.15,-0.08814666173340846,-2.0
2022-12-12 00:00:00,0.0928720012307167,0.0930050015449523,0.087287999689579,0.0902580022811889,749817261.0,1670803200,0.09583614234413416,0.09296287953853603,0.07828359614418005,45.406642379785666,0.0012809285073287352,0.0024214788431238046,-0.0011405503357950694,818632766.25,-0.15536211035923564,-2.0
2022-12-13 00:00:00,0.0902549996972084,0.094379998743534,0.0877180024981498,0.0909399986267089,766352149.0,1670889600,0.09450214249747135,0.09321359962224955,0.07856846480357522,46.20871376526679,0.0007917297941421736,0.0020955290333274784,-0.0013037992391853048,830463154.0,-0.10478031481313388,-2.0
2022-12-14 00:00:00,0.0909579992294311,0.092239998281002,0.0882439985871315,0.0885140001773834,549320298.0,1670976000,0.09346371356930049,0.09337091952562326,0.07886675771589227,43.746586252976364,0.00020590494546983418,0.0017176042157559497,-0.0015116992702861156,839912827.45,-0.13347296790272123,-2.0
2022-12-15 00:00:00,0.0885080024600029,0.0887620002031326,0.0844189971685409,0.0847219973802566,412364377.0,1671062400,0.09148971310683654,0.09367283940315241,0.07910532334988762,40.14585897172476,-0.0005579170815567386,0.0012624999562934121,-0.0018204170378501507,809406835.8,-0.15128625967017817,-2.0
2022-12-16 00:00:00,0.0847219973802566,0.0867310017347335,0.0753879994153976,0.0759420022368431,699338853.0,1671148800,0.0885297134518623,0.09372207939624781,0.07925648498113705,33.30950489650249,-0.001850393586176835,0.0006399212477993627,-0.0024903148339761975,799270595.6,-0.27179101566546615,-2.0
2022-12-17 00:00:00,0.075943998992443,0.0793749988079071,0.0758929997682571,0.0792670026421547,495547979.0,1671235200,0.08607399995837887,0.09375323951244349,0.07941051527406226,37.64032129535589,-0.002576688324288215,-3.4006666181527964e-06,-0.002573287657670062,725784757.25,-0.21884422534859627,-2.0
2022-12-18 00:00:00,0.0792620033025741,0.079865001142025,0.0779199972748756,0.0786409974098205,256971055.0,1671321600,0.0840405715363366,0.09362743943929669,0.07955056571900238,37.151163260359404,-0.003166296433088328,-0.0006359798199121879,-0.0025303166131761404,669853294.35,-0.21577016565390617,-2.0
2022-12-19 00:00:00,0.0786480009555816,0.0793420001864433,0.0709130018949508,0.0714289993047714,581773249.0,1671408000,0.08135071396827695,0.09322535932064052,0.07962849502912671,31.99281511320281,-0.004167473045991604,-0.0013422784651280712,-0.002825194580863533,631320584.6,-0.25426226668368646,-2.0
2022-12-20 00:00:00,0.071442000567913,0.0752469971776008,0.0714220032095909,0.074934996664524,438099132.0,1671494400,0.07906428511653625,0.09264375925064083,0.07973990912991336,36.60131071038331,-0.004624697405796047,-0.0019987622532616663,-0.0026259351525343803,583794313.5,-0.23954743053641758,-2.0
2022-12-21 00:00:00,0.0749320015311241,0.0749640017747879,0.0720100030303001,0.0736790001392364,349830700.0,1671580800,0.07694499939680097,0.09203139930963512,0.07987677780064666,35.668798774443815,-0.005030411969987186,-0.0026050921966067706,-0.0024253197733804157,556703888.5,-0.23776664795709923,-2.0
2022-12-22 00:00:00,0.0736780017614364,0.0773620009422302,0.0733909979462623,0.0769670009613037,593083646.0,1671667200,0.07583714276552198,0.09116159945726392,0.0800363131695323,39.979848309245035,-0.00502866221002915,-0.0030898061992912468,-0.0019388560107379033,547557371.2,-0.20205891456198188,-2.0
2022-12-23 00:00:00,0.0769610032439231,0.0786380022764206,0.0767420008778572,0.0771289989352226,398842519.0,1671753600,0.07600671372243333,0.09044187933206554,0.08022154547800917,40.19250512798553,-0.004957061708324578,-0.003463257301097913,-0.0014938044072266652,535893749.85,-0.16953968285674859,-2.0
2022-12-24 00:00:00,0.0771280005574226,0.0779760032892227,0.0768179967999458,0.0776479989290237,165055617.0,1671840000,0.07577542747770032,0.08947367936372753,0.08039553534954481,40.91478168913787,-0.004803072008528322,-0.0037312202425839954,-0.001071851765944327,506185552.9,-0.13971064097873687,-2.0
2022-12-25 00:00:00,0.0776320025324821,0.0776439979672432,0.0742290019989013,0.0759520009160041,423876257.0,1671926400,0.07539128512144085,0.08823735952377314,0.08053434342898498,39.24678690943926,-0.004762982233276092,-0.003937572640722415,-0.0008254095925536772,474813002.9,-0.16481194124741116,-2.0
2022-12-26 00:00:00,0.0759650021791458,0.0763610005378723,0.0747720003128051,0.0757829993963241,248935710.0,1672012800,0.07601328513451978,0.087205319404602,0.08071881818650943,39.07583550397065,-0.00469077546810108,-0.004088213206198148,-0.0006025622619029317,460527381.7,-0.14383036305608354,-2.0
2022-12-27 00:00:00,0.075763002038002,0.0760219991207122,0.0731310024857521,0.0737240016460418,290428818.0,1672099200,0.0758402858461652,0.08606835961341852,0.08087146466579097,36.96336793977075,-0.004744997618278776,-0.0042195700886142745,-0.0005254275296645017,443932003.5,-0.1298127531726222,-2.0
2022-12-28 00:00:00,0.0737269967794418,0.0738210007548332,0.0700519979000091,0.0703810006380081,496350491.0,1672185600,0.07536914306027544,0.08489063978195187,0.08099231315833146,33.77114723786457,-0.0050000834560300494,-0.00437567276209743,-0.0006244106939326194,444104061.7,-0.07322695524265599,-2.0
2022-12-29 00:00:00,0.0703800022602081,0.0713019967079162,0.0697709992527961,0.071042001247406,285144119.0,1672272000,0.07452271452971862,0.08356087982654568,0.08113007074353668,34.96707432453067,-0.005090226631227587,-0.0045185835359234615,-0.0005716430953041259,437189640.9,-0.10376324473728216,-2.0
2022-12-30 00:00:00,0.0710320025682449,0.0713080018758773,0.0669530034065246,0.0684039965271949,419889739.0,1672358400,0.0732762856142861,0.08223807960748669,0.08121901009269432,32.44873830625471,-0.005313282468322536,-0.004677523322403277,-0.0006357591459192589,446074614.15,-0.13017384341245952,-2.0
2022-12-31 00:00:00,0.0683939978480339,0.0711089968681335,0.0681620016694068,0.0702940002083778,289371049.0,1672444800,0.07222571436847955,0.08103871971368787,0.0812892929246329,36.00483303944248,-0.005276721563065273,-0.0047973629705356765,-0.0004793585925295966,445519650.9,-0.015889892164816954,-2.0
2023-01-01 00:00:00,0.0702869966626167,0.0706849992275238,0.0692889988422393,0.0702250003814697,185279750.0,1672531200,0.07140757143497463,0.08001639962196347,0.0813599090759802,35.93046732453645,-0.00519344765980434,-0.0048765799083894095,-0.00031686775141493047,417292775.35,-0.06285442707284616,-2.0
2023-01-02 00:00:00,0.0702250003814697,0.0724790021777153,0.0693579986691474,0.0714540034532547,405800240.0,1672617600,0.07078914344310758,0.07893295973539348,0.08146396971712205,38.37209268492637,-0.004970979853405624,-0.004895459897392653,-7.55199560129715e-05,399265179.9,-0.03019851900510273,-2.0
2023-01-03 00:00:00,0.0714560002088546,0.0721969977021217,0.0697740018367767,0.0704680010676384,283398864.0,1672704000,0.07032400050333566,0.0778851997852325,0.08155870708552271,37.1489320794189,-0.004818687832391325,-0.004880105484392388,6.141765200106362e-05,385969108.2,-0.08443878301731889,-2.0
2023-01-04 00:00:00,0.0704680010676384,0.0732500031590461,0.0703099966049194,0.0732370018959045,343264145.0,1672790400,0.07073200068303515,0.07695639997720714,0.08168626264339741,42.675297672378804,-0.004423567945496906,-0.004788797976613292,0.00036523003111638575,382514096.6,-0.05046087843804148,-2.0
2023-01-05 00:00:00,0.0732330009341239,0.0750269964337349,0.0714000016450882,0.0715499967336654,424927580.0,1672876800,0.07080457146678648,0.07610339999198909,0.08179663633457332,40.3476197917239,-0.004198165962205555,-0.004670671573731745,0.00047250561152618973,368793532.95,-0.07853392591523645,-2.0
2023-01-06 00:00:00,0.0715550035238266,0.0725700035691261,0.0703440010547638,0.0724700018763542,306914647.0,1672963200,0.07138542937380923,0.07539187997579572,0.08191524242812931,42.19918416468732,-0.003900335895968443,-0.004516604438179085,0.0006162685422106415,359361866.35,-0.0458447308518003,-2.0
2023-01-07 00:00:00,0.0724690034985542,0.072843998670578,0.0718759968876838,0.072222001850605,173703551.0,1673049600,0.0716608581798417,0.07464316010475155,0.08202200002893048,41.82233679548503,-0.003642328456999494,-0.004341749241943167,0.0006994207849436726,355198491.15,-0.0469893983358467,-2.0
2023-01-08 00:00:00,0.0722099989652633,0.0736119970679283,0.0715460032224655,0.0736010000109672,246133445.0,1673136000,0.07214314384119848,0.0740466400980949,0.08215305054880147,44.77551562739507,-0.003288672308752766,-0.004131133855305087,0.0008424615465523208,338416500.95,-0.0016684069275721969,-2.0
2023-01-09 00:00:00,0.0735919997096061,0.0792109966278076,0.0732579976320266,0.0757839977741241,853703837.0,1673222400,0.07276171445846555,0.0736891201138496,0.08231967680080968,49.173912751454175,-0.0027999712621110118,-0.0038649013366662717,0.00106493007455526,359196736.2,0.0767678363072064,-2.0
2023-01-10 00:00:00,0.0757689997553825,0.0777309983968734,0.0746899992227554,0.0777290016412735,492952309.0,1673308800,0.07379900025469913,0.07376060009002681,0.08249487882160171,52.782348781844966,-0.002230020318649148,-0.003537925133062847,0.0013079048144136992,366352816.65,0.09412742147535802,-2.0
2023-01-11 00:00:00,0.077734000980854,0.0781809985637664,0.0751779973506927,0.0781529992818832,394318759.0,1673395200,0.07450128559555323,0.07371603995561596,0.08261802021150631,53.55642833880969,-0.0017242410461030394,-0.003175188315670886,0.0014509472695678465,356414572.3,0.1425209527167388,-2.0
2023-01-12 00:00:00,0.0792139992117881,0.080716997385025,0.0769879966974258,0.0802860036492347,706796194.0,1673481600,0.0757492865834917,0.07378184020519253,0.08277510102800643,57.34490903632711,-0.0011381715691217709,-0.002767784966361063,0.001629613397239292,371812256.05,0.14214589312369275,-2.0
2023-01-13 00:00:00,0.0802839994430542,0.0849160030484199,0.0791840031743049,0.0844380035996437,575039277.0,1673568000,0.0774590011153902,0.07430220037698743,0.08298716163544939,63.57371285910259,-0.0003348160390425903,-0.0022811911808973684,0.0019463751418547781,392311439.05,0.20239235515795584,-2.0
2023-01-14 00:00:00,0.0844390019774437,0.0918700024485588,0.0843620002269744,0.0873230025172233,1101070507.0,1673654400,0.0796162869249071,0.0747977206110954,0.0832388182405871,67.16197235532013,0.0005285514954878057,-0.0017192426456203336,0.002247794141108139,426171151.55,0.2220869132175376,-2.0
2023-01-15 00:00:00,0.0873339995741844,0.087686002254486,0.0831300020217895,0.0861309990286827,501123418.0,1673740800,0.08140628678458074,0.07529580056667325,0.08348581823285174,64.3417810466234,0.0011038670747891555,-0.0011546207015384357,0.002258487776327591,438780536.95,0.22227106947464348,-2.0
2023-01-16 00:00:00,0.0861269980669021,0.0879039987921714,0.0823080018162727,0.083636000752449,537067710.0,1673827200,0.08252800149577001,0.07556256055831906,0.08370278794506578,58.778265554683266,0.0013430020157412098,-0.0006550961580825067,0.0019980981738237165,451112481.55,0.14199105079868124,-2.0
2023-01-17 00:00:00,0.0836519971489906,0.0847200006246566,0.0827559977769851,0.0829820036888122,366437449.0,1673913600,0.0832784303597041,0.07579668074846264,0.08393984859940977,57.377743602091996,0.0014628828787526804,-0.00023150035071546935,0.0016943832294681498,444616829.45,0.1597764846545111,-2.0
2023-01-18 00:00:00,0.0829780027270317,0.0894580036401748,0.0801739990711212,0.0801910012960434,1094371447.0,1674000000,0.08356957350458415,0.07589840084314342,0.08414119203584357,51.71462534729902,0.0013174915363470263,7.829802669702976e-05,0.0012391935096499967,485078195.85,0.1065406267390816,-2.0
2023-01-19 00:00:00,0.0801709964871406,0.0820519998669624,0.0801320001482963,0.0816600024700164,337970684.0,1674086400,0.08376585905041009,0.07612672090530392,0.0843611819425014,54.272817851324604,0.001305752070718244,0.00032378883550127264,0.0009819632352169715,480982243.1,0.13068040732150288,-2.0
2023-01-20 00:00:00,0.0816489979624748,0.0867599993944168,0.0807669982314109,0.0864029973745346,444441989.0,1674172800,0.08404657244682308,0.07655152082443234,0.0846311718300737,61.3861891735241,0.0016600326860906761,0.0005910376056191533,0.0010689950804715228,488735790.1,0.17393781825871657,-2.0
2023-01-21 00:00:00,0.0864079967141151,0.0887060016393661,0.0847610011696815,0.0847650021314621,716057148.0,1674259200,0.08368114382028577,0.07699316084384916,0.08489503045425265,58.028890575099666,0.0017880189301847649,0.0008304338705322756,0.0009575850596524893,515274660.0,0.1185079254344179,-2.0
2023-01-22 00:00:00,0.0847709998488426,0.0928919985890388,0.0847709998488426,0.0883039981126785,794717541.0,1674345600,0.0839915722608566,0.07771008074283597,0.08519527285990083,62.76694537944333,0.002150229838672496,0.0010943930641603198,0.0010558367745121763,534720525.05,0.1360495599854683,-2.0
2023-01-23 00:00:00,0.0883100032806396,0.0911500006914138,0.0873270034790039,0.0886050015687942,661273714.0,1674432000,0.08470142952033448,0.0784126007556915,0.0854951819837695,63.14799961545412,0.002433520941950762,0.0013622186397184083,0.0010713023022323536,553614267.55,0.13373769891047416,-2.0
2023-01-24 00:00:00,0.088577002286911,0.0905919969081878,0.0836599990725517,0.0839499980211258,559881331.0,1674518400,0.08483971442495072,0.07903444081544872,0.08573775772343979,53.95200093947905,0.0022564009143126035,0.0015410550946372474,0.0007153458196753561,564445126.85,0.04563677609236705,-2.0
2023-01-25 00:00:00,0.0839660018682479,0.0878800004720687,0.0824460014700889,0.0865940004587173,542521010.0,1674604800,0.08575442859104698,0.0796864408254623,0.08600864661010825,57.71832754562732,0.002302835264725203,0.0016934111286548387,0.0006094241360703645,570324798.35,0.025533489272154153,-2.0
2023-01-26 00:00:00,0.086568996310234,0.0873579978942871,0.085548996925354,0.0863730013370513,424196515.0,1674691200,0.08642771414348054,0.08033236086368557,0.08628804056030327,57.29648674004752,0.002295342757311858,0.0018137974543862426,0.00048154530292561525,576188891.75,-0.010879163024480665,-2.0
2023-01-27 00:00:00,0.0863649994134903,0.0877460017800331,0.0845249965786933,0.0871229991316795,400056534.0,1674777600,0.0865305715373584,0.08095912069082256,0.08656669712879438,58.40746201385921,0.0023231436908778685,0.001915666701684568,0.00040747698919330055,587506540.9,0.011517341191717101,-2.0
2023-01-28 00:00:00,0.0871239975094795,0.092969000339508,0.0871239975094795,0.0877880007028579,642333816.0,1674864000,0.08696242847612921,0.08165192067623135,0.08685411129033924,59.41566185162918,0.002371499035493649,0.0020068331684463844,0.0003646658670472644,607316559.45,0.04964369306344829,-2.0
2023-01-29 00:00:00,0.0877830013632774,0.0908590033650398,0.0875440016388893,0.0902329981327056,458157342.0,1674950400,0.08723799990756166,0.0823317605257034,0.0871625860231091,62.96975051768594,0.002577401176983976,0.0021209467701539027,0.00045645440683007334,587539234.7,0.08738032490858005,-2.0
2023-01-30 00:00:00,0.0902210026979446,0.0918369963765144,0.0853990018367767,0.0883369967341423,787132771.0,1675036800,0.08719971350261138,0.08300324052572247,0.08744531328027895,58.67840926045371,0.0025581004506082666,0.0022083775062447753,0.0003497229443634913,602248257.8,0.10158241331874773,-2.0
2023-01-31 00:00:00,0.0883290022611618,0.0973350033164024,0.0883290022611618,0.0961669981479644,1542889216.0,1675123200,0.08894499923501689,0.08395112037658688,0.08781562640209387,68.2894891684412,0.003138442154401039,0.002394390435876028,0.0007440517185250107,659676780.65,0.17765117853473766,-2.0
2023-02-01 00:00:00,0.0961569994688034,0.0965989977121353,0.0887520015239715,0.0941710025072097,1110308356.0,1675209600,0.09002742809908724,0.08482908040285107,0.0881316769454214,64.19075217008114,0.0033981353794274582,0.0025951394245863142,0.000802995954841144,679852388.75,0.08990434786657686,-2.0
2023-02-02 00:00:00,0.0941449999809265,0.0957529991865158,0.0909570008516311,0.0909790024161338,776556390.0,1675296000,0.09068542825324188,0.08552420049905772,0.08831530320222929,58.177125827917436,0.0033082410569614668,0.002737759751061345,0.0005704813059001219,689928244.4,0.07330856047209666,-2.0
2023-02-03 00:00:00,0.0909840017557144,0.0932089984416961,0.0906670019030571,0.0929870009422302,548668917.0,1675382400,0.09152314279760627,0.08621232062578196,0.08847660624017616,60.673093405817596,0.003360292498057485,0.0028622663004605727,0.0004980261975969123,662308164.9,0.05303273837698774,-2.0
2023-02-04 00:00:00,0.0929749980568885,0.0995299965143203,0.0926629975438118,0.095781996846199,1071858301.0,1675468800,0.09266514224665501,0.08693444043397898,0.08859665669275049,63.90237667553698,0.003585742246263471,0.0030069614896211525,0.0005787807566423183,690844909.05,0.0809998888362129,-2.0
2023-02-05 00:00:00,0.0957470014691352,0.0967260003089904,0.0909660011529922,0.0920950025320053,753364305.0,1675555200,0.09293114287512638,0.08749212056398387,0.08829859614071216,57.226758640753,0.003427394300320935,0.003091048051761109,0.0003363462485598259,701659738.8,0.09702209294668274,-2.0
2023-02-06 00:00:00,0.0921040028333664,0.0930970013141632,0.0890619978308677,0.0895489975810051,488311044.0,1675641600,0.09310428585324963,0.0878626403212547,0.08801321226237997,53.10148647712187,0.0030611737847554554,0.0030850731983599784,-2.3899413604522995e-05,707753418.55,0.03412473273707395,-2.0
2023-02-07 00:00:00,0.089537002146244,0.0926339998841285,0.0895180031657219,0.0925759971141815,512569389.0,1675728000,0.09259128570556638,0.0881881600618362,0.08766523236879191,57.06435148704663,0.0029808337562922255,0.003064225309946428,-8.339155365420271e-05,678663315.65,0.07181637411121566,-2.0
2023-02-08 00:00:00,0.0925640016794204,0.093138001859188,0.0891690030694007,0.0901559963822364,462925887.0,1675814400,0.09201771340199875,0.08830147981643673,0.08713574752663117,53.194413109710545,0.0026908711826540005,0.002989554484487943,-0.0002986833018339425,684911075.8,0.03481281958593696,-2.0
2023-02-09 00:00:00,0.0901629999279975,0.0907580032944679,0.0801720023155212,0.0814799964427948,819008026.0,1675900800,0.09066071254866462,0.08811543971300122,0.08666756568532998,42.15638990819746,0.0017409247701597186,0.0027398285416222984,-0.0009989037714625798,703639377.65,-0.07185497117555095,-2.0
2023-02-10 00:00:00,0.0814789980649948,0.0828799977898597,0.0804150030016899,0.0810900032520294,516764147.0,1675987200,0.08896114145006451,0.08801359981298443,0.08624835357521515,41.737142716024664,0.000945714593926103,0.0023810057520830593,-0.0014352911581569563,693674727.6,-0.10132651103124823,-2.0
2023-02-11 00:00:00,0.0810659974813461,0.082514002919197,0.0807880014181137,0.0823720023036003,244141279.0,1676073600,0.08704542794397896,0.08798919975757595,0.08580483849903546,43.71861009526802,0.0004141770343934481,0.001987640008545137,-0.0015734629741516889,666145914.5,-0.06752543839014769,-2.0
2023-02-12 00:00:00,0.0823550000786781,0.0854189991950988,0.0817420035600662,0.0821439996361732,448723137.0,1676160000,0.08562385610171723,0.08806731969118115,0.08537813140587369,43.43568030143048,-2.5177984686347576e-05,0.00158507640989884,-0.0016102543945851876,655518385.65,-0.14581923925934692,-2.0
2023-02-13 00:00:00,0.0821439996361732,0.0862049981951713,0.0799779966473579,0.0821560025215148,752090969.0,1676246400,0.08456771395036147,0.08808715969324109,0.08505035364868661,43.45642590173624,-0.00036815757875653665,0.0011944296121677647,-0.0015625871909243014,665128867.55,-0.1275870455427618,-2.0
2023-02-14 00:00:00,0.0821430012583732,0.0836480036377906,0.0812729969620704,0.0835340023040771,427664094.0,1676332800,0.08327600040606085,0.08797239989042277,0.08476989911963238,45.909186311721854,-0.0005227523483933849,0.0008509932200555348,-0.0013737455684489197,659386021.75,-0.08183207019575356,-2.0
2023-02-15 00:00:00,0.0835350006818771,0.0893549993634224,0.0828320011496543,0.0892909988760948,846713153.0,1676419200,0.08315242933375491,0.08815343976020808,0.0847787981232007,54.74199428881888,-0.0001786687251457003,0.0006450608310152878,-0.0008237295561609881,680511853.65,-0.03974751340170224,-2.0
2023-02-16 00:00:00,0.0892810001969337,0.0912619978189468,0.0849659964442253,0.0850439965724945,849757697.0,1676505600,0.0836615722094263,0.08802303969860072,0.08488744452144156,48.455742959566656,-0.00024584363456768565,0.0004668799378986931,-0.0007127235724663787,702996911.8,-0.11210875349515759,-2.0
2023-02-17 00:00:00,0.0850550010800361,0.0884110033512115,0.084706999361515,0.0877659991383552,447263733.0,1676592000,0.08461528590747285,0.08798947960138316,0.08486701013764947,52.241175179142786,-7.853210667214949e-05,0.00035779752898452456,-0.00043632963565667406,693243407.65,-0.04700584477584069,-2.0
2023-02-18 00:00:00,0.0877590030431747,0.0898220017552375,0.0869740024209022,0.0889270007610321,397918582.0,1676678400,0.08555171425853454,0.08818855971097941,0.08490783841621992,53.79968348436123,0.00014606289057259025,0.0003154506013021377,-0.00016938771072954744,690231469.65,-0.006945882553407001,-2.0
2023-02-19 00:00:00,0.0889260023832321,0.0897379964590072,0.0862860009074211,0.0869660004973411,505191212.0,1676764800,0.08624057152441565,0.08820343971252437,0.0848970000039447,50.78513935118457,0.0001639300281699313,0.00028514648667569644,-0.00012121645850576515,676134391.7,-0.060598824659929273,-2.0
2023-02-20 00:00:00,0.0869939997792244,0.0886270031332969,0.0858530029654502,0.0882079973816871,449906814.0,1676851200,0.08710514221872599,0.08827683955430982,0.08493048479460703,52.596801094745835,0.0002751370238630313,0.00028314459411316344,-8.007570250132142e-06,621485271.6,-0.02160698210566414,-2.0
2023-02-21 00:00:00,0.0882230028510093,0.0887070000171661,0.0848449990153312,0.0854130014777183,483249308.0,1676937600,0.0873735706721033,0.08820843964815137,0.08492577775861272,48.28882900895793,0.00013616691106822787,0.00025374905750417633,-0.00011758214643594846,590132319.2,0.048269577891854265,-2.0
2023-02-22 00:00:00,0.0854180008172988,0.0874639973044395,0.0832530036568641,0.0855339989066124,765182582.0,1677024000,0.08683685639074867,0.08811827957630154,0.0849112625977005,48.48553716815972,3.538764994626131e-05,0.00021007677599259336,-0.00017468912604633204,589563628.8,0.054803249184377956,-2.0
2023-02-23 00:00:00,0.0855349972844123,0.0863690003752708,0.0839319974184036,0.0842920020222663,351385340.0,1677110400,0.08672942859785893,0.08788063973188397,0.08489822220019615,46.528988474698025,-0.0001430504132161753,0.00013945133815083962,-0.00028250175136701494,579699449.95,0.02330888730359404,-2.0
2023-02-24 00:00:00,0.0842880010604858,0.0848999992012977,0.0798889994621276,0.0808999985456466,449138535.0,1677196800,0.08574857137032912,0.08758315980434414,0.08485918175993538,41.59254254341819,-0.0005518092823391246,1.1992140528467636e-06,-0.0005530084963919714,548563461.65,-0.015144150467915618,-2.0
2023-02-25 00:00:00,0.0809149965643882,0.0817790031433105,0.0790579989552497,0.0807859972119331,316321963.0,1677283200,0.08458557086331497,0.08696791976690287,0.08481992924153198,41.43343891615846,-0.0008748676561950719,-0.000174014159996737,-0.0007008534961983349,526711344.55,-0.016675656890960955,-2.0
2023-02-26 00:00:00,0.080775998532772,0.0824730023741722,0.0805770009756088,0.0822020024061203,218231642.0,1677369600,0.08390499970742629,0.08648915976285929,0.08479589893661359,44.28433587404801,-0.001005048387671889,-0.00034022100553176746,-0.0006648273821401216,513207374.45,-0.015945601326608494,-2.0
2023-02-27 00:00:00,0.0822020024061203,0.0822020024061203,0.080204002559185,0.0813539996743202,267030813.0,1677456000,0.08292585717780246,0.08610415965318677,0.08483812115108119,42.936384106769886,-0.0011632352369477794,-0.0005048238518149699,-0.0006584113851328096,500930445.65,-0.08888912994229614,-2.0
2023-02-28 00:00:00,0.0813589990139007,0.082735002040863,0.0802000015974044,0.0807489976286888,370709700.0,1677542400,0.08225957091365539,0.0856146395206451,0.08489911100178049,41.95519164979733,-0.0013221768320496319,-0.0006682944478619023,-0.0006538823841877295,496319636.3,-0.050503258512133775,-2.0
2023-03-01 00:00:00,0.0807619988918304,0.0825639963150024,0.080545000731945,0.0819640010595321,260501052.0,1677628800,0.08174957122121533,0.08506191968917844,0.08493422212624785,44.688865176093685,-0.0013347128299448091,-0.0008015781242784838,-0.0005331347056663253,468394287.6,-0.06610758307071485,-2.0
2023-03-02 00:00:00,0.0819680020213127,0.0821669995784759,0.0798590034246444,0.0805199965834617,225493749.0,1677715200,0.0812107133013861,0.0845989194512367,0.08492143422064151,42.14825196797438,-0.00144451531835324,-0.0009301655630934351,-0.0005143497552598049,453830767.7,-0.09453826290804535,-2.0
2023-03-03 00:00:00,0.0805250033736229,0.0805720016360282,0.0742349997162818,0.0767770037055015,564252293.0,1677801600,0.08062171403850825,0.08408803969621655,0.08487391908361451,36.375494912290115,-0.0018126675224039296,-0.001106665954955534,-0.0007060015674483955,469836318.4,-0.11716069192064449,-2.0
2023-03-04 00:00:00,0.0767780020833015,0.0771550014615058,0.0731000006198883,0.0745560005307197,267382234.0,1677888000,0.07973171451262061,0.08336723983287808,0.08472322213529333,33.44804598722277,-0.0022576227216011546,-0.001336857308284658,-0.0009207654133164965,460769273.25,-0.15477051124846974,-2.0
2023-03-05 00:00:00,0.0745650008320808,0.0759169980883598,0.0744149982929229,0.0747950002551078,215772335.0,1677974400,0.07867357134819027,0.08275279998779293,0.08457985851499766,34.06299980912158,-0.0025614409455611414,-0.0015817740357399548,-0.0009796669098211866,433953341.55,-0.12431364123622823,-2.0
2023-03-06 00:00:00,0.0747900009155273,0.0750610008835792,0.0735519975423812,0.0748049989342689,274994083.0,1678060800,0.07773799981389722,0.0824858000874519,0.0843383736833177,34.09043828813266,-0.00276948734097493,-0.0018193166967869498,-0.00095017064418798,426319841.0,-0.12543550061371056,-2.0
2023-03-07 00:00:00,0.0748049989342689,0.0758299976587295,0.0730300024151802,0.0740479975938797,309277502.0,1678147200,0.07678071409463878,0.08220411986112591,0.08412550495128435,32.97174388510203,-0.0029613131156353,-0.0020477159805566197,-0.0009135971350786804,399448058.45,-0.12152996942320315,-2.0
2023-03-08 00:00:00,0.0740479975938797,0.0742349997162818,0.0707670003175735,0.0711300000548362,321627782.0,1678233600,0.0752329996653965,0.08175443977117533,0.08381517163731832,29.018714791562886,-0.0033106315391745605,-0.0023002990922802082,-0.0010103324468943523,373041562.7,-0.12076636176078326,-2.0
2023-03-09 00:00:00,0.0711319968104362,0.0722030028700828,0.0646279975771904,0.0659869983792305,523758954.0,1678320000,0.07315685706479204,0.08110815972089762,0.08340231306625132,23.63925862665816,-0.003956854009925445,-0.002631610075809256,-0.0013252439341161892,376866323.75,-0.18318767290671756,-2.0
2023-03-10 00:00:00,0.0659959986805915,0.0660710036754608,0.0630230009555816,0.0658330023288726,475760293.0,1678406400,0.0715934282967022,0.08045523971319195,0.08304119185365808,23.498788725969376,-0.004430345898320934,-0.002991357240311592,-0.0014389886580093419,380758409.3,-0.19913140310592914,-2.0
2023-03-11 00:00:00,0.0658330023288726,0.0681959986686706,0.0644470006227493,0.0665939971804618,449044632.0,1678492800,0.07045599924666536,0.07977763950824733,0.08268206054815135,25.843845929489646,-0.004690120912198351,-0.0033311099746889438,-0.0013590109375094068,377951080.3,-0.18142934032679725,-2.0
2023-03-12 00:00:00,0.0665820017457008,0.0712499991059303,0.0660689994692802,0.0710010007023811,375272678.0,1678579200,0.06991399931056154,0.07904603958129879,0.08239091917721908,37.74538308612113,-0.004488643836852921,-0.0035626167471217393,-0.0009260270897311815,374219373.5,-0.12071972671577025,-2.0
2023-03-13 00:00:00,0.0710000023245811,0.0737259984016418,0.0685139968991279,0.0730409994721412,537268873.0,1678665600,0.06966199938740045,0.07856591969728466,0.08207531310994212,42.35720059776743,-0.004116903846480585,-0.003673474166993509,-0.00044342967948707637,376920351.75,-0.10886488546245987,-2.0
2023-03-14 00:00:00,0.0730360001325607,0.0776399970054626,0.0717770010232925,0.0747869983315467,652033915.0,1678752000,0.06976757092135287,0.0780467596650123,0.08180574741628431,46.04153363166067,-0.003639456322829124,-0.0036666705981606316,2.7214275331507824e-05,371262918.4,-0.07119968324852766,-2.0
2023-03-15 00:00:00,0.0748049989342689,0.0760580003261566,0.0681409984827041,0.0698660016059875,528466415.0,1678838400,0.06958699971437449,0.07728431969881053,0.08149855553802814,38.560663465726115,-0.0036164706077869008,-0.0036566306000858856,4.015999229898485e-05,380116972.15,-0.09001395946659996,-2.0
2023-03-16 00:00:00,0.0698779970407486,0.0734769999980926,0.0692540034651756,0.0727180019021034,326147102.0,1678924800,0.07054857164621346,0.07671439975500102,0.08126557573224555,44.21759288954033,-0.0033297385212940206,-0.003591252184327513,0.00026151366303349237,373967400.5,-0.024652591549073066,-2.0
2023-03-17 00:00:00,0.072731003165245,0.0772970020771026,0.0718140006065368,0.0765089988708496,485591017.0,1679011200,0.07207371400935304,0.07624643981456752,0.08104304036106723,50.713644977296454,-0.0027647294244404347,-0.0034259476323500976,0.0006612182079096629,382430853.2,0.022915951733347928,-2.0
2023-03-18 00:00:00,0.0765099972486496,0.0787639990448951,0.0729459971189498,0.0730499997735023,517840653.0,1679097600,0.07299600009407312,0.07575191974639887,0.0808045353100757,45.50641707726464,-0.0025664831435094626,-0.003254054734581971,0.0006875715910725083,397411303.75,-0.023460987711646397,-2.0
2023-03-19 00:00:00,0.0730409994721412,0.0766019970178604,0.0730409994721412,0.07481300085783,338882489.0,1679184000,0.07354057154485152,0.07532307982444758,0.08058590908544229,48.41379921382045,-0.002241276048947541,-0.003051498997455085,0.000810222948507544,401003887.55,0.01033118097461605,-2.0
2023-03-20 00:00:00,0.0748070031404495,0.0756080001592636,0.0710219964385032,0.0714870020747184,409238948.0,1679270400,0.07331857191664827,0.07481087982654568,0.08036986873908473,43.679176413215636,-0.002226264398596578,-0.002886452077683384,0.0006601876790868059,402930349.95,0.0050190077267957545,-2.0
2023-03-21 00:00:00,0.071491003036499,0.0774770006537437,0.0708620026707649,0.076894000172615,631254174.0,1679356800,0.07361957217965802,0.0746506398916244,0.0802348788187961,51.91237131090975,-0.001757805116026745,-0.0026607226853520563,0.0009029175693253113,421468006.05,0.16529016414266073,-2.0
2023-03-22 00:00:00,0.0768700018525123,0.0776429995894432,0.0721340030431747,0.0739990025758743,693511781.0,1679443200,0.07421000088964184,0.07437916010618205,0.08006375764656544,47.87683288507745,-0.001601686624681825,-0.00244891547321801,0.0008472288485361851,444868907.65,0.12404113374942205,-2.0
2023-03-23 00:00:00,0.0739959999918937,0.0789339989423751,0.073294997215271,0.0774120017886161,637122733.0,1679529600,0.07488057230200082,0.07418756008148188,0.0799516162486991,52.55910016692517,-0.0011888566828716918,-0.0021969037151487463,0.0010080470322770545,448512429.65,0.16244714337898647,-2.0
2023-03-24 00:00:00,0.077403999865055,0.0774900019168853,0.0733880028128624,0.0746800005435943,396748009.0,1679616000,0.07461928682667862,0.07392060011625284,0.07985018193721767,48.78154880549299,-0.0010698036177188147,-0.00197148369566276,0.0009016800779439453,454980718.4,0.05181616885422047,-2.0
2023-03-25 00:00:00,0.0746819972991943,0.0759140029549598,0.072963997721672,0.0740439966320991,286831067.0,1679702400,0.07476128637790673,0.07365240007638926,0.07983101016343237,47.918121423540065,-0.0010150722847670907,-0.0017802014134836262,0.0007651291287165355,458533655.0,0.013731974743040887,-2.0
2023-03-26 00:00:00,0.0740550011396408,0.075375996530056,0.0737209990620613,0.0744170024991035,228916506.0,1679788800,0.07470471518380296,0.07335052013397213,0.07978202026299752,48.49391829973417,-0.0009308683816989516,-0.0016103348071266914,0.0006794664254277398,456229776.15,-0.004947328288306574,-2.0
2023-03-27 00:00:00,0.0744260028004646,0.0758310034871101,0.0717559978365898,0.0728949978947639,435284210.0,1679875200,0.07490585744380947,0.0730455201864242,0.07972397986385553,46.24717793871416,-0.0009757019487957458,-0.0014834082354605023,0.0005077062866647565,462530111.55,0.043354367205076016,-2.0
2023-03-28 00:00:00,0.0728989988565445,0.0739250034093856,0.0719370022416114,0.0738229975104332,276514415.0,1679961600,0.07446714277778348,0.07292735993862147,0.07974816166391271,47.83414691965106,-0.0009256803930057095,-0.0013718626669695438,0.0004461822739638343,460274443.2,0.015195626659508576,-2.0
2023-03-29 00:00:00,0.0738240033388137,0.0767330005764961,0.0736420005559921,0.0756269991397857,423884022.0,1680048000,0.07469971371548512,0.0729701998829841,0.07975515158790526,50.87070447575107,-0.0007320316891990114,-0.0012438964714154375,0.0005118647822164261,455280696.6,-0.011528052177924186,-2.0
2023-03-30 00:00:00,0.0756419971585273,0.0766410008072853,0.0736839994788169,0.0742449983954429,372289117.0,1680134400,0.07424728465931751,0.07294819980859751,0.07976086874200836,48.53967327269143,-0.0006822154514154188,-0.0011315602674154338,0.0004493448160000149,450107137.8,0.016358639639230566,-2.0
2023-03-31 00:00:00,0.0742589980363845,0.0777219980955123,0.0738079994916915,0.0770350024104118,378314248.0,1680220800,0.0745837134974343,0.07303739994764323,0.07976155562533269,53.20186486553763,-0.00041284667758272053,-0.000987817549448891,0.0005749708718661706,446570618.6,0.02970074087529717,-2.0
2023-04-01 00:00:00,0.0770249962806701,0.0852790027856826,0.0761440023779869,0.0840509980916976,933070185.0,1680307200,0.0760132851345198,0.07343751996755594,0.07983147480873141,62.42171226962743,0.0003625826061504078,-0.0007177375183290314,0.0010803201244794392,474460493.95,0.17575217385458775,-2.0
2023-04-02 00:00:00,0.0818590000271797,0.0852790027856826,0.0778480023145675,0.0790890008211135,929778146.0,1680393600,0.0766807134662355,0.07375587999820704,0.07984603038339899,54.277209276388646,0.0005701518341437034,-0.00046015964783448443,0.0010303114819781877,494085957.6,0.028545798678324408,-2.0
2023-04-03 00:00:00,0.079086996614933,0.1026400029659271,0.0766320005059242,0.0960789993405342,3497240136.0,1680480000,0.07999271367277412,0.07495956003665918,0.08004933339778819,69.12951466491937,0.002081607358090598,4.819375335053211e-05,0.0020334136047400657,636346268.65,0.29838235646514755,-2.0
2023-04-04 00:00:00,0.0960830003023147,0.1025379970669746,0.0928710028529167,0.095159001648426,3096545498.0,1680566400,0.08304071426391595,0.07613260000944132,0.08024505059225387,67.84436704643457,0.0031686840084439033,0.0006722918043692063,0.002496392204074697,764750222.8,0.22925385534235998,-2.0
2023-04-05 00:00:00,0.0951680019497871,0.0989390015602111,0.0920839980244636,0.0928170010447502,1529520651.0,1680652800,0.08549642882176803,0.07718152016401286,0.0804379091720388,64.55433687756346,0.0037974456207244267,0.0012973225676402504,0.0025001230530841763,824918900.25,0.24286288657119726,-2.0
2023-04-06 00:00:00,0.0928220003843307,0.0928469970822334,0.0854120030999183,0.0854120030999183,1410995902.0,1680739200,0.08709171520812166,0.07775796025991434,0.08058973747973487,55.40557770027926,0.00365607729718867,0.0017690735135499345,0.0018870037836387357,871189144.5,0.15353042764970115,-2.0
2023-04-07 00:00:00,0.085437998175621,0.0860980004072189,0.0818910002708435,0.08245600014925,858234171.0,1680825600,0.08786614345652712,0.0781345602869987,0.0807050303979353,52.22379991969446,0.0032678474374171623,0.0020688282983233803,0.001199019139093782,888208820.4,0.10802635661444904,-2.0
2023-04-08 00:00:00,0.0824429988861084,0.0838259980082511,0.0810350030660629,0.0814049988985061,507929909.0,1680912000,0.08748814357178547,0.07839928030967708,0.08083635365421118,51.1001738982175,0.0028425977616118453,0.0022235821909810734,0.0006190155706307719,896661191.4,0.1167432779959443,-2.0
2023-04-09 00:00:00,0.0814009979367256,0.0838249996304512,0.0813539996743202,0.0832900032401084,454428407.0,1680998400,0.08808828677449905,0.0789362403750419,0.08096762641210745,53.05123684061563,0.0026274013789108625,0.002304346028567031,0.00032305535034383125,898920664.35,0.12823924859373625,-2.0
2023-04-10 00:00:00,0.083296999335289,0.0852719992399215,0.0824699997901916,0.0848520025610923,473882914.0,1681084800,0.08648443009172162,0.07942160040140146,0.08111537390887132,54.66539817670606,0.0025534622627545606,0.002354169275404537,0.00019929298735002357,891052101.35,0.1219802917772197,-2.0
2023-04-11 00:00:00,0.0848509967327117,0.0857099965214729,0.0838989987969398,0.0842370018362999,472611203.0,1681171200,0.08492414440427502,0.07973072052001948,0.08124449510465966,53.8799287811169,0.002417373583870827,0.0023668101370977954,5.056344677303176e-05,880007072.45,0.13458150254967616,-2.0
2023-04-12 00:00:00,0.0842370018362999,0.0844290032982826,0.0813189968466758,0.0834330022335052,540510658.0,1681257600,0.08358357314552574,0.0801460406184196,0.08137545471239568,52.811585438996445,0.002219066262199129,0.0023372613621180623,-0.00011819509991893313,875176468.7,0.08305315276044789,-2.0
2023-04-13 00:00:00,0.0834280028939247,0.0883809998631477,0.0830200016498565,0.0874840021133422,810485328.0,1681344000,0.08387957300458629,0.08065288066864008,0.08151936380550111,57.3954416119643,0.0023615654591419566,0.0023421221815228413,1.944327761911526e-05,895863334.65,0.04084429809981893,-2.0
2023-04-14 00:00:00,0.0874850004911422,0.0911160036921501,0.0858789980411529,0.0887850001454353,1007326042.0,1681430400,0.08478371586118419,0.08134480059146876,0.08169345474905435,58.78028195137082,0.002550081021026024,0.0023837139494234777,0.0001663670716025461,931888083.4,0.12259605284750763,-2.0
2023-04-15 00:00:00,0.0887850001454353,0.0904470011591911,0.0876530036330223,0.0889739990234375,463978095.0,1681516800,0.08586500159331725,0.08182800054550166,0.08186016179094407,58.988833313953094,0.0026837944797669933,0.002443730055492181,0.00024006442427481223,943641162.85,-0.07394956614727366,-2.0
2023-04-16 00:00:00,0.0889680013060569,0.0915149971842765,0.0882309973239898,0.0904719978570938,594760862.0,1681603200,0.08689100082431518,0.08248692035675044,0.082044505184949,60.686628275191254,0.002877469666596272,0.0025304779777129997,0.0003469916888832721,951614995.45,-0.04925444477285279,-2.0
2023-04-17 00:00:00,0.0904819965362548,0.0945950001478195,0.088577002286911,0.091448999941349,1360494890.0,1681689600,0.0878334290214947,0.08304840028285974,0.08222478801252861,61.79744950882357,0.003074355296427647,0.0026392534414559294,0.0004351018549717178,1005814019.2,-0.014738691058781783,-2.0
2023-04-18 00:00:00,0.0914580002427101,0.0944949984550476,0.0900859981775283,0.0939889997243881,839983343.0,1681776000,0.08922657157693588,0.0838207602500915,0.08240867692111713,64.59806659139336,0.0033961960968350857,0.002790641972531761,0.0006055541243033249,1026618985.25,0.10041910168569745,-2.0
2023-04-19 00:00:00,0.0939880013465881,0.0940209999680519,0.086848996579647,0.0878679975867271,1277738666.0,1681862400,0.08986014234168185,0.08437372028827662,0.08251109102157626,54.27248310987071,0.0031213624098555964,0.0028567860599965278,0.00026457634985906867,1071891462.7,0.06563497413991803,-2.0
2023-04-20 00:00:00,0.087857000529766,0.0929720029234886,0.0829980000853538,0.0839369967579841,1950918834.0,1681948800,0.08935342729091642,0.08475452005863185,0.08256951523850657,48.86989592411244,0.0025568816783353987,0.002796805183664302,-0.00023992350532890325,1150521692.0,0.031103714682618522,-2.0
2023-04-21 00:00:00,0.0839340016245842,0.0846289992332458,0.0775170028209686,0.0784789994359016,853137910.0,1682035200,0.08788114147526874,0.08497788012027735,0.08255126267069512,42.538250544058265,0.001650090644433097,0.002567462275818061,-0.000917371631384964,1146525078.25,-0.057762079686053625,-2.0
2023-04-22 00:00:00,0.0784820020198822,0.0809189975261688,0.0783130005002021,0.080375000834465,396888464.0,1682121600,0.08665271316255839,0.08523996025323863,0.08251022223872362,45.1946194334294,0.0010720853517234563,0.00226838689099914,-0.0011963015392756839,1119880594.15,-0.05276247574008541,-2.0
2023-04-23 00:00:00,0.0803800001740455,0.0806280001997947,0.0774369984865188,0.0788199976086616,365182428.0,1682208000,0.08498814169849665,0.08536768019199366,0.0824243333002533,43.421681615191304,0.000482968863904254,0.001911303285580163,-0.001428334421675909,963277708.75,-0.06430670737979627,-2.0
2023-04-24 00:00:00,0.0788189992308616,0.0799729973077774,0.0775690004229545,0.0787839964032173,392854009.0,1682294400,0.08317885547876355,0.08554924011230465,0.08235012115252133,43.37925295960645,1.3034552342028327e-05,0.0015316495389325361,-0.0015186149865905078,828093134.3,-0.05572142564493421,-2.0
2023-04-25 00:00:00,0.0787829980254173,0.079925999045372,0.0777560025453567,0.0798470005393028,343833135.0,1682380800,0.08115856988089422,0.0856617200374603,0.08231184842309561,45.0855013326665,-0.0002704980917564992,0.0011712200127947292,-0.0014417181045512284,768808758.5,-0.08729597857383209,-2.0
2023-04-26 00:00:00,0.0798479989171028,0.0833719968795776,0.0761509984731674,0.0786229968070983,722718207.0,1682467200,0.07983785548380438,0.08544459998607631,0.08226781805055304,43.461437074323285,-0.0005871977762630376,0.0008195364549831759,-0.0014067342312462133,734394873.75,-0.11445630817920838,-2.0
2023-04-27 00:00:00,0.0786380022764206,0.0809499993920326,0.0785270035266876,0.0801900029182434,435944109.0,1682553600,0.07930257064955572,0.08548864006996151,0.08226780796592881,46.13649709296457,-0.0007036292606567296,0.0005149033118551948,-0.0012185325725119244,713280370.65,-0.09872542767106862,-2.0
2023-04-28 00:00:00,0.0801929980516433,0.0805760025978088,0.079423002898693,0.0803639963269233,258987983.0,1682640000,0.07957185591970166,0.08486003994941706,0.08225471699478645,46.43952316008406,-0.0007729521259632888,0.0002573322242914981,-0.0010302843502547868,700833274.35,-0.11172519419916782,-2.0
2023-04-29 00:00:00,0.0803660005331039,0.081845998764038,0.0803029984235763,0.0816299989819526,268639541.0,1682726400,0.07975114136934276,0.08431887984275813,0.08220650488981088,48.70094341423933,-0.0007174646761474168,6.237284420371512e-05,-0.000779837520351132,691543831.05,-0.10737133228022,-2.0
2023-04-30 00:00:00,0.0816269963979721,0.0817010030150413,0.0796279981732368,0.0797690004110336,264245527.0,1682812800,0.07988671319825304,0.08379695981740946,0.08215604022596816,45.6497393681445,-0.0008142710937593112,-0.00011295594338889015,-0.0007013151503704211,681061961.7,-0.15129429353491364,-2.0
2023-05-01 00:00:00,0.0797600001096725,0.0799959972500801,0.0776280015707016,0.0788199976086616,325694977.0,1682899200,0.07989185622760223,0.08353327959775919,0.0820602422410791,44.131336227528436,-0.0009565410622340981,-0.00028167296715793177,-0.0006748680950761662,673716150.4,-0.10297264335783896,-2.0
2023-05-02 00:00:00,0.0788220018148422,0.0790449976921081,0.0778319984674453,0.07880599796772,234651604.0,1682985600,0.07974314157451898,0.08338727951049801,0.08196126240672481,44.10802846831233,-0.001058222164877956,-0.0004369828067019366,-0.0006212393581760194,658423197.7,-0.061129168167147196,-2.0
2023-05-03 00:00:00,0.07880599796772,0.0805270001292228,0.0773279964923858,0.0797130018472671,306950726.0,1683072000,0.07989885658025737,0.08331959962844845,0.08191846446557473,46.09441666736016,-0.001053473748753267,-0.0005602809951122027,-0.0004931927536410642,633246467.6,0.015723982469646236,-2.0
2023-05-04 00:00:00,0.079703003168106,0.0797360017895698,0.0781560018658638,0.0784490033984184,255462655.0,1683158400,0.07965014236313951,0.08312595963478085,0.08183619176799595,43.760328023014466,-0.0011385798659568486,-0.0006759407692811319,-0.0004626390966757166,595653298.25,-0.02396264281244931,-2.0
2023-05-05 00:00:00,0.0784519985318183,0.0812920033931732,0.0779099985957145,0.0803899988532066,335482524.0,1683244800,0.07965385700975143,0.08294747948646541,0.08177575739947227,48.10592511300441,-0.0010374459344271864,-0.0007482418023103429,-0.00028920413211684344,589228519.7,0.01991881872846535,-2.0
2023-05-06 00:00:00,0.0803849995136261,0.0803849995136261,0.0764390006661415,0.0769980028271675,341154511.0,1683331200,0.07899214327335355,0.08265791952610012,0.0816734847095277,41.99852692061471,-0.0012169737800702962,-0.0008419881978623336,-0.0003749855822079626,576548202.15,-0.022669497075384126,-2.0
2023-05-07 00:00:00,0.0769869983196258,0.0774959996342659,0.0766929984092712,0.0767100006341934,205466114.0,1683417600,0.07855514330523351,0.08238899946212765,0.08156158571893515,41.51657432912434,-0.00136673538643739,-0.000946937635577345,-0.0004197977508600449,518796763.35,-0.03928763615316111,-2.0
2023-05-08 00:00:00,0.0766969993710517,0.0771069973707199,0.0709460005164146,0.0724729970097541,459549555.0,1683504000,0.07764842893396103,0.08178855925798413,0.08138219176819826,35.129649524702074,-0.0018064892374046182,-0.0011188479559427998,-0.0006876412814618184,499775073.95,-0.07822138619866204,-2.0
2023-05-09 00:00:00,0.0724729970097541,0.073303997516632,0.0722879990935325,0.0731389969587326,249148363.0,1683590400,0.07683885736124853,0.08116271913051602,0.08122867661895171,36.77611088447099,-0.00207731075733332,-0.001310540516220904,-0.000766770241112416,448345558.8,-0.08792874052766331,-2.0
2023-05-10 00:00:00,0.0731429979205131,0.0746079981327056,0.0713199973106384,0.0732259973883628,344464160.0,1683676800,0.07591214243854792,0.08053279906511303,0.08099694933855167,37.001052844403716,-0.0022588795975652526,-0.0015002083324897736,-0.000758671265075479,368022825.1,-0.08882085591566269,-2.0
2023-05-11 00:00:00,0.0732330009341239,0.0732330009341239,0.0695670023560524,0.0720850005745887,325440313.0,1683763200,0.07500299917800081,0.07979731917381282,0.08077385840993935,35.2307061148873,-0.002466411858132775,-0.0016934490376183738,-0.0007729628205144011,341637945.25,-0.11693003217449716,-2.0
2023-05-12 00:00:00,0.0720760002732276,0.0725670009851455,0.0697240009903907,0.0724589973688125,365130285.0,1683849600,0.07386999896594451,0.07903771907091137,0.0805867876518856,36.306447446287976,-0.0025710665988315506,-0.0018689725498610091,-0.0007020940489705415,340050036.3,-0.09163964703774807,-2.0
2023-05-13 00:00:00,0.0724610015749931,0.0724610015749931,0.0714730024337768,0.0717770010232925,150685494.0,1683936000,0.07312414156539095,0.07814923912286754,0.08037254522846198,35.159661839717174,-0.0026781654164138996,-0.002030811123171587,-0.0006473542932423125,329325189.6,-0.08935545291865288,-2.0
2023-05-14 00:00:00,0.0717779994010925,0.0725819990038871,0.0714220032095909,0.0719859972596168,136339325.0,1684022400,0.07244928394045143,0.07751395910978313,0.08013218159627428,35.828592563534215,-0.0027148822783865656,-0.002167625354214583,-0.0005472569241719827,316499455.4,-0.08654164510291174,-2.0
2023-05-15 00:00:00,0.0719809979200363,0.0734409987926483,0.0711980015039444,0.0720459967851638,225262487.0,1684108800,0.07238828390836712,0.07703831911087032,0.07992966638671023,36.03261995168132,-0.0027079239342658323,-0.002275685070224833,-0.0004322388640409995,310570923.0,-0.09618261619093893,-2.0
2023-05-16 00:00:00,0.0720489993691444,0.0731379985809326,0.0711819976568222,0.0727289989590644,191614182.0,1684195200,0.07232971276555736,0.07680831909179683,0.07975976741073103,38.432328972680345,-0.0026171282042388028,-0.0023439736970276267,-0.0002731545072111761,284015721.75,-0.07291366609597127,-2.0
2023-05-17 00:00:00,0.0727299973368644,0.0753080025315284,0.0724660009145736,0.0749109983444213,327166551.0,1684281600,0.07257042718785144,0.07658975899219508,0.07958133307972334,45.47034127530667,-0.0023421044966479704,-0.0023435998569516954,1.4953603037250185e-06,278576843.85,-0.06815525049067417,-2.0
2023-05-18 00:00:00,0.0749019980430603,0.0749019980430603,0.0719090029597282,0.0735459998250007,308943184.0,1684368000,0.07277914136648171,0.07637879908084864,0.07941355533672097,42.218965793437874,-0.0022088282031143686,-0.00231664552618423,0.0001078173230698613,281074603.9,-0.04483237065142187,-2.0
2023-05-19 00:00:00,0.0735350027680397,0.0739559978246688,0.0731619969010353,0.0735270008444786,168839396.0,1684454400,0.07293171329157687,0.07616851925849909,0.0793332220478491,42.173763125571995,-0.002080753211434666,-0.0022694670632343174,0.0001887138517996513,276084596.65,-0.04149393512449007,-2.0
2023-05-20 00:00:00,0.0735400021076202,0.0738440006971359,0.0732249990105629,0.0736699998378753,115557983.0,1684540800,0.07320214169366013,0.07592143923044199,0.07925827251841319,42.67128939611446,-0.001945289942566375,-0.002204631639100729,0.0002593416965343538,268650219.45,0.0165165355030108,-2.0
2023-05-21 00:00:00,0.0736659988760948,0.0739789977669715,0.0720819979906082,0.0721419975161552,142232849.0,1684627200,0.07322442744459419,0.07566219925880428,0.07915493913672182,38.82712431112672,-0.001938881128603756,-0.0021514815370013343,0.0002126004083975782,259477113.05,-0.013631571173172374,-2.0
2023-05-22 00:00:00,0.0721440017223358,0.0738679990172386,0.0711330026388168,0.0729980021715164,210015266.0,1684713600,0.07336042821407314,0.07537451922893519,0.07906255532394751,41.98050913393653,-0.0018434791949734214,-0.0020898810685957515,0.0002464018736223301,258245296.15,-0.0031135829483782684,-2.0
2023-05-23 00:00:00,0.0729999989271164,0.0738819986581802,0.0725720003247261,0.0728640034794807,160114643.0,1684800000,0.0733797145741326,0.07507451951503748,0.07896869674776535,41.61883527965596,-0.0017584151347134896,-0.0020235878818192993,0.00026517274710580966,250903492.0,0.010806726762607743,-2.0
2023-05-24 00:00:00,0.0728669986128807,0.0728759989142417,0.0700619965791702,0.0707350000739097,240278483.0,1684886400,0.07278314339263094,0.07463871955871576,0.07883941389695558,36.271950737654144,-0.0018415656140458314,-0.0019871834282646056,0.00014561781421877423,250144283.4,-0.023792729095156284,-2.0
2023-05-25 00:00:00,0.0707340016961097,0.0709649994969368,0.0692239999771118,0.0708749964833259,195452304.0,1684972800,0.07240157148667739,0.07428295940160747,0.078653393670766,36.846508209036344,-0.00187455769352321,-0.0019646582813163263,9.010058779311634e-05,243142772.4,-0.012566762710995438,-2.0
2023-05-26 00:00:00,0.0708770006895065,0.0713500007987022,0.0704429969191551,0.0709839984774589,162190615.0,1685059200,0.07203828543424602,0.07396951943635936,0.07851137348798785,37.32034814036287,-0.0018703483922310749,-0.0019457963034992761,7.544791126820128e-05,234194577.6,-0.013919356823580586,-2.0
2023-05-27 00:00:00,0.0709820017218589,0.0732870027422905,0.0709149986505508,0.072682999074459,152865632.0,1685145600,0.07189728532518655,0.07372459948062891,0.0783590199519889,44.3314742747452,-0.0017102031838542447,-0.00189867767957027,0.0001884744957160252,231564553.5,0.008841605609187564,-2.0
2023-05-28 00:00:00,0.0726810023188591,0.0739170014858245,0.0721990019083023,0.0736130028963089,190660985.0,1685232000,0.07210742895092279,0.07348059952259059,0.07820433310487049,47.77509080228928,-0.0014910554572136747,-0.001817153235098951,0.0003260977778852762,218120125.0,0.012154765635397524,-2.0
2023-05-29 00:00:00,0.0736159980297088,0.0739189982414245,0.0728309974074363,0.073184996843338,157791026.0,1685318400,0.07213414247546872,0.07327003926038737,0.07806513104775935,46.353935509658236,-0.001336509368405056,-0.001721024461760172,0.00038451509335511594,213552258.15,-0.02304069548169141,-2.0
2023-05-30 00:00:00,0.073183000087738,0.0733830034732818,0.0722749978303909,0.0723609998822212,248138018.0,1685404800,0.07206228481871736,0.07294887930154795,0.07790506036594656,43.66118616828278,-0.0012659273257135534,-0.0016300050345508484,0.00036407770883729504,208735951.05,-0.016112364310759908,-2.0
2023-05-31 00:00:00,0.0723619982600212,0.0726329982280731,0.0708419978618621,0.0716599971055984,189603858.0,1685491200,0.07219442725181575,0.07273535907268519,0.07776614112986455,41.45488959487722,-0.0012521219317033344,-0.0015544284139813458,0.0003023064822780114,201944128.3,-0.025392083417481004,-2.0
2023-06-01 00:00:00,0.071662001311779,0.0721189975738525,0.070882000029087,0.071492001414299,163467169.0,1685577600,0.07228257081338334,0.07252663910388941,0.07762430277135633,40.92121082780833,-0.0012404379096998125,-0.0014916303131250392,0.0002511924034252267,191860972.5,-0.029564251776427297,-2.0
2023-06-02 00:00:00,0.0714899972081184,0.0731979981064796,0.0711679980158805,0.0726120024919509,172034498.0,1685664000,0.07251514281545364,0.07253219932317728,0.07750632297812082,45.91979986429061,-0.0011278029015402147,-0.0014188648308080744,0.0002910619292678597,192928422.7,0.006514998086800228,-2.0
2023-06-03 00:00:00,0.0726099982857704,0.0729470029473304,0.0723339989781379,0.072671003639698,112049190.0,1685750400,0.07251342918191635,0.0725134795904159,0.07742320181745467,46.17814554612274,-0.001021997001292435,-0.0013394912649049467,0.0003174942636125116,191713915.95,-0.004479554536987007,-2.0
2023-06-04 00:00:00,0.072672002017498,0.0732500031590461,0.0724660009145736,0.0724710002541542,135558595.0,1685836800,0.07235028594732282,0.07248327970504756,0.07733921194919427,45.386642583411366,-0.000943408637252327,-0.0012602747393744228,0.0003168661021220958,187228721.35,-0.005393654020632743,-2.0
2023-06-05 00:00:00,0.0724750012159347,0.0726319998502731,0.0648280009627342,0.0665730014443397,506101788.0,1685923200,0.07140571517603735,0.0722627997398376,0.07718134325261064,29.389074118871775,-0.0013415810931348415,-0.0012765360101265066,-6.504508300833492e-05,202953101.65,-0.05883931045764068,-2.0
2023-06-06 00:00:00,0.0665680021047592,0.071783997118473,0.066111996769905,0.070372998714447,428926152.0,1686009600,0.07112171500921245,0.07217935979366298,0.07707042405099575,43.26444280543083,-0.0013351172111751436,-0.001288252250336234,-4.68649608389095e-05,208041081.7,-0.007082861288000286,-2.0
2023-06-07 00:00:00,0.070371001958847,0.070371001958847,0.0668779984116554,0.0672999992966651,278793457.0,1686096000,0.07049885817936484,0.07200027972459788,0.0769345755829955,36.94234808515364,-0.0015599774599337757,-0.0013425972922557425,-0.00021738016767803322,206533595.35,-0.051899009069821034,-2.0
2023-06-08 00:00:00,0.0673020035028457,0.0684259980916976,0.0671539977192878,0.0679659992456436,167825308.0,1686182400,0.06999514358384264,0.07183947980403894,0.07679318162527946,39.0220407982882,-0.0016652442975334525,-0.0014071266933112845,-0.00025811760422216794,206482890.95,-0.06489825528502402,-2.0
2023-06-09 00:00:00,0.067962996661663,0.0709199979901313,0.0676259994506836,0.0694890022277832,274101529.0,1686268800,0.06954900068896154,0.07173720002174373,0.07668175743986856,43.60272875346967,-0.001607248057219679,-0.0014471509660929634,-0.00016009709112671565,214410068.25,-0.05602272025683763,-2.0
2023-06-10 00:00:00,0.0694890022277832,0.070591002702713,0.0585360005497932,0.0618599988520145,975736541.0,1686355200,0.06800457143357817,0.07130244001746174,0.07653108062316669,31.028726979892625,-0.0021520746560981935,-0.0015881357040940095,-0.000563938952004184,256085252.85,-0.15474480398716328,-2.0
2023-06-11 00:00:00,0.0618610009551048,0.0625149980187416,0.0613030008971691,0.0615869984030723,235910036.0,1686441600,0.06644971402628078,0.07076948001980778,0.0764000806016753,30.687687817436668,-0.00257618584879786,-0.0017857457330347798,-0.0007904401157630802,257379991.35,-0.14889237982732773,-2.0
2023-06-12 00:00:00,0.0615790002048015,0.061634998768568,0.060403998941183,0.0614590011537075,210832319.0,1686528000,0.06571914255619046,0.07028600007295605,0.07626537354004499,30.51832310825857,-0.0028893190612748754,-0.002006460398682799,-0.0008828586625920765,259915875.15,-0.1423527262617479,-2.0
2023-06-13 00:00:00,0.0614590011537075,0.0624530017375946,0.0607639998197555,0.0617230013012886,204620564.0,1686614400,0.06448342864002497,0.06981384009122844,0.07613323214981287,31.359768064874302,-0.0030806647964709,-0.002221301278240419,-0.0008593635182304808,258132979.2,-0.13664465841987905,-2.0
2023-06-14 00:00:00,0.0617230013012886,0.062109000980854,0.0589490011334419,0.0603870004415512,248200812.0,1686700800,0.06349585737500871,0.06928252011537549,0.07599524227958733,29.41817421650144,-0.003302047822299023,-0.0024374505870521403,-0.0008645972352468827,260770404.6,-0.16836062401329388,-2.0
2023-06-15 00:00:00,0.0603890009224414,0.0618249997496604,0.0597960017621517,0.0615030005574226,218623835.0,1686787200,0.06257257184811998,0.06885696023702619,0.07589799986042153,33.14193305092776,-0.0033488402370259185,-0.002619728517046896,-0.0007291117199790223,263592065.6,-0.15367894377303815,-2.0
2023-06-16 00:00:00,0.0615030005574226,0.0626299977302551,0.0609520003199577,0.0621020011603832,198520116.0,1686873600,0.061517285981348556,0.06842112019658085,0.07585875746427156,35.12046952016749,-0.0032995540154273223,-0.0027556936167229817,-0.0005438603987043406,265874789.8,-0.14307790781701857,-2.0
2023-06-17 00:00:00,0.0621059983968734,0.0628229975700378,0.0618349984288215,0.0622170008718967,153965122.0,1686960000,0.06156828626990316,0.06799524009227749,0.07582223219702938,35.515020372281285,-0.0032141639330236366,-0.002847387679983113,-0.0003667762530405235,264039996.65,-0.06543193904341171,-2.0
2023-06-18 00:00:00,0.0622139982879161,0.0637490004301071,0.0616049990057945,0.0621670000255107,243548821.0,1687046400,0.061651143644537214,0.06765252009034153,0.07577751505405007,35.4141792299732,-0.0031146228940085313,-0.0029008347227881966,-0.0002137881712203347,268327886.4,-0.11660720501955346,-2.0
2023-06-19 00:00:00,0.0621670000255107,0.0626979991793632,0.0616960003972053,0.0623410008847713,149792820.0,1687132800,0.06177714360611776,0.06731116026639934,0.07569004030841765,36.09420388441301,-0.002987260212058418,-0.002918119820642241,-6.91403914161769e-05,263410626.5,-0.07368496974322447,-2.0
2023-06-20 00:00:00,0.0623430013656616,0.0630569979548454,0.0609109997749328,0.0630450025200843,190107977.0,1687219200,0.06196600092308857,0.06699360042810437,0.07558907064223526,38.89740395928383,-0.002797272109000659,-0.0028939502783139246,9.667816931326545e-05,263435832.45,-0.07240380160929838,-2.0
2023-06-21 00:00:00,0.0630450025200843,0.0664699971675872,0.0629649981856346,0.0657040029764175,370299722.0,1687305600,0.06272557271378375,0.0667144405841827,0.07549732321440566,48.148706230254696,-0.00240442928975787,-0.0027960460806027137,0.0003916167908448436,273777460.1,-0.05446904013614373,-2.0
2023-06-22 00:00:00,0.0656960010528564,0.0690060034394264,0.0655499994754791,0.0656429976224899,406178282.0,1687392000,0.06331700086593624,0.06639564037322994,0.07545466660851176,47.96925748443485,-0.002074112074541834,-0.002651659279390538,0.0005775472048487038,285484649.3,0.06115420046362008,-2.0
2023-06-23 00:00:00,0.0656400024890899,0.0696630030870437,0.0655340030789375,0.0681739971041679,319058221.0,1687478400,0.06418442885790547,0.06619520038366314,0.07540876757014876,55.39658690666914,-0.001589776838161333,-0.002439282791144697,0.0008495059529833641,295835100.85,0.10695437140782937,-2.0
2023-06-24 00:00:00,0.068181000649929,0.0683090016245842,0.065700002014637,0.0667420029640197,276939973.0,1687564800,0.06483085772820876,0.06597044050693508,0.07531011104583736,50.96388001103477,-0.0013064279451894395,-0.002212711821953646,0.0009062838767642063,302904169.75,0.08595977336337679,-2.0
2023-06-25 00:00:00,0.0667390003800392,0.067962996661663,0.0665450021624565,0.0667639970779419,191028870.0,1687651200,0.06548757159284178,0.06577460050582883,0.07524661606911452,51.028695319890545,-0.0010677883653095188,-0.0019837271306248202,0.0009159387653153014,287150523.85,0.08167126792889867,-2.0
2023-06-26 00:00:00,0.0667539983987808,0.0667850002646446,0.0638789981603622,0.064749002456665,266917426.0,1687737600,0.06583157181739803,0.06550488054752346,0.07514495951960781,45.14172614370111,-0.0010293918167839922,-0.0017928600678566548,0.0007634682510726627,279050087.55,0.0722341229605501,-2.0
2023-06-27 00:00:00,0.0647469982504844,0.0657429993152618,0.0645530000329017,0.0655450001358985,212409649.0,1687824000,0.06618871433394291,0.06522220045328136,0.07508493929800357,47.70818106070121,-0.0009240796996039385,-0.0016191039942061117,0.0006950242946021732,275730897.15,0.06572036391463643,-2.0
2023-06-28 00:00:00,0.0655499994754791,0.0655649974942207,0.061583999544382,0.0626019984483718,274764095.0,1687910400,0.06574557082993639,0.06481944024562832,0.07494057564422334,40.21679247955687,-0.0010658087486860451,-0.0015084449451020986,0.0004426361964160535,281077836.5,0.008051226669770761,-2.0
2023-06-29 00:00:00,0.0625939965248107,0.0640280023217201,0.0625509992241859,0.0634069964289665,192396033.0,1687996800,0.06542614208800447,0.06445688009262081,0.07483358568314345,42.859810390322664,-0.0011004876946865694,-0.0014268534950189929,0.0003263658003324235,276992561.7,0.01912653359039229,-2.0
2023-06-30 00:00:00,0.0634019970893859,0.0667119994759559,0.0626429989933967,0.0664789974689483,489091093.0,1688083200,0.0651839992829731,0.06445311993360515,0.07472315129607611,51.64538334365575,-0.0008700567267432985,-0.0013154941413638542,0.0004454374146205557,252660289.3,0.06936151723049422,-2.0
2023-07-01 00:00:00,0.0664810016751289,0.0707890018820762,0.0664680004119873,0.0684780031442642,635045706.0,1688169600,0.06543199930872232,0.06437732011079783,0.07466050485769903,56.348687558007846,-0.0005201396270275715,-0.0011564232384965979,0.0006362836114690263,272617072.8,0.09844247240810744,-2.0
2023-07-02 00:00:00,0.0684790015220642,0.0689079985022544,0.066720001399517,0.0680380016565322,374040291.0,1688256000,0.06561399996280663,0.06440684020519252,0.07459983824178422,55.07877390965972,-0.0002751603698382815,-0.0009801706647649345,0.000705010294926653,280777471.4,0.07919738182034775,-2.0
2023-07-03 00:00:00,0.0680420026183128,0.0686950013041496,0.0674590021371841,0.068352997303009,265466622.0,1688342400,0.06612885636942721,0.06442232012748715,0.07453858566404589,55.845951669353404,-5.4961465827577105e-05,-0.0007951288249774632,0.0007401673591498861,283819774.3,0.040317091905987645,-2.0
2023-07-04 00:00:00,0.0683469995856285,0.0714239999651908,0.0679199993610382,0.0689409971237182,493149432.0,1688428800,0.0666139987962586,0.06440039992332454,0.07449864626231816,57.311540710224165,0.00016509135310721623,-0.0006030847893605274,0.0007681761424677436,296067205.3,0.05024145180259687,-2.0
2023-07-05 00:00:00,0.0689470022916793,0.069132000207901,0.0659400001168251,0.0670330002903938,313972996.0,1688515200,0.0672469990594046,0.06460731998085971,0.0744300604318127,51.354810256630905,0.00018341114929398827,-0.0004457856016296243,0.0006291967509236126,300834663.35,-0.016736539769418024,-2.0
2023-07-06 00:00:00,0.0670249983668327,0.0684759989380836,0.0650049969553947,0.0650260001420974,281014235.0,1688601600,0.06747828530413759,0.06474488005042071,0.07432297963385626,45.94526159810296,3.557153448455197e-05,-0.0003495141744067891,0.00038508570889134104,304959369.3,-0.02571098776953684,-2.0
2023-07-07 00:00:00,0.065030001103878,0.0657970011234283,0.0645530000329017,0.0654250010848045,202607383.0,1688688000,0.06732771439211704,0.0649035200476646,0.07423388875193061,47.13743475076616,-4.8833462138631045e-05,-0.0002893780319531575,0.00024054456981452643,307391482.35,-0.02005565951322874,-2.0
2023-07-08 00:00:00,0.0654210001230239,0.0659570023417472,0.0649709999561309,0.065760999917984,148945060.0,1688774400,0.06693957107407701,0.06506503999233242,0.07412000993887578,48.1740120368547,-8.760290058248965e-05,-0.00024902300567902395,0.0001614201050965343,302661294.3,0.015629545211855556,-2.0
2023-07-09 00:00:00,0.065761998295784,0.0662939995527267,0.0653320029377937,0.0654349997639656,146485995.0,1688860800,0.06656771366085322,0.065266959965229,0.07393196955172698,47.20679772444981,-0.0001429852033809076,-0.00022781544521940068,8.483024183849309e-05,302495953.05,-0.001678241997174923,-2.0
2023-07-10 00:00:00,0.0654369965195655,0.0660319998860359,0.0640090033411979,0.0652429983019828,258321415.0,1688947200,0.06612342808927804,0.0654165598750114,0.07379211094042264,46.61320269623641,-0.00020006279139105076,-0.00022226491445373069,2.220212306267992e-05,305906624.95,0.04218714927749523,-2.0
2023-07-11 00:00:00,0.0652469992637634,0.0654549971222877,0.064519003033638,0.0652870014309883,151465120.0,1689033600,0.06560142870460234,0.0655439598858356,0.07348108065850803,46.77837512343346,-0.00023899156040835257,-0.00022561024364465507,-1.3381316763697493e-05,294964894.85,0.029649803774066674,-2.0
2023-07-12 00:00:00,0.0652879998087883,0.0655699968338012,0.0640000030398368,0.0650710016489029,164499091.0,1689120000,0.06532114318438935,0.06565811991691584,0.07317716146659364,46.0256130987876,-0.0002839985095152292,-0.00023728789681876992,-4.671061269645929e-05,282880935.3,-0.02117955856213183,-2.0
2023-07-13 00:00:00,0.0650729984045028,0.0712670013308525,0.0646750032901763,0.0705069974064827,625261655.0,1689206400,0.06610414279358726,0.06599171981215472,0.07295180789448993,62.41696823810857,0.00011761677323662845,-0.00016630696280769025,0.0002839237360443187,298191107.0,0.02962986899521547,-2.0
2023-07-14 00:00:00,0.0704990029335022,0.072731003165245,0.0671980008482933,0.0685290023684501,632033705.0,1689292800,0.06654757154839377,0.06623923987150188,0.07278127253356602,55.779089218624826,0.0002731434814956246,-7.841687394702728e-05,0.0003515603554426519,315945793.6,0.007216565742135472,-2.0
2023-07-15 00:00:00,0.0685240030288696,0.0747079998254776,0.0679749995470047,0.0719270035624504,883881437.0,1689379200,0.06742842921188898,0.06659451991319652,0.07267491903268926,63.04909498431982,0.0006629477671857842,6.985605427953501e-05,0.0005930917129062491,350588421.95,0.052287484096678494,-2.0
2023-07-16 00:00:00,0.0719290003180503,0.0721350014209747,0.0693989992141723,0.0695540010929107,389882289.0,1689465600,0.06801685797316684,0.06674851983785626,0.0725552119841479,56.11136700210787,0.0007714956827098302,0.00021018397996559404,0.0005613117027442362,356736665.1,0.008891718930209569,-2.0
2023-07-17 00:00:00,0.0695580020546913,0.0727519989013671,0.0682549998164177,0.0699049979448318,464403123.0,1689552000,0.06868285792214528,0.06691899985074992,0.07242000991045823,56.86738804469632,0.0008757481211487533,0.00034329680820222594,0.0005324513129465274,369336338.8,0.042844533916074345,-2.0
2023-07-18 00:00:00,0.0699009969830513,0.0702570006251335,0.0677430033683776,0.068582996726036,284882933.0,1689638400,0.06915371439286637,0.06693535983562465,0.07225567651818493,53.15351433870283,0.0008419885597807375,0.00044303515851792827,0.00039895340126280923,369842280.7,0.054701143791186624,-2.0
2023-07-19 00:00:00,0.0685890018939971,0.071212001144886,0.0684870034456253,0.0701590031385421,418313611.0,1689724800,0.06988057174852912,0.06707203984260554,0.07211347451113687,56.77748514174716,0.0009316647590253135,0.0005407610786194053,0.0003909036804059082,381138159.6,0.07235769163536365,-2.0
2023-07-20 00:00:00,0.0701479986310005,0.0710219964385032,0.0684870034456253,0.0705159977078437,574227832.0,1689811200,0.06988185750586641,0.06722211986780162,0.07198299971794837,57.57803207394054,0.0010197848265369874,0.0006365658282029218,0.00038321899833406565,385394996.55,0.07230726107860375,-2.0
2023-07-21 00:00:00,0.0705259963870048,0.0763909965753555,0.0704070031642913,0.073294997215271,762216251.0,1689897600,0.0705627139125551,0.06756395965814585,0.07183967643614966,63.27961601880954,0.001298889856359009,0.0007690306338341392,0.0005298592225248698,391753523.8,0.12011916374505449,-2.0
2023-07-22 00:00:00,0.073294997215271,0.073294997215271,0.0700810030102729,0.070432998239994,353000261.0,1689984000,0.07034928458077562,0.06775947958230968,0.07165430267952905,55.07061473675869,0.0012744521141022092,0.0008701149298877533,0.0004043371842144558,390701522.3,0.07954876497227859,-2.0
2023-07-23 00:00:00,0.0704350024461746,0.0728039965033531,0.0702200010418891,0.0718189999461174,287153173.0,1690070400,0.07067285584551943,0.0681281596422195,0.07148101986056622,57.91772736897899,0.0013513463026903205,0.0009663612044482669,0.0003849850982420536,391785849.85,0.10005052111382029,-2.0
2023-07-24 00:00:00,0.0718119964003562,0.0772219970822334,0.0705559998750686,0.0742679983377456,1446707666.0,1690156800,0.07129614161593568,0.06856259971857066,0.07131734309774453,62.446067234865225,0.0015915527745323649,0.0010913995184650867,0.0005001532560672782,439463761.55,0.14133786872478193,-2.0
2023-07-25 00:00:00,0.0742660015821456,0.0833410024642944,0.0738900005817413,0.0818450003862381,1525713202.0,1690243200,0.07319071356739314,0.06917723983526226,0.07122033300122825,72.35706821502662,0.002366044586544408,0.001346328532080951,0.001019716054463457,500050771.85,0.1608067765868717,-2.0
2023-07-26 00:00:00,0.0818509981036186,0.0820799991488456,0.0772589966654777,0.0779580026865005,846709085.0,1690329600,0.07430485635995862,0.06955643981695171,0.07105840373821928,63.149710412865836,0.0026358028041070236,0.0016042233864861657,0.001031579417620858,528335514.35,0.13759138455503606,-2.0
2023-07-27 00:00:00,0.077964000403881,0.0797329992055893,0.0769160017371177,0.0775619968771934,515430911.0,1690416000,0.07531142766986572,0.06993739962577815,0.07095430272095127,62.28019757788321,0.0027855239891574346,0.0018404835070204195,0.0009450404821370151,543976690.75,0.07834322348560563,-2.0
2023-07-28 00:00:00,0.0775619968771934,0.0777819976210594,0.0762009993195533,0.0773210003972053,370256171.0,1690502400,0.0758865709815706,0.07029611974954601,0.07088747447488279,61.72320815195334,0.002851858258367021,0.00204275845728974,0.0008090998010772811,555042246.3,0.11166861980979914,-2.0
2023-07-29 00:00:00,0.0773150026798248,0.0813160017132759,0.0770770013332367,0.0801879987120628,466582431.0,1690588800,0.07728014247758043,0.0707459998130798,0.07090473709383392,65.65801797688982,0.0031000361609743593,0.002254213998026664,0.0008458221629476952,571047068.1,0.14709965051921192,-2.0
2023-07-30 00:00:00,0.0801900029182434,0.0804390013217926,0.0770390033721923,0.0780609995126724,436209339.0,1690675200,0.07817185670137401,0.07118711978197094,0.07088136334310874,60.674680628647934,0.003089474340433593,0.00242126606650805,0.0006682082739255428,579941464.3,0.13819755973186099,-2.0
2023-07-31 00:00:00,0.078063003718853,0.07965599745512,0.0771000012755394,0.0778179988265037,346973531.0,1690761600,0.07867899962833946,0.07169879972934719,0.07087124214328896,60.113337748354105,0.00302660705489749,0.002542334264185938,0.0004842727907115518,589716884.85,0.10916625586651318,-2.0
2023-08-01 00:00:00,0.0778239965438842,0.0781679973006248,0.076043002307415,0.0780420005321502,369078156.0,1690848000,0.07813571393489833,0.07220347970724102,0.0708637472355004,60.47633756840136,0.002960729892550168,0.002626013389858784,0.00033471650269138384,599945838.1,0.10672759471528215,-2.0
2023-08-02 00:00:00,0.0780379995703697,0.0781949982047081,0.0741000026464462,0.0742129981517791,364508311.0,1690934400,0.07760071328708097,0.07254155963659283,0.07080683812047492,51.79844223581494,0.0025699287362364875,0.002614796459134325,-4.4867722897837595e-05,586908170.9,0.012524742088629859,-2.0
2023-08-03 00:00:00,0.0742119997739791,0.0748929977416992,0.0730530023574829,0.0736149996519088,374949368.0,1691020800,0.07703685654061176,0.07286875963211055,0.07075625229062452,50.5778010747221,0.002186754972910057,0.0025291881618894714,-0.0003424331889794142,574053954.05,0.0451777077709008,-2.0
2023-08-04 00:00:00,0.0736080035567283,0.0747850015759468,0.0727950036525726,0.0734160020947456,307538917.0,1691107200,0.07647899964026036,0.07319567978382106,0.07068782803988212,50.154244586290794,0.0018457528748844626,0.0023925011044884695,-0.0005467482296040069,545236828.05,0.022236485468000833,-2.0
2023-08-05 00:00:00,0.0734170004725456,0.0768029987812042,0.0729980021715164,0.0756860002875328,443213361.0,1691193600,0.07583585700818465,0.07361163973808284,0.07064057555463575,54.80384211523007,0.0017386342450880637,0.0022617277326083887,-0.000523093487520325,547903381.65,0.019093041168803504,-2.0
2023-08-06 00:00:00,0.0756819993257522,0.0762920007109642,0.0741999968886375,0.0742660015821456,311182997.0,1691280000,0.07529371444668083,0.07397943973541256,0.0705661917425165,51.563599520473716,0.001521619647010558,0.002113706115488823,-0.0005920864684782648,540242375.35,-0.09260185433839752,-2.0
2023-08-07 00:00:00,0.0742620006203651,0.0754659995436668,0.0723700001835823,0.0734219998121261,346276669.0,1691366400,0.07466571458748403,0.07409603983163829,0.0705020806253558,49.68334166786785,0.0012669257933926037,0.001944350051069579,-0.0006774242576769753,543312062.15,-0.05818521149926614,-2.0
2023-08-08 00:00:00,0.0734250023961067,0.0753839984536171,0.0732100009918212,0.0749860033392906,305594303.0,1691452800,0.07422914355993267,0.0743543198704719,0.07046335341051367,53.09651505445695,0.0011777052402361932,0.0017910210889029018,-0.0006133158486667087,537676096.75,-0.03321205798738591,-2.0
2023-08-09 00:00:00,0.07498399913311,0.076053999364376,0.0744630023837089,0.075314000248909,347481441.0,1691539200,0.07438642957380835,0.07448979973793025,0.07042808070628326,53.80424141196031,0.0011205469507500204,0.0016569262612723258,-0.0005363793105223054,526338777.2,-0.025956727641729294,-2.0
2023-08-10 00:00:00,0.0753189995884895,0.0767059996724128,0.0751579999923706,0.0758029967546463,341419517.0,1691625600,0.07469900058848514,0.07473975956439967,0.07038858570534769,54.896907011463966,0.001102003317556166,0.001545941672529094,-0.00044393835497292785,505298940.5,-0.05468401790599686,-2.0
2023-08-11 00:00:00,0.0758050009608268,0.0759830027818679,0.0751670002937316,0.0756660029292106,222363416.0,1691712000,0.075020429279123,0.07497019976377482,0.07036047458949711,54.50792925100679,0.0010639881052748462,0.0014495509590782445,-0.0003855628538033983,498767098.25,-0.03068109040895639,-2.0
2023-08-12 00:00:00,0.0756710022687912,0.0771500021219253,0.075602002441883,0.0767420008778572,301476614.0,1691798400,0.0751712865063122,0.07529655992984767,0.07032362612509964,57.08027286451874,0.0011079134806698532,0.0013812234633965663,-0.00027330998272671317,499483270.3,-0.013827108957729095,-2.0
2023-08-13 00:00:00,0.0767330005764961,0.0767889991402626,0.07447300106287,0.0747829973697662,271947904.0,1691884800,0.07524514304740085,0.07548151969909664,0.07030125233260064,51.383541234945255,0.0009734283697991897,0.0012996644446770912,-0.00032623607487790155,440745282.2,-0.041759605599057226,-2.0
2023-08-14 00:00:00,0.0747810006141662,0.0764139965176582,0.0739519968628883,0.0747309997677803,347333620.0,1691971200,0.07543214304106574,0.07565011978149411,0.07028126242485909,51.237370866448614,0.000852821384544955,0.001210295832650664,-0.000357474448105709,381826303.1,0.006979931129339256,-2.0
2023-08-15 00:00:00,0.0747240036725997,0.0748089998960495,0.0705119967460632,0.0708630010485649,400240141.0,1692057600,0.07484314271381921,0.07555283993482587,0.07026499983939254,41.72802167827911,0.0004400516676756616,0.0010562469996556636,-0.000616195331980002,359502855.9,-0.037383666594536846,-2.0
2023-08-16 00:00:00,0.0708639994263649,0.0711160004138946,0.0668070018291473,0.0671830028295517,409310897.0,1692144000,0.07368157165391102,0.07542284011840816,0.07020483828253211,35.060969556784784,-0.00018191935495148748,0.0008086137287342335,-0.000990533083685721,354196855.2,-0.08489973694222719,-2.0
2023-08-17 00:00:00,0.0671849995851516,0.0682509988546371,0.0583400018513202,0.061184998601675,684430325.0,1692230400,0.07159328620348655,0.07499748006463047,0.07008321203216153,27.38183266581153,-0.001145618705900811,0.0004177672418072246,-0.0015633859477080358,369905562.9,-0.1915942397638688,-2.0
2023-08-18 00:00:00,0.061184000223875,0.0636529996991157,0.0601960010826587,0.0632340013980865,488755203.0,1692316800,0.06981728598475455,0.0745561201870441,0.06999380800007565,32.79683538898453,-0.0017241451115644346,-1.0615228867107238e-05,-0.0017135298826973274,371014201.5,-0.14854711374028395,-2.0
2023-08-19 00:00:00,0.0632369965314865,0.0643839985132217,0.0632089972496032,0.0637580007314682,246572116.0,1692403200,0.06796242882098469,0.07383264020085331,0.06990591914515298,34.149180226679505,-0.0021159576465403646,-0.0004316837124017587,-0.001684273934138606,361532340.35,-0.13162266221822294,-2.0
2023-08-20 00:00:00,0.0637610033154487,0.0645869970321655,0.0636230036616325,0.0638300031423568,208195392.0,1692489600,0.0663977153599262,0.07326752021908756,0.06982564643928495,34.34469004231778,-0.0023930760198376255,-0.000823962173888932,-0.0015691138459486935,354593433.4,-0.148774433896097,-2.0
2023-08-21 00:00:00,0.0638300031423568,0.0639910027384758,0.0613650009036064,0.0625289976596832,277361290.0,1692576000,0.06465457220162661,0.07266620025038716,0.06973012119080077,32.468869368473975,-0.0026867039460263947,-0.0011965105283164247,-0.00149019341770997,350007590.1,-0.16975598888615673,-2.0
2023-08-22 00:00:00,0.0625289976596832,0.0631889998912811,0.061074998229742,0.0625990033149719,271392247.0,1692662400,0.06347400109682762,0.07207732036709782,0.06963469701433418,32.68192943510111,-0.0028805521100427056,-0.001533318844661681,-0.0013472332653810246,345351786.9,-0.17418827757446242,-2.0
2023-08-23 00:00:00,0.0625929981470108,0.0645050033926963,0.0625139996409416,0.0637779980897903,293273521.0,1692748800,0.06298757184829028,0.07142092034220691,0.0695442828641395,36.32549868753877,-0.002905549782320202,-0.0018077650321933854,-0.0010977847501268167,341267994.55,-0.15711157427652322,-2.0
2023-08-24 00:00:00,0.0637800022959709,0.0640050023794174,0.0622260011732578,0.0630360022187233,210634657.0,1692835200,0.06325200093644003,0.07081992045044895,0.06942433340832437,35.040108151288905,-0.002951213728579191,-0.0020364547714705468,-0.0009147589571086444,336422781.55,-0.17859840116689696,-2.0
2023-08-25 00:00:00,0.0630389973521232,0.0630939975380897,0.0618980005383491,0.0630839988589286,202977283.0,1692921600,0.06323057200227462,0.07023056045174596,0.06931865663088929,35.199840772426285,-0.002949529467556833,-0.0022190697106878043,-0.0007304597568690285,324410977.65,-0.15643928329044687,-2.0
2023-08-26 00:00:00,0.0630839988589286,0.0632859990000724,0.0627230033278465,0.0628679990768432,127881732.0,1693008000,0.06310342890875675,0.06962360039353367,0.06921098994636773,34.78529624118772,-0.0029318277702548995,-0.0023616213226012235,-0.000570206447653676,315245914.4,-0.15874270018868042,-2.0
2023-08-27 00:00:00,0.0628670006990432,0.0635320022702217,0.0627570003271102,0.0631709992885589,141407750.0,1693094400,0.06300928550107134,0.06918192043900487,0.06910493943576858,35.92526155131188,-0.002860376819351501,-0.0024613724219512793,-0.0003990043974002218,305002468.45,-0.10854750216878895,-2.0
2023-08-28 00:00:00,0.0631740018725395,0.0635470002889633,0.0622109994292259,0.0634379982948303,169636026.0,1693180800,0.06313914273466378,0.06877484038472172,0.06901702025171479,36.97079832551775,-0.0027505007767548023,-0.002519198092911984,-0.00023130268384281838,298204554.6,-0.055743333536650064,-2.0
2023-08-29 00:00:00,0.0634339973330497,0.0680650025606155,0.0625419989228248,0.0663900002837181,445903123.0,1693267200,0.06368071373019896,0.06849380031228063,0.06895027275789864,47.22441763284693,-0.0023975834818546204,-0.0024948751707005116,9.729168884589114e-05,303125638.7,0.08506989950148669,-2.0
2023-08-30 00:00:00,0.0663940012454986,0.0664379969239234,0.0646750032901763,0.0658380016684532,260654192.0,1693353600,0.06397499995572223,0.06809988036751745,0.06887930304263573,45.72642840799139,-0.0021377925166194134,-0.002423458639884292,0.00028566612326487873,299087372.45,0.041180381010104794,-2.0
2023-08-31 00:00:00,0.0658409968018531,0.0669199973344802,0.0630849972367286,0.0637850016355514,336593454.0,1693440000,0.06408199987241195,0.06768064036965367,0.06880910103820788,40.57175110422516,-0.0020736623611068428,-0.0023534993841288023,0.00027983702302195957,304798874.35,0.00042349044470380015,-2.0
2023-09-01 00:00:00,0.0637869983911514,0.064130000770092,0.0625950023531913,0.063849002122879,238777563.0,1693526400,0.0641912860529763,0.06729772046208378,0.06873813139820337,40.79581177933526,-0.0019946810053930175,-0.0022817357083816455,0.00028705470298862794,301663921.8,0.0002976496880287005,-2.0
2023-09-02 00:00:00,0.0638549998402595,0.0646580010652542,0.062960997223854,0.0634939968585968,208019339.0,1693612800,0.06428071430751252,0.06683804020285602,0.06866247481619465,39.89724206295079,-0.0019383891266381015,-0.0022130663920329366,0.0002746772653948351,298467493.55,0.015432826928805987,-2.0
2023-09-03 00:00:00,0.0634990036487579,0.0637309998273849,0.0629279986023902,0.0631730034947395,163140788.0,1693699200,0.06428100062268119,0.06635240033268924,0.06856641425478334,39.059502831873424,-0.0018978022064781441,-0.0021500135549219783,0.00025221134844383413,289257851.95,0.009169477936884718,-2.0
2023-09-04 00:00:00,0.0631730034947395,0.0637219995260238,0.0624569989740848,0.0631849989295005,181249918.0,1693785600,0.0642448578562055,0.06584768041968342,0.06846108088138124,39.1109557200719,-0.0018434190610558954,-0.002088694656148762,0.00024527559509286657,278308340.8,-0.009297864123219202,-2.0
2023-09-05 00:00:00,0.0631859973073005,0.0642170011997222,0.0629080012440681,0.0639920011162757,209934446.0,1693872000,0.06390228654657086,0.06538072034716604,0.06836822233868363,42.62090515358113,-0.001715427316141216,-0.002014041188147253,0.0002986138720060369,268339518.25,0.015165918901951736,-2.0
2023-09-06 00:00:00,0.0639970004558563,0.0644909963011741,0.0628250017762184,0.0636129975318908,208287267.0,1693958400,0.06358442881277623,0.06485556021332738,0.06827985867857929,41.41348945887186,-0.0016258337584394433,-0.0019363997022056908,0.0003105659437662475,244532365.35,0.008385623653078378,-2.0
2023-09-07 00:00:00,0.0636119991540908,0.0637630000710487,0.0628570020198822,0.0635790005326271,164667102.0,1694044800,0.06355500008378705,0.06440740033984181,0.06819823245056947,41.300465362072586,-0.0015398233669227518,-0.0018570844351491031,0.0003172610682263513,228327960.3,0.01130943351505187,-2.0
2023-09-08 00:00:00,0.0635859966278076,0.0639220029115676,0.062679998576641,0.0636489987373352,162864062.0,1694131200,0.06352642817156652,0.063964120298624,0.06811901020130721,41.65354663303664,-0.001449304561034967,-0.001775528460326276,0.000326223899291309,224142557.6,0.00756675458928302,-2.0
2023-09-09 00:00:00,0.0636470019817352,0.0638170018792152,0.0633279979228973,0.0634049996733665,108500870.0,1694217600,0.06351371428796218,0.06366580024361607,0.06802601017283666,40.73377372818813,-0.0013813332901741332,-0.0016966894262958475,0.0003153561361217143,219157831.5,-0.0005201712278251058,-2.0
2023-09-10 00:00:00,0.0634049996733665,0.0634049996733665,0.060844998806715,0.0613269992172718,240746565.0,1694304000,0.06324999939118107,0.06343156009912487,0.06791142426957983,33.87363903394734,-0.001478104173716091,-0.0016529723757798963,0.00017486820206380526,217327095.25,-0.07626150090088157,-2.0
2023-09-11 00:00:00,0.0613240003585815,0.0618689991533756,0.0594860017299652,0.0604620017111301,259096660.0,1694390400,0.06286099978855675,0.06340264022350307,0.06779012125399374,31.49578936815479,-0.0016060799755711896,-0.001643593895738155,3.751392016696528e-05,216712315.9,-0.08165496857567978,-2.0
2023-09-12 00:00:00,0.0604639984667301,0.0620860010385513,0.0604479983448982,0.0609509982168674,231017444.0,1694476800,0.062426570802926996,0.06331132009625431,0.06773333334260512,34.30342565559751,-0.0016490347432270847,-0.001644682065235941,-4.352677991143698e-06,213599512.05,-0.04443056119801725,-2.0
2023-09-13 00:00:00,0.0609499998390674,0.0615830011665821,0.0606409981846809,0.0612800009548664,191695350.0,1694563200,0.06209328557763779,0.06321220010519024,0.06764148488038714,36.198104482378774,-0.0016376511120831938,-0.0016432758746053916,5.624762522197808e-06,212652546.7,-0.04023557271996969,-2.0
2023-09-14 00:00:00,0.0612800009548664,0.0623859986662864,0.0611560009419918,0.0620720013976097,189093769.0,1694649600,0.06187799998692101,0.06314188003540036,0.06758867682080072,40.636471194191856,-0.0015468900995199014,-0.0016239987195882937,7.710862006839224e-05,211958371.0,-0.022395746548353745,-2.0
2023-09-15 00:00:00,0.0620739981532096,0.0628739967942237,0.0615149997174739,0.0625530034303665,155088363.0,1694736000,0.06172142922878263,0.06314284026622768,0.06753400009539388,43.21987397924611,-0.001419782134362703,-0.0015831554025431756,0.0001633732681804727,213318702.55,-0.009814319884673961,-2.0
2023-09-16 00:00:00,0.0625509992241859,0.0628840029239654,0.0619300007820129,0.0621480010449886,144247521.0,1694822400,0.06154185799615721,0.06312480017542836,0.06745984856829496,41.57912147482107,-0.0013363241509863621,-0.001533789152231813,0.00019746500124545076,213460691.1,-0.016412089927689055,-2.0
2023-09-17 00:00:00,0.0621519982814788,0.0624979995191097,0.0612859986722469,0.0615170001983642,156292597.0,1694908800,0.06156900099345613,0.06303436025977131,0.0674563839354298,39.08926599793747,-0.001306044326693026,-0.0014882401871240557,0.0001821958604310296,212793519.65,-0.0386767232581825,-2.0
2023-09-18 00:00:00,0.0615170001983642,0.0628079995512962,0.0611440017819404,0.0620159991085529,207651893.0,1694995200,0.06179100062165938,0.0629935601353645,0.0674607172758892,42.04486227730317,-0.0012276309407308617,-0.001436118337845417,0.00020848739711455525,200880958.15,-0.02510490757077255,-2.0
2023-09-19 00:00:00,0.0620159991085529,0.0632150024175643,0.061974000185728,0.0627090036869049,198507548.0,1695081600,0.062042144260236166,0.06297856032848355,0.06747334356410331,45.96623141678146,-0.0010969234390317967,-0.0013682793580826929,0.0002713559190508962,197773625.95,-0.013683713780240248,-2.0
2023-09-20 00:00:00,0.0627090036869049,0.06300900131464,0.0619649998843669,0.0626299977302551,187443142.0,1695168000,0.06223500094243455,0.06296904027462003,0.06748250514419388,45.5875271180861,-0.0009883191941965283,-0.0012922873253054601,0.0003039681311089318,190316110.35,-0.01600969421821208,-2.0
2023-09-21 00:00:00,0.0626289993524551,0.0633070021867752,0.0612820014357566,0.0613459981977939,518556615.0,1695254400,0.06213128619960373,0.06289604023098942,0.06749219199021654,39.84243587127625,-0.0009943948147162762,-0.0012327088231876234,0.0002383140084713472,204305062.95,-0.03247380310984371,-2.0
2023-09-22 00:00:00,0.0613449998199939,0.061829000711441,0.0610539987683296,0.0615309998393058,144488200.0,1695340800,0.06198528568659505,0.06281976029276844,0.06749247481124566,40.99622409170014,-0.0009730648159177804,-0.001180780021733655,0.00020771520581587457,201128506.0,0.0033264406319843953,-2.0
2023-09-23 00:00:00,0.0615280009806156,0.0618459992110729,0.0613779984414577,0.0615070015192031,117222607.0,1695427200,0.06189371432576856,0.06262444034218785,0.06748646471386001,40.88667529824337,-0.0009471786165719531,-0.0011340597407013147,0.0001868811241293616,198832596.95,0.017283579413492012,-2.0
2023-09-24 00:00:00,0.0615070015192031,0.0617429986596107,0.0607019998133182,0.0607430003583431,115250326.0,1695513600,0.06178314292005126,0.06242064028978344,0.0674715758197837,37.45525179753515,-0.00097704930949985,-0.0011026576544610218,0.00012560834496117175,195532617.35,-0.00341254228165766,-2.0
2023-09-25 00:00:00,0.0607419982552528,0.0612000003457069,0.0605450011789798,0.0609590001404285,117409471.0,1695600000,0.06163214306746206,0.06230760022997852,0.06745937380074248,39.01361747817983,-0.0009720870571317125,-0.00107654353499516,0.00010445647786344755,190906368.6,-0.00523826386155446,-2.0
2023-09-26 00:00:00,0.0609560012817382,0.0611159987747669,0.0599070005118846,0.060598999261856,141794234.0,1695686400,0.06133071386388363,0.06217760011553761,0.06744177782475343,37.343568257008215,-0.0009858393561922932,-0.0010584026992345866,7.256334304229345e-05,187581716.95,-0.023730540381938114,-2.0
2023-09-27 00:00:00,0.0605930015444755,0.0613319985568523,0.0602749995887279,0.060504000633955,153818653.0,1695772800,0.061026999992983624,0.062058000266551935,0.06741611113903495,36.894744320798324,-0.000992957551058736,-0.0010453136695994167,5.2356118540680674e-05,187039294.5,-0.0327562656314726,-2.0
2023-09-28 00:00:00,0.0604970008134841,0.0616610012948513,0.0604059994220733,0.0614840015769004,137019315.0,1695859200,0.061046714761427416,0.061990440189838375,0.06737348486227214,44.32817807577688,-0.0009090420153936712,-0.0010180593387582677,0.00010901732336459648,185747057.15,-0.01068416452538079,-2.0
2023-09-29 00:00:00,0.0614859983325004,0.0623099990189075,0.0613849982619285,0.0621780008077621,141947701.0,1695945600,0.06113914347120688,0.061950160264968836,0.0673384848944466,48.91715816725917,-0.0007775750101697565,-0.0009699624730405655,0.00019238746287080898,187419398.7,0.010745007189337352,-2.0
2023-09-30 00:00:00,0.0621800012886524,0.0625059977173805,0.0617990009486675,0.0621410012245178,124411353.0,1696032000,0.06122971485768042,0.06187612026929851,0.06727754554212691,48.68674145554499,-0.0006686640752796846,-0.0009097027934883893,0.0002410387182087047,181602638.1,0.002015643023763891,-2.0
2023-10-01 00:00:00,0.0621399991214275,0.06351900100708,0.0618960000574588,0.0631930008530616,162108911.0,1696118400,0.06157971492835449,0.06185932040214535,0.06724169703595562,55.154776782602994,-0.0004917946935272255,-0.0008261211734961565,0.00033432647996893105,176753250.65,0.007718144727242526,-2.0
2023-10-02 00:00:00,0.0631899982690811,0.0639609992504119,0.0616259984672069,0.062059998512268,275648168.0,1696204800,0.06173700041004584,0.06179856032133099,0.0671941818989286,48.11974576064331,-0.00043799927126563637,-0.0007484967930500526,0.0003104975217844162,178984786.85,-0.009101057618460473,-2.0
2023-10-03 00:00:00,0.0620540007948875,0.0622689984738826,0.0612279996275901,0.0613860003650188,156615776.0,1696291200,0.0618494291390691,0.06170804038643833,0.06716021218083117,44.48472903062433,-0.0004446266499436441,-0.0006877227644287709,0.00024309611448512683,177230808.15,0.0006520745998122024,-2.0
2023-10-04 00:00:00,0.0613889992237091,0.0615609996020793,0.0604580007493495,0.0614879988133907,141610437.0,1696377600,0.06199000030755992,0.06163136035203929,0.0671192323694927,45.15988020990524,-0.00043661544191590795,-0.0006375012999261983,0.00020088585801029035,174856641.55,-0.0006988514086786468,-2.0
2023-10-05 00:00:00,0.0614859983325004,0.0616069994866848,0.0608390010893344,0.0609229989349842,114148166.0,1696464000,0.06190985707300046,0.061615200340747786,0.0671022727784484,42.105212968492985,-0.00047043439524949854,-0.0006040879189908584,0.00013365352374135981,172809631.7,-0.009494896024748845,-2.0
2023-10-06 00:00:00,0.0609200000762939,0.0615549981594085,0.0608210004866123,0.0614259988069534,109783884.0,1696550400,0.06180242821574207,0.06165376022458072,0.06708226270145837,45.631080807295575,-0.0004514443045674499,-0.0005735591961061767,0.00012211489153872684,171086449.85,0.011244068363121196,-2.0
2023-10-07 00:00:00,0.0614250004291534,0.0616689994931221,0.0611290000379085,0.0614550001919269,97620505.0,1696636800,0.06170442806822908,0.0616739203035831,0.06703151525421573,45.83590140817324,-0.00042910786315693283,-0.0005446689295163279,0.00011556106635939511,168152845.25,0.00813661724037118,-2.0
2023-10-08 00:00:00,0.0614559985697269,0.0616110004484653,0.0608760006725788,0.0610079988837242,92483679.0,1696723200,0.061392284929752315,0.06166304022073741,0.06695606066572542,43.13839983367614,-0.00044237590814028005,-0.0005242103252411184,8.183441710083838e-05,162394434.55,0.006749280134162872,-2.0
2023-10-09 00:00:00,0.0610099993646144,0.0610300004482269,0.0582600012421608,0.0587790012359619,241183528.0,1696809600,0.06092357103313716,0.061531320214271504,0.06686253540895198,32.778954063594554,-0.0006255415573573897,-0.0005444765716643727,-8.106498569301695e-05,164528233.55,-0.028510501453106074,-2.0
2023-10-10 00:00:00,0.0587790012359619,0.0592040009796619,0.0586079992353916,0.0590250007808208,123311323.0,1696896000,0.06058628537825173,0.06139020010828968,0.06676831322185918,34.64432485457253,-0.0007422948338509164,-0.0005840402241016815,-0.00015825460974923486,161321642.6,-0.03999415674017304,-2.0
2023-10-11 00:00:00,0.0590410009026527,0.0594540014863014,0.057812999933958,0.0584699995815753,146066511.0,1696982400,0.06015514263084953,0.061243080049753144,0.06666254556991834,32.45605943346581,-0.0008695825981790903,-0.0006411486989171633,-0.00022843389926192697,142697137.4,-0.059635259706257826,-2.0
2023-10-12 00:00:00,0.0584699995815753,0.0584950000047683,0.0574660003185272,0.057897001504898,116644185.0,1697068800,0.05972285728369436,0.0610982801020145,0.06657026275390322,30.32629680259211,-0.0010051089541463151,-0.0007139407499629938,-0.00029116820418332136,141304936.65,-0.068296288054421,-2.0
2023-10-13 00:00:00,0.057897001504898,0.0587560012936592,0.0578240007162094,0.058398000895977,139290300.0,1697155200,0.05929028615355487,0.06095356017351146,0.06650331326656868,34.380777261483246,-0.0010598705755827525,-0.0007831267150869455,-0.00027674386049580707,142408321.3,-0.07587865574281072,-2.0
2023-10-14 00:00:00,0.0584000013768672,0.0599300004541873,0.0584000013768672,0.059859000146389,112567930.0,1697241600,0.059062286147049455,0.060839560031890824,0.06644709103486751,44.51991284443277,-0.0009741497339336158,-0.0008213313188562795,-0.0001528184150773363,142274201.5,-0.03546565289465653,-2.0
2023-10-15 00:00:00,0.0598599985241889,0.0598599985241889,0.0591249987483024,0.0593499988317489,105304368.0,1697328000,0.05882542899676727,0.060708360075950575,0.06638233344813786,42.08039897351949,-0.0009364922023685912,-0.0008443634955587419,-9.212870680984928e-05,141668946.35,-0.033167196448103065,-2.0
2023-10-16 00:00:00,0.0593569986522197,0.0612259991466999,0.0593510009348392,0.060113999992609,255254744.0,1697414400,0.05901614310485971,0.06065908014774318,0.06632858597569992,46.79316829909132,-0.0008353702009613606,-0.0008425648366392658,7.194635677905143e-06,147341971.85,-0.02234580482854276,-2.0
2023-10-17 00:00:00,0.0601099990308284,0.0601559989154338,0.0588009990751743,0.0591199994087219,154163593.0,1697500800,0.05902971433741701,0.060562640130519825,0.06626673750203062,42.00441101851228,-0.0008259171672234805,-0.0008392353027561087,1.3318135532628208e-05,147359218.85,-0.02959472707813382,-2.0
2023-10-18 00:00:00,0.0591159984469413,0.05927399918437,0.0583619996905326,0.0586730018258094,113718362.0,1697587200,0.059058714658021885,0.06044928014278408,0.06619992942521062,40.02091816403973,-0.0008447567096016573,-0.0008403395841252184,-4.417125476438859e-06,146194171.2,-0.044818106902843935,-2.0
2023-10-19 00:00:00,0.0586679987609386,0.058883000165224,0.0580129995942115,0.058883000165224,119806282.0,1697673600,0.05919957160949703,0.06037488013505931,0.06613742435971891,41.42043224612515,-0.000833138173453464,-0.0008388993019908676,5.761128537403555e-06,145087100.25,-0.04185176175527494,-2.0
2023-10-20 00:00:00,0.0588780008256435,0.0603369995951652,0.0586999990046024,0.0599649995565414,154146216.0,1697760000,0.059423428561006235,0.06033512011170384,0.06603093953295183,48.135405477437274,-0.0007282275378652711,-0.0008167649491657484,8.853741130047726e-05,146573843.4,-0.01709610782629767,-2.0
2023-10-21 00:00:00,0.0599649995565414,0.0613630004227161,0.0595710016787052,0.0611880011856555,149488431.0,1697846400,0.059613285852330014,0.06035868018865581,0.06595678800585289,54.48617254624871,-0.0005401723226133998,-0.0007614464238552787,0.00022127410124187896,145942819.4,0.04098402318921557,-2.0
2023-10-22 00:00:00,0.0611889995634555,0.0616669990122318,0.060563001781702,0.0615959987044334,152154020.0,1697932800,0.059934142976999234,0.06040236011147495,0.06585243442142848,56.40403163816858,-0.0003541329949481517,-0.0006799837380738533,0.00032585074312570163,139768112.0,0.04355777873107636,-2.0
2023-10-23 00:00:00,0.0618279986083507,0.0672380030155181,0.061769001185894,0.0670849978923797,618990461.0,1698019200,0.06092999981982361,0.060626399964094115,0.0658274949951605,72.93035450736136,0.0002335288977875563,-0.0004972812109015714,0.0007308101086891277,162886846.25,0.1473404886686387,-2.0
2023-10-24 00:00:00,0.067111000418663,0.0697669982910156,0.0651239976286888,0.0665559992194175,676497484.0,1698105600,0.061992285507065835,0.06080151990056033,0.06579366672520681,70.16961703487291,0.0006490871372981794,-0.00026800754126162125,0.0009170946785598006,189631198.6,0.14955865570666838,-2.0
2023-10-25 00:00:00,0.0665640011429786,0.0694539994001388,0.0650490000844001,0.0683609992265701,536305756.0,1698192000,0.06337628513574595,0.06105031982064243,0.06579142432622231,73.81230056385768,0.001111258554724097,7.845677935522393e-06,0.0011034128767885745,210739078.1,0.17060512650664128,-2.0
2023-10-26 00:00:00,0.0683640018105506,0.0748879984021186,0.068131998181343,0.0718669965863227,1010931815.0,1698278400,0.06523114176733147,0.06139727964997287,0.0658086767852908,79.14054979264411,0.001740375454001325,0.00035435163314868293,0.001386023820852642,255796474.65,0.2006046945416291,-2.0
2023-10-27 00:00:00,0.0718720033764839,0.0721789970993995,0.0676240026950836,0.0678810030221939,468362462.0,1698364800,0.06636199940528183,0.0616301198303699,0.06578206067735495,63.35738419254107,0.0018954689744845876,0.0006625751014158639,0.0012328938730687238,274333572.5,0.14374059576023757,-2.0
2023-10-28 00:00:00,0.0678820013999939,0.069691002368927,0.0677099972963333,0.0690009966492652,246982558.0,1698451200,0.06747814161436894,0.061934719681739754,0.06573868693426399,65.44282072851956,0.0020847244268861614,0.0009470049665099234,0.0011377194603762381,282058516.45,0.14783572308861248,-2.0
2023-10-29 00:00:00,0.0690020024776458,0.0700839981436729,0.0679100006818771,0.0693589970469474,203013207.0,1698537600,0.06858714137758522,0.062249559611082035,0.06572783843736452,66.10683179397512,0.0022378023836895633,0.0012051644499458513,0.001032637933743712,280150000.4,0.1731900835695026,-2.0
2023-10-30 00:00:00,0.0693589970469474,0.070200003683567,0.0682739987969398,0.0696500018239021,292736698.0,1698624000,0.06895357051065985,0.06259863972663875,0.06570592936542295,66.66750035787476,0.002355447290643714,0.001435221018085424,0.0009202262725582901,288621269.15,0.18708775171724845,-2.0
2023-10-31 00:00:00,0.0696479976177215,0.0707219988107681,0.0669699981808662,0.0682770013809204,474946795.0,1698710400,0.06919942796230312,0.06287267982959743,0.06564541424464694,61.4984204786392,0.002311249421260028,0.001610426698720345,0.0007008227225396833,305065283.35,0.15953672858613022,-2.0
2023-11-01 00:00:00,0.0682789981365203,0.0695540010929107,0.0661289989948272,0.0688410028815269,461539028.0,1698796800,0.06926799991301123,0.06316811993718142,0.06551406073449835,62.775227861103275,0.0022952740088709456,0.001747396160750465,0.0005478778481204805,322310025.5,0.14801973468900398,-2.0
2023-11-02 00:00:00,0.0688590034842491,0.0707039982080459,0.0671859979629516,0.0679339990019798,501730943.0,1698883200,0.06870614311524796,0.06344515994191165,0.06541280817202844,59.365686960309155,0.0021842471055381757,0.0018347663497080072,0.0003494807558301685,340432057.65,0.11025033806637552,-2.0
2023-11-03 00:00:00,0.0679309964179992,0.0682080015540123,0.0666399970650672,0.0681440010666847,282752934.0,1698969600,0.06874371426446092,0.06381975993514055,0.06531767690121522,59.908634116516566,0.0020891208120141502,0.001885637242169236,0.00020348356984491427,348941307.85,0.10630564484670013,-2.0
2023-11-04 00:00:00,0.0681470036506652,0.0692569985985755,0.0680589973926544,0.0690789967775344,203958701.0,1699056000,0.06875485713992796,0.0642219197750091,0.06523442433940037,62.3225225652691,0.0020653705725173777,0.0019215839082388645,0.00014378666427851319,353874024.5,0.029723469446232054,-2.0
2023-11-05 00:00:00,0.0690789967775344,0.0715989992022514,0.0689809992909431,0.071223996579647,447538899.0,1699142400,0.06902128564459933,0.06473207965493198,0.06514387886331534,67.20143973737254,0.002194336943763739,0.0019761345153438397,0.0002182024284198992,363488232.25,0.07013638762811358,-2.0
2023-11-06 00:00:00,0.071223996579647,0.076385997235775,0.0706209987401962,0.0763809978961944,707371164.0,1699228800,0.06998285651206966,0.06547143951058382,0.06512690915001759,75.43678065737916,0.002681757004108512,0.0021172590130967743,0.0005644979910117377,391148610.8,0.11731833589856522,-2.0
2023-11-07 00:00:00,0.0763889998197555,0.0763889998197555,0.0718979984521865,0.0735180005431175,789220960.0,1699315200,0.07073157067809781,0.06607623949646944,0.06508347482392278,65.5904227116372,0.0028046902311519017,0.0022547452567078,0.0005499449744441019,424923740.7,0.022973047924880197,-2.0
2023-11-08 00:00:00,0.0735170021653175,0.0766810029745101,0.0730269998311996,0.0754809975624084,531673694.0,1699401600,0.07168014134679516,0.06670111939311023,0.0650576061070567,68.61521151424071,0.003025635510503666,0.002408923307466973,0.0006167122030366927,445517111.3,0.11196055158067808,-2.0
2023-11-09 00:00:00,0.0754740014672279,0.077735997736454,0.0705569982528686,0.073461003601551,964429145.0,1699488000,0.07246971343244821,0.0672655595839023,0.06505001020250895,62.52433346603569,0.0030031214902065534,0.002527762944014889,0.0004753585461916643,486031257.75,0.06463684829012228,-2.0
2023-11-10 00:00:00,0.073464997112751,0.0754539966583252,0.0731550008058548,0.0754439979791641,649733691.0,1699574400,0.07351257013423096,0.06787875950336451,0.06506848493308727,65.73953936955515,0.0031094462794676175,0.002644099611105435,0.0004653466683621826,511043520.75,0.08773196256136617,-2.0
2023-11-11 00:00:00,0.0754449963569641,0.0816980004310607,0.074922002851963,0.0784059986472129,1345253621.0,1699660800,0.07484499897275647,0.06865019947290416,0.06511888893866775,69.89438826384006,0.003393598845377266,0.0027939994579598013,0.0005995993874174646,570698500.8,0.12571423681292648,-2.0
2023-11-12 00:00:00,0.0784199982881546,0.0799809992313385,0.0761440023779869,0.0779810026288032,727221576.0,1699747200,0.07581028555120736,0.0694225195050239,0.06514207078049877,68.60872923513526,0.0035436491921811974,0.002943929404804081,0.0005997197873771165,576110056.55,0.14212693954943556,-2.0
2023-11-13 00:00:00,0.0779799968004226,0.0793979987502098,0.0741759985685348,0.0747819989919662,829471613.0,1699833600,0.07558185713631761,0.07005847945809358,0.06514728287554747,59.70612731355468,0.0033656353653177123,0.0030282705969068074,0.00033736476841090494,583758763.0,0.08630025510615469,-2.0
2023-11-14 00:00:00,0.0747779980301857,0.0754270032048225,0.0702809989452362,0.0724570006132125,708265059.0,1699920000,0.07543028571775977,0.07055815950036043,0.06513753540889178,54.20134388318136,0.0030023410677284396,0.003023084691071134,-2.0743623342694452e-05,592356728.15,0.06657935168958451,-2.0
2023-11-15 00:00:00,0.0724560022354126,0.0764079988002777,0.0724190026521682,0.0763560011982917,503454120.0,1700006400,0.07555528623717166,0.07116487950086588,0.06515137377110392,60.738689631032656,0.002994525455974173,0.003017372844051742,-2.2847388077569097e-05,566982843.4,0.12050950931940241,-2.0
2023-11-16 00:00:00,0.0763529986143112,0.0828370004892349,0.0760470032691955,0.0792770013213157,1563730284.0,1700092800,0.0763861430542809,0.07187211960554117,0.0651914040849666,64.7931984600977,0.0031872907220378693,0.0030513564196489678,0.00013593430238890156,621751234.5,0.14762815066095247,-2.0
2023-11-17 00:00:00,0.0793259963393211,0.0870610028505325,0.0793230012059211,0.0863040015101432,2031597493.0,1700179200,0.07793757213013507,0.07264087975025171,0.06529747484007263,72.22441272708856,0.003862553658124865,0.0032135958673441475,0.0006489577907807173,710981981.25,0.21172646375765813,-2.0
2023-11-18 00:00:00,0.0863270014524459,0.0863939970731735,0.0798289999365806,0.0803830027580261,1340580447.0,1700265600,0.07822000128882266,0.07319395989179606,0.06534512130298996,60.61471378299708,0.00387525772573781,0.0033459282390228802,0.0005293294867149299,767860343.25,0.05239529427555545,-2.0
2023-11-19 00:00:00,0.0803949981927871,0.0805979967117309,0.0779839977622032,0.0805760025978088,620299419.0,1700352000,0.07859071557010917,0.07368256002664561,0.06538384859309049,60.835704443771924,0.0038564445724743324,0.003448031505713171,0.00040841306676116153,784238479.3,0.09600372701311244,-2.0
2023-11-20 00:00:00,0.0805749967694282,0.0820399969816207,0.0778160020709037,0.0778789967298507,668234221.0,1700438400,0.07903314381837838,0.07392304003238673,0.06541512131389941,56.098714624574676,0.0035826110689410606,0.003474947418358749,0.00010766365058231158,793902850.6,0.03176957439466288,-2.0
2023-11-21 00:00:00,0.0778789967298507,0.0786980018019676,0.071492001414299,0.0721189975738525,860811107.0,1700524800,0.07898485766989838,0.07409255981445308,0.06538873745335469,47.57801192016917,0.0028677545614898825,0.003353508846984976,-0.0004857542854950934,813866454.55,-0.018268277887646067,-2.0
2023-11-22 00:00:00,0.072113998234272,0.0765609964728355,0.0718839988112449,0.0757839977741241,440962821.0,1700611200,0.07890314289501729,0.07436387985944742,0.0654384444909866,52.519667985116634,0.0025673655239188548,0.003196280182371752,-0.0006289146584528972,810828048.45,0.0045066513449341095,-2.0
2023-11-23 00:00:00,0.0757699981331825,0.0763479992747306,0.0751620009541511,0.0762000009417533,279606815.0,1700697600,0.07846357141222268,0.07463752001523966,0.06552952527999874,53.0605522190299,0.0023359456984656246,0.0030242132855905265,-0.0006882675871249019,810670742.5,-0.028135573087787136,-2.0
2023-11-24 00:00:00,0.0761990025639534,0.0784289985895156,0.0761490017175674,0.0782169997692108,401116993.0,1700784000,0.07730828544923232,0.07498019993305201,0.06570156569583242,55.695844154383074,0.002288913596970768,0.002877153347866575,-0.0005882397508958069,820528657.1,0.0030263414479416717,-2.0
2023-11-25 00:00:00,0.0782160013914108,0.0791049972176551,0.0777629986405372,0.0789550021290779,291859035.0,1700870400,0.07710428535938259,0.07540731996297831,0.06586036368301416,56.65473507571486,0.0022848525820913235,0.0027586931947115247,-0.0004738406126202012,812744663.9,0.05580224109227139,-2.0
2023-11-26 00:00:00,0.0789519995450973,0.0789799988269805,0.0763460025191307,0.0787039995193481,343339848.0,1700956800,0.07683685634817392,0.07580183982849116,0.06601133336774022,56.20914359504058,0.0022356096690068494,0.00265407648957059,-0.00041846682056374037,794543098.1,0.08621663680895542,-2.0
2023-11-27 00:00:00,0.0786899998784065,0.0813200026750564,0.0770889967679977,0.0787879973649978,743996999.0,1701043200,0.07696671358176636,0.07623599976301187,0.06616242421847397,56.3329175976742,0.0021782526886761633,0.0025589117293917047,-0.0003806590407155414,792281900.05,0.03185075342526589,-2.0
2023-11-28 00:00:00,0.0787919983267784,0.0810310021042823,0.0770369991660118,0.0810090005397796,618900678.0,1701129600,0.07823671400547023,0.07675059974193568,0.06634909091423252,59.58564289008676,0.00228566553354298,0.00250426249022196,-0.00021859695667898011,796643249.25,0.021847436073470616,-2.0
2023-11-29 00:00:00,0.0810040012001991,0.0828419998288154,0.0797860026359558,0.0805929973721504,596560786.0,1701216000,0.07892371394804541,0.07721115976572031,0.0665308484299616,58.70359923134079,0.0023105879879890823,0.0024655275897753847,-0.00015493960178630242,778249831.3,-0.06617310945103272,-2.0
2023-11-30 00:00:00,0.0805990025401115,0.0842169970273971,0.0805369988083839,0.083416998386383,645565938.0,1701302400,0.07995471358299253,0.07769887983798976,0.06672922217033121,62.736227301897664,0.002529059074653575,0.0024782338867510227,5.082518790255246e-05,778041443.65,0.0377442434875197,-2.0
2023-12-01 00:00:00,0.0834140032529831,0.0849080011248588,0.0825039967894554,0.0838569998741149,519429439.0,1701388800,0.0807604278836931,0.07799791991710657,0.06693953527796144,63.33695611878811,0.002706504528188075,0.0025238880150384333,0.00018261651314964173,736750234.55,0.040719285773991976,-2.0
2023-12-02 00:00:00,0.083856001496315,0.0864809975028038,0.0835480019450187,0.08627899736166,462433973.0,1701475200,0.08180671291691911,0.07850835978984827,0.06717382819213044,66.53501533147283,0.0030078931642578965,0.0026206890448823264,0.0003872041193755701,723510854.4,0.10785964103964396,-2.0
2023-12-03 00:00:00,0.0862829983234405,0.0871469974517822,0.0838899984955787,0.0856150016188621,550096321.0,1701561600,0.0827939989311354,0.07891371995210643,0.06740359589457508,64.86453419595463,0.0031567775558927064,0.0027279067470844026,0.0004288708088083038,709542089.8,0.187135214007782,-2.0
2023-12-04 00:00:00,0.0856169983744621,0.0919540002942085,0.0854310020804405,0.0919400006532669,1364950607.0,1701648000,0.08467285654374528,0.07965287983417506,0.06769419186795596,72.06050929209695,0.0037420085258053626,0.0029307271028285948,0.0008112814229767678,742376367.2,0.21318488538036928,-2.0
2023-12-05 00:00:00,0.0919210016727447,0.0950570032000541,0.0877199992537498,0.0942469984292984,1094480332.0,1701734400,0.08656399909939082,0.08040499985218043,0.06800539388951625,74.1408283194467,0.004341912857291519,0.00321296425372118,0.001128948603570339,771927677.8,0.23683723444229465,-2.0
2023-12-06 00:00:00,0.0942479968070983,0.1054319962859153,0.0937739983201026,0.0948640033602714,2606846041.0,1701820800,0.08860271424055095,0.08106332004070277,0.0682930100822087,74.68374974210688,0.004811662651584309,0.003532703933293806,0.0012789587182905028,824083465.65,0.21283101678892957,-2.0
2023-12-07 00:00:00,0.0948909968137741,0.0979389995336532,0.093308001756668,0.0959199965000152,1229053762.0,1701907200,0.09038885682821271,0.08178087979555125,0.06859686861586084,75.626919646895,0.00520910524627663,0.003867984195890371,0.0013411210503862588,783956279.1,0.21486915221916458,-2.0
2023-12-08 00:00:00,0.0959139987826347,0.1034059971570968,0.0958250015974044,0.1014700010418891,1017561991.0,1701993600,0.09290499985218045,0.08284839987754816,0.06897752517552082,79.87137192350923,0.005903864276840018,0.0042751602120803004,0.0016287040647597175,767805356.3,0.28926104977605793,-2.0
2023-12-09 00:00:00,0.1014960035681724,0.1046150028705596,0.0980409979820251,0.0985419973731041,1122491938.0,1702080000,0.09465685699667246,0.08389179974794382,0.06932795947097764,72.68034106184354,0.006147337705818906,0.004649595710828022,0.0014977419949908843,792914982.25,0.25072346891358066,-2.0
2023-12-10 00:00:00,0.0985430032014846,0.1026360020041465,0.0971520021557807,0.1018010005354881,687190079.0,1702166400,0.09696914255619046,0.08490959972143168,0.06971489890205736,75.34146514573466,0.006528015571040199,0.005025279682870457,0.0015027358881697424,793862775.15,0.256662838168193,-2.0
2023-12-11 00:00:00,0.1018119975924491,0.1058370023965835,0.0918150022625923,0.0943839997053146,1973481451.0,1702252800,0.09731828527791155,0.08551387965679165,0.07003016149004294,60.82123997288697,0.006160204538011249,0.005252264653898615,0.0009079398841126338,849496292.35,0.17111911435037164,-2.0
2023-12-12 00:00:00,0.0943820029497146,0.0974529981613159,0.0915419980883598,0.0938350036740303,948285886.0,1702339200,0.09725942888430182,0.08581511974334713,0.07033975749756345,59.901004530511905,0.005758037184418752,0.005353419160002643,0.0004046180244161087,874862445.6,0.12489067563174205,-2.0
2023-12-13 00:00:00,0.0938199982047081,0.0973820015788078,0.0906049981713295,0.0964279994368553,812811810.0,1702425600,0.09748285689524239,0.0864569196105003,0.07066739384423598,62.76647002748048,0.005584178809442952,0.005399571089890705,0.00018460771955224747,901522695.35,0.14990996078576435,-2.0
2023-12-14 00:00:00,0.0964270010590553,0.0986789986491203,0.0949750021100044,0.0982550010085105,742258598.0,1702512000,0.09781642896788456,0.08716407954692837,0.07101731307127254,64.68154250747503,0.005530071332662964,0.005425671138445156,0.00010440019421780779,918579775.6,0.13880554958989721,-2.0
2023-12-15 00:00:00,0.0982690006494522,0.0986109972000122,0.0929730013012886,0.0930040031671524,614056351.0,1702598400,0.09660700070006503,0.08776907980442043,0.07131453532010613,55.79851077300036,0.005005775660289244,0.005341692042813974,-0.0003359163825247301,934689641.4,0.08630498637592043,-2.0
2023-12-16 00:00:00,0.0930040031671524,0.0970759987831115,0.0922849997878074,0.0970560014247894,498585277.0,1702684800,0.09639471556459152,0.0887665599584579,0.07165197979169657,60.32638835655829,0.004861193149377288,0.005245592264126637,-0.0003843991147493486,942451912.85,0.05564499385655286,-2.0
2023-12-17 00:00:00,0.0970619991421699,0.0975850000977516,0.0927750021219253,0.0930970013141632,482463968.0,1702771200,0.09515128710440224,0.08945908010005947,0.07195189900018947,54.45676101584559,0.004376700368192585,0.005071813884939826,-0.0006951135167472412,929375261.3,-0.012201949497605558,-2.0
2023-12-18 00:00:00,0.0930840000510215,0.093650996685028,0.0871869996190071,0.0920360013842582,685264950.0,1702857600,0.09481585877282275,0.09009252011775964,0.07226209094127015,52.96931209488256,0.003862596908546137,0.004829970489661089,-0.0009673735811149518,932693474.9,-0.029811117766905815,-2.0
2023-12-19 00:00:00,0.0920379981398582,0.0933550000190734,0.0896070003509521,0.0902969986200332,482452805.0,1702944000,0.09431042947939461,0.09057572007179254,0.07256345454641058,50.532989214541146,0.0032770672320924094,0.004519389838147353,-0.0012423226060549438,926988075.85,-0.058621748177202226,-2.0
2023-12-20 00:00:00,0.0902900025248527,0.0932649970054626,0.0897440016269683,0.0914169996976852,596172199.0,1703030400,0.09359457237379887,0.09107419997453686,0.07287119193510572,52.062282270023374,0.002870318229873353,0.004189575516492554,-0.0013192572866192005,924518388.9,-0.09907363004809455,-2.0
2023-12-21 00:00:00,0.0914240032434463,0.0972110033035278,0.0908320024609565,0.0950039997696876,808685569.0,1703116800,0.09313014362539561,0.09172619998455044,0.07321183838778067,56.68128522657732,0.0028050725133102056,0.003912674915856084,-0.0011076024025458786,938981195.4,-0.035903449267633336,-2.0
2023-12-22 00:00:00,0.0950070023536682,0.0954940021038055,0.0923309996724128,0.0951979979872703,622353150.0,1703203200,0.09344357145684101,0.09238260000944135,0.07354644441393886,56.923035523516546,0.0027374630773677744,0.0036776325481584224,-0.000940169470790648,946977154.25,-0.06486186298253505,-2.0
2023-12-23 00:00:00,0.0952000021934509,0.0952000021934509,0.0924270004034042,0.0935619994997978,357245326.0,1703289600,0.09294442832469936,0.09288471996784206,0.07385966659645837,54.177179953787466,0.0025227895592969257,0.003446663950386123,-0.0009238743910891974,937334604.5,-0.008709105442482268,-2.0
2023-12-24 00:00:00,0.09357900172472,0.0948019996285438,0.0913479998707771,0.0918949991464614,566323407.0,1703376000,0.09277271372931338,0.0933368000388145,0.07416014132475608,51.453583604635234,0.0021928682328009458,0.003195904806869088,-0.001003036574068142,897403244.5,-0.020674635814031617,-2.0
2023-12-25 00:00:00,0.0919030010700225,0.0951670035719871,0.0915400013327598,0.0944489985704422,435910884.0,1703462400,0.09311742761305396,0.09377808004617688,0.07449278777295888,55.1719009886531,0.002113130757455825,0.0029793499969864353,-0.0008662192395306103,864474772.1,-0.020523093686175997,-2.0
2023-12-26 00:00:00,0.0944470018148422,0.0944470018148422,0.0891219973564148,0.0913560017943382,567640365.0,1703548800,0.09326871378081181,0.0940780401229858,0.07478915143645166,50.16117832325323,0.0017798423287360282,0.002739448463336354,-0.0009596061346003257,762514488.3,-0.07021524750251384,-2.0
2023-12-27 00:00:00,0.0913539975881576,0.0938640013337135,0.0899209976196289,0.09357900172472,423259088.0,1703635200,0.09357757121324536,0.0943700402975082,0.0751009695984498,53.434518781541705,0.001675769140239744,0.002526712598717032,-0.0008509434584772881,722224754.6,0.006182514063767464,-2.0
2023-12-28 00:00:00,0.0935949981212616,0.0949010029435157,0.0913769975304603,0.0918840020895004,464569016.0,1703721600,0.0931318572589329,0.09462080031633374,0.07539646459197753,50.70020727132178,0.0014399195870101605,0.002309353996375658,-0.0008694344093654973,694575105.85,-0.05328881531655605,-2.0
2023-12-29 00:00:00,0.0918830037117004,0.0930140018463134,0.0896669998764991,0.0910380035638809,407349878.0,1703808000,0.09253757234130586,0.0945847204327583,0.07569638383809962,49.343029984024945,0.0011712407716155254,0.0020817313514236314,-0.000910490579808106,658818002.85,-0.022116692495110946,-2.0
2023-12-30 00:00:00,0.0910310000181198,0.0914010033011436,0.0895930007100105,0.0901480019092559,252403426.0,1703894400,0.09204985839979986,0.09442076057195659,0.07598544446506882,47.89063956153162,0.000876392670050033,0.0018406636151489118,-0.0009642709450988789,637078670.2,-0.020513706012930122,-2.0
2023-12-31 00:00:00,0.0901459977030754,0.0908159986138343,0.0889709964394569,0.0894720032811164,259196255.0,1703980800,0.091703716133322,0.0942050805687904,0.07626791923034067,46.76469919119817,0.0005814731253246108,0.0015888255171840518,-0.001007352391859441,551364410.4,-0.009136464683486833,-2.0
2024-01-01 00:00:00,0.0894730016589164,0.0920460000634193,0.0888380035758018,0.0920239984989166,298687049.0,1704067200,0.09135728755167549,0.09404924064874645,0.07658388890852827,51.40918521681132,0.000547362295688178,0.001380532872884877,-0.0008331705771966991,518884468.55,0.0066398897714727845,-2.0
2024-01-02 00:00:00,0.0920369997620582,0.0943299978971481,0.0908040031790733,0.0912040024995803,496309010.0,1704153600,0.09133557336671007,0.0936386007070541,0.07688939398286314,49.902653942070515,0.0004489867534825387,0.0011942236490044096,-0.0007452368955218709,503059328.55,-0.039998287222847484,-2.0
2024-01-03 00:00:00,0.0912050008773803,0.0920929983258247,0.0810180008411407,0.0820420011878013,1026941029.0,1704240000,0.08968743043286455,0.09297860085964199,0.07710598996191309,36.89346599983282,-0.000364076659196369,0.000882563587364254,-0.0012466402465606229,517293450.1,-0.13819614989412055,-2.0
2024-01-04 00:00:00,0.0820489972829818,0.0846550017595291,0.0815510004758834,0.0841310024261474,514230239.0,1704326400,0.08857985905238554,0.09227180093526836,0.07734464654567261,40.69000169662227,-0.0008302991582739144,0.0005399910382366203,-0.0013702901965105348,512302144.5,-0.1007994391320246,-2.0
2024-01-05 00:00:00,0.0841209962964057,0.084755003452301,0.0812349990010261,0.0827730000019073,547983037.0,1704412800,0.08739914425781789,0.09180736094713207,0.077559686933804,39.04551324983408,-0.0012944417750601206,0.00017310447557727216,-0.0014675462506373927,514772032.5,-0.09926545763404981,-2.0
2024-01-06 00:00:00,0.0827730000019073,0.0827730000019073,0.078854002058506,0.0806640014052391,414677901.0,1704499200,0.08604428704295834,0.09128052085638043,0.0777464142125664,36.57339722095465,-0.0018115740064637564,-0.00022383122083093358,-0.0015877427856328227,511382729.15,-0.14595175569725005,-2.0
2024-01-07 00:00:00,0.0806680023670196,0.0814739987254142,0.0776349976658821,0.0782250016927719,399266341.0,1704585600,0.0844375725303377,0.0905524009466171,0.07790887886376087,33.90026209808563,-0.002390653948227933,-0.0006571957663103335,-0.0017334581819175997,497082798.7,-0.1437343999699875,-2.0
2024-01-08 00:00:00,0.0782279968261718,0.0817169994115829,0.074972003698349,0.0813700035214424,603250657.0,1704672000,0.08291557324784139,0.08987700104713436,0.07809248495132028,39.99094810856039,-0.0025662218028987688,-0.0010390009736280206,-0.0015272208292707481,503122691.3,-0.130467284094274,-2.0
2024-01-09 00:00:00,0.0813779979944229,0.0821819975972175,0.077233001589775,0.0792630016803741,957047300.0,1704758400,0.08120971598795479,0.08932736098766321,0.07826625266008902,37.49805362968831,-0.00284261019142526,-0.0013997228171874687,-0.0014428873742377913,521166446.35,-0.13735797442554476,-2.0
2024-01-10 00:00:00,0.0792630016803741,0.0844499990344047,0.0766829997301101,0.0829420015215873,703451086.0,1704844800,0.08133828746420993,0.08876280099153513,0.0784839900455089,44.055694372773736,-0.0027332779137190094,-0.0016664338364937767,-0.0010668440772252327,515904722.2,-0.08892991635754266,-2.0
2024-01-11 00:00:00,0.0829690024256706,0.0876350030303001,0.0823829993605613,0.0846249982714653,778110109.0,1704931200,0.08140885829925534,0.08842392086982721,0.07871769711074199,46.805241161338664,-0.002482214104543301,-0.0018295898901036817,-0.0006526242144396194,523692570.15,-0.061265957323714426,-2.0
2024-01-12 00:00:00,0.0846149995923042,0.085377998650074,0.0782470032572746,0.080045998096466,607108203.0,1705017600,0.08101928659847801,0.08794432073831554,0.07891085871843372,40.91349683127279,-0.0026225007169606435,-0.001988172055475074,-0.0006343286614855694,536185714.0,-0.10535144893352155,-2.0
2024-01-13 00:00:00,0.0800359994173049,0.0812600031495094,0.0789059996604919,0.0809229984879493,297741301.0,1705104000,0.08105628618172232,0.08756936073303219,0.07910779810915085,42.4087667428616,-0.0026325656872893954,-0.0021170507818379382,-0.0005155149054514572,522756608.7,-0.12063157645880807,-2.0
2024-01-14 00:00:00,0.0809210017323494,0.0838240012526512,0.0798510015010833,0.0799779966473579,461353847.0,1705190400,0.08130671403237746,0.0871118006110191,0.07929489908344814,41.19890828648183,-0.0026858353614427066,-0.002230807697758892,-0.0004550276636838147,524028756.85,-0.12308676751630565,-2.0
2024-01-15 00:00:00,0.0799689963459968,0.0816370025277137,0.0799689963459968,0.0811249986290931,272657967.0,1705276800,0.08127171333347043,0.08655664056539532,0.07949810110107812,43.312787743675244,-0.0026054643171629366,-0.002305739021639701,-0.0002997252955232355,509279636.95,-0.011177232946928073,-2.0
2024-01-16 00:00:00,0.081105999648571,0.0822670012712478,0.0799899995326995,0.0813099965453147,328206882.0,1705363200,0.08156414117131908,0.08600112050771709,0.07972568691228371,43.66456184087863,-0.0024980459806962924,-0.0023442004134510194,-0.000153845567245273,504527026.65,-0.03353110981066776,-2.0
2024-01-17 00:00:00,0.0813120007514953,0.0815389975905418,0.0795560032129287,0.0805049985647201,261149597.0,1705449600,0.08121599789176662,0.08547884047031397,0.07994265658686855,42.4306860351683,-0.002449634918034016,-0.002365287314367619,-8.434760366639706e-05,494356055.7,-0.02740025657080125,-2.0
2024-01-18 00:00:00,0.0805089995265007,0.0806929990649223,0.0773990005254745,0.0779870003461837,314880990.0,1705536000,0.08026771247386925,0.08492252051830286,0.08013979800873328,38.74279096095376,-0.0025846559100988487,-0.0024091610335138652,-0.00017549487658498342,489732611.3,-0.03318706005677452,-2.0
2024-01-19 00:00:00,0.0779879987239837,0.0787049978971481,0.07515200227499,0.0785359963774681,351038255.0,1705622400,0.08005199794258384,0.0842860004305839,0.0803482727044158,39.96791593477178,-0.0026171922642340695,-0.002450767279657906,-0.0001664249845761633,494664352.75,0.003975643054858979,-2.0
2024-01-20 00:00:00,0.0785339996218681,0.0899979993700981,0.0782359987497329,0.0878880023956298,684267184.0,1705708800,0.0810469985008239,0.08414728045463557,0.08064615150744259,56.08146722901877,-0.0018668291868031012,-0.002333979661086945,0.0004671504742838439,515917899.2,0.08010321484710015,-2.0
2024-01-21 00:00:00,0.0878679975867271,0.0899920016527175,0.0848430022597312,0.0852729976177215,948730356.0,1705795200,0.08180342721087586,0.08381504029035564,0.08090285855260756,51.887518302143164,-0.001466267849882033,-0.002160437298845963,0.00069416944896393,548420064.55,0.07582347135404421,-2.0
2024-01-22 00:00:00,0.0852919965982437,0.0854159966111183,0.0801950022578239,0.0803409963846206,673330908.0,1705881600,0.08169142689023692,0.08335332006216044,0.0811148888309194,45.045413512353306,-0.0015291641332837586,-0.002034182665733522,0.0005050185324497634,557271159.45,-0.03135932445866696,-2.0
2024-01-23 00:00:00,0.0803460031747818,0.081676997244358,0.0760909989476203,0.0781539976596832,555482191.0,1705968000,0.08124056990657527,0.08283795982599253,0.08129711102957672,42.376919446904665,-0.0017354769130575043,-0.0019744415151983184,0.00023896460214081414,533698217.55,-0.07646677393155188,-2.0
2024-01-24 00:00:00,0.0781570002436637,0.0805179998278617,0.0777499973773956,0.0790160000324249,372585722.0,1706054400,0.08102785583053311,0.0823926797509193,0.08149808073284645,43.79033947339441,-0.0018085767431110095,-0.0019412685607808568,0.0001326918176698473,526615991.7,-0.012867577249768503,-2.0
2024-01-25 00:00:00,0.0790160000324249,0.0791369974613189,0.0771929994225502,0.0779329985380172,292888748.0,1706140800,0.08102014128650933,0.08193111956119532,0.08169262615418188,42.3837121858524,-0.0019316314101642251,-0.0019393411306575304,7.709720493305266e-06,513861277.25,-0.03694870439554154,-2.0
2024-01-26 00:00:00,0.0779289975762367,0.0802790001034736,0.0775950029492378,0.0799010023474693,283895680.0,1706227200,0.08121514213936665,0.08144619971513743,0.0819049292065278,45.791331185145886,-0.0018490371114016219,-0.0019212803268063487,7.224321540472687e-05,507322166.2,-0.000962693529672709,-2.0
2024-01-27 00:00:00,0.0798830017447471,0.0806780010461807,0.0790710002183914,0.0801419988274574,212327663.0,1706313600,0.0801085702010563,0.08100371956825252,0.08210873727997138,46.21086767870337,-0.0017440300400483888,-0.001885830269454757,0.00014180022940636812,497975232.3,-0.012117100995342023,-2.0
2024-01-28 00:00:00,0.0801400020718574,0.0813700035214424,0.0782919973134994,0.0788130015134811,257196385.0,1706400000,0.07918571361473624,0.0808745595812797,0.08228676758631306,44.180254045574266,-0.001747901436085414,-0.0018582445027808883,0.00011034306669547439,480672518.7,-0.03070957001507202,-2.0
2024-01-29 00:00:00,0.0788130015134811,0.0828720033168792,0.0782229974865913,0.0812890008091926,540569157.0,1706486400,0.07932114281824654,0.08076087951660153,0.08248568679949245,48.702847306479185,-0.0015334998631108265,-0.0017932955748468761,0.0002597957117360496,459848611.55,0.009738553610956435,-2.0
2024-01-30 00:00:00,0.0812999978661537,0.0821290016174316,0.0795930027961731,0.0797230005264282,333456483.0,1706572800,0.0795452860849244,0.08063887953758236,0.08261334339175556,46.15571690571815,-0.00147296874031011,-0.001729230207939523,0.0002562614676294131,441348881.4,0.022260122488855894,-2.0
2024-01-31 00:00:00,0.0797289982438087,0.0802220031619072,0.0782139971852302,0.0787639990448951,307301569.0,1706659200,0.07950928594384869,0.08056287944316859,0.08273665652130584,44.61682671520422,-0.0014852596455850187,-0.0016804360954686224,0.0001951764498836037,417808454.4,0.0029031613265737555,-2.0
2024-02-01 00:00:00,0.0787630006670951,0.0797789990901947,0.077684000134468,0.0793270021677017,257042563.0,1706745600,0.07970842931951792,0.08060695946216578,0.08284742422778192,45.76017003528345,-0.0014330513063533085,-0.0016309591376455596,0.00019790783129225117,400305172.4,-0.09740806474802521,-2.0
2024-02-02 00:00:00,0.0793270021677017,0.0799010023474693,0.0786219984292984,0.0792329981923103,220161256.0,1706832000,0.0796130001544952,0.0805214792490005,0.08292182828440807,45.590932225878575,-0.0013833151604753374,-0.0015814303422115152,0.00019811518173617777,396426170.15,-0.07083132520435709,-2.0
2024-02-03 00:00:00,0.0792339965701103,0.0794550031423568,0.0786160007119178,0.0786510035395622,152907809.0,1706918400,0.07940000082765304,0.08049699932336801,0.08303061616842189,44.493780892588084,-0.0013750107431494268,-0.0015401464223990977,0.0001651356792496709,381003868.25,-0.02103524876599505,-2.0
2024-02-04 00:00:00,0.0786579996347427,0.0798569992184639,0.0780839994549751,0.0782380029559135,183715849.0,1707004800,0.07931785817657193,0.08030883938074107,0.08312391926242844,43.69027476528485,-0.0013857807106848474,-0.0015092732800562477,0.0001234925693714003,376556762.35,0.0010748688326360778,-2.0
2024-02-05 00:00:00,0.0782480016350746,0.0800269991159439,0.077504001557827,0.0782200023531913,257544919.0,1707091200,0.07887942982571462,0.08005263954401011,0.08321342436653191,43.65327254766331,-0.0013798622921826487,-0.001483391082481528,0.00010352879029887937,373023664.2,-0.010073879706729572,-2.0
2024-02-06 00:00:00,0.0782260000705719,0.0791810005903244,0.0777629986405372,0.07846599817276,192061699.0,1707177600,0.07869985806090488,0.07998943954706188,0.0833024748347022,44.34694957776882,-0.0013398768300608294,-0.0014546882319973883,0.00011481140193655894,369569269.3,0.00683920347916267,-2.0
2024-02-07 00:00:00,0.0784699991345405,0.0802550017833709,0.0782110020518302,0.0801040008664131,213373948.0,1707264000,0.0788912868925503,0.07995667964220042,0.0834219394759698,48.86143945424169,-0.0011626130556276898,-0.0013962731967234487,0.0002336601410957589,364493917.2,0.002540625436224353,-2.0
2024-02-08 00:00:00,0.0801009982824325,0.0807550027966499,0.0796260014176368,0.0798709988594055,248828595.0,1707350400,0.07896900070565084,0.07995239973068233,0.08353335357675645,48.261714404873565,-0.001029069084130807,-0.0013228323742049204,0.00029376329007411344,359383434.2,-0.003381497492161989,-2.0
2024-02-09 00:00:00,0.0798700004816055,0.0820880010724067,0.0798700004816055,0.0815789997577667,333635097.0,1707436800,0.07930414378643033,0.07997055977582929,0.08367118186721895,52.8320304131215,-0.00077646254950893,-0.0012135584092657224,0.00043709585975679243,341851829.85,0.03509570998653655,-2.0
2024-02-10 00:00:00,0.0815820023417472,0.0820830017328262,0.0804620012640953,0.0814480036497116,212946391.0,1707523200,0.07970371523073738,0.07997608006000514,0.08380556573169397,52.44935607642043,-0.0005801527028037601,-0.0010868772679733301,0.0005067245651695701,305062631.6,0.001956019128494635,-2.0
2024-02-11 00:00:00,0.081446997821331,0.0832789987325668,0.0809919983148574,0.0811930000782013,304303558.0,1707609600,0.08012585767677849,0.0800036001205444,0.08392792940139766,51.66484385895676,-0.00044007943028852303,-0.0009575177004363688,0.0005174382701478458,286611264.1,0.01843883875501895,-2.0
2024-02-12 00:00:00,0.0812029987573623,0.08279699832201,0.0795679986476898,0.082345001399517,360525326.0,1707696000,0.08071514325482503,0.08017792016267773,0.08404026278341656,54.943588176031604,-0.00023342272185637725,-0.0008126987047203705,0.0005792759828639933,276863420.85,0.04546496366418307,-2.0
2024-02-13 00:00:00,0.0823329985141754,0.0829539969563484,0.0800620019435882,0.0810889974236488,419683385.0,1707782400,0.08108985743352344,0.08028004020452496,0.08408781833419893,50.890346035723205,-0.00016904615666561706,-0.0006839681951094199,0.0005149220384438028,279218304.0,0.022211796838385034,-2.0
2024-02-14 00:00:00,0.0810860022902488,0.0870030000805854,0.0805689990520477,0.0855429992079734,627015518.0,1707868800,0.08186685719660347,0.0801862400770187,0.08420928296717727,61.684800100558306,0.000238622760756646,-0.0004994500039362067,0.0007380727646928528,295924642.5,0.07963854908466006,-2.0
2024-02-15 00:00:00,0.085546001791954,0.0880480036139488,0.0841659978032112,0.0853559970855712,636946996.0,1707955200,0.08265042837176999,0.08018956005573269,0.0843090304371082,61.07778718013169,0.0005403845893060255,-0.00029148308528776035,0.0008318676745937858,313577208.3,0.08524994271225461,-2.0
2024-02-16 00:00:00,0.0853549987077713,0.0878800004720687,0.0843930020928382,0.0860129967331886,441121282.0,1708041600,0.08328385651111599,0.08041644006967541,0.08443581824651869,62.474941679908355,0.0008230596737138496,-6.857453348743837e-05,0.0008916342072012879,325016889.25,0.09937617888401684,-2.0
2024-02-17 00:00:00,0.0860159993171691,0.086058996617794,0.0822049975395202,0.0835930034518241,347758664.0,1708128000,0.08359028505427492,0.08063400030136104,0.08451813143311121,54.68790995882197,0.0008421012624291874,0.00011356062569588678,0.0007285406367333006,329545003.2,0.06869088387867572,-2.0
2024-02-18 00:00:00,0.0835919976234436,0.0856999978423118,0.083016999065876,0.0851659998297691,300251530.0,1708214400,0.08415785644735603,0.08088000029325482,0.08458641427333906,58.32412113414383,0.0009729044830259354,0.0002854293971618965,0.0006874750858640389,317529121.85,0.08538732461234488,-2.0
2024-02-19 00:00:00,0.0851690024137497,0.0905359983444213,0.0851209983229637,0.089477002620697,663450017.0,1708300800,0.08517671376466747,0.08134176045656201,0.08470253548537839,66.30477727169368,0.0014081960667239046,0.0005099827310742982,0.0008982133356496064,334028798.55,0.11701040713203503,-2.0
2024-02-20 00:00:00,0.0894740000367164,0.0912080034613609,0.0835679993033409,0.0861430019140243,801458657.0,1708387200,0.08589871440614968,0.08159144043922421,0.0848172930906517,57.18456909624328,0.0014672284925450058,0.0007014318833684398,0.000765796609176566,358736652.95,0.07852666354729343,-2.0
2024-02-21 00:00:00,0.0861480012536048,0.0862220004200935,0.0821729972958564,0.0846149995923042,435393890.0,1708473600,0.08576614303248264,0.08177036046981807,0.08494010116114757,53.5491418607303,0.0013748664928939086,0.0008361188052735337,0.0005387476876203749,367654219.3,0.03721545794324932,-2.0
2024-02-22 00:00:00,0.0846050009131431,0.0854069963097572,0.0831649973988533,0.0840890035033226,362895383.0,1708560000,0.08558514394930426,0.08198140054941173,0.08501821229554182,52.316162885423864,0.0012448753066628127,0.0009178701055513896,0.0003270052011114231,374790925.65,0.03242559344940266,-2.0
2024-02-23 00:00:00,0.0840829983353614,0.0854829996824264,0.0830359980463981,0.0844340026378631,400189069.0,1708646400,0.08535957336425778,0.08210720062255855,0.08507030321793117,53.07927447343067,0.0011563650454859825,0.0009655690935383083,0.00019079595194767423,387154988.65,0.039917265731531426,-2.0
2024-02-24 00:00:00,0.0844480022788047,0.0863199979066848,0.0839549973607063,0.0861560031771659,326082311.0,1708732800,0.08572571618216374,0.08236452072858808,0.08506880828527484,56.795844610428404,0.001211209014417347,0.0010146970777141161,0.00019651193670323095,394273311.75,0.04628091217290642,-2.0
2024-02-25 00:00:00,0.0861570015549659,0.0867590010166168,0.0854609981179237,0.0860989987850189,290853292.0,1708819200,0.08585900174719943,0.08265792071819301,0.08512654561888082,56.635914862192344,0.0012358276252957962,0.001058923187230452,0.00017690443806534406,395938730.4,0.061783984517595814,-2.0
2024-02-26 00:00:00,0.0860980004072189,0.0900240018963813,0.0842920020222663,0.0893889963626861,523738048.0,1708905600,0.08584642942462643,0.08306040048599239,0.08521556575791998,63.09498524648515,0.0015034821542561222,0.0011478349806355861,0.0003556471736205361,412522547.85,0.044959811911226666,-2.0
2024-02-27 00:00:00,0.0893879979848861,0.0999569967389106,0.088637001812458,0.0976710021495819,1806722811.0,1708992000,0.08749328660113466,0.08379792064428326,0.08541548500458394,73.71059979908793,0.002356722122575622,0.0013896124090235933,0.0009671097135520285,492189991.0,0.1442781466387726,-2.0
2024-02-28 00:00:00,0.0976729989051818,0.1211159974336624,0.0946070030331611,0.1165819987654686,3843947641.0,1709078400,0.09206000076872958,0.08531516045331951,0.08586460622874167,84.6020576894237,0.004506927273693534,0.0020130753819575815,0.0024938518917359525,671945943.3,0.3553998022776106,-2.0
2024-02-29 00:00:00,0.1164470016956329,0.1344089955091476,0.1118159964680671,0.1171849966049194,4799960277.0,1709164800,0.09678799978324341,0.08687304019927974,0.08628279813612345,84.81804050086006,0.006188302336278359,0.002848120772821737,0.003340181563456622,895262202.3,0.4018517311972749,-2.0
2024-03-01 00:00:00,0.1171670034527778,0.1452610045671463,0.1171670034527778,0.1395570039749145,3758449851.0,1709251200,0.10466271425996505,0.08932652026414868,0.08692276786373114,90.27072896225003,0.009219758573388276,0.004122448332935045,0.005097310240453231,1072537375.3,0.6386469278099574,-2.0
2024-03-02 00:00:00,0.139614000916481,0.150064006447792,0.136926993727684,0.1421210020780563,3588994520.0,1709337600,0.11265771410294938,0.09187272042036053,0.08756826283654776,90.68370378399646,0.011694298111279006,0.005636818288603837,0.006057479822675169,1236771923.4,0.588352290705614,-2.0
2024-03-03 00:00:00,0.1421310007572174,0.1557590067386627,0.12984000146389,0.1538359969854354,4012808483.0,1709424000,0.12233442813158033,0.09482200026512143,0.08832463652196551,92.29331186902733,0.014434301068206201,0.007396314844524311,0.00703798622368189,1419386081.25,0.7858211760367098,-2.0
2024-03-04 00:00:00,0.1539410054683685,0.1843069940805435,0.1487810015678405,0.1829099953174591,6348241494.0,1709510400,0.13569457083940503,0.09894356012344357,0.08937722233810805,94.72783225809819,0.018735826886379467,0.009664217252895343,0.009071609633484124,1715813986.7,1.1616734172282017,-2.0
2024-03-05 00:00:00,0.1828040033578872,0.2054390013217926,0.1301030069589615,0.1539369970560073,9368269377.0,1709596800,0.14373257011175153,0.10183788001537318,0.09013630314306774,70.74441127040107,0.01958121817165434,0.011647617436647143,0.007933600735007198,2152876679.65,0.8306436114434963,-2.0
2024-03-06 00:00:00,0.1539250016212463,0.1774329990148544,0.1469669938087463,0.1577910035848617,4497901224.0,1709683200,0.14961957080023627,0.10489160001277918,0.0909118789314019,71.76834888952207,0.02032785610205859,0.013383665169729431,0.006944190932329158,2345924391.05,0.8688087577895165,-2.0
2024-03-07 00:00:00,0.1577910035848617,0.1620409935712814,0.1470820009708404,0.1581210047006607,3006036407.0,1709769600,0.15546757195677072,0.10796872019767756,0.09169499011653837,71.85917049975791,0.020707497235093644,0.014848431582802276,0.005859065652291369,2474170147.3,0.8352871404156297,-2.0
2024-03-08 00:00:00,0.1581200063228607,0.1754949986934662,0.1554940044879913,0.1653469949960708,3976624455.0,1709856000,0.15915185638836446,0.11128879994153971,0.09252256583986856,73.84343803826008,0.021345386269041672,0.016147822520050155,0.005197563748991517,2655613436.85,0.9204287776786664,-2.0
2024-03-09 00:00:00,0.1653469949960708,0.1845429986715316,0.1643189936876297,0.1790830045938491,3451219764.0,1709942400,0.16443214246204915,0.11520856022834773,0.09348444467542144,77.14282850044675,0.022697654667894474,0.017457788949619017,0.005239865718275456,2813161848.55,1.0034121858493559,-2.0
2024-03-10 00:00:00,0.1790830045938491,0.1795880049467086,0.1659519970417022,0.1699199974536895,2274489696.0,1710028800,0.16672985681465688,0.11858364015817639,0.09432930326220962,70.7331238736429,0.022767509343360193,0.018519733028367253,0.00424777631499294,2893713832.5,0.7397179686296163,-2.0
2024-03-11 00:00:00,0.1699070036411285,0.1825090050697326,0.1625670045614242,0.1819649934768676,2905703482.0,1710115200,0.16659485655171524,0.12244800001382825,0.09530253550319957,73.81330634567749,0.023523634377629776,0.019520513298219758,0.004003121079410019,2998926073.75,0.5608326791765843,-2.0
2024-03-12 00:00:00,0.1819729954004287,0.1831080019474029,0.1601040065288543,0.1681440025568008,2524942571.0,1710201600,0.1686244287661143,0.12573324024677274,0.09607227289616456,65.31850000154407,0.022745435235611927,0.020165497685698194,0.0025799375499137335,3103403507.8,0.43485947372329514,-2.0
2024-03-13 00:00:00,0.1681520044803619,0.1738509982824325,0.1657920032739639,0.1691579967737198,1930415342.0,1710288000,0.17024828493595118,0.12915583997964855,0.09682894964711831,65.63101189418161,0.021957416241527555,0.02052388139686407,0.0014335348446634852,3181779505.75,0.21210682341766307,-2.0
2024-03-14 00:00:00,0.1691579967737198,0.1915120035409927,0.1656239926815033,0.1773300021886825,6047716785.0,1710374400,0.17299242743424,0.13284240007400508,0.09766193953427398,68.12394750122215,0.021741693344888346,0.020767443786468925,0.0009742495584194218,3464155891.55,0.24773959932599232,-2.0
2024-03-15 00:00:00,0.1773290038108825,0.1810570061206817,0.1540820002555847,0.1632310003042221,3584306802.0,1710460800,0.17269014247826162,0.13579255998134607,0.0983418486636094,60.033338445372905,0.02020020439126949,0.02065399590742904,-0.00045379151615955113,3627067116.1,0.061071553491320874,-2.0
2024-03-16 00:00:00,0.1632310003042221,0.1649360060691833,0.1384190022945404,0.1423680037260055,2400392026.0,1710547200,0.16744514235428395,0.1380415600538253,0.0987549598018328,50.47965605017863,0.017097998738846903,0.019942796473712613,-0.0028447977348657096,3732544052.8,-0.22164995150258904,-2.0
2024-03-17 00:00:00,0.1423639953136444,0.1587609946727752,0.1377319991588592,0.1543300002813339,2329294453.0,1710633600,0.16521799990109032,0.14083016008138652,0.099318474982724,54.91030435180922,0.015426880089780187,0.01903961319692613,-0.0036127331071459413,3822821873.05,0.002553013459029696,-2.0
2024-03-18 00:00:00,0.1543280035257339,0.1543319970369339,0.1401969939470291,0.1436730027198791,1657669949.0,1710720000,0.15974771550723482,0.14321352005004878,0.09974142449973807,50.56933477006589,0.01309166333601039,0.01785002322474298,-0.004758359888732591,3815369229.95,-0.0894727870679255,-2.0
2024-03-19 00:00:00,0.1436730027198791,0.145014002919197,0.1256300061941146,0.1287280023097992,2946516944.0,1710806400,0.15411685832909172,0.14498528003692623,0.10008833361695507,45.1756778565872,0.009920691050788244,0.016264156789952033,-0.006343465739163789,3770497695.1,-0.18588929691223177,-2.0
2024-03-20 00:00:00,0.1287350058555603,0.1528680026531219,0.1234529986977577,0.1521860063076019,3190645446.0,1710892800,0.15169228826250344,0.14762648016214366,0.10067773768396085,53.550195072874324,0.009194548513179246,0.014850235134597475,-0.005655686621418229,3690031953.55,-0.07959617705046074,-2.0
2024-03-21 00:00:00,0.1521860063076019,0.1587589979171753,0.1471890062093734,0.1552920043468475,2581283877.0,1710979200,0.14854400285652702,0.15039420038461682,0.1012723235921426,54.54035947971669,0.008768624163332184,0.013633912940344418,-0.004865288777012235,3631173654.85,-0.13284901211568534,-2.0
2024-03-22 00:00:00,0.1553000062704086,0.164902001619339,0.1455910056829452,0.1527030020952224,2672448713.0,1711065600,0.1470400031123842,0.15292676061391827,0.10182230340109928,53.51629942601359,0.008128465314594935,0.012532823415194523,-0.004404358100599588,3585346364.5,-0.10132412674476099,-2.0
2024-03-23 00:00:00,0.1527030020952224,0.1746190041303634,0.151855006814003,0.1617680042982101,2912614106.0,1711152000,0.1498114317655563,0.1554906406998634,0.10251688927110995,56.589708048718784,0.008257418354545187,0.011677742403064656,-0.0034203240485194686,3530336645.65,-0.11099381695757349,-2.0
2024-03-24 00:00:00,0.1617680042982101,0.1799000054597854,0.1617159992456436,0.1764529943466186,2848346890.0,1711238400,0.1529718594891684,0.1578854805231094,0.10331887909860318,61.079149927620776,0.00943580050247561,0.011229354022946846,-0.0017935535204712354,3355341915.45,0.0494159272021073,-2.0
2024-03-25 00:00:00,0.1764529943466186,0.1859990060329437,0.1701660007238388,0.175366997718811,2654389972.0,1711324800,0.1574995730604444,0.16021276056766506,0.1041498891632966,60.58018531270559,0.01016487167937688,0.011016457554232853,-0.0008515858748559726,3019647945.2,0.036705335033004216,-2.0
2024-03-26 00:00:00,0.175366997718811,0.1860570013523101,0.1749240010976791,0.1824859976768493,2877194654.0,1711411200,0.1651792866843087,0.16192992031574246,0.10506352548948439,62.72958035813572,0.011188139729962104,0.011050793989378704,0.00013734574058340068,2938612616.7,0.029075708704276337,-2.0
2024-03-27 00:00:00,0.1824859976768493,0.1912849992513656,0.1798429936170578,0.1903299987316131,4055908716.0,1711497600,0.17062842845916742,0.16385828018188472,0.1060739598340458,64.994443615433,0.012488077577610168,0.011338250707024999,0.0011498268705851696,2991106232.15,0.16601624922278968,-2.0
2024-03-28 00:00:00,0.1903170049190521,0.2265810072422027,0.1895730048418045,0.2200559973716735,6553128323.0,1711584000,0.179880427462714,0.1665070801973342,0.10737334364893457,71.95079811159925,0.015735537861696958,0.012217708137959391,0.0035178297237375665,3119931425.55,0.5456843645513392,-2.0
2024-03-29 00:00:00,0.2200559973716735,0.2243999987840652,0.2088100016117096,0.2134909927845001,3493454859.0,1711670400,0.1885644261326108,0.16773032009601585,0.1085701819622155,68.70360933177938,0.01757681791365201,0.013289530093097916,0.004287287820554094,3122043180.3,0.38334084361640275,-2.0
2024-03-30 00:00:00,0.2134239971637725,0.2165160030126571,0.1978469938039779,0.1994339972734451,2403795719.0,1711756800,0.19394528227193011,0.16955020010471336,0.10962307084389404,62.22773960853051,0.01769775486044259,0.01417117504656685,0.003526579813875738,3128508481.45,0.38811045567331703,-2.0
2024-03-31 00:00:00,0.199413001537323,0.22393299639225,0.1993339955806732,0.2200639992952346,2414867092.0,1711843200,0.20017542583601808,0.1720411199331283,0.11090086882162573,67.12522144486873,0.019236520380487426,0.015184244113350967,0.004052276267136459,3103966661.95,0.7095270286695237,-2.0
2024-04-01 00:00:00,0.2200649976730346,0.2200679928064346,0.1981080025434494,0.2055699974298477,3408206742.0,1711929600,0.2044901400804519,0.17393907964229577,0.11204910112751851,61.128456643815994,0.019066669623392124,0.0159607292153592,0.003105940408032925,3148129870.5,0.3507812079275201,-2.0
2024-04-02 00:00:00,0.2055750042200088,0.2055770009756088,0.1804679930210113,0.1823039948940277,3855758084.0,1712016000,0.20446413968290594,0.17461735963821404,0.11293652533280725,52.95091286949577,0.01686033427382594,0.01614065022705255,0.0007196840467733889,3244397007.6,0.17394321530455903,-2.0
2024-04-03 00:00:00,0.1823019981384277,0.187402993440628,0.1705060005187988,0.1755470037460327,3112605374.0,1712102400,0.20235228325639448,0.1744759196043014,0.11378693949393548,50.82440021698609,0.014400564158812107,0.015792633013404462,-0.001392068854592355,3097641437.05,0.14959759361224112,-2.0
2024-04-04 00:00:00,0.1755470037460327,0.1880999952554702,0.1722619980573654,0.1799259930849075,2153623709.0,1712188800,0.1966194255011422,0.17487615942955015,0.11465913132585656,52.16513925432695,0.012658605934380313,0.015165827597599633,-0.00250722166321932,3026107282.4,0.11224709648531106,-2.0
2024-04-05 00:00:00,0.1799259930849075,0.1804800033569336,0.1680369973182678,0.1775179952383041,1914940616.0,1712275200,0.19148042585168562,0.1746982795000076,0.11552412115564245,51.33627045315711,0.010957475235915476,0.014324157125262802,-0.0033666818893473265,3001834711.9,0.006035606795050885,-2.0
2024-04-06 00:00:00,0.1775210052728653,0.1876859962940216,0.1767899990081787,0.1859509944915771,1620171667.0,1712361600,0.18955428259713306,0.17541055917739865,0.11648283823572018,54.08762065814733,0.010172526905631002,0.013493831081336444,-0.003321304175705442,2966378572.6,0.06035341261721783,-2.0
2024-04-07 00:00:00,0.1859489977359771,0.2048110067844391,0.1858029961585998,0.1991080045700073,2643420654.0,1712448000,0.18656056906495774,0.17660855948925014,0.11758344432320252,58.070691343810296,0.010491174722569163,0.012893299809582988,-0.0024021250870138247,3015666107.85,0.09108647844089734,-2.0
2024-04-08 00:00:00,0.1991059929132461,0.2086900025606155,0.1958850026130676,0.2026399970054626,2106344172.0,1712534400,0.18614199757575986,0.17762095928192134,0.11872655537092319,59.096568128747116,0.01090302440621721,0.012495244728909833,-0.0015922203226926227,2973657469.25,0.06467713106649042,-2.0
2024-04-09 00:00:00,0.2026399970054626,0.203243002295494,0.1863609999418258,0.1890009939670562,2078490138.0,1712620800,0.18709871172904965,0.17865175902843472,0.11970612098171247,53.63892526864317,0.010013436031011957,0.011998882989330259,-0.0019854469583183015,2918049703.85,-0.1411231858051365,-2.0
2024-04-10 00:00:00,0.1890009939670562,0.201675996184349,0.1817619949579239,0.19998399913311,2662343295.0,1712707200,0.1905897110700607,0.1809563988447189,0.12080490882649561,57.07656651053276,0.010078489014898051,0.011614804194443818,-0.001536315179545767,2922102674.75,-0.0632672764092872,-2.0
2024-04-11 00:00:00,0.19998399913311,0.2031199932098388,0.1904419958591461,0.1940110027790069,2179869259.0,1712793600,0.19260185531207488,0.18254363894462583,0.12193590884256839,54.70104784759799,0.009538123535109438,0.011199468062576943,-0.001661344527467504,2897473702.05,-0.02719192599345388,-2.0
2024-04-12 00:00:00,0.1940110027790069,0.2004279941320419,0.1625130027532577,0.1745969951152801,3611512055.0,1712880000,0.1921845695802143,0.18378059864044186,0.12284970674851922,47.7453694253574,0.007457367934919551,0.010451048037045465,-0.002993680102125914,2932418599.5,-0.206608097306078,-2.0
2024-04-13 00:00:00,0.1746120005846023,0.1755719929933548,0.1321949958801269,0.1531679928302765,4750917199.0,1712966400,0.1875012836285999,0.18475819826126094,0.12356076728213912,41.47614682421658,0.004032725981153146,0.009167383625867002,-0.005134657644713856,3027547114.95,-0.2549107615640934,-2.0
2024-04-14 00:00:00,0.1531679928302765,0.1644860059022903,0.1444820016622543,0.1622850000858307,3723264167.0,1713052800,0.1822408544165747,0.1851621580123901,0.12438522181426631,44.797219781001296,0.002030927582136466,0.007740092417120895,-0.005709164834984429,3080990824.7,-0.10981105937823221,-2.0
2024-04-15 00:00:00,0.1622850000858307,0.1688899993896484,0.1508840024471283,0.1613689959049224,3604719833.0,1713139200,0.17634499711649756,0.1854052376747131,0.12522506013964158,44.52383902078975,0.0003663509806448306,0.006265344129825682,-0.005898993149180852,3117367083.65,-0.08076473843792797,-2.0
2024-04-16 00:00:00,0.1613689959049224,0.1622370034456253,0.1469080001115799,0.1559890061616897,2473810383.0,1713225600,0.171628998858588,0.1855366778373718,0.125978787439038,42.86909846567663,-0.001371152387284802,0.004738044826403586,-0.0061091972136883875,3038262167.0,-0.13303795917870453,-2.0
2024-04-17 00:00:00,0.1559900045394897,0.1585109978914261,0.1448359936475753,0.1476050019264221,1972027907.0,1713312000,0.16414628497191833,0.18497015774250028,0.12666911067384656,40.352235168024755,-0.0033856279861993466,0.0031133102638829994,-0.0064989382500823464,2809207146.2,-0.16850682248707316,-2.0
2024-04-18 00:00:00,0.1476060003042221,0.1537169963121414,0.14130699634552,0.1524479985237121,1947482132.0,1713398400,0.15820871293544767,0.18400995790958402,0.1273711914516458,42.4539703802633,-0.004539002268343417,0.001582847757437716,-0.006121850025781133,2731908509.85,-0.18017110400225667,-2.0
2024-04-19 00:00:00,0.1524479985237121,0.1569059938192367,0.1396439969539642,0.1562680006027221,2186567402.0,1713484800,0.15559028514793938,0.18324599802494043,0.12809485814186053,44.12631306627522,-0.005086187055534208,0.000249040794843331,-0.005335227850377539,2721047094.0,-0.21515962685579748,-2.0
2024-04-20 00:00:00,0.1562680006027221,0.1648419946432113,0.1509419977664947,0.1628270000219345,1649509831.0,1713571200,0.15697014331817624,0.18245963811874383,0.12893102987848143,46.975650825828595,-0.004933705814842981,-0.0007875085270939315,-0.00414619728774905,2682779230.95,-0.19647156322478054,-2.0
2024-04-21 00:00:00,0.1628260016441345,0.1654780060052871,0.1556060016155243,0.1582600027322769,1293159346.0,1713657600,0.15639514369624,0.18117683827877037,0.12971221173953526,45.24547745447324,-0.0051223347597459945,-0.0016544737736243441,-0.00346786098612165,2577026861.15,-0.16264989188436552,-2.0
2024-04-22 00:00:00,0.1582590043544769,0.1633609980344772,0.1568430066108703,0.1611939966678619,1251987179.0,1713744000,0.15637014380523134,0.1788223582506179,0.130532575376106,46.6060509361042,-0.004977695986563557,-0.002319118216212187,-0.0026585777703513704,2446838315.9,-0.193965530409407,-2.0
2024-04-23 00:00:00,0.1611939966678619,0.1628679931163787,0.1571689993143081,0.1599439978599548,1047860346.0,1713830400,0.1569351426192692,0.17668047845363613,0.13132872688348843,46.080692066219726,-0.00490736413485407,-0.0028367673999405638,-0.002070596734913506,2343601064.5,-0.17559315931095398,-2.0
2024-04-24 00:00:00,0.1599439978599548,0.1640940010547638,0.1495289951562881,0.1513539999723434,1524749099.0,1713916800,0.15747071376868654,0.17475727856159207,0.13203624206962003,42.532532460880105,-0.005481578451360075,-0.003365729610224466,-0.002115848841135609,2312157334.0,-0.1331236836440982,-2.0
2024-04-25 00:00:00,0.1513559967279434,0.1541810035705566,0.1477530002593994,0.1513939946889877,1078441792.0,1714003200,0.15732014179229734,0.17201047837734218,0.13275229253552173,42.55471099425157,-0.005865802870641146,-0.003865744262307802,-0.0020000586083333436,2270332392.8,-0.01158204209971292,-2.0
2024-04-26 00:00:00,0.1513939946889877,0.1517270058393478,0.1470610052347183,0.1478369981050491,877813549.0,1714089600,0.15611571286405831,0.16970115840435024,0.13345784806843955,41.037799180725685,-0.006383735657450318,-0.004369342541336306,-0.0020143931161140122,2233214486.9,-0.08902857302363254,-2.0
2024-04-27 00:00:00,0.1478369981050491,0.1493639945983886,0.1432989984750747,0.1477160006761551,847646783.0,1714176000,0.15395699867180412,0.16831763863563534,0.13415663599064853,40.98428025614204,-0.006726426545631936,-0.004840759342195432,-0.0018856672034365043,2143425793.35,-0.08460730112500403,-2.0
2024-04-28 00:00:00,0.1477160006761551,0.1509599983692169,0.1463010013103485,0.146698996424675,638063324.0,1714262400,0.1523054263421467,0.16716371834278104,0.13475068643538635,40.506118046192555,-0.006999390668449179,-0.005272485607446181,-0.0017269050610029977,2070011750.95,-0.05955554154492915,-2.0
2024-04-29 00:00:00,0.146698996424675,0.147949993610382,0.1399050056934356,0.1434919983148574,1030579266.0,1714348800,0.14977656943457465,0.16570635855197902,0.13533875714949883,38.96241273333951,-0.007389315221656728,-0.005695851530288291,-0.0016934636913684374,2017616207.35,-0.02786493382937616,-2.0
2024-04-30 00:00:00,0.1434919983148574,0.1459019929170608,0.1297619938850402,0.1333270072937011,1342359702.0,1714435200,0.1459741422108241,0.1639387190341949,0.13587396938090368,34.47733072448392,-0.008421485420624902,-0.006240978308355614,-0.0021805071122692884,1951617027.7,-0.12542631858191888,-2.0
2024-05-01 00:00:00,0.1333270072937011,0.1337240040302276,0.1203479990363121,0.1301340013742447,2135887034.0,1714521600,0.14294271383966714,0.16170603930950161,0.13639901992347503,33.185085618621,-0.009388907155036624,-0.0068705640776918165,-0.002518343077344808,1949417916.45,-0.16723832856169651,-2.0
2024-05-02 00:00:00,0.1301340013742447,0.1342539936304092,0.1242270022630691,0.1321060061454773,1308884973.0,1714608000,0.14018728690487994,0.1590259593725204,0.13693528261148566,34.81019962502023,-0.009882551641499787,-0.007472961590453411,-0.002409590051046376,1834286562.35,-0.1886726026538521,-2.0
2024-05-03 00:00:00,0.1321090012788772,0.1477620005607605,0.1314219981431961,0.1461459994316101,1266276714.0,1714694400,0.13994571566581723,0.1567661994695663,0.13762430282253205,45.056565168551835,-0.009036689006740956,-0.00778570707371092,-0.0012509819330300351,1660054538.1,-0.07654494560548963,-2.0
2024-05-04 00:00:00,0.1461420059204101,0.1690919995307922,0.1461060047149658,0.1601569950580597,2791346636.0,1714780800,0.14172300057751788,0.15561243951320644,0.1384349694155683,52.99634727310873,-0.00715330764455796,-0.007659227187880329,0.0005059195433223685,1613458661.55,-0.006433252051805338,-2.0
2024-05-05 00:00:00,0.1601569950580597,0.1631300002336502,0.1549780070781707,0.1610680073499679,1506950274.0,1714867200,0.14377571642398831,0.15405579984188075,0.1392524038450886,53.467207294850766,-0.005523531435577933,-0.0072320880374198504,0.0017085566018419174,1508570183.6,0.007027519038240282,-2.0
2024-05-06 00:00:00,0.1610659956932068,0.1689410060644149,0.154445007443428,0.1566080003976822,1747675308.0,1714953600,0.145649431007249,0.15255967974662776,0.140038211914626,50.78500405269685,-0.00453947904655283,-0.006693566239246447,0.002154087192693617,1472263429.85,0.03471332390487758,-2.0
2024-05-07 00:00:00,0.1566080003976822,0.1598020046949386,0.149737998843193,0.150189995765686,1139969527.0,1715040000,0.14805842936038968,0.151583399772644,0.14073418156065118,47.12168951206326,-0.004228743452614869,-0.006200601681920132,0.001971858229305263,1430660510.85,-0.007952752193210122,-2.0
2024-05-08 00:00:00,0.150189995765686,0.1519210040569305,0.1422110050916671,0.1432940065860748,1159774226.0,1715126400,0.14993843010493685,0.15118844032287593,0.14137631293499106,43.49153829889364,-0.004487206230067015,-0.005857922591549509,0.0013707163614824942,1391275115.55,-0.03072973326843509,-2.0
2024-05-09 00:00:00,0.1432940065860748,0.1539829969406128,0.1431580036878585,0.1521169990301132,1093467705.0,1715212800,0.15279714337417055,0.15078172028064724,0.14211725232878114,48.91414998630378,-0.003934740846722323,-0.005473286242584072,0.0015385453958617484,1336620130.7,0.029793646821014486,-2.0
2024-05-10 00:00:00,0.1521169990301132,0.1530479937791824,0.1425250023603439,0.1440310031175613,1056928481.0,1715299200,0.15249500104359215,0.1500882005691528,0.14277082809595143,44.68227712025171,-0.004102093957106284,-0.0051990477854885146,0.0010969538283822303,1306991063.2,-0.018186854526190288,-2.0
2024-05-11 00:00:00,0.1440310031175613,0.1460369974374771,0.1427070051431656,0.1429239958524704,533516788.0,1715385600,0.15003314401422224,0.14956560015678405,0.1434141715066601,44.119507821159566,-0.004274771828757878,-0.005014192594142387,0.0007394207653845086,1269008935.3,-0.00395842603808938,-2.0
2024-05-12 00:00:00,0.1429249942302703,0.1443890035152435,0.1400160044431686,0.1412310004234314,601107964.0,1715472000,0.1471992858818599,0.14931064009666442,0.14404629268730526,43.22290712645255,-0.004496399177482263,-0.004910633910810362,0.00041423473332809907,1236464974.55,0.0592827611612019,-2.0
2024-05-13 00:00:00,0.1412310004234314,0.1568250060081482,0.1360429972410202,0.1484339982271194,1918835792.0,1715558400,0.1460315712860652,0.1491500800848007,0.14475534314459018,48.05926758252851,-0.004044199706502216,-0.004737347069948734,0.0006931473634465175,1280013746.85,0.14062425391997913,-2.0
2024-05-14 00:00:00,0.1484329998493194,0.1547649949789047,0.1443610042333603,0.1454190015792846,1899294334.0,1715644800,0.14535000068800788,0.14871612012386318,0.1454341209145507,46.28214564092061,-0.0038843371788493952,-0.004566745091728866,0.0006824079128794711,1298741008.6,0.10077509586616995,-2.0
2024-05-15 00:00:00,0.1454190015792846,0.1569889932870865,0.1454000025987625,0.1555259972810745,1767635344.0,1715731200,0.14709742793015068,0.1484240800142288,0.14621250474392763,52.608589347064786,-0.0029085667416127725,-0.004235109421705648,0.0013265426800928752,1333200686.2,0.06418237848415287,-2.0
2024-05-16 00:00:00,0.1555290073156356,0.1590249985456466,0.149069994688034,0.1496369987726211,1374063837.0,1715817600,0.14674314217908038,0.14807915985584255,0.14691485825813175,48.98834561427273,-0.0025807058328668475,-0.003904228703937888,0.0013235228710710405,1358013200.6,-0.06568552489152857,-2.0
2024-05-17 00:00:00,0.1496369987726211,0.1563639938831329,0.1495169997215271,0.1555629968643188,1112782871.0,1715904000,0.1483905698571886,0.14785391986370083,0.147679423894545,52.528474608510926,-0.0018216958049348253,-0.0034877221241372755,0.0016660263192024502,1371270005.0,-0.03417817464946871,-2.0
2024-05-18 00:00:00,0.1555629968643188,0.1568720042705536,0.1516570001840591,0.1530770063400268,771261615.0,1715990400,0.14984099992683952,0.14757924020290372,0.1484016259812345,50.93163983053088,-0.0014045823968981686,-0.003071094178689454,0.0016665117817912856,1377929919.55,-0.02254670290591132,-2.0
2024-05-19 00:00:00,0.1530770063400268,0.1559640020132064,0.1479569971561432,0.1491069942712783,786457296.0,1716076800,0.15096614190510335,0.14748935997486112,0.1490850501289271,48.40118699387351,-0.001378473625181037,-0.002732570067987771,0.001354096442806734,1365723821.05,-0.007210876389512122,-2.0
2024-05-20 00:00:00,0.1491069942712783,0.1659449934959411,0.1480990052223205,0.1656879931688308,1512244150.0,1716163200,0.15343099832534784,0.14806111991405482,0.14993853490762032,57.82575497856683,-1.9608166906381896e-05,-0.002189977687771493,0.002170369520865111,1374218043.45,0.15627999465074782,-2.0
2024-05-21 00:00:00,0.1656879931688308,0.1726299971342086,0.1609050035476684,0.1704739928245544,2792364765.0,1716249600,0.15701028278895782,0.14896659970283505,0.15082872674019646,60.09161239754819,0.0014270426138725534,-0.0014665736274426838,0.0028936162413152372,1407041930.0,0.1206768074014346,-2.0
2024-05-22 00:00:00,0.1704739928245544,0.1740950047969818,0.1622440069913864,0.1661629974842071,1978486152.0,1716336000,0.15852985424654817,0.14970447957515712,0.15168806007414148,57.11498221671279,0.0022002988096817,-0.0007331991400178072,0.002933497949699507,1440521988.95,0.15366132212924444,-2.0
2024-05-23 00:00:00,0.1661629974842071,0.1691419929265976,0.1534029990434646,0.1596129983663559,2243999960.0,1716422400,0.15995499704565314,0.15022103965282438,0.1524362418838221,52.832819343502095,0.0022585446310747215,-0.00013485038579930147,0.002393395016874023,1489408151.25,0.11676837338855472,-2.0
2024-05-24 00:00:00,0.1596129983663559,0.1727010011672973,0.1561609953641891,0.1638029962778091,3012763365.0,1716508800,0.1611321398190089,0.15103347957134244,0.15322863581505683,55.149355446073834,0.0026126852689079827,0.0004146567451421554,0.0021980285237658275,1500478987.7,0.15982323842997292,-2.0
2024-05-25 00:00:00,0.1638039946556091,0.1740860044956207,0.1629589945077896,0.1739600002765655,1489582490.0,1716595200,0.16411542466708587,0.152658799290657,0.15411698938620205,60.24633435186189,0.003670617024730455,0.0010658488010598154,0.0026047682236706397,1499610598.5,0.17196870228065064,-2.0
2024-05-26 00:00:00,0.1739609986543655,0.1745499968528747,0.1657080054283142,0.1662199944257736,1359410362.0,1716681600,0.1665601389748709,0.15410223901271816,0.154951605456646,55.10695245294956,0.0038402141783774046,0.0016207218765233334,0.0022194923018540712,1480197351.2,0.14304178010153623,-2.0
2024-05-27 00:00:00,0.1662199944257736,0.1730359941720962,0.1643649935722351,0.1690900027751922,1404874711.0,1716768000,0.16704614034720827,0.15558159887790676,0.1557993226581149,56.58585010312152,0.0041582728516626755,0.002128232071551202,0.0020300407801114736,1493442610.4,0.08721375031342293,-2.0
2024-05-28 00:00:00,0.1690900027751922,0.1693300008773803,0.1617960035800933,0.1649619936943054,1410223091.0,1716854400,0.16625871190002983,0.1563342386484146,0.15656179731542408,53.838619515331466,0.004030776525400459,0.0025087409623210533,0.0015220355630794057,1505965053.65,0.10241447668281012,-2.0
2024-05-29 00:00:00,0.1649640053510666,0.1702689975500106,0.1622200012207031,0.1636949926614761,1525668595.0,1716940800,0.16590613978249683,0.15647575855255125,0.15734515075731753,52.98828821286112,0.0037838801586114745,0.002763768801579138,0.0010201113570323366,1527575098.15,0.05227461517889109,-2.0
2024-05-30 00:00:00,0.1636960059404373,0.1654070019721985,0.1565950065851211,0.1595440059900283,1452218159.0,1717027200,0.16589628372873572,0.15641479849815365,0.1581020094077996,50.19135421485671,0.003216188852907892,0.002854252811844889,0.000361936041063003,1547339582.05,0.04224670840267475,-2.0
2024-05-31 00:00:00,0.1595389991998672,0.1622260063886642,0.1549070030450821,0.1591359972953796,945969518.0,1717113600,0.1652295695883887,0.15651591837406154,0.15886005985014362,49.91247624570845,0.002702217035442711,0.0028238456565644536,-0.00012162862112174251,1567962218.55,0.06726044658813923,-2.0
2024-06-01 00:00:00,0.1591359972953796,0.161322996020317,0.158390998840332,0.1601999998092651,496035603.0,1717200000,0.1632638552359172,0.1569163185358047,0.15962537295288506,50.68204647728133,0.0023536157603546715,0.0027297996773224973,-0.0003761839169678259,1562708600.5,-0.03312245658002255,-2.0
2024-06-02 00:00:00,0.1601999998092651,0.1611939966678619,0.1549600064754486,0.1572010070085525,585756299.0,1717286400,0.16197542846202845,0.1574725985527038,0.1603429992542122,48.42368236751753,0.0018144373782732759,0.0025467272175126532,-0.0007322898392393773,1496054625.85,-0.07785930038995426,-2.0
2024-06-03 00:00:00,0.1572010070085525,0.1632110029458999,0.156027004122734,0.158281996846199,929987302.0,1717372800,0.16043142761502943,0.15771919846534724,0.16107212044674937,49.30062919537622,0.0014575596314602146,0.0023288937003021655,-0.0008713340688419509,1447589274.25,-0.04742933599736687,-2.0
2024-06-04 00:00:00,0.158281996846199,0.1617439985275268,0.157162994146347,0.1614499986171722,760727969.0,1717459200,0.15992971403258185,0.15841595828533167,0.16180000935841085,51.882725506144084,0.0014140622829924288,0.0021459274168402183,-0.0007318651338477896,1397243905.5,0.011509089294844843,-2.0
2024-06-05 00:00:00,0.1614499986171722,0.1647240072488784,0.1612920016050338,0.163234993815422,820053785.0,1717545600,0.15986399991171693,0.15922839820384974,0.16246227190049004,53.32513720898369,0.0015062612732784364,0.0020179941881278618,-0.0005117329148494254,1369543402.9,-0.003467595070262064,-2.0
2024-06-06 00:00:00,0.163234993815422,0.1651699990034103,0.1586569994688034,0.1601590067148208,893170339.0,1717632000,0.1599518571581159,0.15998551845550532,0.16290244369795825,50.514919145685695,0.0013159536904257807,0.0018775860885874456,-0.0005616323981616649,1358562776.3,-0.0793342925948699,-2.0
2024-06-07 00:00:00,0.1601579934358596,0.1620189994573593,0.1431179940700531,0.1483030021190643,1581768204.0,1717718400,0.15840428641864226,0.1599802786111831,0.16321676698597992,41.44816430693278,0.00020607754020532387,0.0015432843789110213,-0.0013372068387056974,1399088105.75,-0.10779083688821933,-2.0
2024-06-08 00:00:00,0.1482959985733032,0.1485829949378967,0.1440100073814392,0.1460590064525604,872877278.0,1717804800,0.1563841445105416,0.16000587880611417,0.1632824437786834,39.98531018998301,-0.0008448402094629326,0.0010656594612362307,-0.0019104996706991633,1403409104.85,-0.1362055470142246,-2.0
2024-06-09 00:00:00,0.1460449993610382,0.1490889936685562,0.1451999992132187,0.1467739939689636,656320138.0,1717891200,0.15489457121917177,0.15965579867362972,0.16332944369677338,40.703412863987786,-0.0016015449669034565,0.0005322185756082932,-0.00213376354251175,1360612904.25,-0.11025569780058775,-2.0
2024-06-10 00:00:00,0.1467670053243637,0.1478199958801269,0.1434669941663742,0.1447400003671646,752565082.0,1717977600,0.1529600002935954,0.15945991873741147,0.16323756494305347,39.26408329576826,-0.002338409494763577,-4.190703846608079e-05,-0.002296502456297496,1258622920.1,-0.11579457615732158,-2.0
2024-06-11 00:00:00,0.1447419971227646,0.1450469940900802,0.1341030001640319,0.1381040066480636,1271975142.0,1718064000,0.14962485858372276,0.15876155912876125,0.16278497919891816,34.92492075477465,-0.003418443487120587,-0.0007172143281969822,-0.002701229158923605,1223297369.6,-0.13438298235600732,-2.0
2024-06-12 00:00:00,0.1380970031023025,0.1503250002861023,0.1350300014019012,0.1461959928274154,1274848212.0,1718150400,0.14719071558543612,0.1584863185882568,0.1627067872370132,43.17210795396412,-0.003580152777513307,-0.0012898020180602471,-0.0022903507594530595,1174839782.2,-0.08131412557741835,-2.0
2024-06-13 00:00:00,0.1461970061063766,0.146353006362915,0.1403809934854507,0.1410599946975708,790003626.0,1718236800,0.14446228529725752,0.1581644386053085,0.16253778714724257,39.73044028067207,-0.004075757881170261,-0.00184699319068225,-0.002228764690488011,1063701795.25,-0.1194756874811641,-2.0
2024-06-14 00:00:00,0.1410460025072097,0.143213003873825,0.1321640014648437,0.1349699944257736,859600884.0,1718323200,0.1425575699125017,0.1569357186555862,0.16230393855860736,36.05961355554086,-0.004903417082285089,-0.002458277969002818,-0.0024451391132822705,1032202714.95,-0.14141774919781158,-2.0
2024-06-15 00:00:00,0.1349750012159347,0.1372770071029663,0.1343580037355423,0.1365659981966018,476136328.0,1718409600,0.1412014258759362,0.1555793988704681,0.16201322141921878,37.684554185618445,-0.00536867208625727,-0.0030403567924537087,-0.0023283152938035614,988039013.25,-0.1371981595019831,-2.0
2024-06-16 00:00:00,0.1365759968757629,0.1373469978570938,0.1348190009593963,0.1369370073080063,385407083.0,1718496000,0.139796142067228,0.15441035926342006,0.16158750427491733,38.07850231155449,-0.0056424104983028855,-0.0035607675336235445,-0.002081642964679341,937065631.85,-0.15183023548541963,-2.0
2024-06-17 00:00:00,0.1369400024414062,0.1380230039358139,0.1264950037002563,0.1288889944553375,960646592.0,1718582400,0.13753171265125272,0.15318139910697934,0.1611730496991764,33.17857309616433,-0.006434583664097909,-0.004135530759718418,-0.0022990529043794916,914586806.9,-0.21040831109364488,-2.0
2024-06-18 00:00:00,0.1288660019636154,0.1291030049324035,0.1153919994831085,0.1222959980368614,1413960450.0,1718668800,0.13527342570679526,0.15152111917734143,0.16057033257351977,29.796002903578426,-0.007507840603284688,-0.004809992728431672,-0.002697847874853016,909001399.65,-0.23640886300811226,-2.0
2024-06-19 00:00:00,0.1222790032625198,0.1265079975128173,0.121578998863697,0.1223409995436668,642487745.0,1718755200,0.1318655695234026,0.14945635914802546,0.1601076759774275,29.84857490491143,-0.008259562123719671,-0.005499906607489272,-0.0027596555162303993,868514878.95,-0.17506053285795287,-2.0
2024-06-20 00:00:00,0.1223409995436668,0.1282660067081451,0.1214540004730224,0.1244190037250518,734399819.0,1718841600,0.129488285098757,0.1477843195199966,0.1596557669567339,32.36714720217334,-0.008588624951485962,-0.0061176502762886106,-0.002470974675197352,857936394.0,-0.14815931761481083,-2.0
2024-06-21 00:00:00,0.1244300007820129,0.1254999935626983,0.1216169968247413,0.1240290030837059,598393023.0,1718928000,0.1279252863356045,0.14598187953233716,0.1591173730263806,32.13397010209353,-0.008779672802732313,-0.006650054781577352,-0.0021296180211549613,863054265.0,-0.15496608268401613,-2.0
2024-06-22 00:00:00,0.1240380033850669,0.1253650039434433,0.1229590028524398,0.1237889975309372,328642106.0,1719014400,0.12610000052622383,0.14433495968580243,0.15871896895796359,31.981277521916894,-0.00884844665845691,-0.007089733156953265,-0.0017587135015036453,850198555.35,-0.14474922470001816,-2.0
2024-06-23 00:00:00,0.1237829998135566,0.1261200010776519,0.1218269988894462,0.1222570016980171,429188641.0,1719100800,0.12400285686765396,0.14267744004726407,0.15851582752333743,30.969672133761975,-0.008923702803790845,-0.007456527086320781,-0.0014671757174700636,825158622.3,-0.11474688775996267,-2.0
2024-06-24 00:00:00,0.122248999774456,0.1236750036478042,0.1147309988737106,0.1190430000424385,951099440.0,1719187200,0.12259628623723981,0.14105739980936047,0.15815939317749,28.90406623518747,-0.00913735714882749,-0.007792693098822124,-0.0013446640500053668,834677195.85,-0.18573007549551013,-2.0
2024-06-25 00:00:00,0.1190330013632774,0.1282359957695007,0.1188950017094612,0.1261530071496963,783244352.0,1719273600,0.12314728753907336,0.13973808020353315,0.15798242352526592,38.65214175247421,-0.008633440673860404,-0.00796084261382978,-0.0006725980600306245,832836724.2,-0.10567835040568896,-2.0
2024-06-26 00:00:00,0.1261499971151352,0.1285219937562942,0.121919997036457,0.1226790025830268,526276880.0,1719360000,0.12319557368755338,0.13823724031448362,0.1579213225179248,36.051153889413484,-0.00841737609994403,-0.00805214931105263,-0.00036522678889139987,814492051.25,-0.09106462436364837,-2.0
2024-06-27 00:00:00,0.1226719990372657,0.1281149983406067,0.1206300035119056,0.126910999417305,616932730.0,1719446400,0.12355157307216098,0.13702564001083373,0.1576660194180228,41.23863216806896,-0.00781457503559485,-0.008004634455961075,0.00019005942036622384,766250277.55,-0.07069840887771628,-2.0
2024-06-28 00:00:00,0.126910001039505,0.1279760003089904,0.1223609969019889,0.1227890029549598,634763078.0,1719532800,0.12337443019662582,0.13560592025518414,0.1573377062726502,38.004858210393266,-0.007582060243877614,-0.007920119613544383,0.00033805936966676935,754344567.55,-0.10331761027334274,-2.0
2024-06-29 00:00:00,0.1227950006723404,0.1241210028529167,0.1213890016078949,0.1216989979147911,285391178.0,1719619200,0.12307585882289065,0.13401588022708888,0.1570245345132519,37.17470451152347,-0.007400437259339088,-0.007816183142703324,0.0004157458833642363,735798119.55,-0.055784410227809444,-2.0
2024-06-30 00:00:00,0.1216989979147911,0.1253329962491989,0.1204520016908645,0.1243050023913383,369166834.0,1719705600,0.12336843035050797,0.13245868057012555,0.15664612035257644,40.51990665780559,-0.00696591818489814,-0.007646130151142287,0.0006802119662441472,716628207.15,0.016427392447227573,-2.0
2024-07-01 00:00:00,0.1243039965629577,0.1272359937429428,0.1232480034232139,0.1234420016407966,452573746.0,1719792000,0.1239968591502734,0.13099000036716457,0.15611065577979036,39.76480165639774,-0.006614942694312148,-0.00743989265977626,0.0008249499654641116,675658137.35,0.008999453177892525,-2.0
2024-07-02 00:00:00,0.1234389990568161,0.1250939965248108,0.1224619969725608,0.1250160038471222,408063753.0,1719878400,0.12383443010704855,0.13005852043628688,0.15560205988209652,41.89174343836849,-0.0061390165049517165,-0.007179717428811351,0.001040700923859635,632318914.4,0.004798303347530952,-2.0
2024-07-03 00:00:00,0.1250189989805221,0.1253259927034378,0.1170450001955032,0.1184709966182708,657681923.0,1719964800,0.12323328639779767,0.1289550000429153,0.15495544370978767,36.17210566194286,-0.0062182883975839265,-0.006987431622565867,0.0007691432249819401,625702829.25,-0.044812151410134726,-2.0
2024-07-04 00:00:00,0.1184479966759681,0.1189479976892471,0.104431003332138,0.1048870012164115,1239123198.0,1720051200,0.12008700094052717,0.12727952033281323,0.15409238312882603,27.71447336363201,-0.007293155885149713,-0.007048576475082636,-0.0002445794100670766,644678944.95,-0.15269528545783506,-2.0
2024-07-05 00:00:00,0.1048529967665672,0.1064179986715316,0.0937950015068054,0.1055940017104148,1709690679.0,1720137600,0.11763057219130647,0.12571368038654324,0.1529362013544699,28.649552963593834,-0.007995776744716368,-0.007238016529009383,-0.0007577602157069849,706356662.5,-0.13629485228797789,-2.0
2024-07-06 00:00:00,0.1055850014090538,0.1140789985656738,0.1049349978566169,0.1136149987578392,842720114.0,1720224000,0.11647571516888477,0.12473412007093426,0.15192735292995815,38.38734468830477,-0.007815291593930268,-0.007353471541993561,-0.0004618200519367075,729222314.05,-0.04559697993720102,-2.0
2024-07-07 00:00:00,0.1135770007967948,0.1135770007967948,0.1037330031394958,0.1042319983243942,641031095.0,1720310400,0.11360814315932131,0.12305556029081341,0.15096571657693744,32.75555079106613,-0.008333324156023031,-0.007549442064799455,-0.0007838820912235761,713241539.2,-0.17376524999748977,-2.0
2024-07-08 00:00:00,0.1042350009083747,0.1110209971666336,0.0991630032658577,0.1075809970498085,1023119021.0,1720396800,0.11134228536060875,0.12171640038490292,0.14982952463506444,36.345166806457755,-0.008377066872945593,-0.0077149670264286836,-0.0006620998465169097,693699467.75,-0.1230691904509108,-2.0
2024-07-09 00:00:00,0.1075699999928474,0.1092199981212616,0.1061379984021186,0.1075130030512809,572733013.0,1720483200,0.10884185667548855,0.1206181207299232,0.14883904994437183,36.3027954951003,-0.008321297105483183,-0.007836233042239583,-0.0004850640632435999,690211731.15,-0.15284724298987018,-2.0
2024-07-10 00:00:00,0.1075190007686615,0.1104300022125244,0.1059039980173111,0.1080219969153404,552090147.0,1720569600,0.1073491424322128,0.11947636067867276,0.1480887267324659,36.895870563211794,-0.00814216974745538,-0.007897420383282743,-0.0002447493641726372,681096247.55,-0.12026326205316684,-2.0
2024-07-11 00:00:00,0.108024001121521,0.1121790036559104,0.1063110008835792,0.1066669970750808,546104180.0,1720656000,0.10760342755487982,0.11826556026935574,0.14739296908932498,35.93660743704987,-0.008017130696400698,-0.007921362445906334,-9.576825049436438e-05,678481805.4,-0.12351786865357028,-2.0
2024-07-12 00:00:00,0.1066640019416809,0.1082660034298896,0.1050319969654083,0.1076849997043609,468503073.0,1720742400,0.107902141554015,0.11741740047931667,0.14666326208548108,37.25645382549866,-0.0077465941281799205,-0.007886408782361052,0.0001398146541811314,685474853.75,-0.1337034098970059,-2.0
2024-07-13 00:00:00,0.1076849997043609,0.1128889992833137,0.1074469983577728,0.112355999648571,497448463.0,1720828800,0.10772228453840524,0.11701980054378507,0.14600506010982722,43.05373476635122,-0.007073739623304376,-0.007723874950549717,0.0006501353272453415,688887844.85,-0.08980737386683602,-2.0
2024-07-14 00:00:00,0.1123500019311904,0.1164949983358383,0.1113499999046325,0.1154489964246749,551768272.0,1720915200,0.10932471283844536,0.11674412041902539,0.14529291871521205,46.57389998709921,-0.006219227210014069,-0.007422945402442588,0.0012037181924285188,668921286.45,-0.07652626166283838,-2.0
2024-07-15 00:00:00,0.1154709979891777,0.125351995229721,0.1147890016436576,0.125228002667427,865334768.0,1721001600,0.11184571364096228,0.11677648037672039,0.14454665606973144,55.86347555719592,-0.004698771377273481,-0.006878110597408767,0.0021793392201352865,673025807.25,0.05703510768064324,-2.0
2024-07-16 00:00:00,0.1251640021800995,0.1272570043802261,0.1193709969520568,0.1249310001730918,1023424280.0,1721088000,0.11433399894407811,0.11681256026029584,0.14376171670778828,55.54756981551777,-0.0034776763069846728,-0.006198023739323948,0.002720347432339275,697883177.25,0.1911008868994537,-2.0
2024-07-17 00:00:00,0.1249329969286918,0.1275060027837753,0.1206429973244667,0.1218840032815933,731025036.0,1721174400,0.11631428556782852,0.11673636049032207,0.14308376730692504,52.28115498546969,-0.0027244115303595995,-0.005503301297531078,0.002778889767171479,703587792.55,0.1542701413651586,-2.0
2024-07-18 00:00:00,0.1218789964914321,0.1238429993391037,0.1175730004906654,0.119496002793312,710080580.0,1721260800,0.11814700067043298,0.11662592053413386,0.14227075724288668,49.80907870520435,-0.002293695159928097,-0.004861380070010482,0.002567684910082385,707353667.65,0.05176256744065699,-2.0
2024-07-19 00:00:00,0.1195010021328926,0.1260560005903244,0.1179080009460449,0.1254799962043762,724349409.0,1721347200,0.12068914302757802,0.11688340038061136,0.14157852485324393,55.488804064528985,-0.0014527447382238906,-0.004179653003653164,0.0027269082654292733,729301579.2,0.20385292637154762,-2.0
2024-07-20 00:00:00,0.1254750043153762,0.1356460005044937,0.1244850009679794,0.1344300061464309,1109519614.0,1721433600,0.1238425725272723,0.11721448034048075,0.14117279769194244,62.35112822382006,-6.336404506411542e-05,-0.003356395211935354,0.0032930311668712387,766319218.2,0.24957018277300125,-2.0
2024-07-21 00:00:00,0.1344300061464309,0.1430869996547699,0.1264050006866455,0.1401689946651458,1229665449.0,1721520000,0.12737400084733957,0.11791408002376551,0.14104149468017343,65.97367146738921,0.001483715229360985,-0.0023883731236760864,0.0038720883530370715,805173803.35,0.3037399262142164,-2.0
2024-07-22 00:00:00,0.1401669979095459,0.1424690037965774,0.1362140029668808,0.1378809958696365,1468393831.0,1721606400,0.12918157130479807,0.11835287988185877,0.14079498958708056,63.356351080770466,0.0024963875178943135,-0.0014114209953620064,0.00390780851325632,858190307.25,0.2764159134893365,-2.0
2024-07-23 00:00:00,0.1378819942474365,0.1392019987106323,0.128489002585411,0.1303910017013549,963364309.0,1721692800,0.12996157152312138,0.11865695983171458,0.1404820805547213,55.58252409325332,0.0026638504596698392,-0.0005963667043556374,0.0032602171640254765,873474426.55,0.22241185443305622,-2.0
2024-07-24 00:00:00,0.1303859949111938,0.1346269994974136,0.1272439956665039,0.1280879974365234,734879689.0,1721779200,0.1308478564023971,0.11891251981258388,0.14020025218376003,53.412399115273026,0.0025809809090553137,3.910281832655285e-05,0.002541878090728761,848262251.1,0.1894692648760461,-2.0
2024-07-25 00:00:00,0.1280889958143234,0.1286409944295883,0.1203230023384094,0.1252209991216659,970420635.0,1721865600,0.13166571302073338,0.11894915968179699,0.13997415114532813,50.75566331836494,0.002257935316829607,0.00048286931802716366,0.0017750659988024432,811298748.9,0.11450211393547538,-2.0
2024-07-26 00:00:00,0.1252219974994659,0.1348779946565628,0.1252000033855438,0.1343179941177368,752603628.0,1721952000,0.13292828415121347,0.11938419938087458,0.139791019787692,57.90959217925362,0.002704791672272888,0.0009272537888763086,0.0017775378833965795,806792924.6,0.1634401188179495,-2.0
2024-07-27 00:00:00,0.1343179941177368,0.1386670023202896,0.1313409954309463,0.1315920054912567,1193072781.0,1722038400,0.13252285548618858,0.11964723944663996,0.13954176731181864,55.3162956346976,0.002806611186564556,0.0013031252684139582,0.0015034859181505978,834395008.9,0.05081932705363701,-2.0
2024-07-28 00:00:00,0.1315969973802566,0.1317999958992004,0.1283240020275116,0.130074992775917,755293791.0,1722124800,0.13108085521629873,0.12011139929294581,0.13921093895579825,53.87051414483795,0.00273338487788774,0.0015891771903087147,0.0011442076875790253,821003747.4,0.04117466918297463,-2.0
2024-07-29 00:00:00,0.1300760060548782,0.1349489986896515,0.1279550045728683,0.1286740005016327,809333955.0,1722211200,0.12976557016372678,0.12106287926435465,0.138912090448418,52.50565799984854,0.0025331040856437503,0.001777962569375722,0.0007551415162680283,832833794.5,0.055708682330955384,-2.0
2024-07-30 00:00:00,0.1286620050668716,0.1303060054779052,0.1236620023846626,0.1255950033664703,638122391.0,1722297600,0.12908042754445753,0.12186291933059687,0.13855250465749486,49.5353000722311,0.0021017036469138106,0.0018427107848833398,0.00025899286203047087,837135406.7,0.051039368937783935,-2.0
2024-07-31 00:00:00,0.1255930066108703,0.1272010058164596,0.1215429976582527,0.1220140010118484,609802169.0,1722384000,0.12821271376950397,0.12219887942075724,0.13816937337620086,46.25762417204886,0.001454096805979882,0.0017649879891026483,-0.0003108911831227663,840320306.15,-0.02762189430483042,-2.0
2024-08-01 00:00:00,0.1220209971070289,0.1229320019483566,0.1128280013799667,0.1192359998822212,861079384.0,1722470400,0.12735771387815473,0.12279903948307032,0.1378449491328663,43.83447836651395,0.000708534697403479,0.0015536973307628146,-0.0008451626333593357,859949121.7,-0.11302540779221049,-2.0
2024-08-02 00:00:00,0.1192350015044212,0.1195129975676536,0.1105670034885406,0.1115079969167709,826720039.0,1722556800,0.12409914284944532,0.12295611947774882,0.13744206026648026,37.88850169673396,-0.0005001484982681131,0.0011429281649566292,-0.0016430766632247423,876412700.5,-0.20447459023904735,-2.0
2024-08-03 00:00:00,0.1115069985389709,0.114496998488903,0.1054179966449737,0.1081689968705177,808239471.0,1722643200,0.12075299876076831,0.12298235923051831,0.13704137338532338,35.63909563362486,-0.0017077817920336663,0.0005727861735585701,-0.002280567965592236,889236260.45,-0.2154901682550281,-2.0
2024-08-04 00:00:00,0.1081689968705177,0.109214000403881,0.0996059998869896,0.1037330031394958,827323034.0,1722729600,0.11698985738413671,0.12281079947948452,0.13659710068293288,32.848865723085424,-0.002988339778033672,-0.0001394390167598783,-0.0028489007612737937,887335673.75,-0.20444661222034388,-2.0
2024-08-05 00:00:00,0.1037319973111152,0.1041660010814666,0.0808309987187385,0.0945030003786087,3194029250.0,1722816000,0.11210828593799042,0.12232423961162564,0.13606986839963928,27.9462059023094,-0.00469386731177357,-0.0010503246757626165,-0.003643542636010953,995865922.25,-0.262202530526394,-2.0
2024-08-06 00:00:00,0.0945020020008087,0.1013879999518394,0.0943669974803924,0.0963710024952888,1124169389.0,1722902400,0.10793342867067879,0.12187167972326275,0.13559389874489616,30.216207519449668,-0.005827601053267392,-0.002005779951263572,-0.0038218211020038203,1015523139.9,-0.2303926404416098,-2.0
2024-08-07 00:00:00,0.0963710024952888,0.1018470004200935,0.0945940017700195,0.0955149978399276,1000135339.0,1722988800,0.1041478567889758,0.12119803965091702,0.13521195925546411,29.75362140640759,-0.006717727848275512,-0.00294816953066596,-0.003769558317609552,1030025877.85,-0.2888890392734448,-2.0
2024-08-08 00:00:00,0.0955149978399276,0.1077720001339912,0.0939769968390464,0.1074040010571479,858015369.0,1723075200,0.10245757124253677,0.12087623983621593,0.13498236329266516,42.84194637294106,-0.006390154820218416,-0.0036365665885764514,-0.0027535882316419647,1036709175.85,-0.1838105920174301,-2.0
2024-08-09 00:00:00,0.1074090003967285,0.107582002878189,0.1017739996314048,0.1039739996194839,602450305.0,1723161600,0.10138128591435291,0.1200260797142982,0.1346982016105844,40.497593986589244,-0.006334305356566039,-0.0041761143421743694,-0.0021581910143916696,1011355710.4,-0.20066111555660693,-2.0
2024-08-10 00:00:00,0.1039739996194839,0.1058589965105056,0.1031159982085228,0.1052019968628883,371267774.0,1723248000,0.10095742877040584,0.11923691958189005,0.13428462582706197,41.72703747165582,-0.006120402944184297,-0.004564972062576355,-0.001555430881607942,968435826.65,-0.1824145013541144,-2.0
2024-08-11 00:00:00,0.1052030026912689,0.1107940003275871,0.1002990007400512,0.1005659997463226,676944256.0,1723334400,0.10050499971423825,0.11838419944047925,0.13368269658148887,38.49340387844885,-0.006252890534161865,-0.004902555756893457,-0.0013503347772684075,928863347.9,-0.1992834344461638,-2.0
2024-08-12 00:00:00,0.1005659997463226,0.108534999191761,0.1004709973931312,0.1077670007944107,778786434.0,1723420800,0.10239985691649568,0.1179150393605232,0.13314430257587717,45.55158643352485,-0.005710994510688128,-0.005064243507652391,-0.0006467510030357367,919634454.15,-0.11676529004285507,-2.0
2024-08-13 00:00:00,0.1077670007944107,0.1088429987430572,0.1035720035433769,0.1064160019159317,575505923.0,1723507200,0.10383485683373038,0.1171524795889854,0.13263731269222315,44.51937875163411,-0.005329121530914291,-0.0051172191123047715,-0.00021190241860951937,911665765.85,-0.10751784678245513,-2.0
2024-08-14 00:00:00,0.1064160019159317,0.1067399978637695,0.1018050014972686,0.1025549992918968,564943505.0,1723593600,0.10484057132686884,0.11587747931480404,0.1321561511116798,41.61693717508726,-0.005277202778525433,-0.005149215845548904,-0.00012798693297652944,891391909.35,-0.08029018431347634,-2.0
2024-08-15 00:00:00,0.1025549992918968,0.1047979965806007,0.0981950014829635,0.1002670004963874,617034813.0,1723680000,0.10382099981818878,0.1142813995480537,0.13172153488855165,39.9545910361375,-0.005358905052751162,-0.005191153686989356,-0.0001677513657618061,884613468.6,-0.0730523218551179,-2.0
2024-08-16 00:00:00,0.1002670004963874,0.1020279973745346,0.09774199873209,0.1004389971494674,539609334.0,1723766400,0.10331599946532928,0.11278371959924695,0.13119953486955524,40.148134239656194,-0.005348126132280584,-0.0052225481760476014,-0.00012557795623298253,851940296.25,-0.03175465753747386,-2.0
2024-08-17 00:00:00,0.1004389971494674,0.1036309972405433,0.1001560017466545,0.1027550026774406,305545333.0,1723852800,0.10296642886740816,0.11167827963829037,0.13078260557218027,42.820775436885455,-0.00509398122503904,-0.005196834785845889,0.00010285356080684885,829452873.35,0.08732000323557765,-2.0
2024-08-18 00:00:00,0.1027550026774406,0.1043059974908828,0.1001690030097961,0.1001719981431961,377630490.0,1723939200,0.10291014292410439,0.11056163966655727,0.13035076721148053,40.64106737216345,-0.005042865420387385,-0.005166040912754188,0.00012317549236680325,807867700.1,0.03944127952900689,-2.0
2024-08-19 00:00:00,0.1001719981431961,0.1018069982528686,0.0987119972705841,0.1015039980411529,463249309.0,1724025600,0.10201542824506757,0.10961295962333674,0.12994948435913428,42.27294252763642,-0.004839092471374443,-0.00510065122447824,0.0002615587531037975,799124046.0,0.06270219689751944,-2.0
2024-08-20 00:00:00,0.1015060022473335,0.1056189984083175,0.1012289971113205,0.1030009984970092,695089222.0,1724112000,0.10152757061379292,0.10836027979850765,0.12949056516994123,44.13189055207248,-0.004504876107761818,-0.004981496201134956,0.00047662009337313786,803388398.65,-0.040994772231957466,-2.0
2024-08-21 00:00:00,0.1030000001192092,0.1078250035643577,0.102462001144886,0.1061569973826408,509933481.0,1724198400,0.10204214176961349,0.10734287947416302,0.12909397926896504,47.938220458688164,-0.003939927466103096,-0.0047731824541285845,0.0008332549880254881,785831103.5,0.02099561208711842,-2.0
2024-08-22 00:00:00,0.1061569973826408,0.1068219989538192,0.104273997247219,0.1053080037236213,391690266.0,1724284800,0.10276228508778976,0.10635219991207119,0.12858672680878874,47.01034816179305,-0.00352013041804608,-0.0045225720469120835,0.0010024416288660033,764079614.85,0.0010076506520229067,-2.0
2024-08-23 00:00:00,0.1053080037236213,0.1152390018105506,0.1053050011396408,0.112926997244358,860650259.0,1724371200,0.10454628510134555,0.1057223197817802,0.12821591871254368,55.36064723072966,-0.0025433311916401163,-0.004126723875857691,0.0015833926842175744,766700154.25,0.12291428046472919,-2.0
2024-08-24 00:00:00,0.112926997244358,0.114946998655796,0.1112470030784607,0.1126310005784034,673199379.0,1724457600,0.10595714194434025,0.10520375967025754,0.1277822621844031,54.99804363719383,-0.0017726610908382068,-0.003655911318853794,0.0018832502280155873,758993971.5,0.04513440801114843,-2.0
2024-08-25 00:00:00,0.1126310005784034,0.1127580031752586,0.1081169992685318,0.1096979975700378,584876309.0,1724544000,0.10731799900531762,0.1047111195325851,0.12734409037864564,51.405122259570554,-0.0013826302137737029,-0.003201255097837776,0.0018186248840640733,628536324.45,0.030841185489179246,-2.0
2024-08-26 00:00:00,0.1096990033984184,0.1102920025587081,0.1046390011906623,0.1052919998764991,560759055.0,1724630400,0.1078591421246528,0.10415335953235622,0.1269015146776883,46.49161557660088,-0.0014127695965977793,-0.002843557997589777,0.0014307884009919975,600365807.75,0.02668812445517288,-2.0
2024-08-27 00:00:00,0.1052919998764991,0.1064779981970787,0.0973920002579689,0.0990559980273246,615156838.0,1724716800,0.10729557062898357,0.10365527957677836,0.12622846422171347,40.57955247175096,-0.0019177419717177763,-0.002658394792415377,0.0007406528206976007,581116882.7,-0.012077776966175846,-2.0
2024-08-28 00:00:00,0.0990559980273246,0.1017580032348632,0.0972919985651969,0.0996270030736923,657073357.0,1724803200,0.10636271429913378,0.10331359982490534,0.12551283806261385,41.31543201350221,-0.002245970729475119,-0.0025759099798273255,0.00032993925035220643,571069782.1,-0.008084450251596431,-2.0
2024-08-29 00:00:00,0.0996270030736923,0.1024919971823692,0.0985350012779235,0.1004249975085258,461885564.0,1724889600,0.10566514198269157,0.10318127959966654,0.1248488178608393,42.389221516697546,-0.0024138772288769123,-0.0025435034296372432,0.00012962620076033098,564041545.05,-0.022675345318504236,-2.0
2024-08-30 00:00:00,0.1004249975085258,0.1023819968104362,0.0972749963402748,0.1020430028438568,572514236.0,1724976000,0.10411028563976281,0.10348287969827646,0.12426730275455143,44.60256917945095,-0.002388847681955894,-0.0025125722801009735,0.00012372459814507944,574103868.15,0.018677921328733804,-2.0
2024-08-31 00:00:00,0.1020430028438568,0.10224100202322,0.1004739999771118,0.1013320013880729,303734469.0,1725062400,0.10249614289828704,0.10368131965398783,0.12363628260415006,43.8061238979744,-0.0023987323675138533,-0.00248980429758355,9.107193006969647e-05,555443378.8,-0.001694481561310246,-2.0
2024-09-01 00:00:00,0.1013320013880729,0.1014610007405281,0.0943429991602897,0.0953539982438087,424515197.0,1725148800,0.10044700013739717,0.10367487967014309,0.12284228258361717,37.70916440446985,-0.002856018541581601,-0.00256304714638316,-0.00029297139519844076,537729816.95,-0.07424200119208102,-2.0
2024-09-02 00:00:00,0.0953539982438087,0.0997399985790252,0.0941670015454292,0.0991149991750717,463950026.0,1725235200,0.09956457146576468,0.10334331959486004,0.1221644543487616,43.07698918370546,-0.002881721098923304,-0.002626781936891189,-0.00025493916203211476,532152022.1,-0.06633569506667891,-2.0
2024-09-03 00:00:00,0.0991149991750717,0.1007060036063194,0.0967010036110878,0.0967189967632293,395659305.0,1725321600,0.09923071414232251,0.10305311948060986,0.1214334340860145,40.67239174968991,-0.0030601523992220686,-0.002713456029357365,-0.0003466963698647036,523687812.1,-0.08156081832995021,-2.0
2024-09-04 00:00:00,0.0967150032520294,0.0994559973478317,0.0929789990186691,0.0980250015854835,579587111.0,1725408000,0.0990018567868641,0.10276603966951367,0.12075730285259205,42.55471262021216,-0.003060892749541591,-0.0027829433733942105,-0.0002779493761473806,521815427.0,-0.13196132034422814,-2.0
2024-09-05 00:00:00,0.0980250015854835,0.0990990027785301,0.0962250009179115,0.0983090028166771,452927311.0,1725494400,0.09869957183088572,0.10267575979232785,0.12009683830870518,42.9783911045563,-0.0030039354585623262,-0.0028271417904278335,-0.00017679366813449279,517481325.85,-0.12715857701855937,-2.0
2024-09-06 00:00:00,0.0983090028166771,0.0993790030479431,0.0893729999661445,0.0924839973449707,802922234.0,1725580800,0.09733399961675913,0.10206443965435025,0.11941946448400764,36.95768341295244,-0.0033897507188307974,-0.0029396635761084265,-0.00045008714272237087,542350170.9,-0.1569217360971119,-2.0
2024-09-07 00:00:00,0.0924839973449707,0.0956180021166801,0.0918119996786117,0.0952610000967979,412044016.0,1725667200,0.09646671371800555,0.10161823958158488,0.11877426249210277,41.18759221977083,-0.0034318707092790834,-0.003038105002742558,-0.0003937657065365254,544070847.2,-0.09526839447884872,-2.0
2024-09-08 00:00:00,0.0952610000967979,0.096902996301651,0.0940470024943351,0.0960799977183342,381739751.0,1725753600,0.09657042792865207,0.10135923951864237,0.11812658570330549,42.41475195355354,-0.0033604279204846182,-0.0031025695862909705,-0.0002578583341936477,539995369.3,-0.0300436154120568,-2.0
2024-09-09 00:00:00,0.0960799977183342,0.1046189963817596,0.0958319976925849,0.1038289964199066,698093518.0,1725840000,0.09724385610648563,0.10150171935558314,0.11758747448523836,52.511245022343104,-0.0026480050081073014,-0.0030116566706542367,0.0003636516625469353,540145584.1,0.04217725332062994,-2.0
2024-09-10 00:00:00,0.1038289964199066,0.1045209988951683,0.1016609966754913,0.1027119979262352,465166360.0,1725926400,0.09809999912977217,0.10159263938665385,0.11702616136483468,51.119880821591146,-0.0021487675063597417,-0.0028390788377953375,0.0006903113314355959,537907228.05,0.022773218565579123,-2.0
2024-09-11 00:00:00,0.1027119979262352,0.1029699966311454,0.0980909988284111,0.1013780012726783,532198021.0,1726012800,0.09857899908508572,0.10153755933046335,0.1164193735128701,49.43522247285804,-0.0018395553220109384,-0.002639174134638458,0.0007996188126275197,544932615.8,-0.006516875754784102,-2.0
2024-09-12 00:00:00,0.1013780012726783,0.1032069995999336,0.1006359979510307,0.1027989983558654,439730013.0,1726099200,0.09922042701925547,0.10164263933897014,0.11580890891226851,51.277171583245725,-0.001462975577528891,-0.0024039344232165446,0.0009409588456876536,523886603.5,0.014477134051407159,-2.0
2024-09-13 00:00:00,0.1027989983558654,0.1082900017499923,0.1018650010228157,0.1071140021085739,675630464.0,1726185600,0.10131042769977021,0.10186703950166699,0.11527310078493269,56.46345410443166,-0.0008070455572482121,-0.002084556650022878,0.0012775110927746658,524008157.75,0.12332995030471894,-2.0
2024-09-14 00:00:00,0.1071129962801933,0.1075579971075058,0.1046430021524429,0.1054669991135597,426157956.0,1726272000,0.10276842755930761,0.10196567952632901,0.11484041388588719,54.096495276737784,-0.0004153280246391444,-0.0017507109249461313,0.001335382900306987,516072240.1,0.06408717138026843,-2.0
2024-09-15 00:00:00,0.1054669991135597,0.1063589975237846,0.1025770008563995,0.1029329970479011,428890116.0,1726358400,0.10374742746353145,0.10183671951293942,0.11440479762927447,50.58310795032157,-0.00030583635589952196,-0.0014617360111368097,0.0011558996552372878,509478793.15,0.06424798118909192,-2.0
2024-09-16 00:00:00,0.1029379963874816,0.1031320020556449,0.0984579995274543,0.0996930003166198,528755469.0,1726444800,0.10315657087734763,0.10161211937665936,0.11392923203682655,46.43083683060303,-0.0004750282480615736,-0.0012643944585217625,0.0007893662104601889,505158724.7,0.017016054110253975,-2.0
2024-09-17 00:00:00,0.0996960029006004,0.1024670004844665,0.0988439992070198,0.1011369973421096,480290242.0,1726531200,0.10293157079390111,0.10114051938056942,0.1134887976628361,48.46141221402647,-0.0004869819250946372,-0.0011089119518363374,0.0006219300267417001,496319568.95,0.028766383997466116,-2.0
2024-09-18 00:00:00,0.1011369973421096,0.1035899966955185,0.0995780006051063,0.1035849973559379,549512848.0,1726617600,0.10324685594865247,0.10077867925167078,0.11314012080129947,51.79725680688665,-0.0002955156376203416,-0.0009462326889931383,0.0006507170513727967,500700933.15,0.12003157659329777,-2.0
2024-09-19 00:00:00,0.1035849973559379,0.107073999941349,0.1035849973559379,0.1050309985876083,656532122.0,1726704000,0.10356571312461575,0.1005919992923736,0.11272431277867516,53.70343710213189,-2.678821285485855e-05,-0.0007623437937654824,0.0007355555809106239,504901827.45,0.10256031829271972,-2.0
2024-09-20 00:00:00,0.1050309985876083,0.1072959974408149,0.1037480011582374,0.1054710000753402,595150523.0,1726790400,0.10333099854843951,0.10059915930032727,0.11236482798451121,54.29570662552949,0.0002191583293628674,-0.0005660433691398125,0.0007852016985026799,519472630.15,0.0977414922982871,-2.0
2024-09-21 00:00:00,0.1054710000753402,0.1103729978203773,0.104152001440525,0.1100490018725395,502306053.0,1726876800,0.1039855703711509,0.10103887945413587,0.1121131007870038,60.02574478268435,0.0007745506829640036,-0.0002979245587190493,0.001072475241683053,523362172.95,0.059906246492818616,-2.0
2024-09-22 00:00:00,0.1100490018725395,0.1100500002503395,0.1040199995040893,0.1063390001654625,480950368.0,1726963200,0.10447214224508826,0.10130735933780667,0.11180777757456804,54.10568307620018,0.0009049058017967654,-5.735848661588637e-05,0.0009622642884126517,524212190.05,0.03531235213467565,-2.0
2024-09-23 00:00:00,0.1063390001654625,0.1090840026736259,0.1047199964523315,0.1081560030579567,644419670.0,1727049600,0.1056811426367078,0.1016165995597839,0.11151706035992108,56.374975944049055,0.0011416696635109108,0.00018244714340947307,0.0009592225201014377,536650208.3,0.06685870405994176,-2.0
2024-09-24 00:00:00,0.1081560030579567,0.1104680001735687,0.1069829985499382,0.109774999320507,708492630.0,1727136000,0.10691514291933601,0.10192587941884991,0.1113239897019935,58.35108209978417,0.0014433086340771561,0.00043461944154300975,0.0010086891925341463,543095484.25,0.06786059277048939,-2.0
2024-09-25 00:00:00,0.109774999320507,0.1108840033411979,0.1081700026988983,0.1085039973258972,696620734.0,1727222400,0.10761785720075877,0.10221275925636288,0.11118467656349891,56.198859617025924,0.0015617970287219868,0.0006600549589788052,0.0009017420697431816,555280155.4,0.012976783519995427,-2.0
2024-09-26 00:00:00,0.1085039973258972,0.1201630011200904,0.1071449965238571,0.1181759983301162,1347684388.0,1727308800,0.10949571430683133,0.10312563925981517,0.11114260584417011,66.36550984912321,0.0024083871954757585,0.0010097214062781959,0.0013986657891975627,582518263.1,0.1205021411756706,-2.0
2024-09-27 00:00:00,0.1181759983301162,0.1280799955129623,0.1171730011701583,0.1237139999866485,1367867354.0,1727395200,0.11210185715130394,0.10410959929227825,0.11113548459428726,70.5767036017437,0.0034860019916532065,0.001504977523353198,0.0019810244683000086,630309430.0,0.20188864149245278,-2.0
2024-09-28 00:00:00,0.1237139999866485,0.1319500058889389,0.1206159964203834,0.1286710053682327,1449764972.0,1727481600,0.1147621433649744,0.10538767963647838,0.11118237350625218,73.74537488782062,0.004685991198680406,0.0021411802584186397,0.0025448109402617662,683710691.05,0.29067241390649556,-2.0
2024-09-29 00:00:00,0.1286700069904327,0.1303019970655441,0.1246419996023178,0.1246739998459816,856945778.0,1727568000,0.11738142903361999,0.10645363956689831,0.11119131292357586,67.4387710549848,0.005253902630346294,0.0027637247328041706,0.002490177897542123,691653304.05,0.23272395980132665,-2.0
2024-09-30 00:00:00,0.124669000506401,0.124669000506401,0.1137389987707138,0.1144279986619949,976744755.0,1727654400,0.11827742840562545,0.10709839940071103,0.11111223208482816,54.55843957031949,0.004821629126172816,0.0031753056114779,0.0016463235146949163,717232223.8,0.10467733342501684,-2.0
2024-10-01 00:00:00,0.1144270002841949,0.1192739978432655,0.1039550006389617,0.1070429980754852,1332235464.0,1727740800,0.11788714251347947,0.1076807594299316,0.11099101994374783,47.51437639862556,0.0038388891074415538,0.003308022310670631,0.0005308667967709227,757234095.95,0.019156244489084484,-2.0
2024-10-02 00:00:00,0.1070429980754852,0.1094110012054443,0.1025089994072914,0.1047590002417564,910153432.0,1727827200,0.1173521429300308,0.10806067943572994,0.11077491886386963,45.55539221957551,0.00284298881990519,0.0032150156125175426,-0.0003720267926123526,780755266.9,-0.006750669217843841,-2.0
2024-10-03 00:00:00,0.1047580018639564,0.1066379994153976,0.1015290021896362,0.1050990000367164,825842052.0,1727913600,0.11548400031668796,0.10842143952846524,0.11059734308057356,45.91288507106735,0.0020574488196395263,0.00298350225394194,-0.0009260534343024135,788265846.3,-0.04497997938733034,-2.0
2024-10-04 00:00:00,0.1050990000367164,0.1104369983077049,0.1049590036273002,0.109264001250267,670077063.0,1728000000,0.11341971478291916,0.10863883972167965,0.1104190905738358,50.22458509086189,0.0017508013513426735,0.002736962073422087,-0.0009861607220794134,800461801.65,0.027506381292406568,-2.0
2024-10-05 00:00:00,0.109264001250267,0.1100630015134811,0.1077269986271858,0.1094869971275329,391880787.0,1728086400,0.11067914217710491,0.10890983968973156,0.11028472687860927,50.45232773721241,0.001508387178625975,0.002491247094462865,-0.0009828599158368898,798611335.2,0.012306243129777794,-2.0
2024-10-06 00:00:00,0.1094869971275329,0.1126559972763061,0.1085119992494583,0.1114799976348877,435305366.0,1728172800,0.10879428471837722,0.10931391954421993,0.11018150465355973,52.54225804134473,0.001460257742712412,0.0022850492241127743,-0.0008247914814003623,793938830.05,0.015531754269500597,-2.0
2024-10-07 00:00:00,0.1114799976348877,0.1152089983224868,0.108654998242855,0.108654998242855,849108258.0,1728259200,0.1079695703727858,0.10954815953969951,0.11002342380357506,49.3638255698639,0.001180552304467411,0.0020641498401837016,-0.0008835975357162906,812379730.85,0.0013916622491267905,-2.0
2024-10-08 00:00:00,0.1086520031094551,0.1097040027379989,0.1053519994020462,0.1070439964532852,615072081.0,1728345600,0.10796971299818581,0.10954535931348797,0.10985778738753958,47.59561671154438,0.0008194433163101478,0.001815208535408991,-0.0009957652190988433,815657692.5,-0.09419850083038472,-2.0
2024-10-09 00:00:00,0.1070439964532852,0.1111320033669471,0.1063769981265068,0.1079389974474906,667785123.0,1728432000,0.10842399831329068,0.10964423924684522,0.1096852923734019,48.695117706630356,0.0005985808742282744,0.0015718830031728477,-0.0009733021289445732,816220342.55,-0.12751186236691392,-2.0
2024-10-10 00:00:00,0.1079370006918907,0.1084500029683113,0.1033079996705055,0.1059800013899803,749185963.0,1728518400,0.10854985564947126,0.10976611942052837,0.10955912070442926,46.40032348214613,0.00026244587514077933,0.001309995577566434,-0.0010475497024256546,823922114.55,-0.17634900662596775,-2.0
2024-10-11 00:00:00,0.1059800013899803,0.111344002187252,0.1057019978761673,0.1107330024242401,650490847.0,1728604800,0.10875971296003883,0.11020771950483318,0.10961817122168006,52.276678443637756,0.00037525818485487084,0.0011230480990241213,-0.0007477899141692505,831331354.25,-0.11181960504165889,-2.0
2024-10-12 00:00:00,0.1107330024242401,0.1120579987764358,0.1094570010900497,0.1114159971475601,519024338.0,1728691200,0.10903528439147128,0.11061887949705121,0.1096769792563987,53.072845487821596,0.0005138513605953826,0.0010012087513383736,-0.000487357390742991,833235052.75,-0.026322242367725512,-2.0
2024-10-13 00:00:00,0.1114159971475601,0.1120050027966499,0.1087990030646324,0.1113360002636909,573648913.0,1728777600,0.10901471333844318,0.11092891961336132,0.10965395906958912,52.961397207170435,0.0006101983837803332,0.0009230066778267656,-0.0003128082940464324,829696514.9,0.040105399375850226,-2.0
2024-10-14 00:00:00,0.1113360002636909,0.1174559965729713,0.1094290018081665,0.1166540011763572,1038038455.0,1728864000,0.11015742804322919,0.11139383971691127,0.10977943384587158,59.108790233113275,0.0011029581085535423,0.0009589969639721209,0.00014396114458142134,846173806.15,0.11354633880764653,-2.0
2024-10-15 00:00:00,0.1166540011763572,0.1187919974327087,0.1105120033025741,0.11752700060606,1367247373.0,1728950400,0.11165500006505416,0.11187607973814007,0.10987989852825795,60.032205366821536,0.0015460950769583676,0.0010764165865693703,0.00046967849038899727,879705138.1,0.11825041689266191,-2.0
2024-10-16 00:00:00,0.1175249963998794,0.1294440031051635,0.1159309968352317,0.1257729977369308,2270276586.0,1729036800,0.11420271439211706,0.11250503957271572,0.1100643429190221,67.49820938573635,0.002533463184274276,0.0013678259061103515,0.0011656372781639246,925834748.0,0.15109273226092346,-2.0
2024-10-17 00:00:00,0.1257729977369308,0.1306490004062652,0.1207619979977607,0.1296579986810684,1557107117.0,1729123200,0.11758528543370106,0.11343779951333996,0.1102828883914032,70.31199900328687,0.0035880854156435937,0.001811877808017,0.0017762076076265937,935296736.15,0.18423193696727158,-2.0
2024-10-18 00:00:00,0.1296599954366684,0.140526995062828,0.1296470016241073,0.1372130066156387,2216997635.0,1729209600,0.12136814317532944,0.11460007965564724,0.11059143394231792,74.86849782628153,0.00497614522798534,0.002444731292010668,0.002531413935974672,973658369.3,0.23083072772418012,-2.0
2024-10-19 00:00:00,0.1372130066156387,0.1465439945459365,0.1371899992227554,0.1445270031690597,1898579280.0,1729296000,0.12609828689268654,0.11599015980958935,0.11096357539145629,78.33515161000554,0.006590400985756931,0.0032738652307599207,0.00331653575499701,1025740044.4,0.3301459252341721,-2.0
2024-10-20 00:00:00,0.1445260047912597,0.1452459990978241,0.1375769972801208,0.142083004117012,1456913937.0,1729382400,0.13049071601458953,0.11733332008123394,0.1112638481638648,74.63056528949984,0.0075850641082265136,0.004136105006253239,0.003448959101973274,1049748503.5,0.32733276806437317,-2.0
2024-10-21 00:00:00,0.142084002494812,0.1495330035686493,0.1384329944849014,0.1436900049448013,2075196142.0,1729468800,0.1343530022672244,0.11835388034582134,0.11154911087618931,75.45259656524809,0.008406112898609222,0.004990106584724437,0.0034160063138847854,1086896537.4,0.331214930124792,-2.0
2024-10-22 00:00:00,0.1436900049448013,0.1478829979896545,0.1368480026721954,0.1395079940557479,1647303198.0,1729555200,0.1374931441886084,0.11898564010858532,0.11169335321344506,69.17119482027874,0.008619980878288191,0.005716081443437188,0.002903899434851004,1123754025.7,0.31636150430299437,-2.0
2024-10-23 00:00:00,0.1395110040903091,0.1406040042638778,0.1332789957523346,0.138496994972229,1430747359.0,1729641600,0.1393108580793653,0.11937867969274517,0.1118303834639414,67.70380419941435,0.008608658361365193,0.006294596827022788,0.0023140615343424046,1153999291.05,0.2507291587888094,-2.0
2024-10-24 00:00:00,0.1399009972810745,0.1435019969940185,0.1364499926567077,0.14198699593544,1349772912.0,1729728000,0.14107214340141838,0.12007119953632349,0.11203344399579844,70.06463311033666,0.008780087709999454,0.006791695003618122,0.001988392706381332,1187984083.5,0.27438608072942583,-2.0
2024-10-25 00:00:00,0.14198799431324,0.1423999965190887,0.1285479962825775,0.1310130059719085,1458877964.0,1729814400,0.14018642902374262,0.12073459982872004,0.11214977736123881,56.162453046393566,0.007938922470841436,0.0070211404970627845,0.0009177819737786518,1241333942.35,0.17673533862914148,-2.0
2024-10-26 00:00:00,0.1310130059719085,0.1378310024738311,0.130839005112648,0.1373569965362548,947921669.0,1729900800,0.13916214236191338,0.12194715976715084,0.11226974706156082,60.98225186734431,0.007695491146482131,0.007156010626946654,0.0005394805195354764,1266964757.5,0.1774735127053111,-2.0
2024-10-27 00:00:00,0.1373569965362548,0.1458570063114166,0.1360570043325424,0.1443119943141937,1129296560.0,1729987200,0.13948056953293933,0.12352927953004833,0.11236956512386145,65.46515476347057,0.007971885331660322,0.007319185567889389,0.0006526997637709333,1280974172.6,0.2279050224204615,-2.0
2024-10-28 00:00:00,0.1443109959363937,0.1620099991559982,0.1411760002374649,0.1611499935388565,3078140199.0,1730073600,0.14197485361780435,0.12577131927013394,0.11258149440541408,73.42561992332716,0.00944078800370568,0.007743506055052648,0.0016972819486530321,1404127578.5,0.2812765572775877,-2.0
2024-10-29 00:00:00,0.1611520051956176,0.1792269945144653,0.1608259975910186,0.1758390069007873,3785378330.0,1730160000,0.14716499830995283,0.12843431949615475,0.112964908658254,78.15603480067335,0.011655823493539608,0.00852596954275004,0.003129853950789567,1560007238.85,0.356175544042713,-2.0
2024-10-30 00:00:00,0.1758390069007873,0.1775349974632263,0.1652500033378601,0.1681459993124008,2319205433.0,1730246400,0.1514005703585488,0.13078067958354947,0.11334627227048677,71.0252537456431,0.012644733046973666,0.009349722243594767,0.003295010803378899,1638508212.35,0.22543775885191142,-2.0
2024-10-31 00:00:00,0.1681459993124008,0.1729969978332519,0.1565459966659546,0.1613720059394836,2213630995.0,1730332800,0.1541698575019836,0.1327763599157333,0.11368247437657729,65.36958934545058,0.012735044672514406,0.010026786729378696,0.0027082579431357105,1716665219.75,0.1165526330793667,-2.0
2024-11-01 00:00:00,0.1613720059394836,0.1682419925928115,0.1544200032949447,0.1591850072145462,2406203136.0,1730419200,0.1581944291080747,0.13479756027460094,0.11402554516539426,63.608527432861706,0.012486211493128063,0.01051867168212857,0.001967539810999494,1811024159.65,0.12036628310202335,-2.0
2024-11-02 00:00:00,0.1591890007257461,0.1632979959249496,0.1560350060462951,0.1593160033226013,1342216649.0,1730505600,0.16133143007755277,0.1368884405493736,0.11427805030887773,63.671657898513594,0.012159413546466491,0.010846820054996154,0.0013125934914703374,1849452546.45,0.10874798413294462,-2.0
2024-11-03 00:00:00,0.1593160033226013,0.1596270054578781,0.1428229957818985,0.1514540016651153,2214868458.0,1730592000,0.16235171684197014,0.13862904071807858,0.11447867653285611,57.252298225090236,0.011137638230433983,0.01090498369008372,0.00023265454035026334,1908294046.6,0.08562955614280954,-2.0
2024-11-04 00:00:00,0.1514540016651153,0.1598940044641494,0.1485809981822967,0.1583459973335266,2541759238.0,1730678400,0.16195114595549445,0.14072368055582044,0.11476424223545822,60.967391133411255,0.01075996619021985,0.010875980190110945,-0.00011601399989109515,1967019639.85,0.14331720601791886,-2.0
2024-11-05 00:00:00,0.1583449989557266,0.1788399964570999,0.1581790000200271,0.1701799929141998,4095671194.0,1730764800,0.16114271538598193,0.1431015601754188,0.11518349468407,66.37162227267957,0.011285471034775618,0.01095787835904388,0.00032759267573173774,2058289370.25,0.19856041599456642,-2.0
2024-11-06 00:00:00,0.1701879948377609,0.2133360058069229,0.1696940064430236,0.1966580003499984,12194137333.0,1730851200,0.16521585839135303,0.14651124030351634,0.11590130273440868,74.78403409238445,0.013680787719436871,0.011502460231122478,0.002178327488314393,2590140881.05,0.5010570812501265,-2.0
2024-11-07 00:00:00,0.1966580003499984,0.203477993607521,0.1862549930810928,0.1931589990854263,4338342915.0,1730937600,0.16975685741220198,0.14978416025638577,0.11661993907858624,72.21319639401821,0.015122431314867318,0.012226454447871446,0.0028959768669958724,2696208145.05,0.40625526151806035,-2.0
2024-11-08 00:00:00,0.1931589990854263,0.2065639942884445,0.1912889927625656,0.2021320015192031,4089504352.0,1731024000,0.17589214231286726,0.1532032802700996,0.11745727242845475,74.62250732788515,0.01679538382663273,0.013140240323623703,0.003655143503009028,2805754398.65,0.40065974751291034,-2.0
2024-11-09 00:00:00,0.2021310031414032,0.2197369933128357,0.1978249996900558,0.218760997056961,4290391407.0,1731110400,0.18438428427491863,0.15725264012813564,0.11854063606623444,78.36619849849936,0.019241230779584756,0.014360438414815914,0.004880792364768842,2947428272.15,0.35749926048996916,-2.0
2024-11-10 00:00:00,0.2187940031290054,0.2966139912605285,0.217301994562149,0.2790949940681457,14901681717.0,1731196800,0.20261871176106583,0.16338551998138423,0.1202671612904529,86.27654526773745,0.025751187774617934,0.01663858828677632,0.009112599487841613,3588752550.9,0.5872188940740435,-2.0
2024-11-11 00:00:00,0.2790949940681457,0.3496020138263702,0.2761420011520386,0.3495210111141205,19590715363.0,1731283200,0.2299294280154364,0.17218004047870633,0.12274986844171173,90.59805913143747,0.0361761504521762,0.020546100719856297,0.015630049732319906,4485923159.15,1.0786757493096255,-2.0
2024-11-12 00:00:00,0.3495210111141205,0.4358629882335663,0.333431988954544,0.3822210133075714,39936467957.0,1731369600,0.26022100235734663,0.18198036074638363,0.12565611099654975,91.87709613084306,0.04654013961438827,0.025744908498762695,0.020795231115625576,6411209189.05,1.3685707510564677,-2.0
2024-11-13 00:00:00,0.3822180032730102,0.4316239953041076,0.3566089868545532,0.399522989988327,28286313456.0,1731456000,0.28920171516282217,0.19218020021915433,0.1287182522843582,92.46146262715882,0.05550991684576126,0.03169791016816241,0.02381200667759885,7758036216.25,1.509802882691448,-2.0
2024-11-14 00:00:00,0.399522989988327,0.4147039949893951,0.3558079898357391,0.3616459965705871,15564516841.0,1731542400,0.3132712862321308,0.20096271991729733,0.1314064441907285,79.05358536071608,0.05888340190430205,0.03713500851539034,0.021748393388911713,8463318160.1,1.2699916457123575,-2.0
2024-11-15 00:00:00,0.3617129921913147,0.3842459917068481,0.3544690012931824,0.3791890144348144,11623194182.0,1731628800,0.33856514522007525,0.21038268029689786,0.13415174735615948,80.46642991587181,0.062254852854956966,0.04215897738330367,0.0200958754716533,8997081785.75,1.5036579441014117,-2.0
2024-11-16 00:00:00,0.3791899979114532,0.3898789882659912,0.3613030016422272,0.3637480139732361,7524229950.0,1731715200,0.35927757620811457,0.2193522810935974,0.13677572729912668,75.63094506542504,0.06295508529679761,0.046318198966002457,0.01663688633079515,9316828455.25,1.2971721426407012,-2.0
2024-11-17 00:00:00,0.363750010728836,0.3735580146312713,0.3416990041732788,0.3665600121021271,7832273719.0,1731801600,0.3717725787843977,0.2284748017787933,0.1394157072510382,75.91480218153292,0.06301058252736152,0.049656675678274274,0.01335390684908725,9554535131.25,1.15395479706558,-2.0
2024-11-18 00:00:00,0.3665699958801269,0.3799059987068176,0.3592349886894226,0.3717409968376159,8396330143.0,1731888000,0.37494686245918274,0.23766496181488034,0.1421548486357987,76.45889122691058,0.06274929187462452,0.05227519891754433,0.010474092957080197,9785082721.9,0.8902917561249317,-2.0
2024-11-19 00:00:00,0.3717400133609772,0.4183340072631836,0.3680199980735779,0.3913559913635254,12889618537.0,1731974400,0.37625185932431904,0.248078681230545,0.1450193838940726,78.4442686901066,0.06339421423851144,0.05449900198173775,0.008895212256773685,10313603377.1,1.0260821044658899,-2.0
2024-11-20 00:00:00,0.3913399875164032,0.3955990076065063,0.3665690124034881,0.377496987581253,8029529786.0,1732060800,0.3731052875518799,0.25768428087234496,0.14775757566846978,73.71390944921646,0.062071492549654605,0.05601350009532113,0.006057992454333479,10604398316.65,0.8675765576159387,-2.0
2024-11-21 00:00:00,0.377496987581253,0.3949440121650696,0.3700119853019714,0.3876169919967651,8052510566.0,1732147200,0.3768154297556196,0.2674164807796478,0.15063698973619571,74.90397586861863,0.061135098501221785,0.057037819776501256,0.0040972787247205295,10886713688.15,0.7718743158582211,-2.0
2024-11-22 00:00:00,0.3876259922981262,0.4191919863224029,0.381520003080368,0.4129239916801452,13591947495.0,1732233600,0.3816347122192383,0.2774874407052993,0.15379514116229429,77.63126547487427,0.06172355215880221,0.057974966252961446,0.0037485859058407622,11499200230.45,0.4795105625553533,-2.0
2024-11-23 00:00:00,0.4129239916801452,0.4774599969387054,0.40556600689888,0.4300119876861572,20873625275.0,1732320000,0.391100994178227,0.2876543599367142,0.1571241612687255,79.2694832000455,0.06284433402594675,0.05894883980755851,0.0038954942183882374,12432138071.3,0.2302893789287992,-2.0
2024-11-24 00:00:00,0.4300119876861572,0.4524280130863189,0.400967001914978,0.4298819899559021,12213185937.0,1732406400,0.4001469910144806,0.2981237995624542,0.16042847427153822,79.22194912496835,0.06299589454137072,0.05975825075432096,0.003237643787049764,12915709406.25,0.12469481004169203,-2.0
2024-11-25 00:00:00,0.4298950135707855,0.4370419979095459,0.3815149962902069,0.393339991569519,9773285006.0,1732492800,0.40323256169046673,0.3074025189876556,0.1633897671344304,67.05050091486554,0.05948170539253134,0.05970294168196304,-0.00022123628943170048,13199590096.85,-0.015475951506542018,-2.0
2024-11-26 00:00:00,0.3933109939098358,0.408372014760971,0.3673189878463745,0.3876180052757263,8847260920.0,1732579200,0.402698563677924,0.3165398389101028,0.1662798076115473,65.35721812935014,0.05559411435627165,0.05888117621682477,-0.0032870618605531157,13032246276.2,0.07181611009502742,-2.0
2024-11-27 00:00:00,0.3876149952411651,0.408051997423172,0.3816910088062286,0.4015249907970428,6388400976.0,1732665600,0.406131135565894,0.3262281984090805,0.1692952014731638,67.50511462092683,0.05302411892094505,0.05770976475764883,-0.004685645836703778,13134749179.25,0.05890459773873036,-2.0
2024-11-28 00:00:00,0.4015150070190429,0.4273050129413605,0.3922590017318725,0.4020180106163025,5955119388.0,1732752000,0.4081884239401136,0.336250758767128,0.1722836965563321,67.58185162752251,0.05044565548658797,0.056256942903436656,-0.005811287416848686,13228029931.05,0.10521018719811415,-2.0
2024-11-29 00:00:00,0.4020189940929413,0.4370859861373901,0.3999919891357422,0.4258390069007873,6768739922.0,1732838400,0.410033426114491,0.3469504791498184,0.17552138345711155,71.12938221237476,0.04975086297824338,0.05495572691839801,-0.005204863940154625,13351947356.8,0.16171702542978017,-2.0
2024-11-30 00:00:00,0.4258390069007873,0.43470099568367,0.4153609871864319,0.4219709932804107,5601447294.0,1732924800,0.4088847126279558,0.35702211916446686,0.17864303998272824,69.7938093009719,0.04833098898086935,0.05363077933089228,-0.005299790350022933,12886935635.65,0.1351209494516321,-2.0
2024-12-01 00:00:00,0.421968013048172,0.4492810070514679,0.4176940023899078,0.4400230050086975,8333397829.0,1733011200,0.4103334290640694,0.36675671935081483,0.18195002992646858,72.39859528352416,0.048107818106768785,0.052526187086067586,-0.004418368979298801,12324069758.95,0.12435484499831251,-2.0
2024-12-02 00:00:00,0.4400489926338196,0.4602450132369995,0.4051119983196258,0.42467001080513,13072433718.0,1733097600,0.4148091460977281,0.376017159819603,0.18513156541369175,67.09898200199491,0.046159991609604545,0.05125294799077498,-0.005092956381170438,10980868047.0,0.12496264811576396,-2.0
2024-12-03 00:00:00,0.42467200756073,0.4280489981174469,0.3914720118045807,0.4078820049762726,9362620939.0,1733184000,0.41770400319780615,0.3842471599578857,0.18818803011166926,61.77408659968296,0.04276866278804736,0.04955609095022946,-0.006787428162182099,10034683421.15,0.05228102327277906,-2.0
2024-12-04 00:00:00,0.4078510105609894,0.4356260001659393,0.4019590020179748,0.4319570064544678,8065078709.0,1733270400,0.4220514340060098,0.392775000333786,0.19155066656042827,65.94753972022895,0.04154475955246062,0.0479538246706757,-0.006409065118215082,9659711514.55,0.04609326451795437,-2.0
2024-12-05 00:00:00,0.4319030046463012,0.4634039998054504,0.4090110063552856,0.4305860102176666,15284058219.0,1733356800,0.42613257680620464,0.39883464097976684,0.19489368683460984,65.50891540753503,0.040003049231586985,0.04636366958285796,-0.006360620351270975,9842754716.4,0.001334898905023918,-2.0
2024-12-06 00:00:00,0.4278939962387085,0.441781997680664,0.4212599992752075,0.435708999633789,6668459793.0,1733443200,0.42754257576806204,0.4022821605205536,0.1982803939267842,66.40800259743881,0.03874795284550392,0.04484052623538716,-0.006092573389883241,9799966208.55,0.013554905332239242,-2.0
2024-12-07 00:00:00,0.4357120096683502,0.4660390019416809,0.4321280121803283,0.4538869857788086,8127914572.0,1733529600,0.43210200326783316,0.40514879941940307,0.20183437355238978,69.45098323098387,0.038773138869736656,0.04362704876225706,-0.004853909892520401,9814748251.2,0.15393043043422283,-2.0
2024-12-08 00:00:00,0.4538910090923309,0.4835099875926971,0.4482400119304657,0.4672969877719879,8171222257.0,1733616000,0.43599828651973177,0.4078597593307495,0.20553098957646973,71.50189554207641,0.03942075612613005,0.04278579023503166,-0.003365034108901606,9803492856.9,0.20556058132434574,-2.0
2024-12-09 00:00:00,0.4672990143299103,0.4672990143299103,0.3847210109233856,0.4147189855575561,11830538830.0,1733702400,0.4345767114843641,0.40998267889022827,0.20875689853923485,55.70975430057751,0.035284652590516274,0.041285562706128584,-0.00600091011561231,9750538871.55,0.032859710012875354,-2.0
2024-12-10 00:00:00,0.4147219955921173,0.4224070012569427,0.3668400049209595,0.3945200145244598,11257345383.0,1733788800,0.43266785570553373,0.4105959188938141,0.21174078758316808,51.04541581028429,0.03003069740082237,0.03903458964506734,-0.009003892244244971,9911929651.4,-0.018650895964457237,-2.0
2024-12-11 00:00:00,0.3945119976997375,0.4187879860401153,0.3766329884529114,0.4144920110702514,6670843571.0,1733875200,0.43017285636493136,0.4126256787776947,0.21495061601051174,55.052608517761605,0.027165328274078915,0.03666073737086966,-0.009495409096790745,9842846301.65,-0.026646210531811487,-2.0
2024-12-12 00:00:00,0.4144949913024902,0.4233590066432953,0.40174400806427,0.4065479934215545,5601004925.0,1733961600,0.4267388539654868,0.41422519803047175,0.21806700986744174,53.187683647637954,0.023977093752385825,0.034124008647172896,-0.01014691489478707,9443299173.15,-0.03654990533580871,-2.0
2024-12-13 00:00:00,0.4065479934215545,0.4116869866847992,0.399861991405487,0.4090810120105743,3815608761.0,1734048000,0.42293485573359896,0.4157187986373901,0.2212061210714205,53.72595805916849,0.021408010139899847,0.03158080894571829,-0.010172798805818443,8590398347.45,-0.0703190347911733,-2.0
2024-12-14 00:00:00,0.4090810120105743,0.4127539992332458,0.388139009475708,0.3979760110378265,3165759137.0,1734134400,0.4149475736277443,0.41598359942436214,0.22429189898750995,50.959442125623156,0.018265360392805297,0.028917719235135694,-0.010652358842330397,8138027007.45,-0.06285821717595386,-2.0
2024-12-15 00:00:00,0.3979719877243042,0.409835010766983,0.3929089903831482,0.4062719941139221,2654366167.0,1734220800,0.4062297173908778,0.41713459968566885,0.22743342417960216,52.910227708664436,0.01625680598855589,0.026385536585819734,-0.010128730597263845,7782081065.5,-0.003947246612274857,-2.0
2024-12-16 00:00:00,0.4062950015068054,0.4135940074920654,0.3927359879016876,0.4019339978694916,3891164219.0,1734307200,0.40440329057829716,0.41770727992057793,0.23052285852456333,51.75097356377399,0.014151838524262828,0.023938796973508356,-0.009786958449245528,7534276230.45,-0.06950462230351828,-2.0
2024-12-17 00:00:00,0.4019350111484527,0.4098989963531494,0.3915959894657135,0.394336998462677,3618256203.0,1734393600,0.4043771454266139,0.4169638001918792,0.23345728278762162,49.69739984308057,0.011735344535178938,0.021498106485842473,-0.009762761950663536,7395768991.8,-0.0841852983952388,-2.0
2024-12-18 00:00:00,0.3943409919738769,0.3961629867553711,0.3564940094947815,0.358038991689682,5749656033.0,1734480000,0.39631242837224684,0.4140848803520202,0.23603634333068674,41.270676598719206,0.006812776401894982,0.018561040469052974,-0.011748264067157992,7385495824.05,-0.17826119728853018,-2.0
2024-12-19 00:00:00,0.3580470085144043,0.3670360147953033,0.3027690052986145,0.3150660097599029,9565836573.0,1734566400,0.38324357356343947,0.4094922411441802,0.23819480806288093,33.93458142303004,-0.0005496191431035302,0.014738908546621673,-0.015288527689725204,7525350656.6,-0.3058492099761523,-2.0
2024-12-20 00:00:00,0.3150539994239807,0.3280569911003113,0.2644400000572204,0.3177129924297333,11414899319.0,1734652800,0.3701909993376051,0.4064671611785888,0.2403656564878695,34.70450370047307,-0.00610045898226852,0.010571035040843635,-0.016671494023112153,7816023257.85,-0.3201047711765743,-2.0
2024-12-21 00:00:00,0.3177190124988556,0.3494060039520263,0.3152489960193634,0.3209510147571563,6875286934.0,1734739200,0.3591874284403665,0.403800481557846,0.2425256263126026,35.69181111439711,-0.010121582898717119,0.006432511452931486,-0.016554094351648604,7743117713.1,-0.22610001969004712,-2.0
2024-12-22 00:00:00,0.3209039866924286,0.3240320086479187,0.3057180047035217,0.3121919929981231,4115525341.0,1734825600,0.3457474282809666,0.40022716164588923,0.24461375756396184,34.18597538971768,-0.013855415818037398,0.0023749259987377097,-0.016230341816775108,7295272294.25,-0.20867894782365326,-2.0
2024-12-23 00:00:00,0.3121989965438843,0.3278819918632507,0.3032779991626739,0.3242189884185791,4390431993.0,1734912000,0.3346452840736934,0.3971152007579803,0.2468489695980091,38.050809602521134,-0.01566346857521167,-0.0012327529160521664,-0.014430715659159503,7046662846.95,-0.2177919483142272,-2.0
2024-12-24 00:00:00,0.3242180049419403,0.3394339978694916,0.3163929879665375,0.3369239866733551,3138423654.0,1734998400,0.32644342524664743,0.393558599948883,0.24924524218747107,41.93021181507871,-0.01588802892503599,-0.004163808117848932,-0.011724220807187059,6800330094.2,-0.171256549964091,-2.0
2024-12-25 00:00:00,0.3369260132312774,0.3413659930229187,0.326898992061615,0.334318995475769,2538802504.0,1735084800,0.3230548543589455,0.3900525200366973,0.25160061590599286,41.358327122866186,-0.016090711927981727,-0.006549188879875491,-0.009541523048106236,6163067308.45,-0.18275601736526648,-2.0
2024-12-26 00:00:00,0.334304004907608,0.3373810052871704,0.3089979887008667,0.3122560083866119,2514756816.0,1735171200,0.32265342559133253,0.3849418401718139,0.2537084038962017,36.782539496211626,-0.017826149582097328,-0.00880458102031986,-0.009021568561777469,5955382159.6,-0.21538987344407334,-2.0
2024-12-27 00:00:00,0.3122549951076507,0.3238469958305359,0.3097639977931976,0.3110359907150268,2157162506.0,1735257600,0.3216995682035173,0.38039647936820975,0.25578926240253924,36.54178238896572,-0.019079999301065298,-0.010859664676468947,-0.008220334624596351,5656844556.3,-0.23441439424493127,-2.0
2024-12-28 00:00:00,0.311055988073349,0.3258579969406128,0.311055988073349,0.3239189982414245,1410132054.0,1735344000,0.3221235658441271,0.3770379590988158,0.2579958078385603,40.938020695785184,-0.01881721999842373,-0.012451175740859905,-0.006366044257563824,5318790046.15,-0.19409903128771566,-2.0
2024-12-29 00:00:00,0.3239170014858246,0.3289330005645752,0.3116669952869415,0.3143199980258941,1654780626.0,1735430400,0.32242756656238003,0.3723324787616729,0.26005915123404877,38.78216903019538,-0.019162629735787695,-0.013793466539845464,-0.005369163195942231,4810002135.95,-0.20291527487587824,-2.0
2024-12-30 00:00:00,0.3143199980258941,0.3224799931049347,0.3065469861030578,0.3135139942169189,2526977895.0,1735516800,0.3208982816764286,0.367649598121643,0.2621518279416392,38.59836428834713,-0.019279168953688586,-0.01489060702261409,-0.004388561931074496,4373483761.55,-0.12435795683212525,-2.0
2024-12-31 00:00:00,0.3135179877281189,0.3278659880161285,0.3094030022621155,0.3156810104846954,2204579838.0,1735603200,0.31786357079233435,0.36284847855567925,0.2642480401378689,39.42954454076232,-0.018977901585056856,-0.015708065935102645,-0.0032698356499542107,4150170574.9,0.001951974207757834,-2.0
2025-01-01 00:00:00,0.3156819939613342,0.3264780044555664,0.311722993850708,0.3243060111999511,1532271286.0,1735689600,0.31643314446721754,0.35766523957252494,0.2664150200558431,42.75126312497042,-0.017837559269555103,-0.016133964601993137,-0.0017035946675619668,3946733892.95,0.020751492470601374,-2.0
2025-01-02 00:00:00,0.3243060111999511,0.3441779911518097,0.3242920041084289,0.3386099934577942,3205163576.0,1735776000,0.3201979994773864,0.3525177597999572,0.2687393230470744,47.858307456622185,-0.015599793238042836,-0.01602713032920308,0.0004273370911602424,3916211633.7,0.05502079098892798,-2.0
2025-01-03 00:00:00,0.3386099934577942,0.3877969980239868,0.335886001586914,0.3792789876461029,4823481336.0,1735862400,0.3299469990389688,0.3511001598834991,0.27137672697955906,59.04500201072943,-0.010424532073112058,-0.014906610677984876,0.004482078604872817,3999097743.65,0.21489018345317756,-2.0
2025-01-04 00:00:00,0.3792830109596252,0.3979969918727875,0.378042995929718,0.3947460055351257,4431717187.0,1735948800,0.3400651429380689,0.3511091995239257,0.2741144240053013,62.3530674428492,-0.005017206006043551,-0.012928729743596611,0.00791152373755306,4087965294.65,0.2175289530713529,-2.0
2025-01-05 00:00:00,0.3947460055351257,0.3973050117492676,0.3763160109519958,0.3825629949569702,2594267525.0,1736035200,0.34981414249965115,0.3498320388793945,0.27667898955670267,58.354759992436115,-0.0016953849340217153,-0.010682060781681633,0.008986675847659917,4023120459.95,0.1354578780045772,-2.0
2025-01-06 00:00:00,0.3824940025806427,0.3937020003795624,0.3765510022640228,0.3879570066928863,2937148475.0,1736121600,0.3604488585676465,0.34908839941024783,0.27933841386828756,59.59026998104572,0.0013567935934647446,-0.008274289906652358,0.009631083500117103,3989065073.55,0.16043961588477829,-2.0
2025-01-07 00:00:00,0.3879519999027252,0.3978079855442047,0.3484219908714294,0.3484370112419128,5280516863.0,1736208000,0.365128287247249,0.34666263937950137,0.28170214126808474,48.2870696595102,0.0005800472916347443,-0.006503422466994938,0.007083469758629683,3965608115.05,0.11586967707120732,-2.0
2025-01-08 00:00:00,0.3484359979629516,0.3551110029220581,0.3268100023269653,0.3422479927539825,4416730765.0,1736294400,0.36769142746925354,0.3444335186481476,0.28407794929514024,46.79024487055549,-0.0005288357278292466,-0.0053085051191618,0.0047796693913325534,3708152824.65,0.10034852226330404,-2.0
2025-01-09 00:00:00,0.3422470092773437,0.3462859988212585,0.3151029944419861,0.3209120035171509,3614560190.0,1736380800,0.36516314319201876,0.34101911902427673,0.2862613129645887,41.96117544999263,-0.0030936083377225976,-0.00486552576287396,0.0017719174251513625,3318135868.2,-0.009283168757000304,-2.0
2025-01-10 00:00:00,0.3209089934825897,0.3385339975357055,0.3208909928798675,0.3339810073375702,3222794655.0,1736467200,0.3586920031479427,0.3383009994029999,0.28857325243227405,45.66062535997594,-0.004025249156520472,-0.004697470441603262,0.0006722212850827905,3135511254.25,0.06255093355547925,-2.0
2025-01-11 00:00:00,0.3339790105819702,0.3478110134601593,0.3300749957561493,0.34095498919487,1461005907.0,1736553600,0.35100757224219187,0.3361657190322876,0.2909135654418155,47.580762526739484,-0.004152966354637022,-0.004588569624210014,0.0004356032695729921,3002785282.55,0.08752717736409821,-2.0
2025-01-12 00:00:00,0.3409500122070312,0.3429889976978302,0.3322780132293701,0.3359589874744415,1436724129.0,1736640000,0.3443498568875449,0.335282518863678,0.2932011613039055,46.31807873992374,-0.00460424388237346,-0.004591704475842704,-1.2539406530755887e-05,2855099889.35,0.06423565661618791,-2.0
2025-01-13 00:00:00,0.3359560072422027,0.3452140092849731,0.3113990128040313,0.3382990062236786,3713750868.0,1736726400,0.33725585682051523,0.336211838722229,0.295492262400762,47.02716305625906,-0.004718670718895979,-0.004617097724453359,-0.00010157299444261969,2883866250.05,0.043147504333800546,-2.0
2025-01-14 00:00:00,0.3382970094680786,0.3610909879207611,0.3360579907894134,0.3561199903488159,3143614167.0,1736812800,0.3383534252643585,0.3377481186389923,0.29799190878567067,52.20501026832845,-0.003332930381757193,-0.004360264255914126,0.0010273338741569327,2914106833.2,0.051711400222463455,-2.0
2025-01-15 00:00:00,0.3561199903488159,0.3873539865016937,0.3487440049648285,0.3857100009918213,4079184871.0,1736899200,0.3445622835840498,0.3403384780883789,0.3008067169123225,59.315828773005045,0.00015120241665977918,-0.0034579709213993447,0.003609173338059124,2992328235.95,0.01695589145507581,-2.0
2025-01-16 00:00:00,0.3857130110263824,0.3893490135669708,0.368461012840271,0.3767479956150055,4097841421.0,1736985600,0.3525388538837433,0.3429207181930542,0.30352195931805503,56.570634807051434,0.0021642951783327202,-0.0023335177014529316,0.004497812879785652,3089362181.7,-0.04559390004649122,-2.0
2025-01-17 00:00:00,0.3767060041427612,0.4205009937286377,0.3759729862213135,0.4159390032291412,6276540245.0,1737072000,0.36424713901111055,0.34658951878547667,0.3066528583265314,64.34241151160936,0.006843188460220195,-0.0004981764691183062,0.0073413649293385015,3332682591.25,0.08724316965347101,-2.0
2025-01-18 00:00:00,0.4159129858016968,0.4335120022296905,0.387239009141922,0.3960810005664825,7331618418.0,1737158400,0.3721222834927695,0.3489557993412018,0.3095351613380692,58.61835061400719,0.008846888813849096,0.0013708365874751745,0.007476052226373922,3616524480.85,0.020940448898831843,-2.0
2025-01-19 00:00:00,0.3960849940776825,0.408964991569519,0.3521200120449066,0.3577570021152496,9531626101.0,1737244800,0.37523628558431354,0.349893319606781,0.3120234543175408,49.47131626546675,0.007258735210880607,0.0025484163121562613,0.004710318898724346,3966756891.15,0.026747993389445446,-2.0
2025-01-20 00:00:00,0.3577390015125274,0.3849729895591736,0.3472470045089721,0.3546079993247986,8850825869.0,1737331200,0.3775661417416164,0.3515873992443085,0.31448074723735,48.79751574289035,0.005680532191528753,0.00317483948803076,0.0025056927034979933,4299069192.7,0.03611418279288725,-2.0
2025-01-21 00:00:00,0.3545730113983154,0.4001699984073639,0.3358989953994751,0.3715769946575165,9507969594.0,1737417600,0.3797742852142879,0.35400903940200806,0.31705572696948287,52.54810260975627,0.005732964984201783,0.0036864645872649645,0.002046500396936818,4697854108.1,0.15787814287120572,-2.0
2025-01-22 00:00:00,0.3715879917144775,0.3733420073986053,0.355989009141922,0.3630560040473938,2940097446.0,1737504000,0.37653799993651255,0.3555745196342468,0.31953581791333474,50.5458789514688,0.005028974730540314,0.0039549666159200345,0.0010740081146202798,4684600801.6,0.08705583871850586,-2.0
2025-01-23 00:00:00,0.3629800081253052,0.3640869855880737,0.3429929912090301,0.3523530066013336,3093003294.0,1737590400,0.37305300150598797,0.3570958399772644,0.32182450487156106,48.06837145940927,0.0035663047955866167,0.003877234251853351,-0.0003109294562667342,4598076899.5,0.0334296835877923,-2.0
2025-01-24 00:00:00,0.3523020148277282,0.3638930022716522,0.3432880043983459,0.350739985704422,2122786422.0,1737676800,0.3637388561453138,0.35858487963676455,0.3240576562556354,47.68899823264242,0.002251022640577638,0.0035519919295982083,-0.0013009692890205704,4482630361.25,0.04399643641355189,-2.0
2025-01-25 00:00:00,0.3507449924945831,0.3595879971981048,0.3459599912166595,0.3537760078907013,1500843148.0,1737763200,0.35769528576305937,0.36010867953300474,0.3262451613190198,48.512675770559085,0.0014370680480592646,0.00312900715329042,-0.0016919391052311553,4427959142.4,0.045749474229284326,-2.0
2025-01-26 00:00:00,0.3537850081920624,0.3570230007171631,0.3363009989261627,0.336326003074646,1263299832.0,1737849600,0.3546337144715445,0.36058947920799256,0.3281825249544298,44.20438657646142,-0.0006090456840898151,0.002381396585814373,-0.0029904422699041882,4344266710.25,-0.05558235373078024,-2.0
2025-01-27 00:00:00,0.3363229930400848,0.3367410004138946,0.3078100085258484,0.3338220119476318,4453314117.0,1737936000,0.3516642877033778,0.36039795994758606,0.3301192826092845,43.605951143313106,-0.002404934131842118,0.001424130442283075,-0.0038290645741251928,4302906572.95,-0.13452591042691098,-2.0
2025-01-28 00:00:00,0.3338179886341095,0.3386459946632385,0.3158349990844726,0.3190740048885345,2019292120.0,1738022400,0.3441638605935233,0.3579897606372833,0.33189083816427173,40.15764802232457,-0.004961041779304287,0.00014709599796560238,-0.0051081377772698895,4183034640.7,-0.1530837360722349,-2.0
2025-01-29 00:00:00,0.3190740048885345,0.3335089981555938,0.3179410099983215,0.3238640129566192,1981300959.0,1738108800,0.33856500472341267,0.3551544809341431,0.33375302017337144,41.76831812235635,-0.0065250452266789605,-0.0011873322469633102,-0.00533771297971565,4101371679.15,-0.22136656951547717,-2.0
2025-01-30 00:00:00,0.323870986700058,0.3380840122699737,0.3228709995746612,0.331508994102478,1365524939.0,1738195200,0.33558728865214754,0.35311232089996336,0.33570263632620223,44.34310775749994,-0.007066188517383443,-0.002363103501047337,-0.004703085016336105,4008508193.35,-0.16302727566243358,-2.0
2025-01-31 00:00:00,0.331506997346878,0.3406769931316376,0.3243130147457123,0.3287279903888702,1796042122.0,1738281600,0.332442717892783,0.3507431602478027,0.33758890899744903,43.58808500187039,-0.007631481266258677,-0.003416779054089605,-0.004214702212169072,4025260004.1,-0.08114170108410024,-2.0
2025-02-01 00:00:00,0.3287270069122314,0.3318940103054046,0.3042640089988708,0.3083570003509521,1577548524.0,1738368000,0.3259542882442474,0.3491399598121643,0.3393802624760252,38.42674191697754,-0.009612442240439223,-0.004655911691359529,-0.004956530549079694,4032301223.85,-0.1304285268857781,-2.0
2025-02-02 00:00:00,0.3083769977092743,0.3145889937877655,0.2545549869537353,0.2675090134143829,5607210222.0,1738454400,0.3161232897213527,0.3461504006385803,0.340694929313178,30.60174268029232,-0.014313462562837553,-0.006587421865655134,-0.007726040697182419,4126974191.55,-0.2800711097280211,-2.0
2025-02-03 00:00:00,0.2675099968910217,0.2924639880657196,0.2117200046777725,0.2850039899349212,11007373557.0,1738540800,0.3091492865766797,0.34471408009529114,0.3421160605820743,36.56027652312188,-0.016437871097974732,-0.008557511712119053,-0.007880359385855679,4520162161.05,-0.2149861543187248,-2.0
2025-02-04 00:00:00,0.2850160002708435,0.2884669899940491,0.2562919855117798,0.2641440033912658,4306969827.0,1738627200,0.30130214350564133,0.34192059993743895,0.34315640411593695,32.92978758298311,-0.019579012083710268,-0.010761811786437297,-0.00881720029727297,4531551408.85,-0.2503427005232597,-2.0
2025-02-05 00:00:00,0.2641279995441437,0.2690280079841614,0.2543720006942749,0.2562330067157745,1818131454.0,1738713600,0.29164057118552067,0.33853172063827514,0.34396846472012876,31.646331874736376,-0.022447973991562675,-0.013099044227462373,-0.009348929764100303,4417565910.5,-0.26945025614584783,-2.0
2025-02-06 00:00:00,0.2562330067157745,0.2656950056552887,0.2439420074224472,0.2480839937925338,1892595490.0,1738800000,0.2797227139983858,0.33501672089099876,0.3447759192098271,30.334763147631165,-0.025089982511630693,-0.015497231884296038,-0.009592750627334655,4198368672.75,-0.29875404702633457,-2.0
2025-02-07 00:00:00,0.2480790019035339,0.2612169981002807,0.239544004201889,0.2466129958629608,2042225149.0,1738886400,0.2679920004946844,0.3313492804765701,0.34563693931006423,30.09231713660617,-0.026991351044394873,-0.017796055716315803,-0.00919529532807907,3933899009.3,-0.2667441898382559,-2.0
2025-02-08 00:00:00,0.2466129958629608,0.2539499998092651,0.2449920028448104,0.2532660067081451,989182891.0,1738972800,0.260121858545712,0.3272351211309432,0.3465872524362622,32.71173403310155,-0.02764270898931631,-0.019765386370915905,-0.007877322618400406,3506776848.8,-0.24131424039264338,-2.0
2025-02-09 00:00:00,0.2532649934291839,0.2598359882831573,0.2403060048818588,0.2492900043725967,1242077795.0,1739059200,0.25751914296831396,0.3217783212661742,0.3474960807296965,31.941456006719633,-0.028155189514363244,-0.021443346999605376,-0.006711842514757867,3126339445.1,-0.2187078842111132,-2.0
2025-02-10 00:00:00,0.2492890059947967,0.2559249997138977,0.2420610040426254,0.2552599906921386,1342589439.0,1739145600,0.25327000021934504,0.3169188010692596,0.3485446260734038,34.4378244682498,-0.027759610509757227,-0.022706599701635747,-0.00505301080812148,2718070437.35,-0.21182971716487042,-2.0
2025-02-11 00:00:00,0.255264014005661,0.2692329883575439,0.2490310072898864,0.2531220018863678,1721245015.0,1739232000,0.25169542857578814,0.31040612101554865,0.34950195945272544,33.95745222392847,-0.02730388691504465,-0.02362605714431753,-0.0036778297707271215,2657127815.8,-0.2364550995918946,-2.0
2025-02-12 00:00:00,0.2531229853630066,0.2670300006866455,0.248890995979309,0.2641220092773437,1949247514.0,1739318400,0.25282242894172663,0.3051277613639831,0.35045086870891873,38.695574439299776,-0.025758189641103213,-0.02405248364367467,-0.0017057059974285443,2599940026.8,-0.1965332524166883,-2.0
2025-02-13 00:00:00,0.2641299962997436,0.2669180035591125,0.2540499866008758,0.2624920010566711,1492303517.0,1739404800,0.25488071569374626,0.30131716132164,0.35111585861504674,38.25756719792148,-0.02438366178150353,-0.024118719271240444,-0.0002649425102630859,2568415881.55,-0.14873993209844572,-2.0
2025-02-14 00:00:00,0.2624909877777099,0.2852930128574371,0.2612099945545196,0.271928995847702,2320487584.0,1739491200,0.25849728712013786,0.2980100011825561,0.351911515147999,42.32776380159772,-0.02227606730097703,-0.023750188877187762,0.0014741215762107303,2609398103.35,0.016522742082235586,-2.0
2025-02-15 00:00:00,0.2719320058822632,0.2826789915561676,0.2689409852027893,0.271723985671997,1624562147.0,1739577600,0.261134141257831,0.29401588082313534,0.3526144644828757,42.26258384288025,-0.02038731383536746,-0.023077613868823704,0.0026903000334562444,2627461219.1,-0.04659585385438503,-2.0
2025-02-16 00:00:00,0.2717260122299194,0.2738159894943237,0.2642379999160766,0.2657400071620941,969472255.0,1739664000,0.2634841416563306,0.29012324094772335,0.35308899993848314,40.311323989712484,-0.01915254158435087,-0.02229259941192914,0.0031400578275782715,2453269126.0,0.006042173020540664,-2.0
2025-02-17 00:00:00,0.2657580077648163,0.2684989869594574,0.2544839978218078,0.2581480145454407,1369340298.0,1739750400,0.26389671649251667,0.2863550412654876,0.35287741428673863,37.91927782696802,-0.018572493886058417,-0.021548578306754995,0.0029760844206965786,2420771534.9,0.007473696906622251,-2.0
2025-02-18 00:00:00,0.2581480145454407,0.2593939900398254,0.2426030039787292,0.2509010136127472,1601424562.0,1739836800,0.263579432453428,0.2823614823818206,0.35188125269581566,35.739187950757554,-0.01848449654571871,-0.02093576195454774,0.0024512654088290307,2401777715.05,0.011355105088195261,-2.0
2025-02-19 00:00:00,0.2509030103683471,0.2552230060100555,0.2492779940366745,0.2547680139541626,1007520306.0,1739923200,0.26224314740725924,0.2784011626243591,0.3505938486619428,37.79434394410488,-0.017896424567553693,-0.02032789447714893,0.002431469909595238,2383877483.4,0.03306807924969801,-2.0
2025-02-20 00:00:00,0.2547670006752014,0.2574599981307983,0.2505120038986206,0.2548600137233734,1119395680.0,1740009600,0.26115286350250244,0.2751425230503082,0.34913260647744837,37.84527350750081,-0.017224397542472458,-0.019707195090213635,0.002482797547741177,2350045161.3,0.006293805615473769,-2.0
2025-02-21 00:00:00,0.254857987165451,0.260930985212326,0.2349189966917038,0.2393079996109008,2024664109.0,1740096000,0.2564927211829594,0.2713619625568389,0.34789686913442125,32.93621356056832,-0.017742207722193315,-0.019314197616609574,0.0015719898944162591,2372400940.55,-0.040041736879175005,-2.0
2025-02-22 00:00:00,0.239314004778862,0.2476650029420852,0.2383400052785873,0.2467229962348938,932077730.0,1740182400,0.2529211512633732,0.26846792221069327,0.34655882854654324,37.12396443102729,-0.01735419935485044,-0.01892219796425775,0.0015679986094073069,2138644315.95,-0.033444310775443964,-2.0
2025-02-23 00:00:00,0.2467239946126938,0.2474350035190582,0.2406550049781799,0.2430229932069778,707579811.0,1740268800,0.24967586355549945,0.26523428142070765,0.3453393838923386,35.91868162715984,-0.01714759247833464,-0.018567276867073126,0.0014196843887384868,1623654628.65,-0.03989779080494027,-2.0
2025-02-24 00:00:00,0.2430219948291778,0.243827998638153,0.2083220034837722,0.2103590071201324,2239353273.0,1740355200,0.24284886249474114,0.26038828194141383,0.3437615959632276,27.446826279098516,-0.019395980938381602,-0.01873301768133482,-0.0006629632570467822,1520273800.95,-0.20355366182587598,-2.0
2025-02-25 00:00:00,0.2103729993104934,0.2139209955930709,0.1967640072107315,0.2123890072107315,3432761745.0,1740441600,0.2373471472944532,0.2557347226142883,0.34215197990639035,28.574345442271948,-0.020774564699699627,-0.01914132708500778,-0.0016332376146918452,1601005315.5,-0.1908743643396681,-2.0
2025-02-26 00:00:00,0.2112679928541183,0.2135020047426223,0.1963640004396438,0.2055409997701645,2020402428.0,1740528000,0.23031471669673917,0.2516220825910568,0.3402750607993867,27.047325548261313,-0.022164184311948998,-0.019745898530396027,-0.002418285781552971,1607395662.4,-0.24413724571953754,-2.0
2025-02-27 00:00:00,0.2028529942035675,0.2112389951944351,0.2012549936771392,0.2068240046501159,1369944972.0,1740614400,0.22345242968627382,0.2491946822404861,0.33855109127482974,27.825542524624566,-0.022897986361755662,-0.020376316096667953,-0.002521670265087709,1573781653.55,-0.23884524165718313,-2.0
2025-02-28 00:00:00,0.2068230062723159,0.2068589925765991,0.181876003742218,0.2019630074501037,2620914147.0,1740700800,0.21811743080615995,0.2458730429410934,0.33667579850163115,26.66494428037859,-0.02359972864053103,-0.021020998605440572,-0.0025787300350904596,1655368216.35,-0.23999773460188167,-2.0
2025-03-01 00:00:00,0.2019630074501037,0.2086970061063766,0.1994629949331283,0.2065369933843612,1197948866.0,1740787200,0.21237657325608386,0.24356876254081722,0.3345910813471283,29.63883777092805,-0.023515707574838424,-0.02151994039932014,-0.001995767175518283,1653161769.9,-0.1999280190163717,-2.0
2025-03-02 00:00:00,0.2065369933843612,0.2416699975728988,0.2019049972295761,0.2392670065164566,3319886568.0,1740873600,0.21184000372886655,0.2428901225328445,0.33266436436561614,46.391489581039984,-0.02057095261454356,-0.021330142842364827,0.0007591902278212687,1752026626.35,-0.046368912300398635,-2.0
2025-03-03 00:00:00,0.2392590045928955,0.239653006196022,0.1942819952964782,0.1990759968757629,2824331185.0,1740960000,0.21022814512252805,0.24092980265617367,0.33033299069814,35.28244614254372,-0.021235502031638043,-0.021311214680219473,7.571264858143023e-05,1807180934.85,-0.21859893718219936,-2.0
2025-03-04 00:00:00,0.199082002043724,0.2016289979219436,0.1837339997291565,0.1991460025310516,2366639397.0,1741046400,0.2083362873111452,0.2390311229228973,0.328371435253307,35.31150337835565,-0.021508575886983766,-0.021350686921572333,-0.0001578889654114332,1828050529.0,-0.2186063257957528,-2.0
2025-03-05 00:00:00,0.1991430073976516,0.2059569954872131,0.1965830028057098,0.2047200053930282,1433656840.0,1741132800,0.20821900240012575,0.23708928287029263,0.3265239807090373,37.70962867067377,-0.021032760862872035,-0.021287101709832276,0.00025434084696024026,1825118195.15,-0.14453338072321198,-2.0
2025-03-06 00:00:00,0.2047190070152282,0.2192309945821762,0.1995660066604614,0.2017270028591156,1799078197.0,1741219200,0.20749085928712568,0.23518676280975337,0.32450581921471483,36.91820333460585,-0.020659039768477022,-0.021161489321561228,0.0005024495530842055,1799047725.8,-0.182374541742917,-2.0
2025-03-07 00:00:00,0.2017270028591156,0.2083310037851333,0.191547006368637,0.1979729980230331,1829178903.0,1741305600,0.20692085794040133,0.23289528310298915,0.3224447584814495,35.90047853461178,-0.020430272461860965,-0.021015245949621175,0.0005849734877602097,1809278563.6,-0.18537338623583044,-2.0
2025-03-08 00:00:00,0.1979729980230331,0.2006690055131912,0.1915059983730316,0.1921720057725906,949946399.0,1741392000,0.2048687168530055,0.23045728325843806,0.32008448574278087,34.32576290019365,-0.02048097241583685,-0.020908391242864314,0.00042741882702746273,1808302270.8,-0.08645696514984735,-2.0
2025-03-09 00:00:00,0.1921710073947906,0.1939969956874847,0.1662870049476623,0.1678030043840408,1797791194.0,1741478400,0.19465957369123182,0.22660452306270595,0.3175171323195852,28.642115534853943,-0.022231259129681352,-0.02117296482022772,-0.0010582943094536307,1829724815.6,-0.20992613229955281,-2.0
2025-03-10 00:00:00,0.1678030043840408,0.1802829951047897,0.1513639986515045,0.1540600061416626,2202314258.0,1741564800,0.18822871787207465,0.2222672432661056,0.3146286171795141,26.0249824184353,-0.024445526253826955,-0.02182747710694757,-0.0026180491468793844,1859769300.4,-0.25046581307898586,-2.0
2025-03-11 00:00:00,0.1540579944849014,0.1683170050382614,0.1453499943017959,0.1641660034656524,2372945325.0,1741651200,0.18323157514844618,0.21795672357082363,0.3119972635700245,31.016668403166605,-0.025095593003265693,-0.022481100286211194,-0.0026144927170544986,1928040551.35,-0.20625266035549417,-2.0
2025-03-12 00:00:00,0.1641550064086914,0.1725129932165146,0.1597909927368164,0.1723809987306594,1618464957.0,1741737600,0.17861171705382203,0.21398300409317014,0.3096184655271395,34.86430505451362,-0.024663587637631518,-0.02291759775649526,-0.0017459898811362576,1952994015.2,-0.1464724114229322,-2.0
2025-03-13 00:00:00,0.1723809987306594,0.1727109998464584,0.1620949953794479,0.1650650054216385,1437934838.0,1741824000,0.17337428884846817,0.2099560040235519,0.3069225867288281,33.093993396253566,-0.024627667371399792,-0.023259611679476166,-0.001368055691923626,1923657551.65,-0.2007968997861036,-2.0
2025-03-14 00:00:00,0.1650650054216385,0.1757020056247711,0.1649270057678222,0.1717990040779113,1042050428.0,1741910400,0.16963514685630796,0.20650204360485072,0.30430857656580024,36.30019782195259,-0.023781682456656322,-0.0233640258349122,-0.0004176566217441238,1929156186.55,-0.28197787660249307,-2.0
2025-03-15 00:00:00,0.171764999628067,0.1776120066642761,0.1715610027313232,0.1760679930448532,731309597.0,1741996800,0.1673345736094883,0.20350872278213497,0.301685940135609,38.31819189541407,-0.02250731131005959,-0.02319268292994168,0.0006853716198820872,1930342675.85,-0.11557397271388914,-2.0
2025-03-16 00:00:00,0.1760669946670532,0.1766989976167678,0.1662269979715347,0.1682350039482116,935490545.0,1742083200,0.1673962878329413,0.20004740238189694,0.29880056658176457,36.06081285736984,-0.02187723263242891,-0.022929592870439126,0.0010523602380102144,1865149539.45,-0.15521777083132893,-2.0
2025-03-17 00:00:00,0.1682330071926117,0.1759919971227646,0.1681929975748062,0.1734649986028671,1002401452.0,1742169600,0.17016842961311338,0.1967916017770767,0.29583256669116736,38.65921987916017,-0.02071706050362973,-0.02248708639707725,0.0017700258934475188,1743631524.8,-0.1526719713110437,-2.0
2025-03-18 00:00:00,0.1734720021486282,0.1734720021486282,0.1632370054721832,0.1680289953947067,1046683878.0,1742256000,0.17072028560297822,0.19394044160842897,0.29334074860871434,36.977177361214736,-0.02000564316002343,-0.021990797749666488,0.0019851545896430595,1694945597.3,-0.16704757908857304,-2.0
2025-03-19 00:00:00,0.1680289953947067,0.178516998887062,0.1670040041208267,0.1780650019645691,1238919491.0,1742342400,0.17153228606496532,0.19119412183761597,0.29115433434043264,41.99499919234335,-0.0184196872452429,-0.021276575648781774,0.0028568884035388743,1688394323.25,-0.10055914825388368,-2.0
2025-03-20 00:00:00,0.178069993853569,0.1790059953927993,0.167042002081871,0.1693509966135025,959535286.0,1742428800,0.1721445705209459,0.18824724197387696,0.28867816247723316,39.08514839996243,-0.01766235255659404,-0.02055373103034423,0.0028913784737501884,1605325380.2,-0.11875303620493849,-2.0
2025-03-21 00:00:00,0.1693509966135025,0.1714009940624237,0.1649589985609054,0.1670619994401931,743835419.0,1742515200,0.17146785557270047,0.18651536166667934,0.286259112032977,38.333756277096015,-0.01705031686214345,-0.019853048196704075,0.002802731334560625,1582619707.85,-0.0044159217921498906,-2.0
2025-03-22 00:00:00,0.1670680046081543,0.1695459932088852,0.1668040007352829,0.1673430055379867,438263314.0,1742601600,0.17022142878600527,0.18471352159976956,0.2838173139877993,38.49009088512985,-0.016354079670802407,-0.019153254491523743,0.002799174820721336,1438538545.15,0.08621964732436793,-2.0
2025-03-23 00:00:00,0.1673420071601867,0.1722529977560043,0.1671800017356872,0.1722529977560043,564898047.0,1742688000,0.1707954279014042,0.18338200151920314,0.2815372835506092,41.2907725157699,-0.015230543122635803,-0.018368712217746157,0.0031381690951103533,1325566888.25,0.04926107793105827,-2.0
2025-03-24 00:00:00,0.1722469925880432,0.1889459937810897,0.1708790063858032,0.1828889995813369,1472602266.0,1742774400,0.1721417137554713,0.182424601316452,0.27928088966644166,46.92800978452407,-0.013328256016237855,-0.017360620977444497,0.004032364961206642,1280865031.7,0.06095799959423576,-2.0
2025-03-25 00:00:00,0.1828899979591369,0.193350002169609,0.1812829971313476,0.1909099966287613,1549790934.0,1742860800,0.1754104282174791,0.18198248088359828,0.2771493340983535,50.767277833733694,-0.011046119561388068,-0.016097720694233212,0.005051601132845144,1286671736.4,0.1565746242888062,-2.0
2025-03-26 00:00:00,0.1909079998731613,0.2053789943456649,0.1898519992828369,0.1947979927062988,2068603477.0,1742947200,0.17780085546629762,0.1815129208564758,0.2751337885856628,52.55879477403341,-0.008822085676771868,-0.014642593690740944,0.005820508013969076,1300148000.4,0.13387148983679453,-2.0
2025-03-27 00:00:00,0.1947979927062988,0.2003840059041977,0.1883119940757751,0.1904949992895126,1282332601.0,1743033600,0.18082142727715622,0.17956204056739802,0.2734414250260651,50.374036613612915,-0.007322331131739024,-0.01317854117894056,0.005856210047201537,1272805685.3,0.08193997100304373,-2.0
2025-03-28 00:00:00,0.1904949992895126,0.1925809979438781,0.1774840056896209,0.1801899969577789,1407200953.0,1743120000,0.18269685549395423,0.17880660057067868,0.27207904105836694,45.496525172130106,-0.006885915863583919,-0.011920016115869233,0.005034100252285314,1295668413.0,0.07106126982496153,-2.0
2025-03-29 00:00:00,0.1801909953355789,0.1822070032358169,0.1665830016136169,0.1695650070905685,1120659030.0,1743206400,0.1830142842871802,0.17762336075305935,0.27058259676201174,41.07994140108659,-0.007313100633056541,-0.010998633019306694,0.0036855323862501534,1261811804.8,-0.022482872877584326,-2.0
2025-03-30 00:00:00,0.1695709973573684,0.1722099930047989,0.1649740040302276,0.1663189977407455,831596449.0,1743292800,0.18216656999928604,0.17608732044696804,0.2690206571961894,39.80851806102602,-0.007823390293648536,-0.010363584474175062,0.002540194180526527,1193275914.35,-0.010176801033323746,-2.0
2025-03-31 00:00:00,0.1663189977407455,0.1682119965553283,0.1604920029640197,0.166714996099472,1321114553.0,1743379200,0.17985599807330538,0.17468684017658231,0.26755119258105153,40.052277451789834,-0.008102444827676636,-0.009911356544875377,0.0018089117171987412,1140684375.75,-0.06374080105508606,-2.0
2025-04-01 00:00:00,0.166715994477272,0.1751450002193451,0.1662150025367736,0.1740860044956207,1149373221.0,1743465600,0.17745257062571387,0.17373136043548582,0.26603469779395095,44.55338663829975,-0.007640741073986768,-0.009457233450697655,0.0018164923767108876,1117229788.95,0.02795972847401984,-2.0
2025-04-02 00:00:00,0.1740860044956207,0.1786980032920837,0.1624089926481247,0.1641950011253357,1734215164.0,1743552000,0.17308071468557626,0.1726122802495956,0.2642899605661932,40.192362219774694,-0.00798095930135806,-0.009161978620829736,0.0011810193194716767,1132043805.25,-0.01716128338260292,-2.0
2025-04-03 00:00:00,0.1641950011253357,0.1672399938106537,0.1557350009679794,0.1620599925518036,1201472795.0,1743638400,0.16901857086590355,0.17238255977630612,0.2625499706376683,39.29818370171024,-0.008326875014693036,-0.008994957899602397,0.0006680828849093615,1140014923.6,-0.03156996594628436,-2.0
2025-04-04 00:00:00,0.1620589941740036,0.1725790053606033,0.1604299992322921,0.171097993850708,1645454216.0,1743724800,0.16771971327917914,0.17306407928466794,0.2611241321070026,44.88784570231402,-0.007782018276057789,-0.008752369974893476,0.0009703516988356867,1185722154.55,-0.00670527607845961,-2.0
2025-04-05 00:00:00,0.171097993850708,0.1714130043983459,0.1663780063390731,0.1690270006656646,607481980.0,1743811200,0.16764285521847858,0.17325851917266843,0.2596896978640797,43.89050084675391,-0.007431659680480263,-0.008488227916010834,0.0010565682355305715,1169321726.3,-0.07579460190281928,-2.0
2025-04-06 00:00:00,0.1690270006656646,0.1697690039873123,0.1464519947767257,0.1488450020551681,1267445532.0,1743897600,0.165146570120539,0.17231707930564877,0.25792127366017814,35.59138754044767,-0.008682430930019164,-0.0085270685188125,-0.00015536241120666337,1182573930.3,-0.22033940242213568,-2.0
2025-04-07 00:00:00,0.1488450020551681,0.1526000052690506,0.1315069943666458,0.149520993232727,3512035481.0,1743984000,0.16269028399671823,0.1716953188180923,0.2562566372481259,36.027717010276845,-0.009509509610735628,-0.008723556737197127,-0.0007859528735385014,1305841510.45,-0.23243052376744422,-2.0
2025-04-08 00:00:00,0.149519994854927,0.1567270010709762,0.1415140032768249,0.1421069949865341,1829881699.0,1744070400,0.15812185406684873,0.17050763845443723,0.254525253417516,33.35856050651542,-0.010640565307736993,-0.009106958451305101,-0.0015336068564318923,1335389620.85,-0.25401193985905557,-2.0
2025-04-09 00:00:00,0.1421090066432953,0.1640260070562362,0.1367200016975402,0.1603710055351257,2265462273.0,1744156800,0.15757556898253303,0.1698797589540481,0.2529564654887324,44.305189109740994,-0.009948501946152571,-0.009275267150274595,-0.0006732347958779764,1400685970.2,-0.10998940982998673,-2.0
2025-04-10 00:00:00,0.1603710055351257,0.1603769958019256,0.1494189947843551,0.153666004538536,1231567926.0,1744243200,0.15637642783778052,0.1692969989776611,0.251232829057809,41.60339548739164,-0.009827785694540542,-0.009385770859127784,-0.0004420148354127573,1425072595.55,-0.09376346467252217,-2.0
2025-04-11 00:00:00,0.153668001294136,0.1621399968862533,0.1533630043268203,0.1600890010595321,864574135.0,1744329600,0.1548037145818982,0.16876195907592767,0.24942958671035184,45.05970096707122,-0.009108834086109324,-0.009330383504524094,0.00022154941841476955,1446388136.6,-0.03745811822967193,-2.0
2025-04-12 00:00:00,0.1600890010595321,0.1693339943885803,0.1578769981861114,0.1676110029220581,867802910.0,1744416000,0.15460142918995443,0.1687452393770217,0.24729152625859382,48.87589685970336,-0.007841702801739653,-0.009032647363967207,0.0011909445622275538,1461533379.75,0.005374482461382835,-2.0
2025-04-13 00:00:00,0.1676110029220581,0.1684889942407608,0.1613200008869171,0.1627919971942901,874509965.0,1744502400,0.15659385706697188,0.16813431918621055,0.24494855647737326,46.6407117315316,-0.007143994100796303,-0.008654916711333026,0.0015109226105367232,1431628764.7,-0.06487602110263091,-2.0
2025-04-14 00:00:00,0.1627919971942901,0.1686410009860992,0.1576890051364898,0.158500999212265,988651639.0,1744588800,0.1578767150640487,0.16770031929016105,0.24268530399510352,44.681280951485604,-0.006858245024825099,-0.00829558237403144,0.0014373373492063413,1403571799.95,-0.03467829028926572,-2.0
2025-04-15 00:00:00,0.158502995967865,0.1610610038042068,0.1532579958438873,0.1535499989986419,777400544.0,1744675200,0.15951142992292128,0.16715983927249906,0.2403175564426364,42.4645615647899,-0.006951162489184232,-0.008026698397062,0.0010755359078777685,1339011653.3,-0.05251137815794604,-2.0
2025-04-16 00:00:00,0.153547003865242,0.1570030003786087,0.1509439945220947,0.1546880006790161,823568608.0,1744761600,0.1586995720863342,0.16665363907814024,0.23836049572987986,43.16255969138161,-0.00685396478460179,-0.007792151674569959,0.0009381868899681683,1316073453.65,-0.09590990988480252,-2.0
2025-04-17 00:00:00,0.154690995812416,0.1593510061502456,0.1531810015439987,0.1557399928569793,586169227.0,1744848000,0.1589958561318261,0.1659931188821792,0.23647657653900103,43.840816104443796,-0.006615785272118757,-0.007556878394079719,0.0009410931219609618,1275021867.35,-0.07860878887016998,-2.0
2025-04-18 00:00:00,0.1557410061359405,0.1587699949741363,0.1537739932537078,0.1576160043478012,477534244.0,1744934400,0.1586425708872931,0.1649821990728378,0.2348271220019369,45.09900905609997,-0.006204130489314341,-0.007286328813126644,0.0010821983238123029,1242865628.05,0.05892708637527666,-2.0
2025-04-19 00:00:00,0.1576180011034011,0.1605560034513473,0.1565230041742324,0.1573330014944076,477710096.0,1745020800,0.15717428496905733,0.16363911926746366,0.23304279871059183,44.93545714328078,-0.005833482320273198,-0.006995759514555955,0.0011622771942827572,1225171310.4,0.05224689919977554,-2.0
2025-04-20 00:00:00,0.1573330014944076,0.1592829972505569,0.1527449935674667,0.1551840007305145,637644889.0,1745107200,0.1560874283313751,0.1620545595884323,0.23116632407963875,43.64121394898841,-0.005648040285007122,-0.0067262156686461886,0.0010781753836390665,1190997827.2,0.09202225228405947,-2.0
2025-04-21 00:00:00,0.1551840007305145,0.1629340052604675,0.1551399976015091,0.15938800573349,1038358279.0,1745193600,0.15621414354869295,0.16081027984619137,0.22938277880952812,46.86536769280683,-0.0051030235872250584,-0.006401577252361963,0.0012985536651369048,1185447080.1,-0.006129535687299903,-2.0
2025-04-22 00:00:00,0.15938700735569,0.1793709993362426,0.1579540073871612,0.1786479949951172,1568128902.0,1745280000,0.1597995715481894,0.1607485997676849,0.22777014233247195,58.561360681414804,-0.0030814526881807747,-0.005737552339525725,0.0026560996513449505,1177142767.0,0.16257330651371404,-2.0
2025-04-23 00:00:00,0.1786520034074783,0.1850219964981079,0.1756580024957656,0.1786050051450729,1860794550.0,1745366400,0.1632162864719118,0.16111019968986506,0.2259770616738483,58.53039109406783,-0.0014659139639965624,-0.004883224664419893,0.0034173107004233302,1210108854.75,0.11566068851073208,-2.0
2025-04-24 00:00:00,0.1786050051450729,0.1831450015306472,0.1702609956264495,0.1824570000171661,1479272164.0,1745452800,0.16703300178050992,0.1617557197809219,0.22392400105794266,60.54385286188031,0.00012380871812670002,-0.0038818179879105746,0.004005626706037275,1201799752.15,0.0885741200535124,-2.0
2025-04-25 00:00:00,0.1824599951505661,0.186035007238388,0.1781200021505355,0.1818300038576126,1731253893.0,1745539200,0.17049214456762582,0.1623603200912475,0.22195513245433265,60.03291656645581,0.0013178902287930006,-0.0028418763445698597,0.00415976657336286,1257988347.8,0.11694682165856651,-2.0
2025-04-26 00:00:00,0.1818320006132125,0.1924429982900619,0.1804109960794448,0.181889995932579,1467785872.0,1745625600,0.17400028663022174,0.16267247974872587,0.21959100106749868,60.06764101460199,0.0022431911764201617,-0.0018248628403718557,0.004068054016792017,1268005364.8,0.14756371780969912,-2.0
2025-04-27 00:00:00,0.181890994310379,0.1831450015306472,0.1770029962062835,0.1796720027923584,1113159755.0,1745712000,0.1774985726390566,0.16329155981540677,0.2174050515950328,58.05921850606419,0.0027656447033877207,-0.0009067613316199405,0.0036724060350076613,1148061578.5,0.17012050774384901,-2.0
2025-04-28 00:00:00,0.1796730011701584,0.1826719939708709,0.1743730008602142,0.1789519935846328,1345897366.0,1745798400,0.18029342804636275,0.16396723985671993,0.21559894039775382,57.38840592384505,0.003086020439245857,-0.00010820497744678105,0.003194225416692638,1123862361.85,0.15685762825240368,-2.0
2025-04-29 00:00:00,0.1789519935846328,0.1805409938097,0.1727949976921081,0.1746360063552856,966758883.0,1745884800,0.1797202868121011,0.16410876035690303,0.21378104147886987,53.40513526292248,0.002957563468255181,0.0005049487116936113,0.0024526147565615696,1058927192.35,0.12133051473592316,-2.0
2025-04-30 00:00:00,0.1746399998664856,0.1763499975204467,0.1672690063714981,0.1723400056362152,970750123.0,1745971200,0.17882528688226426,0.16424128055572507,0.21176854664027087,51.362737299105426,0.002640059362758268,0.0009319708419065428,0.0017080885208517252,1045886302.2,0.09341691758613213,-2.0
2025-05-01 00:00:00,0.1723410040140152,0.1832900047302246,0.1722940057516098,0.180758997797966,1018176528.0,1746057600,0.17858271513666427,0.165517840385437,0.20992716273876147,57.74415163530719,0.0030328169526908366,0.0013521400640634017,0.001680676888627435,1053566421.85,0.1488943583421758,-2.0
2025-05-02 00:00:00,0.1807660013437271,0.1840820014476776,0.1794400066137313,0.1815769970417022,1008214455.0,1746144000,0.17854657130581988,0.166800080537796,0.20820215254118946,58.316407744992325,0.003371224497549258,0.001755956950760573,0.0016152675467886847,1060586999.1,0.17007549867863347,-2.0
2025-05-03 00:00:00,0.1815769970417022,0.1820529997348785,0.1755080074071884,0.1757570058107376,577738365.0,1746230400,0.17767042985984255,0.1681460809707641,0.2064346476937785,52.83400132960858,0.003133667296349424,0.0020314990198783433,0.0011021682764710806,1045748419.1,0.10269907074825912,-2.0
2025-05-04 00:00:00,0.1757570058107376,0.177264004945755,0.1701709926128387,0.1705520004034042,626186290.0,1746316800,0.17636757237570624,0.16855332076549526,0.20458390014340175,48.4473415542344,0.0024966215672307113,0.002124523529348817,0.0003720980378818942,1027625151.65,-0.045318138565922705,-2.0
2025-05-05 00:00:00,0.1705520004034042,0.1745380014181137,0.1686660051345825,0.1706040054559707,689655044.0,1746403200,0.17517500264304023,0.16923084080219264,0.20290994057149594,48.493355846059984,0.0019732086888696876,0.0020942605612529913,-0.00012105187238330367,1023237876.65,-0.044797175099339115,-2.0
2025-05-06 00:00:00,0.1706040054559707,0.1724019944667816,0.1643979996442794,0.1721159964799881,831221260.0,1746489600,0.17481500123228347,0.1697119206190109,0.20127654647586318,49.89366105800693,0.0016612553337919667,0.0020076595157607867,-0.00034640418196882003,1023620509.25,-0.05667638696353172,-2.0
2025-05-07 00:00:00,0.1721149981021881,0.1740629971027374,0.1694809943437576,0.1720069944858551,677248571.0,1746576000,0.17476742821080343,0.16988776028156277,0.19979102111826036,49.788571629318675,0.0013892204340276992,0.0018839716994141693,-0.00049475126538647,1028174476.45,-0.05402303890093796,-2.0
2025-05-08 00:00:00,0.1720100045204162,0.1979389935731887,0.1718930006027221,0.1975769996643066,1943565536.0,1746662400,0.17716999990599497,0.17127916038036342,0.1985153947213683,67.2270935879944,0.003200028598772331,0.0021471830792858014,0.0010528455194865295,1101476041.05,0.08624445589378249,-2.0
2025-05-09 00:00:00,0.1975809931755066,0.2126349955797195,0.193339005112648,0.2052900046110153,2387581238.0,1746748800,0.18055757241589682,0.17315072059631345,0.19724045543357577,70.54966836277177,0.0051975678278820825,0.002757260029005058,0.0024403077988770245,1196969598.15,0.14258204628721627,-2.0
2025-05-10 00:00:00,0.2052949965000152,0.249109998345375,0.2036100029945373,0.2486889958381652,3238796872.0,1746835200,0.19097642813410073,0.17695628046989437,0.1964319807411444,81.75691286069892,0.010165387688434363,0.004238885560890919,0.005926502127543444,1327027197.3,0.3896967050023463,-2.0
2025-05-11 00:00:00,0.2486820071935653,0.2587389945983886,0.223580002784729,0.2315080016851425,3518175098.0,1746921600,0.1996844283172062,0.18002908051013944,0.19565572822936855,70.34416835187275,0.012571145735766287,0.005905337595865994,0.006665808139900293,1451018038.25,0.3256601918286801,-2.0
2025-05-12 00:00:00,0.2315090000629425,0.2515409886837005,0.2221850007772445,0.231002002954483,4628696012.0,1747008000,0.20831271367413653,0.18303956091403958,0.1952869705479554,70.0340974817708,0.01427237341558038,0.007578744759808872,0.006693628655771508,1604046393.75,0.34038525820925636,-2.0
2025-05-13 00:00:00,0.231002002954483,0.2428990006446838,0.2180230021476745,0.2412150055170059,2734212256.0,1747094400,0.2181840006794248,0.18638352096080776,0.19484465757403707,72.65416649320991,0.01625730842993134,0.009314457493833367,0.006942850936097972,1647717279.05,0.33445642239404005,-2.0
2025-05-14 00:00:00,0.2412150055170059,0.2467689961194992,0.2287420034408569,0.2328079938888549,2249826077.0,1747180800,0.22686985773699617,0.18940252065658567,0.19452813222552787,67.42782917312147,0.01695654367106686,0.010842874729280066,0.006113668941786794,1686244974.7,0.28214475226389313,-2.0
2025-05-15 00:00:00,0.232806995511055,0.2364369928836822,0.2149229943752288,0.2191890031099319,2477683429.0,1747267200,0.22995728680065694,0.19196272075176235,0.1941539503709234,59.90951181919282,0.01622472536570549,0.011919244856565151,0.004305480509140338,1723566451.5,0.24711388942278445,-2.0
2025-05-16 00:00:00,0.2191939949989318,0.2302960008382797,0.2183160036802292,0.2212869971990585,1759584218.0,1747353600,0.23224257145609167,0.1944386804103851,0.19388327363765598,60.63763799617324,0.015633827642225012,0.012662161413697125,0.002971666228527887,1738156368.8,0.2974752373214711,-2.0
2025-05-17 00:00:00,0.2212869971990585,0.2220450043678283,0.2114879935979843,0.2146980017423629,1499656753.0,1747440000,0.22738671515669137,0.19588068068027492,0.19356089995967013,57.12836826169888,0.01446709243620356,0.013023147618198411,0.0014439448180051488,1757481218.7,0.2584581538313995,-2.0
2025-05-18 00:00:00,0.2146980017423629,0.2371570020914077,0.2143779993057251,0.2341810017824173,2360198976.0,1747526400,0.2277685723134449,0.1981037205457687,0.19336812213213753,63.799640519877876,0.014942315939681677,0.013406981282495066,0.0015353346571866117,1808196299.2,0.3605998662050305,-2.0
2025-05-19 00:00:00,0.2339610010385513,0.2351430058479309,0.2145449966192245,0.2244209945201873,2122215648.0,1747612800,0.22682842825140265,0.19978228032588954,0.19311692001241623,58.85850389232197,0.0143657831657652,0.013598741659149094,0.0007670415066161063,1865969137.45,0.30472016670602553,-2.0
2025-05-20 00:00:00,0.2244209945201873,0.2303269952535629,0.2180459946393966,0.2261260002851486,1815889701.0,1747699200,0.22467285607542303,0.201554120182991,0.1928226372810325,59.44933989823977,0.013886382926246194,0.013656269912568514,0.00023011301367767932,1908226116.35,0.14449556714267442,-2.0
2025-05-21 00:00:00,0.2261269986629486,0.2375829964876175,0.2232930064201355,0.234057992696762,2813244924.0,1747785600,0.2248514273336955,0.2036408400535583,0.19263007153164252,62.17111089783243,0.013985286601324448,0.013722073250319702,0.0002632133510047461,1997979536.15,0.14013340854201095,-2.0
2025-05-22 00:00:00,0.2340680062770843,0.2454389929771423,0.2340639978647232,0.2450280040502548,2739121621.0,1747872000,0.22854271318231306,0.20625508010387414,0.19243720279197496,65.60911561791701,0.014778499370951242,0.013933358474446012,0.0008451408965052306,2084524894.45,-0.014721165186950214,-2.0
2025-05-23 00:00:00,0.2450280040502548,0.253616988658905,0.2237779945135116,0.2248139977455139,3466192197.0,1747958400,0.22904657040323523,0.20808956027030942,0.19205661689994308,55.58452232825321,0.013619033096395172,0.013870493398835846,-0.0002514603024406734,2228947586.05,-0.028914784331008248,-2.0
2025-05-24 00:00:00,0.2248139977455139,0.2303619980812072,0.2240539938211441,0.2252970039844513,1223553027.0,1748044800,0.23056071358067642,0.21011600017547605,0.19158558667910217,55.758469649985734,0.012593947104377362,0.013615184139944149,-0.0010212370355667869,2258815922.9,-0.024696751097676994,-2.0
2025-05-25 00:00:00,0.2252970039844513,0.2262710034847259,0.2162310034036636,0.2249840050935745,1528958070.0,1748131200,0.22924685691084173,0.21222176015377042,0.19111346566315848,55.60649063063173,0.011622327716437342,0.013216612855242789,-0.0015942851388054471,2300781074.2,-0.0672885187579555,-2.0
2025-05-26 00:00:00,0.2249830067157745,0.2302750051021576,0.2230100035667419,0.2260250002145767,1172026172.0,1748217600,0.22947600058146883,0.21403240025043485,0.19071230397681993,56.03569446043623,0.010811681621961,0.012735626608586431,-0.001923944986625431,2317821319.8,-0.0291355703082794,-2.0
2025-05-27 00:00:00,0.2260300070047378,0.2320069968700409,0.2201099991798401,0.2261639982461929,1406054690.0,1748304000,0.22948142886161801,0.21581588029861445,0.19038923310511036,56.09673039723636,0.010064438153061905,0.012201388917481527,-0.0021369507644196217,2354261625.75,0.03182182973277525,-2.0
2025-05-28 00:00:00,0.2261610031127929,0.2276570051908493,0.2172159999608993,0.220781996846199,1203668237.0,1748390400,0.2275848580258233,0.21761687994003293,0.19008500061251896,53.02698623768024,0.008934963093918474,0.011548103752768917,-0.002613140658850443,2317266760.8,-0.0022821058591401266,-2.0
2025-05-29 00:00:00,0.220781996846199,0.2278340011835098,0.2145829945802688,0.2148330062627792,1561923823.0,1748476800,0.2232712869133268,0.21938812017440792,0.1896816166964444,49.78404575466526,0.007473660444414637,0.010733215091098062,-0.003259554646683425,2275983890.05,0.0006288112573042959,-2.0
2025-05-30 00:00:00,0.2148369997739792,0.2162999957799911,0.1921350061893463,0.1934359967708587,2466944860.0,1748563200,0.21878871534551894,0.22030139982700345,0.18906117208076242,40.24955330060496,0.004536711338531424,0.009493914340584735,-0.004957203002053311,2237391289.45,-0.17398937019415295,-2.0
2025-05-31 00:00:00,0.1934420019388198,0.1953520029783249,0.1860630065202713,0.1925790011882782,1529424800.0,1748649600,0.21411471494606563,0.22111992001533504,0.18858916199568543,39.91978735943871,0.002115618102678851,0.008018255093003558,-0.005902636990324707,2137953774.55,-0.14188509145495665,-2.0
2025-06-01 00:00:00,0.1925780028104782,0.1947800070047378,0.1872680038213729,0.1936320066452026,939280532.0,1748736000,0.20963585802486964,0.22198492050170895,0.18805288937356734,40.564149385491504,0.0002786410101537906,0.006470332276433605,-0.006191691266279814,1953483000.55,-0.14369861758033364,-2.0
2025-06-02 00:00:00,0.1936320066452026,0.1960649937391281,0.1888719946146011,0.1953900009393692,1007324701.0,1748822400,0.20525942955698287,0.22189744055271146,0.18757174803753088,41.68855702750988,-0.0010235225916933044,0.004971561302808223,-0.0059950838945015275,1867138622.8,-0.16520688446426957,-2.0
2025-06-03 00:00:00,0.1953960061073303,0.2002509981393814,0.1921900063753128,0.1931380033493042,1062603805.0,1748908800,0.20054143028599875,0.221411360502243,0.1873977985044922,40.62823352028232,-0.0022117186961463364,0.003534905303017312,-0.005746623999163649,1807777509.2,-0.21177171524569105,-2.0
2025-06-04 00:00:00,0.1931390017271042,0.1969099938869476,0.1874269992113113,0.1882359981536865,779255975.0,1748995200,0.19589200190135408,0.21899324059486386,0.18715382871603722,38.3421677606614,-0.003508479948047455,0.0021262282528043586,-0.005634708200851813,1722856136.5,-0.16270339017427704,-2.0
2025-06-05 00:00:00,0.1882369965314865,0.1923760026693344,0.1692329943180084,0.1716279983520507,1718819551.0,1749081600,0.18971985791410714,0.2165980404615402,0.18681127314615728,31.811305573594012,-0.005809332993421845,0.0005391160035591179,-0.006348448996980963,1720817903.15,-0.23821446660739676,-2.0
2025-06-06 00:00:00,0.1716269999742508,0.1842530071735382,0.1701840013265609,0.1789730042219162,1247591143.0,1749168000,0.18765371612140108,0.21451688051223752,0.1865299499095088,36.92800520153067,-0.0069598660166356185,-0.0009606804004798294,-0.005999185616155789,1708214622.65,-0.20450787535994652,-2.0
2025-06-07 00:00:00,0.178969994187355,0.1885730028152465,0.1780339926481247,0.1851679980754852,836264651.0,1749254400,0.18659500139100207,0.21227500021457668,0.1863603033501692,40.952509611399904,-0.007287778522098054,-0.0022261000248034743,-0.00506167849729458,1632017906.4,-0.18076319920497252,-2.0
2025-06-08 00:00:00,0.1851679980754852,0.1867509931325912,0.1812230050563812,0.1841730028390884,689923176.0,1749340800,0.1852437151329858,0.210329600572586,0.1861344044557725,40.505461534520315,-0.007541011261508024,-0.0032890822721443847,-0.004251928989363639,1560403282.8,-0.1856661348964781,-2.0
2025-06-09 00:00:00,0.1841730028390884,0.1954250037670135,0.1804540008306503,0.1949329972267151,1177667689.0,1749427200,0.18517842888832092,0.20935936033725736,0.18568658618011857,47.21592274819604,-0.006795128399508438,-0.003990291497617196,-0.002804836901891242,1528492182.2,-0.11707929083316893,-2.0
2025-06-10 00:00:00,0.1949329972267151,0.1983000040054321,0.1898870021104812,0.1982820034027099,1400212022.0,1749513600,0.18591328603880747,0.2084391605854034,0.18567856604402713,49.13879530114039,-0.005866152691315379,-0.004365463736356833,-0.0015006889549585463,1457840537.1,-0.07704124774860932,-2.0
2025-06-11 00:00:00,0.1982820034027099,0.2043319940567016,0.1915940046310424,0.193011000752449,1630500550.0,1749600000,0.18659542926720207,0.20757168054580685,0.18561659632909175,46.28111680746314,-0.005491950821483321,-0.00459076115338213,-0.0009011896681011908,1402409483.55,-0.002197088574538375,-2.0
2025-06-12 00:00:00,0.193011000752449,0.1936189979314804,0.1805319935083389,0.181547999382019,1254786513.0,1749686400,0.18801257227148324,0.2054663604497909,0.18538253566231386,40.73323098567402,-0.0060506138439400114,-0.0048827316914937064,-0.001167882152446305,1291839199.35,-0.05728039785331818,-2.0
2025-06-13 00:00:00,0.181547999382019,0.181547999382019,0.1707919985055923,0.1803800016641616,1883491191.0,1749772800,0.18821357190608975,0.2037047207355499,0.18516690938761737,40.204389532972804,-0.006512533535962317,-0.005208692060387429,-0.0013038414755748885,1324836107.55,-0.06843912435056787,-2.0
2025-06-14 00:00:00,0.1803819984197616,0.1804420053958892,0.1749780029058456,0.1784670054912567,777784368.0,1749859200,0.18725628725119997,0.20179836094379422,0.18496987916002366,39.30432477004954,-0.006952823205488318,-0.005557518289407606,-0.0013953049160807113,1287277422.45,-0.08661136888659826,-2.0
2025-06-15 00:00:00,0.1784670054912567,0.1785759925842285,0.1717579960823059,0.1756689995527267,760010233.0,1749945600,0.18604142963886255,0.19946280121803284,0.1848031821274998,37.965545003078425,-0.007441747799723425,-0.005934364191470771,-0.0015073836082526541,1266676625.5,-0.09044829859291614,-2.0
2025-06-16 00:00:00,0.1756689995527267,0.1810149997472763,0.1726980060338974,0.1726980060338974,1204577500.0,1750032000,0.18286500232560288,0.19656960129737855,0.18485262658860946,36.54222818333993,-0.007977004468506882,-0.006342892246877993,-0.001634112221628889,1256602766.0,-0.08254527440124926,-2.0
2025-06-17 00:00:00,0.1726969927549362,0.1758950054645538,0.1643030047416687,0.1696680039167404,1273076742.0,1750118400,0.17877728811332153,0.1943637615442276,0.18501028313179205,35.09709131951118,-0.008547168643212921,-0.006783747526144979,-0.0017634211170679424,1260073191.25,-0.0114200156974964,-2.0
2025-06-18 00:00:00,0.1696680039167404,0.1720609962940216,0.1643790006637573,0.170632004737854,970407002.0,1750204800,0.17558028868266512,0.1921771615743637,0.1850755962759557,35.964756510645515,-0.008819574485036646,-0.007190912917923313,-0.0016286615671133337,1230497350.2,-0.04660479115453542,-2.0
2025-06-19 00:00:00,0.170633003115654,0.1718470007181167,0.1679359972476959,0.1709630042314529,542107459.0,1750291200,0.17406814651829852,0.19001632153987885,0.18506127309919604,36.279748929573266,-0.008906085376035516,-0.007533947409545754,-0.0013721379664897622,1134255480.15,-0.07671408662225498,-2.0
2025-06-20 00:00:00,0.1709609925746917,0.1718810051679611,0.1588670015335083,0.1624750047922134,1099193747.0,1750377600,0.17151028982230593,0.1874743217229843,0.1850351114766766,31.940756164863558,-0.009549476082073294,-0.007937053144051263,-0.0016124229380220303,1112743927.5,-0.11781313065646493,-2.0
2025-06-21 00:00:00,0.1624750047922134,0.16423299908638,0.1517799943685531,0.1541689932346344,813191920.0,1750464000,0.168039145214217,0.18459452152252198,0.18485703055906774,28.365647644371492,-0.010607318997869014,-0.008471106314814814,-0.0021362126830542,1106439496.9,-0.20911802810208924,-2.0
2025-06-22 00:00:00,0.1541970074176788,0.1572490036487579,0.143774002790451,0.1513220071792602,1841758169.0,1750550400,0.16456100344657898,0.1818161219358444,0.18460707110587993,27.240183765772883,-0.011542342175654863,-0.009085353486982825,-0.002456988688672038,1148161170.3,-0.23683438445028293,-2.0
2025-06-23 00:00:00,0.151320993900299,0.1649910062551498,0.1491580009460449,0.1643629968166351,1346692450.0,1750636800,0.16337028784411292,0.17979732155799863,0.1845679599227327,39.150097988319885,-0.01110306666380867,-0.009488896122347995,-0.0016141705414606747,1162365602.55,-0.14842679341659448,-2.0
2025-06-24 00:00:00,0.1643629968166351,0.1674270033836364,0.1620270013809204,0.1657309979200363,1072291444.0,1750723200,0.16280785841601234,0.17868912160396572,0.1844898387037142,40.254888653854515,-0.010523245970623013,-0.009695766092002999,-0.0008274798786200143,1177017376.0,-0.08712297307501615,-2.0
2025-06-25 00:00:00,0.1657339930534362,0.1673649996519088,0.1629920005798339,0.1645780056715011,839304495.0,1750809600,0.16194300140653334,0.17756908178329464,0.18445498022166162,39.602262115136945,-0.010041024057376391,-0.009764817685077677,-0.00027620637229871375,1133041623.2,-0.08760392419821161,-2.0
2025-06-26 00:00:00,0.1645780056715011,0.1679040044546127,0.1583700031042099,0.1599860042333603,916611999.0,1750896000,0.16037485854966296,0.17622324168682094,0.18427236408296255,37.02753496635261,-0.009915100746537675,-0.009794874297369678,-0.00012022644916799725,1116492666.0,-0.10355416233395498,-2.0
2025-06-27 00:00:00,0.1599860042333603,0.1625970005989074,0.1574649959802627,0.1610680073499679,638328531.0,1750982400,0.16017385891505648,0.1748503619432449,0.184188697524745,38.04957217714027,-0.009617136641888652,-0.009759326766273474,0.00014219012438482226,1106595860.0,-0.08311649886966155,-2.0
2025-06-28 00:00:00,0.1610690057277679,0.1648979932069778,0.160631000995636,0.1636919975280761,400589442.0,1751068800,0.16153428809983386,0.17367252171039577,0.1841546571013903,40.56869675276792,-0.009064770828973917,-0.009620415578813563,0.0005556447498396462,1092129173.3,-0.052148885286223856,-2.0
2025-06-29 00:00:00,0.1636919975280761,0.1697759926319122,0.1627119928598404,0.1696020066738128,543918306.0,1751155200,0.16414571659905564,0.17292716205120084,0.18417747529468148,45.9042461311194,-0.008057249638238673,-0.009307782390698585,0.0012505327524599125,1060441704.15,-0.00038897871964105324,-2.0
2025-06-30 00:00:00,0.1696020066738128,0.1697939932346344,0.1626269966363906,0.1651359945535659,838074434.0,1751241600,0.16425614484718862,0.17266748189926143,0.18410558637344474,42.7788208084166,-0.00753232375038046,-0.00895269066263496,0.0014203669122545004,1032334824.75,-0.03220972638006425,-2.0
2025-07-01 00:00:00,0.1651359945535659,0.1661520004272461,0.1570630073547363,0.1577509939670562,687516950.0,1751328000,0.16311614428247717,0.17181860148906705,0.18385166712481563,38.152890997486836,-0.0076243354377301675,-0.008687019617654002,0.001062684179923834,985185644.75,-0.07727993739809358,-2.0
2025-07-02 00:00:00,0.1577509939670562,0.1724389940500259,0.157036006450653,0.168720006942749,1151068316.0,1751414400,0.1637078587497983,0.1711606818437576,0.18362752581485592,47.2730888414936,-0.0067345163749120696,-0.008296518969105616,0.0015620025941935466,979999734.9,0.03843669466895672,-2.0
2025-07-03 00:00:00,0.1687169969081878,0.1751910001039505,0.1677580028772354,0.1720339953899383,1280276705.0,1751500800,0.16542900034359517,0.1706751215457916,0.18339758644802398,49.687063171387344,-0.005696254311390925,-0.007776466037562679,0.002080211726171754,949839010.6,0.11587934629705088,-2.0
2025-07-04 00:00:00,0.1720329970121383,0.172661006450653,0.1615819931030273,0.1628710031509399,1005469062.0,1751587200,0.16568657117230545,0.1693926417827606,0.183118556183998,43.72615273366006,-0.005548837496513609,-0.0073309403293528655,0.0017821028328392566,961223245.3,0.07632066337845012,-2.0
2025-07-05 00:00:00,0.1628720015287399,0.1649550050497055,0.1623850017786026,0.1642719954252243,444944070.0,1751673600,0.16576942801475522,0.16803224146366116,0.18295776828972976,44.81624589628537,-0.005258345309170964,-0.006916421325316485,0.0016580760161455212,945469937.15,-0.0005536610622421945,-2.0
2025-07-06 00:00:00,0.1642719954252243,0.1747110038995742,0.1632709950208664,0.1719859987497329,1092475819.0,1751760000,0.1661099983113152,0.1671912413835525,0.18298222275093345,50.50182797434068,-0.004355465463466823,-0.006404230152946553,0.00204876468947973,939864853.1,0.0377418884107279,-2.0
2025-07-07 00:00:00,0.1719859987497329,0.1767289936542511,0.1659040004014969,0.1679659932851791,1238654782.0,1751846400,0.16651428384440284,0.16664796113967892,0.1829988590695641,47.741316314414064,-0.003919130231515272,-0.005907210168660298,0.001988079937145026,938143755.1,0.020585907575283446,-2.0
2025-07-08 00:00:00,0.1679670065641403,0.171776995062828,0.1661310046911239,0.1709890067577362,852173993.0,1751932800,0.16840542852878568,0.1662723213434219,0.18304203089439505,49.95659057045109,-0.0032914576191382383,-0.005384059658755887,0.0020926020396176484,932232104.65,0.0687747817510751,-2.0
2025-07-09 00:00:00,0.1709890067577362,0.1847860068082809,0.1701029986143112,0.180755004286766,1657071962.0,1752019200,0.17012471386364525,0.1663638412952423,0.18310939452864902,56.38838834604265,-0.0019831279049129513,-0.0047038733079873,0.0027207454030743483,987980329.8,0.12222785431263383,-2.0
2025-07-10 00:00:00,0.180755004286766,0.1957419961690902,0.1789209991693496,0.1947930008172989,1741316233.0,1752105600,0.1733760003532682,0.16712880134582517,0.18341846523260827,63.625367326765534,0.00018435667026234226,-0.0037262273123373716,0.003910583982599714,1020086454.1,0.18999709062679404,-2.0
2025-07-11 00:00:00,0.1947869956493377,0.2129340022802353,0.1917760074138641,0.2011879980564117,3859031770.0,1752192000,0.1788498567683356,0.16826840102672574,0.18381369761144267,66.36368307923267,0.0023905696451549663,-0.002502867920838904,0.00489343756599387,1172378446.6,0.18623595322988518,-2.0
2025-07-12 00:00:00,0.2011879980564117,0.2061060070991516,0.1922439932823181,0.1973280012607574,1645230470.0,1752278400,0.1835721433162689,0.1693748009204864,0.18407864718124117,63.26770242734701,0.0037839211529513417,-0.0012455101060808548,0.005029431259032197,1162552061.65,0.1949423975930895,-2.0
2025-07-13 00:00:00,0.1973280012607574,0.2036090046167373,0.1962620019912719,0.1985950022935867,1460860601.0,1752364800,0.18737342953681943,0.17049332082271573,0.1843773138643515,63.86362123868805,0.004933528016060812,-9.702481652521574e-06,0.004943230497713334,1168260469.2,0.25891442772817097,-2.0
2025-07-14 00:00:00,0.1985950022935867,0.2103890031576156,0.1955299973487854,0.1974309980869293,2642688097.0,1752451200,0.19158271593706946,0.17155204057693477,0.18486808150103598,62.85474170624132,0.005685139575902581,0.001129265929858499,0.004555873646044082,1246780301.85,0.17016945212622403,-2.0
2025-07-15 00:00:00,0.1974309980869293,0.1991789937019348,0.1887509971857071,0.1991620063781738,2108544271.0,1752537600,0.1956074301685605,0.17301952064037318,0.1853695058762425,63.771315872920056,0.006347307247719425,0.002172874193430684,0.00417443305428874,1310242290.65,0.15768982709926727,-2.0
2025-07-16 00:00:00,0.1991620063781738,0.2197320014238357,0.1957210004329681,0.2127469927072525,2865490732.0,1752624000,0.20017771422863007,0.17536264061927792,0.1860830412067548,70.02300133687456,0.007877468210605365,0.0033137929968656207,0.004563675213739744,1407686227.3,0.30623001388460946,-2.0
2025-07-17 00:00:00,0.2127469927072525,0.2220550030469894,0.2073819935321808,0.2180279940366745,3524415111.0,1752710400,0.20349699897425516,0.17803088009357448,0.1866654350300028,72.04267815195672,0.009407817011673786,0.004532597799827254,0.004875219211846532,1551990556.3,0.32723775268146427,-2.0
2025-07-18 00:00:00,0.2180200070142746,0.2525370121002197,0.2167550027370453,0.2361290007829666,6909551812.0,1752796800,0.20848857079233443,0.18090152025222775,0.18749839458802733,77.61074572254661,0.01194355160182567,0.006014788560226938,0.0059287630415987315,1877438674.8,0.37295478992201003,-2.0
2025-07-19 00:00:00,0.2361389994621276,0.2566330134868622,0.2360820025205612,0.2414930015802383,4276687151.0,1752883200,0.21479785655226022,0.18393200039863583,0.18832065721954963,78.94875030337653,0.014222026895865741,0.0076562362273547,0.006565790668511042,2064077117.05,0.43774937329261765,-2.0
2025-07-20 00:00:00,0.2414930015802383,0.2769660055637359,0.2402420043945312,0.2729290127754211,6077966743.0,1752969600,0.225417000906808,0.18826604068279262,0.18938447550089674,84.71416377131685,0.01835279872419246,0.009795548726722251,0.008557249997470208,2326071732.5,0.596178713185447,-2.0
2025-07-21 00:00:00,0.2729290127754211,0.2867560088634491,0.2649300098419189,0.2717190086841583,6129417334.0,1753056000,0.2360295738492693,0.19273536086082454,0.19048474834422874,83.76323041623733,0.021283485172448074,0.012093136015867416,0.009190349156580659,2598166751.7,0.5032447359138055,-2.0
2025-07-22 00:00:00,0.2717190086841583,0.2744089961051941,0.258195012807846,0.2703790068626404,4399161114.0,1753142400,0.24620343106133596,0.19710780084133145,0.19161482922958606,82.65666984818625,0.02323016546184406,0.014320541905062746,0.008909623556781314,2760571391.6,0.3880324535697022,-2.0
2025-07-23 00:00:00,0.2703779935836792,0.2708770036697387,0.2320870012044906,0.2406489998102188,4422461834.0,1753228800,0.25018943207604544,0.20018608093261714,0.19249461711657168,62.82606577556934,0.022118986602210816,0.01588023084449236,0.006238755757718456,2917680648.05,0.19613993943486907,-2.0
2025-07-24 00:00:00,0.240663006901741,0.2464780062437057,0.2232789993286132,0.2319740056991577,4245820253.0,1753315200,0.25218171945640017,0.20268096089363094,0.19327528383394682,58.421627285871566,0.020304314328941003,0.01676504754138209,0.003539266787558913,3079698207.6,0.17557571260562077,-2.0
2025-07-25 00:00:00,0.2319740056991577,0.2368119955062866,0.2219820022583007,0.2368119955062866,3502127057.0,1753401600,0.2522792901311602,0.2055480009317398,0.1940941929516166,60.10154202091549,0.01903711085923912,0.017219460204953498,0.0018176506542856227,3232557356.95,0.19243683260570177,-2.0
2025-07-26 00:00:00,0.2368080019950866,0.2398640066385269,0.2331849932670593,0.2355140000581741,1499470254.0,1753488000,0.2514251470565796,0.20865852117538453,0.1948810413931355,59.408023981123016,0.01772379669926158,0.017320327503815115,0.0004034691954464646,3252907078.7,0.19289271867266145,-2.0
2025-07-27 00:00:00,0.2355130016803741,0.2435739934444427,0.2347390055656433,0.2408030033111572,1975404021.0,1753574400,0.2468357171331133,0.21154184103012086,0.1957241727246178,61.36436924148506,0.01691478105906974,0.017239218214866042,-0.0003244371557963033,3289744540.65,0.20908102750237623,-2.0
2025-07-28 00:00:00,0.2408030033111572,0.2482140064239502,0.224932000041008,0.2252259999513626,2900653769.0,1753660800,0.24019385874271393,0.21366952121257782,0.19643166766624254,53.22784446566537,0.014845565904188562,0.016760487752730546,-0.0019149218485419832,3392168529.45,0.058656562357530806,-2.0
2025-07-29 00:00:00,0.2252320051193237,0.2324489951133728,0.218312993645668,0.2237929999828338,2219777443.0,1753747200,0.23353871490274153,0.21610640108585358,0.19708222316371066,52.537698942886806,0.012940892313510838,0.015996568664886603,-0.0030556763513757655,3420303803.5,0.026441585960698122,-2.0
2025-07-30 00:00:00,0.2237929999828338,0.2261440008878708,0.2110079973936081,0.2198999971151352,2295849760.0,1753833600,0.23057457166058673,0.21833152115345,0.19749891005381184,50.61758737925968,0.010990599188194672,0.014995374769548217,-0.0040047755813535455,3448030479.85,-0.06872939627923125,-2.0
2025-07-31 00:00:00,0.2198999971151352,0.2255129963159561,0.2092179954051971,0.2098730057477951,1775122878.0,1753920000,0.22741728595324923,0.2198470014333725,0.19781474844373834,45.958587600514164,0.008537468805003029,0.01370379357663918,-0.005166324771636151,3343835035.25,-0.13093545413545715,-2.0
2025-08-01 00:00:00,0.2098540067672729,0.2120350003242492,0.1967770010232925,0.2012159973382949,3400021925.0,1754006400,0.22233214335782184,0.2211770015954971,0.1980042332651639,42.335507769821035,0.005827619898838621,0.012128558841079069,-0.006300938942240448,3431574608.0,-0.262753361058522,-2.0
2025-08-02 00:00:00,0.2012159973382949,0.2032189965248108,0.189627006649971,0.1912139952182769,2202580408.0,1754092800,0.2160035712378365,0.22198600113391873,0.19809902105668575,38.553845672824856,0.002840226770203097,0.010270892426903875,-0.007430665656700778,3468660598.35,-0.29628038853718597,-2.0
2025-08-03 00:00:00,0.1912139952182769,0.1999280005693435,0.1895419955253601,0.198863998055458,1383820507.0,1754179200,0.21001228477273662,0.22271036088466642,0.19827047562358352,42.76498026282991,0.0010775659781389613,0.008432227137150894,-0.007354661159011932,3405717218.85,-0.26449911787535285,-2.0
2025-08-04 00:00:00,0.198862999677658,0.2111880034208297,0.1986529976129531,0.2104129940271377,1808700824.0,1754265600,0.20789614106927592,0.22333516061305997,0.1985809906865611,48.50290042309193,0.0006055714068478879,0.006866895991090293,-0.006261324584242405,3390725046.5,-0.1256435963038529,-2.0
2025-08-05 00:00:00,0.2104129940271377,0.2108779996633529,0.1964469999074936,0.1997389942407608,1606059547.0,1754352000,0.2044598545346941,0.22327720046043392,0.19879096039015834,44.102211454988144,-0.0006226131707902371,0.005368994158714187,-0.005991607329504424,3327753487.25,-0.13895958455018365,-2.0
2025-08-06 00:00:00,0.1997399926185608,0.2070180028676986,0.1957409977912902,0.2052550017833709,1273212150.0,1754438400,0.20236771234444206,0.22359428048133848,0.19910024317226022,46.789019095815874,-0.0011377473445060293,0.004067645858070144,-0.005205393202576174,3215193339.2,-0.13325758121099052,-2.0
2025-08-07 00:00:00,0.2052550017833709,0.2228730022907257,0.2035430073738098,0.2223899960517883,2060907648.0,1754524800,0.20415585381644105,0.22454608023166653,0.19960579863100336,54.160074080443735,-0.00016148258347503663,0.003221820169761108,-0.003383302753236145,2972761131.0,-0.05572494205501177,-2.0
2025-08-08 00:00:00,0.2223909944295883,0.2322359979152679,0.2200150042772293,0.2302139997482299,2813209061.0,1754611200,0.20829842558928893,0.22585740029811854,0.20010534410524847,57.08343922296243,0.0012293745194246197,0.002823331039693811,-0.0015939565202691911,2899587226.5,-0.043973718837902354,-2.0
2025-08-09 00:00:00,0.2302190065383911,0.2460979968309402,0.2299579977989196,0.2403250038623809,3167912055.0,1754697600,0.21531428396701807,0.22750392019748683,0.20069875831555836,60.581957403439034,0.003111643238558337,0.002880993479466716,0.00023064975909162103,2754084492.1,0.06703934676404555,-2.0
2025-08-10 00:00:00,0.2403250038623809,0.2431299984455108,0.2299779951572418,0.2340990006923675,2275130914.0,1754784000,0.22034785577229085,0.22835800051689145,0.20128807139517077,57.47498209370838,0.0040542336546471325,0.0031156415145027995,0.000938592140144333,2561370171.1,0.04605148825175154,-2.0
2025-08-11 00:00:00,0.2341029942035675,0.2414080053567886,0.221561998128891,0.2225500047206878,2818659723.0,1754870400,0.222081714442798,0.22853888094425198,0.201813303762012,52.13384380007856,0.0038252408985183783,0.0032575613913059156,0.0005676795072124628,2482345101.55,0.012050966986439482,-2.0
2025-08-12 00:00:00,0.2225510030984878,0.2378000020980835,0.219197005033493,0.2356660068035125,2721898586.0,1754956800,0.2272141448089054,0.22852036118507382,0.20247049569481548,57.01894919280443,0.0046485288950699755,0.0035357548920587276,0.001112774003011248,2397316939.15,0.12289813529765192,-2.0
2025-08-13 00:00:00,0.2356660068035125,0.24965700507164,0.2316019982099533,0.2452020049095153,4066944826.0,1755043200,0.23292085954121175,0.2286687213182449,0.20320873820420463,60.199370726051114,0.006001286816549961,0.004028861276956975,0.0019724255395929865,2388373167.8,0.21860094700755228,-2.0
2025-08-14 00:00:00,0.2452020049095153,0.2547790110111236,0.2181330025196075,0.2238930016756057,5430971906.0,1755129600,0.2331355746303285,0.2267072808742523,0.2037328392869294,51.10002028371575,0.005292885650143492,0.004281666151594278,0.001011219498549214,2484815410.25,0.17090279621020765,-2.0
2025-08-15 00:00:00,0.2238940000534057,0.2328490018844604,0.220670998096466,0.2286130040884018,3284438866.0,1755216000,0.23290686096463878,0.22498304069042202,0.20404633428111218,52.80181626989117,0.005054077115089178,0.004436148344293258,0.0006179287707959204,2574063840.85,0.14959472968378895,-2.0
2025-08-16 00:00:00,0.2286130040884018,0.2354110032320022,0.2263969928026199,0.2312459945678711,2012788849.0,1755302400,0.23160985963685166,0.22341772019863126,0.20430851599784808,53.76837822311351,0.005019419217154264,0.004552802518865459,0.0004666166982888048,2575933082.25,0.09901004753559328,-2.0
2025-08-17 00:00:00,0.2312449961900711,0.2423480004072189,0.2287259995937347,0.2345650047063827,2308822296.0,1755388800,0.23167643163885382,0.22317436039447777,0.20416584942075938,55.01886412910742,0.005199828576349735,0.004682207730362315,0.0005176208459874206,2546341508.6,0.17435759400912687,-2.0
2025-08-18 00:00:00,0.2345650047063827,0.2355320006608963,0.2204589992761612,0.2224249988794326,3221260023.0,1755475200,0.23165857366153167,0.22279240012168877,0.2040741019176714,49.72128980740157,0.00431348412141741,0.004608463008573334,-0.0002949788871559238,2596415637.6,0.08365202770640967,-2.0
2025-08-19 00:00:00,0.2224240005016327,0.2255620062351226,0.2089660018682479,0.2090480029582977,2965240262.0,1755561600,0.2278560016836438,0.2216818404197692,0.20385234434195235,44.62274643921465,0.0025027874052241383,0.004187327887903495,-0.0016845404826793565,2629885162.7,-0.05999367476216699,-2.0
2025-08-20 00:00:00,0.2090499997138977,0.2227219939231872,0.208529993891716,0.221450001001358,3332092604.0,1755648000,0.22446285826819276,0.22111928045749657,0.2036526978316933,49.765799163069154,0.002044961760300057,0.0037588546623828073,-0.0017138929020827504,2707733649.0,-0.038068921770424535,-2.0
2025-08-21 00:00:00,0.221450001001358,0.224030002951622,0.2140990048646927,0.2147489935159683,2146370687.0,1755734400,0.2231565713882446,0.22007712006568902,0.20347028368651263,47.21429544962561,0.0011284087432452405,0.003232765478555294,-0.0021043567353100537,2645051087.1,-0.1064225941344763,-2.0
2025-08-22 00:00:00,0.2147469967603683,0.2417249977588653,0.2087509930133819,0.2405900061130523,4553800466.0,1755820800,0.2248675716774804,0.2206916803121566,0.2036864554340189,56.48052364795442,0.0024588436094996613,0.003077981104744168,-0.0006191374952445065,2762612090.0,0.027727608411343585,-2.0
2025-08-23 00:00:00,0.2405879944562912,0.2405930012464523,0.2292709946632385,0.2360090017318725,2633509850.0,1755907200,0.22554800127233773,0.22118032038211816,0.20383516255051196,54.64903174460096,0.003107749851975261,0.003083934854190387,2.3814997784874295e-05,2825096557.15,0.06047628274857364,-2.0
2025-08-24 00:00:00,0.2360209971666336,0.244501993060112,0.2283740043640136,0.231797993183136,3243609548.0,1755993600,0.22515271391187391,0.22165624022483818,0.20400788973678238,52.949314313358386,0.0032448153161013515,0.00311611094657258,0.00012870436952877162,2896841993.35,-0.01641311648141719,-2.0
2025-08-25 00:00:00,0.2318039983510971,0.2341099977493286,0.2072010040283203,0.2098239958286285,3601938683.0,1756080000,0.22335257061890193,0.2216542798280715,0.2037618593736128,45.07152846091778,0.0015623133657995114,0.0028053514304179662,-0.0012430380646184548,2996635950.15,-0.14428107589879624,-2.0
2025-08-26 00:00:00,0.2098239958286285,0.2198240011930465,0.2082459926605224,0.2184650003910064,2273426712.0,1756166400,0.22469785596643171,0.22234423995018002,0.20370169781675238,48.32723591511095,0.0009156205964273856,0.00242740526361985,-0.0015117846671924644,3046646678.25,-0.024243729120501212,-2.0
2025-08-27 00:00:00,0.2184620052576065,0.2232650071382522,0.2163159996271133,0.2189189940690994,2291320646.0,1756252800,0.22433628354753762,0.22345243990421293,0.20362889977416604,48.49994921068821,0.0004347340694289825,0.0020288710247816765,-0.001594136955352694,3058167328.15,-0.042403580924704753,-2.0
2025-08-28 00:00:00,0.2189259976148605,0.2258780002593994,0.2172369956970214,0.2243400067090988,1900714656.0,1756339200,0.22570642828941342,0.22447148025035854,0.20353073829954318,50.62226750717071,0.0004854623392800128,0.001720189287681344,-0.0012347269484013312,3012542607.9,-0.02986424855348313,-2.0
2025-08-29 00:00:00,0.2243379950523376,0.2246280014514923,0.2100380063056945,0.2140350043773651,2575985418.0,1756425600,0.22191285661288668,0.22461636066436763,0.2032176776967867,46.68384891044474,-0.0003023770921633806,0.0013156760117123993,-0.0016180531038757799,2982946276.05,-0.0875237137556647,-2.0
2025-08-30 00:00:00,0.2140340059995651,0.218419998884201,0.2120019942522049,0.2159799933433532,1092661803.0,1756512000,0.21905156970024103,0.22526600062847135,0.2031284453290881,47.51385012163974,-0.0007610285002278283,0.0009003351093243538,-0.001661363609552182,2923822820.5,-0.0289760843814727,-2.0
2025-08-31 00:00:00,0.2159810066223144,0.2209459990262985,0.2135629951953888,0.2138150036334991,1044727824.0,1756598400,0.21648257119315004,0.22560840070247645,0.20301246552756336,46.643420415383154,-0.0012844038138822844,0.0004633873246830262,-0.0017477911385653105,2835126225.55,0.022803378208555936,-2.0
2025-09-01 00:00:00,0.213811993598938,0.2196259945631027,0.2054529935121536,0.2102539986371994,2726790335.0,1756684800,0.21654400016580302,0.22512296080589292,0.20286367758355955,45.1774126666029,-0.00196388739193315,-2.2067618640209065e-05,-0.001941819773292941,2835370813.0,-0.050557698412879826,-2.0
2025-09-02 00:00:00,0.2102520018815994,0.2152629941701889,0.2069990038871765,0.214818000793457,2083072411.0,1756771200,0.21602300022329599,0.224507120847702,0.2027504755692048,47.456811092259066,-0.002109785893417565,-0.00043961127359568025,-0.0016701746198218848,2736177192.25,0.0003213392359093792,-2.0
2025-09-03 00:00:00,0.214818000793457,0.2232400029897689,0.2126590013504028,0.2205599993467331,1806352077.0,1756857600,0.21625742954867225,0.22371652066707606,0.20269386951971533,50.25887624867577,-0.0017419995254483733,-0.0007000889239662189,-0.0010419106014821545,2554946200.8,-0.08325369407450445,-2.0
2025-09-04 00:00:00,0.2205599993467331,0.220891997218132,0.2107889950275421,0.2124769985675811,1600512717.0,1756944000,0.214562714099884,0.22285164058208462,0.20260998064821414,46.49959195846457,-0.0020787937491604513,-0.0009758298890050655,-0.001102963860155386,2470749893.35,-0.09970807465651621,-2.0
2025-09-05 00:00:00,0.21246899664402,0.2206510007381439,0.2121050059795379,0.2179040014743805,2429307965.0,1757030400,0.2151154279708862,0.22266580045223233,0.20264100080186667,49.24461886793118,-0.0018860506013934908,-0.0011578740314827506,-0.0007281765699107402,2491575849.15,-0.059940086270627524,-2.0
2025-09-06 00:00:00,0.2179040014743805,0.2187259942293167,0.2125519961118698,0.2158859968185424,1195532222.0,1757116800,0.21510199989591322,0.22187460005283352,0.202867768479116,48.253188268085424,-0.0018745279869261944,-0.0013012048225714394,-0.000573323164354755,2435911345.45,0.028890885267788713,-2.0
2025-09-07 00:00:00,0.2158859968185424,0.2290520071983337,0.2158669978380203,0.2284429967403412,1913782985.0,1757203200,0.21719171319689065,0.22120423972606656,0.20323003106044996,54.404577322292404,-0.0008424401557678707,-0.0012094518892107257,0.00036701173344285505,2370537493.55,0.045673203174313004,-2.0
2025-09-08 00:00:00,0.2284429967403412,0.2436400055885315,0.226950004696846,0.2418809980154037,3729000010.0,1757289600,0.22170985596520557,0.22192375957965849,0.20371739460964391,59.89851272164084,0.0010477534336719163,-0.0007580108246341973,0.0018057642583061135,2408725480.95,0.10488813016862575,-2.0
2025-09-09 00:00:00,0.2418809980154037,0.2485309988260269,0.2340890020132064,0.240689992904663,4216668251.0,1757376000,0.225405854838235,0.22240683913230888,0.20417497028606102,59.2174677897661,0.0024217251723058497,-0.00012206362524618789,0.0025437887975520374,2452954263.3,0.07288038560489651,-2.0
2025-09-10 00:00:00,0.2406910061836242,0.2480390071868896,0.2369700074195861,0.2453950047492981,2829953595.0,1757462400,0.22895371275288715,0.22297279953956597,0.20470281878505087,61.09916784422968,0.003845929329242881,0.0006715349656516259,0.003174394363591255,2487133408.7,0.1465180915764701,-2.0
2025-09-11 00:00:00,0.2453919947147369,0.2568559944629669,0.2443020045757293,0.2556580007076263,3760658715.0,1757548800,0.23512242734432215,0.22381651937961575,0.20538384911387855,64.90318159682244,0.005736631074752585,0.0016845541874718176,0.004052076887280768,2447476321.15,0.18371149452345414,-2.0
2025-09-12 00:00:00,0.2556520104408264,0.2783870100975036,0.2551650106906891,0.2754279971122741,4643519794.0,1757635200,0.24334014100687837,0.2259366393089294,0.2064323339498404,70.82223575105506,0.008729669123317518,0.003093577174640958,0.00563609194867656,2547976818.35,0.2881602901187703,-2.0
2025-09-13 00:00:00,0.2754200100898742,0.3056420087814331,0.2731469869613647,0.289463996887207,9024886352.0,1757721600,0.2538512838738305,0.2291532790660858,0.20754840458282314,74.15485014035983,0.01209483943830389,0.004893829627373544,0.007201009810930345,2837040658.55,0.37673480059081865,-2.0
2025-09-14 00:00:00,0.2894630134105682,0.2942120134830475,0.2731879949569702,0.2785899937152862,5708225877.0,1757808000,0.26101514058453695,0.23143887877464292,0.20849206110443727,67.70316978109992,0.013726094110823123,0.006660282524063461,0.007065811586759662,2942355018.25,0.29686521933115206,-2.0
2025-09-15 00:00:00,0.2785870134830475,0.2816810011863708,0.2598290145397186,0.2686299979686737,5721394577.0,1757894400,0.26483642629214693,0.23359411895275112,0.20934516206534218,62.35212119059835,0.014053190343285615,0.008138864087907892,0.0059143262553777234,3114753411.5,0.21794522472033462,-2.0
2025-09-16 00:00:00,0.2686290144920349,0.2715620100498199,0.2589690089225769,0.269771009683609,4384096063.0,1757980800,0.26899085726056776,0.23476135909557339,0.21010110158510878,62.71567757951355,0.01424033288052845,0.009359157846432004,0.004881175034096446,3219392182.35,0.26964806309519096,-2.0
2025-09-17 00:00:00,0.269771009683609,0.2835659980773926,0.2622460126876831,0.2824639976024627,4837069879.0,1758067200,0.2742864276681627,0.236619558930397,0.21095142475884365,66.58177740305459,0.015237217575535783,0.010534769792252761,0.004702447783283022,3366209943.5,0.29627723993711386,-2.0
2025-09-18 00:00:00,0.2824490070343017,0.2879019975662231,0.2764610052108764,0.278779000043869,4420244724.0,1758153600,0.2775894275733402,0.2384987992048263,0.21181776818602974,64.49101798438298,0.015550649168653313,0.011537945667532872,0.004012703501120441,3458422908.8,0.2913250704175583,-2.0
2025-09-19 00:00:00,0.2787800133228302,0.2840220034122467,0.263711005449295,0.2653869986534118,3402582767.0,1758240000,0.2761549992220742,0.24072131931781765,0.21266462676452863,57.43270498143357,0.014550692053268394,0.012140494944679977,0.002410197108588417,3573918957.0,0.16172087759408482,-2.0
2025-09-20 00:00:00,0.265388011932373,0.2691450119018554,0.2635659873485565,0.267749011516571,1791655632.0,1758326400,0.2730528584548405,0.24269267976284023,0.21354714201556307,58.29959384146964,0.013789852694933769,0.012470366494730736,0.001319486200203033,3611265347.4,0.10694520740947144,-2.0
2025-09-21 00:00:00,0.267749011516571,0.2696839869022369,0.2608299851417541,0.2611590027809143,1759685373.0,1758412800,0.2705627168927874,0.24438228011131283,0.2143824147154586,54.93797527615181,0.012510905461543043,0.012478474288093198,3.24311734498442e-05,3562910099.3,0.08504304491113213,-2.0
2025-09-22 00:00:00,0.2611599862575531,0.2620410025119781,0.2358579933643341,0.2413160055875778,5600811076.0,1758499200,0.2666607179812022,0.24506132006645198,0.2150455157865177,46.28393111598137,0.009783389699599854,0.01193945737039453,-0.002156067670794676,3738797032.55,-0.016622176828283486,-2.0
2025-09-23 00:00:00,0.2413150072097778,0.2434010058641433,0.234702005982399,0.2373879998922348,2979805692.0,1758585600,0.26203457372529165,0.24599543988704678,0.21569895006791506,44.78016039906418,0.0072216103468865644,0.010995887965692936,-0.003774277618806372,3797469713.3,-0.0714626601351126,-2.0
2025-09-24 00:00:00,0.2373860031366348,0.2501550018787384,0.2320860028266906,0.2412440031766891,3426936081.0,1758672000,0.2561460030930383,0.24700600028038022,0.21642193995942968,46.61386687912349,0.005439822109225639,0.009884674794399478,-0.004444852685173839,3888790881.5,-0.12411226997250546,-2.0
2025-09-25 00:00:00,0.2412450015544891,0.2419340014457702,0.2215700000524521,0.2227060049772262,4513449818.0,1758758400,0.248135575226375,0.2473616403341293,0.2169479399618476,39.77539179372163,0.0025030272278050436,0.008408345281080592,-0.005905318053275549,3992997974.15,-0.23062623548307393,-2.0
2025-09-26 00:00:00,0.2227140069007873,0.2332880049943924,0.2220360040664672,0.2326290011405944,3136341383.0,1758844800,0.24345586129597252,0.2482566404342651,0.2175708288195157,44.47136695521391,0.0009651730718860385,0.006919710839241682,-0.005954537767355644,4090038432.2,-0.16497718371630776,-2.0
2025-09-27 00:00:00,0.2326290011405944,0.2342150062322616,0.2282470017671585,0.2308360040187835,1404236029.0,1758931200,0.2381825745105743,0.24889736056327816,0.21826134396321842,43.80668535987379,-0.0003937286505526494,0.005457022941282816,-0.005850751591835466,4064561084.4,-0.14069163621219083,-2.0
2025-09-28 00:00:00,0.2308380007743835,0.2374719977378845,0.2254170030355453,0.2373879998922348,1629383714.0,1759017600,0.23478671695504866,0.24957048058509823,0.21910193999006286,46.92827007090035,-0.000931241968534946,0.004179369959319264,-0.00511061192785421,3959580269.6,-0.12003887974973082,-2.0
2025-09-29 00:00:00,0.2373889982700348,0.2386849969625473,0.2291699945926666,0.23505699634552,2451434578.0,1759104000,0.23389257277761183,0.25047368049621577,0.21994774796143923,45.950283983011516,-0.0015277071932614517,0.003037954528803121,-0.004565661722064573,3871318585.95,-0.16783378292217932,-2.0
2025-09-30 00:00:00,0.2350669950246811,0.2356510013341903,0.2267969995737075,0.2329050004482269,2112968133.0,1759190400,0.23325214428561067,0.2510737204551696,0.2206400914324654,45.01753868925653,-0.0021492826723240044,0.002000507088577696,-0.0041497897609017,3835469312.85,-0.16455328266628166,-2.0
2025-10-01 00:00:00,0.2329050004482269,0.2483649998903274,0.2308329939842224,0.2483649998903274,2935493861.0,1759276800,0.23426942953041616,0.252372880578041,0.22147477832105422,52.48032560060057,-0.00137850244917323,0.0013247051810275107,-0.0027032076302007406,3794211070.15,-0.06414028889679968,-2.0
2025-10-02 00:00:00,0.2483720034360885,0.2634150087833404,0.2470549941062927,0.2619369924068451,3466616007.0,1759363200,0.23987385630607602,0.2537126404047012,0.22245820242949202,57.88459142737365,0.00032376068936135205,0.0011245162826942791,-0.0008007555933329271,3735365880.8,-0.021706967569387947,-2.0
2025-10-03 00:00:00,0.2619400024414062,0.264968991279602,0.2535470128059387,0.2586030066013336,3285893533.0,1759449600,0.24358442851475304,0.2543815207481384,0.22345433376654225,56.19392687442294,0.0013877940733648952,0.0011771718408284024,0.00021062223253649282,3448416239.85,-0.009787126433948412,-2.0
2025-10-04 00:00:00,0.2586039900779724,0.2594049870967865,0.2473369985818863,0.250916987657547,2121406683.0,1759536000,0.2464531404631478,0.2547906005382538,0.22436189922419458,52.394626656891425,0.0015924934291526305,0.0012602361584932481,0.00033225727065938236,3269075280.15,0.0397859315074931,-2.0
2025-10-05 00:00:00,0.250914990901947,0.2646650075912475,0.2498150020837783,0.2529540061950683,3422890843.0,1759622400,0.2486768556492669,0.2550929605960846,0.22526353567537633,53.295881525699954,0.0018972195493111021,0.0013876328366568189,0.0005095867126542833,3154150093.45,0.06557200157505805,-2.0
2025-10-06 00:00:00,0.2529540061950683,0.2700470089912414,0.2513220012187958,0.2663129866123199,3938750191.0,1759708800,0.2531419971159526,0.2555191600322723,0.22624041426061375,58.80407204951212,0.0031800180009617374,0.0017461098695178028,0.0014339081314439345,3131882799.85,0.10391546776509952,-2.0
2025-10-07 00:00:00,0.2663120031356811,0.267863005399704,0.2472569942474365,0.2473160028457641,4263519773.0,1759795200,0.25520071174417225,0.2543946802616119,0.22707051535447434,49.80807062882756,0.0026333910970771646,0.0019235661150296753,0.0007098249820474893,3103205294.55,0.11050441981146619,-2.0
2025-10-08 00:00:00,0.2473160028457641,0.260930985212326,0.2441360056400299,0.2555629909038543,3136056857.0,1759881600,0.25622899617467604,0.25303864002227777,0.2280585153235329,53.15826845531831,0.0028329913895841496,0.0021054511699405702,0.0007275402196435794,3038995901.2,0.09858611630885727,-2.0
2025-10-09 00:00:00,0.2555620074272156,0.2557089924812317,0.2419410049915313,0.2485630065202713,3221293489.0,1759968000,0.25431842676230837,0.2518375605344772,0.2288650102687604,50.10142612138604,0.0023986852703271055,0.0021640979900178774,0.00023458728030922816,3029931437.3,0.07679479020978586,-2.0
2025-10-10 00:00:00,0.2485630065202713,0.2536239922046661,0.1147840023040771,0.1931550055742263,8989277920.0,1760054400,0.24496871232986447,0.2488185608386993,0.22907835380597544,33.62088548452277,-0.002388929972881648,0.0012534923974379724,-0.0036424223703196206,3389812551.7,-0.18633205696197208,-2.0
2025-10-11 00:00:00,0.1931550055742263,0.2002339959144592,0.1790120005607605,0.1854429990053177,6948749972.0,1760140800,0.23561528537954599,0.24544544041156766,0.22930635376410047,32.04106444134398,-0.0067278891065577495,-0.00034278390336117204,-0.006385105203196578,3649265781.65,-0.21107219998366966,-2.0
2025-10-12 00:00:00,0.1854410022497177,0.2140489965677261,0.1817560046911239,0.2077949941158294,5183180935.0,1760227200,0.22916399793965472,0.24245868027210232,0.22974598001350052,40.73350234099181,-0.008267622275333758,-0.0019277515777556893,-0.006339870697578069,3628384274.6,-0.10781222508779609,-2.0
2025-10-13 00:00:00,0.2077949941158294,0.2182700037956237,0.2047459930181503,0.2139910012483596,4745994514.0,1760313600,0.2216894286019461,0.23986716032028194,0.2301702729680321,42.91327139956723,-0.008885479633171989,-0.0033192971888389494,-0.005566182444333039,3716693715.7,-0.1384011380715745,-2.0
2025-10-14 00:00:00,0.2139910012483596,0.2155440002679824,0.1951040029525756,0.2045319974422454,4841725506.0,1760400000,0.21557742783001485,0.2374329602718353,0.23053962654537621,40.46638501727073,-0.010022861289707669,-0.004660010009012693,-0.005362851280694975,3787433186.95,-0.21915573832136415,-2.0
2025-10-15 00:00:00,0.2045319974422454,0.2079730033874511,0.1950979977846145,0.1963270008563995,2877365449.0,1760486400,0.20711514353752133,0.23457607984542844,0.23079556587970615,38.41995579229892,-0.011454281274870526,-0.00601886426218426,-0.005435417012686266,3705628968.5,-0.24081702128444227,-2.0
2025-10-16 00:00:00,0.1963279992341995,0.2012349963188171,0.1852090060710907,0.1883669942617416,3498982322.0,1760572800,0.19851571321487424,0.23166439950466153,0.23087245466733217,36.491904615742286,-0.013080217330342675,-0.007431134875815943,-0.005649082454526732,3723761015.45,-0.24928560628654606,-2.0
2025-10-17 00:00:00,0.1883659958839416,0.1907970011234283,0.1762109994888305,0.1848420053720474,3317944601.0,1760659200,0.19732814175742006,0.2294054394960403,0.23077193956182457,35.63896979188404,-0.014486232244430741,-0.008842154349538903,-0.0056440778948918385,3819446444.05,-0.26926634548138206,-2.0
2025-10-18 00:00:00,0.1848500072956085,0.1902229934930801,0.1845320016145706,0.1895990073680877,1238849111.0,1760745600,0.1979218572378158,0.22749387979507443,0.2306548790498213,37.753408756439214,-0.01504324967037765,-0.010082373413706653,-0.004960876256670998,3799919713.9,-0.2880594755069421,-2.0
2025-10-19 00:00:00,0.1895990073680877,0.1985349953174591,0.1862950026988983,0.1953230053186416,1982258702.0,1760832000,0.19614014455250325,0.22565703988075253,0.23063462656555747,40.2951570789081,-0.01485161106877761,-0.011036220944720846,-0.0038153901240567632,3776460920.1,-0.21022900632737207,-2.0
2025-10-20 00:00:00,0.1953240036964416,0.2024469971656799,0.1919409930706024,0.2001139968633651,2148033213.0,1760918400,0.19415771535464693,0.22475335955619807,0.2306499699450502,42.414685918248146,-0.014150030376562817,-0.01165898283108924,-0.0024910475454735757,3778214174.1,-0.21696801185641845,-2.0
2025-10-21 00:00:00,0.2001560032367706,0.2054349929094314,0.1923319995403289,0.1943890005350113,2783675973.0,1761004800,0.19270871579647061,0.22322375953197476,0.230619242697051,40.56166616929676,-0.01389579985043346,-0.012106346234958085,-0.0017894536154753754,3770623279.7,-0.2179487878894879,-2.0
2025-10-22 00:00:00,0.1943860054016113,0.1953140050172805,0.186500996351242,0.1900019943714141,2573427089.0,1761091200,0.19180514344147268,0.22159039914607997,0.23052671732324534,39.15018425322788,-0.013888220301981669,-0.012462721048362803,-0.0014254992536188657,3725963833.8,-0.01632373540327714,-2.0
2025-10-23 00:00:00,0.1900019943714141,0.1972160041332245,0.1898320019245147,0.1948439925909042,1769172845.0,1761177600,0.19273042891706732,0.21988863885402676,0.23034587893823175,41.567081432412856,-0.01333775532426687,-0.012637727903543616,-0.0007000274207232537,3650127799.4,0.05069478835012231,-2.0
2025-10-24 00:00:00,0.1948579996824264,0.1996829956769943,0.1944019943475723,0.1976979970932006,1546313970.0,1761264000,0.19456699916294637,0.21839427888393395,0.2301405254337522,43.004083395791376,-0.012526812258076142,-0.012615544774450121,8.873251637397939e-05,3621373163.75,-0.04859114660385189,-2.0
2025-10-25 00:00:00,0.1976979970932006,0.1997179985046386,0.1962520033121109,0.1965910047292709,1136645097.0,1761350400,0.19556585592882972,0.2169417190551757,0.22974115173624013,42.566817487403135,-0.011837009391851838,-0.012459837697930465,0.0006228283060786266,3507060876.45,-0.0813118141304181,-2.0
2025-10-26 00:00:00,0.1965900063514709,0.2064110040664672,0.1947930008172989,0.2056699991226196,1679630618.0,1761436800,0.19704399790082652,0.2152339190244674,0.22937930322656722,47.29971093111548,-0.01043742059187222,-0.012055354276718817,0.0016179336848465963,3394104897.8,0.005563929823232394,-2.0
2025-10-27 00:00:00,0.2056680023670196,0.2093150019645691,0.1998029947280883,0.2003819942474365,1984421014.0,1761523200,0.19708228324140814,0.21277171909809106,0.22864650505961787,44.97497535913549,-0.00964376684299259,-0.011573036789973573,0.0019292699469809823,3280149959.85,0.02065428276981085,-2.0
2025-10-28 00:00:00,0.2003819942474365,0.202906996011734,0.1912200003862381,0.1937569975852966,2809894306.0,1761609600,0.19699199710573462,0.21017787873744959,0.2278590099980132,42.178054859240156,-0.00944054763565938,-0.011146538959110736,0.0017059913234513564,3263841832.3,0.02861437240998499,-2.0
2025-10-29 00:00:00,0.1937550008296966,0.197270005941391,0.1890770047903061,0.1923899948596954,2590886109.0,1761696000,0.19733314003263197,0.2078367990255355,0.22707124220000366,41.60313978482842,-0.009282794370011421,-0.010773790041290874,0.0014909956712794523,3232321463.3,0.04083481713182846,-2.0
2025-10-30 00:00:00,0.1923830062150955,0.1944890022277832,0.1767860054969787,0.1827100068330764,3112664146.0,1761782400,0.19559971349579944,0.20502703905105585,0.22648599984669918,37.68585092409705,-0.00982560445323677,-0.010584152923680052,0.0007585484704432828,2938490774.6,-0.036334581233524066,-2.0
2025-10-31 00:00:00,0.1827130019664764,0.1877560019493103,0.1825100034475326,0.1864330023527145,1579798665.0,1761868800,0.19399042853287285,0.20183183968067164,0.22602598971188667,40.02486637495027,-0.009841919212564831,-0.010435706181457009,0.0005937869688921772,2670043209.25,-0.045514367093749786,-2.0
2025-11-01 00:00:00,0.1864320039749145,0.1883829981088638,0.1852989941835403,0.187280997633934,849876271.0,1761955200,0.19266042751925325,0.19943043947219846,0.22552567660206493,40.572037121349226,-0.00967489646068681,-0.01028354423730297,0.0006086477766161589,2453377976.05,-0.0641284439398474,-2.0
2025-11-02 00:00:00,0.187279999256134,0.1886769980192184,0.1824800074100494,0.1865729987621307,967206772.0,1762041600,0.18993228461061198,0.1966708397865295,0.22503132305362003,40.24193047681693,-0.009490261491459706,-0.010124887688134316,0.0006346261966746099,2264438588.95,-0.04020804547257728,-2.0
2025-11-03 00:00:00,0.1865720003843307,0.1865780055522918,0.1638270020484924,0.1672430038452148,3648984899.0,1762128000,0.18519814312458036,0.19341803967952725,0.22428829275598425,32.47339714603686,-0.010779447232685813,-0.010255799597044616,-0.0005236476356411963,2204801558.6,-0.11978290334000519,-2.0
2025-11-04 00:00:00,0.1672420054674148,0.1708849966526031,0.1524959951639175,0.1626950055360794,4796083616.0,1762214400,0.1807607156889779,0.19219963967800135,0.2236566665497693,30.959064469769217,-0.012029453621751979,-0.01061053040198609,-0.0014189232197658885,2300737466.95,-0.16499860543468248,-2.0
2025-11-05 00:00:00,0.1626950055360794,0.1684630066156387,0.1553049981594085,0.167380005121231,2522587575.0,1762300800,0.17718786001205442,0.1914771199226379,0.223086838318844,34.35507234989164,-0.012497983405575175,-0.010988021002703909,-0.001509962402871266,2251917729.6,-0.15335507904855916,-2.0
2025-11-06 00:00:00,0.1673790067434311,0.167380005121231,0.1577309966087341,0.1614059954881668,1870692567.0,1762387200,0.17414442981992445,0.18962155997753138,0.2224959898175615,32.18133473969246,-0.013199197156728654,-0.01143025623350886,-0.0017689409232197941,2179555127.9,-0.1789756824812917,-2.0
2025-11-07 00:00:00,0.1614080071449279,0.1813839972019195,0.1604859977960586,0.1786729991436004,2931787387.0,1762473600,0.17303585793290813,0.18820883989334103,0.22218083823570095,43.34035029784313,-0.0122207381555553,-0.011588352617918149,-0.000632385537637151,2264202041.7,-0.13126367527683847,-2.0
2025-11-08 00:00:00,0.1786739975214004,0.183008998632431,0.1733119934797287,0.1761820018291473,2236137677.0,1762560000,0.1714502871036529,0.1870748400688171,0.2219279695941944,42.26004243882178,-0.011513583588204285,-0.011573398811975378,5.981522377109319e-05,2276895990.45,-0.12076929620935128,-2.0
2025-11-09 00:00:00,0.1761820018291473,0.1809639930725097,0.1716790050268173,0.1792600005865097,1608940509.0,1762646400,0.17040557307856422,0.1863921600580215,0.2218072221736715,44.11374475458827,-0.010582797817319689,-0.01137527861304424,0.0007924807957245504,2249941355.25,-0.07482050805625728,-2.0
2025-11-10 00:00:00,0.1792590022087097,0.1850190013647079,0.1776600033044815,0.1818140000104904,2127003685.0,1762732800,0.17248714395931786,0.18613004028797145,0.22163499997119707,45.67229891320418,-0.009529210175912295,-0.011006064925617851,0.001476854749705556,2217107740.85,-0.054971646820396236,-2.0
2025-11-11 00:00:00,0.1818130016326904,0.1853460073471069,0.1718699932098388,0.1720249950885772,2107396312.0,1762819200,0.1738199996096747,0.18561735987663266,0.22124724240616112,40.957601357666846,-0.009376044066860656,-0.010680060753866412,0.001304016687005756,2193806202.0,-0.058480714492343155,-2.0
2025-11-12 00:00:00,0.1720200031995773,0.178284004330635,0.1674810051918029,0.1700810045003891,1803938275.0,1762905600,0.17420585666384011,0.18483663976192471,0.22094766675221797,40.07290928918824,-0.009304268796811177,-0.010404902362455365,0.001100633565644188,2195544473.5,-0.08770978124028117,-2.0
2025-11-13 00:00:00,0.1700810045003891,0.1767950057983398,0.1603219956159591,0.1642960011959076,2729846444.0,1762992000,0.1746187146220888,0.18359555959701535,0.2205339394735567,37.478525331829495,-0.009603484802721801,-0.010244618850508654,0.0006411340477868524,2254721097.2,-0.12272999785570171,-2.0
2025-11-14 00:00:00,0.1642960011959076,0.1657190024852752,0.1554169952869415,0.1574659943580627,3090051874.0,1763078400,0.17158914250986917,0.18188963949680326,0.21987814147665039,34.62807221746192,-0.010273315725440268,-0.010250358225494978,-2.295749994529056e-05,2352391436.05,-0.1560086646898874,-2.0
2025-11-15 00:00:00,0.1574659943580627,0.1642930060625076,0.1574649959802627,0.1631370037794113,1245164553.0,1763164800,0.16972557135990687,0.18063955962657924,0.21920059606282394,38.790746269056726,-0.010228648993383466,-0.010246016379072676,1.7367385689210507e-05,2330668132.8,-0.02455110211727385,-2.0
2025-11-16 00:00:00,0.1631370037794113,0.1653279960155487,0.1544169932603836,0.1586609929800033,1764383845.0,1763251200,0.1667828559875488,0.1793859195709228,0.21837570706401205,36.799006271329375,-0.010434148580546643,-0.010283642819367469,-0.00015050576117917394,2319666274.35,-0.024794937882598456,-2.0
2025-11-17 00:00:00,0.1586609929800033,0.1639450043439865,0.1509190052747726,0.1518920063972473,2792290270.0,1763337600,0.16250828547137122,0.17766784012317655,0.21754533338426335,33.95925757974268,-0.011016220992127429,-0.010430158453919461,-0.0005860625382079678,2318786072.55,-0.0925319527428976,-2.0
2025-11-18 00:00:00,0.1518920063972473,0.1625330001115799,0.1501020044088363,0.1617040038108825,2444487369.0,1763424000,0.16103385814598625,0.1762280803918838,0.21693072731446736,41.05954247601147,-0.010563996210459087,-0.010456926005227386,-0.00010707020523170047,2311466135.55,0.001846327466426434,-2.0
2025-11-19 00:00:00,0.1617040038108825,0.1620970070362091,0.1473100036382675,0.1543249934911728,2265496568.0,1763510400,0.15878299943038393,0.1745374399423599,0.216109100917373,37.770691884731164,-0.010677940623995408,-0.010501128928980991,-0.0001768116950144165,2269107756.65,-0.1362713211796428,-2.0
2025-11-20 00:00:00,0.1543249934911728,0.1590999960899353,0.1464360058307647,0.1490920037031173,2500681053.0,1763596800,0.15661099978855672,0.1722743201255798,0.21513829282437907,35.593308756039605,-0.011062973858445707,-0.010613497914873935,-0.0004494759435717723,2315151876.05,-0.15376143899364125,-2.0
2025-11-21 00:00:00,0.1490930020809173,0.150626003742218,0.134113997220993,0.1401820033788681,3788412140.0,1763683200,0.15414185822010038,0.16986632049083705,0.2142927271850181,32.19062322726904,-0.01194933355394151,-0.01088066504268745,-0.00106866851125406,2462078669.5,-0.21799619033685547,-2.0
2025-11-22 00:00:00,0.1401820033788681,0.1419059932231903,0.1358979940414428,0.1403039991855621,1508164780.0,1763769600,0.15088000042097907,0.1677282005548477,0.21340071703448438,32.286074848224274,-0.01249786831023253,-0.011204105696196466,-0.0012937626140360637,2489126569.9,-0.2283102556598129,-2.0
2025-11-23 00:00:00,0.1403039991855621,0.1474259942770004,0.1397600024938583,0.1448310017585754,1345739666.0,1763856000,0.1489042873893465,0.16582584083080287,0.21252783831923897,35.892311277667446,-0.012424077748109275,-0.011448100106579028,-0.0009759776415302467,2373964308.25,-0.15808163991517254,-2.0
2025-11-24 00:00:00,0.1448310017585754,0.1535950005054474,0.1437799930572509,0.1517940014600753,1886500747.0,1763942400,0.14889028668403623,0.16458920061588284,0.21169176757937727,41.089178320451126,-0.011669226730393195,-0.011492325431341861,-0.00017690129905133418,2228485164.8,-0.10751937345402951,-2.0
2025-11-25 00:00:00,0.1517949998378753,0.1547390073537826,0.1463090032339096,0.1529719978570938,1584986684.0,1764028800,0.1476428572620664,0.16325076043605802,0.21099022211450516,41.94659407605966,-0.010850865374524232,-0.011364033419978336,0.0005131680454541036,2181605120.25,-0.06892440020686186,-2.0
2025-11-26 00:00:00,0.1529719978570938,0.156601995229721,0.1489000022411346,0.1547780036926269,1505665002.0,1764115200,0.1477075730051313,0.16195064067840573,0.2104420403037408,43.30888924411035,-0.009941973643022822,-0.011079621464587235,0.0011376478215644123,2163353742.0,-0.01707029302671892,-2.0
2025-11-27 00:00:00,0.1547780036926269,0.1554629951715469,0.1523589938879013,0.1526889950037002,922512953.0,1764201600,0.14822142890521456,0.1605952805280685,0.20974748468760285,42.07886599682336,-0.009283224704433019,-0.010720342112556392,0.0014371174081233735,2062890020.3,-0.06404438314828043,-2.0
2025-11-28 00:00:00,0.1526899933815002,0.155008003115654,0.1486299932003021,0.1502799987792968,1307624427.0,1764288000,0.14966399967670435,0.15991676032543178,0.20909628272056577,40.645269796497416,-0.008853489768117812,-0.010346971643668676,0.001493481875550864,2016464357.8,-0.052823280904102266,-2.0
2025-11-29 00:00:00,0.1502790004014969,0.1508010029792785,0.1476189941167831,0.1485690027475357,648320199.0,1764374400,0.15084471447127198,0.15935172021389005,0.2081667776360656,39.61298866318253,-0.008552398093844754,-0.00998805693370389,0.0014356588398591365,1968433342.3,-0.021877409671058223,-2.0
2025-11-30 00:00:00,0.1485690027475357,0.1504819989204406,0.1466690003871917,0.1466690003871917,717631352.0,1764460800,0.15110728570393148,0.15852328002452848,0.20726435338005872,38.44531567946172,-0.008370603972161494,-0.009664566341395411,0.001293962369233917,1897964725.65,-0.09297854765101976,-2.0
2025-12-01 00:00:00,0.1466690003871917,0.1466709971427917,0.1323660016059875,0.1355880051851272,1935250412.0,1764547200,0.1487921433789389,0.1574905604124069,0.20629253531947278,32.43955735737059,-0.009016735215199218,-0.009535000116156173,0.0005182649009569558,1889357430.65,-0.12141253261816809,-2.0
2025-12-02 00:00:00,0.1355880051851272,0.1472460031509399,0.1347009986639022,0.1459719985723495,1442143940.0,1764633600,0.14779214348111827,0.15618252038955685,0.2056475656502174,41.640023806378316,-0.008591855830960948,-0.009346371259117128,0.0007545154281561797,1871267713.9,-0.020926710039933294,-2.0
2025-12-03 00:00:00,0.1459700018167495,0.1529189944267273,0.1453900039196014,0.1519439965486526,1522255570.0,1764720000,0.14738728531769338,0.15521300017833706,0.20497563631847648,46.17949303284414,-0.0076846615365852855,-0.009014029314610759,0.0013293677780254736,1810888170.2,0.08390515819634503,-2.0
2025-12-04 00:00:00,0.1519200056791305,0.1527310013771057,0.1459839940071106,0.1475030034780502,1232527768.0,1764806400,0.14664642938545766,0.15394272029399866,0.20425426267614263,43.471545897725626,-0.007240589539084491,-0.008659341359505506,0.0014187518204210152,1718011964.9,0.0513100434362308,-2.0
2025-12-05 00:00:00,0.1475030034780502,0.1482840031385421,0.1376609951257705,0.1396320015192031,1279447426.0,1764892800,0.14512528691972998,0.15225544035434718,0.2033986262600831,39.095767023426895,-0.00743804223816899,-0.008415081535238204,0.0009770392970692137,1719726108.55,-0.03589701221592545,-2.0
2025-12-06 00:00:00,0.1396320015192031,0.1405850052833557,0.1385650038719177,0.1397430002689361,637344481.0,1764979200,0.14386442942278718,0.15096416056156156,0.20264820197615957,39.188729377026064,-0.007499123031055127,-0.008231889834401589,0.0007327668033464615,1663374140.35,-0.07939049682611365,-2.0
2025-12-07 00:00:00,0.1397449970245361,0.1428319960832595,0.1352709978818893,0.1385760009288787,1065448744.0,1765065600,0.1427082866430282,0.14970396041870113,0.20186634346692245,38.52297104024547,-0.00755461222604395,-0.008096434312730062,0.0005418220866861122,1577032064.05,-0.09410870701750151,-2.0
2025-12-08 00:00:00,0.1385709941387176,0.1446080058813095,0.1382450014352798,0.1425990015268325,1167700280.0,1765152000,0.1437098575489861,0.14883608043193813,0.20114698991028945,42.170265282809495,-0.007191071094918733,-0.007915361669167797,0.0007242905742490639,1513192709.6,-0.0786869056017846,-2.0
2025-12-09 00:00:00,0.1425999999046325,0.1529130041599273,0.139626994729042,0.1480370014905929,1669844829.0,1765238400,0.144004857965878,0.14845892071723935,0.20051853539365708,46.76761597297288,-0.0063904953273278275,-0.007610388400799803,0.0012198930734719756,1483410122.65,-0.03046711724701945,-2.0
2025-12-10 00:00:00,0.1480370014905929,0.1501210033893585,0.1428250074386596,0.1435150057077407,1454774688.0,1765324800,0.14280071641717632,0.14767404079437252,0.19979830312006397,43.6594090569648,-0.006051166451325141,-0.0072985440109048704,0.0012473775595797298,1431114804.4,-0.0450159244510725,-2.0
2025-12-11 00:00:00,0.1434990018606186,0.143543004989624,0.1365350037813186,0.1403840035200119,1459697025.0,1765411200,0.14178371642317084,0.14694296121597283,0.19898844457635972,41.59795087292967,-0.005966117888790562,-0.007032058786482009,0.0010659408976914468,1314679048.65,-0.05509224048190342,-2.0
2025-12-12 00:00:00,0.1403840035200119,0.1413899958133697,0.1347090005874633,0.1369490027427673,1065894918.0,1765497600,0.14140043088368,0.14634524106979366,0.19822553552762423,39.39998528734188,-0.006105511608194197,-0.006846749350824447,0.0007412377426302495,1292565555.55,-0.06627165671521962,-2.0
2025-12-13 00:00:00,0.1369490027427673,0.1399040073156356,0.1369470059871673,0.139165997505188,519857549.0,1765584000,0.1413180019174303,0.14544372081756587,0.19743020215419804,41.54672938476491,-0.005968290448808006,-0.006671057570421159,0.0007027671216131536,1251271449.7,0.026388708316606113,-2.0
2025-12-14 00:00:00,0.139165997505188,0.1392379999160766,0.1333959996700287,0.1341640055179596,831077847.0,1765670400,0.14068771685872755,0.14463728129863734,0.1966047274945962,38.25406024504536,-0.006191785591303622,-0.006575203174597652,0.0003834175832940299,1198500304.7,-0.08089217911569113,-2.0
2025-12-15 00:00:00,0.1341650038957595,0.1380749940872192,0.1273179948329925,0.129731997847557,1383279585.0,1765756800,0.1388495734759739,0.14386288106441492,0.1956076466976994,35.56456403618846,-0.006649877433447082,-0.006590138026367539,-5.973940707954331e-05,1188414949.75,-0.14618543151182206,-2.0
2025-12-16 00:00:00,0.129731997847557,0.1329330056905746,0.1282179951667785,0.131740003824234,1026120710.0,1765843200,0.13652143095220837,0.14352520108222955,0.1944951114028391,37.70163635756634,-0.006772816406406368,-0.006626673702375305,-0.00014614270403106276,1164437735.15,-0.10686561820527185,-2.0
2025-12-17 00:00:00,0.131741002202034,0.1359219998121261,0.1251129955053329,0.1261750012636184,1368935538.0,1765929600,0.1340442874601909,0.14296004116535183,0.1933383943155558,34.30579788971394,-0.0072358848498121076,-0.006748515931862666,-0.00048736891794944146,1186758864.4,-0.0963747572846615,-2.0
2025-12-18 00:00:00,0.1261759996414184,0.1304199993610382,0.1202339977025985,0.1220469996333122,1762583322.0,1766016000,0.13142471547637663,0.1420486810803413,0.19209245486993978,32.003094637899565,-0.007845526810455694,-0.006967918107581272,-0.0008776087028744221,1209506809.15,-0.12663246532254113,-2.0
2025-12-19 00:00:00,0.1220479980111122,0.1331129968166351,0.1207330003380775,0.1322139948606491,1479134848.0,1766102400,0.1307482857789312,0.14126548081636425,0.1908455457199703,42.27943471855313,-0.007422716455953493,-0.007058877777255717,-0.00036383867869777594,1251047541.6,-0.045909869137403914,-2.0
2025-12-20 00:00:00,0.1322149932384491,0.1324519962072372,0.1307719945907592,0.1319520026445388,537943591.0,1766188800,0.12971771508455274,0.14042468100786207,0.18939629325059926,42.10285479809445,-0.007027765084840043,-0.007052655238772583,2.489015393253996e-05,1242063153.55,-0.07466390906173548,-2.0
2025-12-21 00:00:00,0.1319520026445388,0.1329970061779022,0.1289079934358596,0.1310579925775528,662389637.0,1766275200,0.1292739989502089,0.1394758805632591,0.18779623260100678,41.466429419311915,-0.006709558801307414,-0.0069840359512795495,0.0002744771499721358,1178420114.8,-0.11469435845145137,-2.0
2025-12-22 00:00:00,0.1310569941997528,0.1349879950284958,0.1299999952316284,0.132433995604515,1123402771.0,1766361600,0.12965999862977434,0.13866568058729167,0.18631990938776669,42.89715182801224,-0.006274023052214389,-0.006842033371466517,0.0005680103192521281,1162483056.35,-0.07721150864036819,-2.0
2025-12-23 00:00:00,0.132433995604515,0.1334999948740005,0.1282130032777786,0.1291950047016143,920201581.0,1766448000,0.12929642732654295,0.13782228082418435,0.18491147511234182,40.394243932387944,-0.006119673542447385,-0.00669756140566269,0.0005778878632153057,1132380356.9,-0.07970280472021585,-2.0
2025-12-24 00:00:00,0.1291929930448532,0.13018099963665,0.1267150044441223,0.1285180002450943,638034560.0,1766534400,0.12963114146675378,0.1370202407240867,0.18348467703720533,39.87060048955848,-0.005983010623435564,-0.006554651249217266,0.0005716406257817016,1102655696.5,-0.061563080627239364,-2.0
2025-12-25 00:00:00,0.1285170018672943,0.1288580000400543,0.1232530027627945,0.1235449984669685,726734769.0,1766620800,0.12984514130013325,0.13609528064727777,0.18187943462169529,36.16222966033225,-0.006204462773194919,-0.006484613554012797,0.0002801507808178781,1075020063.65,-0.11224723939938819,-2.0
2025-12-26 00:00:00,0.1235449984669685,0.1272439956665039,0.1207749992609024,0.1220130026340484,1170409215.0,1766707200,0.12838785669633315,0.13555228054523463,0.18029593969836377,35.0797722992116,-0.006429469535054744,-0.0064735847502211865,4.4115215166442776e-05,1101673300.35,-0.09056827751229157,-2.0
2025-12-27 00:00:00,0.1220130026340484,0.1244850009679794,0.121918998658657,0.1242239996790885,481541479.0,1766793600,0.1272838562726974,0.1346823605895042,0.17887005081983523,37.965809844436905,-0.006356110743345633,-0.0064500899488460755,9.39792055004423e-05,1072477937.1,-0.04245674359336349,-2.0
2025-12-28 00:00:00,0.1242249980568885,0.1247249990701675,0.1228149980306625,0.1238249987363815,458322998.0,1766880000,0.12625057143824436,0.13355760067701336,0.17741627291296463,37.64061095840302,-0.006258030731101788,-0.0064116781052972185,0.00015364737419543053,1037009073.0,-0.06008049839145757,-2.0
2025-12-29 00:00:00,0.1238249987363815,0.1278170049190521,0.1222290024161338,0.1227300018072128,1128737873.0,1766966400,0.12486428661005834,0.13256668061017987,0.17601800017585653,36.71126086968539,-0.006197221009521331,-0.006368786686142041,0.00017156567662071024,1009953725.2,-0.02730334394218037,-2.0
2025-12-30 00:00:00,0.1227300018072128,0.1248859986662864,0.1223910003900528,0.1232760027050972,915801292.0,1767052800,0.12401871489627017,0.13191244065761562,0.17482567691441733,37.53938243369005,-0.006035398836833378,-0.0063021091162803085,0.00026671027944693074,983005055.4,0.010069916306648441,-2.0
2025-12-31 00:00:00,0.1232760027050972,0.123539000749588,0.116187997162342,0.1172939985990524,1037180935.0,1767139200,0.12241528608969275,0.13101448059082027,0.1736126061942842,32.51893927418212,-0.006317032518123211,-0.006305093796648889,-1.1938721474322525e-05,961879250.9,-0.11284732964405231,-2.0
2026-01-01 00:00:00,0.1172930002212524,0.1269569993019104,0.1172930002212524,0.1266800016164779,1303368853.0,1767225600,0.12286314368247983,0.13053864061832424,0.17245539405731236,44.95753777922682,-0.005716955731212392,-0.00618746618356159,0.0004705104523491984,973752947.65,-0.039953929628964824,-2.0
2026-01-02 00:00:00,0.1266829967498779,0.1445360034704208,0.1258700042963028,0.1416729986667633,3130956326.0,1767312000,0.12567171454429624,0.13050160050392148,0.17163687884205517,58.2090222223137,-0.0039856370510604755,-0.005747100357061368,0.0017614633060008926,1104307886.5,0.08099472516282558,-2.0
2026-01-03 00:00:00,0.1416729986667633,0.144128993153572,0.1396169960498809,0.1430580019950866,1603761211.0,1767398400,0.12836228630372454,0.13030244052410123,0.17073212127492882,59.18652345347724,-0.0024732858304363226,-0.005092337451736359,0.0026190516213000364,1142942054.7,0.08022114217785781,-2.0
2026-01-04 00:00:00,0.1430590003728866,0.1539079993963241,0.1430310010910034,0.1493079960346222,2329346323.0,1767484800,0.1320027144891875,0.13053416013717647,0.16990860604276556,63.35229141475894,-0.0007616346563611986,-0.004226196892661327,0.003464562236300128,1190245391.6,0.15567932660756023,-2.0
2026-01-05 00:00:00,0.1493069976568222,0.1535349935293197,0.146478995680809,0.1518180072307586,2074134256.0,1767571200,0.1361581438354083,0.13099152028560634,0.16904426268254863,64.90167385469806,0.0007883109988750803,-0.003223295314354045,0.004011606313229126,1242646068.9,0.18129761544086676,-2.0
2026-01-06 00:00:00,0.1518169939517974,0.1560910046100616,0.1438809931278228,0.1506330072879791,2233301980.0,1767657600,0.14006628734724857,0.13153888046741483,0.16819149511631085,63.53596295740647,0.0018991423743640878,-0.0021988077766104184,0.004097950150974507,1285864391.0,0.219256215606761,-2.0
2026-01-07 00:00:00,0.1506319940090179,0.1536159962415695,0.1452589929103851,0.1462550014257431,1527678668.0,1767744000,0.14420357346534726,0.13182244062423704,0.16731624260093222,58.62748511442616,0.002398566575559008,-0.0012793329061765333,0.0036778994817355413,1274119158.3,0.19868373262154138,-2.0
2026-01-08 00:00:00,0.1462559998035431,0.147380992770195,0.1384020000696182,0.1419949978590011,1645615672.0,1767830400,0.146391430071422,0.1321356803178787,0.16624179813596934,54.23673180185895,0.0024226899064923035,-0.000538928343642766,0.0029616182501350694,1282443199.5,0.14305607793840935,-2.0
2026-01-09 00:00:00,0.14198699593544,0.1437959969043731,0.1385270059108734,0.1404799968004226,1302798478.0,1767916800,0.14622100123337334,0.13256560027599332,0.1650149597965105,52.72443388197631,0.002293126165012205,2.7482558088228143e-05,0.0022656436069239767,1320685943.85,0.13450432654151645,-2.0
2026-01-10 00:00:00,0.1404799968004226,0.140514999628067,0.1390469968318939,0.1394730061292648,468571514.0,1768003200,0.14570885896682736,0.13287492036819454,0.16381162645840883,51.69269403505106,0.0020851538790877255,0.00043901682228812764,0.0016461370567995978,1310995037.7,0.1364214460646087,-2.0
2026-01-11 00:00:00,0.1394750028848648,0.1408620029687881,0.1359239965677261,0.1377370059490203,816409422.0,1768089600,0.14405586038316995,0.1333374005556106,0.16266839431993885,49.88052664606541,0.0017599658472005064,0.0007032066272706035,0.0010567592199299028,1295645370.25,0.11730590647489558,-2.0
2026-01-12 00:00:00,0.1377359926700592,0.142084002494812,0.1354980021715164,0.1365399956703186,1327503214.0,1768176000,0.14187328730310708,0.1339171203970909,0.16149249522372927,48.61499733722579,0.001389644308848803,0.0008404941635862435,0.0005491501452625596,1316010451.9,0.164083391317019,-2.0
2026-01-13 00:00:00,0.1365399956703186,0.150189995765686,0.1362019926309585,0.1480949968099594,1732372910.0,1768262400,0.1415107143776757,0.13455236047506328,0.1602983741146145,59.33937352025487,0.0020054364217486076,0.0010734826152187164,0.0009319538065298912,1370727369.4,0.1690479548485886,-2.0
2026-01-14 00:00:00,0.1480959951877594,0.1510690003633499,0.1456619948148727,0.1472229957580566,1778999507.0,1768348800,0.14164899928229194,0.135163200199604,0.1592873336389811,58.349668554905335,0.0023954793160710364,0.0013378819553891805,0.0010575973606818559,1423340606.3,0.03917469908537585,-2.0
2026-01-15 00:00:00,0.1472209990024566,0.1472260057926178,0.1390019953250885,0.1399949938058853,1541885031.0,1768435200,0.1413632844175611,0.1355206802487373,0.158119980132941,50.78811818500754,0.0020971768203832397,0.0014897409283879926,0.0006074358919952471,1441914397.1,-0.021410953225157625,-2.0
2026-01-16 00:00:00,0.1399949938058853,0.1403149962425232,0.135353997349739,0.1380590051412582,1398269621.0,1768521600,0.1410174284662519,0.13574568063020703,0.15700377809880955,48.95805597594864,0.0016851267457244634,0.0015288180918552868,0.00015630865386917665,1487750804.2,-0.07534084705520738,-2.0
2026-01-17 00:00:00,0.1380590051412582,0.1397420018911361,0.1369179934263229,0.1377920061349868,617323254.0,1768608000,0.14077728560992647,0.13608956068754194,0.1564445558822516,48.69743979348041,0.00132179270102456,0.0014874130136891415,-0.0001656203126645815,1495700817.0,-0.09238693980782353,-2.0
2026-01-18 00:00:00,0.1377920061349868,0.1382360011339187,0.131642997264862,0.1316590011119842,808975310.0,1768694400,0.1399089992046356,0.13621520072221752,0.15590128317625832,43.03103766340273,0.0005328235450683116,0.0012964951199649758,-0.0007636715748966642,1479712688.85,-0.12596180955028358,-2.0
2026-01-19 00:00:00,0.1316580027341842,0.1316639930009842,0.1246410012245178,0.1290670037269592,1914066465.0,1768780800,0.13884142892701282,0.13643608093261717,0.15510605095010813,40.866739105634835,-0.00029815576789163356,0.000977564942393654,-0.0012757207102852876,1529625947.5,-0.11752075164082942,-2.0
2026-01-20 00:00:00,0.1290680021047592,0.1291349977254867,0.1231629997491836,0.1232670024037361,1323990723.0,1768867200,0.13529457258326663,0.13648624092340467,0.15418964692137455,36.449007972856876,-0.001408488317870743,0.0005003542903407746,-0.0019088426082115176,1543966436.9,-0.13189193800940524,-2.0
2026-01-21 00:00:00,0.1232670024037361,0.1285389959812164,0.1207429990172386,0.1264799982309341,1594881270.0,1768953600,0.13233128722224913,0.13657648086547847,0.15340124288893706,40.299148432999324,-0.002006048474028077,-9.262625329957202e-07,-0.0020051222114950812,1558542057.75,-0.09965830643759244,-2.0
2026-01-22 00:00:00,0.1264799982309341,0.1277420073747635,0.1232369989156723,0.1242069974541664,827497183.0,1769040000,0.13007585917200357,0.1365917608141899,0.1526727580060862,38.521164810211936,-0.0026326834335627103,-0.0005272776967389386,-0.0021054057368237716,1443369100.6,-0.10945493396012229,-2.0
2026-01-23 00:00:00,0.1242069974541664,0.1272979974746704,0.1221830025315284,0.1246460005640983,904439765.0,1769126400,0.12815971566098075,0.1366684007644653,0.1520291116050999,39.080204981844346,-0.0030586144679207727,-0.0010335450509753054,-0.0020250694169454673,1408403028.3,-0.09504348736727508,-2.0
2026-01-24 00:00:00,0.1246460005640983,0.1246889978647232,0.1230020001530647,0.1240959987044334,377237700.0,1769212800,0.12620314317090167,0.13670120060443874,0.15141551557815433,38.60655267787518,-0.003401339905662659,-0.0015071040219127763,-0.001894235883749883,1310797597.15,-0.09113810868964534,-2.0
2026-01-25 00:00:00,0.1240959987044334,0.1241379976272583,0.1178330034017562,0.1192990019917488,1040862578.0,1769299200,0.12443742901086804,0.1367814007401466,0.15070541451374686,34.66078784707794,-0.004013761682618577,-0.0020084355540539367,-0.0020053261285646407,1259134013.25,-0.19444272553759956,-2.0
2026-01-26 00:00:00,0.1193009987473487,0.1235100030899047,0.1192750036716461,0.1222999989986419,1151054520.0,1769385600,0.12347071404967987,0.13660620063543316,0.14996780838930243,38.87004152043099,-0.004208442667631096,-0.0024484369767693685,-0.0017600056908617275,1205021640.25,-0.1692873904045037,-2.0
2026-01-27 00:00:00,0.1222999989986419,0.1262860000133514,0.1214390024542808,0.126010000705719,1096515615.0,1769472000,0.12386257094996313,0.1359796807169914,0.14921928317558883,43.69886763029984,-0.004017056492160359,-0.002762160879847567,-0.0012548956123127923,1183463487.6,-0.09989638000597112,-2.0
2026-01-28 00:00:00,0.126010000705719,0.1272719949483871,0.1237900033593177,0.1248729974031448,1064072731.0,1769558400,0.12363299940313607,0.13525228053331373,0.14851710132577198,42.58853658541206,-0.003912032754977979,-0.0029921352548736495,-0.0009198975001043293,1154386340.55,-0.0955099431914771,-2.0
2026-01-29 00:00:00,0.1248750016093254,0.1249020025134086,0.1144889965653419,0.1170990020036697,1681357064.0,1769644800,0.12261757148163656,0.1339639207720756,0.14778070746347155,35.876431139197365,-0.0044053154115028526,-0.0032747712861994904,-0.0011305441253033621,1173314269.85,-0.15017565032796876,-2.0
2026-01-30 00:00:00,0.1170990020036697,0.1183530017733573,0.1124560013413429,0.1156629994511604,1638538810.0,1769731200,0.12133428560835971,0.1325177204608917,0.14698089945195897,34.78583464446402,-0.0048561403128378755,-0.0035910450915271675,-0.001265095221310708,1231812634.65,-0.12149569361549539,-2.0
2026-01-31 00:00:00,0.1156629994511604,0.1156629994511604,0.099590003490448,0.1040989980101585,2644125762.0,1769817600,0.11847757122346328,0.13065636008977888,0.14603545501677673,27.528528166918463,-0.006076494520712031,-0.00408813497736414,-0.0019883595433478904,1323198451.65,-0.19344995231794826,-2.0
2026-02-01 00:00:00,0.1040979996323585,0.1065339967608451,0.1016359999775886,0.1043440029025077,1460160286.0,1769904000,0.11634114278214315,0.12897992014884946,0.1451036671195367,27.87187180166501,-0.006943820139221332,-0.004659272009735579,-0.002284548129485753,1329831305.25,-0.15351228741046163,-2.0
2026-02-02 00:00:00,0.1043410003185272,0.1100350022315979,0.0997359976172447,0.107863999903202,1987430619.0,1769990400,0.1142788571970803,0.12761468023061748,0.14411572773348197,32.79790095141513,-0.007263419422736256,-0.005180101492335715,-0.002083317930400541,1342584190.7,-0.1471853145802705,-2.0
2026-02-03 00:00:00,0.107863999903202,0.109995998442173,0.1023479998111724,0.1056459993124008,1957004305.0,1770076800,0.11136971414089199,0.12622132033109662,0.14315879849171395,31.34522817253439,-0.0076079782313348,-0.005665676840135532,-0.0019423013911992679,1351484430.6,-0.14943601022651554,-2.0
2026-02-04 00:00:00,0.1056440025568008,0.109095998108387,0.101451002061367,0.1037670001387596,1647515646.0,1770163200,0.10835457167455124,0.12479308009147641,0.1422498086185166,30.127812297975538,-0.007941122779201504,-0.006120766027948726,-0.0018203567512527774,1356765961.35,-0.16750638071697954,-2.0
2026-02-05 00:00:00,0.1037670001387596,0.1042879968881607,0.0873610004782676,0.0882859975099563,3236639682.0,1770249600,0.10423842817544933,0.12281503975391385,0.14119825308973136,22.40639940059232,-0.009346588115819829,-0.0067659304455229465,-0.0025806576702968823,1448684464.4,-0.28856692857412625,-2.0
2026-02-06 00:00:00,0.0882859975099563,0.1014159992337226,0.0815730020403862,0.0984890013933181,3019798108.0,1770336000,0.10178499988147185,0.12129299998283383,0.14034753586306714,34.348657244250916,-0.009527307507194854,-0.007318205857857328,-0.0022091016493375262,1568808207.1,-0.17443566376079156,-2.0
2026-02-07 00:00:00,0.0984880030155181,0.0992539972066879,0.0949560031294822,0.0982770025730133,1554578203.0,1770422400,0.10095328624759399,0.11930028021335598,0.13945707121882772,34.23076987363737,-0.009577235055821295,-0.007770011697450122,-0.0018072233583711732,1606088351.75,-0.19642679167884014,-2.0
2026-02-08 00:00:00,0.0982770025730133,0.0985390022397041,0.0952970013022422,0.0967380031943321,813743324.0,1770508800,0.09986671486071175,0.117280880510807,0.1385424955174176,33.33630224952461,-0.009629978982465343,-0.008142005154453166,-0.0014879738280121763,1551072194.7,-0.23229900283667237,-2.0
2026-02-09 00:00:00,0.0967359989881515,0.0971139967441558,0.0925849974155426,0.0960209965705871,945795680.0,1770595200,0.09817485724176676,0.11552192062139507,0.13762782882861413,32.90490437758429,-0.009618756331075354,-0.008437355389777605,-0.001181400941297749,1532162442.55,-0.2310507590316807,-2.0
2026-02-10 00:00:00,0.0960220023989677,0.0964149981737136,0.0921199992299079,0.0926989987492561,840498107.0,1770681600,0.0963252857327461,0.11370752036571498,0.13687485908017008,30.909143939835715,-0.00976535087392641,-0.008702954486607366,-0.0010623963873190433,1494443284.4,-0.20837071910868155,-2.0
2026-02-11 00:00:00,0.0926989987492561,0.0934849977493286,0.0883259996771812,0.0910490006208419,1032329246.0,1770768000,0.09450842865875785,0.1118378001451492,0.13615116206082425,29.937879250062252,-0.009900541880718233,-0.00894247196542954,-0.0009580699152886927,1504684887.55,-0.21280788970643938,-2.0
2026-02-12 00:00:00,0.0910490006208419,0.094370000064373,0.0908830016851425,0.0929889976978302,851954055.0,1770854400,0.09518028582845413,0.11029100000858304,0.13539973774341615,32.6188456882594,-0.009738876471000857,-0.009101752866543805,-0.000637123604457052,1502060602.05,-0.10672533381391558,-2.0
2026-02-13 00:00:00,0.0929889976978302,0.0974470004439354,0.0918010026216507,0.0965820029377937,879500779.0,1770940800,0.09490785747766492,0.1089915999770164,0.13474494993987704,37.39684187761674,-0.00921460968958987,-0.009124324231153018,-9.028545843685169e-05,1527173756.0,-0.07438855850648463,-2.0
2026-02-14 00:00:00,0.0965830013155937,0.1131199970841407,0.0963599979877471,0.1111690029501915,1609438576.0,1771027200,0.0967495718172618,0.10850767999887463,0.13406309139246886,52.212331559079466,-0.007535214236616891,-0.008806502232245793,0.0012712879956289017,1555602555.9,0.03064046438065926,-2.0
2026-02-15 00:00:00,0.1111679971218109,0.1170990020036697,0.1017590016126632,0.1026569977402687,2563783568.0,1771113600,0.09759514246668131,0.10755475997924802,0.1333204145834903,45.452605013681996,-0.0068125975396476635,-0.008407721293726167,0.0015951237540785031,1626239008.3,-0.02829261487975021,-2.0
2026-02-16 00:00:00,0.1026569977402687,0.103361003100872,0.0988340005278587,0.1009820029139518,1222534498.0,1771200000,0.09830385765859055,0.10662576019763943,0.13252972773831295,44.2388633153662,-0.006302426238541506,-0.007986662282689235,0.0016842360441477293,1632539952.45,-0.02683894900193351,-2.0
2026-02-17 00:00:00,0.1009820029139518,0.1030040010809898,0.0985969975590705,0.1006309986114502,986666468.0,1771286400,0.09943700049604685,0.1056651601195335,0.13170969742115093,43.973863378943356,-0.005858897200683083,-0.007561109266288005,0.0017022120656049224,1628669639.3,0.13982966098448069,-2.0
2026-02-18 00:00:00,0.1006309986114502,0.1022270023822784,0.0976649969816207,0.0985129997134208,729291583.0,1771372800,0.10050328608070098,0.104641840159893,0.13096715201332107,42.32627093707217,-0.00561359205803641,-0.007171605824637686,0.0015580137666012768,1581066365.25,0.00024366497541028487,-2.0
2026-02-19 00:00:00,0.0985129997134208,0.0990049988031387,0.0962029993534088,0.0982899963855743,800628206.0,1771459200,0.10126057160752157,0.10380147993564602,0.13024199031519162,42.14721269161197,-0.005375218299403156,-0.006812328319590781,0.0014371100201876251,1539170835.05,0.00013221620746262097,-2.0
2026-02-20 00:00:00,0.0982910022139549,0.1021170020103454,0.0959289968013763,0.1001230031251907,1090061835.0,1771545600,0.10176642877714971,0.10291440010070797,0.12959377821346724,44.235450322381354,-0.004980979423246407,-0.006446058540321906,0.0014650791170754997,1461467638.7,0.03499141825429919,-2.0
2026-02-21 00:00:00,0.1001230031251907,0.1008659973740577,0.0984729975461959,0.0984779968857765,500345490.0,1771632000,0.09995342791080472,0.10181311994791027,0.1289979398551613,42.74429806413736,-0.004746565081558379,-0.006106159848569202,0.0013595947670108225,1413476898.9,0.025588156788012517,-2.0
2026-02-22 00:00:00,0.0984779968857765,0.098480999469757,0.0947569981217384,0.0954530015587806,528956200.0,1771718400,0.09892428559916355,0.10063632011413569,0.12831426306505392,40.06940587427956,-0.004750125380320325,-0.0058349529549194265,0.0010848275745991018,1340553177.95,0.029709089059029248,-2.0
2026-02-23 00:00:00,0.0954520031809806,0.0974500030279159,0.0917339995503425,0.0925730019807815,1060468925.0,1771804800,0.0977229997515678,0.09965528011322018,0.12764670760041533,37.65346950292148,-0.004928525861295344,-0.005653667536194611,0.000725141674899267,1295726408.95,0.016738254671087027,-2.0
2026-02-24 00:00:00,0.0925730019807815,0.0933320000767707,0.0903410017490387,0.0914620012044906,812929133.0,1771891200,0.09641314297914501,0.09868724018335338,0.12703630350755918,36.73335927735907,-0.005100759623571968,-0.005543085953670083,0.00044232633009811447,1253997083.3,-0.01642125983873488,-2.0
2026-02-25 00:00:00,0.0914620012044906,0.1057460010051727,0.0910530015826225,0.1007390022277832,1718365946.0,1771977600,0.09673114333833964,0.09855284035205837,0.1264204954107602,48.13112254136252,-0.004437526624938334,-0.0053219740879237335,0.0008844474629853992,1178083396.5,0.04304113772280038,-2.0
2026-02-26 00:00:00,0.1007379963994026,0.1014439985156059,0.0956650003790855,0.0970290005207061,1132980994.0,1772064000,0.09655100107192989,0.09826024025678631,0.1258417480070181,44.66559637469501,-0.004163284079850435,-0.005090236086309074,0.0009269520064586392,1083742540.8,-0.12719375054412185,-2.0
2026-02-27 00:00:00,0.0970290005207061,0.0989909991621971,0.0925429984927177,0.0933699980378151,1000779753.0,1772150400,0.09558628605944765,0.09768048018217083,0.12527889946494436,41.49248093045884,-0.004192863092107937,-0.004910761487468847,0.0007178983953609096,1056052618.3,-0.09046630923252341,-2.0
2026-02-28 00:00:00,0.0933699980378151,0.094660997390747,0.0879170000553131,0.0940639972686767,1541167339.0,1772236800,0.09495571468557627,0.09721720010042187,0.12481306101938687,42.329332969637406,-0.004112893854325186,-0.004751187960840115,0.000638294106514929,1092423819.05,-0.06850731264629428,-2.0
2026-03-01 00:00:00,0.0940639972686767,0.0974690020084381,0.090668998658657,0.0919290035963058,1305707878.0,1772323200,0.09445228640522271,0.09674368023872372,0.12432442470030347,40.41422384745314,-0.004173682193410147,-0.004635686807354122,0.0004620046139439749,1110419428.95,-0.086474298528468,-2.0
2026-03-02 00:00:00,0.0919290035963058,0.0972440019249916,0.0908680036664009,0.0935470014810562,1243748292.0,1772409600,0.09459142919097625,0.09695412039756772,0.12380640449548005,42.536067990727396,-0.004044673998828158,-0.004517484245648929,0.000472810246820771,1130581938.2,-0.05040957281588154,-2.0
2026-03-03 00:00:00,0.0935470014810562,0.0936729982495307,0.0887229964137077,0.0900330021977424,1332806985.0,1772496000,0.0943872864757265,0.09661588042974469,0.12318255601808274,39.26572778619303,-0.0041778250826669805,-0.004449552413052539,0.0002717273303855586,1145605825.15,-0.08400645530030504,-2.0
2026-03-04 00:00:00,0.0900330021977424,0.1040199995040893,0.0888020023703575,0.0990279987454414,2557379537.0,1772582400,0.09414285740682052,0.09664592027664182,0.12263766713816707,49.88686824179703,-0.0035169856079929895,-0.004263039052040629,0.0007460534440476398,1230877099.25,-0.010936591448222344,-2.0
2026-03-05 00:00:00,0.0990279987454414,0.09910299628973,0.0929149985313415,0.0935359969735145,1361504900.0,1772668800,0.09364385690007888,0.0965178400278091,0.12201906100969118,44.742076414703206,-0.0033972626782113186,-0.004089883777274768,0.0006926210990634493,1254977305.3,-0.05018379809242235,-2.0
2026-03-06 00:00:00,0.0935359969735145,0.0942540019750595,0.0900660008192062,0.0912619978189468,1016580083.0,1772755200,0.09334271401166912,0.0963274800777435,0.12139858629065327,42.77502309628258,-0.0034461490597642863,-0.003961136833772671,0.0005149877740083849,1225334380.65,-0.04390646361448314,-2.0
2026-03-07 00:00:00,0.0912619978189468,0.0919419974088668,0.0895410031080246,0.0899370014667511,549955367.0,1772841600,0.09275314318282259,0.09621700018644329,0.12078906106527403,41.62665639221734,-0.0035508757166004407,-0.003879084610338225,0.00032820889373778427,1124642970.6,-0.028474830216456026,-2.0
2026-03-08 00:00:00,0.0899370014667511,0.0912050008773803,0.0874399989843368,0.0891629979014396,902261216.0,1772928000,0.09235799951212743,0.0961415600776672,0.12018900041026295,40.93530110193539,-0.003654204570139652,-0.0038341086022985107,0.00017990403215885874,1108629306.5,-0.025136157888245858,-2.0
2026-03-09 00:00:00,0.0891629979014396,0.0925339981913566,0.0891249999403953,0.0903820022940635,1143463665.0,1773014400,0.09190585677112847,0.09603728026151653,0.11962044487396872,42.55353054246903,-0.003596274352046361,-0.003786541752248081,0.00019026740020172033,1116469166.35,-0.10281022945116391,-2.0
2026-03-10 00:00:00,0.0903839990496635,0.1001380011439323,0.0903839990496635,0.0945470035076141,2001286838.0,1773100800,0.09255071410111014,0.09595588028430935,0.1192058893014686,47.81439784834449,-0.00317765343648152,-0.0036647640890947694,0.00048711065261324927,1180068929.1,-0.02557995032178384,-2.0
2026-03-11 00:00:00,0.0945470035076141,0.0946289971470832,0.0916350036859512,0.0928860008716583,1392246716.0,1773187200,0.09167328583342685,0.09522456020116803,0.1186696671024717,46.00498058592174,-0.0029459631466823843,-0.003521003900612292,0.0005750407539299078,1209649854.6,-0.005183647599101171,-2.0
2026-03-12 00:00:00,0.0928869992494583,0.0957179963588714,0.0919089987874031,0.0947360023856163,1086419780.0,1773273600,0.09184471517801282,0.09490772038698193,0.11809180857557236,48.34943380140915,-0.002583288717416532,-0.0033334608639731403,0.0007501721465566083,1209467751.85,0.007144126727042455,-2.0
2026-03-13 00:00:00,0.0947360023856163,0.1015959978103637,0.0947230011224746,0.0959450006484985,2062953190.0,1773360000,0.0925137155822345,0.09470624029636379,0.11757102066820314,49.88097525770844,-0.002173258591267019,-0.003101420409431916,0.0009281618181648972,1287598136.85,0.043685854247136335,-2.0
2026-03-14 00:00:00,0.0959450006484985,0.0963789969682693,0.0941469967365264,0.0959910005331039,796905714.0,1773446400,0.09337857259171346,0.09452064037322995,0.11713020247642436,49.941795016214,-0.0018235739307965598,-0.002845851113704845,0.0010222771829082851,1300995612.55,0.026125894078418144,-2.0
2026-03-15 00:00:00,0.0959910005331039,0.0979550033807754,0.0946699976921081,0.0973939970135688,970107780.0,1773532800,0.0945544296077319,0.09447588026523586,0.1167024347667742,51.86058486461993,-0.0014169030510085834,-0.0025600615011655927,0.0011431584501570093,1296477555.3,0.08175885104507774,-2.0
2026-03-16 00:00:00,0.0973960012197494,0.1034030020236969,0.0971259996294975,0.103141002357006,2434118912.0,1773619200,0.09637714390243798,0.09466992050409312,0.11634450548827042,58.8232280521962,-0.0006236886528263319,-0.002172786931497741,0.001549098278671409,1377537044.25,0.04153374463455917,-2.0
2026-03-17 00:00:00,0.103141002357006,0.1041639968752861,0.0986469984054565,0.1001589968800544,1527791766.0,1773705600,0.09717885724135802,0.09467136025428767,0.1159158185726464,54.42457324176031,-0.0002329975965392056,-0.001784829064506034,0.0015518314679668283,1368008335.25,0.07080696331718439,-2.0
2026-03-18 00:00:00,0.100161001086235,0.10173299908638,0.0934100002050399,0.0951829999685287,1574300234.0,1773792000,0.09750699996948238,0.09453956037759775,0.11538193976939323,47.97746876682761,-0.00032119099442413923,-0.001492101450489655,0.0011709104560655157,1390074297.25,0.04296423750618228,-2.0
2026-03-19 00:00:00,0.0951829999685287,0.0959319993853569,0.0918859988451004,0.0935520008206367,959041027.0,1773878400,0.09733785688877099,0.09446352034807201,0.11487726295235177,46.05182973048265,-0.0005167362838304906,-0.0012970284171578222,0.0007802921333273315,1387987360.95,0.04019479518918612,-2.0
2026-03-20 00:00:00,0.0935520008206367,0.0952669978141784,0.0929900035262107,0.0941710025072097,760919548.0,1773964800,0.0970844285828726,0.09452744036912915,0.11441046496232347,46.922533680964904,-0.0006146734981535285,-0.0011605574333569634,0.0005458839352034349,1348974971.4,0.056166848621509224,-2.0
2026-03-21 00:00:00,0.0941720008850097,0.0949089974164962,0.0911160036921501,0.0912159979343414,522903398.0,1774051200,0.09640228535447795,0.09451760023832317,0.11394851541880402,43.32745818063022,-0.0009201269682006102,-0.0011124713403256928,0.0001923443721250826,1309834747.4,0.00922745258026536,-2.0
2026-03-22 00:00:00,0.0912239998579025,0.0927520021796226,0.0893049985170364,0.0901039987802505,938057621.0,1774137600,0.09536085703543248,0.09409220010042187,0.11345293967410768,42.02266658358438,-0.0012376630727723714,-0.0011375096868150286,-0.00010015338595734287,1294550213.85,-0.04699254934087671,-2.0
2026-03-23 00:00:00,0.0901039987802505,0.0956339985132217,0.0893500000238418,0.0941879972815513,1613527933.0,1774224000,0.09408185631036754,0.09397855997085566,0.11304914161111364,48.19329901682781,-0.0011465514443670388,-0.0011393180383254308,-7.233406041608041e-06,1308586261.25,0.014017143570342672,-2.0
2026-03-24 00:00:00,0.0941909998655319,0.0954840034246444,0.0924960002303123,0.0951030030846595,1055241754.0,1774310400,0.09335957148245397,0.09404788017272944,0.11269935378522579,49.49038409891948,-0.0009891096606748223,-0.0011092763627953092,0.00012016670212048686,1233479372.1,0.0038739306050654676,-2.0
2026-03-25 00:00:00,0.0951030030846595,0.0977199971675872,0.0945039987564086,0.0961190015077591,1200850547.0,1774396800,0.09349328598805831,0.09413008034229273,0.11233954568101896,50.95863063223448,-0.0007734376236239876,-0.001042108614961045,0.0002686709913370573,1225446654.45,0.0018135479502268126,-2.0
2026-03-26 00:00:00,0.0961190015077591,0.0961880013346672,0.0906599983572959,0.0920220017433166,1220182628.0,1774483200,0.0932747146912983,0.09413380026817317,0.1119945658878846,45.24685774275667,-0.0009224758934841398,-0.001018182070665664,9.57061771815241e-05,1235626781.7,-0.041347613502773495,-2.0
2026-03-27 00:00:00,0.0920220017433166,0.092578001320362,0.0893580019474029,0.0900169983506202,855528672.0,1774569600,0.09268128552607123,0.09399260014295573,0.11167103052139277,42.72308830558446,-0.0011886745135214621,-0.0010522805592368236,-0.00013639395428463857,1250905446.95,-0.0757438742545995,-2.0
2026-03-28 00:00:00,0.0900179967284202,0.0949959978461265,0.0896999984979629,0.090887002646923,979449553.0,1774656000,0.09263428619929716,0.09402676016092296,0.11125358615559755,44.178068497591795,-0.0013142864854864267,-0.0011046817444867443,-0.00020960474099968236,1254764863.8,-0.1188082278633259,-2.0
2026-03-29 00:00:00,0.090887002646923,0.0914990007877349,0.0886249989271164,0.0903970003128051,736546723.0,1774742400,0.09267614356109069,0.0936815202236175,0.11083383865729722,43.50771299670475,-0.0014368113051551473,-0.001171107656620425,-0.0002657036485347224,1234419016.7,-0.0974649993643586,-2.0
2026-03-30 00:00:00,0.0903970003128051,0.0936309993267059,0.0903389975428581,0.0907109975814819,1173367524.0,1774828800,0.09217942931822362,0.09356852024793622,0.1104262932532965,44.09314428003109,-0.0014913844010677607,-0.001235163005509892,-0.00025622139555786863,1193023051.0,-0.04698320486353047,-2.0
2026-03-31 00:00:00,0.0907109975814819,0.0925939977169036,0.0894220024347305,0.0922079980373382,1084425209.0,1774915200,0.0917658571686063,0.09360636025667186,0.11001997004554724,46.91749684467496,-0.0013977264267307776,-0.0012676756897540692,-0.00013005073697670844,1177631975.65,-0.014366371339029849,-2.0
2026-04-01 00:00:00,0.0922079980373382,0.0943460017442703,0.0916370004415512,0.0921910032629966,991662262.0,1775001600,0.09120471456221166,0.09369652032852167,0.10964619225323799,46.88853683683468,-0.0013097748741153076,-0.0012760955266263169,-3.367934748899071e-05,1172894099.75,-0.02102557253822912,-2.0
2026-04-02 00:00:00,0.0921910032629966,0.0925970003008842,0.0892290025949478,0.0903740003705024,1039856118.0,1775088000,0.09096928579466677,0.09374496042728418,0.10926089932521181,43.777268953441585,-0.0013708868528165274,-0.001295053791864359,-7.583306095216842e-05,1121739246.15,-0.00923081019674954,-2.0
2026-04-03 00:00:00,0.0903740003705024,0.0924310013651847,0.0899820029735565,0.0915350019931793,678899030.0,1775174400,0.09118614345788949,0.09379108041524882,0.10893756602749677,46.232284253425114,-0.0013105284519521754,-0.0012981487238819223,-1.2379728070253037e-05,1115838911.95,0.015881683746564734,-2.0
2026-04-04 00:00:00,0.0915350019931793,0.0929429978132247,0.0908010005950927,0.0920180007815361,482063762.0,1775260800,0.09134771461997711,0.0936899203062057,0.10863458621080473,47.26397038525871,-0.001209774491497756,-0.0012804738774050892,7.069938590733324e-05,1091436711.05,-0.023038991831714428,-2.0
2026-04-05 00:00:00,0.0920180007815361,0.0923200026154518,0.0897980034351348,0.0922669991850853,659625530.0,1775347200,0.09161485731601712,0.09366516023874277,0.10831178822601681,47.819831999152214,-0.0010971864789896951,-0.0012438163977220103,0.00014662991873231517,1002712041.95,-0.02982034013215773,-2.0
2026-04-06 00:00:00,0.0922669991850853,0.0933689996600151,0.0900920033454895,0.0905949994921684,1118708956.0,1775433600,0.09159828616040089,0.09349952012300486,0.10797613166799445,44.433032239278624,-0.0011298518409441072,-0.0012210234863664297,9.117164542232249e-05,982257901.45,-0.05747044735108675,-2.0
2026-04-07 00:00:00,0.0905949994921684,0.0958369970321655,0.0901229977607727,0.0950360000133514,1483465291.0,1775520000,0.0920022864426885,0.09346316009759897,0.10769639427613727,53.793792319264554,-0.0007883007086949972,-0.0011344789308321433,0.00034617822213714607,977716154.3,0.032753017897197756,-2.0
2026-04-08 00:00:00,0.0950360000133514,0.0951960012316703,0.0922800004482269,0.0923969969153404,1434291416.0,1775606400,0.09203171410730905,0.09331939995288843,0.10738448512674578,48.55890802403164,-0.0007222389495526033,-0.0010520309345762354,0.0003297919850236322,1001478673.75,0.026439434865957123,-2.0
2026-04-09 00:00:00,0.0923969969153404,0.0946059972047805,0.0910499989986419,0.0925299972295761,1472976981.0,1775692800,0.09233971365860527,0.09312483996152875,0.10713434369877128,48.82917612176202,-0.0006516408060740636,-0.0009719529088758011,0.0003203121028017375,1037081545.4,0.0180773326746817,-2.0
2026-04-10 00:00:00,0.0925299972295761,0.095159001648426,0.0920599997043609,0.0937340036034584,1303958868.0,1775779200,0.092653856745788,0.09274856001138683,0.10680155584005391,51.322472569751426,-0.0004928566717447291,-0.0008761336614495868,0.00038327698970485767,1076134318.9,0.036914978142041255,-2.0
2026-04-11 00:00:00,0.0937340036034584,0.09477099776268,0.0924289971590042,0.0931119993329048,1023168856.0,1775865600,0.09281014225312638,0.09246668010950085,0.10631104069526746,49.96793160065869,-0.00041245512173890275,-0.0007833979535074501,0.00037094283176854735,1080389880.65,0.026468695256781638,-2.0
2026-04-12 00:00:00,0.0931119993329048,0.0932260006666183,0.0904430001974105,0.0908339992165565,1255120519.0,1775952000,0.09260542797190799,0.09229272007942196,0.10578352551568634,45.25691554614053,-0.0005264829180898906,-0.0007320149464239383,0.0002055320283340477,1062469509.95,-0.014901080709130321,-2.0
2026-04-13 00:00:00,0.0908339992165565,0.0942860022187233,0.09077999740839,0.0941260010004043,1505950736.0,1776038400,0.09310985675879883,0.09231568008661267,0.10522613162645182,52.261508552957906,-0.0003472113009286987,-0.0006550542173248904,0.0003078429163961917,1085004959.05,0.020989008351364413,-2.0
2026-04-14 00:00:00,0.0941260010004043,0.0974439978599548,0.0925820022821426,0.0930119976401329,2377788953.0,1776124800,0.09282071356262477,0.09226931989192959,0.10463213152957682,49.93313018083241,-0.0002916658711980963,-0.0005823765480995316,0.0002907106769014353,1143851879.35,0.029189780897333595,-2.0
2026-04-15 00:00:00,0.0930109992623329,0.0964149981737136,0.0927539989352226,0.0949190035462379,1330401093.0,1776211200,0.09318100022418155,0.09241744011640546,0.10406936381501378,53.73319775540387,-9.269771726176657e-05,-0.0004844407819319786,0.000391743064670212,1149362802.6,0.03696948139369427,-2.0
2026-04-16 00:00:00,0.0949190035462379,0.0996470004320144,0.0946329981088638,0.0991960018873214,2821086478.0,1776297600,0.09413328660385945,0.09278112024068827,0.10359402038533275,60.900891789147394,0.00040543045012247925,-0.00030646653552108703,0.0007118969856435663,1247640692.9,0.07800648834815371,-2.0
2026-04-17 00:00:00,0.0991979986429214,0.1019989997148513,0.0967879965901374,0.0995450019836425,2698889767.0,1776384000,0.09496342922960006,0.09299540042877194,0.1031652325482079,61.426032196115294,0.0008189219798295233,-8.138883245096496e-05,0.0009003108122804883,1333612703.6,0.07887980386094173,-2.0
2026-04-18 00:00:00,0.0995450019836425,0.0996790006756782,0.0944529995322227,0.0949039980769157,1628522617.0,1776470400,0.09521942905017303,0.09298744022846218,0.10270486892473814,51.51701951401115,0.0007633276019428231,8.755445442779267e-05,0.0006757731475150304,1378211498.3,0.047563315954539,-2.0
2026-04-19 00:00:00,0.0949020013213157,0.0959959998726844,0.0927430018782615,0.0930600017309188,1874450943.0,1776556800,0.09553742940936763,0.09286508023738857,0.10223605069849223,48.19062836879708,0.0005639724395082868,0.00018283805144389152,0.0003811343880643953,1413265669.25,-0.020792102804779167,-2.0
2026-04-20 00:00:00,0.0930590033531189,0.0960209965705871,0.0930579975247383,0.0952460020780563,1385975118.0,1776643200,0.09569742956331793,0.09299404025077816,0.10180684863918955,52.13615537627237,0.000575737255155917,0.00026141789218629664,0.00031431936296962037,1428343164.7,0.030834391352852375,-2.0
2026-04-21 00:00:00,0.0952439978718757,0.0958760008215904,0.0937210023403167,0.0951509997248649,1043337281.0,1776729600,0.09600300128970822,0.09319940030574796,0.10138877797307387,51.950990186429706,0.0005708150596947098,0.00032329732568797925,0.00024751773400673055,1430926915.65,0.02832597615653043,-2.0
2026-04-22 00:00:00,0.0951519981026649,0.098471999168396,0.0949330031871795,0.0957380011677742,1646535784.0,1776816000,0.09612000094992769,0.093393440246582,0.10085991943123361,53.060293228828996,0.000607279949754097,0.00038009385050120285,0.0002271860992528942,1461260898.95,0.021379621986421293,-2.0
2026-04-23 00:00:00,0.0957389995455741,0.0979439988732338,0.0953859984874725,0.0972030013799667,1613587143.0,1776902400,0.09583528659173415,0.09366568028926846,0.10035466696276805,55.802776288725646,0.0007457948526279068,0.0004532340509265437,0.0002925608017013631,1507995304.6,0.04393635703638221,-2.0
2026-04-24 00:00:00,0.0972030013799667,0.0991600006818771,0.0970029979944229,0.0984560027718544,1600279263.0,1776988800,0.09567971527576442,0.09397548049688335,0.09993508119474755,58.0597827697578,0.0009457733650286015,0.0005517419137469553,0.00039403145128164626,1563906079.65,0.08391135060701616,-2.0
2026-04-25 00:00:00,0.0984560027718544,0.0990080013871193,0.0974700003862381,0.0980480015277862,902226862.0,1777075200,0.0961288586258888,0.09420908063650126,0.09953092964309632,57.03837402771019,0.001059126534875221,0.0006532188379726085,0.0004059076969026125,1576036146.25,0.0416675571648375,-2.0
2026-04-26 00:00:00,0.0980480015277862,0.0997859984636306,0.09757000207901,0.0992890000343322,1062539949.0,1777161600,0.0970187155263764,0.09449300050735471,0.09914201038955435,59.37918962261775,0.001234863212230236,0.0007695477128241341,0.000465315499406102,1573227695.9,0.06748594324879753,-2.0
2026-04-27 00:00:00,0.0992890000343322,0.1007039994001388,0.0970989987254142,0.0989779978990554,1599145745.0,1777248000,0.09755185778651913,0.09483716040849682,0.0988118992459894,58.51867594283582,0.0013336668408227004,0.0008823715384238475,0.0004512953023988529,1579011718.6,0.04276271559087985,-2.0
2026-04-28 00:00:00,0.098980002105236,0.1004810035228729,0.0981659963726997,0.0993790030479431,1800926086.0,1777334400,0.0981558582612446,0.09515092045068738,0.09851202045125187,59.336942505355594,0.0014278676233540205,0.0009914707554098822,0.00043639686794413836,1597343452.1,0.0018448441181084796,-2.0
2026-04-29 00:00:00,0.0993790030479431,0.1103570014238357,0.0993290022015571,0.1040180027484893,4576701689.0,1777420800,0.09933871562991817,0.0956309205293655,0.09831758611129988,67.35868801169511,0.0018554623137186643,0.0011642690670716387,0.0006911932466470256,1752529687.5,0.044934458543501865,-2.0
2026-04-30 00:00:00,0.1040180027484893,0.108145996928215,0.1040029972791671,0.1064930036664009,2544825095.0,1777507200,0.1006658588136945,0.09619996070861812,0.0981156972773147,70.68177854545758,0.002366763499749805,0.001404767953607272,0.0009619955461425329,1814572998.85,0.12211293332545159,-2.0
2026-05-01 00:00:00,0.1064930036664009,0.1104030013084411,0.1064710021018982,0.1083939969539642,2242834148.0,1777593600,0.10208557226828162,0.09691192060708996,0.09795596999953488,72.95891271033699,0.002892030121434519,0.0017022203871727213,0.0011898097342617976,1875556263.45,0.1647753593147716,-2.0
2026-05-02 00:00:00,0.1083939969539642,0.1091490015387535,0.1072909981012344,0.1084460020065307,1160422010.0,1777680000,0.10357100090810226,0.09744832068681714,0.09779233365046854,73.02064781026854,0.0032747547423730428,0.0020167272582127856,0.0012580274841602571,1870821338.0,0.1385884933800865,-2.0
2026-05-03 00:00:00,0.1084460020065307,0.1094499975442886,0.1072269976139068,0.1082739979028701,1023645466.0,1777766400,0.1048545720321791,0.09808340072631831,0.09763251546055374,72.43164911769567,0.003523569947176758,0.00231809579600558,0.0012054741511711778,1846706074.5,0.13791760691901467,-2.0
2026-05-04 00:00:00,0.1082739979028701,0.1134689971804618,0.1077990010380745,0.1101720035076141,2664862403.0,1777852800,0.10645371569054464,0.09878908097743982,0.0975403235566736,74.84305296856829,0.0038297638459378613,0.0026204294059920365,0.0012093344399458248,1861059747.0,0.150765653802875,-2.0
2026-05-05 00:00:00,0.1101680025458335,0.1161829978227615,0.1100969985127449,0.1148839965462684,1813436313.0,1777939200,0.10866871476173397,0.09963508069515223,0.09746541444099305,79.61113791117562,0.004401900802797884,0.002976723685353206,0.0014251771174446778,1885211508.0,0.18189762574497736,-2.0
2026-05-06 00:00:00,0.1148839965462684,0.1168750002980232,0.1120920032262802,0.1124270036816597,2419876400.0,1778025600,0.10987000060932973,0.10040768086910243,0.09732821245085103,71.95306837379086,0.0046039927108214584,0.003302177490446857,0.0013018152203746014,1865151004.1,0.14190095592423524,-2.0
2026-05-07 00:00:00,0.1124280020594596,0.1124410033226013,0.1073890030384063,0.1078099980950355,1654526434.0,1778112000,0.11005814267056324,0.10108672082424158,0.0971558589224863,60.228684267086216,0.004341551535430352,0.003510052299443556,0.0008314992359867959,1812932837.45,0.09956344254995142,-2.0
2026-05-08 00:00:00,0.1078099980950355,0.1096070036292076,0.1058060005307197,0.1094560027122497,1287284889.0,1778198400,0.11020985777888974,0.1016999208927154,0.09707865690944166,62.57028361310235,0.004217764070779992,0.003651594653710843,0.0005661694170691488,1795870951.05,0.10239807707200144,-2.0
2026-05-09 00:00:00,0.1094560027122497,0.1110360026359558,0.1081750020384788,0.1087170019745826,842193893.0,1778284800,0.11024857206004,0.10232812106609339,0.09700849531876915,60.83839916057544,0.004013762276715474,0.0037240281783117693,0.0002897340984037047,1744258098.55,0.09839564632798203,-2.0
2026-05-10 00:00:00,0.1087170019745826,0.112695999443531,0.1075719967484474,0.1125179976224899,1381684972.0,1778371200,0.11085485773427141,0.10303208082914349,0.09709353571889372,66.04434957917522,0.004111404258672152,0.0038015033943838462,0.00030990086428830596,1744043591.25,0.1322109718509472,-2.0
2026-05-11 00:00:00,0.1125179976224899,0.1125440001487732,0.1085800006985664,0.1112750023603439,1467112252.0,1778457600,0.11101242899894712,0.10351524084806439,0.0971635458144274,63.09068212043195,0.004041894459992118,0.0038495816075055007,0.00019231285248661736,1765232339.8,0.06976676556078187,-2.0
2026-05-12 00:00:00,0.1112750023603439,0.1114960014820098,0.1076269969344139,0.1100160032510757,1220750077.0,1778544000,0.11031700138534814,0.10393408089876172,0.0971852832219817,60.15610019857808,0.003840940763306974,0.0038478534386657956,-6.912675358821362e-06,1743943054.45,0.03308198157045994,-2.0
2026-05-13 00:00:00,0.1100160032510757,0.1145040020346641,0.1099210008978843,0.1127099990844726,1961859469.0,1778630400,0.1103574293000357,0.10464632093906397,0.09725663675503292,64.01335681673696,0.003854632654171561,0.003849209281766949,5.423372404611982e-06,1761356670.75,0.039817722860994165,-2.0
2026-05-14 00:00:00,0.1127099990844726,0.1182549968361854,0.1120939999818801,0.1152900010347366,2701345396.0,1778716800,0.11142600114856445,0.10553552091121668,0.09737303070347714,67.28024680970192,0.0040272446028281755,0.0038848163459791946,0.00014242825684898089,1816409977.4,0.06310974034611028,-2.0
2026-05-15 00:00:00,0.1152909994125366,0.1172190010547638,0.1110000014305114,0.1133589968085289,1734943099.0,1778803200,0.11198357173374718,0.10626004070043558,0.09762629332265463,62.692921346956645,0.003962547135977573,0.003900362503978871,6.218463199870235e-05,1858045789.25,0.046964174262969616,-2.0
2026-05-16 00:00:00,0.1133570000529289,0.1133579984307289,0.1078820005059242,0.1093619987368583,1040833248.0,1778889600,0.112075714128358,0.10682848066091533,0.09773612157864998,54.42153737973561,0.0035478521561069093,0.003829860434404479,-0.0002820082782975697,1856960454.2,-0.007352183358450226,-2.0
2026-05-17 00:00:00,0.1093619987368583,0.1126200035214424,0.1070830002427101,0.1087749972939491,958511707.0,1778976000,0.1115409997957093,0.10734996050596232,0.09784216192936651,53.309161811010775,0.0031356909923168363,0.003691026545986951,-0.0005553355536701146,1824928752.3,-0.05317537199238154,-2.0
2026-05-18 00:00:00,0.1087749972939491,0.1089499965310096,0.102633997797966,0.1046509966254234,1572790953.0,1779062400,0.11059471326214923,0.10764788031578058,0.09792209115594319,46.169180953879554,0.002448058221005564,0.003442432880990674,-0.00099437465998511,1813521995.65,-0.06916494082021685,-2.0
2026-05-19 00:00:00,0.1046509966254234,0.1052569970488548,0.102631002664566,0.10292299836874,678087083.0,1779148800,0.10958142685038699,0.10782656013965601,0.09799180834582354,43.53787311800116,0.0017435704825959908,0.0031026604013117375,-0.0013590899187157467,1618591265.35,-0.04532974503893006,-2.0
2026-05-20 00:00:00,0.10292299836874,0.1046330034732818,0.1019690036773681,0.1035740002989769,718673911.0,1779235200,0.10827628416674474,0.10804760009050365,0.09810165684632577,44.81393741469866,0.0012236834286177,0.0027268650067729305,-0.0015031815781552304,1527283706.15,-0.053738509241343935,-2.0
2026-05-21 00:00:00,0.1035740002989769,0.1063579991459846,0.1035699993371963,0.1054940000176429,915330742.0,1779321600,0.10687685545001706,0.10829580008983608,0.09824756593114194,48.51001962481603,0.0009555817721052934,0.002372608359839403,-0.0014170265877341097,1460908535.85,-0.029645795031150834,-2.0
2026-05-22 00:00:00,0.1054949983954429,0.1065270006656646,0.1017789989709854,0.1022550016641616,782017162.0,1779408000,0.10529057042939316,0.10842688024044034,0.09834116193080186,43.24778370020845,0.00047625916091778575,0.0019933385200550796,-0.0015170793591372939,1441988293.45,-0.09121203874211992,-2.0
2026-05-23 00:00:00,0.1022550016641616,0.1047390028834343,0.0981810018420219,0.1029819995164871,1148990404.0,1779494400,0.10437914196934014,0.1085710000991821,0.09840580836088966,44.69785034233172,0.0001532881784245682,0.0016253284517289775,-0.0014720402733044092,1448255540.35,-0.07452709654412248,-2.0
2026-05-24 00:00:00,0.1029819995164871,0.1034609973430633,0.1005809977650642,0.102193996310234,576461248.0,1779580800,0.10343899897166654,0.10849803984165186,0.09831515172816283,43.40333333695395,-0.00016435929358231405,0.0012673909026667193,-0.0014317501962490334,1343835482.6,-0.07109881026118103,-2.0
2026-05-25 00:00:00,0.102193996310234,0.1034869998693466,0.1016699969768524,0.1020670011639595,512022709.0,1779667200,0.10306985676288598,0.10832099974155421,0.09830919216678596,43.18625798239063,-0.00042148602213858133,0.0009296155177056592,-0.0013511015398442404,1278764802.4,-0.09442816082836192,-2.0
2026-05-26 00:00:00,0.1020670011639595,0.1036479994654655,0.1002859994769096,0.1009090021252632,794020531.0,1779753600,0.10278214301381787,0.10802159994840617,0.09830845478508204,41.164558249764205,-0.0007105113194260937,0.0006015901502793087,-0.0013121014697054024,1197472008.95,-0.1247376076017247,-2.0
2026-05-27 00:00:00,0.1009090021252632,0.1028480008244514,0.0998350009322166,0.1004159972071647,804090270.0,1779840000,0.10233099971498757,0.10770039975643153,0.09830628305372562,40.299591410402435,-0.0009681866732241667,0.0002876347855786136,-0.0012558214588027803,1154950200.75,-0.11417708312314911,-2.0
2026-05-28 00:00:00,0.1004159972071647,0.1006430014967918,0.0967549979686737,0.0994130000472068,965939870.0,1779926400,0.1014622854334967,0.10734595984220502,0.0983153739661881,38.525962999307524,-0.0012390467760172996,-1.7701526740569062e-05,-0.0012213452492767305,1138882949.8,-0.09097308758584699,-2.0
2026-05-29 00:00:00,0.0994130000472068,0.1009640023112297,0.0975280031561851,0.0996389985084533,713308044.0,1780012800,0.10108857069696695,0.10692463964223858,0.09832900025025759,39.17554011634718,-0.0014191105488068761,-0.0002979833311538305,-0.0011211272176530457,1132438657.35,-0.08398987830638183,-2.0
2026-05-30 00:00:00,0.0996389985084533,0.1016130000352859,0.0994340032339096,0.1003850027918815,573303190.0,1780099200,0.10071757116488043,0.1063446798920631,0.0983316467115373,41.37757055610007,-0.0014845036410744417,-0.0005352873931379528,-0.0009492162479364888,1092019568.25,-0.040764005801216974,-2.0
2026-05-31 00:00:00,0.1003850027918815,0.1011900007724762,0.0990829989314079,0.1002560034394264,519375538.0,1780185600,0.10044071504047936,0.10585783988237378,0.09834960637369537,41.100479290722625,-0.0015291106714961505,-0.0007340520488095924,-0.0007950586226865581,1044632732.55,-0.025912526564360494,-2.0
2026-06-01 00:00:00,0.1002549976110458,0.1013370007276535,0.0977730005979538,0.1007359996438026,1085202118.0,1780272000,0.10025057196617122,0.10557487994432446,0.0984029699907158,42.63971146087326,-0.0015083431414604082,-0.0008889102673397557,-0.0006194328741206524,1037855334.6,-0.027400705263696645,-2.0
2026-06-02 00:00:00,0.1007359996438026,0.1010460034012794,0.091399997472763,0.092578001320362,1479233067.0,1780358400,0.09906042899404247,0.10489975988864893,0.0984030204890954,28.84326407726259,-0.002125663682003634,-0.0011362609502725313,-0.0009894027317311027,1013724014.5,-0.12243349095797706,-2.0
2026-06-03 00:00:00,0.0925759971141815,0.0943439975380897,0.09077899903059,0.0913579985499382,956689831.0,1780444800,0.09776642918586724,0.10420539975166315,0.09840196995723123,27.41470414904633,-0.002682417446941615,-0.0014454922496063482,-0.0012369251973352669,926491236.25,-0.10656694476435169,-2.0
2026-06-04 00:00:00,0.0913579985499382,0.0916429981589317,0.0867620036005973,0.0883800014853477,1454997905.0,1780531200,0.0961902865341731,0.10323987990617747,0.0982771315658935,24.256563532719568,-0.003325612698732827,-0.0018215163394316443,-0.001504096359301183,912493976.55,-0.14179175098267205,-2.0
2026-06-05 00:00:00,0.0883800014853477,0.0885730013251304,0.0791829973459243,0.0813599973917007,1953394364.0,1780617600,0.09357900066035131,0.10204327970743174,0.09811885880701467,18.76795128374107,-0.00435164220890312,-0.0023275415133259393,-0.0020241006955771805,958122032.35,-0.20386715140571243,-2.0
2026-06-06 00:00:00,0.0813599973917007,0.0828810036182403,0.0780949965119361,0.0818530023097992,938400078.0,1780704000,0.09093157202005384,0.10091675966978068,0.09800252551683268,20.134704019965255,-0.005066592091394456,-0.002875351628939643,-0.0021912404624548133,957116450.9,-0.1980463678137141,-2.0
2026-06-07 00:00:00,0.0818530023097992,0.0869039967656135,0.0816830024123191,0.0860890001058578,824946985.0,1780790400,0.08890771440097259,0.0998519197106361,0.09792196998993552,30.89364852221115,-0.005231084715411255,-0.0033464982462339653,-0.0018845864691772896,919724252.5,-0.14686501409466546,-2.0
2026-06-08 00:00:00,0.0860899984836578,0.0874330028891563,0.0844409987330436,0.086287997663021,653338940.0,1780876800,0.0868437141180038,0.09869183957576748,0.09786499013202356,31.361444410927646,-0.005284472752854014,-0.0037340931475579753,-0.0015503796052960383,918486845.35,-0.14069470937978845,-2.0
2026-06-09 00:00:00,0.086287997663021,0.0866300016641616,0.0832690000534057,0.0847870036959648,760706416.0,1780963200,0.08573071445737564,0.09754895985126492,0.09777650530591152,29.726874249141417,-0.0053858164860816765,-0.004064437815262716,-0.001321378670818961,920588470.6,-0.14712357885082195,-2.0
2026-06-10 00:00:00,0.0847859978675842,0.0850820019841194,0.0819170027971267,0.082955002784729,603745819.0,1781049600,0.08453028649091718,0.09649268001317975,0.09770501036234573,27.820928427976995,-0.005549982543653992,-0.004361546760940971,-0.001188435782713021,905009224.45,-0.1674444341420075,-2.0
2026-06-11 00:00:00,0.0829529985785484,0.0868780016899108,0.0829190015792846,0.0859749987721443,620809279.0,1781136000,0.08418671467474526,0.09558068007230755,0.09757316187776696,35.19694904881901,-0.005374443649096006,-0.0045641261385719785,-0.0008103175105240272,896948830.3,-0.1435473787813909,-2.0
2026-06-12 00:00:00,0.0859749987721443,0.0916939973831176,0.0851349979639053,0.0859640017151832,1233803732.0,1781222400,0.0848444295780999,0.09483320027589795,0.09749667707717777,35.18284977851464,-0.005176543213184559,-0.004686609553494495,-0.0004899336596900644,901189496.7,-0.1425550713566821,-2.0
2026-06-13 00:00:00,0.0859650000929832,0.0887079983949661,0.0858469977974891,0.0878710001707077,594340596.0,1781308800,0.08570414355822968,0.09423112034797665,0.0974624245756804,39.69422616454814,-0.0048103758357399135,-0.0047113628099435785,-9.901302579633491e-05,902083464.1,-0.12771004922356344,-2.0
2026-06-14 00:00:00,0.0878710001707077,0.0889059975743293,0.0857380032539367,0.0887660011649131,548008068.0,1781395200,0.08608657228095187,0.09363880038261409,0.09745059628980322,41.743597471746675,-0.0043972773742641524,-0.0046485457228076935,0.00025126834854354105,903882732.05,-0.04117609044353465,-2.0
2026-06-15 00:00:00,0.0887660011649131,0.0907460004091262,0.0878639966249466,0.0881090015172958,991467900.0,1781481600,0.08634671568870542,0.0929434004426002,0.09743994986168056,40.65149208373501,-0.004075923538738202,-0.0045340212859937955,0.00045809774725559353,913755100.5,-0.035563356074032604,-2.0
2026-06-16 00:00:00,0.0881090015172958,0.0888499990105629,0.0863289982080459,0.0871149972081184,695949486.0,1781568000,0.08667928619044164,0.09233780026435846,0.09740694981030738,38.9894955782639,-0.0038569951106253303,-0.0043986160509201025,0.0005416209402947722,908348061.3,-0.014313241185439751,-2.0
2026-06-17 00:00:00,0.0871149972081184,0.0879459977149963,0.0850140005350112,0.0857969969511032,582872315.0,1781654400,0.08708528535706653,0.09165040016174311,0.09731856590569617,36.838837153419064,-0.00374665525029165,-0.004268223890794412,0.000521568640502762,889194683.55,0.054535394563017814,-2.0
2026-06-18 00:00:00,0.0857959985733032,0.0864320024847984,0.0819069966673851,0.0834250003099441,534177121.0,1781740800,0.08672099986246651,0.09089964032173153,0.09722300024345662,33.28087135058121,-0.0038067288211165173,-0.004175924876858833,0.00036919605574231573,880238137.4,0.01920513549637648,-2.0
2026-06-19 00:00:00,0.0834250003099441,0.0838309973478317,0.0818910002708435,0.083527997136116,364426485.0,1781827200,0.08637299920831402,0.0901580801606178,0.09710978806921924,33.58084537954109,-0.0038021972130240916,-0.004101179344091885,0.0002989821310677935,869794302.15,-0.02974831821246271,-2.0
2026-06-20 00:00:00,0.083526998758316,0.084207996726036,0.08262799680233,0.0835959985852241,357318788.0,1781913600,0.0857622846961021,0.08946556001901623,0.09698505067464072,33.792495984755845,-0.003749892308031119,-0.004030921936879732,0.0002810296288486124,861691464.65,-0.031197839221045798,-2.0
2026-06-21 00:00:00,0.0835959985852241,0.0836789980530738,0.0821610018610954,0.0821719989180564,306721310.0,1782000000,0.08482028437512257,0.0887358000874519,0.09684546479974125,31.526893295647483,-0.0037797742811806895,-0.0039806924057399235,0.00020091812455923404,822767424.25,-0.03084204729401052,-2.0
2026-06-22 00:00:00,0.0821719989180564,0.0849419981241226,0.08194400370121,0.082405999302864,450831568.0,1782086400,0.08400556977306088,0.0880555200576782,0.0966940708834715,32.32977665663694,-0.0037414450353596,-0.0039328429316638595,0.00019139789630425938,771347349.3,-0.006618087679288953,-2.0
2026-06-23 00:00:00,0.082405999302864,0.0825819969177246,0.0783040001988411,0.0788410007953643,661419088.0,1782172800,0.08282357028552459,0.0872236001491546,0.0964486163222428,27.113652554742927,-0.003953164794526995,-0.003936907304236487,-1.625749029050827e-05,756583812.15,-0.08297758742267536,-2.0
2026-06-24 00:00:00,0.0788410007953643,0.0796030014753341,0.0729670003056526,0.0760110020637512,943832498.0,1782259200,0.08142557101590286,0.08624864012002939,0.09620469718268418,23.82718386455572,-0.004299746672242338,-0.004009475177837657,-0.0002902714944046812,731025541.8,-0.11578101825003884,-2.0
2026-06-25 00:00:00,0.0760110020637512,0.0772740021347999,0.0720589980483055,0.0747869983315467,824804872.0,1782345600,0.08019157073327467,0.08522987991571421,0.09599867696412881,22.553847070607887,-0.004619926541713795,-0.004131565450612885,-0.0004883610911009103,674596067.2,-0.14890011282155213,-2.0
2026-06-26 00:00:00,0.0747869983315467,0.0759359970688819,0.0722670033574104,0.0756620019674301,775998512.0,1782432000,0.07906785713774811,0.0842269200086593,0.0958179699050055,25.614206063653953,-0.004748330120440458,-0.004254918384578399,-0.0004934117358620588,666475988.9,-0.14762407932669908,-2.0
2026-06-27 00:00:00,0.0756620019674301,0.0762500017881393,0.0742440000176429,0.0744299963116645,423128832.0,1782518400,0.07775842824152532,0.08350099980831142,0.0956185658020202,24.166206175632155,-0.004893098844171245,-0.004382554476496969,-0.0005105443676742764,646385081.25,-0.1552509388379133,-2.0
2026-06-28 00:00:00,0.0744299963116645,0.0745550021529197,0.0722630023956298,0.0730929970741272,451615344.0,1782604800,0.07646142797810686,0.08277039974927897,0.09543550518727056,22.66854226817118,-0.005057415033061077,-0.00451752658780979,-0.0005398884452512869,636298901.45,-0.16095965773255472,-2.0
2026-06-29 00:00:00,0.0730929970741272,0.0739770010113716,0.0719510018825531,0.0732849985361099,632551100.0,1782691200,0.07515842786857055,0.08216659963130946,0.09526561629591561,23.402679959505363,-0.005113202072596523,-0.004636661684767137,-0.0004765403878293859,629891135.65,-0.1458325915780484,-2.0
2026-06-30 00:00:00,0.0732849985361099,0.0734080001711845,0.0696109980344772,0.0719939991831779,804871522.0,1782777600,0.07418028478111537,0.08179195970296856,0.09504143449694216,21.897391019249085,-0.005201625461382725,-0.004749654440090255,-0.0004519710212924702,639947420.8,-0.13702128959301474,-2.0
2026-07-01 00:00:00,0.0719949975609779,0.0736600011587143,0.0707850009202957,0.0721770003437995,634691110.0,1782864000,0.07363257024969369,0.08140491962432858,0.09480985871168095,22.65682283664175,-0.005197026878970376,-0.004839128927866279,-0.00035789795110409677,640641512.35,-0.1358945165872838,-2.0
2026-07-02 00:00:00,0.0721770003437995,0.0753379985690116,0.0716819986701011,0.0740799978375434,720590514.0,1782950400,0.07353157017912179,0.08092455953359598,0.0945872425129919,30.251781618088003,-0.0049823925555968485,-0.0048677816534123935,-0.00011461090218445498,614980851.45,-0.11383320863114466,-2.0
2026-07-03 00:00:00,0.0740799978375434,0.0782290026545524,0.0738869979977607,0.0774900019168853,686589926.0,1783036800,0.07379271302904396,0.08057263970375056,0.09444045463595724,41.363319146561075,-0.004485429241147629,-0.0047913111709594405,0.0003058819298118118,619593317.95,-0.05697801030543359,-2.0
2026-07-04 00:00:00,0.0774900019168853,0.0792339965701103,0.0765879973769187,0.0775889977812767,637816413.0,1783123200,0.07424399895327427,0.08028471946716303,0.09431491927667095,41.65392178000466,-0.004037057410261349,-0.0046404604188198225,0.0006034030085584731,624083735.2,-0.05845450042882849,-2.0
2026-07-05 00:00:00,0.0775879994034767,0.0786309987306594,0.0753830000758171,0.077734000980854,576175431.0,1783209600,0.07490699951137811,0.08007587939500803,0.09418206067398338,42.106511931852154,-0.0036281953797116656,-0.004438007410998191,0.0008098120312865255,603319111.75,-0.014040915302224066,-2.0
2026-07-06 00:00:00,0.077734000980854,0.0781430006027221,0.0744590014219284,0.0765829980373382,796943568.0,1783296000,0.07537814229726787,0.07970019936561579,0.0940425252974635,39.48807043625066,-0.003358332822727142,-0.0042220724933439814,0.0008637396706168395,608368815.85,0.007525173436172539,-2.0
2026-07-07 00:00:00,0.0765829980373382,0.0768989995121955,0.0738739967346191,0.0741840004920959,614095619.0,1783382400,0.07569099962711327,0.0792289993166923,0.09387558593292425,34.651341843814535,-0.0033000034688956126,-0.004037658688454308,0.0007376552195586953,609929981.05,-0.008062869922624505,-2.0
2026-07-08 00:00:00,0.0741840004920959,0.0743250027298927,0.0710679963231086,0.0723109990358352,623046331.0,1783468800,0.07571014229740411,0.07860659927129741,0.09367460614503029,31.415935741870058,-0.0033661101771464558,-0.0039033489861927378,0.000537238809046282,614373441.55,-0.04428911269143254,-2.0
2026-07-09 00:00:00,0.0723109990358352,0.0734900012612342,0.0720280036330223,0.0728589966893196,474045659.0,1783555200,0.07553571356194357,0.07797031909227367,0.09347933335135677,33.37597546855204,-0.003335828039718644,-0.0037898447968979193,0.00045401675717927524,619854400.25,-0.02110707645028731,-2.0
2026-07-10 00:00:00,0.0728579983115196,0.0745680034160614,0.072682000696659,0.0740469992160797,490630557.0,1783641600,0.07504385603325704,0.07740783900022502,0.09331441414777675,37.54318051007476,-0.0031793181516821534,-0.0036677394678547664,0.000488421316172613,626519988.7,0.013051895258652468,-2.0
2026-07-11 00:00:00,0.0740460008382797,0.0754640027880668,0.0732690021395683,0.0732690021395683,418621412.0,1783728000,0.07442671379872727,0.07685399919748301,0.09312990909875038,35.95703452031995,-0.0030825273434928607,-0.0035506970429823852,0.0004681696994895245,632114993.8,-0.0002182765485587712,-2.0
2026-07-12 00:00:00,0.0732700005173683,0.0737819969654083,0.0723979994654655,0.072682999074459,410320711.0,1783814400,0.07370514209781369,0.07632943928241724,0.09293460605120414,34.765604636881605,-0.003018312255735095,-0.0034442200855329275,0.00042590782979783255,630089450.95,0.009570240563078647,-2.0
2026-07-13 00:00:00,0.072682999074459,0.0739519968628883,0.0709739997982978,0.0718510001897811,482776650.0,1783900800,0.07302914240530554,0.07586647927761074,0.09272838383913036,33.08920155916725,-0.002999974850078843,-0.003355371038442111,0.0003553961883632677,621157329.05,-0.0045166763992069425,-2.0
2026-07-14 00:00:00,0.0718510001897811,0.0752499997615814,0.0714029967784881,0.0744410008192062,626004788.0,1783987200,0.07306585673774987,0.07550299942493434,0.09256521213536308,42.400480404060424,-0.0027448104524159245,-0.003233258921236874,0.0004884484688209493,605265943.55,0.004873150542666904,-2.0
2026-07-15 00:00:00,0.0744400024414062,0.07515200227499,0.0734279975295066,0.0740439966320991,643787478.0,1784073600,0.07331342782293045,0.07512091934680934,0.0923531716971686,41.448341782538215,-0.0025452852845299773,-0.0030956641938954944,0.0005503789093655172,596215073.85,-0.04447032132587048,-2.0
2026-07-16 00:00:00,0.0740429982542991,0.074313998222351,0.0721520036458969,0.072341002523899,479419102.0,1784160000,0.07323942865644177,0.07472767949104303,0.09215058589523485,37.552746333679806,-0.002495807429039515,-0.0029756928409242988,0.00047988541188478387,581386103.35,-0.0676383947137944,-2.0
2026-07-17 00:00:00,0.072341002523899,0.072841003537178,0.0710730031132698,0.072511002421379,481867256.0,1784246400,0.0730200005429131,0.07433187961578364,0.09194837382646519,38.177392679711716,-0.0024150392321578146,-0.002863562119171002,0.00044852288701318754,584323024.55,-0.06719065651543443,-2.0
2026-07-18 00:00:00,0.0725099965929985,0.0727109983563423,0.0719560012221336,0.0724690034985542,288703070.0,1784332800,0.07290571502276823,0.07407699972391123,0.09173357584560757,38.07606057920264,-0.002327587832636452,-0.002756367261864092,0.0004287794292276402,576177410.85,-0.05371942394809637,-2.0
2026-07-19 00:00:00,0.0724690034985542,0.072733998298645,0.0718789994716644,0.0723100006580352,317317635.0,1784419200,0.07285242953470769,0.07392895966768259,0.0915234546468715,37.66842725331584,-0.0022452305486923146,-0.002654139919229737,0.0004089093705374222,560415737.6,-0.025261509511884328,-2.0
2026-07-20 00:00:00,0.0723100006580352,0.0734829977154731,0.0712679997086525,0.0721390023827552,688263015.0,1784505600,0.07289357270513255,0.07382303982973094,0.09133461629501491,37.20709379522062,-0.0021687598262661867,-0.002557063900637027,0.0003883040743708401,554585312.25,-0.0023785683419303982,-2.0
2026-07-21 00:00:00,0.0721400007605552,0.0737029984593391,0.0719259977340698,0.0732820034027099,563152290.0,1784592000,0.07272800164563309,0.07372783988714213,0.09112407086473517,42.29447663373764,-0.0019929520868616907,-0.00244424153788196,0.0004512894510202694,551008371.25,0.005805826769672118,-2.0
2026-07-22 00:00:00,0.0732840001583099,0.0737679973244667,0.0721210017800331,0.072952002286911,550152848.0,1784678400,0.07257200245346336,0.07366872012615198,0.09092144464904606,41.25523537576859,-0.0018588241511314635,-0.002327158060531861,0.00046833390940039746,542486487.95,-0.014787863664445622,-2.0
2026-07-23 00:00:00,0.072952002286911,0.0731569975614547,0.0687559992074966,0.0691329985857009,826187083.0,1784764800,0.07211371617657791,0.07351032018661494,0.09066097995247498,31.583364812306385,-0.002037204848292562,-0.0022691674180840013,0.00023196256979143935,549466345.8,-0.05644956848175475,-2.0
2026-07-24 00:00:00,0.0691329985857009,0.0700369998812675,0.068292997777462,0.0695210024714469,668668235.0,1784851200,0.07168657332658761,0.07335976034402841,0.09036123248362776,33.29442089486814,-0.002122793918165042,-0.0022398927181002098,0.00011709879993516796,551008936.9,-0.04350393686662346,-2.0
2026-07-25 00:00:00,0.0695210024714469,0.0734789967536926,0.0692010000348091,0.0716750025749206,683104351.0,1784937600,0.07157314462321139,0.07334700047969812,0.09007971733808512,41.97088559498714,-0.0019938304299741832,-0.0021906802604750044,0.00019684983050082113,556355382.9,-0.0024494803746035743,-2.0
2026-07-26 00:00:00,0.0716750025749206,0.073803998529911,0.0715899989008903,0.0732970014214515,614864450.0,1785024000,0.07171414473227086,0.07339180052280421,0.08986146484661578,47.50776672788287,-0.0017406787243467031,-0.0021006799532493443,0.0003600012289026412,547251427.0,-0.01536786697069148,-2.0
2026-07-27 00:00:00,0.0732970014214515,0.073303997516632,0.0701989978551864,0.0703340023756027,574579762.0,1785110400,0.07145628758839194,0.07324196070432658,0.08963190929757218,39.99950317967061,-0.00175886829511257,-0.0020323176216219896,0.0002734493265094196,545275634.15,-0.05010526747941735,-2.0
2026-07-28 00:00:00,0.0703340023756027,0.0712770000100135,0.0693409964442253,0.0707499980926513,576281369.0,1785196800,0.07109457254409783,0.07297236055135721,0.08938447491388123,41.399787151057424,-0.001719890456659004,-0.001969832188629393,0.00024994173197038887,542937386.05,-0.021993121131022253,-2.0
2026-07-29 00:00:00,0.0707509964704513,0.0710270032286644,0.0690919980406761,0.0700739994645118,593504603.0,1785283200,0.07068342928375511,0.07267176061868662,0.08913117188094836,39.77529966538413,-0.001723678189384209,-0.001920601388780356,0.00019692319939614705,548910333.25,-0.033608733509229216,-2.0
2026-07-30 00:00:00,0.0700739994645118,0.0709109976887703,0.0696140006184578,0.0705519989132881,487290066.0,1785369600,0.07088614361626755,0.07238448053598398,0.08887676781777175,41.522619615925564,-0.0016688717198006103,-0.001870255454984407,0.00020138373518379673,548743308.7,-0.026452752110829647,-2.0
2026-07-31 00:00:00,0.0705519989132881,0.0708530023694038,0.0687019973993301,0.0695199966430664,566191793.0,1785456000,0.07088599992649891,0.07210196048021311,0.088597141507298,38.89858516023233,-0.001689238664391815,-0.0018340520968658889,0.00014481343247407384,556121827.75,-0.03858393015598405,-2.0
2026-08-01 00:00:00,0.0695199966430664,0.0701650008559227,0.0679730027914047,0.0690720006823539,420631180.0,1785542400,0.0705141425132751,0.07189748048782343,0.08830033340538386,37.78235952123998,-0.0017216826587079515,-0.0018115782092343016,8.98955505263502e-05,556637351.2,-0.04251516654095644,-2.0
2026-08-02 00:00:00,0.0690720006823539,0.0711729973554611,0.0690720006823539,0.0706790015101432,422700048.0,1785628800,0.07014014252594535,0.07183220058679575,0.0880238788597511,43.991079543106665,-0.0015992876291467256,-0.0017691200932167866,0.000169832464070061,553633521.1,-0.03552034294507911,-2.0
2026-08-03 00:00:00,0.07082,0.07095,0.069,0.07023,324544536.0,1785715200,0.07012528504371639,0.07172704071922296,0.08773035360687906,42.70868654234558,-0.0015209863717053629,-0.001719493348914502,0.00019850697720913912,538560508.5,-0.03731223546415774,-2.0
2026-08-04 00:00:00,0.07022,0.07071,0.06978,0.07007,211371708.0,1785801600,0.07002814245905191,0.07156796075057978,0.08743835362810072,42.23619055544232,-0.0014550695874227526,-0.001666608596616152,0.00021153900919339947,516939720.0,0.013553605853469985,-2.0
2026-08-05 00:00:00,0.07006,0.07056,0.06928,0.07004,250077956.0,1785888000,0.07002328539269308,0.07143880066499705,0.08714200006195988,42.142048536629446,-0.0013892365560056325,-0.0016111341884940482,0.0002218976324884158,505472662.7,0.007465334360882814,-2.0
2026-08-06 00:00:00,0.07005,0.07018,0.06822,0.06909,249420076.0,1785974400,0.0698144284050805,0.07129508070201869,0.08678919195338927,39.16501263825217,-0.001397609690297008,-0.0015684292888546404,0.00017081959855763228,493850303.7,-0.03606560839978401,-2.0
2026-08-07 00:00:00,0.06909,0.07034,0.06873,0.06965,352362631.0,1786060800,0.06983300031321388,0.07120704069442745,0.08641704040120342,41.77608517357491,-0.0013435702976159342,-0.0015234574906068993,0.0001798871929909651,497033281.75,-0.04975648867927829,-2.0
2026-08-08 00:00:00,0.06964,0.07157,0.06956,0.07043,251548479.0,1786147200,0.07002700021573474,0.0710466006616592,0.0860335656844967,45.29785623190102,-0.0012236981774513683,-0.0014635056279757933,0.00023980745052442493,493744823.95,0.0013648821502387776,-2.0
2026-08-09 00:00:00,0.07042,0.07096,0.06923,0.06935,233143006.0,1786233600,0.06983714285714285,0.07085884079637524,0.08563865657331964,41.55030349024759,-0.0012019898419668579,-0.0014112024707740062,0.00020921262880714835,470988823.5,-0.019787959440195624,-2.0
2026-08-10 00:00:00,0.06934,0.07024,0.06906,0.0697,234397307.0,1786320000,0.06976142857142857,0.07075320069541928,0.0852490202308664,43.19058868799461,-0.0011433637689580167,-0.0013576347304108084,0.00021427096145279164,454551074.35,-0.005337207343234507,-2.0
2026-08-11 00:00:00,0.0697,0.07315,0.06961,0.0719,538371542.0,1786406400,0.07002285714285715,0.0707287605985641,0.08486243433685009,52.25964448528926,-0.0009089032984358897,-0.0012678884440158248,0.0003589851455799351,453962009.05,0.019106490354279915,-2.0
2026-08-12 00:00:00,0.0719,0.07254,0.06889,0.06969,504433955.0,1786492800,0.06997285714285714,0.07061760045862195,0.08440592932123124,44.563467637477366,-0.0008911476215489184,-0.0011925402795224436,0.0003013926579735252,437874352.65,0.0024453878760442027,-2.0
2026-08-13 00:00:00,0.06969,0.07085,0.06951,0.07019,281005317.0,1786579200,0.07013,0.07053280043230054,0.08397929292040639,46.48371407092045,-0.0008271949103520193,-0.0011194712056883588,0.00029227629533633954,418491206.75,0.016185998763631027,-2.0
2026-08-14 00:00:00,0.07018,0.07038,0.06921,0.07007,208161794.0,1786665600,0.07019,0.07045004033699033,0.08359808081843632,46.071249334171725,-0.0007772354367891893,-0.001051024051908525,0.00027378861511933575,394744078.9,-0.008616441901146632,-2.0
2026-08-15 00:00:00,0.07008,0.07055,0.06951,0.06961,135464878.0,1786752000,0.07007285714285715,0.07030316020088194,0.083195595942555,44.44325412259808,-0.0007659311718976325,-0.0009940054759063465,0.00022807430400871402,370774100.3,-0.008828136124163444,-2.0
2026-08-16 00:00:00,0.06961,0.07018,0.06904,0.0696,166384201.0,1786838400,0.07010857142857142,0.0701690801094055,0.08280047471048853,44.40651771344882,-0.0007491437145393104,-0.0009450331236329392,0.00019588940909362885,350364322.25,-0.006707578136149528,-2.0
2026-08-17 00:00:00,0.0696,0.0706,0.06947,0.07041,272659554.0,1786924800,0.07021,0.07022016016597746,0.08237514140117044,48.14544859466564,-0.0006628385133094078,-0.0008885942015682331,0.00022575568825882527,335183231.5,0.00528269560251271,-2.0
2026-08-18 00:00:00,0.07042,0.07055,0.06961,0.07026,259293157.0,1787011200,0.0699757142857143,0.07024972006711958,0.08196084844803567,47.50823739578124,-0.0005996325748722081,-0.0008308018762290281,0.00023116930135681996,318472659.2,0.0169344333478072,-2.0
2026-08-19 00:00:00,0.07027,0.0764,0.06987,0.07504,957193763.0,1787097600,0.07074,0.07038431996412275,0.08160755548590358,63.903401344820104,-0.00016196829176758076,-0.0006970351593367386,0.0005350668675691578,341967844.05,0.07738693467336666,-2.0
2026-08-20 00:00:00,0.07504,0.08355,0.07445,0.08047,1531623566.0,1787184000,0.07220857142857143,0.07067123990726469,0.08128189892949476,73.88285764007762,0.0006159392609983577,-0.00043444027526971937,0.001050379536268077,390239432.7,0.14255288939372424,-2.0
2026-08-21 00:00:00,0.08046,0.09472,0.08029,0.09155,1956029005.0,1787270400,0.07527714285714285,0.07151987981224059,0.0810421009392449,83.7532117561314,0.00210226638341042,7.290105646630852e-05,0.0020293653269441115,467009323.95,0.3201153568853643,-2.0
2026-08-22 00:00:00,0.09155,0.1008,0.083,0.09188,2571977086.0,1787356800,0.07845857142857142,0.07236507988853452,0.08082514137552238,83.94779287461142,0.003269135024805525,0.0007121478501341519,0.002556987174671373,574473175.85,0.31822094691535163,-2.0
2026-08-23 00:00:00,0.09187,0.09454,0.08873,0.09342,1059113610.0,1787443200,0.08186142857142857,0.07329891990995406,0.08066411108525108,84.85912288988604,0.004268942250687108,0.001423506730244743,0.002845435520442365,611201629.55,0.2993045897079276,-2.0
2026-08-24 00:00:00,0.09342,0.09364,0.088,0.09011,1142610267.0,1787529600,0.08467571428571428,0.07408123995342254,0.08047557575904958,75.00289166820988,0.004739572501726089,0.0020867198845410124,0.0026528526171850763,657763557.5,0.29301190988664083,-2.0
2026-08-25 00:00:00,0.09011,0.09309,0.08483,0.0857,949673213.0,1787616000,0.08688142857142858,0.07472844008769988,0.08028415155071197,64.28906251784586,0.004702492812349496,0.0026098744701027092,0.0020926183422467865,692743320.35,0.22097164838296046,-2.0
2026-08-26 00:00:00,0.08569,0.08783,0.08385,0.0877,608118981.0,1787702400,0.08869,0.07547356006040573,0.08013038389042167,66.61798656991706,0.004779396271529082,0.003043778830387984,0.001735617441141098,710678265.6,0.25160553731982316,-2.0
2026-08-27 00:00:00,0.08769,0.09,0.08622,0.08914,690821674.0,1787788800,0.08992857142857143,0.076212,0.07998458590760373,68.22477920166612,0.0049000540099572165,0.003415033866301831,0.0014850201436553854,727601217.75,0.28056313748024686,-2.0
2026-08-28 00:00:00,0.08914,0.09033,0.08381,0.08524,723847996.0,1787875200,0.08902714285714286,0.0768124,0.07978000004883964,59.825865947168026,0.004627634243654963,0.0036575539417724573,0.0009700803018825054,751216193.6,0.22471264367816102,-2.0
2026-08-29 00:00:00,0.08525,0.08571,0.08418,0.08529,278519008.0,1787961600,0.0880857142857143,0.0774212,0.0796086363956663,59.89403386368767,0.00436545198522835,0.003799133550463636,0.0005663184347647135,753484993.7,0.21133361738389445,-2.0
2026-08-30 00:00:00,0.0853,0.0865,0.08081,0.08205,605824305.0,1788048000,0.08646142857142856,0.07790159999999999,0.07939720205711592,53.55277913892913,0.003851828255860154,0.00380967249154294,4.2155764317214003e-05,772056343.6,0.16780529461998284,-2.0
2026-08-31 00:00:00,0.08205,0.08398,0.08142,0.08285,450812194.0,1788134400,0.08542428571428572,0.07845200000000001,0.07920180815499235,54.824592473952904,0.003469338687200063,0.003741605730674365,-0.00027226704347430193,767678376.2,0.1040778251599146,-2.0
2026-09-01 00:00:00,0.08285,0.08396,0.0807,0.08167,543052897.0,1788220800,0.08484857142857143,0.0789328,0.07899577784020488,52.539386544879605,0.0030359996953757684,0.0036004845236146457,-0.0005644848282388773,769609323.3,0.01491238971045128,-2.0
2026-09-02 00:00:00,0.08168,0.08211,0.08013,0.08176,611965866.0,1788307200,0.084,0.079386,0.07880235357631334,52.701322807006036,0.002669070289298331,0.003414201676751383,-0.0007451313874530523,786157350.75,-0.10693610049153479,-2.0
2026-09-03 00:00:00,0.08176,0.08999,0.08116,0.08782,1150372230.0,1788393600,0.08381142857142856,0.0801248,0.07867512128129146,62.08263710651225,0.002834592033376701,0.003298279748076447,-0.00046368771469974595,833267872.55,-0.04418807139747505,-2.0
2026-09-04 00:00:00,0.08782,0.08836,0.08378,0.08477,964991378.0,1788480000,0.08374428571428572,0.08072759999999998,0.07852721218990553,56.05633011229683,0.0026886664250805464,0.003176357083477267,-0.00048769065839672065,874744197.55,-0.09259259259259267,-2.0
2026-09-05 00:00:00,0.08478,0.09515,0.08402,0.08969,1309951167.0,1788566400,0.08437285714285715,0.08143919999999999,0.07842671725547672,62.39722980275654,0.0029361758040498676,0.0031283208275917876,-0.00019214502354192005,931922545.85,-0.004660969925646352,-2.0
2026-09-06 00:00:00,0.08969,0.09203,0.0877,0.09092,971109911.0,1788652800,0.08564000000000001,0.0822884,0.07833111116666983,63.80342848996358,0.0031947523738514866,0.0031416071368437276,5.314523700775901e-05,966845063.7,0.06091015169194858,-2.0
2026-09-07 00:00:00,0.09092,0.09188,0.08855,0.08948,637299344.0,1788739200,0.08658714285714286,0.08306000000000001,0.07822226264707967,60.93063368700561,0.003246061625133634,0.0031624980345017093,8.356359063192449e-05,985745373.05,0.02029646522234896,-2.0
