datetime,open,high,low,close,volume,timestamp,sma_7,sma_25,sma_99,rsi_14,macd,macd_signal,macd_hist,volume_sma_20,roc_12,market_regime
2018-06-05 00:00:00,591.02,614.0,570.36,609.05,89053.74351,1528156800,581.28,509.25,404.6217171717172,50.0,0.0,0.0,0.0,129995.1419555,-0.18374517691486736,0.0
2018-06-06 00:00:00,609.29,613.35,593.4,607.4,70152.92117,1528243200,581.28,509.25,404.6217171717172,0.0,-0.13162393162394892,-0.026324786324789785,-0.10529914529915914,129995.1419555,-0.18374517691486736,1.0
2018-06-07 00:00:00,606.68,618.0,598.24,605.16,60174.1888,1528329600,581.28,509.25,404.6217171717172,0.0,-0.4119375654419173,-0.1034473421482153,-0.308490223293702,129995.1419555,-0.18374517691486736,0.0
2018-06-08 00:00:00,605.2,608.45,593.33,598.68,49228.00755,1528416000,581.28,509.25,404.6217171717172,0.0,-1.1437851410493067,-0.31151490192843356,-0.8322702391208732,129995.1419555,-0.18374517691486736,1.0
2018-06-09 00:00:00,599.29,608.97,591.0,592.87,38908.0653,1528502400,581.28,509.25,404.6217171717172,0.0,-2.1676111887068146,-0.6827341592841099,-1.4848770294227047,129995.1419555,-0.18374517691486736,-1.0
2018-06-10 00:00:00,592.44,592.87,501.13,524.11,190350.58429,1528588800,581.28,509.25,404.6217171717172,0.0,-8.430180186857797,-2.2322233647988474,-6.197956822058949,129995.1419555,-0.18374517691486736,-2.0
2018-06-11 00:00:00,524.64,535.51,508.66,531.69,145813.07819,1528675200,581.28,509.25,404.6217171717172,8.977753012572606,-12.636008545102982,-4.312980400859675,-8.323028144243306,129995.1419555,-0.18374517691486736,-2.0
2018-06-12 00:00:00,531.08,538.88,482.0,493.0,158223.14812,1528761600,564.7014285714286,509.25,404.6217171717172,6.011241506089846,-18.87355488224557,-7.225095297136854,-11.648459585108718,129995.1419555,-0.18374517691486736,-2.0
2018-06-13 00:00:00,493.0,501.97,449.06,475.47,181842.19417,1528848000,545.8542857142858,509.25,404.6217171717172,5.176615087500053,-24.94384269758814,-10.768844777227113,-14.174997920361026,129995.1419555,-0.18374517691486736,-2.0
2018-06-14 00:00:00,475.47,529.0,460.0,519.29,206093.0733,1528934400,533.5871428571428,509.25,404.6217171717172,30.97573461812648,-25.91989334838263,-13.799054491458218,-12.120838856924411,129995.1419555,-0.18374517691486736,-2.0
2018-06-15 00:00:00,519.3,521.0,481.62,487.48,160532.53607,1529020800,517.7014285714286,509.25,404.6217171717172,25.542805839725645,-28.92677185429409,-16.824597964025394,-12.102173890268695,129995.1419555,-0.18374517691486736,-2.0
2018-06-16 00:00:00,487.47,503.28,483.72,496.74,131095.45173,1529107200,503.96857142857147,509.25,404.6217171717172,29.423458480703218,-30.21424906713878,-19.50252818464807,-10.71172088249071,129995.1419555,-0.18374517691486736,-2.0
2018-06-17 00:00:00,496.45,507.6,492.7,497.14,117316.93221,1529193600,500.11571428571426,509.25,404.6217171717172,29.594161211680202,-30.84672552657969,-21.771367653034396,-9.075357873545293,129995.1419555,-0.18374517691486736,-2.0
2018-06-18 00:00:00,497.15,524.48,487.27,517.95,143826.68272,1529280000,498.1528571428571,509.25,404.6217171717172,37.99637878375572,-29.330668900482465,-23.28322790252401,-6.047440997958454,129995.1419555,-0.14726703984194922,-2.0
2018-06-19 00:00:00,517.77,548.2,510.01,537.97,148148.38064,1529366400,504.57714285714286,509.25,404.6217171717172,44.81900319879767,-26.211585573477805,-23.86889943671477,-2.342686136763035,129995.1419555,-0.11102848833366374,-2.0
2018-06-20 00:00:00,537.68,542.02,515.08,536.49,123892.0424,1529452800,513.2942857142858,509.25,404.6217171717172,44.42978694711196,-23.587214470286426,-23.8125624434291,0.22534797314267507,129995.1419555,-0.10387853277209858,-2.0
2018-06-21 00:00:00,536.34,544.98,521.11,526.18,79862.90544,1529539200,514.2785714285715,509.25,404.6217171717172,41.71225842898856,-22.084733241628896,-23.466996603069063,1.3822633614401667,129995.1419555,-0.11248671715553171,-2.0
2018-06-22 00:00:00,526.32,526.44,450.0,462.09,212659.53437,1529625600,510.65142857142854,509.25,404.6217171717172,29.59440327862697,-25.76849030474193,-23.92729534340364,-1.8411949613382923,129995.1419555,-0.11833393753219756,-2.0
2018-06-23 00:00:00,462.4,481.0,455.0,473.41,94465.26834,1529712000,507.31857142857143,509.25,404.6217171717172,33.281215485331046,-27.45794680370807,-24.633425635464526,-2.8245211682435425,129995.1419555,-0.10961274426827672,-2.0
2018-06-24 00:00:00,473.4,475.81,419.53,454.41,198264.10079,1529798400,501.2142857142857,509.25,404.6217171717172,30.403430880592794,-29.984353498867222,-25.70361120814507,-4.280742290722152,129995.1419555,-0.07827586206896542,-2.0
2018-06-25 00:00:00,454.29,474.47,444.37,458.7,122942.1165,1529884800,492.75,509.25,404.6217171717172,31.836604148663326,-31.279807707338136,-26.818850507983683,-4.4609571993544535,131689.560605,-0.035270364060824066,-2.0
2018-06-26 00:00:00,459.04,460.81,429.0,429.34,84003.09976,1529971200,477.2314285714286,509.25,404.6217171717172,27.641389543397338,-34.28040792528725,-28.311161991444397,-5.969245933842853,132382.0695345,-0.17321727743649984,-2.0
2018-06-27 00:00:00,429.81,445.95,420.19,441.64,99156.36437,1530057600,463.68142857142857,509.25,404.6217171717172,31.70180448733774,-35.25944903136951,-29.70081939942942,-5.558629631940093,134331.17831299998,-0.09403462706162313,-2.0
2018-06-28 00:00:00,441.36,443.96,416.45,420.22,112309.56714,1530144000,448.5442857142857,509.25,404.6217171717172,28.68319606656722,-37.33340489475171,-31.22733649849388,-6.106068396257829,137485.2562925,-0.1540443692877561,-2.0
2018-06-29 00:00:00,420.48,442.0,404.48,434.77,159495.30942,1530230400,444.6414285714286,509.25,404.6217171717172,33.32727119306557,-37.372163421393,-32.45630188307371,-4.915861538319291,143514.6184985,-0.12545761757251483,-2.0
2018-06-30 00:00:00,434.77,463.15,434.51,454.09,157169.20242,1530316800,441.88142857142856,503.0516,404.6217171717172,39.006863278830984,-35.43543960697923,-33.052129427854815,-2.3833101791244147,141855.549405,-0.12329375422338074,-2.0
2018-07-01 00:00:00,454.2,457.77,443.73,452.1,111226.62846,1530403200,441.5514285714286,496.8396,404.6217171717172,38.64172608777802,-33.67298716426785,-33.17630097513742,-0.49668618913042906,140126.22691849997,-0.15961856609104597,-2.0
2018-07-02 00:00:00,452.14,481.83,444.16,476.25,182585.11018,1530489600,444.0585714285714,491.6832,404.6217171717172,45.32998363256972,-29.98191488391825,-32.53742375689359,2.555508872975338,141344.3250215,-0.11228541072526987,-2.0
2018-07-03 00:00:00,476.32,486.98,457.0,461.82,186954.55478,1530576000,448.6985714285714,486.20880000000005,404.6217171717172,42.358877430993665,-27.899486004625317,-31.609836206439937,3.71035020181462,141599.943052,-0.12231555741381273,-2.0
2018-07-04 00:00:00,461.78,482.7,458.02,467.38,101886.20199,1530662400,452.3757142857143,481.18919999999997,404.6217171717172,43.885052375419185,-25.50647778290437,-30.389164521732823,4.882686738828454,136389.5994865,0.011447986323010806,-2.0
2018-07-05 00:00:00,467.19,480.0,458.8,467.87,125806.0083,1530748800,459.18285714285713,478.9396,404.6217171717172,44.025711025971155,-23.30185336095309,-28.971702289576875,5.669848928623786,134653.273098,-0.011702329904311304,-2.0
2018-07-06 00:00:00,467.79,476.0,451.29,470.47,100428.64802,1530835200,464.28285714285715,476.49080000000004,404.6217171717172,44.81613831299231,-21.10162792083804,-27.397687415829107,6.296059494991066,133119.9329125,0.035342532074558175,-2.0
2018-07-07 00:00:00,470.48,487.99,461.5,485.57,83629.95382,1530921600,468.78000000000003,476.1936,404.6217171717172,49.29447655448007,-17.932771773501884,-25.504704287363666,7.571932513861782,131435.583993,0.058578591672116875,-2.0
2018-07-08 00:00:00,485.57,495.98,482.05,486.77,144703.13626,1531008000,473.73285714285714,476.6456,404.6217171717172,49.644214824733396,-15.149961153526249,-23.433755660596184,8.283794507069935,131479.40667,0.13376345087809205,-2.0
2018-07-09 00:00:00,486.55,488.98,468.2,471.71,89532.14109,1531094400,473.08428571428567,474.74240000000003,404.6217171717172,45.410937106375016,-13.99841481418889,-21.546687491314724,7.5482726771258335,128548.5946925,0.06808712978896847,-2.0
2018-07-10 00:00:00,471.73,473.23,427.69,432.48,173640.9762,1531180800,468.89285714285717,472.5424,404.6217171717172,36.6449591212647,-16.066138738478003,-20.45057774074738,4.384439002269378,131036.0413825,0.0291751939460283,-2.0
2018-07-11 00:00:00,432.55,452.69,424.2,444.99,159022.59726,1531267200,465.69428571428574,470.4724,404.6217171717172,40.5838002777646,-16.505111741969756,-19.661484540991857,3.156372799022101,134994.02597349999,0.023506681693769238,-2.0
2018-07-12 00:00:00,444.99,445.36,416.94,431.14,181877.07924,1531353600,460.44714285714286,467.8324,404.6217171717172,37.783127665292724,-17.765787323144536,-19.282345097422393,1.5165577742778567,133454.903217,-0.05054064172300643,-2.0
2018-07-13 00:00:00,431.14,442.47,424.62,432.46,150320.32532,1531440000,455.01714285714286,464.4128,404.6217171717172,38.2207116061288,-18.44573785172139,-19.115023648282193,0.6692857965608034,136247.656066,-0.0434417164344173,-2.0
2018-07-14 00:00:00,432.43,440.0,428.26,433.19,122253.69397,1531526400,447.5342857142858,460.22159999999997,404.6217171717172,38.478411566831426,-18.710021167823243,-19.034023152190404,0.3240019843671611,132447.135725,-0.09041469816272962,-2.0
2018-07-15 00:00:00,433.2,455.0,430.52,449.78,140415.27048,1531612800,442.25,456.7532,404.6217171717172,44.17730408996706,-17.380442328098752,-18.703306987372073,1.3228646592733213,133320.79342399997,-0.026070763500931182,-2.0
2018-07-16 00:00:00,449.79,480.57,444.03,478.49,172440.71343,1531699200,443.21857142857147,454.8456,404.6217171717172,52.39559576546571,-13.850425375857697,-17.732730665069198,3.8823052892115015,137742.67410749997,0.023770807479994938,-2.0
2018-07-17 00:00:00,478.49,512.0,465.29,498.76,215318.06761,1531785600,452.6871428571429,456.31239999999997,404.6217171717172,57.187881481678964,-9.309922916114886,-16.048169115278334,6.738246199163449,143550.7592695,0.06602261311902868,-2.0
2018-07-18 00:00:00,498.89,515.47,468.01,479.41,236137.8071,1531872000,457.6042857142857,456.5524,404.6217171717172,51.82445629679925,-7.190042950035888,-14.276543882229845,7.086500932193957,149742.17126749997,0.019002274321423318,-2.0
2018-07-19 00:00:00,479.4,484.15,462.57,468.57,171308.06705,1531958400,462.95142857142855,457.11879999999996,404.6217171717172,49.04919971939689,-6.311959866070481,-12.683627078997974,6.371667212927493,150332.809149,-0.035010400148279386,-2.0
2018-07-20 00:00:00,468.7,471.02,440.0,449.04,160873.38244,1532044800,465.32,456.7324,404.6217171717172,44.4325466834336,-7.1100205852876,-11.5689057802559,4.4588851949683,150518.01815,-0.0775109394580602,-2.0
2018-07-21 00:00:00,449.04,468.97,441.18,460.23,74259.64067,1532131200,469.18285714285713,457.96799999999996,404.6217171717172,47.4826240491682,-6.761606384272113,-10.607445901059144,3.8458395167870307,148669.6687605,-0.024336986707934827,-2.0
2018-07-22 00:00:00,460.23,472.2,454.19,457.47,60684.89595,1532217600,470.2814285714286,458.60119999999995,404.6217171717172,46.80028141835005,-6.631747891917826,-9.812306299230881,3.1805584073130557,142574.658049,0.057783018867924474,-2.0
2018-07-23 00:00:00,457.47,469.82,447.11,450.05,106561.46081,1532304000,466.21857142857147,459.7944,404.6217171717172,44.93092274040586,-7.046340265236665,-9.259113092432038,2.212772827195373,138555.0033505,0.011371042045888569,-2.0
2018-07-24 00:00:00,450.05,484.27,448.47,479.28,158286.759,1532390400,463.4357142857143,461.57480000000004,404.6217171717172,52.91046798648061,-4.959125284045001,-8.399115530754631,3.4399902467096304,141375.031201,0.11165746625226136,-2.0
2018-07-25 00:00:00,479.24,485.77,464.0,472.1,170475.54936,1532476800,462.39142857142855,462.29519999999997,404.6217171717172,50.95722434918122,-3.8400921758857294,-7.487310859780852,3.6472186838951224,143608.50825400001,0.09166165656939373,-2.0
2018-07-26 00:00:00,472.11,485.0,460.0,462.64,173976.2192,1532563200,461.54428571428576,462.7168,404.6217171717172,48.420931868133614,-3.6742389751810833,-6.724696482860899,3.0504575076798153,147285.886813,0.06798402548535276,-2.0
2018-07-27 00:00:00,462.17,474.0,455.84,470.09,198304.79211,1532649600,464.5514285714286,462.4704,404.6217171717172,50.51003803058066,-2.908123345282263,-5.961381855345172,3.053258510062909,153019.6287275,0.04515540931121875,-2.0
2018-07-28 00:00:00,470.09,472.0,460.82,469.29,156862.59361,1532736000,465.8457142857143,462.76919999999996,404.6217171717172,50.274558219245826,-2.338566958947922,-5.236818876065723,2.8982519171178005,153627.601595,-0.01922715208259318,-2.0
2018-07-29 00:00:00,468.44,472.0,461.6,466.4,138747.56334,1532822400,467.12142857142857,462.73,404.6217171717172,49.37896558985827,-2.0962242977578853,-4.608699960404156,2.5124756626462705,156088.37270749998,-0.06488090464351592,-2.0
2018-07-30 00:00:00,466.4,469.79,446.1,456.23,179581.79415,1532908800,468.0042857142857,462.2644,404.6217171717172,46.25619590318215,-2.6937481467086286,-4.225709597665051,1.5319614509564223,156385.41360499998,-0.04835109822490147,-2.0
2018-07-31 00:00:00,456.19,457.3,427.0,432.22,214913.57229,1532995200,461.2814285714286,460.73440000000005,404.6217171717172,39.848958288030424,-5.046523263160509,-4.389872330764143,-0.6566509323963663,159179.96235649998,-0.07757645602578045,-2.0
2018-08-01 00:00:00,432.2,434.99,406.55,420.41,209570.0844,1533081600,453.8971428571429,458.12800000000004,404.6217171717172,37.124945381492694,-7.7744636163560585,-5.066790587882526,-2.7076730284735326,160564.6126145,-0.06375823980046325,-2.0
2018-08-02 00:00:00,420.37,425.52,407.43,410.62,178421.10672,1533168000,446.4657142857142,455.08200000000005,404.6217171717172,34.98969029926381,-10.604109606849931,-6.174254391676007,-4.429855215173925,161969.6516845,-0.10779392912239538,-2.0
2018-08-03 00:00:00,410.62,420.01,396.61,417.52,201156.61154,1533254400,438.9557142857143,452.91439999999994,404.6217171717172,37.70900992401063,-12.149796811859687,-7.369362875712744,-4.7804339361469435,165914.797563,-0.08732813080639179,-2.0
2018-08-04 00:00:00,417.58,419.53,401.86,407.21,179498.57515,1533340800,430.08714285714285,451.9036,404.6217171717172,35.330925369236525,-14.044796225336142,-8.704449545637424,-5.340346679698719,167868.9627965,-0.09518942339740033,-2.0
2018-08-05 00:00:00,407.21,413.24,400.16,408.79,158913.77206,1533427200,421.85714285714283,450.4556,404.6217171717172,35.997064826127016,-15.24338783161727,-10.012237202833393,-5.231150628783876,167192.615728,-0.14707477883491893,-2.0
2018-08-06 00:00:00,408.77,413.28,397.08,405.28,166496.42465,1533513600,414.5785714285715,449.4212,404.6217171717172,35.131304847956486,-16.28874150797293,-11.267538063861302,-5.021203444111627,164751.53358,-0.14153780978606234,-2.0
2018-08-07 00:00:00,405.19,412.76,369.19,378.21,207706.11078,1533600000,406.86285714285714,447.2511999999999,404.6217171717172,29.282081743154464,-19.08155431414366,-12.830341313917774,-6.251213000225885,163329.948764,-0.18249610928583782,-2.0
2018-08-08 00:00:00,378.2,380.42,347.25,355.48,275047.10788,1533686400,397.58714285714285,444.1428000000001,404.6217171717172,25.450362024738425,-22.865421278361282,-14.837357306806476,-8.028063971554806,168516.9008055,-0.2438043778850858,-2.0
2018-08-09 00:00:00,355.48,369.9,350.51,363.3,244268.20567,1533772800,390.82714285714286,440.6836,404.6217171717172,28.897575629155213,-24.945597147439287,-16.85900527493304,-8.086591872506247,172686.641967,-0.22585181870485205,-2.0
2018-08-10 00:00:00,363.21,365.87,325.95,331.81,264274.13378,1533859200,378.5828571428571,434.8164,404.6217171717172,24.070738340549894,-28.80310704888285,-19.247825629723003,-9.555281419159847,182187.3666225,-0.2885720411663808,-2.0
2018-08-11 00:00:00,331.88,332.98,304.45,317.69,335634.67243,1533945600,365.7942857142857,427.5736,404.6217171717172,22.274147960981068,-32.62351387139415,-21.92296327805723,-10.70055059333692,195934.8554465,-0.30366262630690666,-2.0
2018-08-12 00:00:00,317.49,327.13,313.42,317.89,135524.79994,1534032000,352.8085714285714,421.1128,404.6217171717172,22.3625395540424,-35.22897774804659,-24.584166172055106,-10.644811575991483,197383.02240299998,-0.2645180695016428,-2.0
2018-08-13 00:00:00,317.96,321.99,280.68,283.81,307713.22214,1534118400,335.4557142857143,413.72240000000005,404.6217171717172,18.501482106175985,-39.58745824687065,-27.58482458701822,-12.002633659852435,204854.34556,-0.3249209105397113,-2.0
2018-08-14 00:00:00,283.81,283.81,250.0,278.41,485174.37541,1534204800,321.1985714285715,406.8972,404.6217171717172,17.971989198013333,-42.981852275899485,-30.664230124794475,-12.31762215110501,220589.2868625,-0.32197652330621984,-2.0
2018-08-15 00:00:00,278.47,304.45,276.3,281.12,438620.64156,1534291200,310.5757142857143,399.7328,404.6217171717172,19.22141390392177,-44.93527378267822,-33.518438856371226,-11.416834926306997,233821.50798049997,-0.32669093696110363,-2.0
2018-08-16 00:00:00,281.46,298.6,277.55,287.17,235665.2551,1534377600,299.7,392.92079999999993,404.6217171717172,22.07502856943303,-45.47102825342881,-35.908956735782745,-9.562071517646068,235689.53113000002,-0.29478647380958223,-2.0
2018-08-17 00:00:00,286.84,318.0,285.0,317.51,342556.46068,1534464000,297.65714285714284,387.6192,404.6217171717172,34.55999285376099,-42.95230565070142,-37.31762651876648,-5.634679131934938,244974.2244835,-0.22329313339367407,-2.0
2018-08-18 00:00:00,317.51,321.33,281.79,294.11,384021.38829,1534550400,294.2885714285714,380.2124,404.6217171717172,30.501070866470315,-42.35612918815775,-38.32532705264474,-4.030802135513014,257237.91573100002,-0.2743041847611527,-2.0
2018-08-19 00:00:00,294.1,307.4,288.2,299.42,288483.44841,1534636800,291.65000000000003,373.3052,404.6217171717172,32.44012200944546,-40.982758692567586,-38.85681338062931,-2.125945311938274,262682.99844399997,-0.2083234182068162,-2.0
2018-08-20 00:00:00,299.3,304.04,269.5,270.51,219153.78936,1534723200,289.75,365.62,404.6217171717172,27.87940698086912,-41.745927008642866,-39.43463610623203,-2.311290902410839,262895.0092975,-0.23902891864521214,-2.0
2018-08-21 00:00:00,270.51,285.9,269.7,281.21,224701.57671,1534809600,290.15,358.06479999999993,404.6217171717172,31.706342954954394,-41.014552589515006,-39.750619402888624,-1.2639331866263817,263651.583913,-0.2259565097715388,-2.0
2018-08-22 00:00:00,281.09,298.89,259.5,270.8,403936.78303,1534896000,288.67571428571426,350.12520000000006,404.6217171717172,30.036437206470154,-40.8045634851897,-39.96140821934884,-0.8431552658408634,274927.3677285,-0.18387028721256138,-2.0
2018-08-23 00:00:00,270.68,280.3,267.55,275.99,277304.60909,1534982400,287.0785714285715,342.50880000000006,404.6217171717172,31.960452566232576,-39.761015742653456,-39.921329724009766,0.16031398135631036,278734.767606,-0.13126003336585979,-2.0
2018-08-24 00:00:00,276.06,283.1,270.22,281.19,271850.21373,1535068800,281.89,335.5072,404.6217171717172,33.921190261625185,-38.075489554140404,-39.552161690035895,1.476672135895491,283352.349535,-0.11544874013023365,-2.0
2018-08-25 00:00:00,281.05,282.71,275.99,277.55,253375.49477,1535155200,279.5242857142857,329.3204,404.6217171717172,33.19995280734979,-36.61138226052884,-38.96400580413449,2.3526235436056453,288075.43567050004,-0.022057009971459762,-2.0
2018-08-26 00:00:00,277.54,277.91,268.69,274.29,232525.9497,1535241600,275.9342857142857,323.4756,404.6217171717172,32.53279365628492,-35.30712290216621,-38.23262922374083,2.925506321574616,291376.911923,-0.014798319025897122,-2.0
2018-08-27 00:00:00,274.17,288.15,271.59,287.71,281020.64727,1535328000,278.3914285714286,318.55920000000003,404.6217171717172,38.05155938651413,-32.81236559402265,-37.148576497797194,4.336210903774543,295042.6387475,0.023441946499715316,-2.0
2018-08-28 00:00:00,287.71,298.0,282.66,295.44,318323.28971,1535414400,280.4242857142857,313.676,404.6217171717172,41.04310412669952,-29.867215388565228,-35.692304275950804,5.825088887385576,297206.447839,0.028798272800083513,-2.0
2018-08-29 00:00:00,295.44,297.0,283.55,288.4,324275.47324,1535500800,282.93857142857144,308.92359999999996,404.6217171717172,39.187070784707686,-27.780989838550738,-34.11004138847079,6.329051549920052,301206.8112175,-0.09168215174325223,-2.0
2018-08-30 00:00:00,288.35,291.0,271.88,283.89,336993.14413,1535587200,284.0671428571428,303.9276,404.6217171717172,38.001480433435695,-26.189662244225474,-32.52596555962173,6.336303315396258,304842.761735,-0.0347489034714904,-2.0
2018-08-31 00:00:00,283.9,289.0,276.59,281.41,302663.37038,1535673600,284.09857142857146,298.9728,404.6217171717172,37.332612978189246,-24.842272678936695,-30.989226983484727,6.146954304548032,303194.1966325,-0.06014962260370049,-2.0
2018-09-01 00:00:00,281.46,302.0,281.34,295.71,294944.4401,1535760000,286.6928571428571,295.6728,404.6217171717172,43.50712020611466,-22.362782020332247,-29.26393799085423,6.901155970521984,311165.1786405,0.0931573694133303,-2.0
2018-09-02 00:00:00,295.8,299.33,288.87,295.41,153300.06112,1535846400,289.71,293.27,404.6217171717172,43.41048724724432,-20.18924623914262,-27.44899964051191,7.2597534013692915,303444.5205895,0.05049607055225658,-2.0
2018-09-03 00:00:00,295.51,296.62,285.99,289.09,274753.70062,1535932800,289.90714285714284,290.3016,404.6217171717172,41.32796582925905,-18.760416254003815,-25.71128296321029,6.950866709206476,292923.48685,0.06754062038404718,-2.0
2018-09-04 00:00:00,289.09,292.64,283.0,285.3,330102.19,1536019200,288.4585714285714,288.4412,404.6217171717172,40.086042420802386,-17.72950482685519,-24.114927335939274,6.3854225090840835,287497.564272,0.03373310627196635,-2.0
2018-09-05 00:00:00,285.18,287.62,227.0,228.53,528734.3196,1536105600,279.9057142857143,284.8748,404.6217171717172,26.998567292635897,-21.248426018384237,-23.54162707242827,2.293201054044033,302151.017497,-0.18727550766385714,-2.0
2018-09-06 00:00:00,228.28,233.19,212.0,229.7,552996.86567,1536192000,272.1642857142857,281.3472,404.6217171717172,27.523749562033686,-23.66993491752089,-23.567288641446794,-0.10264627607409693,312673.0377465,-0.17240136912268067,-2.0
2018-09-07 00:00:00,229.73,234.69,213.5,215.22,398379.81741,1536278400,262.7085714285714,278.60360000000003,404.6217171717172,25.115568845650245,-26.452485366502344,-24.144327986457903,-2.3081573800444417,313390.9592025,-0.21535601006234284,-2.0
2018-09-08 00:00:00,215.19,220.2,190.01,196.71,318859.84904,1536364800,248.56571428571428,275.3356,404.6217171717172,22.41562423423275,-29.807674631470718,-25.27699731546047,-4.530677316010248,314909.779234,-0.3162907093948767,-2.0
2018-09-09 00:00:00,196.87,208.6,185.02,195.81,429255.02592,1536451200,234.33714285714288,271.9232,404.6217171717172,22.290152572134275,-32.16849044155737,-26.65529594067985,-5.513194500877518,325414.841062,-0.33722583265637696,-2.0
2018-09-10 00:00:00,196.13,203.42,187.1,197.15,418489.86663,1536537600,221.20285714285714,268.32239999999996,404.6217171717172,22.981406116554382,-33.544645387447986,-28.03316583003348,-5.511479557414507,335104.255558,-0.3164008321775311,-2.0
2018-09-11 00:00:00,197.22,200.2,176.16,185.18,476745.79216,1536624000,206.9,263.0292,404.6217171717172,21.169844853400704,-35.195426095624924,-29.46561788315177,-5.729808212473156,338744.7060145,-0.34770509704462993,-2.0
2018-09-12 00:00:00,185.14,185.22,167.32,183.12,504047.79165,1536710400,200.41285714285715,258.5896,400.3193939393939,20.865018192279663,-36.25201581176785,-30.822897468874988,-5.42911834289286,350081.86514249997,-0.34927685583312607,-2.0
2018-09-13 00:00:00,183.17,215.0,183.15,210.68,739503.34051,1536796800,197.69571428571427,255.04,396.3121212121212,34.46154930284381,-34.46818136359758,-31.551954247819506,-2.9162271157780744,373464.5214815,-0.28754523012410804,-2.0
2018-09-14 00:00:00,210.91,224.2,202.6,208.82,833945.82573,1536883200,196.78142857142856,252.57240000000002,392.30868686868683,34.03651583819949,-32.826166552483016,-31.80679670875221,-1.0193698437308072,402493.0380295,-0.29311803933516134,-2.0
2018-09-15 00:00:00,208.55,227.42,207.64,221.29,441046.52933,1536969600,200.29285714285714,250.1756,388.49666666666667,39.43016746804215,-30.17084250898887,-31.479605868799545,1.3087633598106763,412919.067011,-0.23452903939949488,-2.0
2018-09-16 00:00:00,221.62,223.5,208.1,220.17,425538.57709,1537056000,203.77285714285713,248.15040000000002,384.73202020202024,39.12076561971755,-27.83597788791522,-30.75088027262268,2.91490238470746,420144.96350199997,-0.22828601472134602,-2.0
2018-09-17 00:00:00,220.24,225.0,192.4,196.16,825020.77445,1537142400,203.63142857142856,244.9572,381.41939393939396,33.120739654041344,-27.60477651370752,-30.12165952083965,2.5168830071321295,445479.837739,-0.14164442305167813,-2.0
2018-09-18 00:00:00,196.25,215.47,193.47,208.17,584366.15014,1537228800,206.9157142857143,242.0364,378.1515151515151,38.22457935959517,-26.15098881011221,-29.327525378694162,3.1765365685819518,458484.37158400007,-0.09373095341750115,-2.0
2018-09-19 00:00:00,208.42,214.84,197.58,209.79,496100.46639,1537315200,210.72571428571428,239.326,375.29080808080806,38.901893290188504,-24.58473361430265,-28.37896702581586,3.7942334115132113,466439.737697,-0.02522999721215502,-2.0
2018-09-20 00:00:00,209.79,226.68,205.56,224.0,573632.24236,1537401600,212.62857142857143,237.31439999999998,372.75070707070705,44.63599680203322,-21.94388143964497,-27.091949908581686,5.148068468936717,479988.1812960001,0.13873214376493315,-2.0
2018-09-21 00:00:00,224.0,252.11,220.66,247.73,841029.12948,1537488000,218.18714285714285,235.71519999999998,370.0076767676768,52.63102668573875,-17.731773537110968,-25.219914634287544,7.488141097176577,507292.41576500004,0.26515499719115465,-2.0
2018-09-22 00:00:00,247.67,255.13,232.7,241.01,423740.7403,1537574400,221.00428571428571,233.53799999999998,367.5180808080808,50.41092194266893,-14.765685880856552,-23.12906888360135,8.363383002744797,520814.44972399995,0.2224702003550596,-2.0
2018-09-23 00:00:00,241.01,249.73,237.0,244.5,235214.14917,1537660800,224.48000000000002,231.782,364.97020202020195,51.5538830004108,-11.99515354754206,-20.902285816389494,8.907132268847434,518837.4721515,0.3203369694351441,-2.0
2018-09-24 00:00:00,244.54,246.2,225.3,228.06,350139.1505,1537747200,229.03714285714287,229.5488,362.25222222222226,46.1569884297655,-10.999264641981767,-18.92168158150795,7.922416939526183,519839.32017650007,0.24541284403669716,-2.0
2018-09-25 00:00:00,228.06,228.1,203.61,219.62,710650.7097,1537833600,230.67285714285714,227.0772,359.2387878787879,43.63170541450415,-10.766938409511681,-17.290732947108697,6.523794537597016,528935.1396815,0.04243402316309086,-2.0
2018-09-26 00:00:00,219.5,223.6,207.5,214.42,613754.27743,1537920000,231.3342857142857,223.8256,355.97060606060603,42.10331445954324,-10.877031094505071,-16.007992576587974,5.130961482082903,531973.0102695001,0.026817354659515402,-2.0
2018-09-27 00:00:00,214.38,234.0,205.01,229.13,582274.44087,1538006400,232.06714285714287,221.17440000000002,352.8659595959596,47.686012140273505,-9.665883983380184,-14.739570857946417,5.073686874566233,541167.7414425,0.035428623073794574,-2.0
2018-09-28 00:00:00,229.1,234.42,215.53,221.84,618434.62488,1538092800,228.3685714285714,218.48440000000002,349.7918181818182,45.3520854558901,-9.188365489098516,-13.629329784176837,4.440964295078322,556146.4802345,0.0075850479175183505,-2.0
2018-09-29 00:00:00,221.89,237.77,214.18,231.62,604000.95586,1538179200,227.02714285714288,216.33720000000002,347.4638383838384,48.961137935957176,-7.929359654671572,-12.489335758275786,4.559976103604214,564883.7767315,0.18077079934747142,-2.0
2018-09-30 00:00:00,231.62,239.0,226.5,232.94,432195.44084,1538265600,225.37571428571428,216.5136,345.0348484848485,49.44641672363506,-6.747296853856483,-11.340927977391924,4.593631123535442,565569.055442,0.11898928760147953,-2.0
2018-10-01 00:00:00,233.04,235.88,224.46,231.61,322900.46128,1538352000,225.88285714285715,216.59,342.78434343434344,48.94148821796935,-5.850383869128336,-10.242819155739207,4.392435286610871,557876.7888979999,0.10400877067543735,-2.0
2018-10-02 00:00:00,231.62,232.51,223.37,225.69,401305.32707,1538438400,226.75,217.0088,340.43070707070706,46.65761320878329,-5.553253936715919,-9.30490611193455,3.7516521752186307,552739.665669,0.007544642857142847,-2.0
2018-10-03 00:00:00,225.7,226.43,216.51,220.77,275609.26221,1538524800,227.65714285714287,217.97119999999998,338.3239393939394,44.78703631520054,-5.649653517455903,-8.57385559303882,2.924202075582917,529544.961754,-0.10882815968998494,-2.0
2018-10-04 00:00:00,220.67,227.16,219.49,222.66,158137.42967,1538611200,226.7328571428571,219.0452,336.1120202020202,45.687842760013694,-5.510027507865232,-7.961089976004103,2.451062468138871,495754.54195099993,-0.07613791958839877,-2.0
2018-10-05 00:00:00,222.66,231.75,219.35,228.37,137730.35786,1538697600,227.6657142857143,220.294,334.1741414141414,48.42553212195848,-4.882342998837061,-7.345340580570695,2.4629975817336343,480588.7333775001,-0.06597137014314924,-2.0
2018-10-06 00:00:00,228.36,228.86,223.15,225.4,100257.5697,1538784000,226.77714285714282,221.90279999999998,332.05929292929295,47.09576975072688,-4.571851226819689,-6.790642709820494,2.218791483000805,464324.68300799996,-0.011663597298956385,-2.0
2018-10-07 00:00:00,225.39,227.75,221.48,226.14,74733.67253,1538870400,225.8057142857143,223.6236,329.75676767676765,47.48272591323927,-4.217456234762523,-6.276005414808901,2.058549180046378,426810.327912,0.02968764229123022,-2.0
2018-10-08 00:00:00,226.26,232.7,224.21,230.01,210989.42202,1538956800,225.57714285714286,224.39679999999996,327.51343434343437,49.56053558142052,-3.583016212669179,-5.737407574380956,2.1543913617117774,408141.491506,0.07270776979759352,-2.0
2018-10-09 00:00:00,230.01,231.02,226.56,228.4,100246.1843,1539043200,225.96428571428572,225.18,325.009898989899,48.69734153899105,-3.17354877413257,-5.224635814331279,2.051087040198709,388348.77740150003,-0.003185964299742494,-2.0
2018-10-10 00:00:00,228.4,228.78,224.05,226.74,122748.21412,1539129600,226.81714285714284,225.398,322.63535353535354,47.77343966066233,-2.9489968063431036,-4.7695080127336436,1.82051120639054,365804.57598950004,0.022087991345113522,-2.0
2018-10-11 00:00:00,226.7,226.91,189.01,191.58,497258.82871,1539216000,222.37714285714287,224.25439999999998,319.84949494949495,33.34366862643482,-5.544245301022642,-4.924455470391443,-0.6197898306311984,348616.060951,-0.17286935497798117,-2.0
2018-10-12 00:00:00,191.55,201.87,190.04,196.96,216448.3922,1539302400,217.89000000000001,224.2864,317.1130303030303,36.50403303741044,-7.085203576899545,-5.356605091693064,-1.728598485206481,338251.443546,-0.1544603760625053,-2.0
2018-10-13 00:00:00,196.96,202.78,196.27,201.3,107215.5262,1539388800,214.44714285714286,224.0116,314.3941414141414,39.015943759509994,-7.865553182479459,-5.8583947098503435,-2.007158472629116,331851.5123975,-0.13086654289538446,-2.0
2018-10-14 00:00:00,201.39,203.56,194.33,197.01,110554.19361,1539475200,210.28571428571428,223.5004,311.47939393939396,37.43928450314825,-8.72952448961496,-6.432620665803268,-2.296903823811692,319872.264553,-0.12707696397713686,-2.0
2018-10-15 00:00:00,196.84,239.0,194.6,214.39,973857.7477,1539561600,208.05428571428573,223.11599999999999,308.72808080808085,46.81605782204192,-7.9205045793693785,-6.73019744851649,-1.1903071308528883,333032.616453,-0.028898854010961705,-2.0
2018-10-16 00:00:00,214.39,219.95,211.55,215.09,145980.09837,1539648000,206.15285714285713,221.81040000000002,306.1359595959596,47.15957696791499,-7.140554455053092,-6.812268849823811,-0.3282856052292811,309643.9075,-0.03399802389293094,-2.0
2018-10-17 00:00:00,215.2,216.99,210.0,212.85,153768.85024,1539734400,204.1685714285714,220.68400000000003,303.9174747474748,46.132710307740865,-6.62679803907821,-6.775174687674691,0.14837664859648125,288218.6279685,-0.06795988965275657,-2.0
2018-10-18 00:00:00,212.9,215.3,203.53,206.24,150229.60097,1539820800,206.26285714285714,219.1536,301.5058585858586,43.14709506699347,-6.676056709877628,-6.755351092115279,0.07929438223765128,264808.376773,-0.08500443655723156,-2.0
2018-10-19 00:00:00,206.25,208.0,204.21,205.0,254660.48637,1539907200,207.41142857142856,218.2312,299.22161616161617,42.590242924433845,-6.737486646146351,-6.751778202921494,0.014291556775142489,247341.3532985,-0.09348191385867155,-2.0
2018-10-20 00:00:00,205.1,209.69,203.57,207.91,62376.6968,1539993600,208.3557142857143,217.7628,296.95343434343437,44.40363097467749,-6.476698286856646,-6.696762219708525,0.22006393285187897,228850.41609650003,-0.09608277900960827,-2.0
2018-10-21 00:00:00,207.91,211.99,206.74,207.49,83277.36128,1540080000,209.85285714285715,217.48559999999998,294.6736363636364,44.18669203401091,-6.232072668759514,-6.603824309518723,0.37175164075920897,216869.2610965,-0.09154991243432575,-2.0
2018-10-22 00:00:00,207.46,209.3,205.0,206.67,206046.89963,1540166400,208.75,216.58719999999997,292.2179797979798,43.7374076598359,-6.0348067552217515,-6.490020798659329,0.45521404343757776,207106.33972450002,-0.08851548028579004,-2.0
2018-10-23 00:00:00,206.67,207.8,202.14,205.85,112753.0414,1540252800,207.43,215.94760000000002,289.4640404040404,43.263670048964606,-5.87689406791759,-6.367395452510982,0.4905013845933919,198963.528684,0.0744858544733269,-2.0
2018-10-24 00:00:00,205.85,207.95,204.73,205.35,97128.82698,1540339200,206.35857142857142,214.8968,286.50030303030303,42.9581279837403,-5.726086189626102,-6.239133599934006,0.5130474103079044,195913.0985495,0.04259748172217703,-2.0
2018-10-25 00:00:00,205.35,205.94,202.88,203.93,77411.57217,1540425600,206.02857142857144,213.7364,283.7176767676768,42.049857494368,-5.655953678832162,-6.122497615713638,0.4665439368814761,192897.159265,0.0130650769995031,-2.0
2018-10-26 00:00:00,203.84,209.0,203.0,204.92,91143.83291,1540512000,206.0171428571429,212.6688,281.05454545454546,42.95541454891749,-5.457576883437127,-5.989513469258337,0.5319365858212093,192441.4724255,0.040150246180396865,-2.0
2018-10-27 00:00:00,204.92,206.15,203.09,204.45,50235.68329,1540598400,205.52285714285713,211.8192,278.58393939393943,42.614950978051056,-5.277451737376225,-5.847101122881915,0.5696493855056897,191216.5729635,-0.04636410280330239,-2.0
2018-10-28 00:00:00,204.45,205.94,203.62,204.99,44394.83357,1540684800,205.16571428571427,211.18800000000002,276.00575757575757,43.17225699026867,-5.033109224224489,-5.68430274315043,0.6511935189259406,182886.843541,-0.046957087730717384,-2.0
2018-10-29 00:00:00,204.99,205.49,195.28,196.96,118281.82272,1540771200,203.7785714285714,210.16,273.3743434343434,37.36158069474007,-5.424885212789661,-5.632419237078277,0.20753402428861545,183788.62546199997,-0.0746535118628141,-2.0
2018-10-30 00:00:00,196.95,198.6,195.91,197.27,83633.81463,1540857600,202.55285714285714,208.916,270.8210101010101,37.71013475955563,-5.645280813941412,-5.634991552450904,-0.010289261490507684,181832.90548750001,-0.043493017843289405,-2.0
2018-10-31 00:00:00,197.24,201.45,193.01,198.73,114739.70424,1540944000,201.60714285714286,207.84920000000002,267.9871717171717,39.41989505983453,-5.637154509271795,-5.635424143815083,-0.001730365456712235,162706.949264,-0.030585365853658564,-2.0
2018-11-01 00:00:00,198.7,200.95,197.88,199.96,86097.98629,1541030400,201.04,206.80200000000002,265.2382828282828,40.891875224900986,-5.468427011205591,-5.602024717293185,0.1335977060875937,156189.4289685,-0.03823769900437679,-2.0
2018-11-02 00:00:00,199.93,203.74,199.34,202.35,97123.22813,1541116800,200.67285714285714,205.6956,262.6090909090909,43.75182148603182,-5.083259575271029,-5.498271688888754,0.41501211361772494,155684.81406499998,-0.024772278182081164,-2.0
2018-11-03 00:00:00,202.31,202.69,198.59,200.31,72084.92932,1541203200,200.0814285714286,204.572,259.88404040404043,41.88876838843455,-4.886296375319233,-5.37587662617485,0.4895802508556164,153761.3508505,-0.03077369719843226,-2.0
2018-11-04 00:00:00,200.27,218.76,199.0,212.11,182534.6216,1541289600,201.09857142857143,203.98680000000002,257.2862626262626,54.071571004324646,-3.7349856474331204,-5.047698430426505,1.3127127829933842,114195.19454550001,0.03041049307748378,-2.0
2018-11-05 00:00:00,212.13,213.39,207.62,210.66,141432.1406,1541376000,203.0557142857143,204.75,254.70303030303032,52.61194313078565,-2.9060671495459474,-4.619372174250393,1.7133050247044457,113967.796657,0.025858290723155708,-2.0
2018-11-06 00:00:00,210.64,221.25,209.11,220.74,197797.49527,1541462400,206.40857142857143,205.7012,252.32434343434343,60.57869621669529,-1.4194094415198037,-3.9793796277042754,2.5599701861844717,116169.22890849998,0.08243024567253476,-2.0
2018-11-07 00:00:00,220.77,224.8,217.01,219.07,204931.0342,1541548800,209.31428571428572,206.412,250.17131313131313,58.81453706608564,-0.37169289601197875,-3.2578422813658166,2.886149385353838,118904.30056999999,0.06905133710716371,-2.0
2018-11-08 00:00:00,219.06,220.78,212.49,212.79,189828.4945,1541635200,211.14714285714285,207.04319999999998,248.07414141414142,52.60994103694671,-0.04756519914951696,-2.615786864922557,2.56822166577304,115662.70097650001,0.04079236977256051,-2.0
2018-11-09 00:00:00,212.79,215.51,209.1,210.77,152215.94686,1541721600,212.34999999999997,206.8984,246.05545454545455,50.75518970348035,0.04578345450795496,-2.083472801036455,2.12925625554441,120154.66347950001,0.028196497390116537,-2.0
2018-11-10 00:00:00,210.78,215.55,209.02,213.25,131384.47893,1541808000,214.1985714285714,206.82479999999998,243.99212121212122,52.94838548537222,0.31623287313408355,-1.6035316662023473,1.9197645393364309,122560.019362,0.08270714865962625,-2.0
2018-11-11 00:00:00,213.27,213.99,209.0,212.54,136268.81156,1541894400,214.26000000000002,206.81239999999997,242.0257575757576,52.231188928144306,0.46788147321856854,-1.1892490383181642,1.6571305115367327,119071.1149585,0.07740660009124545,-2.0
2018-11-12 00:00:00,212.6,214.22,210.9,212.89,99963.97203,1541980800,214.57857142857142,207.0784,240.0469696969697,52.57223457951787,0.6092827243021475,-0.8295426857941018,1.4388254100962494,118431.66149,0.07125245307703909,-2.0
2018-11-13 00:00:00,212.91,213.8,209.2,209.84,114466.36708,1542067200,213.02142857142854,207.27200000000002,238.0728282828283,49.271003179721795,0.46981894410495784,-0.5696703598142899,1.0394893039192477,119298.53849500002,0.04940988197639529,-2.0
2018-11-14 00:00:00,209.84,210.3,176.16,187.43,434676.16832,1542153600,208.50142857142856,206.45280000000002,236.14575757575759,32.91593329229474,-1.4324939200849087,-0.7422350718684136,-0.6902588482164951,137161.76830250002,-0.07373362984927101,-2.0
2018-11-15 00:00:00,187.43,190.0,170.99,184.35,452416.10784,1542240000,204.43857142857146,205.52720000000002,234.4171717171717,31.37447759901083,-3.15228327043215,-1.224244711581161,-1.9280385588509892,155225.382049,-0.0796765014227947,-2.0
2018-11-16 00:00:00,184.35,185.0,173.0,176.89,241710.34763,1542326400,199.59857142857143,204.336,232.53424242424242,27.959225241638464,-5.058872838135159,-1.9911703368919607,-3.0677025012431978,164799.115266,-0.16604591957003456,-2.0
2018-11-17 00:00:00,176.93,177.91,173.94,176.2,144804.70986,1542412800,194.3057142857143,203.15,230.96242424242422,27.659320897889728,-6.550031355986391,-2.902942540710847,-3.647088815275544,169819.6090805,-0.16358112598499952,-2.0
2018-11-18 00:00:00,176.2,182.94,176.1,178.97,141736.32263,1542499200,189.51,202.0948,229.56121212121212,30.86535912345505,-7.422705051100792,-3.8068950427888364,-3.6158100083119553,170992.334076,-0.1892271450575338,-2.0
2018-11-19 00:00:00,179.04,179.33,146.47,150.81,596789.83916,1542585600,180.64142857142858,199.97,227.87353535353535,20.781909565076376,-10.268216293129427,-5.099159292856955,-5.169057000272472,196650.1353025,-0.3115899027708038,-2.0
2018-11-20 00:00:00,150.76,154.7,126.95,133.82,996552.28721,1542672000,169.78142857142856,197.12600000000003,226.35848484848484,17.14300850104358,-13.73591636830136,-6.826510707945836,-6.9094056603555245,240740.764451,-0.37111706377179376,-2.0
2018-11-21 00:00:00,133.68,142.01,127.15,138.23,718957.78552,1542758400,162.75285714285715,194.4772,224.94252525252523,21.00926655481615,-15.944445870293038,-8.650097740415276,-7.294348129877761,272383.7544125,-0.3441666271290982,-2.0
2018-11-22 00:00:00,138.36,140.4,125.64,126.63,334674.07185,1542844800,154.50714285714284,191.34279999999998,223.3820202020202,18.55647201059685,-18.418428290710523,-10.603763850474326,-7.814664440236196,284261.2965985,-0.406189917936694,-2.0
2018-11-23 00:00:00,126.58,128.9,118.56,125.02,504352.24386,1542931200,147.09714285714287,188.46519999999998,221.7441414141414,18.238209812451444,-20.275270035587965,-12.538065087497053,-7.737204948090913,305874.6623255,-0.41178131175308175,-2.0
2018-11-24 00:00:00,125.0,130.81,112.32,114.89,471321.56764,1543017600,138.3385714285714,185.17,219.69747474747473,16.339350891530998,-22.30709453615475,-14.491870977228594,-7.8152235589261565,320314.00962749997,-0.46033162666165617,-2.0
2018-11-25 00:00:00,114.83,122.35,102.95,118.67,836233.31252,1543104000,129.7242857142857,181.96759999999998,217.92535353535354,19.699033877334756,-23.343229463537227,-16.26214267449032,-7.081086789046907,355054.06822350004,-0.43447388486465877,-2.0
2018-11-26 00:00:00,118.65,121.5,106.41,110.68,679491.73871,1543190400,123.99142857142856,178.3964,216.0188888888889,18.04908000445984,-24.52637529594753,-17.91498919878176,-6.61138609716577,379138.7803955,-0.40948620818438886,-2.0
2018-11-27 00:00:00,110.66,114.31,102.36,111.43,524024.40616,1543276800,120.79285714285716,174.75959999999998,214.41202020202022,18.73712717761134,-25.114009491756804,-19.35479325737677,-5.759216234380034,395093.4489935,-0.3955519392459994,-2.0
2018-11-28 00:00:00,111.38,126.8,111.37,122.9,578552.74124,1543363200,118.60285714285715,171.6632,212.81292929292928,28.608902807145355,-24.373221360362265,-20.35847887797387,-4.014742482388396,414529.6613305,-0.3052179320481654,-2.0
2018-11-29 00:00:00,122.88,124.0,114.78,117.98,478777.39614,1543449600,117.36714285714287,167.898,211.26929292929293,27.088779192084658,-23.907552922826824,-21.06829368694446,-2.8392592358823627,430857.7337945,-0.33041997729852435,-2.0
2018-11-30 00:00:00,117.99,120.26,111.09,113.73,418593.63529,1543536000,115.75428571428573,164.0208,209.630303030303,25.812862323419537,-23.609293572360855,-21.576493664027744,-2.0327999083331107,445218.19161249994,-0.3645303682181371,-2.0
2018-12-01 00:00:00,113.71,120.8,111.35,118.1,330159.06742,1543622400,116.21285714285715,159.9152,207.9829292929293,29.490410112242927,-22.757958826869157,-21.812786696596028,-0.9451721302731286,454912.7044055,-0.2168954313374445,-2.0
2018-12-02 00:00:00,118.09,120.73,116.0,116.57,273657.6215,1543708800,115.91285714285713,155.81519999999998,206.3568686868687,28.949328370405567,-21.953659994055215,-21.840961356087867,-0.11269863796734825,463597.386879,-0.12890449858018238,-2.0
2018-12-03 00:00:00,116.63,116.96,106.7,108.76,324446.03324,1543795200,115.63857142857144,151.654,204.6848484848485,26.296970767221154,-21.696347119411172,-21.81203850875253,0.11569138934135736,474096.370187,-0.21319539897272655,-2.0
2018-12-04 00:00:00,108.76,113.2,106.0,109.94,275321.0063,1543881600,115.42571428571429,147.6208,202.88919191919194,27.379570841879527,-21.153365840195335,-21.68030397504109,0.5269381348457571,466128.61208600004,-0.1318013109057885,-2.0
2018-12-05 00:00:00,109.92,110.58,102.38,102.71,354071.53241,1543968000,112.54142857142857,143.1992,200.94242424242424,24.960355872458493,-21.063641295622332,-21.55697143915734,0.49333014353500815,461211.3833145,-0.17845144776835709,-2.0
2018-12-06 00:00:00,102.73,104.68,90.2,91.0,586138.59043,1544054400,108.68714285714285,138.3376,198.94848484848487,21.627228072227496,-21.687433845650617,-21.583063920455995,-0.10436992519462152,478432.79545450007,-0.2079380276786491,-2.0
2018-12-07 00:00:00,91.18,96.9,82.07,93.05,1030073.58467,1544140800,105.73285714285713,133.54399999999998,197.02080808080805,23.55186898965556,-21.765477195722355,-21.61954657550927,-0.14593062021308612,522696.23919500003,-0.21589281199966293,-2.0
2018-12-08 00:00:00,93.06,98.0,84.55,90.38,698217.12529,1544227200,101.77285714285715,128.7656,195.09121212121212,22.767637007444606,-21.791574097394246,-21.653952079886263,-0.13762201750798297,550520.279328,-0.18341163715215048,-2.0
2018-12-09 00:00:00,90.39,98.7,88.63,93.26,520519.36023,1544313600,98.44285714285715,124.99879999999999,193.0462626262626,25.643728433104158,-21.3339397713834,-21.589949618185692,0.2560098468022929,546706.7553815,-0.16306201202548687,-2.0
2018-12-10 00:00:00,93.26,95.21,88.11,89.91,408573.02929,1544400000,95.75,121.22120000000001,190.97050505050504,24.500795988171802,-20.99950900574659,-21.471861495697873,0.47235248995128387,517307.79248550005,-0.2684296175752645,-2.0
2018-12-11 00:00:00,89.88,91.65,85.83,87.76,339991.84246,1544486400,92.58142857142856,117.656,188.93686868686868,23.768609836828475,-20.66968992719073,-21.311427181996443,0.6417372548057116,498359.4953325001,-0.2561451093405662,-2.0
2018-12-12 00:00:00,87.77,91.31,86.63,89.41,285436.04029,1544572800,90.68142857142857,114.18440000000001,186.95818181818183,25.606033060833113,-20.044108712627704,-21.057963488122695,1.0138547754949911,495897.59375450003,-0.21383979600808944,-2.0
2018-12-13 00:00:00,89.39,90.71,84.71,86.34,331218.30083,1544659200,90.01571428571428,110.4792,185.5219191919192,24.426330025482855,-19.57045837400851,-20.76046246529986,1.1900040912913497,487240.896603,-0.26892464013547834,-2.0
2018-12-14 00:00:00,86.35,87.25,82.2,83.82,318003.73427,1544745600,88.69714285714284,107.79960000000001,184.04838383838384,23.470459995676833,-19.177365278235527,-20.443843027886995,1.266477749651468,479575.0049345001,-0.28094707042978473,-2.0
2018-12-15 00:00:00,83.82,85.0,81.79,83.76,217360.65775,1544832000,87.75142857142859,105.79719999999999,182.72050505050504,23.446933238815078,-18.65562720857595,-20.086199864024785,1.4305726554488345,448631.37219599995,-0.22986392055902904,-2.0
2018-12-16 00:00:00,83.75,87.64,83.73,84.67,241366.76305,1544918400,86.52428571428571,103.6548,181.58878787878788,24.68010897549817,-17.961665732819,-19.66129303778363,1.699627304964629,426725.1234130001,-0.2298526468983081,-2.0
2018-12-17 00:00:00,84.68,97.0,84.4,94.02,472252.23388,1545004800,87.11142857142856,102.3504,180.56060606060606,36.07450654763915,-16.46740342864682,-19.022515115956267,2.5551116873094486,424136.51479899994,-0.08460714633433941,-2.0
2018-12-18 00:00:00,94.03,101.3,91.34,100.39,529946.79175,1545091200,88.91571428571429,101.3652,179.58323232323235,42.460920968084366,-14.60087423388346,-18.138186939541708,3.5373127056582483,421706.2173245,0.10318681318681322,-2.0
2018-12-19 00:00:00,100.39,107.55,97.75,98.74,827748.59096,1545177600,90.24857142857142,100.7192,178.710101010101,41.30968567935302,-13.103726013098665,-17.1312947542531,4.027568741154436,439154.7770655,0.06114991939817305,-2.0
2018-12-20 00:00:00,98.73,116.0,97.88,114.05,859612.57205,1545264000,94.20714285714287,100.5344,178.0124242424243,53.820823261253516,-10.560105885553924,-15.817056980513266,5.2569510949593425,461205.7239035,0.26189422438592613,-2.0
2018-12-21 00:00:00,113.71,118.0,104.76,107.69,666048.71786,1545350400,97.61714285714287,100.4148,176.97212121212124,49.1349800112482,-8.954248453596591,-14.444495275129931,5.49024682153334,478000.2064255,0.1547287154192578,-2.0
2018-12-22 00:00:00,107.67,115.5,105.38,115.2,405672.83117,1545436800,102.10857142857142,100.56559999999999,176.02646464646466,54.20513996497725,-6.994967007435207,-12.954589621590987,5.95962261415578,484600.966909,0.28128128128128127,-2.0
2018-12-23 00:00:00,115.18,131.94,114.91,129.03,936094.1049,1545523200,108.44571428571429,100.81080000000001,175.09454545454545,61.763789532595005,-4.27695485437502,-11.219062668147794,6.942107813772774,515183.37049199996,0.47025979945305374,-2.0
2018-12-24 00:00:00,129.03,157.67,128.8,138.03,1319609.8165,1545609600,114.73285714285714,101.61280000000001,174.26484848484847,65.72812463218118,-1.3807692090500723,-9.25140397632825,7.870634767278178,567397.811002,0.5437870484285874,-2.0
2018-12-25 00:00:00,138.01,139.26,119.68,127.6,1076164.12809,1545696000,118.62,102.16760000000001,173.57232323232324,58.19757177573984,0.0720345781309959,-7.386716265436402,7.4587508435673975,603502.440786,0.47787815612693985,-2.0
2018-12-26 00:00:00,127.61,135.32,122.51,129.35,794834.05601,1545782400,122.99285714285715,102.61759999999998,172.77616161616163,59.04541694985925,1.3490513962571242,-5.639562733097696,6.98861412935482,613937.2140650001,0.5431877833452636,-2.0
2018-12-27 00:00:00,129.35,131.09,111.22,113.8,752177.90111,1545868800,122.95714285714287,102.5068,171.80656565656565,49.44825097579284,1.0937335028088455,-4.292903485916388,5.386636988725233,600042.429887,0.3586437440305634,-2.0
2018-12-28 00:00:00,113.75,136.66,111.87,135.3,894454.19051,1545955200,126.90142857142857,103.5684,170.91060606060609,59.29873314005715,2.5963336318415884,-2.915056062364793,5.511389694206382,609854.283148,0.5979685839140192,-2.0
2018-12-29 00:00:00,135.3,145.42,128.5,132.89,1006654.49844,1546041600,129.42857142857142,104.48639999999999,169.75060606060606,57.935931759805555,3.5517458852793027,-1.621695672835974,5.173441558115277,634161.0400584999,0.4134226760263773,-2.0
2018-12-30 00:00:00,133.0,139.0,127.03,137.77,704259.41614,1546128000,130.67714285714285,105.88879999999999,168.70777777777778,59.943400056836566,4.64910026178714,-0.36753648591135124,5.016636747698492,648945.359401,0.3723478434106984,-2.0
2018-12-31 00:00:00,137.81,138.66,128.7,131.45,484604.83962,1546214400,129.73714285714286,107.50679999999998,167.56585858585856,56.202508961038696,4.951710097948123,0.6963128308605436,4.255397267087579,656176.0092590001,0.3312740530686651,-2.0
2019-01-01 00:00:00,131.45,140.67,130.0,139.1,401776.88797,1546300800,131.38,109.34880000000001,166.66727272727275,59.4974321216224,5.7426242419722655,1.705575113082888,4.037049128889377,661993.051643,0.21964050854888195,-2.0
2019-01-02 00:00:00,139.1,155.37,137.76,152.01,941486.31524,1546387200,134.61714285714285,111.814,165.98434343434343,64.36904738732687,7.326700859176697,2.82980026230165,4.496900596875047,692506.4523635,0.411551676107345,-2.0
2019-01-03 00:00:00,152.01,153.64,143.11,146.3,708091.31714,1546473600,139.26,113.93560000000001,165.29626262626263,60.881118695114615,8.02879278594169,3.869598767029658,4.159194018912032,712010.831507,0.2699652777777779,-2.0
2019-01-04 00:00:00,146.3,154.8,143.54,151.97,805248.93821,1546560000,141.64142857142858,116.41799999999999,164.5168686868687,63.02373865968641,8.939676286558807,4.883614270935488,4.056062015623319,741405.24553,0.1777881112919475,-2.0
2019-01-05 00:00:00,152.08,159.26,151.2,152.83,773169.13736,1546646400,144.48999999999998,119.0208,163.81979797979798,63.351617662788755,9.620058786625691,5.830903174073528,3.789155612552163,767995.3642455001,0.10722306744910526,-2.0
2019-01-06 00:00:00,152.83,157.4,147.51,153.86,627908.47366,1546732800,146.78857142857143,121.5988,163.03434343434344,63.766027461741,10.12565694153136,6.689853927565094,3.4358030139662663,775778.1762345,0.20579937304075258,-2.0
2019-01-07 00:00:00,153.89,155.48,147.86,149.34,424765.30258,1546819200,149.34428571428572,124.11880000000001,162.18989898989898,60.53127592207538,10.045818949602364,7.361046931972549,2.6847720176298147,770519.1017759999,0.15454194047158887,-2.0
2019-01-08 00:00:00,149.29,151.65,145.2,147.6,441661.06778,1546905600,150.55857142857144,126.67,161.34131313131314,59.28450051137881,9.72998213028933,7.834833971635906,1.8951481586534236,751214.725617,0.29701230228471,-2.0
2019-01-09 00:00:00,147.62,151.5,146.77,148.1,299443.563,1546992000,150.0,129.24360000000001,160.55757575757576,59.54237844826385,9.411534683473803,8.150174114003486,1.2613605694703178,723206.2751645,0.09460458240946035,-2.0
2019-01-10 00:00:00,148.11,149.45,121.0,124.95,871751.75038,1547078400,146.95000000000002,130.85479999999998,159.58969696969697,45.25164632410447,7.208061217353702,7.961751534673529,-0.753690317319827,733491.4267905,-0.05974866430882675,-2.0
2019-01-11 00:00:00,124.96,127.36,120.08,124.65,545293.98369,1547164800,143.04714285714286,132.08,158.59969696969696,45.10058079462671,5.375618345409407,7.444524896820704,-2.068906551411297,740472.4844165,-0.09523118240545836,-2.0
2019-01-12 00:00:00,124.67,126.19,122.0,123.35,300262.13404,1547251200,138.8357142857143,132.99839999999998,157.5388888888889,44.408739908257964,3.7749794190096395,6.710615801258491,-2.935636382248852,708680.8858735,-0.061620387980220626,-2.0
2019-01-13 00:00:00,123.35,124.25,111.87,114.16,422561.96777,1547337600,133.1642857142857,133.61520000000002,156.41525252525253,39.76486565245712,1.7447924605025946,5.717451133107312,-3.9726586726047177,663828.493437,-0.1792954708842559,-2.0
2019-01-14 00:00:00,114.17,130.05,113.94,126.95,546420.40854,1547424000,129.96571428571428,134.13119999999998,155.41333333333333,47.92635951237689,1.154591368105315,4.804879180106913,-3.650287812001598,637341.3074595,-0.16485757515952892,-2.0
2019-01-15 00:00:00,126.95,129.4,116.0,118.95,649020.5297,1547510400,125.87285714285714,134.5816,154.29151515151514,43.918001789569125,0.040848730265793165,3.8520730901386893,-3.811224359872896,630050.631144,-0.1869446343130554,-2.0
2019-01-16 00:00:00,118.93,126.88,118.52,121.48,513486.65472,1547596800,122.07000000000001,134.83280000000002,153.21151515151516,45.471221935472165,-0.6303838062781608,2.9555817108553195,-3.5859655171334803,618116.0688245001,-0.20063170362571559,-2.0
2019-01-17 00:00:00,121.49,122.99,116.8,121.54,447535.22716,1547683200,121.58285714285715,134.5332,152.14888888888888,45.509764768268504,-1.1443080579148415,2.135603757101287,-3.2799118150161286,595770.120657,-0.2047372897991232,-2.0
2019-01-18 00:00:00,121.56,121.98,117.66,119.17,235646.684,1547769600,120.8,133.77880000000002,151.41747474747476,44.18133535674474,-1.7229745450043907,1.3638880966801517,-3.0868626416845424,557219.729935,-0.22546470817626418,-2.0
2019-01-19 00:00:00,119.16,125.29,119.14,122.6,323303.79296,1547856000,120.69285714285715,133.5788,150.66636363636363,46.61030340461864,-1.8830924531799127,0.7144919867081387,-2.5975844398880517,538171.9487760001,-0.1790545064952458,-2.0
2019-01-20 00:00:00,122.61,123.32,115.68,117.47,451792.85352,1547942400,121.1657142857143,133.1036,149.81959595959594,43.55740543449825,-2.396311982910831,0.09233119278434487,-2.4886431756951755,536531.3494709999,-0.2041327913279133,-2.0
2019-01-21 00:00:00,117.56,118.5,113.61,115.63,303632.93463,1548028800,119.54857142857142,133.17680000000001,148.99757575757576,42.48260787809572,-2.9178792841768058,-0.5097109026078853,-2.4081683815689203,531624.151804,-0.21924375422012155,-2.0
2019-01-22 00:00:00,115.62,119.49,111.39,117.81,359542.63873,1548115200,119.38571428571429,132.47719999999998,148.0220202020202,44.238204636296516,-3.1193593146937104,-1.0316405850250503,-2.0877187296686603,502526.9679785,-0.05714285714285716,-2.0
2019-01-23 00:00:00,117.8,118.95,114.8,116.44,230247.61578,1548201600,118.6657142857143,131.8192,147.02555555555557,43.34285662808654,-3.35095353444693,-1.4955031749094263,-1.8554503595375036,478634.7829105,-0.06586442037705587,-2.0
2019-01-24 00:00:00,116.4,117.15,113.61,116.39,216242.29829,1548288000,117.92999999999999,130.964,146.05121212121213,43.308405718264865,-3.4982030965390862,-1.8960431592353584,-1.6021599373037279,449184.4509145,-0.056424807458451465,-2.0
2019-01-25 00:00:00,116.4,117.5,114.3,115.11,198617.08108,1548374400,117.35000000000001,130.31040000000002,145.13070707070707,42.37972600682289,-3.6758122623202354,-2.251996979852334,-1.4238152824679013,420456.8481005,0.008321653819201247,-2.0
2019-01-26 00:00:00,115.13,118.0,115.0,115.34,146216.82819,1548460800,116.31285714285714,129.36,144.22505050505052,42.617833603407455,-3.754727565854523,-2.552543097052772,-1.2021844688017511,396372.265827,-0.09145332808192197,-2.0
2019-01-27 00:00:00,115.32,116.15,111.04,112.05,247369.60555,1548547200,115.53857142857144,127.7616,143.25676767676768,40.06724641144282,-4.036217019440031,-2.849277881530224,-1.1869391379098064,387502.48097549996,-0.0580075662042876,-2.0
2019-01-28 00:00:00,112.04,112.87,100.91,105.5,566205.78288,1548633600,114.09142857142858,126.1296,142.22656565656567,35.51067837438647,-4.733267536984911,-3.2260758126211617,-1.5071917243637496,393729.7167305,-0.13154428712545274,-2.0
2019-01-29 00:00:00,105.49,106.61,102.22,104.45,319768.91348,1548720000,112.18285714285715,124.2288,141.1940404040404,34.82693010636282,-5.309210050309417,-3.642702660158813,-1.6665073901506045,394745.9842545,-0.14061214415007406,-2.0
2019-01-30 00:00:00,104.41,109.8,103.45,108.29,330968.19265,1548806400,111.01857142857143,122.44720000000001,140.20858585858585,39.4208857548772,-5.3936184576114385,-3.992885819649338,-1.4007326379621006,367706.806368,-0.09129814550641935,-2.0
2019-01-31 00:00:00,108.29,110.61,105.46,106.44,290679.61935,1548892800,109.59714285714286,120.55040000000001,139.20949494949494,38.030065890150524,-5.545863010823979,-4.3034812578842665,-1.2423817529397123,354976.08815100003,-0.13181076672104397,-2.0
2019-02-01 00:00:00,106.47,108.35,103.77,106.73,243149.88435,1548979200,108.39999999999999,118.84599999999999,138.22767676767677,38.39697416295533,-5.578808310226123,-4.558546668352638,-1.0202616418734847,352120.47566650005,-0.0914275985357963,-2.0
2019-02-02 00:00:00,106.71,111.15,106.07,110.42,186908.7573,1549065600,107.69714285714285,117.35879999999999,137.2731313131313,43.019858667579484,-5.246685017048577,-4.696174338091826,-0.5505106789567513,340337.815143,-0.0450575110265502,-2.0
2019-02-03 00:00:00,110.41,111.11,105.82,107.36,227211.54064,1549152000,107.02714285714285,115.7292,136.29242424242426,40.31784201444206,-5.170785741572743,-4.791096618788009,-0.3796891227847343,324377.37174800003,-0.08870214752567696,-2.0
2019-02-04 00:00:00,107.33,109.3,106.57,107.68,160850.10293,1549238400,107.33857142857143,115.0384,135.30949494949496,40.73703657796216,-5.026867098489717,-4.838250714728351,-0.18861638376136636,299968.8504095,-0.07523187907935414,-2.0
2019-02-05 00:00:00,107.65,108.18,106.47,107.27,159730.1886,1549324800,107.74142857142859,114.3432,134.40353535353535,40.34602426734093,-4.889530644809412,-4.848506700744563,-0.04102394406484855,282281.02710350003,-0.07835724718618442,-2.0
2019-02-06 00:00:00,107.28,107.83,101.21,104.5,337204.30254,1549411200,107.2,113.5892,133.46646464646463,37.71233226348678,-4.9471783731817,-4.868241035231991,-0.07893733794970892,276764.4808725,-0.09217270436973335,-2.0
2019-02-07 00:00:00,104.49,106.18,103.82,104.48,147942.07683,1549497600,106.92,113.20199999999998,132.51444444444445,37.69320018469616,-4.937561312810331,-4.882105090747659,-0.055456222062671756,272379.250514,-0.09415640714409568,-2.0
2019-02-08 00:00:00,104.48,123.0,103.41,119.25,589950.64925,1549584000,108.70857142857143,112.89399999999999,131.69919191919192,55.605258184805564,-3.6955244556782247,-4.644788963733772,0.9492645080555473,285711.59332850005,0.06425702811244993,-2.0
2019-02-09 00:00:00,119.32,121.99,117.64,119.19,328067.9574,1549670400,109.96142857142857,112.90359999999998,130.85919191919191,55.53541315826129,-2.6850907419060377,-4.2528493193682255,1.5677585774621878,279525.3485225,0.12976303317535542,-2.0
2019-02-10 00:00:00,119.19,126.49,115.81,125.12,385819.09619,1549756800,112.49857142857142,113.0492,130.09969696969696,60.77897815698271,-1.3897926386155035,-3.6802379832176815,2.290445344602178,283634.6566005,0.19789372905696512,-2.0
2019-02-11 00:00:00,125.12,125.28,119.24,120.89,389405.30404,1549843200,114.38571428571427,113.0232,129.17828282828282,55.73033787608739,-0.6965557469934112,-3.0835015359728275,2.3869457889794163,285127.789866,0.11635423400129286,-2.0
2019-02-12 00:00:00,120.88,123.89,118.18,122.41,343765.66987,1549929600,116.54857142857144,113.15279999999998,128.28686868686867,57.109053102438004,-0.0242299117112168,-2.471647211120506,2.447417299409289,290803.6925705,0.15003757985719646,-2.0
2019-02-13 00:00:00,122.4,126.47,120.7,121.86,317827.31956,1550016000,119.02857142857144,113.1232,127.2880808080808,56.42429326905314,0.45892257931284064,-1.8855332530338367,2.3444558323466773,295882.943634,0.14175958024922708,-2.0
2019-02-14 00:00:00,121.86,124.5,120.1,120.42,297205.78738,1550102400,121.30571428571429,113.2412,126.29161616161618,54.57909049651407,0.7173591739406646,-1.3649547676389364,2.082313941579601,300812.378949,0.09056330374932076,-2.0
2019-02-15 00:00:00,120.47,124.25,120.19,121.67,255296.0814,1550188800,121.65142857142857,113.48280000000001,125.37121212121212,55.92646420245836,1.0113780537893575,-0.8896882033532777,1.9010662571426353,306266.3416095,0.1332898658718331,-2.0
2019-02-16 00:00:00,121.66,124.99,121.54,122.67,215320.70134,1550275200,122.14857142857144,113.6772,124.48131313131313,57.02477455096773,1.3099811299809119,-0.44975433668643977,1.7597354666673517,304663.896399,0.1392087667161961,-2.0
2019-02-17 00:00:00,122.67,135.61,122.43,133.75,614788.60078,1550361600,123.38142857142859,114.36959999999999,123.67828282828282,66.87467382814056,2.412875493037191,0.12277162925828639,2.2901038637789046,307093.03729400004,0.24685373356949758,-2.0
2019-02-18 00:00:00,133.77,148.3,132.42,145.69,1079830.1502,1550448000,126.92428571428572,115.5416,123.00303030303031,73.83441798479863,4.201947994086552,0.9386069022239396,3.2633410918626127,345096.09913,0.39416267942583727,-2.0
2019-02-19 00:00:00,145.69,150.0,142.36,143.44,747968.90445,1550534400,129.92857142857142,116.67479999999999,122.30151515151513,70.81501328035642,5.376270346827951,1.826139591144742,3.550130755683209,365946.13472,0.3728943338437978,-2.0
2019-02-20 00:00:00,143.45,149.52,139.6,148.44,614303.61007,1550620800,133.7257142857143,117.99879999999999,121.68131313131313,73.41663743287504,6.6339158329150365,2.7876948394988013,3.8462209934162352,382127.334256,0.2447798742138365,-2.0
2019-02-21 00:00:00,148.42,149.61,142.7,145.69,447364.40873,1550707200,137.33571428571426,119.34440000000001,121.25969696969698,69.73466004800258,7.324277215656622,3.695011314730366,3.629265900926256,392338.060475,0.2223340884302374,-2.0
2019-02-22 00:00:00,145.68,148.85,143.85,147.36,366251.18542,1550793600,141.00571428571428,121.01880000000001,120.8860606060606,70.69579641629849,7.914910467483708,4.5389911452810345,3.375919322202673,401305.181881,0.17774936061381075,-2.0
2019-02-23 00:00:00,147.4,159.6,145.78,157.79,588183.72896,1550880000,146.02285714285713,123.1524,120.69313131313132,75.85340003800749,9.119481699342714,5.455089256093371,3.6643924432493433,419353.791297,0.3052361651087765,-2.0
2019-02-24 00:00:00,157.75,166.0,131.7,132.1,1260506.80672,1550966400,145.78714285714287,124.1048,120.24767676767677,51.711567956663345,7.909963642259697,5.946064133326636,1.9638995089330615,474336.62648649997,0.07916019933012008,-2.0
2019-02-25 00:00:00,132.1,141.55,131.89,137.87,801147.09543,1551052800,144.67000000000002,125.362,119.83252525252526,55.16321241367505,7.33247839933415,6.223346986528139,1.1091314128060112,506407.471828,0.13138027244378803,-2.0
2019-02-26 00:00:00,137.88,138.41,133.72,136.22,432944.17033,1551139200,143.63857142857142,126.5416,119.68515151515152,53.97506871633636,6.664847757163585,6.311647140655229,0.35320061650835655,511194.4652175001,0.13120744062448098,-2.0
2019-02-27 00:00:00,136.22,140.29,126.84,135.02,567202.61035,1551225600,141.72142857142856,127.52560000000001,119.69727272727272,53.07964333504203,5.970096139996741,6.243336940523531,-0.2732408005267901,532157.4918935,0.10972302128708811,-2.0
2019-02-28 00:00:00,135.03,139.0,132.1,135.34,579327.31749,1551312000,140.24285714285713,128.6448,119.6680808080808,53.30212117849114,5.3832668542962665,6.071322923278078,-0.6880560689818118,531626.3253055001,0.10328523681421697,-2.0
2019-03-01 00:00:00,135.32,137.95,134.9,135.32,302632.02831,1551398400,138.52285714285713,129.7504,119.75585858585859,53.28511541742387,4.8605571079007746,5.829169760202618,-0.968612652301843,530354.528851,0.011738317757009398,-2.0
2019-03-02 00:00:00,135.32,136.12,130.03,132.56,297005.28093,1551484800,134.91857142857143,130.762,119.8320202020202,50.872975529407825,4.175464775449598,5.498428763252014,-1.3229639878024164,525913.838088,-0.09012286361452393,-2.0
2019-03-03 00:00:00,132.54,134.6,128.01,130.6,222453.2859,1551571200,134.7042857142857,131.806,119.99070707070707,49.17068186399592,3.4347746030112205,5.085697931203856,-1.6509233281926354,517566.23718099995,-0.08951477969882882,-2.0
2019-03-04 00:00:00,130.6,131.11,122.6,125.65,403947.79445,1551657600,132.95857142857142,132.6528,120.06121212121214,45.069025073696295,2.4204472644568114,4.552647797854448,-2.1322005333976364,520575.34341000003,-0.1535300458097547,-2.0
2019-03-05 00:00:00,125.68,137.84,125.19,136.72,512631.23178,1551744000,133.03,133.3516,120.32424242424243,54.258498190059804,2.4812398366497064,4.138366205613499,-1.6571263689637927,530315.539021,-0.061569085043585714,-2.0
2019-03-06 00:00:00,136.71,140.29,133.33,137.4,428826.87415,1551830400,133.37,134.08,120.58656565656565,54.759166242278496,2.554838121568366,3.821660588804473,-1.2668224672361066,536896.5933594999,-0.0675895765472313,-2.0
2019-03-07 00:00:00,137.37,140.2,135.2,136.81,307336.4931,1551916800,133.58,134.5476,120.72707070707072,54.20478962285075,2.5363201040935905,3.5645924918622964,-1.0282723877687059,539498.6139445,-0.13296153114899545,-2.0
2019-03-08 00:00:00,136.82,139.34,130.62,133.52,330283.58233,1552003200,133.32285714285715,135.0528,120.88404040404039,51.0982110377697,2.2304576105838123,3.2977655156066,-1.0673079050227878,545246.7579940001,0.01074943224829683,-2.0
2019-03-09 00:00:00,133.51,138.65,132.93,137.27,279861.12049,1552089600,133.99571428571429,135.6472,121.12181818181817,54.31234242774848,2.2645487326421687,3.091122159013714,-0.8265734263715454,528500.3839795,-0.004351925727134165,-2.0
2019-03-10 00:00:00,137.27,137.5,134.0,135.37,203965.16815,1552176000,134.67714285714285,136.1876,121.29626262626263,52.431977536753536,2.113884526475431,2.895674632506058,-0.7817901060306269,484707.134877,-0.006239906034356202,-2.0
2019-03-11 00:00:00,135.37,136.15,131.0,132.67,264587.00683,1552262400,135.68,136.6776,121.4588888888889,49.79374404644308,1.7563683019689904,2.6678133663986445,-0.9114450644296541,460538.039996,-0.017404828914235115,-2.0
2019-03-12 00:00:00,132.67,135.3,130.77,133.57,194905.96843,1552348800,135.23,137.15359999999998,121.70949494949495,50.684510328611836,1.5280422764785726,2.43985914841463,-0.9118168719360575,439568.157914,-0.013078173488990763,-2.0
2019-03-13 00:00:00,133.62,133.65,130.58,131.65,209456.09848,1552435200,134.40857142857143,137.5128,121.92878787878789,48.69945139367673,1.1785783844108266,2.1876029956138696,-1.009024611203043,427672.74240149994,-0.02712089861070044,-2.0
2019-03-14 00:00:00,131.69,135.11,128.52,132.2,258413.81868,1552521600,133.75,137.4508,122.22666666666667,49.311873046973254,0.9352254389513348,1.9371274842813628,-1.001902045330028,422280.8740645,-0.0027157513578758286,-2.0
2019-03-15 00:00:00,132.24,137.62,132.18,136.56,295832.26562,1552608000,134.18428571428572,137.0856,122.68686868686869,53.99995571271263,1.0817127273924996,1.7660445329035903,-0.6843318055110907,407663.3008975,0.045635528330780994,-2.0
2019-03-16 00:00:00,136.6,144.47,136.51,140.92,474664.10197,1552694400,134.7057142857143,136.9848,123.17040404040405,58.166691078591896,1.5319610277108495,1.7192278318650422,-0.18726680415419272,368371.16566,0.12152805411858325,-2.0
2019-03-17 00:00:00,140.94,141.07,137.2,138.67,252697.08148,1552780800,135.17714285714285,136.594,123.65818181818182,55.378884829470465,1.687774242744183,1.7129371140408705,-0.025162871296687372,340948.6649625,0.014262726740783993,-2.0
2019-03-18 00:00:00,138.67,142.01,136.1,137.59,281718.96195,1552867200,135.87999999999997,136.27,124.10595959595959,54.040041307793395,1.7044623828102488,1.7112421677947462,-0.0067797849844974944,333387.40454350004,0.001382823871906913,-2.0
2019-03-19 00:00:00,137.62,139.38,136.97,138.55,218577.45208,1552953600,136.59142857142857,135.9176,124.59727272727272,55.07962895699888,1.7746942602658748,1.723932586288972,0.05076167397690279,315956.14663000003,0.012718368540311387,-2.0
2019-03-20 00:00:00,138.56,139.66,136.01,139.01,222883.51754,1553040000,137.64285714285714,135.16639999999998,125.11494949494949,55.59789920928023,1.8461899561611403,1.7483840602634058,0.09780589589773458,298133.9566325,0.04111743559017356,-2.0
2019-03-21 00:00:00,139.04,139.55,131.21,134.85,312531.39368,1553126400,138.02142857142857,135.2764,125.5739393939394,49.98168083247466,1.549314048886373,1.7085700579879994,-0.1592560091016264,298628.92490100005,-0.017629489327602665,-2.0
2019-03-22 00:00:00,134.85,137.2,134.29,135.98,186119.74745,1553212800,137.9385714285714,135.2008,126.07535353535353,51.417292935176754,1.3892054144245094,1.6446971292753014,-0.25549171485079203,293084.648227,0.004506168279529987,-2.0
2019-03-23 00:00:00,135.92,138.21,135.6,137.28,174710.43059,1553299200,137.41857142857143,135.2432,126.61535353535353,53.085554696907515,1.3516364795677873,1.5860849993337987,-0.23444851976601133,290697.5054615,0.0347478706565163,-2.0
2019-03-24 00:00:00,137.28,137.37,134.75,136.09,198490.45124,1553385600,137.04999999999998,135.28599999999997,127.14393939393939,51.34739686822244,1.2118700892433765,1.5112420173157144,-0.2993719280723379,280424.638301,0.018866511941304287,-2.0
2019-03-25 00:00:00,136.12,136.83,131.6,133.98,230880.285,1553472000,136.53428571428572,135.2316,127.64202020202019,48.32596005089788,0.9202369334137757,1.3930410005353269,-0.4728040671215512,266337.090962,0.017698442840865747,-2.0
2019-03-26 00:00:00,133.97,134.74,132.27,134.18,183139.11426,1553558400,135.91,135.186,128.0476767676768,48.6344911202632,0.6972168035368895,1.2538761611356395,-0.55665935759875,254052.7029675,0.014977307110438876,-2.0
2019-03-27 00:00:00,134.14,140.14,133.84,139.45,317167.45325,1553644800,135.97285714285712,135.4616,128.4422222222222,56.07647869406393,0.9349393023109656,1.1900887893707046,-0.25514948705973906,254544.25097500003,0.021162858816637264,-2.0
2019-03-28 00:00:00,139.46,139.57,137.3,137.86,163185.6991,1553731200,136.40285714285713,135.752,128.83737373737372,53.55537004451192,0.9836969375064939,1.1488104189978625,-0.16511348149136862,246189.3568135,-0.02171444791370969,-2.0
2019-03-29 00:00:00,137.85,143.6,137.62,143.25,235853.0454,1553817600,137.44142857142856,136.45600000000002,129.13232323232324,60.10356035999603,1.4406586524031866,1.2071800656789273,0.23347858672425925,243988.95305900002,0.03302805221028349,-2.0
2019-03-30 00:00:00,143.25,145.89,140.06,142.46,254798.70067,1553904000,138.18142857142857,136.68560000000002,129.48353535353533,58.79513136178945,1.7192393845598133,1.3095919294551046,0.4096474551047087,246530.629685,0.03539501417254165,-2.0
2019-03-31 00:00:00,142.44,142.5,140.42,141.38,142469.21171,1553990400,138.93714285714287,136.8448,129.7479797979798,56.969253032149034,1.8317543241747387,1.4140244083990317,0.41772991577570706,240424.739929,0.02042583904727513,-2.0
2019-04-01 00:00:00,141.41,143.08,139.57,141.24,234310.19161,1554076800,139.9742857142857,137.02200000000002,129.87131313131314,56.72334017860424,1.8878642703212165,1.5087923807834687,0.37907188953774784,242394.951088,0.01604201136608885,-2.0
2019-04-02 00:00:00,141.24,165.6,141.0,163.31,906868.8586,1554163200,144.1357142857143,138.21359999999999,130.12666666666667,75.02535757919011,3.6708807321701897,1.941210051060813,1.7296706811093767,277265.589094,0.21104931405265126,-2.0
2019-04-03 00:00:00,163.26,177.81,149.23,159.96,1345344.53845,1554249600,147.06571428571428,139.1212,130.45353535353536,70.17415323673131,4.758761085673854,2.504720257983421,2.2540408276904325,331612.1250825,0.1763494631563467,-2.0
2019-04-04 00:00:00,159.96,164.0,152.8,157.36,686080.95248,1554336000,149.85142857142858,140.0008,130.73646464646464,66.57605689076252,5.349450694992441,3.073666345385225,2.2757843496072163,351124.5594255,0.1462703962703964,-2.0
2019-04-05 00:00:00,157.33,167.83,155.94,164.77,516070.34553,1554422400,152.9257142857143,141.2848,131.2513131313131,71.12080876428794,6.342390409472898,3.7274111582027603,2.614979251270138,353194.8716035,0.21074289073407315,-2.0
2019-04-06 00:00:00,164.84,172.77,159.2,165.5,528168.33297,1554508800,156.21714285714285,142.562,131.55636363636364,71.53149159098177,7.1062902950689875,4.4031869855760055,2.703103309492982,366968.434178,0.23525899387968363,-2.0
2019-04-07 00:00:00,165.56,175.43,164.06,174.21,465507.52497,1554595200,160.90714285714287,144.2644,131.97373737373738,75.9297615898276,8.318618806062261,5.186273349673257,3.132345456389004,376157.862329,0.2983306006856461,-2.0
2019-04-08 00:00:00,174.29,185.87,170.9,178.72,873410.07285,1554681600,166.26142857142855,146.1252,132.38737373737374,77.838957234764,9.533421841101898,6.0557030479589855,3.4777187931429125,408899.4933675,0.28160631050555773,-2.0
2019-04-09 00:00:00,178.71,179.17,171.05,174.6,431986.36108,1554768000,167.87428571428572,147.64679999999998,132.82323232323233,72.20464948536005,10.047886648143162,6.854139767995822,3.1937468801473408,419354.6355445,0.2665022486580588,-2.0
2019-04-10 00:00:00,174.58,183.77,168.0,177.12,523943.20498,1554854400,170.32571428571427,149.09480000000002,133.2072727272727,73.46960507478232,10.537477176188105,7.590807249634278,2.9466699265538265,429925.2261094999,0.23643979057591635,-2.0
2019-04-11 00:00:00,177.12,177.48,158.27,164.07,661305.30321,1554940800,171.28428571428572,150.1108,133.32909090909092,58.59737927640084,9.759948647719767,8.024635529251377,1.7353131184683903,453684.50389750005,0.1516917029341569,-2.0
2019-04-12 00:00:00,164.06,166.5,158.11,163.19,316337.87823,1555027200,171.0585714285714,151.13479999999998,133.49969696969697,57.74846169328218,8.969349958489943,8.21357841509909,0.7557715433908534,460765.8762795,0.15426510114584802,-2.0
2019-04-13 00:00:00,163.2,165.37,160.74,162.99,179237.74574,1555113600,170.7,152.1124,133.6110101010101,57.54441829540177,8.231765800734507,8.217215892226173,0.014549908508334042,459803.2410045001,0.15399320305862352,-2.0
2019-04-14 00:00:00,162.99,168.11,161.2,167.23,186977.66211,1555200000,169.70285714285714,153.24120000000002,133.75646464646465,60.713584911348235,7.898310796216862,8.153434873024311,-0.25512407680744964,457608.10986,0.02400342906129449,-2.0
2019-04-15 00:00:00,167.21,168.81,155.7,159.95,351548.9079,1555286400,167.02142857142857,154.2452,133.8179797979798,53.34991645585872,6.966306894714819,7.916009277362414,-0.9497023826475948,466028.599542,-6.251562890735585e-05,-2.0
2019-04-16 00:00:00,159.91,166.73,159.41,165.37,240370.50441,1555372800,165.70285714285714,155.42079999999999,133.979898989899,57.48429575273805,6.589080967387417,7.650623615367415,-1.0615426479799979,462188.75210000004,0.050902389425520944,-2.0
2019-04-17 00:00:00,165.41,167.28,163.78,165.75,227841.54981,1555459200,164.07857142857142,156.5596,134.16323232323234,57.766900750463705,6.248757736946999,7.370250439683332,-1.121492702736333,465421.5446355,0.005947684651331997,-2.0
2019-04-18 00:00:00,165.75,175.2,165.04,173.33,396118.94407,1555545600,165.40142857142857,158.0492,134.41808080808082,63.04389844904403,6.515584177633912,7.199317187273448,-0.6837330096395364,473434.83956900006,0.04731117824773423,-2.0
2019-04-19 00:00:00,173.34,173.55,168.59,172.64,320541.72166,1555632000,166.75142857142856,159.59560000000002,134.89979797979797,62.28102192564657,6.595341825720396,7.078522114962838,-0.4831802892424415,476721.99061850004,-0.009012111819069024,-2.0
2019-04-20 00:00:00,172.66,176.97,169.87,172.88,253596.48407,1555718400,168.16428571428568,161.1436,135.38696969696971,62.45121969278661,6.601814720081933,6.983180635986658,-0.38136591590472513,482278.35423650005,-0.03267681289167412,-2.0
2019-04-21 00:00:00,172.89,173.48,164.82,168.59,283450.43943,1555804800,168.35857142857142,162.3092,135.8439393939394,57.46017331100558,6.189429498056569,6.824430408400641,-0.6350009103440719,484735.3666274999,-0.03442153493699884,-2.0
2019-04-22 00:00:00,168.59,172.3,167.0,170.52,269868.39876,1555891200,169.8685714285714,163.6156,136.41323232323234,59.045915578945284,5.94976096800184,6.649496520320881,-0.6997355523190407,452885.34363549994,-0.037262872628726296,-2.0
2019-04-23 00:00:00,170.52,175.83,167.78,169.16,363523.34531,1555977600,170.41,164.65200000000002,136.83959595959595,57.42157072421385,5.585692906357792,6.4367357975282635,-0.8510428911704713,403794.28397850005,0.03102334369476445,-2.0
2019-04-24 00:00:00,169.15,169.87,159.26,164.78,426497.04153,1556064000,170.27142857142857,165.5448,137.30252525252527,52.42001194662006,4.887398067105579,6.126868251443726,-1.2394701843381473,390815.088431,0.009743244071327872,-2.0
2019-04-25 00:00:00,164.78,165.49,150.35,154.72,422657.03239,1556150400,167.61285714285714,166.0784,137.63828282828283,43.1282038110722,3.4820970042486294,5.597914002004707,-2.1158169977560775,386144.422774,-0.05073930916007119,-2.0
2019-04-26 00:00:00,154.7,162.56,151.4,157.95,500355.86283,1556236800,165.5142857142857,166.7468,138.0060606060606,46.41259636242411,2.599059453528838,4.998143092309533,-2.399083638780695,384753.79926699994,-0.05549243556778094,-2.0
2019-04-27 00:00:00,157.93,166.24,156.35,159.31,215918.63842,1556323200,163.57571428571427,166.5868,138.41151515151515,47.780059278351345,1.9860920339788208,4.395732880643391,-2.40964084666457,372274.3549395,-0.004001250390747058,-2.0
2019-04-28 00:00:00,159.32,160.24,156.92,157.85,152976.30181,1556409600,162.04142857142855,166.50240000000002,138.76757575757574,46.41084644205283,1.3667461407817143,3.7899355326710555,-2.4231893918893412,336252.6663875,-0.04547378605551189,-2.0
2019-04-29 00:00:00,157.86,159.05,152.0,155.11,243591.94898,1556496000,159.83999999999997,166.4124,139.14777777777778,43.87002276432534,0.647352678695313,3.161418961875907,-2.514066283180594,326832.94578249997,-0.06419306184012064,-2.0
2019-04-30 00:00:00,155.14,162.89,155.11,161.83,305056.24653,1556582400,158.79285714285714,166.2948,139.61444444444444,50.96091365087291,0.6124164599245603,2.651618461485638,-2.039202001561078,315888.59786,-0.06634742975826458,-2.0
2019-05-01 00:00:00,161.85,163.88,158.36,160.19,192517.62763,1556668800,158.13714285714286,166.08239999999998,140.04252525252525,49.323278574813315,0.44723946276883453,2.210742661742277,-1.7635031989734427,292449.214081,-0.07211538461538458,-2.0
2019-05-02 00:00:00,160.2,163.48,158.5,161.81,289519.02025,1556755200,159.15,165.5864,140.50080808080807,50.99839904327256,0.4419613087264054,1.856986391139103,-1.4150250824126975,291108.27118200005,-0.0640328551596483,-2.0
2019-05-03 00:00:00,161.82,170.86,160.99,168.06,416357.52123,1556841600,160.5942857142857,165.16,141.02272727272728,56.91549160877859,0.9313649053173663,1.6718620939747557,-0.7404971886573894,302964.2599565,-0.003143721454415993,-2.0
2019-05-04 00:00:00,168.1,171.3,159.76,163.7,312928.58349,1556928000,161.22142857142856,164.72400000000002,141.51353535353536,52.18171661433055,0.9563806587111969,1.528765806922044,-0.5723851482108471,309261.8060255,-0.039995308468214974,-2.0
2019-05-05 00:00:00,163.71,165.36,159.18,163.05,176029.10445,1557014400,161.96428571428572,164.16119999999998,141.99545454545455,51.494100342251386,0.9132291189632156,1.4056584693302785,-0.4924293503670629,300485.81585300004,-0.03611965003546924,-2.0
2019-05-06 00:00:00,163.05,178.05,157.55,173.0,506528.14278,1557100800,164.51999999999998,164.5184,142.61111111111111,60.15062720884755,1.6627459568363179,1.4570759668314863,0.20566999000483155,313793.6977715,0.04988469474450774,-2.0
2019-05-07 00:00:00,172.98,182.76,167.89,169.18,732496.87861,1557187200,165.57,164.75799999999998,143.25434343434344,56.01733130440319,1.926296232015119,1.550920019868213,0.375376212146906,339026.46421149996,0.09345915201654598,-2.0
2019-05-08 00:00:00,169.07,173.17,164.8,170.85,296436.29384,1557273600,167.09285714285716,165.0724,143.9250505050505,57.39564516095258,2.244048769753306,1.6895457698452316,0.5545029999080742,334042.3317,0.0816714150047484,-2.0
2019-05-09 00:00:00,170.88,173.88,166.57,170.9,284663.99456,1557360000,168.39142857142858,165.21919999999997,144.55747474747474,57.43865027994835,2.4714155868444436,1.8459197332450743,0.6254958535993693,332248.445345,0.07275123972129816,-2.0
2019-05-10 00:00:00,170.96,176.7,168.46,172.91,425543.74021,1557446400,169.0842857142857,165.7376,145.2288888888889,59.220687602862675,2.7817295821512573,2.033081703026311,0.7486478791249462,340845.808152,0.09540703199239786,-2.0
2019-05-11 00:00:00,172.92,205.23,172.92,190.2,885292.38389,1557532800,172.86999999999998,166.73080000000002,146.0720202020202,70.61731788327239,4.372411719988207,2.5009477064186907,1.8714640135695166,370937.905375,0.22622654890077998,-2.0
2019-05-12 00:00:00,190.2,204.32,181.0,188.11,823372.28148,1557619200,176.45000000000002,167.6252,146.85676767676767,68.13838717867097,5.4021209536782635,3.081182355870605,2.3209385978076584,398613.099511,0.16239263424581352,-2.0
2019-05-13 00:00:00,188.07,206.87,185.32,195.84,669265.46524,1557705600,179.71285714285713,168.52560000000003,147.75050505050504,72.04681706922335,6.76394874698326,3.817735634093136,2.946213112890124,413900.2055075,0.22254822398401908,-2.0
2019-05-14 00:00:00,195.83,219.81,194.19,216.4,864211.00603,1557792000,186.45857142857145,170.27599999999998,148.84868686868685,79.31490768609125,9.393939767413286,4.932976460757166,4.4609633066561205,435785.90373250004,0.3373709906680675,-2.0
2019-05-15 00:00:00,216.4,250.27,216.21,248.1,574697.29927,1557878400,197.49428571428572,173.2848,150.27121212121213,85.55235573792272,13.876195526811017,6.721620273967936,7.154575252843081,443387.9170765,0.47625847911460184,-2.0
2019-05-16 00:00:00,248.06,279.76,241.76,264.25,1733360.8936,1557964800,210.82999999999998,177.1112,151.88484848484848,87.6032986208202,18.518120175606242,9.080920254295599,9.437199921310643,505038.16861500003,0.6142333536957851,-2.0
2019-05-17 00:00:00,264.35,268.74,223.43,244.3,1529892.56898,1558051200,221.02857142857144,180.06239999999997,153.29717171717172,73.68757358092931,20.35247002664974,11.335230208766427,9.017239817883313,570736.8651429999,0.49831340079730135,-2.0
2019-05-18 00:00:00,244.31,248.0,230.62,233.6,673218.09982,1558137600,227.22857142857146,182.64,154.45222222222222,67.49485154328707,20.7041404794428,13.209012262901702,7.495128216541097,596748.9550435,0.35028901734104045,-2.0
2019-05-19 00:00:00,233.57,264.0,231.77,259.51,823859.06342,1558224000,237.42857142857142,186.42919999999998,155.86959595959596,73.33801603602825,22.810615729016348,15.129332956124632,7.681282772891716,625762.3107655,0.5339283603262797,-2.0
2019-05-20 00:00:00,259.37,259.49,238.0,250.37,666889.82241,1558310400,245.21857142857144,190.2552,157.13474747474748,68.64989008498844,23.471921229633608,16.79785061082643,6.674070618807178,643853.9895595,0.4654375182908985,-2.0
2019-05-21 00:00:00,250.48,262.0,246.06,253.43,580249.69753,1558396800,250.50857142857143,194.0744,158.47353535353537,69.35616398520057,23.966654357129954,18.231611360087136,5.735042997042818,663240.5930545001,0.4829139847864248,-2.0
2019-05-22 00:00:00,253.35,260.18,239.63,243.64,592848.95605,1558483200,249.87142857142857,197.4476,159.69808080808082,64.36043351635331,23.30017285465979,19.245323659001667,4.054849195658125,678407.0898445001,0.40905673471748294,-2.0
2019-05-23 00:00:00,243.68,247.34,231.1,244.56,600193.89368,1558569600,247.0585714285714,200.916,160.93747474747474,64.61835161323137,22.585862015349477,19.91343133027123,2.672430685078247,687598.908467,0.2858044164037856,-2.0
2019-05-24 00:00:00,244.63,254.35,241.54,248.87,447066.92596,1558656000,247.71142857142857,204.66640000000004,162.2349494949495,65.86466621421101,22.11264569377755,20.353274202972496,1.759371490805055,694305.8255905,0.32300249853808927,-2.0
2019-05-25 00:00:00,248.84,257.33,247.22,250.22,332544.38731,1558742400,250.08571428571426,208.20199999999997,163.53343434343435,66.26550069267441,21.597588510850528,20.602137064548103,0.9954514463024253,702131.5897335,0.2776756535947713,-2.0
2019-05-26 00:00:00,250.17,269.4,245.11,264.45,450090.22324,1558828800,250.79142857142855,212.37239999999997,164.96555555555557,70.23328166281954,22.083084011282608,20.898326453895002,1.1847575573876057,699309.6937565,0.22204251386321627,-2.0
2019-05-27 00:00:00,264.35,279.59,260.0,270.53,635463.50204,1558915200,253.67142857142855,216.72119999999998,166.3471717171717,71.76154340138338,22.696813146820176,21.25802379248004,1.4387893543401375,694458.024928,0.09040709391374446,-2.0
2019-05-28 00:00:00,270.7,275.95,264.45,271.03,409443.69364,1559001600,256.18571428571425,220.84,167.61323232323232,71.88936040076217,22.958887960739133,21.59819662613186,1.3606913346072744,700108.394918,0.025657521286660323,-2.0
2019-05-29 00:00:00,271.08,274.04,260.05,268.83,383412.45769,1559088000,259.7842857142857,225.0452,168.879797979798,70.37985936217817,22.727078906564685,21.823973082218423,0.9031058243462624,705045.8180745,0.10040933278755615,-2.0
2019-05-30 00:00:00,268.92,288.62,240.14,254.56,1066279.49387,1559174400,261.2128571428571,228.7056,169.95171717171718,61.377362219812255,21.14811649766372,21.68880176530748,-0.5406852676437595,737082.6057574999,0.08972602739726021,-2.0
2019-05-31 00:00:00,254.59,268.72,245.21,267.9,602153.87244,1559260800,263.93142857142857,232.5016,171.18616161616163,65.78357772499268,20.73419305481923,21.497880023209834,-0.7636869683906049,722925.6801850001,0.032330160687449316,-2.0
2019-06-01 00:00:00,267.9,275.5,260.68,264.33,455676.98613,1559347200,265.94714285714286,236.30759999999998,172.36767676767676,63.6895190678664,19.888820636011474,21.176068145770163,-1.2872475097586893,704540.9154175001,0.05575747893118166,-2.0
2019-06-02 00:00:00,264.33,273.2,263.2,268.88,301536.15062,1559433600,266.58,240.2288,173.489797979798,65.20957292962757,19.362801554199024,20.813414827455937,-1.4506132732569128,686154.4496865,0.06096357968669852,-2.0
2019-06-03 00:00:00,268.87,270.0,248.0,249.91,397360.65275,1559520000,263.6342857142857,243.3892,174.67979797979797,54.89201798268184,17.21674328150607,20.094080518265965,-2.877337236759896,662811.9320225001,0.025734690527007054,-2.0
2019-06-04 00:00:00,250.02,251.67,234.39,241.39,633822.71246,1559606400,259.4,246.1284,175.72545454545454,50.989848707095916,14.659498272626905,19.007164069138152,-4.347665796511247,665768.202682,-0.01296205430160291,-2.0
2019-06-05 00:00:00,241.46,250.41,237.37,245.63,335953.37927,1559692800,256.0857142857143,248.34560000000002,176.83060606060604,52.788534622327866,12.827132544614727,17.771157764233468,-4.944025219618741,595897.8269654999,-0.013018845180214567,-2.0
2019-06-06 00:00:00,245.62,250.66,235.01,248.76,297579.14734,1559779200,255.25714285714284,250.77159999999995,177.97949494949492,54.12694746564318,11.49502683127622,16.51593157764202,-5.020904746365801,534282.1558835001,-0.005834865318519733,-2.0
2019-06-07 00:00:00,248.77,253.28,243.46,248.77,353378.6568,1559865600,252.52428571428572,252.8888,179.1252525252525,54.13142148894909,10.321154527876843,15.276976167688986,-4.955821639812143,518290.1837325,-0.05929287199848732,-2.0
2019-06-08 00:00:00,248.78,250.53,240.37,243.25,188448.27748,1559952000,249.51285714285714,253.9628,180.21545454545452,51.1649710588643,8.843492130308931,13.990279360212977,-5.146787229904046,486519.64443549997,-0.1008390936310205,-2.0
2019-06-09 00:00:00,243.33,244.53,226.56,230.98,316931.85638,1560038400,244.09857142857143,253.278,181.20959595959596,45.23137929015319,6.606195469760763,12.513462582122536,-5.907267112361772,469021.746134,-0.14776961959930635,-2.0
2019-06-10 00:00:00,231.02,247.45,227.03,246.51,314662.52637,1560124800,243.61285714285714,252.5684,182.38040404040404,52.707090857750316,6.016903835772752,11.21415083285258,-5.197246997079828,455742.387576,-0.08302644794107794,-2.0
2019-06-11 00:00:00,246.61,247.8,236.49,244.29,237508.42798,1560211200,244.02714285714288,252.56799999999998,183.57878787878792,51.62235316173402,5.309545389363052,10.033229744154674,-4.723684354791622,437975.36117249995,-0.040344123192960435,-2.0
2019-06-12 00:00:00,244.36,261.87,242.2,261.15,336499.3016,1560297600,246.24428571428572,253.67,184.83565656565656,58.59225340909831,6.039796801556463,9.234543155635032,-3.1947463540785694,424790.6315685,-0.02519596864501683,-2.0
2019-06-13 00:00:00,261.13,262.98,253.69,254.67,291757.21635,1560384000,247.0885714285714,253.47639999999996,186.02020202020202,55.294874767543945,6.02617842875577,8.59287021025918,-2.56669178150341,417025.146088,-0.0365452275564635,-2.0
2019-06-14 00:00:00,254.67,264.26,251.75,262.47,327383.28236,1560470400,249.04571428571427,253.96039999999996,187.28949494949495,58.33443122515629,6.569056587629802,8.188107485733305,-1.6190508981035023,416767.0908405,-0.023839631062183786,-2.0
2019-06-15 00:00:00,262.48,272.27,260.61,267.82,286594.98029,1560556800,252.55571428571426,254.53599999999997,188.6460606060606,60.32690600366045,7.346308061532483,8.01974760089314,-0.6734395393606576,408592.328693,0.07166579968788755,-2.0
2019-06-16 00:00:00,267.78,277.06,263.31,267.73,458176.54236,1560643200,257.80571428571426,255.4996,189.96383838383838,60.27468756327412,7.8643676714387425,7.988671615002262,-0.12430394356351915,399727.98070899997,0.10911802477318866,-2.0
2019-06-17 00:00:00,267.73,276.0,266.81,273.16,339277.66707,1560729600,261.61285714285714,256.6436,191.3556565656566,62.38992464551856,8.613794799753492,8.113696251952508,0.5000985478009845,396219.6793805,0.11207914342710601,-2.0
2019-06-18 00:00:00,273.14,273.58,261.45,264.66,319941.55156,1560816000,264.52285714285716,257.2752,192.6888888888889,57.25093119341575,8.424727224504323,8.175902446462871,0.24882477804145253,393046.134074,0.06391702846116742,-2.0
2019-06-19 00:00:00,264.68,270.0,263.59,268.14,208375.68381,1560902400,265.5214285714286,257.992,194.04818181818183,58.74903769596405,8.458195908004228,8.232361138771143,0.2258347692330851,350150.943571,0.07786308638501427,-2.0
2019-06-20 00:00:00,268.16,273.63,265.71,271.22,200717.7737,1560988800,267.8857142857143,258.2628,195.45797979797976,60.082365641637516,8.633726119771865,8.312634134971288,0.3210919848005762,330079.13863400003,0.1149845837615624,-2.0
2019-06-21 00:00:00,271.27,295.94,271.22,294.35,519818.06907,1561075200,272.44,259.2156,197.0958585858586,68.35460387906993,10.517987953837462,8.753704898744523,1.764283055092939,333286.19278100005,0.2743527578145295,-2.0
2019-06-22 00:00:00,294.25,314.39,289.69,310.79,726254.67061,1561161600,278.5785714285715,260.806,198.8557575757576,72.68708909615145,13.18585135142348,9.640134189280314,3.5457171621431662,354522.11878049996,0.26076021256744153,-2.0
2019-06-23 00:00:00,310.7,321.7,305.58,308.52,418812.02747,1561248000,284.4057142857143,262.3936,200.54868686868687,71.23684875962523,14.944708983704004,10.701049148165051,4.243659835538953,355594.6875165,0.2629252118383887,-2.0
2019-06-24 00:00:00,308.42,314.41,298.0,311.64,352791.26964,1561334400,289.90285714285716,264.6768,202.29585858585858,72.06192227154692,16.401310160177843,11.84110135056761,4.5602088096102324,341543.11537550006,0.19333716255025846,-2.0
2019-06-25 00:00:00,311.65,318.99,307.0,318.26,345559.65047,1561420800,297.56,266.6912,204.12080808080808,73.78049808710503,17.883703558723653,13.04962179219882,4.834081766524832,342023.4289355,0.24969568461145797,-2.0
2019-06-26 00:00:00,318.29,366.8,315.57,339.39,1008551.28721,1561507200,307.73857142857145,269.6936,206.14949494949494,78.35684496813113,20.526904044094636,14.545078242577986,5.981825801516649,377572.035929,0.2930620642359125,-2.0
2019-06-27 00:00:00,339.53,347.0,280.01,298.35,1016826.449,1561593600,311.61428571428576,270.87239999999997,207.75898989898994,57.40095338480971,19.090016628996693,15.454065919861728,3.635950709134965,410744.425539,0.11399447390038087,-2.0
2019-06-28 00:00:00,298.35,313.58,295.22,311.05,529174.47722,1561680000,314.0,273.318,209.53878787878787,60.886986675882106,18.759805501737787,16.11521383623694,2.6445916655008475,427780.73552600003,0.16180480334665526,-2.0
2019-06-29 00:00:00,310.95,324.74,295.18,317.62,425555.16264,1561766400,314.9757142857143,276.36719999999997,211.37353535353535,62.59243070845359,18.81140868691392,16.654452806372337,2.1569558805415845,433211.900839,0.16276175135451743,-2.0
2019-06-30 00:00:00,317.64,323.5,290.12,292.7,489028.56835,1561852800,312.71571428571434,278.25,212.94343434343435,53.12961806394485,16.64954327715833,16.653470900529534,-0.003927623371204447,441930.20293800003,0.10594725307942254,-2.0
2019-07-01 00:00:00,292.89,303.49,280.13,295.07,489769.27421,1561939200,310.34857142857146,280.1024,214.54929292929293,53.844293440708675,14.955095525615832,16.313795825546794,-1.3587002999309625,454543.2452494999,0.10043260983068558,-2.0
2019-07-02 00:00:00,295.03,297.57,272.65,291.48,493772.96579,1562025600,306.5228571428571,281.8108,216.14020202020203,52.53748951904704,13.170726540497185,15.685181968536874,-2.514455428039689,462406.92845899996,0.07469950593614039,-2.0
2019-07-03 00:00:00,291.47,302.89,285.0,301.14,370521.96637,1562112000,301.0585714285714,284.1264,217.82666666666668,55.65617286084108,12.393221192720489,15.026789813373597,-2.633568620653108,466345.16596,0.023067776456599187,-2.0
2019-07-04 00:00:00,301.11,302.74,280.53,282.73,270791.36878,1562198400,298.82714285714286,286.19640000000004,219.27393939393937,49.04234149999709,10.174227302664974,14.056277311231874,-3.8820500085668996,463515.57028100005,-0.09028604523955086,-2.0
2019-07-05 00:00:00,282.86,294.89,280.78,287.47,261139.28341,1562284800,295.4585714285714,287.8348,220.7851515151515,50.66781308788415,8.697873373958657,12.984596523777231,-4.286723149818574,462242.785437,-0.06822896408660684,-2.0
2019-07-06 00:00:00,287.32,296.71,285.28,288.29,196064.64705,1562371200,291.2685714285714,289.5948,222.250202020202,50.95925177412829,7.50747786430037,11.88917279188186,-4.38169492758149,449137.19067149993,-0.07492619689385183,-2.0
2019-07-07 00:00:00,288.29,309.69,284.25,304.72,246111.36595,1562457600,292.9857142857143,291.3376,223.88919191919194,56.5039175183577,7.799931777083145,11.071324588922119,-3.2713928118389735,444478.87561550003,-0.042543832086972766,-2.0
2019-07-08 00:00:00,304.72,313.74,300.78,311.97,289607.34177,1562544000,295.40000000000003,293.62960000000004,225.61232323232323,58.721730354295524,8.51852180245902,10.5607640316295,-2.04224222917048,442962.16512599995,-0.0807920091929637,-2.0
2019-07-09 00:00:00,311.96,318.19,302.69,307.46,309447.34927,1562630400,297.6828571428572,295.42920000000004,227.2913131313131,56.782141259736115,8.624670434278187,10.173545312159238,-1.548874877881051,448015.74839900003,0.030534607005195058,-2.0
2019-07-10 00:00:00,307.46,314.18,281.04,289.23,457080.94063,1562716800,295.9814285714286,296.2856,228.56323232323234,49.64418209290147,7.1553034599567695,9.569896941718744,-2.4145934817619743,460833.90674550005,-0.07014949365053846,-2.0
2019-07-11 00:00:00,289.23,289.23,262.12,268.63,501592.75211,1562803200,293.96714285714285,296.3216,229.6609090909091,43.05737324408183,4.279243255460358,8.511766204467067,-4.232522949006709,459922.6408975,-0.1542409168188401,-2.0
2019-07-12 00:00:00,268.67,278.99,266.21,274.62,266734.54213,1562889600,292.13142857142856,296.38,230.84535353535355,45.32885450954279,2.454988186348203,7.3004106008432945,-4.845422414495092,436946.6344735,-0.06176973009907749,-2.0
2019-07-13 00:00:00,274.53,275.04,262.2,268.79,205959.26849,1562976000,289.3457142857143,296.5452,231.8960606060606,43.50964138105012,0.532680218396024,5.94686452435384,-5.414184305957816,426303.9965245,-0.08906361202426538,-2.0
2019-07-14 00:00:00,268.8,269.74,222.81,225.85,540052.58421,1563062400,278.0785714285714,294.85360000000003,232.50565656565658,33.003430929581995,-4.404885058129423,3.876514607857187,-8.28139966598661,435667.06225300004,-0.22516124605461785,-2.0
2019-07-15 00:00:00,225.83,235.58,203.08,228.2,715991.20688,1563148800,266.1114285714286,293.1328,233.05101010101012,33.94351471053757,-8.035685373833076,1.4940746115191346,-9.52975998535221,454188.6400735,-0.24221292422129248,-2.0
2019-07-16 00:00:00,228.2,234.5,192.25,198.88,715604.83198,1563235200,250.6,289.314,233.25464646464647,28.559091662688218,-13.127672112645541,-1.4302747333138008,-11.69739737933174,439541.317312,-0.2965727018710431,-2.0
2019-07-17 00:00:00,198.94,219.86,191.84,210.81,694854.10132,1563321600,239.39714285714285,285.31480000000005,233.62040404040405,33.20216869081575,-16.015836399605206,-4.347387066572082,-11.668449333033124,423442.699928,-0.26667130483180856,-2.0
2019-07-18 00:00:00,210.8,229.65,205.71,225.73,609081.49094,1563408000,233.26857142857145,282.0032,234.11141414141412,38.578572605545396,-16.905927092811766,-6.859095071820019,-10.046832020991747,427438.050614,-0.21700371154046283,-2.0
2019-07-19 00:00:00,225.75,226.23,212.52,220.73,371622.21865,1563494400,225.57,278.3668,234.68373737373736,37.48957747873427,-17.80949185708681,-9.049174428873378,-8.760317428213433,424741.40341450006,-0.2756300866369127,-2.0
2019-07-20 00:00:00,220.84,235.09,219.78,228.2,325393.97225,1563580800,219.77142857142854,274.7644,235.34040404040405,40.20525430005427,-17.718558360640344,-10.783051215226772,-6.935507145413572,416559.6736095,-0.26851940891752424,-2.0
2019-07-21 00:00:00,228.25,229.66,216.99,225.38,270046.1519,1563667200,219.70428571428573,270.204,235.97060606060606,39.507474947559935,-17.67035054022631,-12.16051108022668,-5.509839459999629,405573.51749399997,-0.2669615559747609,-2.0
2019-07-22 00:00:00,225.49,228.34,212.25,217.51,271310.40446,1563753600,218.17714285714285,266.9704,236.47848484848484,37.54888871801792,-18.05901563203608,-13.34021199058856,-4.7188036414475185,394450.38942749996,-0.2479687445977251,-2.0
2019-07-23 00:00:00,217.59,219.55,208.36,212.48,317876.48242,1563840000,220.11999999999998,263.0276,237.0090909090909,36.309902591934396,-18.558978132661565,-14.383965219003162,-4.175012913658403,391818.11523,-0.20902356400997657,-2.0
2019-07-24 00:00:00,212.55,218.28,202.0,216.31,331162.6484,1563926400,220.90571428571428,258.97520000000003,237.52363636363637,37.98778707135352,-18.433661252722402,-15.19390442574701,-3.239756826975391,394836.67921100004,-0.2123297647658583,-2.0
2019-07-25 00:00:00,216.31,225.12,215.23,219.14,280370.29627,1564012800,219.96428571428572,256.0328,238.06292929292928,39.26108352323635,-17.89965331256809,-15.735054203111227,-2.164599109456864,395798.229854,-0.18471669332936502,-2.0
2019-07-26 00:00:00,219.14,220.0,212.71,218.81,197781.98653,1564099200,219.69,252.9824,238.52232323232326,39.160109795955556,-17.303611156463546,-16.04876559378169,-1.2548455626818544,395884.09682800004,-0.031171131281824138,-2.0
2019-07-27 00:00:00,218.81,223.3,203.0,207.3,301209.41113,1564185600,216.70428571428573,249.61520000000002,238.87242424242424,35.71036865851002,-17.557611049470353,-16.350534684919424,-1.2070763645509288,398638.99908700003,-0.09158632778264675,-2.0
2019-07-28 00:00:00,207.3,213.52,198.24,211.62,218801.16693,1564272000,214.73857142857145,246.03440000000003,239.26373737373737,37.92082356724756,-17.211911694424742,-16.52281008682049,-0.689101607604254,395098.690345,0.0640587288817378,-2.0
2019-07-29 00:00:00,211.58,215.83,206.59,210.89,226941.28,1564358400,213.79285714285714,243.1608,239.6910101010101,37.68502922629773,-16.80315109780014,-16.57887828901642,-0.22427280878372002,390973.3868815,0.0003794886390589003,-2.0
2019-07-30 00:00:00,210.84,214.36,204.4,209.58,222683.79393,1564444800,213.3785714285714,240.0452,240.08555555555557,37.23755309834433,-16.39590959220763,-16.542284549654664,0.14637495744703344,379253.5295465,-0.07154565188499529,-2.0
2019-07-31 00:00:00,209.57,218.79,209.2,218.42,207213.55658,1564531200,213.68,237.2504,240.5831313131313,42.22318557531901,-15.18481257680375,-16.270790155084484,1.0859775782807333,364534.56977,-0.01046527431703892,-2.0
2019-08-01 00:00:00,218.42,219.39,210.54,216.84,186806.18844,1564617600,213.35142857142856,233.7352,241.10898989898988,41.58731204028138,-14.188940982663325,-15.854420320600253,1.6654793379369277,360538.15208549995,-0.049780893952673044,-2.0
2019-08-02 00:00:00,216.8,222.18,214.31,217.61,206867.03039,1564704000,213.18,229.96079999999998,241.74424242424243,42.045376047269265,-13.185577870642618,-15.320651830608726,2.1350739599661086,360583.5401805,-0.034475108705297686,-2.0
2019-08-03 00:00:00,217.69,224.51,216.62,222.14,181591.95296,1564790400,215.29999999999998,226.548,242.39262626262627,44.788471420767515,-11.887836653297143,-14.634088795146411,2.7462521418492685,342660.508618,0.021286377637809828,-2.0
2019-08-04 00:00:00,222.14,223.34,216.9,221.79,135622.0258,1564876800,216.75285714285715,223.8504,243.02373737373736,44.612773523137164,-10.76353414223388,-13.859977864563906,3.096443722330026,313642.049564,0.04381588855421681,-2.0
2019-08-05 00:00:00,221.79,236.25,221.79,233.54,307956.27211,1564963200,219.98857142857145,222.4468,243.78828282828283,51.49239664484031,-8.822687056446597,-12.852519702940445,4.029832646493848,293259.6215705,0.07965419999075407,-2.0
2019-08-06 00:00:00,233.53,239.15,223.03,226.28,341279.08159,1565049600,222.37428571428572,220.51319999999998,244.5071717171717,47.56148006483306,-7.780682222209293,-11.838152206794216,4.057469984584923,275580.870584,0.032581911107054884,-2.0
2019-08-07 00:00:00,226.31,231.25,220.95,226.1,279104.7037,1565136000,223.47142857142856,218.80560000000003,245.15636363636364,47.46473199211927,-6.889986899405642,-10.848519145316502,3.9585322459108596,259082.03122200002,0.03331657602486171,-2.0
2019-08-08 00:00:00,226.11,228.5,215.51,221.39,236886.35423,1565222400,224.1214285714286,218.62720000000002,245.77454545454546,44.891470738155064,-6.489356810036327,-9.976686678260467,3.4873298682241405,252345.238001,0.06796912686927148,-2.0
2019-08-09 00:00:00,221.38,221.79,207.3,210.53,232062.12757,1565308800,223.10999999999999,217.9204,246.26666666666668,39.56523700416197,-6.967844839048553,-9.374918310418085,2.4070734713695323,247678.64576699998,-0.005150741895851074,-2.0
2019-08-10 00:00:00,210.52,215.0,202.6,206.48,252614.02389,1565395200,220.87285714285716,218.22439999999997,246.65474747474747,37.76568803348228,-7.586399906348163,-9.017214629604101,1.4308147232559385,246807.03936650004,-0.020911375598653303,-2.0
2019-08-11 00:00:00,206.48,216.94,206.14,216.42,188474.09048,1565481600,220.1057142857143,218.44879999999998,247.18727272727273,44.44441469978413,-7.191633649601727,-8.652098433603626,1.4604647840018998,242665.22366750002,0.03263670197537927,-2.0
2019-08-12 00:00:00,216.41,216.81,209.75,211.41,122760.94619,1565568000,216.9442857142857,217.87599999999998,247.6757575757576,41.998008869376854,-7.200046027938839,-8.36168795247067,1.1616419245318301,232909.446856,-0.03209413057412325,-2.0
2019-08-13 00:00:00,211.58,214.3,204.0,209.3,166922.48201,1565654400,214.51857142857142,217.41879999999998,248.04242424242426,40.97504530111635,-7.292904204380335,-8.147931202852604,0.8550269984722689,224697.4385365,-0.03477218225419665,-2.0
2019-08-14 00:00:00,209.31,209.9,183.49,187.1,325228.98931,1565740800,208.94714285714286,215.7748,248.22343434343432,32.11246293110351,-9.05348648843696,-8.329042259969475,-0.724444228467485,226940.3731885,-0.1402049538164607,-2.0
2019-08-15 00:00:00,187.08,189.95,181.23,188.03,237953.09426,1565827200,204.18142857142857,214.28079999999997,248.39696969696973,32.76849988184357,-10.255498403427936,-8.714333488661167,-1.5411649147667692,228948.92857499997,-0.1535518141712433,-2.0
2019-08-16 00:00:00,187.98,188.39,178.04,184.88,282177.01584,1565913600,200.51714285714283,212.97560000000001,248.5381818181818,31.652762072804563,-11.331655904877522,-9.237797971904438,-2.0938579329730835,227997.30881050002,-0.16641868434104334,-2.0
2019-08-17 00:00:00,184.83,187.0,181.83,185.59,138799.61508,1566000000,197.53285714285715,211.9,248.6662626262626,32.21301532255278,-11.989025390003206,-9.788043455524193,-2.200981934479014,223997.23121800003,-0.20531814678427673,-2.0
2019-08-18 00:00:00,185.67,197.91,183.35,194.33,175363.5062,1566086400,194.37714285714287,211.0208,248.7079797979798,38.857266389053486,-11.670223415215617,-10.164479447462478,-1.5057439677531388,221418.342528,-0.1411967473926109,-2.0
2019-08-19 00:00:00,194.32,203.59,192.7,202.28,239541.5978,1566172800,193.07285714285715,210.3464,248.8511111111111,44.2136091848114,-10.65326775502345,-10.262237108974672,-0.3910306460487778,222261.2327215,-0.10535161432994244,-2.0
2019-08-20 00:00:00,202.24,202.75,194.45,196.6,189297.75494,1566259200,191.25857142857143,209.458,248.85878787878784,41.42160343343364,-10.188208274758665,-10.24743134213147,0.05922306737280536,221365.4426395,-0.11197434391797279,-2.0
2019-08-21 00:00:00,196.55,197.2,179.53,187.45,284973.64194,1566345600,191.30857142857144,208.66400000000002,248.56636363636363,37.33184856824494,-10.437655026405821,-10.28547607898634,-0.1521789474194808,226273.81531450004,-0.10962808150857362,-2.0
2019-08-22 00:00:00,187.45,195.14,182.8,190.35,245575.98772,1566432000,191.64000000000001,207.8132,247.9830303030303,39.37492333159873,-10.282803848620489,-10.28494163291317,0.0021377842926817436,228209.26318100002,-0.07811894614490511,-2.0
2019-08-23 00:00:00,190.36,196.19,188.16,194.02,192548.51552,1566518400,192.9457142857143,207.1384,247.27363636363637,41.95398959310216,-9.751535218177622,-10.178260349966061,0.42672513178843907,228757.09130899998,-0.10350244894187222,-2.0
2019-08-24 00:00:00,194.02,194.09,185.63,190.6,167806.34294,1566604800,193.6614285714286,206.37920000000003,246.7312121212121,40.2361927340079,-9.496991018050835,-10.042006483583016,0.545015465532181,230366.30716599998,-0.0984343219336834,-2.0
2019-08-25 00:00:00,190.6,192.4,182.8,186.54,169862.91522,1566691200,192.54857142857142,205.104,246.2558585858586,38.234757727098625,-9.513208627432363,-9.936246912352885,0.42303828492052276,223461.63932149997,-0.10874343048256097,-2.0
2019-08-26 00:00:00,186.54,193.7,186.0,188.67,254397.79472,1566777600,190.6042857142857,203.9772,245.54030303030302,39.92313737992716,-9.247587567803322,-9.798515043442974,0.5509274756396518,219117.57497800002,0.008391234633885691,-2.0
2019-08-27 00:00:00,188.61,189.49,184.75,187.24,157898.563,1566864000,189.2671428571429,202.7624,244.90262626262626,39.14940242875693,-9.048168360768528,-9.648445706908085,0.6002773461395563,213057.267943,-0.004201457214274229,-2.0
2019-08-28 00:00:00,187.3,188.25,166.48,173.03,334480.61761,1566950400,187.20714285714286,200.798,244.09050505050504,32.42453108570426,-9.922376465105742,-9.703231858547618,-0.21914460655812462,217936.98111199998,-0.06409562959757675,-2.0
2019-08-29 00:00:00,173.03,173.5,163.61,169.01,295241.216,1567036800,184.1585714285714,198.6868,243.33666666666664,30.81204482764946,-10.814905589984136,-9.925566604834922,-0.8893389851492142,221095.9355335,-0.0893367099520449,-2.0
2019-08-30 00:00:00,169.03,170.77,165.55,168.5,238616.68868,1567123200,180.51285714285714,196.08520000000001,242.5683838383838,30.60410826805365,-11.431617518706673,-10.226776787609273,-1.2048407310974003,220396.06877299998,-0.13291823187361707,-2.0
2019-08-31 00:00:00,168.48,174.98,165.63,171.57,194999.19583,1567209600,177.7942857142857,193.8968,241.78757575757578,33.51282286388768,-11.539621251823121,-10.489345680452043,-1.0502755713710776,220722.32404050004,-0.15181926043108562,-2.0
2019-09-01 00:00:00,171.52,173.42,167.61,170.74,191140.52368,1567296000,175.53714285714287,191.68239999999997,240.98474747474745,33.108773118454124,-11.558944732164264,-10.70326549079449,-0.8556792413697742,224141.30291499998,-0.13153611393692766,-2.0
2019-09-02 00:00:00,170.73,181.0,170.02,178.05,294627.31247,1567382400,174.01999999999998,189.94879999999998,240.1120202020202,39.973039765800266,-10.859224442036492,-10.73445728104289,-0.12476716099360274,230526.544438,-0.05014670578821012,-2.0
2019-09-03 00:00:00,178.0,183.0,174.09,178.75,327857.85447,1567468800,172.80714285714285,188.67759999999998,239.18494949494948,40.60162603024465,-10.131418238180999,-10.613849472470513,0.48243123428951407,230657.987696,-0.060940372997110526,-2.0
2019-09-04 00:00:00,178.79,180.14,173.0,174.72,286226.25171,1567555200,173.04857142857142,187.40720000000002,238.21212121212122,38.126286742435155,-9.767223426178191,-10.444524263212049,0.677300837033858,233071.64556849998,-0.09947428100195865,-2.0
2019-09-05 00:00:00,174.7,176.19,168.1,173.75,232753.83596,1567641600,173.72571428571428,185.7004,237.25171717171716,37.53314614605397,-9.447957138413273,-10.245210838252294,0.7972536998390218,230600.4865745,-0.08840503672612798,-2.0
2019-09-06 00:00:00,173.74,177.87,165.0,169.08,315822.37984,1567728000,173.80857142857144,184.0072,236.38828282828285,34.731659814049266,-9.462686318786467,-10.08870593435913,0.6260196155726625,239451.6248125,-0.09359922804760368,-2.0
2019-09-07 00:00:00,169.11,180.8,168.3,177.62,253831.23169,1567814400,174.67285714285714,182.74,235.47636363636363,43.09617328212254,-8.68513583253997,-9.807991913995298,1.1228560814553283,243375.011087,-0.058567869825621344,-2.0
2019-09-08 00:00:00,177.58,184.18,176.13,181.19,290083.47501,1567900800,176.1657142857143,182.5036,234.63656565656566,46.200121314320384,-7.692181624426183,-9.384829856081476,1.6926482316552924,245902.1049475,-0.03231147190771211,-2.0
2019-09-09 00:00:00,181.18,185.38,176.01,180.54,273729.94868,1567987200,176.52142857142857,182.204,233.74424242424243,45.71121509930444,-6.878417710668373,-8.883547426998856,2.005129716330483,250123.71463449998,0.04340287811362176,-2.0
2019-09-10 00:00:00,180.52,184.36,177.0,179.81,238387.50999,1568073600,176.67285714285714,182.00119999999998,233.03616161616162,45.13355000808305,-6.220700482388963,-8.350978038076878,2.1302775556879148,247794.40803700002,0.06390154428732031,-2.0
2019-09-11 00:00:00,179.87,182.8,173.0,178.28,278555.46708,1568160000,177.18142857142857,181.70879999999997,232.3986868686869,43.88187442033976,-5.756555070120015,-7.832093444485506,2.0755383743654905,249443.38200500002,0.05804154302670628,-2.0
2019-09-12 00:00:00,178.3,182.38,176.62,180.72,203543.13663,1568246400,178.17714285714285,181.1644,231.7430303030303,46.43322908116942,-5.13266273777117,-7.292207303142639,2.159544565371469,249993.11306049995,0.053331001923413224,-2.0
2019-09-13 00:00:00,180.71,181.38,177.54,180.95,264422.54059,1568332800,179.87285714285713,180.31119999999999,231.0580808080808,46.67931461999254,-4.567018742480542,-6.74716959101022,2.180150848529678,254823.92294299998,0.05979852407168784,-2.0
2019-09-14 00:00:00,180.96,188.79,179.75,188.13,279371.83423,1568419200,181.3742857142857,179.9724,230.44555555555556,53.81268300275602,-3.499041039703201,-6.097543880748816,2.5985028410456152,260299.3688935,0.05661331086773358,-2.0
2019-09-15 00:00:00,188.14,190.45,185.76,189.03,288928.60827,1568505600,182.49428571428572,180.03560000000002,229.8978787878788,54.63199879092952,-2.5506363889266197,-5.388162382384378,2.837525993457758,262025.909571,0.057510489510489426,-2.0
2019-09-16 00:00:00,189.05,199.44,188.3,197.22,551006.81686,1568592000,184.87714285714284,180.31040000000002,229.5568686868687,61.35084456873675,-1.125183897418765,-4.535566685391256,3.410382787972491,281681.32226399996,0.12877747252747263,-2.0
2019-09-17 00:00:00,197.23,215.13,195.74,207.84,715863.2262,1568678400,188.8814285714286,180.8632,229.1662626262626,67.9741020725578,0.8516257058699637,-3.4581282071390125,4.309753913008976,300750.4526935,0.19620143884892083,-2.0
2019-09-18 00:00:00,207.85,217.27,207.66,210.21,539028.51013,1568764800,193.44285714285715,181.64759999999998,228.82202020202018,69.24091799884948,2.579762851399636,-2.250549995431283,4.830312846830919,312939.8174,0.24325762952448549,-2.0
2019-09-19 00:00:00,210.27,223.94,202.3,220.24,844358.82155,1568851200,199.08857142857144,182.99559999999997,228.40878787878788,73.93918288453442,4.7044314087075065,-0.8595537146035253,5.563985123311031,343226.9240435,0.2399504560297263,-2.0
2019-09-20 00:00:00,220.26,221.54,212.05,218.03,437804.12669,1568937600,204.3857142857143,184.17,228.03868686868685,71.3530393244618,6.139149721028957,0.5401869725229713,5.598962748505986,355367.17058649997,0.20332247916551682,-2.0
2019-09-21 00:00:00,218.01,221.5,213.2,215.05,417891.5242,1569024000,208.23142857142858,185.28239999999997,227.55969696969697,67.90412191876973,6.955534156938597,1.8232564094060966,5.132277747532501,366704.7206125,0.1911487758945387,-2.0
2019-09-22 00:00:00,215.04,215.61,206.1,211.2,445388.94787,1569110400,211.39857142857142,186.80920000000003,226.98777777777778,63.62525294465946,7.20876373884002,2.9003578752928814,4.308405863547138,374242.8023825,0.17457316055836714,-2.0
2019-09-23 00:00:00,211.2,211.68,198.65,201.29,392437.07084,1569196800,211.98000000000002,188.1004,226.3166666666667,54.1641384509842,6.534470519659209,3.627180404166147,2.907290115493062,377471.763201,0.1290666367511779,-2.0
2019-09-24 00:00:00,201.25,202.98,150.03,165.81,1478218.82714,1569283200,205.97571428571428,187.9928,225.23232323232324,34.42635271195152,3.101397820646781,3.522023887462274,-0.42062606681549264,437071.3919725,-0.08250332005312078,-2.0
2019-09-25 00:00:00,165.72,174.85,161.88,169.96,879001.46213,1569369600,200.22571428571428,187.9284,224.27575757575758,37.30424095059755,0.7073790642052131,2.959094922810862,-2.2517158586056487,469383.773281,-0.06073500967117973,-2.0
2019-09-26 00:00:00,169.96,171.01,152.11,165.92,779942.17148,1569456000,192.46571428571428,187.7356,223.2432323232323,35.663332114272194,-1.4986171588097932,2.067552506486731,-3.566169665296524,492589.7628629999,-0.11805666294583539,-2.0
2019-09-27 00:00:00,165.92,176.72,161.03,173.79,634932.96707,1569542400,186.1457142857143,187.5652,222.25909090909093,41.098702667332155,-2.582077251954786,1.1376265547984277,-3.7197038067532135,511644.84963199997,-0.08062212347246478,-2.0
2019-09-28 00:00:00,173.83,175.49,168.0,173.49,521775.46593,1569628800,180.20857142857145,187.35479999999998,221.03828282828283,40.95665755139545,-3.4254482394392767,0.2250115959508867,-3.6504598353901634,523229.449178,-0.12032248250684507,-2.0
2019-09-29 00:00:00,173.5,174.5,164.12,169.24,410855.12176,1569715200,174.21428571428572,187.1356,219.60848484848484,38.90521943569557,-4.386203876477651,-0.6972314985348209,-3.6889723779428305,530085.707832,-0.1857197844495766,-2.0
2019-09-30 00:00:00,169.26,181.24,165.01,180.85,580295.3997,1569801600,171.2942857142857,187.4196,218.31888888888892,46.75158552707227,-4.162793576419688,-1.3903439141117944,-2.7724496623078934,547181.1023175,-0.1396698539555683,-2.0
2019-10-01 00:00:00,180.89,185.53,173.19,175.66,609972.52717,1569888000,172.70142857142858,187.6828,216.94535353535355,44.0293449464055,-4.354334867526177,-1.983142104794671,-2.371192762731506,563751.955322,-0.2024155466763531,-2.0
2019-10-02 00:00:00,175.65,181.29,173.65,180.24,348268.1162,1569974400,174.17000000000002,187.78760000000003,215.55121212121213,46.96417073795333,-4.089424655515273,-2.4043986149387915,-1.6850260405764819,570988.2043005,-0.17332477182039163,-2.0
2019-10-03 00:00:00,180.24,180.72,169.55,174.69,354756.78478,1570060800,175.42285714285714,187.52759999999998,213.88757575757577,43.956325372279586,-4.278005832366972,-2.7791200584244278,-1.4988857739425443,575504.91651,-0.18767728435247621,-2.0
2019-10-04 00:00:00,174.71,178.98,170.74,175.55,333897.63876,1570147200,175.67428571428573,187.328,212.64717171717172,44.548962255602035,-4.308398425827789,-3.0849757319051,-1.2234226939226893,578231.2067365,-0.1687973484848484,-2.0
2019-10-05 00:00:00,175.55,176.71,172.02,176.25,278488.61771,1570233600,176.06857142857143,187.18560000000002,211.28555555555556,45.058233279132736,-4.227271273401584,-3.313434840204397,-0.9138364331971869,577709.2072085,-0.1243976352526206,-2.0
2019-10-06 00:00:00,176.23,177.04,167.68,170.1,314932.39629,1570320000,176.19142857142856,186.8584,209.79545454545453,41.45587325013532,-4.606134373085894,-3.571974746780697,-1.0341596263051969,565905.48618,0.02587298715397135,-2.0
2019-10-07 00:00:00,170.08,182.32,168.68,179.85,496523.48038,1570406400,176.04857142857145,186.8236,208.65555555555557,48.487271453253506,-4.072695099356082,-3.6721188172957744,-0.4005762820603076,554938.4988889999,0.05819016239115071,-2.0
2019-10-08 00:00:00,179.88,184.87,177.0,180.6,400832.37828,1570492800,176.75428571428571,186.80960000000002,207.49929292929292,48.99474639639538,-3.5485168068400696,-3.6473984152046337,0.09888160836456406,548028.6922965001,0.08847637415622,-2.0
2019-10-09 00:00:00,180.61,195.53,178.96,192.62,562506.82189,1570579200,178.52285714285713,186.9892,206.50070707070708,56.40691866949993,-2.1385364716000197,-3.3456260264837114,1.2070895548836917,533936.0923135,0.10834915702859771,-2.0
2019-10-10 00:00:00,192.61,194.2,186.88,191.14,436588.58452,1570665600,180.87285714285713,187.07359999999997,205.38959595959597,55.34052923748074,-1.1275429158239092,-2.9020094043517513,1.774466488527842,533875.315205,0.10173497031529188,-2.0
2019-10-11 00:00:00,191.18,196.65,179.41,180.72,621693.63125,1570752000,181.61142857142858,186.4136,204.35919191919194,48.40241880217343,-1.1538295269300818,-2.5523734288674174,1.3985439019373356,544065.4205575001,0.06783266367289054,-2.0
2019-10-12 00:00:00,180.65,184.64,177.59,179.68,290415.22038,1570838400,182.10142857142858,185.2872,203.27040404040403,47.75883964528303,-1.244238358686431,-2.2907464148312204,1.0465080561447895,536316.734183,-0.006469449820292961,-2.0
2019-10-13 00:00:00,179.65,184.95,178.52,180.99,247589.23231,1570924800,183.65714285714287,184.1184,202.18656565656568,48.68440463167167,-1.1963907099635094,-2.0718752738576782,0.8754845638941688,529074.3422565,0.03034270750313106,-2.0
2019-10-14 00:00:00,180.98,187.54,180.43,186.72,279732.84612,1571011200,184.6385714285714,182.7776,200.99464646464645,52.637159251288686,-0.688175136633987,-1.7951352464129402,1.1069601097789532,469150.0432055,0.03595206391478034,-2.0
2019-10-15 00:00:00,186.7,188.37,175.96,180.49,405466.38109,1571097600,184.62285714285716,181.27599999999998,199.66656565656567,48.28246171389268,-0.7791381474255843,-1.591935826615469,0.8127976791898848,445473.2891535001,0.03320167153242903,-2.0
2019-10-16 00:00:00,180.52,181.44,171.81,174.47,347764.93459,1571184000,182.03,179.6528,198.32323232323233,44.4552560821731,-1.3217543165936263,-1.5378995246111007,0.2161452080174744,423864.42730900005,-0.0061520934206779065,-2.0
2019-10-17 00:00:00,174.52,178.96,172.61,177.16,298795.8198,1571270400,180.03285714285715,178.2912,197.1912121212121,46.496138533132296,-1.5172313230176542,-1.5337658842924116,0.016534561274757387,407057.5699455,0.0051631205673758895,-2.0
2019-10-18 00:00:00,177.17,177.44,168.66,172.74,319602.48508,1571356800,178.89285714285714,177.14919999999998,196.22262626262628,43.657632166825195,-2.0056850309223364,-1.6281497136183967,-0.37753531730393974,396948.920903,0.015520282186948897,-2.0
2019-10-19 00:00:00,172.78,174.98,169.44,171.79,296918.73026,1571443200,177.76571428571427,177.3884,195.1839393939394,43.049321659768786,-2.441303348728866,-1.7907804406404906,-0.6505229080883752,391252.101328,-0.04481512371420626,-2.0
2019-10-20 00:00:00,171.84,176.88,169.21,175.22,299141.07152,1571529600,176.94142857142856,177.5988,194.23878787878786,45.97620509362214,-2.4811603971672866,-1.9288564319458499,-0.5523039652214368,377194.384919,-0.02978959025470651,-2.0
2019-10-21 00:00:00,175.18,177.9,171.59,173.98,270608.51385,1571616000,175.12142857142857,177.9212,193.7148484848485,45.074326620114,-2.5830294761755397,-2.059691040791788,-0.5233384353837516,360226.184253,-0.09677084414910198,-2.0
2019-10-22 00:00:00,174.0,175.04,170.3,171.2,255429.41624,1571702400,173.79428571428573,177.81760000000003,193.13909090909087,43.036085963871,-2.855171581083141,-2.218787148850059,-0.6363844322330823,355584.249255,-0.10432143978235853,-2.0
2019-10-23 00:00:00,171.19,171.49,153.45,162.35,746955.09806,1571788800,172.06285714285715,177.372,192.77010101010103,37.25978612690478,-3.7418336680496793,-2.523396452689983,-1.2184372153596965,375194.164919,-0.10164895971668886,-2.0
2019-10-24 00:00:00,162.35,163.72,158.72,160.38,387310.83766,1571875200,169.66571428571427,177.0176,192.26070707070704,36.09830693336497,-4.551020959342026,-2.9289213540203916,-1.622099605321634,377864.82486399997,-0.10741317898486202,-2.0
2019-10-25 00:00:00,160.39,187.78,160.25,181.5,904832.86059,1571961600,170.91714285714286,177.0436,191.81393939393942,53.01005168069522,-3.4483497948634465,-3.0328070421890025,-0.41554275267444396,409182.03700799996,0.0028178352395158424,-2.0
2019-10-26 00:00:00,181.53,197.74,173.8,179.49,1211737.43684,1572048000,172.01714285714283,177.1968,191.39737373737373,51.61014854533988,-2.7054780871395963,-2.9673412511791217,0.2618631640395255,454022.2890355,-0.03872107969151661,-2.0
2019-10-27 00:00:00,179.42,188.7,176.22,183.75,724423.40525,1572134400,173.2357142857143,177.33719999999997,190.94838383838382,54.361041605645134,-1.7527953749669223,-2.724432075936682,0.9716367009697597,465417.285279,0.018061942489888683,-2.0
2019-10-28 00:00:00,183.84,189.48,180.35,181.72,582179.44545,1572220800,174.34142857142857,177.6184,190.50737373737374,52.82008766204701,-1.148353986512916,-2.4092164580519286,1.2608624715390127,474484.63863750006,0.041554421963661436,-2.0
2019-10-29 00:00:00,181.67,192.74,181.26,190.46,529964.5054,1572307200,177.09285714285713,178.2148,190.23414141414142,58.30071837721377,0.03550583619619374,-1.9202719992023043,1.955777835398498,472857.5228130001,0.07507337999548436,-2.0
2019-10-30 00:00:00,190.45,191.71,179.28,183.13,537770.43056,1572393600,180.0614285714286,178.49,189.93767676767678,52.76473938407665,0.37789736867546253,-1.4606381256267509,1.8385354943022134,477916.61511500005,0.060148199606344654,-2.0
2019-10-31 00:00:00,183.14,185.27,177.66,182.18,410969.86104,1572480000,183.1757142857143,178.9732,189.5929292929293,52.07457808690311,0.5660628443367273,-1.0552979316340552,1.6213607759707824,467380.42660450004,0.06048081960533214,-2.0
2019-11-01 00:00:00,182.19,184.5,177.02,182.85,331519.76963,1572566400,183.36857142857144,179.0932,189.22636363636363,52.54600617443845,0.7604823726258871,-0.6921418707820668,1.452624243407954,469435.654067,0.04354525739070869,-2.0
2019-11-02 00:00:00,182.86,186.0,181.53,182.91,179864.39739,1572652800,183.85714285714286,179.18559999999997,188.86373737373737,52.59098121949627,0.9089252238766505,-0.3719284518503234,1.280853675726974,466049.412321,0.05132773882055419,-2.0
2019-11-03 00:00:00,182.9,184.7,178.95,181.54,232621.52147,1572739200,183.5414285714286,178.74239999999998,188.60353535353536,51.39325121160655,0.9055807315645552,-0.1164266151673477,1.0220073467319029,463693.84608850005,0.06039719626168227,-2.0
2019-11-04 00:00:00,181.53,188.64,180.36,185.71,321175.29134,1572825600,184.1114285714286,178.5252,188.34181818181818,54.76982392331805,1.2252899671426576,0.15191670129465334,1.0733732658480042,459479.291601,0.14388666461348953,-2.0
2019-11-05 00:00:00,185.71,192.51,182.22,188.68,389668.6472,1572912000,183.85714285714286,178.8436,188.11747474747474,57.057887143794176,1.698734069465786,0.46128017492887985,1.2374538945369062,461574.47723150003,0.17645591719665799,-2.0
2019-11-06 00:00:00,188.65,195.09,187.72,191.16,343219.9224,1572998400,185.00428571428571,179.3028,187.93141414141414,58.92634376896678,2.248142023485684,0.8186525446402407,1.4294894788454435,463795.68236150005,0.05322314049586785,-2.0
2019-11-07 00:00:00,191.16,192.27,184.59,186.68,309882.08206,1573084800,185.64714285714285,179.53040000000001,187.61080808080808,54.32767872963522,2.29559108121083,1.1140402519543586,1.1815508292564714,463309.66221050004,0.040057941946626485,-2.0
2019-11-08 00:00:00,186.67,188.26,181.41,183.74,365029.75027,1573171200,185.77428571428572,179.41119999999998,187.27646464646466,51.48791884500686,2.0720757722352516,1.3056473560105373,0.7664284162247144,466715.21321099997,-5.442176870740223e-05,-2.0
2019-11-09 00:00:00,183.71,185.79,182.63,184.89,192073.38044,1573257600,186.05714285714288,179.58720000000002,186.9459595959596,52.53308813863137,1.9650814330408934,1.4375341714166086,0.5275472616242849,461361.82865700003,0.017444419986792692,-2.0
2019-11-10 00:00:00,184.86,191.58,183.3,188.96,274940.53448,1573344000,187.11714285714285,180.1668,186.61080808080808,56.135023302122065,2.1835322335804506,1.5867337838493771,0.5967984497310734,461578.42968850007,-0.007875669431901766,-2.0
2019-11-11 00:00:00,188.96,190.19,184.06,184.98,255579.93429,1573430400,187.01285714285717,180.4796,186.2389898989899,51.981053488029254,2.012306709973757,1.6718483690742532,0.34045834089950366,461585.955591,0.010102113252880462,-2.0
2019-11-12 00:00:00,184.98,187.65,182.41,187.09,256782.63119,1573516800,186.78571428571428,181.05360000000002,185.76979797979797,53.9275550451321,2.0235424768349333,1.7421871906263893,0.281355286208544,437077.3322475,0.026951366780107566,-2.0
2019-11-13 00:00:00,187.09,189.66,185.3,188.11,197273.84001,1573603200,186.35,181.7064,185.38424242424244,54.87972884754893,2.090652636320641,1.8118802797652398,0.2787723565554012,427575.48236499995,0.02876674870112117,-2.0
2019-11-14 00:00:00,188.07,188.72,183.34,184.92,245505.29971,1573689600,186.0985714285714,182.09439999999998,184.96828282828284,51.308332395847536,1.8649337853613304,1.822490980884458,0.04244280447687232,394609.10432100005,0.01098901098901095,-2.0
2019-11-15 00:00:00,184.93,186.7,177.67,180.0,407466.78964,1573776000,185.5642857142857,182.33520000000001,184.550202020202,46.303401297664195,1.2743570926112966,1.7128642032298258,-0.4385071106185292,354395.571961,-0.008482978957805365,-2.0
2019-11-16 00:00:00,179.99,183.46,179.3,182.37,172801.52576,1573862400,185.20428571428573,182.78199999999998,184.2657575757576,48.889744656913045,0.9861917966663043,1.5675297219171216,-0.5813379252508173,326814.4779865,-0.01798503042377908,-2.0
2019-11-17 00:00:00,182.37,186.09,180.0,183.82,198892.4372,1573948800,184.47,183.6408,184.0368686868687,50.46185660765914,0.8648521283713251,1.4269942032079623,-0.5621420748366373,307650.127574,-0.02575789696841224,-2.0
2019-11-18 00:00:00,183.82,184.06,175.01,178.2,293551.23632,1574035200,183.50142857142856,184.3536,183.65080808080805,44.72025931637747,0.3116104836573754,1.203917459297845,-0.8923069756404696,295829.46412,-0.06779661016949157,-2.0
2019-11-19 00:00:00,178.2,178.52,172.65,175.94,275886.6411,1574121600,181.90857142857143,184.13119999999998,183.29252525252525,42.62015284600328,-0.30567696429412194,0.9019985745794517,-1.2076755388735736,282735.274647,-0.05753160488536535,-2.0
2019-11-20 00:00:00,175.93,177.41,173.5,174.72,216315.93309,1574208000,179.99571428571426,183.9404,182.9432323232323,41.487516451988675,-0.8831451703610469,0.544969825591352,-1.4281149959523989,273002.5782495,-0.04909110699902042,-2.0
2019-11-21 00:00:00,174.75,175.85,157.26,161.01,473895.92992,1574294400,176.57999999999998,183.03080000000003,182.67969696969698,31.391502889996076,-2.419188406791136,-0.04786182088514562,-2.37132658590599,280121.386264,-0.12915787765698516,-2.0
2019-11-22 00:00:00,161.02,162.79,138.0,149.56,977977.23794,1574380800,172.23142857142858,181.74439999999998,182.29111111111112,25.754605760924136,-4.5084622996432415,-0.9399819166367648,-3.568480383006477,320027.0282915,-0.20850973751058433,-2.0
2019-11-23 00:00:00,149.55,154.33,146.11,151.84,369721.0996,1574467200,167.86999999999998,180.1996,181.95737373737376,28.5075793598175,-5.912098970115522,-1.9344053273325164,-3.977693642783006,326882.007198,-0.17915450318953396,-2.0
2019-11-24 00:00:00,151.84,152.86,138.62,139.96,352319.21558,1574553600,161.6042857142857,178.47279999999998,181.49646464646466,23.59772189634093,-7.892132270683646,-3.125950716002743,-4.766181554680903,328439.20340999996,-0.2519108450478379,-2.0
2019-11-25 00:00:00,139.99,151.5,131.45,145.69,749675.41303,1574640000,156.96,177.01319999999998,181.0051515151515,29.87145760556885,-8.896407565764832,-4.280042085955161,-4.616365479809671,346439.5417015,-0.2255063526659934,-2.0
2019-11-26 00:00:00,145.81,149.97,143.37,147.47,354023.04298,1574726400,152.89285714285714,175.59799999999998,180.45151515151517,31.746431970930857,-9.439855075406598,-5.312004683845449,-4.127850391561149,346979.69773049996,-0.20252000865239017,-2.0
2019-11-27 00:00:00,147.47,155.54,140.84,152.62,564796.4284,1574812800,149.7357142857143,174.38639999999998,180.00727272727275,36.99507382484006,-9.347230131958952,-6.11904977346815,-3.2281803584908015,359725.4150475,-0.15211111111111109,-2.0
2019-11-28 00:00:00,152.61,154.63,149.09,150.72,317714.56326,1574899200,148.2657142857143,173.1536,179.63626262626263,35.89827686551446,-9.31970654228391,-6.759181127231303,-2.5605254150526076,357359.65569700004,-0.17354828096726438,-2.0
2019-11-29 00:00:00,150.69,157.6,150.23,154.57,328712.25558,1574985600,148.98142857142858,171.908,179.27484848484846,39.79337525395276,-8.884812487213338,-7.18430739922771,-1.7005050879856283,364191.599454,-0.15912305516265912,-2.0
2019-11-30 00:00:00,154.54,155.25,149.7,151.37,226863.41299,1575072000,148.91428571428574,170.4156,178.84404040404038,37.74064457270253,-8.698102757602896,-7.487066470902748,-1.211036286700148,361787.7433795,-0.15056116722783386,-2.0
2019-12-01 00:00:00,151.43,152.49,145.79,150.73,344178.14088,1575158400,150.45285714285714,168.79840000000002,178.4413131313131,37.32593262910695,-8.503750658818632,-7.690403308485926,-0.8133473503327062,366217.65370900003,-0.14328748436967154,-2.0
2019-12-02 00:00:00,150.72,151.42,146.71,148.65,233839.0973,1575244800,150.87571428571428,167.27719999999997,178.05858585858584,35.94355620756713,-8.420497582462673,-7.836422163281275,-0.5840754191813975,365070.4770145,-0.1492101648351648,-2.0
2019-12-03 00:00:00,148.66,149.93,145.77,147.17,196329.22503,1575331200,150.83285714285714,165.81439999999998,177.63939393939393,34.951659354010914,-8.377373404890733,-7.944612411603167,-0.432760993287566,365023.24626549997,-0.08595739395068636,-2.0
2019-12-04 00:00:00,147.19,151.98,143.15,145.38,434490.46521,1575417600,149.79857142857142,164.234,177.21656565656565,33.738959964131936,-8.390910036082062,-8.033871936498945,-0.35703809958311616,374472.5045405,-0.027948649371489775,-2.0
2019-12-05 00:00:00,145.45,149.02,143.64,148.1,299073.53972,1575504000,149.42428571428573,162.5996,176.96474747474747,37.29904267690843,-8.088912695436164,-8.04488008828639,-0.04403260714977364,369052.8420445,-0.024631190727081198,-2.0
2019-12-06 00:00:00,148.11,149.77,145.74,148.45,220674.68581,1575590400,148.54999999999998,161.1384,176.7570707070707,37.762423796607514,-7.732203523187252,-7.982344775266563,0.25014125207931137,371446.500047,0.0606601886253213,-2.0
2019-12-07 00:00:00,148.46,149.49,146.85,147.14,140471.68588,1575676800,147.94571428571427,159.54039999999998,176.54131313131313,36.670068744264654,-7.469115670021438,-7.879698954217538,0.41058328419610035,368525.462481,0.009952639165351052,-2.0
2019-12-08 00:00:00,147.16,151.62,146.11,150.44,205301.6026,1575763200,147.9042857142857,158.03359999999998,176.32787878787877,41.27825712430392,-6.914626717597827,-7.686684506893597,0.7720577892957703,364112.98079500004,0.02013968942835831,-2.0
2019-12-09 00:00:00,150.44,151.19,146.56,147.38,243775.99249,1575849600,147.72285714285712,156.532,176.09191919191917,38.48203655768827,-6.64550145039874,-7.478447895594626,0.8329464451958861,362507.4483645,-0.034333639103656166,-2.0
2019-12-10 00:00:00,147.4,148.57,143.81,145.56,203215.84937,1575936000,147.4928571428571,155.1544,175.76373737373737,36.881755364149264,-6.504101295751042,-7.28357857562591,0.7794772798748681,361852.44417850004,-0.03423566878980888,-2.0
2019-12-11 00:00:00,145.53,146.34,142.12,143.39,157843.10484,1576022400,147.20857142857145,153.59519999999998,175.40656565656565,35.012231250799275,-6.492302299423045,-7.125323320385338,0.6330210209622926,346049.8029245,-0.0723296888141296,-2.0
2019-12-12 00:00:00,143.41,145.85,139.24,144.87,261615.30437,1576108800,146.74714285714285,152.0372,175.1050505050505,37.34494924426072,-6.291009042477498,-6.95846046480377,0.6674514223262724,310231.706246,-0.042941137609830204,-2.0
2019-12-13 00:00:00,144.87,146.0,142.8,144.8,160695.18556,1576195200,146.22571428571428,150.7012,174.81262626262628,37.276795426102694,-6.067192285127248,-6.780206828868466,0.7130145437412176,299780.410544,-0.03934186956810182,-2.0
2019-12-14 00:00:00,144.8,145.07,141.18,141.79,126232.59201,1576281600,145.46142857142857,149.3352,174.5369696969697,34.37199563557519,-6.062809443498082,-6.63672735179439,0.5739179082963073,288476.0793655,-0.04614867137571488,-2.0
2019-12-15 00:00:00,141.79,144.12,139.92,142.46,151189.65877,1576368000,144.32142857142858,148.0448,174.1818181818182,35.575429305190355,-5.936836454261623,-6.496749172287837,0.5599127180262133,258551.7916525,-0.03200380512332668,-2.0
2019-12-16 00:00:00,142.46,142.72,127.93,132.73,471018.85942,1576454400,142.22857142857143,146.91359999999997,173.69232323232325,27.646765409247337,-6.546665748116084,-6.506732487453486,-0.039933260662597725,264401.58247450006,-0.08701334433897379,-2.0
2019-12-17 00:00:00,132.72,132.98,119.11,121.88,563257.36001,1576540800,138.84571428571428,145.8064,173.09979797979798,21.80963032416983,-7.815373419960849,-6.768460673954959,-1.0469127460058907,264324.629055,-0.1770425388251181,-2.0
2019-12-18 00:00:00,121.88,134.87,116.26,132.78,884960.91334,1576627200,137.32999999999998,145.04399999999998,172.62474747474747,36.34890493739789,-7.850795403087545,-6.984927619781477,-0.8658677833060686,292686.94655899995,-0.10555742674301105,-2.0
2019-12-19 00:00:00,132.8,134.0,125.69,128.1,420674.8172,1576713600,134.93428571428572,144.5696,172.11787878787877,33.471086921013764,-8.162413248521972,-7.220424745529576,-0.9419885029923956,297285.07464,-0.12940057088487156,-2.0
2019-12-20 00:00:00,128.1,129.39,125.84,128.19,213897.4673,1576800000,132.5614285714286,143.8696,171.58727272727273,33.57999303257216,-8.30635984254016,-7.4376117649316935,-0.8687480776084673,296636.7773555,-0.1478994948152087,-2.0
2019-12-21 00:00:00,128.19,128.4,126.5,126.99,135196.11641,1576886400,130.44714285714286,143.0504,171.04222222222222,32.808813024700726,-8.420205637368781,-7.634130539419112,-0.7860750979496691,286187.676132,-0.13834984394083327,-2.0
2019-12-22 00:00:00,127.0,133.07,126.82,132.09,253140.72413,1576972800,128.96571428571428,142.2292,170.47616161616162,39.199611573232865,-8.006606694429735,-7.7086257704212375,-0.2979809240084972,287152.75747350004,-0.0925391591096455,-2.0
2019-12-23 00:00:00,132.12,135.1,126.0,127.8,421600.75655,1577059200,128.26142857142858,141.3124,169.85767676767676,36.09003063892264,-7.933540779654919,-7.753608772267974,-0.17993200738694526,298416.3340495,-0.1087244577725085,-2.0
2019-12-24 00:00:00,127.8,129.69,126.61,127.75,200637.10098,1577145600,129.1,140.2396,169.1559595959596,36.05413244935853,-7.789873287684287,-7.760861675351237,-0.02901161233304972,286723.665838,-0.11817491544143033,-2.0
2019-12-25 00:00:00,127.7,127.84,123.07,125.09,225004.4909,1577232000,128.0014285714286,139.1884,168.32010101010098,34.11026475666294,-7.800733534286394,-7.76883604713827,-0.03189748714812435,283020.21339700004,-0.13611878453038684,-2.0
2019-12-26 00:00:00,125.09,132.26,124.32,125.58,274986.52097,1577318400,127.64142857142858,138.1824,167.46525252525254,34.80754619856879,-7.681256707159406,-7.751320179142497,0.07006347198309104,285735.805155,-0.11432400028210732,-2.0
2019-12-27 00:00:00,125.58,127.1,121.91,126.29,240012.37451,1577404800,127.37,137.28799999999998,166.51626262626263,35.86660848562698,-7.44347564081022,-7.689751271476043,0.24627563066582248,290712.83958649996,-0.11350554541625724,-2.0
2019-12-28 00:00:00,126.28,129.68,125.84,128.11,196893.52277,1577491200,127.53,136.5256,165.6079797979798,38.61927689228787,-7.027168815142801,-7.557234780209395,0.5300659650665942,290292.435595,-0.034807503955398,-2.0
2019-12-29 00:00:00,128.11,138.07,127.52,134.36,316347.26666,1577577600,127.85428571428572,136.0848,164.7929292929293,47.02765450169122,-6.122345304262154,-7.270256885019947,1.1479115807577926,293920.9993035,0.10239579914670172,-2.0
2019-12-30 00:00:00,134.36,136.24,130.3,131.59,320347.21956,1577664000,128.3957142857143,135.4244,163.9887878787879,44.14154894857262,-5.5646363392785645,-6.929132775871671,1.3644964365931065,299777.567813,-0.008962193101370697,-2.0
2019-12-31 00:00:00,131.61,133.68,128.17,129.16,264933.98418,1577750400,128.59714285714287,134.6528,163.26020202020203,41.72252239363662,-5.258116365695685,-6.594929493836474,1.3368131281407898,305132.11178000004,0.00827478532396575,-2.0
2020-01-01 00:00:00,129.16,133.05,128.68,130.77,144770.52197,1577836800,129.40857142857143,133.99800000000002,162.90626262626262,43.91552919862472,-4.829610786783803,-6.24186575242594,1.4122549656421368,299289.87266,0.020126374912239786,-2.0
2020-01-02 00:00:00,130.72,130.78,126.38,127.19,213757.05806,1577923200,129.63857142857142,133.068,162.47424242424242,40.285348892798744,-4.72443278864165,-5.938379159669083,1.2139463710274327,301942.966285,0.001574927159618822,-2.0
2020-01-03 00:00:00,127.19,135.14,125.88,134.35,413055.18895,1578009600,130.79,132.5468,162.15535353535353,49.310293261306505,-4.017020593075642,-5.554107446350395,1.5370868532747526,316284.096132,0.017109546521311136,-2.0
2020-01-04 00:00:00,134.37,135.85,132.5,134.2,184276.17102,1578096000,131.66000000000003,132.0924,161.75545454545454,49.14272729725721,-3.4289680684233588,-5.129079570764988,1.7001115023416293,317938.4217445,0.05007824726134569,-2.0
2020-01-05 00:00:00,134.2,138.19,134.19,135.37,254120.45343,1578182400,131.8042857142857,131.7716,161.37040404040405,50.55415081646554,-2.835833263428839,-4.670430309297759,1.8345970458689198,307093.50144499994,0.05964774951076324,-2.0
2020-01-06 00:00:00,135.37,144.41,134.86,144.15,408020.27375,1578268800,133.59857142857143,131.74280000000002,161.1169696969697,59.61242391208586,-1.638410458792947,-4.064026339196797,2.42561588040385,299331.647132,0.15237029338876007,-2.0
2020-01-07 00:00:00,144.14,145.31,138.76,142.8,447762.17281,1578355200,135.54714285714286,131.6628,160.73262626262627,57.857339671343276,-0.7892796522116043,-3.409077001799759,2.6197973495881546,277471.7101055,0.13712374581939812,-2.0
2020-01-08 00:00:00,142.8,147.77,137.03,140.72,570465.57764,1578441600,136.96857142857144,131.62,160.37969696969697,55.162580198906745,-0.28093751426655444,-2.783449104293118,2.5025115900265638,284961.24812749994,0.11426082825243489,-2.0
2020-01-09 00:00:00,140.76,141.5,135.3,137.74,366076.06569,1578528000,138.4757142857143,131.43120000000002,159.95040404040404,51.46425696398549,-0.11718299007296196,-2.2501958814490868,2.133012891376125,292570.178047,0.07516977597377239,-2.0
2020-01-10 00:00:00,137.73,145.17,135.32,144.84,409403.59507,1578614400,139.9742857142857,131.91559999999998,159.64888888888888,58.588070286501136,0.5788318991394021,-1.684390325331389,2.263222224470791,306280.55198,0.07799940458469767,-2.0
2020-01-11 00:00:00,144.83,148.05,142.09,142.38,368350.57939,1578700800,141.14285714285717,132.7356,159.3138383838384,55.54602765814996,0.9213070186175685,-1.1632508565415975,2.084557875159166,312041.044743,0.08199711224257156,-2.0
2020-01-12 00:00:00,142.4,146.6,141.76,146.54,229541.86137,1578787200,142.73857142857145,133.286,159.01373737373737,59.38637707597159,1.5109806077401515,-0.6284045636852478,2.139385171425399,302438.099984,0.1345617838340043,-2.0
2020-01-13 00:00:00,146.56,147.0,142.27,143.58,207996.61865,1578873600,142.65714285714287,133.90519999999998,158.7458585858586,55.69921439537092,1.7196310766226475,-0.15879743562366877,1.8784285122463162,302806.07586750004,0.09795824730442759,-2.0
2020-01-14 00:00:00,143.58,171.7,143.51,165.64,1108476.31186,1578960000,145.92000000000002,135.40320000000003,158.60232323232322,70.43292898434741,3.6232788106289036,0.5976178136268457,3.025660997002058,346979.66691549995,0.30230364022328793,-2.0
2020-01-15 00:00:00,165.6,171.98,159.2,166.4,721687.80381,1579046400,149.5885714285714,136.9796,158.45888888888888,70.79332149938557,5.134076564501271,1.5049095638017307,3.6291670006995402,369314.7310575,0.23855601042054353,-2.0
2020-01-16 00:00:00,166.4,167.4,157.8,164.21,456170.86719,1579132800,153.36999999999998,138.2644,158.1719191919192,68.21313743132387,6.084541168651981,2.4208358847717806,3.6637052838802004,380122.6556915,0.22362146050670662,-2.0
2020-01-17 00:00:00,164.24,174.81,162.14,169.85,767180.67853,1579219200,156.94285714285712,139.9464,157.9568686868687,71.13127447698963,7.2097821984719985,3.3786251475118245,3.831157050960174,408637.0134795,0.2547093152101647,-2.0
2020-01-18 00:00:00,169.92,179.5,164.92,174.14,688783.17982,1579305600,161.48,141.80200000000002,157.89040404040404,73.15038007839067,8.35144075803504,4.373188269616468,3.9782524884185717,427258.8091375,0.20804717308359333,-2.0
2020-01-19 00:00:00,174.1,178.05,161.66,166.79,624681.28604,1579392000,164.37285714285713,143.47,157.76020202020203,64.7895206903207,8.564404692074078,5.21143155410799,3.352973137966088,442475.51246150007,0.16799719887955167,-2.0
2020-01-20 00:00:00,166.79,169.33,161.24,166.87,358092.8841,1579478400,167.7,145.1216,157.61757575757576,64.83663058649458,8.640038490058203,5.897152941298033,2.74288554876017,447133.45745750004,0.185830017055145,-2.0
2020-01-21 00:00:00,166.86,170.32,164.8,169.49,308007.6353,1579564800,168.25,146.8496,157.44353535353534,66.42116551010366,8.809836611099229,6.479689675258272,2.330146935840957,455295.313124,0.23050675185131397,-2.0
2020-01-22 00:00:00,169.48,171.47,166.03,168.07,272240.90286,1579651200,168.48857142857145,148.44799999999998,157.3180808080808,64.71895004537163,8.72919597532109,6.929590935270836,1.7996050400502543,458219.50536400004,0.1603838718586026,-2.0
2020-01-23 00:00:00,168.07,168.2,159.21,162.81,373414.34985,1579737600,168.28857142857143,149.58599999999998,157.20030303030302,58.71622753333808,8.146936833610937,7.173060114938856,0.9738767186720807,456237.46340899996,0.14348925410872315,-2.0
2020-01-24 00:00:00,162.85,164.45,155.55,162.54,430013.19902,1579824000,167.24428571428572,150.824,157.05262626262626,58.41671387553725,7.576369849836766,7.253722061918438,0.3226477879183278,468524.31480899994,0.10918520540466758,-2.0
2020-01-25 00:00:00,162.51,162.79,157.61,160.35,219921.65197,1579910400,165.2742857142857,152.0716,156.92747474747475,55.92482784124311,6.8683031833489,7.176638286204531,-0.30833510285563115,466814.374736,0.11679899707480135,-2.0
2020-01-26 00:00:00,160.36,168.08,159.41,167.86,251582.55758,1579996800,165.42714285714285,153.55519999999999,156.88777777777779,61.923183226839974,6.834367154808831,7.1081840599253905,-0.27381690511655954,458992.48892750003,0.013402559768172173,-2.0
2020-01-27 00:00:00,167.91,172.56,165.22,170.08,365894.81917,1580083200,165.8857142857143,155.2708,156.83585858585857,63.50434762682172,6.90698858937364,7.067944965815041,-0.16095637644140126,454899.1212455,0.02211538461538476,-2.0
2020-01-28 00:00:00,170.04,176.2,170.03,175.64,473433.89609,1580169600,166.7642857142857,156.9224,156.85262626262627,67.18020580672575,7.328706367572579,7.12009724616655,0.20860912140602927,450047.537168,0.06960599232689835,-2.0
2020-01-29 00:00:00,175.58,178.45,173.33,173.72,317382.90161,1580256000,167.57142857142858,158.5032,156.87808080808082,64.75471230842042,7.422431619807384,7.180564120894717,0.2418674989126668,447612.87896400003,0.0227848101265824,-2.0
2020-01-30 00:00:00,173.68,187.0,170.93,184.69,477721.6609,1580342400,170.69714285714284,160.476,157.10373737373735,71.16127309881115,8.28637668500781,7.4017266337173355,0.8846500512904738,451028.7822555,0.06058343861261051,-2.0
2020-01-31 00:00:00,184.71,185.82,175.22,179.99,385596.53365,1580428800,173.19,161.9096,157.30181818181816,65.65488462141569,8.493896303782975,7.620160567730464,0.8737357360525113,451891.07996849995,0.07914143533785012,-2.0
2020-02-01 00:00:00,179.94,184.28,179.23,183.6,259370.12902,1580515200,176.51142857142858,163.5416,157.3230303030303,67.7209225041633,8.847663568592196,7.865661167902811,0.9820024006893853,453382.493351,0.10025768562353932,-2.0
2020-02-02 00:00:00,183.63,193.43,179.1,188.44,552621.13619,1580601600,179.45142857142855,165.4504,157.41343434343435,70.30048197791758,9.41010044479782,8.174549023281813,1.235551421516007,470613.71922800003,0.11180600625405623,-2.0
2020-02-03 00:00:00,188.48,195.19,186.62,189.69,417175.95781,1580688000,182.25285714285715,167.5284,157.47343434343435,70.94624916427065,9.843233604847256,8.508285939594902,1.3349476652523542,436048.70152550004,0.12863687749152142,-2.0
2020-02-04 00:00:00,189.74,191.6,184.69,188.91,366389.69686,1580774400,184.14857142857142,169.2912,157.54606060606062,69.92454423373957,10.008187122209648,8.808266176117852,1.1999209460917957,418283.796178,0.16030956329463786,-2.0
2020-02-05 00:00:00,188.91,207.61,188.19,203.78,550942.11417,1580860800,188.44285714285712,171.74720000000002,157.68060606060604,76.78759532357002,11.209581620174959,9.288529264929274,1.9210523552456849,423022.35852699995,0.25372216069890485,-2.0
2020-02-06 00:00:00,203.78,216.33,201.02,213.19,608240.2233,1580947200,192.51428571428573,174.4132,157.98424242424244,79.9116126053419,12.773755866499044,9.985574585243228,2.7881812812558167,415075.33576549997,0.32952915497349555,-2.0
2020-02-07 00:00:00,213.16,225.0,213.14,223.33,629361.15466,1581033600,198.7057142857143,177.6032,158.399898989899,82.62521248562487,14.662567531094851,10.920973174413554,3.741594356681297,412104.2345075,0.33045394972000475,-2.0
2020-02-08 00:00:00,223.36,227.75,213.22,223.05,548551.87465,1581120000,204.34142857142857,179.8996,158.8059595959596,82.2946321589061,15.952974760836952,11.927373491698235,4.025601269138717,408297.763938,0.3114416745061148,-2.0
2020-02-09 00:00:00,223.01,230.65,222.86,228.49,350336.24399,1581206400,210.06285714285713,182.3832,159.26636363636365,83.66230072308235,17.216137407947286,12.985126274948048,4.231011132999239,407909.9319325,0.3008995672967434,-2.0
2020-02-10 00:00:00,228.53,229.4,216.37,222.89,510415.49949,1581292800,214.8057142857143,184.7304,159.6840404040404,77.06303199519708,17.562875807729483,13.900676181504336,3.6621996262251475,418030.325142,0.28304167626064936,-2.0
2020-02-11 00:00:00,222.89,239.15,218.17,236.69,595576.90276,1581379200,221.6314285714286,187.40399999999997,160.1989898989899,81.0334035944956,18.735244915163037,14.867589928236077,3.8676549869269596,434197.125137,0.2815528723807461,-2.0
2020-02-12 00:00:00,236.69,275.34,236.69,265.74,1038073.74782,1581465600,230.48285714285717,191.06800000000004,160.97737373737374,86.37864383600119,21.757639572951007,16.245599857179066,5.512039715771941,467430.0950355,0.47641535640868926,-2.0
2020-02-13 00:00:00,265.74,277.69,256.08,268.32,1089679.1537,1581552000,238.35857142857142,195.12920000000003,161.75676767676768,86.7361677528875,24.083474252722766,17.813174736287806,6.27029951643496,500413.3927695,0.46143790849673194,-2.0
2020-02-14 00:00:00,268.34,287.15,260.28,285.15,734944.32266,1581638400,247.19,199.86039999999997,162.75141414141413,88.80111366680505,26.973817956216664,19.645303380273578,7.328514575943085,526164.526304,0.5132137550413924,-2.0
2020-02-15 00:00:00,285.11,288.41,261.86,264.88,860813.14274,1581724800,253.1657142857143,203.676,163.5710101010101,73.8822973270828,27.313958260022787,21.179034356223422,6.134923903799365,556626.055562,0.39638357319837625,-2.0
2020-02-16 00:00:00,264.91,274.0,237.41,258.85,1110118.46395,1581811200,257.5028571428571,207.30720000000002,164.3180808080808,70.10886027907266,26.788154130411897,22.30085831106112,4.487295819350777,593837.237801,0.3702292096765658,-2.0
2020-02-17 00:00:00,258.89,268.77,242.0,267.85,1110371.39094,1581897600,263.92571428571426,211.50879999999998,165.11494949494949,72.37655427299512,26.78886993621063,23.198460636091024,3.5904093001196067,625684.1125435,0.31440769457257844,-2.0
2020-02-18 00:00:00,267.9,285.88,258.0,282.61,1115523.43992,1581984000,270.48571428571427,216.3116,166.1011111111111,75.64047314379295,27.661580383076227,24.091084585488066,3.570495797588162,665591.139459,0.3256250293165721,-2.0
2020-02-19 00:00:00,282.64,285.0,251.56,258.45,705973.72988,1582070400,269.4442857142857,220.2356,166.8219191919192,62.60154699794253,26.10280275161105,24.493428218712666,1.6093745328983857,677003.742908,0.15725607844893186,-2.0
2020-02-20 00:00:00,258.44,264.33,245.34,256.96,972969.71691,1582156800,267.82142857142856,223.7996,167.5173737373737,61.892944377581415,24.465209989048788,24.48778457277989,-0.022574583731103104,706372.402071,0.15202869311813472,-2.0
2020-02-21 00:00:00,256.97,268.24,253.61,265.27,525827.8734,1582243200,264.9814285714286,227.60719999999998,168.3289898989899,64.31875621974274,23.56629588745102,24.303486835714118,-0.7371909482630983,719695.28929,0.16096984550746196,-2.0
2020-02-22 00:00:00,265.32,266.81,256.0,261.57,313062.52133,1582329600,264.50857142857143,231.04440000000002,169.1529292929293,62.41366069331601,22.298299985772417,23.90244946572578,-1.6041494799533638,707717.358547,0.17353851675714482,-2.0
2020-02-23 00:00:00,261.55,275.68,261.02,274.48,444740.82883,1582416000,266.74142857142857,235.07479999999998,170.08333333333334,66.17799098262964,22.08060177236871,23.53807992705437,-1.4574781546856599,709095.602098,0.15966031518019363,-2.0
2020-02-24 00:00:00,274.5,277.2,257.09,265.52,696591.72983,1582502400,266.4085714285714,238.308,170.90858585858584,61.569193670065616,20.94365186987443,23.019194315618385,-2.075542445743956,725605.7037465001,-0.0008278768721307062,-2.0
2020-02-25 00:00:00,265.47,266.22,244.44,246.67,774791.01027,1582588800,261.2742857142857,240.9752,171.60020202020203,53.17849540319158,18.310501355158067,22.07745572352632,-3.7669543683682534,736798.1485515,-0.08068723911747167,-2.0
2020-02-26 00:00:00,246.67,250.32,215.66,223.93,1395879.41507,1582675200,256.3428571428571,242.5884,172.08494949494948,45.17943114508721,14.224807916503863,20.50692616212183,-6.282118245617966,776180.1081399999,-0.2146940206908644,-2.0
2020-02-27 00:00:00,223.98,238.3,210.0,227.79,1273793.11658,1582761600,252.1757142857143,244.1624,172.62101010101014,46.646490416149305,11.169580203410078,18.639456970379477,-7.469876766969399,808401.7062359999,-0.14002567200241622,-2.0
2020-02-28 00:00:00,227.73,234.67,214.01,226.76,1054994.92397,1582848000,246.67428571428567,245.64520000000002,173.2851515151515,46.29050627039434,8.566429371745016,16.624851450652585,-8.058422078907569,833723.858702,-0.12397141201468043,-2.0
2020-02-29 00:00:00,226.76,233.0,217.0,217.21,546866.6851,1582934400,240.33714285714285,246.77720000000002,173.96848484848482,43.01286875569302,5.667477245833709,14.43337660968881,-8.765899363855102,843550.3807575001,-0.18906104162777682,-2.0
2020-03-01 00:00:00,217.29,227.89,212.36,217.81,715016.01941,1583020800,232.24142857142857,247.3384,174.63484848484848,43.28457694561223,3.379495070309673,12.222600301812983,-8.84310523150331,853780.4067535,-0.22929124942500267,-2.0
2020-03-02 00:00:00,217.81,234.4,216.07,231.97,810051.4833,1583107200,227.4485714285714,248.0896,175.56424242424242,49.41441999134783,2.677976328000966,10.313675507050581,-7.635699179049615,864504.1357804999,-0.10245695492358287,-2.0
2020-03-03 00:00:00,232.1,232.46,219.57,223.91,741498.54825,1583193600,224.19714285714284,248.11280000000002,176.35434343434346,46.34399747453286,1.4548721700326155,8.541914839646989,-7.087042669614373,849675.375802,-0.12861924034869232,-2.0
2020-03-04 00:00:00,223.84,228.85,220.23,224.26,443780.33772,1583280000,224.24428571428572,248.16119999999998,177.13,46.49945806300132,0.5079401696866341,6.935119905654918,-6.427179735968284,817380.4350030001,-0.1545972028499265,-2.0
2020-03-05 00:00:00,224.26,234.09,224.23,228.38,601479.87587,1583366400,224.32857142857145,248.1568,177.89525252525254,48.39489152704856,0.08891435551601035,5.565878795627137,-5.476964440111127,810707.2126634999,-0.12688764001987995,-2.0
2020-03-06 00:00:00,228.38,245.16,227.33,244.88,628147.3257,1583452800,226.91714285714284,249.0364,178.84636363636363,55.234964123001994,1.0758438246926971,4.667871801440249,-3.592027976747552,799073.9218114999,-0.1078402798018071,-2.0
2020-03-07 00:00:00,244.93,251.93,236.0,237.23,633748.89662,1583539200,229.77714285714288,249.05800000000002,179.68131313131315,51.8063901650677,1.2265624250482858,3.9796099261618565,-2.7530475011135707,775255.4434450001,-0.10654564627899965,-2.0
2020-03-08 00:00:00,237.23,237.23,195.5,199.43,1278973.53741,1583625600,227.15142857142857,246.40559999999996,180.1667676767677,38.94325702407716,-1.6847157362121266,2.8467447936870602,-4.531460529899187,783685.5507685,-0.19151092552803328,-2.0
2020-03-09 00:00:00,199.43,208.62,190.0,202.81,1661331.83553,1583712000,222.9857142857143,243.7852,180.6928282828283,40.36901240325134,-3.676803005163009,1.5420352339170464,-5.218838239080055,810975.9705490001,-0.09431518778189618,-2.0
2020-03-10 00:00:00,202.79,206.2,195.54,200.7,1020260.107,1583798400,219.67000000000002,240.40720000000002,181.21858585858584,39.74506916752638,-5.36397333832781,0.16083351946807523,-5.524806857795885,826690.2894049999,-0.11892532595811933,-2.0
2020-03-11 00:00:00,200.74,203.18,181.73,194.61,1079824.90167,1583884800,215.43428571428572,237.5964,181.6977777777778,37.923182920342654,-7.110514501481674,-1.2934360847218749,-5.8170784167597995,832033.0486430001,-0.14177985535367776,-2.0
2020-03-12 00:00:00,194.61,195.55,101.2,107.82,3814533.14046,1583971200,198.21142857142857,231.5552,181.31838383838385,22.261688903596053,-15.321274506784789,-4.099003769134458,-11.22227073765033,996468.3119959999,-0.5036140140877492,-2.0
2020-03-13 00:00:00,107.67,139.68,86.0,134.06,4663239.92861,1584057600,182.38000000000002,226.2036,181.17656565656569,31.47575817247308,-19.486385342771143,-7.1764800838617955,-12.309905258909348,1213977.18236,-0.3845094348285203,-2.0
2020-03-14 00:00:00,134.06,134.68,120.0,122.54,1237674.88642,1584144000,165.99571428571429,219.80079999999998,180.91484848484848,29.80549085988571,-23.446556107800063,-10.43049528864945,-13.016060819150614,1253623.8852395,-0.4717420356080527,-2.0
2020-03-15 00:00:00,122.54,133.5,120.16,123.78,1312950.90137,1584230400,155.1885714285714,214.41400000000002,180.6788888888889,30.234635349123735,-26.18313940110994,-13.581024111141549,-12.602115289968392,1284441.8438165,-0.44718860256353,-2.0
2020-03-16 00:00:00,123.82,124.33,101.1,111.02,2442064.14448,1584316800,142.07571428571427,208.5764,180.28070707070708,28.31619224647065,-29.046694523775955,-16.67415819366843,-12.372536330107526,1367805.500527,-0.5049496120574333,-2.0
2020-03-17 00:00:00,111.02,120.8,109.38,115.67,1295108.4848,1584403200,129.92857142857142,202.59240000000003,179.96040404040406,30.057878606978832,-30.588263984283202,-19.456979351791382,-11.13128463249182,1362766.9540135,-0.4935195726420877,-2.0
2020-03-18 00:00:00,115.67,118.5,109.86,118.11,1201850.31275,1584489600,119.0,196.85399999999998,179.68313131313133,31.005177312959887,-31.252818245543523,-21.81614713054181,-9.436671115001712,1359169.8138219998,-0.5176821300228683,-2.0
2020-03-19 00:00:00,118.11,143.13,115.46,136.3,1801071.18816,1584576000,123.06857142857143,191.3268,179.61151515151516,37.771673216201776,-29.96626881210878,-23.446171466855205,-6.520097345253575,1396473.6270315,-0.4254520929056189,-2.0
2020-03-20 00:00:00,136.3,152.55,116.74,133.48,2504057.63799,1584662400,122.9857142857143,186.0452,179.49646464646463,37.16317236150969,-28.84174981084672,-24.52528713565351,-4.316462675193211,1494333.174676,-0.3306924735496165,-2.0
2020-03-21 00:00:00,133.49,137.49,125.69,132.66,1231842.11121,1584748800,124.43142857142857,181.4848,179.37383838383838,36.976632455862045,-27.69744860118729,-25.15971942876027,-2.537729172427021,1520174.479266,-0.3458902420985158,-2.0
2020-03-22 00:00:00,132.63,137.13,121.1,122.32,1055699.86532,1584835200,124.22285714285714,177.4204,179.1771717171717,34.61702334771613,-27.31011917936081,-25.58979937888038,-1.720319800480432,1532456.898367,-0.39053313403089185,-2.0
2020-03-23 00:00:00,122.31,137.5,119.5,135.92,1436796.12449,1584921600,127.78,173.74560000000002,179.11111111111111,40.03701942895791,-25.6105292428374,-25.593945351671785,-0.01658389116561665,1567221.777179,-0.30157751400236377,-2.0
2020-03-24 00:00:00,135.89,143.36,132.2,138.42,1244377.16334,1585008000,131.03,170.21200000000002,179.16858585858586,41.00515051463336,-23.787653603192695,-25.232687001975968,1.4450333987832735,1607251.61846,0.2838063439065108,-2.0
2020-03-25 00:00:00,138.42,142.33,132.54,136.1,1034248.74369,1585094400,133.6,166.96759999999998,179.31222222222223,40.35401650485127,-22.273461536767996,-24.640841908934377,2.36738037216638,1628890.061851,0.015217066984932082,-2.0
2020-03-26 00:00:00,136.11,139.74,133.26,138.4,751060.63102,1585180800,133.9,163.7912,179.3689898989899,41.34836051155614,-20.6498243162157,-23.84263839039064,3.1928140741749402,1635035.727117,0.12942712583646165,-2.0
2020-03-27 00:00:00,138.4,141.27,129.68,131.33,706948.54559,1585267200,133.59285714285713,159.7656,179.40161616161618,39.185836965736826,-19.70640684351841,-23.015392081016195,3.3089852374977866,1638695.7095655,0.06099531426724836,-2.0
2020-03-28 00:00:00,131.33,132.97,124.88,130.98,896032.10594,1585353600,133.35285714285715,156.04840000000002,179.42979797979797,39.07687981351239,-18.77060789090919,-22.166435242994794,3.395827352085604,1619548.637992,0.17978742568906503,-2.0
2020-03-29 00:00:00,130.94,131.84,123.81,124.5,543997.0,1585440000,133.66428571428574,152.058,179.40464646464648,37.024277322471605,-18.3404450888261,-21.401237212161057,3.0607921233349558,1563681.8962154998,0.07633785769862533,-2.0
2020-03-30 00:00:00,124.47,135.42,124.06,132.06,764831.92747,1585526400,133.11285714285714,148.2052,179.40434343434342,40.923105558909754,-17.191338106124817,-20.55925739095381,3.367919284828993,1550910.487239,0.11811023622047245,-2.0
2020-03-31 00:00:00,132.09,135.0,130.38,132.72,547669.27789,1585612800,132.29857142857142,143.7188,179.4540404040404,41.26497863308688,-16.04247835493578,-19.655901583750207,3.613423228814426,1524302.70605,-0.02626559060895095,-2.0
2020-04-01 00:00:00,132.72,136.99,128.62,135.69,680922.24747,1585699200,132.23999999999998,139.6572,179.53424242424245,42.867226652207606,-14.722631218192959,-18.66924751063876,3.9466162924457997,1367622.1614005002,0.016556787533712924,-2.0
2020-04-02 00:00:00,135.65,149.76,135.01,141.28,1138977.66114,1585785600,132.65142857142857,137.3312,179.6977777777778,45.86076462820777,-13.074857749597356,-17.55036955843048,4.475511808833122,1191409.048027,0.06497813960500531,-2.0
2020-04-03 00:00:00,141.27,146.72,137.26,141.31,797546.11446,1585872000,134.07714285714286,134.87120000000002,179.85666666666665,45.87715444948794,-11.63247274999,-16.366790196742382,4.734317446752382,1169402.609429,0.1552485284499674,-2.0
2020-04-04 00:00:00,141.3,146.28,138.88,144.1,573508.14086,1585958400,135.95142857142858,132.6072,180.03656565656564,47.46986995485539,-10.147271137762147,-15.122886384946336,4.975615247184189,1132430.4714035,0.06018246027074747,-2.0
2020-04-05 00:00:00,144.1,145.58,140.68,142.68,414987.45246,1586044800,138.54857142857142,130.53,180.1837373737374,46.716349050194616,-8.981289576754449,-13.89456702330796,4.913277446553511,1031076.6368025001,0.030775899436497722,-2.0
2020-04-06 00:00:00,142.69,172.0,142.6,171.32,1636338.7311,1586131200,144.15714285714287,133.07,180.55707070707072,60.37752806728518,-5.680748016685669,-12.251803221983504,6.571055205297835,1048138.1491174999,0.25878030859662005,-2.0
2020-04-07 00:00:00,171.32,176.22,162.22,164.63,1717962.82538,1586217600,148.71571428571428,134.2928,180.8908080808081,56.71936266960285,-3.563790976555566,-10.514200772897919,6.950409796342353,1073943.774749,0.18952312138728322,-2.0
2020-04-08 00:00:00,164.62,174.48,163.59,173.11,1023575.92076,1586304000,154.0614285714286,136.31560000000002,181.33474747474747,60.02553218736925,-1.1881261619060126,-8.648985850699537,7.460859688793525,1035069.011379,0.3181299017741568,-2.0
2020-04-09 00:00:00,173.15,173.38,165.19,169.52,719837.24423,1586390400,158.0957142857143,138.14520000000002,181.72616161616162,58.0053847739033,0.4003078229266066,-6.839127115974309,7.239434938900915,945857.9916910001,0.2942433959383113,-2.0
2020-04-10 00:00:00,169.56,170.1,152.11,157.81,1314841.362,1586476800,160.45285714285714,140.0168,182.03545454545454,51.872922450269634,0.7061144170498608,-5.330078809369476,6.0361932264193365,950007.9542305,0.2675502008032129,-2.0
2020-04-11 00:00:00,157.81,161.37,153.91,158.33,621599.61289,1586563200,162.4857142857143,141.7232,182.27767676767678,52.11502367456978,0.9791410715105542,-4.06823483319347,5.047375904704024,928302.9416090001,0.19892473118279574,-2.0
2020-04-12 00:00:00,158.33,164.78,155.0,158.59,809100.24594,1586649600,164.75857142857143,143.3424,182.5240404040404,52.24437970305514,1.2026332814554053,-3.0140612102636952,4.2166944917191005,896918.1476815001,0.19492163954189268,-2.0
2020-04-13 00:00:00,158.56,158.97,150.0,156.29,1042091.03622,1586736000,162.61142857142858,144.142,182.73535353535354,50.93359637158416,1.1805530096862071,-2.175138366273715,3.355691375959922,886803.8413255,0.15181664087257718,-2.0
2020-04-14 00:00:00,156.28,161.85,155.23,158.45,698030.65089,1586822400,161.72857142857143,145.1408,182.87979797979796,52.147833576782645,1.322107748218201,-1.4756891433753319,2.797796891593533,869992.9366855,0.12153171007927521,-2.0
2020-04-15 00:00:00,158.46,161.29,152.0,152.73,729119.66505,1586908800,158.81714285714287,145.94359999999998,182.980101010101,48.710151202236254,0.9616494066325174,-0.988221433373762,1.9498708400062794,868895.888387,0.08081522892930426,-2.0
2020-04-16 00:00:00,152.74,174.79,148.33,172.29,1647207.59991,1586995200,159.21285714285713,147.9424,183.29898989898987,58.72926269170142,2.228621937793207,-0.3448527591403683,2.5734746969335753,915908.841103,0.1956280360860514,-2.0
2020-04-17 00:00:00,172.31,174.96,168.31,170.69,723537.75591,1587081600,161.05285714285716,149.3332,183.63181818181818,57.735738758600206,3.0682315056508003,0.33776409381786543,2.730467411832935,907284.1236015,0.1963134286515278,-2.0
2020-04-18 00:00:00,170.61,189.54,170.48,187.4,1127296.36979,1587168000,165.2057142857143,151.2924,184.0617171717172,64.49180019720143,5.0240711214293015,1.2750254993401529,3.749045622089149,936449.092091,0.0938594443147327,-2.0
2020-04-19 00:00:00,187.4,188.35,175.75,180.03,995759.5775,1587254400,168.26857142857142,153.0496,184.4420202020202,59.94068594640412,5.9112494970798934,2.2022702988881013,3.708979198191792,947995.4745925,0.0935430966409525,-2.0
2020-04-20 00:00:00,180.02,186.46,166.7,170.2,1547821.52737,1587340800,170.25571428571428,154.3216,184.6810101010101,54.424044421936685,5.754808059232602,2.912777850957002,2.8420302082755997,998003.0870665001,-0.016810120732482337,-2.0
2020-04-21 00:00:00,170.21,174.7,168.0,170.74,906381.65398,1587427200,172.01142857142855,155.898,184.95535353535357,54.67085033078487,5.609735045999145,3.4521692899654304,2.1575657560337143,1009276.0573919999,0.007196790939122177,-2.0
2020-04-22 00:00:00,170.73,184.0,169.78,182.7,988698.39076,1587513600,176.29285714285714,157.9668,185.12767676767677,59.85601290251764,6.386219322856135,4.038979296543571,2.347240026312564,1001762.093873,0.15772131043660087,-2.0
2020-04-23 00:00:00,182.7,193.63,178.16,185.51,1457867.08713,1587600000,178.18142857142857,160.4072,185.32070707070707,60.98522048530794,7.145958066002123,4.660375050435282,2.4855830155668412,1034778.1425065,0.1716667719320406,-2.0
2020-04-24 00:00:00,185.57,189.8,184.72,187.59,780904.21257,1587686400,180.59571428571425,162.6284,185.5568686868687,61.84086525202163,7.82568547939573,5.2934371362273716,2.5322483431683587,1045147.9460919999,0.18286146667507408,-2.0
2020-04-25 00:00:00,187.6,198.36,185.76,194.21,866478.04928,1587772800,181.56857142857143,165.088,185.80292929292932,64.5087380622451,8.7971450143406,5.994178711850017,2.8029663024905833,1067722.475933,0.2426258877727303,-2.0
2020-04-26 00:00:00,194.21,200.0,192.3,197.38,758525.81533,1587859200,184.0471428571429,167.55560000000003,186.03767676767677,65.7438082516846,9.710885162638249,6.737520002007663,2.9733651606305855,1023831.8301445,0.245692647522878,-2.0
2020-04-27 00:00:00,197.39,199.05,189.29,196.34,896627.37271,1587945600,187.78142857142856,169.75799999999998,186.33616161616163,64.9453049455125,10.233150120277287,7.436646025661589,2.796504094615698,982765.057511,0.28553656779938463,-2.0
2020-04-28 00:00:00,196.33,198.5,192.36,196.24,636829.89397,1588032000,191.42428571428573,171.95519999999996,186.63282828282826,64.86372656083113,10.517737763780502,8.052864373285372,2.4648733904951303,963427.7561715,0.13900980904289284,-2.0
2020-04-29 00:00:00,196.24,218.77,196.22,215.36,1620422.72431,1588118400,196.09,174.80560000000003,187.09616161616162,72.08399283087748,12.146087196567578,8.871508937941813,3.2745782586257643,1008457.0301755,0.26170250161110786,-2.0
2020-04-30 00:00:00,215.4,227.3,202.0,206.08,1749691.00151,1588204800,199.02857142857144,177.3416,187.48010101010104,65.09245170243165,12.54315769579884,9.60583868951322,2.9373190062856196,1030199.5121509999,0.09967982924226249,-2.0
2020-05-01 00:00:00,206.07,217.14,205.91,212.02,794913.95828,1588291200,202.51857142857145,178.96959999999999,187.9771717171717,67.28006080616834,13.185157002082036,10.321702352026984,2.8634546500550524,1038865.2294205001,0.17769260678775756,-2.0
2020-05-02 00:00:00,212.01,215.37,210.36,213.9,443494.67248,1588377600,205.3314285714286,180.9404,188.4959595959596,67.96435049451584,13.687861222080755,10.99493412603774,2.6929270960430163,1020584.9507474999,0.2567567567567568,-2.0
2020-05-03 00:00:00,213.89,219.3,203.92,209.86,748383.91311,1588464000,207.1142857142857,182.4104,188.9960606060606,64.82680298134987,13.603451579947773,11.516637616819747,2.0868139631280265,1005899.5945920001,0.22912029987114924,-2.0
2020-05-04 00:00:00,209.86,210.65,194.88,206.48,1114249.32658,1588550400,208.56285714285715,183.8888,189.38616161616162,62.23808133779695,13.112663950584931,11.835842883572784,1.276821067012147,1026710.5283765001,0.13015873015873014,-2.0
2020-05-05 00:00:00,206.47,211.68,201.0,205.29,640644.66268,1588636800,209.8557142857143,185.78800000000004,189.74181818181822,61.30980847522474,12.48378288540792,11.965430883939812,0.5183520014681076,1022286.7782580002,0.10662497978545638,-2.0
2020-05-06 00:00:00,205.3,210.77,197.71,198.97,862700.67849,1588723200,207.51428571428573,187.41359999999997,189.9774747474747,56.490858340627724,11.344644923968303,11.84127369194551,-0.49662876797720656,983061.4321869999,0.06066421451036841,-2.0
2020-05-07 00:00:00,198.92,215.1,196.43,212.0,1305778.73764,1588809600,208.35999999999999,189.55,190.36414141414141,62.95567457576864,11.362304413735359,11.745479836303481,-0.3831754225681223,1012173.4812735,0.09160187425982169,-2.0
2020-05-08 00:00:00,212.01,216.61,206.9,211.31,917908.1944,1588896000,208.25857142857143,191.75080000000003,190.6330303030303,62.42669926804359,11.191612510689765,11.634706371180737,-0.443093860490972,1001704.072504,0.07057452629445748,-2.0
2020-05-09 00:00:00,211.32,214.6,208.4,210.07,587871.98073,1588982400,207.71142857142857,193.8156,190.93686868686868,61.42779759509851,10.83142241558923,11.474049580062438,-0.6426271644732076,981309.6926655,0.06992971376184176,-2.0
2020-05-10 00:00:00,210.09,210.18,179.59,187.54,1473226.05475,1589068800,204.52285714285716,195.208,190.97666666666666,46.78091322082743,8.62852222808209,10.904944109666369,-2.2764218815842785,977579.9190345,-0.04433346922136172,-2.0
2020-05-11 00:00:00,187.62,193.5,176.0,185.73,1093299.81927,1589155200,201.5585714285714,195.74560000000002,190.94929292929294,45.83536630679596,6.659885075726521,10.0559323028784,-3.396047227151879,986925.8272990001,-0.13758358098068357,-2.0
2020-05-12 00:00:00,185.8,192.24,185.48,189.76,669755.79567,1589241600,199.34,196.50839999999997,190.95000000000002,48.339096562386075,5.363090895667597,9.11736402143624,-3.754273125768643,970978.6975445,-0.079192546583851,-2.0
2020-05-13 00:00:00,189.77,201.0,188.35,199.58,806143.00704,1589328000,199.42714285714285,196.99560000000002,191.0577777777778,53.92769371044688,5.069328037836016,8.307756824716195,-3.2384287868801795,938392.4935400002,-0.058673710027355885,-2.0
2020-05-14 00:00:00,199.61,206.02,195.67,203.29,1114700.24937,1589414400,198.18285714285713,197.92600000000002,191.05282828282827,55.87001766709431,5.077356248505453,7.661676709474047,-2.584320460968595,955082.29538,-0.049602618045815894,-2.0
2020-05-15 00:00:00,203.29,204.08,191.66,194.86,904749.6357,1589500800,195.83285714285714,198.91240000000002,190.86767676767678,50.64533943962096,4.353305915001442,7.000002550579527,-2.6466966355780848,956995.874701,-0.07147622224340033,-2.0
2020-05-16 00:00:00,194.87,203.5,193.21,200.45,669900.03754,1589587200,194.4585714285714,200.1008,190.63656565656564,53.7349430086311,4.1823456147917,6.436471163421961,-2.2541255486302614,952564.5858115001,-0.02920379697791553,-2.0
2020-05-17 00:00:00,200.44,209.85,199.68,207.0,708711.89315,1589673600,197.23857142857142,201.0728,190.47444444444443,57.12200563732905,4.523247423860482,6.053826415509666,-1.5305789916491834,943168.8118334999,0.008329679964927728,-2.0
2020-05-18 00:00:00,207.02,217.07,207.0,214.91,1064139.2485,1589760000,201.40714285714287,202.24879999999996,190.33727272727273,60.84958079797871,5.369785907616858,5.917018313931105,-0.5472324063142464,964534.27956,0.08011257978589725,-2.0
2020-05-19 00:00:00,214.92,215.95,209.45,214.58,643702.98849,1589846400,204.95285714285714,203.3284,190.25333333333336,60.61283695264615,5.945509381698145,5.922716527484513,0.02279285421363131,915698.2927689999,0.012169811320754675,-2.0
2020-05-20 00:00:00,214.6,215.75,204.27,209.98,679532.61037,1589932800,206.4385714285714,203.9592,189.98353535353533,57.26809644707747,5.96186812199889,5.930546846387389,0.03132127561150089,862190.373212,-0.006294070323221823,-2.0
2020-05-21 00:00:00,209.99,211.64,191.71,198.74,1003923.4342,1590019200,205.78857142857143,204.0136,189.3067676767677,50.006714181741465,5.010105105174716,5.746458498144855,-0.7363533929701385,872640.8470079999,-0.05393440281810813,-2.0
2020-05-22 00:00:00,198.72,209.19,196.24,207.36,787672.36081,1590105600,207.5742857142857,204.45440000000002,188.69101010101014,54.74576551780147,4.89496194264666,5.576159187045216,-0.6811972443985566,889849.7314245,0.10568412072091293,-2.0
2020-05-23 00:00:00,207.36,211.2,204.55,206.6,478559.92006,1590192000,208.45285714285714,204.86880000000002,187.89757575757577,54.25741701994901,4.688340240464896,5.398595397729153,-0.7102551572642568,876358.531772,0.11236741506487924,-2.0
2020-05-24 00:00:00,206.6,210.55,199.5,199.9,673535.05784,1590278400,207.43857142857146,204.2504,187.24121212121213,50.02118990636251,3.9385558271832792,5.106587483619979,-1.1680316564366997,854322.8183350001,0.05343591905564926,-2.0
2020-05-25 00:00:00,199.9,205.67,198.01,204.15,469931.62492,1590364800,205.90142857142857,204.1732,186.68868686868686,52.551874333720356,3.6452654084904452,4.8143230685940726,-1.1690576601036273,845787.166447,0.022898085980559202,-2.0
2020-05-26 00:00:00,204.22,205.0,196.9,200.89,477176.7353,1590451200,203.9457142857143,203.72800000000004,186.0123232323232,50.441994671639655,3.1138810017255025,4.474234655220359,-1.3603536534948564,826510.9692875,-0.011805794677554271,-2.0
2020-05-27 00:00:00,200.92,208.44,200.76,208.29,494816.72727,1590537600,203.70428571428573,203.5036,185.2616161616162,54.871165176716396,3.252381754240446,4.229864075024377,-0.9774823207839312,785962.868769,0.06892127681412274,-2.0
2020-05-28 00:00:00,208.29,220.5,204.67,220.21,643945.97769,1590624000,206.77142857142857,203.91760000000002,184.87535353535353,60.928696887459814,4.274712751176764,4.238833810254855,0.035878940921909575,772264.7579335,0.09857819905213283,-2.0
2020-05-29 00:00:00,220.24,224.79,217.57,220.67,603058.0759,1590710400,208.6728571428571,204.48519999999996,184.5087878787879,61.14544224566957,5.063664811441129,4.40380001049211,0.6598648009490189,773024.062692,0.06603864734299503,-2.0
2020-05-30 00:00:00,220.63,247.0,218.8,243.66,1019550.75146,1590796800,213.96714285714285,206.02,184.29050505050506,70.07914869771466,7.458044177044911,5.01464884380267,2.4433953332422416,750340.2975275001,0.13377692987762324,-2.0
2020-05-31 00:00:00,243.71,245.39,229.58,231.57,821608.68884,1590883200,218.49142857142854,207.324,183.98747474747478,62.005136703072715,8.284546025571558,5.668628280156448,2.6159177454151097,736755.7410060001,0.07917792897753739,-2.0
2020-06-01 00:00:00,231.56,250.68,230.66,248.23,823816.69936,1590969600,224.78857142857143,208.7732,183.72232323232322,67.55281181863026,10.166682276974825,6.568239079520124,3.598443197454701,744458.7861905,0.18216020573387937,-2.0
2020-06-02 00:00:00,248.23,253.8,225.0,237.71,955520.91863,1591056000,230.04857142857142,209.8292,183.44141414141416,61.45123382747503,10.686228544860882,7.391836972588276,3.2943915722726054,751927.68177,0.19608533762705038,-2.0
2020-06-03 00:00:00,237.71,245.0,232.71,244.52,502928.13371,1591142400,235.2242857142857,211.2072,183.41969696969696,63.734756803637076,11.51474794511509,8.21641916709364,3.2983287780214496,721339.0759869999,0.1792052469135803,-2.0
2020-06-04 00:00:00,244.54,246.6,236.0,243.21,669369.3392,1591228800,238.51,213.43400000000003,183.61444444444442,62.96210642852529,11.928149208047984,8.958765175284508,2.9693840327634753,709570.061162,0.17720232333010655,-2.0
2020-06-05 00:00:00,243.22,247.87,239.14,240.03,502547.41103,1591315200,241.2757142857143,215.606,183.7380808080808,61.028017423502156,11.862430548430751,9.539498249913757,2.322932298516994,701202.4298365001,0.20075037518759387,-2.0
2020-06-06 00:00:00,240.04,244.7,237.83,241.94,389423.07798,1591401600,241.03,217.6932,183.89141414141415,61.787287020195066,11.82812184874851,9.997222969680708,1.8308988790678011,685237.989078,0.18510898848885615,-2.0
2020-06-07 00:00:00,241.94,245.37,234.6,244.56,571102.55515,1591488000,242.8857142857143,219.49239999999998,184.1676767676768,62.85629593774468,11.87545125100604,10.372868625945774,1.502582625060267,660586.1544105,0.21738264721987166,-2.0
2020-06-08 00:00:00,244.57,247.7,240.59,246.4,383116.54719,1591574400,242.62428571428572,221.2168,184.45646464646464,63.62589926395,11.923980540512588,10.683091008859137,1.2408895316534512,647556.8323455,0.18296605693984347,-2.0
2020-06-09 00:00:00,246.37,249.82,238.0,243.8,420327.17133,1591660800,243.49428571428572,223.1744,184.57595959595957,61.68110320120591,11.61870883809732,10.870214574706775,0.748494263390544,634596.5603935,0.10712501702919952,-2.0
2020-06-10 00:00:00,243.79,250.28,242.0,247.78,431285.61715,1591747200,243.96,225.06760000000003,184.8170707070707,63.51932296126127,11.564621791041532,11.009096017973727,0.5555257730678047,605964.669541,0.12285312910681112,-2.0
2020-06-11 00:00:00,247.78,250.09,226.2,230.51,816456.89161,1591833600,242.1457142857143,226.00799999999998,184.880202020202,51.887645606922376,10.012791520088513,10.809835118396684,-0.7970435983081714,607403.896081,-0.05396864483296404,-2.0
2020-06-12 00:00:00,230.46,239.38,228.19,237.55,446515.34124,1591920000,241.79142857142855,226.9136,184.97282828282826,55.46760075470004,9.2444596380588,10.496760022329108,-1.252300384270308,605801.66714,0.025823725007557252,-2.0
2020-06-13 00:00:00,237.55,238.73,234.66,238.11,253797.7809,1592006400,241.24428571428572,227.85480000000004,184.9044444444444,55.749658257192166,8.581812612103192,10.113770540283925,-1.5319579281807325,584814.803293,-0.04076864198525554,-2.0
2020-06-14 00:00:00,238.13,238.59,229.83,231.77,304943.21188,1592092800,239.41714285714286,228.72639999999998,184.84929292929291,51.75311967033051,7.459091294193797,9.582834691065901,-2.1237433968721042,576565.382641,-0.02498843128181394,-2.0
2020-06-15 00:00:00,231.74,233.55,218.27,230.86,875026.92057,1592179200,237.19714285714286,230.01120000000003,185.16676767676765,51.185928831917764,6.421869848034646,8.95064172245965,-2.5287718744250043,596457.8919045001,-0.055864550956976955,-2.0
2020-06-16 00:00:00,230.86,236.0,228.7,235.3,499194.66758,1592265600,235.98285714285717,231.12879999999998,185.4949494949495,53.84388711951893,5.890236295083383,8.338560636984397,-2.4483243419010137,596676.78892,-0.03252333374450067,-2.0
2020-06-17 00:00:00,235.31,237.3,227.65,233.82,478187.2917,1592352000,233.98857142857145,232.21760000000003,185.82949494949494,52.81161077878101,5.288526402656203,7.728553790118759,-2.440027387462556,588388.8546205,-0.025871766029246346,-2.0
2020-06-18 00:00:00,233.82,234.65,227.93,231.27,334347.79917,1592438400,234.09714285714287,233.4724,186.19979797979798,50.997468537935994,4.55341436269012,7.093525904633031,-2.5401115419429114,574953.340784,-0.04410184343225587,-2.0
2020-06-19 00:00:00,231.26,231.95,226.74,229.0,397284.59808,1592524800,232.8757142857143,234.4664,187.4238383838384,49.371585297720856,3.7444984981845835,6.423720423343342,-2.6792219251587586,543840.033115,-0.06362446843310432,-2.0
2020-06-20 00:00:00,229.0,230.85,225.62,228.89,303704.98826,1592611200,231.55857142857144,235.5864,188.38171717171716,49.28957897170253,3.0592852311425247,5.750833384903179,-2.691548153760654,517944.84808599995,-0.07106331168831181,-2.0
2020-06-21 00:00:00,228.88,231.49,227.11,228.04,256305.23734,1592697600,231.0257142857143,236.3764,189.44737373737374,48.61757094029977,2.4197673127347628,5.0846201704694955,-2.664852857734733,489569.274985,-0.06464315012305177,-2.0
2020-06-22 00:00:00,228.03,246.89,227.51,243.13,749030.11114,1592784000,232.77857142857144,237.29319999999998,190.6529292929293,59.241643265877656,3.0949054984524764,4.686677236066092,-1.591771737613616,479244.7346105,-0.018766647832754835,-2.0
2020-06-23 00:00:00,243.11,244.87,240.75,243.14,442296.31477,1592870400,233.89857142857142,238.192,191.98747474747472,59.247656725742665,3.5893880599298598,4.467219400838846,-0.877831340908986,476213.1436635001,0.05479154917357154,-2.0
2020-06-24 00:00:00,243.15,249.24,231.07,234.58,921634.0534,1592956800,234.00714285714284,237.82879999999997,193.18858585858584,52.154235036469316,3.2530494621138075,4.224385413093838,-0.9713359509800306,488826.37937349995,-0.01250263102504734,-2.0
2020-06-25 00:00:00,234.57,235.39,227.56,232.5,613748.59348,1593043200,234.18285714285713,237.86599999999999,194.34404040404038,50.56988612643299,2.786538601008772,3.9368160506768253,-1.1502774496680535,494386.43849599996,-0.02356053924656676,-2.0
2020-06-26 00:00:00,232.49,233.61,227.75,229.64,628340.07007,1593129600,234.27428571428572,237.12240000000003,195.2868686868687,48.39302175069266,2.161135064803858,3.5816798535022323,-1.4205447886983742,506332.2881005,-0.009190145402770078,-2.0
2020-06-27 00:00:00,229.66,231.42,216.0,220.94,645950.61438,1593216000,233.1385714285714,236.45159999999998,196.17030303030305,42.41211260532472,0.9525011254432911,3.055844107890444,-2.103342982447153,510074.691062,-0.04296976522567797,-2.0
2020-06-28 00:00:00,220.94,227.96,218.32,224.93,444766.56881,1593302400,232.6942857142857,235.668,197.10232323232324,45.72511465956534,0.3130015874776859,2.5072756038078925,-2.1942740163302066,513157.192143,-0.04407139821504469,-2.0
2020-06-29 00:00:00,224.89,229.96,221.26,227.93,597915.52242,1593388800,230.52285714285716,235.0568,198.16909090909093,48.14084809834614,0.04771845559602639,2.0153641741655193,-1.9676457185694929,522036.60969750007,-0.02519031733812327,-2.0
2020-06-30 00:00:00,227.98,228.7,222.91,225.6,415036.02977,1593475200,228.01714285714283,234.4796,199.07494949494946,46.41298646978695,-0.3465371999305944,1.5429838993462965,-1.889521099276891,521224.13032850006,-0.02451679854715272,-2.0
2020-07-01 00:00:00,225.59,232.71,224.16,230.99,517351.58865,1593561600,227.50428571428571,234.0416,200.01000000000002,50.81122480383331,-0.22150630668298277,1.1900858581404408,-1.4115921648234235,506268.8651805,0.008689956331877857,-2.0
2020-07-02 00:00:00,230.99,232.01,222.87,226.46,592485.91115,1593648000,226.64142857142858,233.31760000000003,200.92272727272726,47.29762225013256,-0.48239086260940667,0.8555905139904714,-1.337981376599878,513567.393676,-0.010616453318187724,-2.0
2020-07-03 00:00:00,226.46,228.13,223.97,224.87,314578.5004,1593734400,225.96,232.4564,201.7961616161616,46.092835989543524,-0.8081278695306082,0.5228468372862555,-1.3309747068168636,516606.4296510001,-0.013901069987721448,-2.0
2020-07-04 00:00:00,224.86,230.71,224.43,229.17,307726.46593,1593820800,227.1357142857143,231.87120000000002,202.78444444444443,49.81583894290791,-0.7111055488046816,0.27605636006806805,-0.9871619088727497,516745.5923535001,-0.057417842306584976,-2.0
2020-07-05 00:00:00,229.24,229.85,223.05,227.56,355747.12006,1593907200,227.51142857142855,231.06239999999997,203.76,48.46616864957571,-0.755420191554407,0.06976104974357306,-0.82518124129798,490781.60232799995,-0.0640783087932878,-2.0
2020-07-06 00:00:00,227.54,242.0,226.93,241.6,864817.507,1593993600,229.46428571428572,231.50600000000003,204.9428282828283,58.91886989365412,0.338469136109552,0.12350266701676885,0.21496646909278314,509062.744299,0.029925824878506146,-2.0
2020-07-07 00:00:00,241.6,243.77,234.4,239.39,600424.97209,1594080000,231.43428571428572,231.5796,206.02696969696967,56.96039090683947,1.0153514397082688,0.3018724215550689,0.7134790181531999,515174.62831850006,0.029634408602150497,-2.0
2020-07-08 00:00:00,239.39,248.88,237.78,246.95,958185.83708,1594166400,233.71428571428572,231.9332,207.1808080808081,61.65584775405314,2.137178299340178,0.6689335971120907,1.4682447022280873,546366.530214,0.07537885385821297,-2.0
2020-07-09 00:00:00,246.94,247.9,237.88,241.98,647641.58291,1594252800,235.93142857142857,232.3416,208.25444444444443,57.23514230447904,2.595279932392657,1.054202864168204,1.541077068224453,558884.3794555,0.09522947406535698,-2.0
2020-07-10 00:00:00,241.97,242.16,235.72,241.26,455025.12385,1594339200,238.27285714285713,232.75760000000002,209.26434343434343,56.601987686252926,2.8671797311387195,1.4167982375623072,1.4503814935764123,566450.386235,0.07260036455786234,-2.0
2020-07-11 00:00:00,241.27,241.67,237.54,239.19,294476.00626,1594425600,239.70428571428573,232.9132,210.25303030303033,54.72753103929196,2.882404020969517,1.7099193942437494,1.1724846267257676,568358.924681,0.04940113192646867,-2.0
2020-07-12 00:00:00,239.19,244.0,236.52,242.79,469315.1172,1594512000,241.87999999999997,233.27199999999996,211.24989898989898,57.371524392848265,3.1486634614811635,1.9976682076912324,1.150995253789931,554373.1749839999,0.07619680851063837,-2.0
2020-07-13 00:00:00,242.76,245.33,237.33,239.5,604093.04245,1594598400,241.57999999999998,233.60119999999998,212.22787878787875,54.25314345851505,3.058938938104461,2.2099223537738784,0.8490165843305828,562463.011368,0.036841421706567345,-2.0
2020-07-14 00:00:00,239.5,242.09,237.0,240.44,426320.89188,1594684800,241.73000000000002,234.05880000000002,212.92606060606062,55.00564508977938,3.0287679988423406,2.373691482787571,0.6550765160547698,537697.3532920001,0.061732756336659866,-2.0
2020-07-15 00:00:00,240.45,241.45,236.83,238.61,368350.66518,1594771200,240.53857142857143,234.4476,213.67333333333332,53.17191092492118,2.824631017952129,2.4638793898204825,0.3607516281316463,525427.456877,0.06110197002712692,-2.0
2020-07-16 00:00:00,238.59,239.39,230.02,233.57,587161.73894,1594857600,239.33714285714285,234.66879999999998,214.28404040404044,48.38752049930153,2.23045382759139,2.417194277374664,-0.1867404497832741,523368.5403205,0.0191997207313348,-2.0
2020-07-17 00:00:00,233.58,234.84,231.65,232.67,325600.21444,1594944000,238.10999999999999,234.25039999999998,214.9219191919192,47.56447525414568,1.667717238817744,2.2672988696632803,-0.5995816308455364,507351.02032350004,0.02245561610124791,-2.0
2020-07-18 00:00:00,232.66,236.8,232.32,235.67,341356.6182,1595030400,237.60714285714286,233.95159999999998,215.70838383838384,50.58192204625451,1.4471376636951447,2.1032666284696533,-0.6561289647745085,502180.522793,-0.024544701986754958,-2.0
2020-07-19 00:00:00,235.67,239.92,233.28,239.11,348803.52073,1595116800,237.08142857142857,234.13280000000003,216.52434343434342,53.86066382961051,1.532243265366077,1.989061955848938,-0.45681869048286106,489724.9227085,-0.0011696395003967242,-2.0
2020-07-20 00:00:00,239.12,239.72,234.05,236.01,396657.91938,1595203200,236.58285714285714,234.2732,217.30636363636364,50.60244110870267,1.3341665343063767,1.8580828715404258,-0.5239163372340492,488806.017189,-0.04430046568131196,-2.0
2020-07-21 00:00:00,236.0,246.66,235.57,245.59,637462.08074,1595289600,237.31857142857143,234.91119999999998,218.20838383838384,58.880767803894074,1.9279905594384275,1.8720644091200263,0.0559261503184012,494811.54179349996,0.014918588313083792,-2.0
2020-07-22 00:00:00,245.53,269.61,241.51,263.74,718417.68296,1595376000,240.90857142857143,236.6232,219.27191919191918,69.35806142573884,3.819129148252017,2.2614773569464246,1.5576517913055925,501108.130384,0.09317748487109356,-2.0
2020-07-23 00:00:00,263.75,279.98,259.7,275.3,1068774.57879,1595462400,246.87000000000003,238.638,220.51000000000002,73.91667660664982,6.179432838652957,3.0450684532877315,3.1343643853652257,538817.9343035,0.1509678498264979,-2.0
2020-07-24 00:00:00,275.31,287.34,266.0,279.15,926033.06692,1595548800,253.51,240.6868,221.58939393939391,75.23794474388018,8.265375241802928,4.089129810990771,4.176245430812157,569733.264353,0.14975905103175569,-2.0
2020-07-25 00:00:00,279.15,308.94,279.09,305.26,1058927.30554,1595635200,263.45142857142855,243.8732,222.94868686868688,81.92502535359054,11.888317292797353,5.648967307352088,6.239349985445266,604892.273627,0.27457202505219214,-2.0
2020-07-26 00:00:00,305.31,318.75,299.0,311.0,1270368.753,1595721600,273.7214285714286,247.07359999999997,224.19717171717173,83.01120615053952,15.04921699323117,7.529017244527904,7.5201997487032655,625169.835927,0.293461986358343,-2.0
2020-07-27 00:00:00,311.02,333.31,310.78,321.93,1636122.34727,1595808000,285.9957142857143,250.89239999999998,225.63050505050506,84.87505687495435,18.226113146069792,9.668436424836283,8.55767672123351,676954.704686,0.34918905326683713,-2.0
2020-07-28 00:00:00,321.95,326.8,305.86,316.77,1093231.55578,1595894400,296.1642857142857,254.5684,227.11101010101012,80.39100858694607,20.095805423694742,11.753910224607976,8.341895199086766,683706.990621,0.356210129725564,-2.0
2020-07-29 00:00:00,316.77,325.0,312.38,317.71,792802.32148,1595980800,303.8742857142857,258.11,228.59555555555553,80.59216327919458,21.40663777313091,13.684455734312564,7.722182038818346,690965.0275495,0.36549619632956554,-2.0
2020-07-30 00:00:00,317.76,342.0,314.05,334.87,1008827.56698,1596067200,312.38428571428574,262.4024,230.13262626262627,83.84932737353198,23.558581775986795,15.659280942647413,7.899300833339382,718655.1497060001,0.42092756820978505,-2.0
2020-07-31 00:00:00,334.82,349.45,328.4,346.33,948088.44982,1596153600,321.9814285714286,266.59159999999997,231.7570707070707,85.58878953911616,25.890291957415286,17.705483145600986,8.1848088118143,751335.771884,0.4484128643720462,-2.0
2020-08-01 00:00:00,346.32,392.67,343.07,387.0,1440843.34203,1596240000,333.65857142857146,272.49600000000004,233.77131313131315,89.79102752312778,30.66641484078616,20.29766948463802,10.368745356148139,799912.1831255,0.639761027075124,-2.0
2020-08-02 00:00:00,387.01,415.85,325.0,372.42,2324909.09616,1596326400,342.4328571428572,277.5148,235.57141414141415,80.70547738977552,32.89583972273442,22.817303532257302,10.07853619047712,885952.9858110001,0.516429822061159,-2.0
2020-08-03 00:00:00,372.45,398.0,366.5,385.94,1191565.09389,1596412800,351.57714285714286,283.2732,237.47606060606057,82.47619960674169,35.34617728297616,25.323078282401077,10.02309900057508,924215.1959115,0.46333510275271084,-2.0
2020-08-04 00:00:00,385.91,402.98,380.77,389.61,1180792.42379,1596499200,361.9828571428571,289.2072,239.42828282828282,82.93404726087965,37.15591551640796,27.689645729202454,9.466269787205505,964837.283842,0.41521976026153284,-2.0
2020-08-05 00:00:00,389.59,407.0,384.11,400.72,1124119.0672,1596585600,373.8414285714286,295.6684,241.4937373737374,84.27358543233471,39.03664016634559,29.959044616631083,9.077595549714509,991685.150255,0.435500626903099,-2.0
2020-08-06 00:00:00,400.72,403.66,390.51,394.77,821379.08397,1596672000,382.3985714285714,301.74760000000003,243.3059595959596,80.62373507193846,39.59063651411623,31.885362996128116,7.705273517988111,1016474.0937315,0.29322544715979815,-2.0
2020-08-07 00:00:00,394.77,398.26,362.85,379.34,1041207.35946,1596758400,387.1142857142857,307.3412,245.0560606060606,71.92426740112619,38.34262070095514,33.17681453709352,5.1658061638616175,1051466.6307945,0.2197427652733117,-2.0
2020-08-08 00:00:00,379.34,397.05,375.79,397.03,623029.78053,1596844800,388.54714285714283,313.6048,246.9248484848485,75.22486369257473,38.33904568265558,34.20926076620594,4.129784916449644,1065177.9437845,0.23328052682260103,-2.0
2020-08-09 00:00:00,397.05,400.0,383.36,390.14,594900.58133,1596931200,391.07857142857137,319.666,248.7050505050505,71.68981933063795,37.34970291125103,34.837349195214955,2.512353716036074,1075090.0768819998,0.2316191558544054,-2.0
2020-08-10 00:00:00,390.14,399.18,385.13,395.44,826969.90633,1597017600,392.43571428571425,326.1408,250.57959595959596,72.75061442802593,36.571731191076594,35.184225594387286,1.3875055966893086,1084565.4681614998,0.24465707720877528,-2.0
2020-08-11 00:00:00,395.43,398.21,367.0,379.0,992412.6023,1597104000,390.92,331.994,252.32222222222222,64.65745499209687,34.233984331212525,34.994177341752334,-0.7601930105398083,1098265.2141284999,0.13178248275450177,-2.0
2020-08-12 00:00:00,378.99,389.23,365.85,387.18,751848.7983,1597190400,388.9857142857142,338.05440000000004,254.15949494949496,66.64569798794577,32.66482101557864,34.528306076517595,-1.863485060938956,1082418.9251040001,0.11795108711344682,-2.0
2020-08-13 00:00:00,387.18,431.49,376.59,424.54,1511330.7732,1597276800,393.23857142857145,345.47159999999997,256.4379797979798,73.87460651052945,34.04345578520366,34.43133601825481,-0.38788023305114905,1111683.810418,0.09700258397932826,-2.0
2020-08-14 00:00:00,424.54,444.71,417.05,438.11,1109670.94324,1597363200,401.63428571428574,353.55559999999997,258.7219191919192,75.916348541162,35.81813025388192,34.70869486538024,1.10943538850168,1114220.992303,0.1763868750335642,-2.0
2020-08-15 00:00:00,438.12,442.94,427.02,432.32,681698.5971,1597449600,406.67571428571426,361.02479999999997,260.95434343434346,73.28465990605982,36.338480561206666,35.03465200454553,1.3038285566611378,1084787.484508,0.12017412032958497,-2.0
2020-08-16 00:00:00,432.3,436.99,412.47,433.62,716666.25258,1597536000,412.88714285714286,367.82,263.2124242424242,73.50672703617948,36.43575239103427,35.314872081843276,1.1208803091909942,1038814.6797735,0.11295911295911298,-2.0
2020-08-17 00:00:00,433.61,446.0,420.37,430.89,868870.64996,1597622400,417.95142857142855,374.0436,265.6705050505051,72.15039425162044,35.87896248687031,35.427690162848684,0.4512723240216232,1027596.6344824999,0.07528947893791171,-2.0
2020-08-18 00:00:00,430.89,433.81,415.0,421.95,743254.57018,1597708800,424.08714285714285,379.7556000000001,268.0565656565656,67.74222571598892,34.3206916219342,35.20629045466579,-0.8855988327315885,1025119.2469175002,0.06885021658180723,-2.0
2020-08-19 00:00:00,421.92,426.75,393.25,407.46,978339.69221,1597795200,426.98428571428576,383.8436,270.25555555555553,61.21412728521365,31.552807706420936,34.47559390501682,-2.9227861985958867,1023594.8531790001,0.07412874993409613,-2.0
2020-08-20 00:00:00,407.46,418.98,402.07,415.94,663555.73445,1597881600,425.7557142857143,388.0412,272.4410101010101,63.4349098114443,29.701128767412854,33.52070087749603,-3.819572110083179,1009368.2174104999,0.04762864267183842,-2.0
2020-08-21 00:00:00,415.94,418.68,385.1,387.97,860998.7256,1597968000,418.59285714285716,390.6828,274.30646464646463,52.713834024199265,25.68068368679502,31.95269743935583,-6.2720137525608095,980375.986589,-0.0055621059106986115,-2.0
2020-08-22 00:00:00,387.93,397.04,379.92,395.24,643235.76543,1598054400,413.29571428571427,393.8216,276.33050505050505,54.849809463278,22.818047983327517,30.12576754815017,-7.307719564822651,896292.3200524999,-0.000505765729314156,-2.0
2020-08-23 00:00:00,395.23,396.95,383.15,390.71,445317.81989,1598140800,407.1657142857143,396.74160000000006,278.25232323232325,53.23613060656534,19.953839976527263,28.09138203382559,-8.137542057298326,858979.9563525,0.030897097625329772,-2.0
2020-08-24 00:00:00,390.72,410.42,387.44,407.68,717403.81877,1598227200,403.85,399.654,280.2793939393939,58.19761234767228,18.83614037032737,26.240333701125948,-7.404193330798577,835810.5261015,0.05294694973913949,-2.0
2020-08-25 00:00:00,407.68,409.06,370.0,382.93,970445.38395,1598313600,398.2757142857143,401.11799999999994,281.97656565656564,49.884812119501454,15.771433950993242,24.14655375109941,-8.37511980010617,828126.8419390001,-0.09801196589249539,-2.0
2020-08-26 00:00:00,382.91,392.91,377.37,385.81,738690.7794,1598400000,395.18285714285713,401.0704,283.70616161616164,50.76608123227674,13.42032283668874,22.00130756821728,-8.580984731528538,823992.4267105,-0.1193764123165415,-2.0
2020-08-27 00:00:00,385.81,397.1,371.48,383.27,877763.73658,1598486400,390.5157142857143,401.50440000000003,285.45656565656566,49.93212143251722,11.22272497976428,19.845591050526682,-8.622866070762402,815820.2455665,-0.11345762398223536,-2.0
2020-08-28 00:00:00,383.31,398.0,379.75,395.11,732601.46905,1598572800,391.5357142857143,401.87119999999993,287.440101010101,53.74645905013017,10.317567399783456,17.939986320378036,-7.62241892059458,821298.8299924999,-0.08881047922143814,-2.0
2020-08-29 00:00:00,395.1,405.69,391.88,398.65,659802.63344,1598659200,392.02285714285716,402.2328,289.3723232323232,54.85388965762665,9.773212402365061,16.30663153677544,-6.53341913441038,824543.932598,-0.07482188029427461,-2.0
2020-08-30 00:00:00,398.65,429.89,398.3,428.94,894979.71788,1598745600,397.48428571428576,403.36159999999995,291.6181818181818,63.01390094921327,11.651644100656995,15.375634049551753,-3.723989948894758,827944.4231755,0.016565943832207664,-2.0
2020-08-31 00:00:00,428.94,439.0,418.04,433.79,1040748.68881,1598832000,401.2142857142857,404.92240000000004,293.980707070707,64.13181139537815,13.37746216512329,14.975999672666061,-1.5985375075427708,830361.227501,0.06461983998429299,-2.0
2020-09-01 00:00:00,433.8,488.84,429.03,475.4,1751354.57719,1598918400,414.42428571428576,408.76480000000004,296.7206060606061,71.96177386843547,17.896465353350493,15.560092808802949,2.336372544547544,880336.5164455001,0.14295331057364047,-2.0
2020-09-02 00:00:00,475.4,481.39,420.0,439.5,1880642.46853,1599004800,422.0942857142857,410.4636,299.1308080808081,59.82706526964344,18.36922892984353,16.121920033011065,2.2473088968324646,898802.1012119999,0.1328195479031884,-2.0
2020-09-03 00:00:00,439.5,450.7,372.0,381.4,2408569.34151,1599091200,421.82714285714286,410.11400000000003,300.87939393939394,46.23791984117784,13.895533966356993,15.676642819680252,-1.7811088533232589,963747.0211255001,-0.03501669871470503,-2.0
2020-09-04 00:00:00,381.35,400.21,357.0,385.26,1806488.22474,1599177600,420.42,409.7068,302.5465656565657,47.09765604847917,10.540068864293687,14.649328028602941,-4.109259164309254,1019986.5025075,-0.013948964705280065,-2.0
2020-09-05 00:00:00,385.3,395.0,308.42,335.01,2777166.51389,1599264000,411.32857142857137,407.9472,303.70151515151514,38.47240193000506,3.7824814610897306,12.4759587151003,-8.693477254010569,1123011.515573,-0.17825255102040816,-2.0
2020-09-06 00:00:00,335.04,360.0,316.1,352.8,2017811.14721,1599350400,400.45142857142855,406.57199999999995,304.8039393939394,42.48804671093918,-0.1358845267320703,9.953590066733826,-10.089474593465896,1180458.5404355,-0.07868278797691486,-2.0
2020-09-07 00:00:00,352.85,358.51,323.0,353.59,1740618.42462,1599436800,388.9942857142857,403.73400000000004,306.03646464646465,42.666994305237836,-3.1412609043504176,7.334619872516978,-10.475880776867395,1230326.7331575002,-0.08351260983385611,-2.0
2020-09-08 00:00:00,353.59,356.58,325.38,337.39,1400246.82962,1599523200,369.27857142857147,399.7052,306.9370707070707,39.92370747930406,-6.752410363688455,4.517213825275892,-11.269624188964347,1251422.090028,-0.11970673415607791,-2.0
2020-09-09 00:00:00,337.41,359.0,330.51,350.85,879760.56255,1599609600,356.6142857142857,396.4464,308.079898989899,43.19187530144603,-8.430975776404182,1.927575904939877,-10.358551681344059,1262232.3314329998,-0.11201943762496513,-2.0
2020-09-10 00:00:00,350.85,377.25,349.91,367.93,1134287.61137,1599696000,354.69,393.81879999999995,309.3264646464647,47.12282057137183,-8.287504509712505,-0.11544017799059936,-8.172064331721906,1275896.7757215,-0.07706007776244816,-2.0
2020-09-11 00:00:00,367.93,375.27,355.49,373.63,844017.59966,1599782400,353.0285714285714,391.5284,310.6438383838384,48.405913594887956,-7.625952896096919,-1.6175427216118634,-6.008410174485055,1285935.867433,-0.12894577330162726,-2.0
2020-09-12 00:00:00,373.62,388.57,364.73,387.78,766542.31635,1599868800,360.56714285714287,390.16159999999996,312.1362626262626,51.54901736527769,-5.891962852425479,-2.4724267477745867,-3.4195361046508923,1301997.0922559998,-0.10606514672998468,-2.0
2020-09-13 00:00:00,387.78,390.43,350.0,366.42,989195.69047,1599955200,362.5128571428572,388.52,313.3936363636364,46.903894661473146,-6.170210392541321,-3.2119834767279336,-2.9582269158133876,1315586.6858410002,-0.22923853596970967,-2.0
2020-09-14 00:00:00,366.43,384.64,355.73,377.12,1042059.62265,1600041600,365.8742857142857,386.9672,314.73262626262624,49.365349267076596,-5.4643335605233005,-3.662453493487007,-1.8018800670362936,1319167.397776,-0.14193401592719002,-2.0
2020-09-15 00:00:00,377.12,382.47,362.34,364.06,883856.33005,1600128000,369.6842857142857,386.0108,315.92111111111114,46.53000162740997,-5.890847910816603,-4.108132376952927,-1.7827155338636764,1326425.6753085,-0.04546407970634503,-2.0
2020-09-16 00:00:00,364.05,373.45,355.0,365.11,841709.98939,1600214400,371.7214285714286,384.8056,317.14646464646466,46.794589966996604,-6.074118721891864,-4.501329645940714,-1.5727890759511496,1324622.987949,-0.05230234127602129,-2.0
2020-09-17 00:00:00,365.04,394.14,363.3,389.36,1256300.411,1600300800,374.78285714285715,384.75159999999994,318.57656565656566,52.625212566321295,-4.214013303538934,-4.443866377460359,0.22985307392142484,1350807.9350465,0.16223396316527872,-2.0
2020-09-18 00:00:00,389.35,392.58,375.33,384.39,804194.47219,1600387200,376.32000000000005,383.82,320.1309090909091,51.38240777834155,-3.105110046384482,-4.176115111245184,1.0710050648607021,1358027.526984,0.08954081632653055,-2.0
2020-09-19 00:00:00,384.4,388.72,377.0,385.25,570908.33553,1600473600,375.9585714285714,383.91280000000006,321.62282828282827,51.59542866057561,-2.132321340108092,-3.767356357017766,1.635035016909674,1341823.9578665,0.08953873129896217,-2.0
2020-09-20 00:00:00,385.25,385.45,365.0,371.04,693164.40144,1600560000,376.61857142857144,383.32199999999995,322.96555555555557,47.86365813442308,-2.4794262415712183,-3.5097703339284565,1.0303440923572382,1324444.743498,0.09973621032040092,-2.0
2020-09-21 00:00:00,371.04,376.8,331.0,340.36,1283946.03098,1600646400,371.3671428571428,381.6056,324.06242424242424,40.97318028881262,-5.170526363896272,-3.84192153992202,-1.3286048239742518,1301074.3161875,-0.02989881715832976,-2.0
2020-09-22 00:00:00,340.31,346.91,335.34,344.21,842731.12878,1600732800,368.53142857142853,379.5696,325.2073737373737,42.09963773810638,-6.912892256157818,-4.45611568316918,-2.4567765729886375,1249178.7492,-0.06446878482320018,-2.0
2020-09-23 00:00:00,344.18,344.65,313.29,320.72,940904.49756,1600819200,362.19,376.45240000000007,326.07020202020203,37.40884084638306,-10.073060493614435,-5.579504645258231,-4.493555848356204,1175795.5070025001,-0.14161068436688695,-2.0
2020-09-24 00:00:00,320.72,353.1,316.67,348.97,1071705.09721,1600905600,356.42,373.2536,327.23333333333335,45.302142560703395,-10.180621813631888,-6.499728078932963,-3.680893734698925,1139056.350626,-0.10008252101707138,-2.0
2020-09-25 00:00:00,348.97,358.0,337.58,351.92,860643.77924,1600992000,351.78142857142853,369.9788,328.4520202020202,46.06701396099578,-9.913547385570041,-7.182491940260379,-2.7310554453096625,1043230.2138934999,-0.039572075760056724,-2.0
2020-09-26 00:00:00,351.93,356.4,345.88,353.92,530879.20755,1601078400,347.30571428571426,365.1196,329.7138383838384,46.61208577428891,-9.431781980272888,-7.632349948262881,-1.7994320320100066,968883.6169105001,-0.06151887993211702,-2.0
2020-09-27 00:00:00,353.95,362.14,347.24,357.49,569568.55041,1601164800,345.37,361.8392,331.0128282828283,47.62952545520598,-8.66205943218796,-7.838291845047897,-0.823767587140062,910331.1231999999,-0.01804647585562813,-2.0
2020-09-28 00:00:00,357.58,368.2,351.7,353.96,757758.4304,1601251200,347.31285714285724,360.74160000000006,332.2847474747475,46.68218076341205,-8.241882969361427,-7.919010069910604,-0.3228728994508234,878206.703239,-0.030538741749062015,-2.0
2020-09-29 00:00:00,353.91,360.63,350.45,359.79,585143.16892,1601337600,349.5385714285715,359.7228,333.46313131313127,48.50391296171827,-7.353689068635674,-7.805945869655618,0.4522568010199439,863475.8335574999,-0.07594514074378467,-2.0
2020-09-30 00:00:00,359.78,361.5,351.56,359.83,498943.23226,1601424000,355.1257142857143,360.7156,334.64181818181817,48.51691025382188,-6.570817048766401,-7.558920105477775,0.988103056711374,831708.614602,-0.06389344155675225,-2.0
2020-10-01 00:00:00,359.83,370.45,345.51,352.85,758349.31959,1601510400,355.68,360.7176,335.8364646464646,46.31992756191372,-6.439383790478246,-7.3350128424778696,0.8956290519996237,827425.2005985,-0.08410123296560668,-2.0
2020-10-02 00:00:00,352.83,354.55,334.24,345.6,733571.84211,1601596800,354.77714285714285,360.398,336.97888888888883,44.086820493123106,-6.841373302754221,-7.23628493453314,0.3949116317789194,825776.6768865,-0.06856403622250973,-2.0
2020-10-03 00:00:00,345.6,351.0,343.7,345.95,303595.71901,1601683200,353.6385714285715,360.7404,338.1537373737374,44.22661284649167,-7.050437754790892,-7.199115498584691,0.14867774379379917,791496.6783135,0.0164237865789163,-2.0
2020-10-04 00:00:00,345.94,354.45,343.81,352.37,343932.91712,1601769600,352.90714285714284,360.80120000000005,339.48131313131313,46.85150730748797,-6.621751069010031,-7.08364261266976,0.4618915436597284,756590.3430369999,0.02370645826675588,-2.0
2020-10-05 00:00:00,352.34,356.1,348.54,353.62,376740.30692,1601856000,352.85857142857145,360.2288,340.78121212121215,47.37086992383139,-6.1107087816431545,-6.889055846464439,0.7783470648212845,731234.5418805,0.10258169119481164,-2.0
2020-10-06 00:00:00,353.63,355.1,336.8,340.75,640063.26951,1601942400,350.1385714285714,358.91360000000003,341.9208080808081,42.739952989358905,-6.667348484912566,-6.844714374154065,0.1773658892414991,721152.2058865,-0.02355503338395859,-2.0
2020-10-07 00:00:00,340.8,342.85,332.18,341.58,541928.86376,1602028800,347.53142857142853,357.06559999999996,343.0923232323232,43.12610017010136,-6.96127020701914,-6.86802554072708,-0.09324466629206007,685433.6285245001,-0.02938167765401234,-2.0
2020-10-08 00:00:00,341.58,353.32,334.21,350.95,631794.8756,1602115200,347.26000000000005,356.4468,344.3040404040404,47.435711830324465,-6.364755656452871,-6.7673715638722385,0.40261590741936715,676813.6486950001,-0.00839172694394219,-2.0
2020-10-09 00:00:00,350.94,368.33,347.32,365.02,650478.19338,1602201600,350.0342857142858,355.9628,345.7036363636364,53.17363542367368,-4.702474961206292,-6.354392243339049,1.6519172821327572,680792.1415875,0.021063526252482534,-2.0
2020-10-10 00:00:00,365.01,378.4,364.71,370.52,591005.32129,1602288000,353.5442857142857,356.2212,347.17484848484844,55.230924747995985,-2.907782394147489,-5.665070273500738,2.7572878793532487,675684.1875799999,0.046784947451689485,-2.0
2020-10-11 00:00:00,370.51,377.6,368.87,374.16,373318.23779,1602374400,356.65714285714284,356.5832,348.63939393939387,56.59022635142326,-1.1781767374017704,-4.767691566280944,3.5895148288791736,630152.7979205,0.03993996497957153,-2.0
2020-10-12 00:00:00,374.17,394.8,365.58,386.51,844422.65444,1602460800,361.35571428571427,356.46920000000006,350.2449494949495,60.925184409287965,1.1755391103323518,-3.5790454309582853,4.754584541290637,630237.3742035001,0.07414612455881953,-2.0
2020-10-13 00:00:00,386.51,387.75,374.51,381.04,645141.91394,1602547200,367.1114285714286,356.3352,351.65343434343436,58.15511683684406,2.5698687447641646,-2.349262595813795,4.91913134057796,615449.2450225,0.07989230551225734,-2.0
2020-10-14 00:00:00,381.05,387.41,373.13,378.69,569557.82936,1602633600,372.4128571428572,356.0728,353.0605050505051,56.95698199061557,3.4455416065581517,-1.190301755339406,4.635843361897558,590341.88163,0.09574652777777759,-2.0
2020-10-15 00:00:00,378.69,381.79,369.85,377.64,634038.09453,1602720000,376.2257142857143,356.3368,354.38060606060606,56.3978855738429,4.0085839728462815,-0.15052460970226844,4.15910858254855,579011.5973945,0.09160283277930326,-2.0
2020-10-16 00:00:00,377.63,379.83,361.18,365.5,654029.36404,1602806400,376.2942857142857,357.3424,355.62828282828286,50.255495786656894,3.4355991148344174,0.5667001352050688,2.8688989796293485,585169.105219,0.037261968953089086,-2.0
2020-10-17 00:00:00,365.5,370.46,363.36,368.32,285578.24537,1602892800,375.97999999999996,358.3068,356.9117171717172,51.574847698910794,3.1724844925762454,1.0878570066793043,2.084627485896941,570969.589967,0.041570046943046224,-2.0
2020-10-18 00:00:00,368.31,378.64,367.1,378.11,323468.47095,1602979200,376.5442857142857,360.6024,358.3149494949495,55.943466344723866,3.7111555492961656,1.6125167152026765,2.098638834093489,549255.0919945,0.10964049889948657,-2.0
2020-10-19 00:00:00,378.12,384.32,372.5,379.3,577252.90265,1603065600,375.5142857142858,361.81559999999996,359.69383838383834,56.45766835954122,4.185827681492185,2.127178908460578,2.058648773031607,548860.5786809999,0.1104280110076703,-2.0
2020-10-20 00:00:00,379.3,380.73,365.27,368.52,617309.81677,1603152000,373.7257142857143,362.4796,360.9970707070707,50.68639868548236,3.650077042255589,2.4317585352195805,1.2183185070360083,554778.9079064999,0.05006411169682279,-2.0
2020-10-21 00:00:00,368.53,401.49,367.74,390.38,1221663.63784,1603238400,375.39571428571435,363.93800000000005,362.5116161616162,59.68595139599962,4.9325507346798645,2.9319169751116374,2.000633759568227,577944.623819,0.06947564517012772,-2.0
2020-10-22 00:00:00,390.31,420.73,390.21,413.98,1095897.20667,1603324800,380.5871428571428,366.1976,364.28303030303033,66.74247314528091,7.763747493876281,3.898283078864566,3.8654644150117146,596060.892047,0.11729461297635768,-2.0
2020-10-23 00:00:00,413.94,419.33,401.3,409.11,727832.3224,1603411200,386.8171428571428,368.4036,366.05616161616166,64.24348053013631,9.504955809555781,5.019617625002809,4.4853381845529725,617272.7222165,0.09340923669018597,-2.0
2020-10-24 00:00:00,409.19,416.66,407.0,412.14,419236.87106,1603497600,393.07714285714286,370.49760000000003,367.86898989898987,65.11857560415545,11.002541175862461,6.2162023351747395,4.786338840687722,621037.9199135,0.0663113502884789,-2.0
2020-10-25 00:00:00,412.14,417.4,402.5,405.86,415586.9761,1603584000,397.0414285714286,372.33880000000005,369.5880808080808,61.745640394359896,11.549509298457565,7.282863727831305,4.26664557062626,622980.2533725,0.06513751837077475,-2.0
2020-10-26 00:00:00,405.85,411.11,382.3,392.52,895142.67266,1603670400,398.92999999999995,373.9256,371.13767676767674,55.204432858199624,10.782267693100948,7.982744520885234,2.7995231722157143,635734.22353,0.03652063693258323,-2.0
2020-10-27 00:00:00,392.52,410.25,389.9,403.45,754261.74114,1603756800,403.92,376.2396,372.82898989898996,59.033794511560764,10.930186461632331,8.572232909034653,2.357953552597678,646350.867399,0.06834551424637225,-2.0
2020-10-28 00:00:00,403.41,409.2,380.52,388.23,855275.46882,1603843200,403.6128571428572,377.93080000000003,374.26979797979794,52.325886294780176,9.707385651089908,8.799263457445704,0.9081221936442034,657524.89706,0.062188782489740024,-2.0
2020-10-29 00:00:00,388.22,393.72,380.52,387.13,573096.01416,1603929600,399.77714285714285,379.32120000000003,375.5161616161616,51.86717260354618,8.550976062760753,8.749605978508715,-0.1986299157479614,653655.788099,0.05106972198088622,-2.0
2020-10-30 00:00:00,387.12,391.97,373.29,382.49,771750.74746,1604016000,395.9742857142857,380.47600000000006,376.5988888888889,49.88076577041949,7.177367683724981,8.435158319551968,-1.2577906358269875,662693.0594075,0.011583930602205639,-2.0
2020-10-31 00:00:00,382.59,394.88,379.9,386.46,467453.8105,1604102400,392.3057142857143,382.30440000000004,377.68282828282827,51.58911196688245,6.33608057554909,8.015342770751392,-1.679262195202302,667399.838043,0.01887687846032149,-2.0
2020-11-01 00:00:00,386.44,398.29,384.61,396.67,438952.95565,1604188800,390.9928571428572,384.508,378.6061616161616,55.76507523485853,6.419219387370902,7.6961180940752945,-1.2768987067043929,647126.3531035,0.07638662759144688,-2.0
2020-11-02 00:00:00,396.68,404.5,377.92,383.02,779968.57957,1604275200,389.6357142857143,385.7908,379.3336363636364,49.60443660530587,5.322314246919348,7.221357324644106,-1.899043077724758,653867.6863849999,-0.018853424868077284,-2.0
2020-11-03 00:00:00,383.01,390.0,370.23,387.88,752954.37114,1604361600,387.41142857142853,386.7052,379.999797979798,51.65242024069106,4.78995478648676,6.735076817012637,-1.9451220305258774,663037.5134739999,-0.0630465239866661,-2.0
2020-11-04 00:00:00,387.88,408.39,376.47,402.49,1157064.35076,1604448000,389.4485714285714,387.9839999999999,380.86565656565654,57.273618708112565,5.483747747270456,6.484811003064201,-1.0010632557937447,689188.8262855,-0.01618146708709145,-2.0
2020-11-05 00:00:00,402.5,420.4,396.14,416.69,1475139.77342,1604534400,393.67142857142863,389.68519999999995,381.86545454545455,61.909132295603435,7.097588411733227,6.607366484798007,0.49022192693522015,730244.3467545,0.011039937885184647,-2.0
2020-11-06 00:00:00,416.73,458.27,414.76,455.91,1682440.96026,1604620800,404.15999999999997,392.46119999999996,383.08808080808075,71.20229520389054,11.40977026096499,7.567847240031404,3.841923020933586,800087.482499,0.12331838565022424,-2.0
2020-11-07 00:00:00,455.91,468.28,424.14,435.21,1653416.5961,1604707200,411.1242857142857,394.62800000000004,383.9858585858586,62.530973234692674,13.006952390580011,8.655668270141126,4.351284120438885,866584.8887565,0.10875878936105177,-2.0
2020-11-08 00:00:00,435.2,460.1,431.99,454.3,840908.46841,1604793600,419.35714285714283,397.6524,384.6656565656566,66.57391178143223,15.632927536112163,10.051120123335334,5.581807412776829,879767.6670445001,0.12603792291485938,-2.0
2020-11-09 00:00:00,454.29,459.1,433.09,444.32,1099213.24641,1604880000,428.1142857142857,400.3196,385.39191919191916,62.76127211967345,16.716037094165983,11.384103517501465,5.331933576664518,903862.8385265,0.14447621255441345,-2.0
2020-11-10 00:00:00,444.32,455.0,438.7,450.34,866872.41108,1604966400,437.0371428571429,403.7132,386.04242424242426,64.09695571873104,17.854358974758952,12.678154608952962,5.17620436580599,886123.2771885,0.1632784852633482,-2.0
2020-11-11 00:00:00,450.34,476.25,449.28,463.09,1205782.84262,1605052800,445.6942857142857,407.504,386.78464646464647,66.81206528967236,19.55983214075337,14.054490115313044,5.505342025440328,891617.558986,0.21072446338466366,-2.0
2020-11-12 00:00:00,463.09,470.0,451.2,462.39,990776.62912,1605139200,452.22285714285715,410.87519999999995,387.4075757575757,66.51466183297491,20.617284539857224,15.367049000221881,5.250235539635343,904764.774322,0.19647570253066293,-2.0
2020-11-13 00:00:00,462.48,478.01,457.12,476.43,976665.09752,1605225600,455.1542857142857,414.7604,388.23242424242426,69.45183772707146,22.330818077162462,16.759802815609998,5.571015261552464,932636.1856450001,0.2010739405551214,-2.0
2020-11-14 00:00:00,476.42,477.47,452.0,460.89,735252.7854,1605312000,458.8228571428571,418.45520000000005,389.0561616161616,62.877676632212335,22.179189730866995,17.8436801986614,4.335509532205595,948619.4761099999,0.20330531042765387,-2.0
2020-11-15 00:00:00,460.9,462.89,440.19,448.08,665217.56671,1605398400,457.9342857142857,420.7632,389.5718181818182,58.00357934974238,20.785757952648396,18.4320957494588,2.3536622031895966,937123.2208124999,0.1552026399917501,-2.0
2020-11-16 00:00:00,448.07,466.0,445.45,460.55,812060.44638,1605484800,460.2528571428571,422.626,390.28303030303033,61.1598928548137,20.451920998743276,18.836060799315696,1.6158601994275799,940013.1560745001,0.14425203110636287,-2.0
2020-11-17 00:00:00,460.51,484.88,459.8,482.15,1151573.37456,1605571200,464.79714285714283,425.54760000000005,391.15888888888884,65.93562791159196,21.680374428034156,19.404923525059388,2.275450902974768,954828.0513614999,0.1570952026686505,-2.0
2020-11-18 00:00:00,482.11,495.31,456.6,478.41,1477696.29116,1605657600,466.9857142857142,428.1984,392.1630303030303,64.45775357921329,22.097420568612108,19.943422933769934,2.153997634842174,1000058.0652115,0.0493518457590314,-2.0
2020-11-19 00:00:00,478.43,480.75,464.86,471.25,817418.52685,1605744000,468.25142857142856,430.81399999999996,393.0122222222222,61.610675146653556,21.601175572556542,20.274973461527257,1.3262021110292856,1002341.454181,0.08281059718296913,-2.0
2020-11-20 00:00:00,471.26,514.4,470.65,510.12,1516361.90736,1605830400,473.0642857142857,435.51800000000003,393.87666666666667,69.48947615139873,24.06695313322456,21.03336939586672,3.033583737357837,1054786.859024,0.12287034998899404,-2.0
2020-11-21 00:00:00,510.12,553.32,502.82,552.35,1548851.29067,1605916800,486.13000000000005,441.474,395.03060606060603,75.39725738229852,29.09333779604742,22.64536307590286,6.447974720144561,1110281.775775,0.24313557796182939,-2.0
2020-11-22 00:00:00,552.42,580.88,511.28,560.03,1850317.93581,1606003200,502.1228571428571,448.346,396.32060606060605,76.29617121585164,33.312490021380995,24.778788464998488,8.533701556382507,1163799.2435869998,0.24357152373762037,-2.0
2020-11-23 00:00:00,560.03,610.85,550.12,608.58,2076008.84846,1606089600,523.2700000000001,457.20399999999995,398.0878787878788,81.01781692005162,40.11139857374911,27.845310486748616,12.266088087000497,1229951.967453,0.31417219115074846,-2.0
2020-11-24 00:00:00,608.58,623.0,585.0,604.97,1606450.49193,1606176000,540.8157142857143,466.1032,399.8462626262626,79.74582168961798,44.693091615362334,31.214866712471363,13.478224902890972,1252421.2745115,0.30835441942948605,-2.0
2020-11-25 00:00:00,604.98,606.0,553.83,569.5,1219440.02727,1606262400,553.8285714285714,473.4248,401.3366666666666,68.38511835696103,44.94389850989853,33.9606730719568,10.983225437941734,1239636.287204,0.19534873958398924,-2.0
2020-11-26 00:00:00,569.38,577.14,481.0,519.83,2683460.74171,1606348800,560.7685714285715,478.3512,402.47171717171716,56.29146564412312,40.6659392562172,35.30172630880888,5.364212947408319,1289687.2762765,0.12788300896092353,-2.0
2020-11-27 00:00:00,519.83,530.62,493.72,518.68,1088064.28114,1606435200,561.9914285714286,483.7776,403.5094949494949,56.044341020502344,36.75909437933052,35.593199922913215,1.1658944564173055,1261419.6605285,0.1575611497946794,-2.0
2020-11-28 00:00:00,518.59,547.94,506.59,537.52,900508.61431,1606521600,559.8728571428571,489.7632,405.0201010101011,59.20412544253392,34.782174952945354,35.430994928919645,-0.6488199759742912,1264399.6678235,0.16712626207795012,-2.0
2020-11-29 00:00:00,537.5,576.9,530.32,576.3,855276.46664,1606608000,562.1971428571429,496.71560000000005,406.8489898989898,64.81144916655951,35.93048964790921,35.53089387271756,0.39959577519164924,1252202.8288349998,0.19527118116768638,-2.0
2020-11-30 00:00:00,576.32,616.85,570.07,616.66,1501989.45408,1606694400,563.3514285714285,504.7144,409.1313131313131,69.50869631636611,39.64030327333211,36.35277575284047,3.2875275204916363,1283958.680985,0.2889780732008109,-2.0
2020-12-01 00:00:00,616.65,635.7,560.0,585.26,2163875.81376,1606780800,560.5357142857143,509.88840000000005,410.9250505050504,62.51669915640083,39.59026775737186,37.00027415374675,2.5899936036251106,1331863.329542,0.24193103448275854,-2.0
2020-12-02 00:00:00,585.26,604.93,575.0,596.89,1069538.65619,1606867200,564.4485714285714,516.3556,413.0862626262626,63.96263773672163,40.027644287518456,37.605748180501095,2.4218961070173606,1335801.4308955001,0.17009723202383742,-2.0
2020-12-03 00:00:00,596.88,623.44,585.82,615.85,935687.91723,1606953600,578.1657142857142,522.8176,415.40989898989903,66.24849181387461,41.42664134917163,38.3699268142352,3.0567145349364324,1333752.571881,0.11496333846293116,-2.0
2020-12-04 00:00:00,615.84,620.0,565.82,567.24,1052452.78666,1607040000,585.1028571428571,527.7344,417.26818181818186,56.37532379136954,38.1729023934962,38.3305219300874,-0.15761953659119854,1349612.571944,0.012874310304805237,-2.0
2020-12-05 00:00:00,567.24,597.11,560.88,596.8,701567.95564,1607126400,593.5714285714286,533.5928,419.3054545454546,60.2544388155232,37.54672056334027,38.17376165673797,-0.6270410933977004,1351430.0913905,-0.0193565348844853,-2.0
2020-12-06 00:00:00,596.82,607.5,583.0,601.54,602496.96339,1607212800,597.1771428571428,539.1308,421.35484848484856,60.855515135080516,37.006359066057485,37.940281138601875,-0.9339220725443909,1340951.917241,-0.005669702629882534,-2.0
2020-12-07 00:00:00,601.59,603.15,584.22,591.28,498329.37589,1607299200,593.5514285714286,544.2864,422.99464646464645,58.78323635243295,35.34281249051048,37.4207874089836,-2.0779749184731173,1308289.7173075,0.038244073748902485,-2.0
2020-12-08 00:00:00,591.27,595.0,549.22,554.94,804443.00717,1607385600,589.22,547.4268,424.2183838383838,52.02569966135836,30.73777956105903,36.084185839398685,-5.346406278339657,1274627.053108,0.06754131158263288,-2.0
2020-12-09 00:00:00,554.92,578.08,530.43,573.09,997192.16738,1607472000,585.8199999999999,551.9148,425.2051515151515,54.81929993985584,28.22742294042257,34.51283325960347,-6.285410319180897,1283615.7351344998,0.1049009022904297,-2.0
2020-12-10 00:00:00,573.2,575.7,548.11,558.99,608414.51466,1607558400,577.6971428571429,556.3512,426.4121212121212,52.27271682566052,24.81415296197042,32.57309720007686,-7.758944238106437,1238218.3654995,0.03994269980651888,-2.0
2020-12-11 00:00:00,558.99,560.8,535.5,544.43,768921.78317,1607644800,574.4385714285714,559.7064,428.05888888888893,49.70497601225119,20.69567473996983,30.197612708055455,-9.501937968085624,1199221.8901245,-0.05530105847648792,-2.0
2020-12-12 00:00:00,544.46,574.0,543.1,568.04,573913.95311,1607731200,570.33,563.1419999999999,429.90515151515154,53.67851838792982,19.11651744649396,27.981393655743158,-8.8648762092492,1135401.6909895001,-0.07884409561184447,-2.0
2020-12-13 00:00:00,568.09,595.0,563.22,590.7,657794.46158,1607817600,568.7814285714286,567.6336,432.48787878787874,57.175502854385066,19.46906922571941,26.27892876973841,-6.809859544019002,1064490.9716455,0.009295014181731398,-2.0
2020-12-14 00:00:00,590.81,591.48,575.6,586.29,493012.02706,1607904000,568.0685714285714,572.2352000000001,434.84636363636366,56.284935439247214,19.171620400603047,24.85746709591134,-5.6858466953082925,1008819.048402,-0.017758716011325393,-2.0
2020-12-15 00:00:00,586.29,597.2,578.58,588.64,569270.52011,1607990400,572.8828571428571,575.376,437.22060606060603,56.67222620252745,18.907560832200147,23.667485843169104,-4.759925010968956,976310.573044,-0.04418283672972323,-2.0
2020-12-16 00:00:00,588.78,640.0,580.71,637.18,1185588.05078,1608076800,582.0385714285715,578.7692,440.2487878787879,63.805174766768886,22.357342528383583,23.405457180212,-1.048114651828417,901416.9384974999,0.1232987800578238,-2.0
2020-12-17 00:00:00,637.18,676.25,625.76,642.7,2006130.01975,1608163200,593.9971428571428,582.076,443.1967676767677,64.52050105236924,25.245720295725164,23.77350980331463,1.4722104924105324,947320.2254280001,0.07691018766756041,-2.0
2020-12-18 00:00:00,642.71,664.61,629.4,653.85,1000012.98018,1608249600,609.6285714285714,583.8868,446.0848484848485,65.98293097443037,28.11045250323525,24.64089834329876,3.469554159936493,952295.4437215,0.08696013565182703,-2.0
2020-12-19 00:00:00,653.76,669.95,645.42,658.03,858803.88459,1608336000,622.4842857142858,586.0092,448.9575757575758,66.53974848624799,30.368001070335936,25.786318888706194,4.581682181629741,952471.8146190001,0.11289067785144091,-2.0
2020-12-20 00:00:00,658.05,661.39,621.01,638.18,823958.22843,1608422400,629.2671428571429,588.7564,451.48686868686866,61.399875388736135,30.207185832932396,26.670492277551435,3.5366935553809604,918570.2533365,0.14999819800338754,-2.0
2020-12-21 00:00:00,638.1,648.0,595.9,607.58,843251.16565,1608508800,632.3085714285714,592.2664,453.9228282828283,54.42102970753021,27.29592391379356,26.79557860479986,0.5003453089936976,852539.0209309999,0.06018251932506247,-2.0
2020-12-22 00:00:00,607.68,637.73,588.0,636.45,918851.25654,1608595200,639.1385714285715,596.9771999999999,456.54232323232327,59.13977854797558,27.006975983826806,26.83785808060525,0.1691179032215544,845004.6509485,0.13857135190253866,-2.0
2020-12-23 00:00:00,636.41,638.44,551.28,585.56,1208807.36518,1608681600,631.7642857142857,598.8988,458.77969696969694,49.42600056763467,22.413219332327685,25.95293033094974,-3.5397109986220556,858660.623346,0.07554690226475391,-2.0
2020-12-24 00:00:00,585.48,615.02,565.43,612.31,886335.86333,1608768000,627.4228571428572,600.3392,461.27666666666664,53.72829383839037,20.69260407166803,24.9008650790934,-4.208261007425371,850354.7771794999,0.07793465248926124,-2.0
2020-12-25 00:00:00,612.31,634.24,604.28,626.82,798009.62915,1608854400,623.5614285714286,600.7456,463.6752525252525,55.91884781460225,20.266223407941197,23.97393674486296,-3.7077133369217634,855176.8608549999,0.06114779075672927,-2.0
2020-12-26 00:00:00,626.78,652.91,615.26,637.44,958585.50647,1608940800,620.62,602.8328,466.2313131313131,57.50455366387321,20.548389857637517,23.288827367417873,-2.7404375097803566,872981.288009,0.08724351430179622,-2.0
2020-12-27 00:00:00,637.44,717.13,625.0,685.11,1859968.15029,1609027200,627.3242857142858,606.3616,469.260202020202,63.799469701012285,24.33802579563155,23.498667053060608,0.8393587425709441,941063.226729,0.16388624626257142,-2.0
2020-12-28 00:00:00,685.1,748.09,681.04,730.41,1627154.39266,1609113600,644.8714285714286,610.944,472.89020202020197,68.5648809876115,30.64343257559119,24.927620157566725,5.715812418024466,982198.7960035,0.14631658244138235,-2.0
2020-12-29 00:00:00,730.4,740.78,689.2,732.0,1106876.35855,1609200000,658.5214285714286,617.5344,476.84616161616157,68.72052360899669,35.36119079264688,27.01433428458276,8.346856508064121,987683.005562,0.13894507546289092,-2.0
2020-12-30 00:00:00,732.0,758.74,716.62,752.17,1008574.09906,1609286400,682.3228571428572,623.7492,480.96696969696967,70.70223914790247,40.26346642375711,29.664160712417633,10.599305711339476,1007690.9847820001,0.15037088017129308,-2.0
2020-12-31 00:00:00,752.17,755.74,722.0,736.42,863375.57981,1609372800,700.0528571428571,629.1443999999999,485.1659595959596,67.1259577884351,42.38902748603721,32.20913406714155,10.17989341889566,1012413.6746139999,0.11912830722003553,-2.0
2021-01-01 00:00:00,736.42,749.0,714.29,728.91,675114.09329,1609459200,714.6371428571427,634.6496,489.0037373737374,65.42655385596561,42.97219894524767,34.36174704276277,8.610451902484897,1017473.681623,0.14216992071202483,-2.0
2021-01-02 00:00:00,728.91,787.69,714.91,774.56,1352618.57668,1609545600,734.2257142857143,643.4344,493.27282828282824,70.341714272264,46.580983433857,36.80559432098162,9.77538911287538,1052214.8873780002,0.27482800618848535,-2.0
2021-01-03 00:00:00,774.44,1011.07,768.71,978.28,2813603.88615,1609632000,776.1071428571428,659.6419999999999,499.5794949494949,82.38022811607054,65.1287093615839,42.47021732910208,22.658492032481824,1168244.4803324998,0.5370885379841306,-2.0
2021-01-04 00:00:00,978.33,1162.97,890.0,1041.43,4245010.94004,1609718400,820.5385714285713,678.9396,506.4879797979798,84.48285844461857,83.95580278801856,50.767334420885376,33.18846836713318,1352031.5013289999,0.778519707630303,-2.0
2021-01-05 00:00:00,1041.45,1134.6,974.45,1099.56,2706995.67525,1609804800,873.0471428571428,701.1447999999999,514.019292929293,86.12431274840634,102.38676427268365,61.09122039124504,41.29554388143861,1428101.8825525,0.7957570511668925,-2.0
2021-01-06 00:00:00,1100.16,1213.0,1057.26,1208.42,2390136.59334,1609891200,938.2257142857143,726.76,522.5913131313131,88.56404516579926,124.34416413362999,73.74180913972202,50.602354993907966,1447302.211232,0.9278580772789635,-2.0
2021-01-07 00:00:00,1208.75,1289.0,1131.0,1224.87,1972922.82059,1609977600,1008.0042857142859,752.1267999999999,531.329090909091,88.88216459185463,141.44247839353238,87.2819429904841,54.160535403048286,1495947.7032525,0.9215455572289153,-2.0
2021-01-08 00:00:00,1224.86,1273.75,1065.0,1216.93,2131172.92341,1610064000,1077.7214285714285,777.3524000000001,540.0571717171717,87.61528045631363,152.59332314538153,100.34421902146359,52.249104123917945,1559566.1551934998,0.7762549079709828,-2.0
2021-01-09 00:00:00,1216.72,1304.37,1171.36,1276.0,1448871.11514,1610150400,1149.3557142857142,804.8468,549.4551515151516,88.8846198204252,164.30292147637,113.13595951244488,51.166961963925104,1590811.799529,0.7469640338987693,-2.0
2021-01-10 00:00:00,1276.0,1348.33,1170.0,1254.25,1951179.35003,1610236800,1188.7800000000002,829.5296000000001,558.629898989899,85.41330446011989,169.86966750234262,124.48270111042444,45.38696639191818,1646208.2087480002,0.7134562841530054,-2.0
2021-01-11 00:00:00,1254.24,1260.0,915.0,1087.01,4099450.90046,1610323200,1195.2914285714287,847.302,566.0505050505051,64.54106098179864,158.95415891867617,131.3769926720748,27.577166246601365,1805238.190944,0.44516532166930345,-2.0
2021-01-12 00:00:00,1087.0,1150.02,1006.33,1050.16,2302645.34052,1610409600,1188.234285714286,863.1543999999999,573.0862626262626,61.00368136640802,145.6510777329696,134.23180968425376,11.41926804871585,1859930.089711,0.42603405665245386,-2.0
2021-01-13 00:00:00,1050.36,1137.65,987.48,1129.89,1564202.39081,1610496000,1177.0157142857145,882.0288,581.0573737373737,65.41981165657799,139.92882235689797,135.3712122187826,4.557610138115365,1893823.416085,0.5501090669629998,-2.0
2021-01-14 00:00:00,1129.79,1247.55,1086.7,1231.62,1555737.38556,1610582400,1177.98,905.7664,590.0476767676768,70.07617941706759,141.9661570638856,136.6902011878032,5.275955876082378,1931709.8039054996,0.5900898574674653,-2.0
2021-01-15 00:00:00,1231.89,1256.98,1069.42,1168.53,1944038.83738,1610668800,1171.0657142857144,928.2044000000001,598.3060606060607,64.29406146716661,136.91169101307662,136.7344991528579,0.17719186021872702,1980982.470451,0.1944739747311608,-2.0
2021-01-16 00:00:00,1168.48,1298.0,1151.77,1227.83,1575384.43797,1610755200,1164.1842857142858,951.8596000000001,607.021313131313,67.04637891788086,136.12187640331956,136.61197460295023,-0.4900981996306655,1966753.284835,0.1789846653159597,-2.0
2021-01-17 00:00:00,1227.83,1269.02,1165.0,1232.45,1317285.00579,1610841600,1161.07,977.7351999999998,615.7276767676768,67.25813381632153,134.32037633694802,136.15365494974978,-1.833278612801763,1951259.8154914998,0.12085743388264403,-2.0
2021-01-18 00:00:00,1232.5,1260.75,1182.58,1258.45,998050.11073,1610928000,1185.5614285714287,1003.5808000000001,624.659898989899,68.48545279300053,133.45230219563746,135.61338439892734,-2.1610822032898795,1945818.5031005,0.04140116846791675,-2.0
2021-01-19 00:00:00,1258.52,1438.3,1251.49,1365.36,2278852.55758,1611014400,1230.5900000000001,1033.1224,634.5472727272727,72.97187023505634,139.77979621944655,136.4466667630312,3.3331294564153495,2009332.4260265,0.11469788630630195,-2.0
2021-01-20 00:00:00,1365.36,1407.93,1235.42,1376.99,2219137.62144,1611100800,1265.8899999999999,1062.7044,644.6073737373737,73.41524135322038,144.07205169428926,137.97174374928284,6.100307945006421,2077120.528108,0.13152769674508802,-2.0
2021-01-21 00:00:00,1376.72,1390.0,1086.0,1110.96,2310208.57298,1611187200,1248.652857142857,1079.7384,652.0040404040404,52.286398417509254,124.5713167905983,135.29165835754594,-10.720341566947639,2158875.2520925,-0.12934169278996865,-2.0
2021-01-22 00:00:00,1111.98,1273.79,1042.31,1232.62,2020593.21673,1611273600,1257.8085714285714,1099.8267999999998,660.640202020202,58.20973594002218,117.5784183128851,131.74901034861378,-14.170592035728674,2192273.984095,-0.01724536575642821,-2.0
2021-01-23 00:00:00,1232.61,1272.44,1195.9,1233.6,1009545.08258,1611360000,1258.6328571428571,1119.8908000000001,669.4088888888889,58.254692688165356,110.83790334245032,127.56678894738108,-16.728885604930767,2102071.0439165,0.1348561650766782,-2.0
2021-01-24 00:00:00,1233.46,1398.83,1220.0,1392.51,1510879.53817,1611446400,1281.4985714285715,1145.5044,679.7542424242425,64.85665071382186,116.97034428193933,125.44750001429273,-8.477155732353395,1965364.4738230002,0.3259979431705644,-2.0
2021-01-25 00:00:00,1392.19,1475.0,1293.69,1317.88,1885441.31289,1611532800,1289.9885714285715,1168.7628,689.2468686868688,60.05325316263755,114.48857756180178,123.25571552379455,-8.767137961992773,1924286.7557050001,0.16637902804697813,-2.0
2021-01-26 00:00:00,1317.6,1378.49,1244.56,1365.97,1682923.65799,1611619200,1290.0757142857144,1194.2451999999998,699.2132323232323,62.00595342480433,115.0756996179698,121.61971234262961,-6.544012724659808,1888926.1089374996,0.10908397070525022,-2.0
2021-01-27 00:00:00,1366.54,1373.9,1207.0,1239.03,2009772.08358,1611705600,1270.3671428571429,1212.824,708.0062626262626,54.440963248857905,104.09802374040373,118.11537462218445,-14.017350881780715,1890768.572087,0.06033221226669405,-2.0
2021-01-28 00:00:00,1238.93,1360.0,1217.23,1329.69,1365269.71962,1611792000,1301.6142857142856,1226.8804,717.4942424242423,58.34935932752818,101.54311501877328,114.80092270150223,-13.257807682728952,1852473.4118975003,0.0829593673391269,-2.0
2021-01-29 00:00:00,1329.44,1436.9,1285.35,1379.5,2253963.18682,1611878400,1322.597142857143,1240.4032,727.2469696969697,60.36136074907444,102.35766670389148,112.31227150198008,-9.954604798088596,1892728.0154815004,0.119315185200211,-2.0
2021-01-30 00:00:00,1379.56,1406.0,1326.41,1378.05,1040042.2363,1611964800,1343.232857142857,1251.5428,737.0342424242424,60.27008727914501,101.71370957167483,110.19255911591904,-8.478849544244213,1847171.159795,0.0950375461877706,-2.0
2021-01-31 00:00:00,1378.04,1380.74,1281.12,1312.55,958704.85571,1612051200,1331.81,1255.7079999999999,746.129292929293,56.140383547052224,94.82498293450612,107.11904387963646,-12.29406094513034,1690133.8575575002,-0.03867844378039487,-2.0
2021-02-01 00:00:00,1312.45,1377.99,1269.99,1374.17,1096397.91862,1612137600,1339.8514285714286,1261.68,755.9102020202021,58.987458103620746,93.26276140470736,104.34778738465066,-11.085025979943296,1629821.4864625,-0.00204794515573814,-2.0
2021-02-02 00:00:00,1374.09,1547.9,1360.28,1511.87,1944227.99878,1612224000,1360.6942857142858,1273.4776,767.2167676767676,64.52871033485499,101.96059056050922,103.87034801982237,-1.9097574593131554,1648822.766861,0.36086807805861576,-2.0
2021-02-03 00:00:00,1511.93,1669.35,1508.39,1664.49,1535869.88801,1612310400,1421.4742857142858,1289.0172,779.9545454545455,69.45474222463287,119.78799983573276,107.05387838300446,12.734121452728303,1647829.3919835,0.3503675098570527,-2.0
2021-02-04 00:00:00,1664.67,1695.2,1554.44,1595.67,1646502.32962,1612396800,1459.4714285714288,1302.674,792.1509090909091,65.06673667180868,126.90032334383409,111.02316737517039,15.8771559686637,1632952.5665954999,0.2935068093385216,-2.0
2021-02-05 00:00:00,1595.53,1760.49,1591.0,1719.19,1194123.29946,1612483200,1507.9985714285715,1327.9612,805.6060606060606,68.86840273772954,140.87994633914036,116.99452316796439,23.885423171175972,1613889.50967,0.23459795620857316,-2.0
2021-02-06 00:00:00,1718.95,1743.67,1642.94,1676.35,1149808.33101,1612569600,1550.612857142857,1353.0088,818.6753535353536,66.17842849715223,146.8097370466976,122.95756594371103,23.85217110298656,1605515.675931,0.2720050383949979,-2.0
2021-02-07 00:00:00,1676.35,1693.0,1490.46,1611.62,1281734.86814,1612656000,1593.337142857143,1372.2779999999998,831.0507070707071,62.223630669527566,144.61889230707243,127.28983121638332,17.32906109068911,1619699.9138015,0.17983557471979617,-2.0
2021-02-08 00:00:00,1611.46,1775.57,1563.89,1750.15,1339777.09536,1612742400,1647.0485714285714,1393.0192000000002,844.7222222222222,66.79673897640328,152.30516617423677,132.292898207954,20.012267966282764,1572746.1406905001,0.4125162425445712,-2.0
2021-02-09 00:00:00,1749.68,1821.88,1708.49,1769.13,1185071.89593,1612828800,1683.8,1417.0431999999998,858.7233333333334,67.37940567569314,158.10557827900402,137.455434222164,20.65014405684002,1521042.854415,0.3304830449202445,-2.0
2021-02-10 00:00:00,1769.14,1837.86,1680.0,1740.78,1219932.25474,1612915200,1694.6985714285713,1437.5611999999999,872.38898989899,65.52963145644685,158.58674926388994,141.6816972305092,16.90505203338074,1466529.038503,0.2618919898513954,-2.0
2021-02-11 00:00:00,1740.76,1819.0,1703.44,1785.62,735079.82699,1613001600,1721.8342857142857,1459.6879999999999,886.36,67.06951167932897,160.73345873337166,145.4920495310817,15.241409202289958,1402253.369016,0.29575849932876164,-2.0
2021-02-12 00:00:00,1785.83,1864.88,1739.88,1840.26,909600.20653,1613088000,1739.1299999999999,1482.9604000000002,900.7394949494949,68.8931028385264,164.94237972816927,149.38211557049922,15.560264157670048,1397256.1252135,0.4020494457354007,-2.0
2021-02-13 00:00:00,1840.24,1871.72,1765.0,1814.96,767589.07285,1613174400,1758.9314285714286,1500.9444,914.4672727272726,67.04183310178304,164.34204854485483,152.37410216537035,11.967946379484488,1360091.6019475,0.32076817278793746,-2.0
2021-02-14 00:00:00,1815.25,1850.0,1784.11,1800.42,675261.77873,1613260800,1785.902857142857,1517.8816,928.2572727272727,65.94508980365606,160.83897370271575,154.06707647283943,6.771897229876316,1299582.6252395,0.19085635669733514,-2.0
2021-02-15 00:00:00,1800.03,1835.72,1655.67,1779.25,1053474.57879,1613347200,1790.06,1544.6132,941.640606060606,64.2958523032411,154.5727016901826,154.16820151630807,0.4045001738745384,1268110.1712795,0.06894604353285394,-2.0
2021-02-16 00:00:00,1779.33,1827.28,1724.0,1781.99,817493.47513,1613433600,1791.8971428571426,1566.588,955.1524242424242,64.41988109714293,148.12029254429262,152.958619721905,-4.838327177612371,1208496.240857,0.1167659979820388,-2.0
2021-02-17 00:00:00,1781.99,1855.0,1733.01,1849.88,795711.63311,1613520000,1807.4828571428573,1591.2392000000002,969.2891919191918,67.43811769931519,146.79273218732123,151.72544221498825,-4.932710027667014,1180018.3365315,0.07601835748230279,-2.0
2021-02-18 00:00:00,1849.7,1950.5,1849.69,1939.61,937227.10191,1613606400,1829.4814285714285,1613.1232,984.2035353535352,70.94616827292984,151.23771786562202,151.627897345115,-0.3901794794929856,1114181.532286,0.15704357681868353,-2.0
2021-02-19 00:00:00,1938.91,1972.82,1891.0,1955.0,793404.4115,1613692800,1845.872857142857,1638.6080000000002,999.2804040404039,71.51304420781172,154.22444205385636,152.14720628686328,2.077235766993084,1101849.641046,0.21306511460518007,-2.0
2021-02-20 00:00:00,1955.46,2042.34,1803.14,1913.0,1261315.81279,1613779200,1859.8785714285714,1660.4892000000002,1013.791212121212,67.63467318335967,151.45649727764294,152.00906448501922,-0.5525672073762848,1116980.1889,0.09304916721423862,-2.0
2021-02-21 00:00:00,1912.9,1976.31,1883.01,1933.53,756568.19743,1613865600,1878.8942857142858,1688.2692000000002,1028.6663636363637,68.5330189161146,149.1996004042262,151.44717166886062,-2.2475712646344164,1099988.7028405,0.09292703193094898,-2.0
2021-02-22 00:00:00,1933.54,1936.29,1551.0,1777.58,1807244.98099,1613952000,1878.6557142857143,1706.1848,1042.0956565656566,55.85130502767044,133.2906401711591,147.8158653693203,-14.525225198161195,1093139.551951,0.021139948758602367,-2.0
2021-02-23 00:00:00,1777.42,1782.39,1355.0,1577.89,2547837.82068,1614038400,1849.4985714285715,1714.1204,1053.3819191919192,44.49691910841778,103.37768682421324,138.9282296602989,-35.55054283608567,1143737.9485845,-0.11633494248496312,-2.0
2021-02-24 00:00:00,1577.79,1712.7,1500.2,1623.39,1384388.81727,1614124800,1817.142857142857,1723.934,1064.909595959596,47.13413353897667,82.39314859712749,127.62121344766463,-45.22806485053714,1130632.272967,-0.1178474780737504,-2.0
2021-02-25 00:00:00,1623.16,1671.59,1459.16,1481.75,1032670.79409,1614211200,1751.734285714286,1730.7020000000002,1075.0443434343433,40.657771374897344,53.71440042950053,112.83985084403182,-59.12545041453129,1122559.6476985,-0.18359082293824658,-2.0
2021-02-26 00:00:00,1482.08,1562.25,1400.0,1444.59,1355973.29378,1614297600,1678.8185714285717,1733.5188,1084.8760606060607,39.13836902625813,27.66883533600935,95.80564774242733,-68.13681240641797,1132867.895837,-0.1976372179824708,-2.0
2021-02-27 00:00:00,1444.56,1529.0,1425.0,1458.13,927423.0475,1614384000,1613.837142857143,1731.3692,1094.4519191919192,40.017954679372956,8.02756541562735,78.25003127706734,-70.22246586143999,1115152.3048049998,-0.18048053955318244,-2.0
2021-02-28 00:00:00,1458.27,1468.75,1293.18,1419.18,1410207.56284,1614470400,1540.3585714285714,1721.5568000000003,1103.207777777778,38.3030446950734,-10.559498657784616,60.488125290096946,-71.04762394788156,1118673.828179,-0.20359822445692732,-2.0
2021-03-01 00:00:00,1418.67,1572.0,1409.91,1569.86,1094695.17839,1614556800,1510.6842857142858,1720.5244,1113.408080808081,47.64937535559939,-12.981620098118356,45.794176212453884,-58.77579631057224,1114154.992302,-0.15137198088524673,-2.0
2021-03-02 00:00:00,1570.0,1602.9,1455.52,1486.78,1061142.38743,1614643200,1497.6685714285716,1711.228,1122.2787878787879,43.71701366668859,-21.358819288145014,32.363577112334106,-53.72239640047912,1106215.4989365,-0.23346445935007554,-2.0
2021-03-03 00:00:00,1486.79,1656.94,1475.47,1567.69,1054846.31471,1614729600,1489.7114285714285,1706.8815999999997,1132.0032323232324,48.20046540300328,-21.224387664511823,21.64598415696492,-42.870371821476745,1122203.8233224999,-0.19811253196930945,-2.0
2021-03-04 00:00:00,1567.68,1624.87,1506.36,1539.23,946365.67088,1614816000,1497.922857142857,1703.986,1141.7984848484848,46.7886015824763,-23.147503769476998,12.687286571676538,-35.834790341153536,1124042.0965399998,-0.1953842132775745,-2.0
2021-03-05 00:00:00,1539.22,1548.96,1441.66,1528.31,910786.28976,1614902400,1509.8828571428571,1695.1124,1151.9851515151515,46.229064201060396,-25.261540560894446,5.097521145162342,-30.35906170605679,1131201.9573855,-0.20957523286424318,-2.0
2021-03-06 00:00:00,1528.08,1671.58,1513.03,1650.35,1013300.93928,1614988800,1537.3428571428572,1690.3612,1163.4161616161616,52.994584218926896,-16.89457177284953,0.6991025615599678,-17.5936743344095,1148103.9154130002,-0.07157483770069417,-2.0
2021-03-07 00:00:00,1650.68,1734.16,1630.35,1726.16,848470.78136,1615075200,1581.1971428571428,1689.7764000000002,1175.4226262626264,56.64391033750881,-4.099202246343111,-0.2605584000206481,-3.838643846322463,1137853.7255415,0.09396726007516376,-2.0
2021-03-08 00:00:00,1726.46,1843.59,1664.96,1833.18,1149711.39987,1615161600,1618.8142857142855,1691.6788000000001,1188.1183838383838,61.220953770942295,14.509582451020378,2.6934697701875576,11.81611268083282,1154464.6217785,0.1292295751483008,-2.0
2021-03-09 00:00:00,1833.22,1870.77,1798.2,1870.51,857229.47855,1615248000,1673.6328571428571,1692.8888,1200.7835353535352,62.70013017624972,31.90165499224804,8.535106814599654,23.366548177648387,1157540.5140505,0.26236544626286484,-2.0
2021-03-10 00:00:00,1870.5,1877.69,1757.0,1795.12,937230.62831,1615334400,1706.1228571428571,1692.0952,1213.0043434343436,57.897051187754464,39.1503539348937,14.658156238658464,24.492197696235237,1157540.6903704999,0.24265016371427195,-2.0
2021-03-11 00:00:00,1795.28,1846.7,1725.0,1825.78,909011.4961,1615420800,1747.0585714285714,1693.1096000000002,1225.4173737373737,59.26375793836612,46.829188104375135,21.092362611801796,25.736825492573338,1163321.0446005,0.25213801238572686,-2.0
2021-03-12 00:00:00,1825.78,1841.88,1719.72,1766.1,869564.6361,1615507200,1781.0285714285712,1692.5836000000002,1237.0360606060606,55.48800732532779,47.55090503938891,26.38407109731922,21.166833942069687,1143733.485766,0.24445102101213356,-2.0
2021-03-13 00:00:00,1766.13,1944.3,1727.75,1922.35,926283.22642,1615593600,1819.8857142857144,1698.198,1250.7240404040404,62.26628789397473,60.038849589164556,33.11502679568829,26.92382279347627,1152219.2372155,0.2245359458805245,-2.0
2021-03-14 00:00:00,1922.35,1933.1,1836.0,1848.1,637963.63627,1615680000,1837.3057142857142,1698.1268,1263.3634343434344,57.76469607861162,63.21557139210381,39.13513571497139,24.08043567713242,1093755.1699795001,0.24302183241636288,-2.0
2021-03-15 00:00:00,1848.1,1891.76,1730.0,1793.48,1025326.79658,1615766400,1831.6342857142859,1692.2816,1275.4032323232323,54.63553269128262,60.626899626405475,43.43348849725821,17.193411129147265,1017629.6187745001,0.14402719925495466,-2.0
2021-03-16 00:00:00,1793.99,1819.5,1711.68,1805.12,764993.40147,1615852800,1822.292857142857,1686.2864,1287.6642424242423,55.19259212821941,58.83638015611314,46.5140668290292,12.32231332708394,986659.8479844999,0.17274221526347588,-2.0
2021-03-17 00:00:00,1805.01,1838.88,1741.18,1823.58,658349.44843,1615939200,1826.3585714285712,1682.7096,1300.478787878788,56.11300973623364,58.235644045130584,48.85838227224947,9.377261772881113,967943.7807015,0.19320033239329715,-2.0
2021-03-18 00:00:00,1823.58,1850.0,1759.04,1776.08,603721.61056,1616025600,1819.2585714285713,1676.4116000000001,1312.630202020202,53.09095562219729,53.31215399755001,49.74913661730959,3.5630173802404244,930331.1965405,0.0761838397915593,-2.0
2021-03-19 00:00:00,1775.92,1840.61,1733.47,1809.1,500258.42875,1616112000,1825.4014285714286,1677.6724,1325.2575757575758,54.90896862434228,51.481246934658884,50.09555868077945,1.3856882538794366,908972.9656030001,0.04804884831070111,-2.0
2021-03-20 00:00:00,1809.01,1868.83,1800.86,1806.1,451556.10639,1616198400,1808.7942857142857,1686.8008,1338.0017171717172,54.7015399360695,49.22077847302444,49.92060263922845,-0.6998241662040101,861040.3927805001,-0.014772144579364932,-2.0
2021-03-21 00:00:00,1806.57,1817.16,1747.0,1782.98,465953.98749,1616284800,1799.4914285714283,1693.1844,1350.2738383838382,53.03862865435187,45.04450513729307,48.94538313884137,-3.9008780015483,829603.3332355,-0.046794724433443236,-2.0
2021-03-22 00:00:00,1783.23,1807.51,1655.15,1680.97,582727.49081,1616371200,1783.418571428571,1701.1532,1361.2866666666666,46.3443212114524,33.12161856214993,45.78063022350308,-12.659011661353148,805682.5884045,-0.06358906368376482,-2.0
2021-03-23 00:00:00,1681.17,1721.17,1650.0,1668.08,577213.99589,1616457600,1763.8414285714284,1710.0928,1372.2138383838385,45.56177701546386,22.37460921054617,41.0994260209117,-18.72481681036553,781800.9724635,-0.08637404287482608,-2.0
2021-03-24 00:00:00,1668.2,1740.86,1536.92,1581.84,753834.52393,1616544000,1729.3071428571427,1715.0412,1382.2461616161615,40.6199022358294,6.82006217768776,34.24355325226691,-27.423491074579154,772174.415116,-0.10433157805333781,-2.0
2021-03-25 00:00:00,1581.88,1622.0,1549.4,1585.74,701697.00258,1616630400,1702.1157142857141,1721.7035999999998,1391.8275757575757,40.93192368701773,-5.133159140679027,26.368210773677728,-31.501369914356754,761719.9507569999,-0.1751033890810726,-2.0
2021-03-26 00:00:00,1585.83,1699.93,1585.79,1698.84,515470.92907,1616716800,1686.3642857142856,1726.8627999999997,1402.4956565656566,49.25887980754413,-5.417498815858835,20.011068855770418,-25.428567671629253,736828.4502465,-0.08076402792056703,-2.0
2021-03-27 00:00:00,1698.84,1732.67,1666.41,1712.63,443845.49957,1616803200,1673.0114285714285,1735.8968,1413.190404040404,50.1810568446179,-4.478477207343076,15.113159643147721,-19.591636850490797,716597.186157,-0.04507995628610295,-2.0
2021-03-28 00:00:00,1712.52,1725.66,1661.4,1687.01,348895.51314,1616889600,1659.3014285714287,1740.6696000000002,1423.5841414141416,48.42037086048136,-5.735500423379563,10.943427629842265,-16.678928053221828,676556.3918205,-0.06543055309342305,-2.0
2021-03-29 00:00:00,1687.16,1841.0,1677.85,1816.74,647724.46387,1616976000,1678.697142857143,1751.77,1435.4887878787881,56.704243479554485,3.693846064607442,9.493511316795301,-5.799665252187859,666081.1410865,-0.0037508636857170874,-2.0
2021-03-30 00:00:00,1816.76,1859.13,1786.3,1840.46,568842.00526,1617062400,1703.3228571428572,1764.256,1447.942121212121,58.03144882977775,12.931609312294086,10.181130915895057,2.7504783963990285,647661.709934,0.03624836719066704,-2.0
2021-03-31 00:00:00,1840.41,1947.29,1768.15,1919.37,746995.8591,1617148800,1751.5414285714287,1775.0168000000003,1460.9009090909087,62.18447758099578,26.316619158062394,13.408228564328525,12.90839059373387,639560.928084,0.060952960035376647,-2.0
2021-04-01 00:00:00,1919.37,1984.77,1885.02,1968.05,741585.07266,1617235200,1806.1571428571428,1784.6924,1474.8654545454544,64.51719491223199,40.38685058528176,18.803952968519173,21.58289761676259,633161.9499120001,0.08966834616023478,-2.0
2021-04-02 00:00:00,1968.05,2146.0,1948.48,2133.69,846197.93215,1617321600,1868.2785714285715,1796.7128,1490.2329292929292,71.05908944410469,64.1637344603364,27.87590926688262,36.287825193453784,629157.6851985,0.19669878517986739,-2.0
2021-04-03 00:00:00,2133.69,2138.12,1996.3,2008.52,770176.32192,1617408000,1910.5485714285714,1802.2331999999997,1504.1894949494952,61.78839586645132,72.07606530876592,36.71594047525928,35.36012483350664,635768.319481,0.19485773095296155,-2.0
2021-04-04 00:00:00,2008.59,2091.83,1975.24,2075.69,514345.76554,1617494400,1966.0742857142857,1813.4560000000001,1518.7172727272728,64.46743425219515,82.81209585601096,45.93517155140962,36.87692430460134,610219.267929,0.24435878375137898,-2.0
2021-04-05 00:00:00,2075.7,2130.64,2002.15,2107.38,684923.61494,1617580800,2007.5942857142857,1824.7199999999998,1533.0836363636363,65.6896296569403,92.80776542030821,55.30969032518934,37.49807509511888,606215.7786025,0.332233348505538,-2.0
2021-04-06 00:00:00,2107.43,2151.0,2044.65,2112.21,673386.05575,1617667200,2046.4157142857143,1838.5644,1547.041212121212,65.88225083076995,99.96679125649189,64.24111051144985,35.72568074504204,606967.6089684999,0.3320027242801469,-2.0
2021-04-07 00:00:00,2112.22,2129.01,1930.01,1963.47,892984.90422,1617753600,2052.7157142857145,1840.2091999999998,1559.4803030303028,55.54130970444365,92.57119279473864,69.9071269681076,22.66406582663103,621430.7736515,0.15577099668008776,-2.0
2021-04-08 00:00:00,1963.46,2084.61,1947.35,2080.46,501355.998,1617840000,2068.774285714286,1849.5035999999998,1572.8973737373738,60.7585658116261,95.05451374014865,74.93660432251582,20.11790941763283,621485.6521139999,0.21477493679311932,-2.0
2021-04-09 00:00:00,2080.39,2100.0,2047.57,2066.87,426387.4379,1617926400,2059.2285714285713,1860.4391999999998,1586.3362626262626,59.879504656184324,94.83279067754779,78.91584159352222,15.916949084025575,620227.2186895,0.22516760422285587,-2.0
2021-04-10 00:00:00,2067.19,2200.0,2058.0,2133.49,655458.20894,1618012800,2077.0814285714287,1873.5739999999998,1600.5239393939394,62.72646862868961,98.89277641850094,82.91122855851796,15.981547859982982,629702.429762,0.17435076015280115,-2.0
2021-04-11 00:00:00,2133.49,2165.02,2113.4,2151.36,392265.50773,1618099200,2087.8914285714286,1886.6852,1614.4310101010099,63.47516977556791,102.37222078627383,86.80342700406914,15.568793782204693,620179.3306079999,0.1689251600143442,-2.0
2021-04-12 00:00:00,2151.42,2203.46,2102.0,2137.69,579093.35694,1618185600,2092.2214285714285,1901.1496,1626.142222222222,62.441902371645426,102.84116186317488,90.0109739758903,12.83018788728458,620273.2986605001,0.11374565612675003,-2.0
2021-04-13 00:00:00,2137.86,2318.0,2135.53,2299.19,782608.6209,1618272000,2118.9328571428573,1920.7532,1638.8468686868687,68.88589292832765,114.91977767142316,94.99273471499687,19.92704295642629,621712.0035090001,0.16825792027641584,-2.0
2021-04-14 00:00:00,2299.19,2447.29,2281.33,2432.6,972931.60866,1618358400,2185.9514285714286,1945.8132,1652.3119191919193,73.0060871697339,133.71584672151585,102.73735711630067,30.978489605215174,635273.733813,0.14009064109594171,-2.0
2021-04-15 00:00:00,2432.59,2543.47,2400.0,2514.04,681950.96645,1618444800,2247.8914285714286,1975.0556,1665.5,75.16785316326255,153.41492251037448,112.87287019511544,40.54205231525904,643597.735682,0.2516878099296995,-2.0
2021-04-16 00:00:00,2514.04,2548.29,2300.0,2422.67,999163.75205,1618531200,2298.7200000000003,2004.7235999999998,1677.5989898989899,68.53631695453329,159.81157821377838,122.26061179884803,37.55096641493034,671363.6483059999,0.16716369014640908,-2.0
2021-04-17 00:00:00,2422.38,2495.0,2310.0,2317.6,624232.25568,1618617600,2325.0214285714287,2030.7044,1688.7168686868688,61.785892046562374,154.6203360644363,128.7325566519657,25.887779412470593,685130.4854329999,0.09975419715476086,-2.0
2021-04-18 00:00:00,2317.65,2340.0,1946.8,2235.64,1475383.69204,1618704000,2337.0614285714287,2056.8563999999997,1698.4102020202022,57.06435740817316,142.25294878430304,131.43663507843317,10.816313705869874,726513.4468415,0.058436424408557786,-2.0
2021-04-19 00:00:00,2235.65,2300.0,2080.0,2161.12,820592.26555,1618790400,2340.4085714285716,2079.8716,1707.570505050505,53.09174292535885,124.99766873537419,130.1488418098214,-5.1511730744472,739100.959856,0.10066362103826387,-2.0
2021-04-20 00:00:00,2161.12,2346.62,2055.0,2330.03,992240.809,1618876800,2344.8142857142857,2105.1191999999996,1720.1262626262626,59.90518949776301,123.52840181686452,128.82475381123004,-5.296351994365523,751363.207351,0.11995904751833741,-2.0
2021-04-21 00:00:00,2330.26,2469.54,2235.16,2357.06,1177885.8617,1618963200,2334.022857142857,2130.8963999999996,1733.3272727272727,60.88432710389599,123.1257750081536,127.68495805061475,-4.559183042461157,773178.246803,0.14040070251152703,-2.0
2021-04-22 00:00:00,2357.06,2644.47,2303.44,2397.94,2220753.09746,1619049600,2317.4371428571426,2159.3336,1746.1358585858586,62.38062036528742,124.66826653969747,127.08161974843131,-2.413353208733838,841906.0050685,0.1239518347871329,-2.0
2021-04-23 00:00:00,2397.94,2442.89,2107.0,2367.39,2532242.44185,1619136000,2309.54,2181.3596,1757.6082828282829,60.517537493682866,122.0190132776338,126.06909845427181,-4.050085176638007,930009.3110649999,0.10041555109326183,-2.0
2021-04-24 00:00:00,2367.39,2368.74,2154.8,2213.35,997688.94623,1619222400,2294.647142857143,2196.2752,1768.1620202020204,52.07256175656363,106.26476626857993,122.10823201713345,-15.843465748553513,954176.4700995,0.035393345152945344,-2.0
2021-04-25 00:00:00,2214.08,2356.64,2168.0,2320.49,857517.38218,1619308800,2306.7685714285712,2212.32,1779.1989898989898,56.60809817922571,101.25748138947984,117.93808189160274,-16.6806005021229,962806.1584615002,0.009264132150887727,-2.0
2021-04-26 00:00:00,2320.44,2542.8,2303.64,2532.6,1076469.01367,1619395200,2359.837142857143,2234.902,1792.3318181818183,63.893088365351986,113.10091937435027,116.97064938815224,-3.86973001380197,982960.3063574999,0.04110827920743243,-2.0
2021-04-27 00:00:00,2532.06,2680.0,2480.29,2666.13,771728.46451,1619481600,2407.8514285714286,2256.1996,1806.550808080808,67.58284385182787,131.74303267447021,119.92512604541584,11.817906629054377,976897.484372,0.060496253042911174,-2.0
2021-04-28 00:00:00,2666.13,2760.0,2559.44,2748.24,999383.1852,1619568000,2463.7342857142858,2285.7884,1820.5192929292928,69.63753326215307,151.39741736630822,126.21958430959432,25.177833056713894,1001798.843732,0.1343847903346307,-2.0
2021-04-29 00:00:00,2748.23,2798.0,2668.0,2757.04,863890.01069,1619654400,2515.0342857142855,2313.0424,1834.4591919191919,69.85803606737674,165.77281941984074,134.1302313316436,31.64258808819713,1023673.9723715,0.18960994131860542,-2.0
2021-04-30 00:00:00,2757.04,2798.3,2723.09,2772.42,695339.20482,1619740800,2572.8957142857143,2339.6440000000002,1851.2416161616163,70.26448951548848,176.373344454149,142.5788539561447,33.79449049800428,1025668.0221654999,0.24010126854055236,-2.0
2021-05-01 00:00:00,2772.42,2954.28,2743.41,2944.77,690260.07741,1619827200,2677.3842857142854,2372.9464,1868.5360606060606,74.42621897102187,196.4173644160237,153.34655604812053,43.07080836790317,1040567.7506494999,0.36261290441993044,-2.0
2021-05-02 00:00:00,2944.83,2985.0,2852.26,2949.56,571982.5445,1619913600,2767.2514285714287,2412.39,1885.8689898989899,74.5328999149584,210.26510239850677,164.73026531819778,45.53483708030899,1040212.2100275,0.2658892803955313,-2.0
2021-05-03 00:00:00,2949.33,3454.0,2949.32,3431.04,1329088.0628,1620000000,2895.5999999999995,2466.4132,1906.460202020202,82.45540688609918,257.1269472292438,183.209601700407,73.91734552883679,1067536.1821225,0.45564389536117034,-2.0
2021-05-04 00:00:00,3431.04,3527.0,3160.0,3239.01,1826039.38558,1620086400,2977.44,2513.2988,1925.8655555555556,72.73662581745117,275.59321372364775,201.68632410505518,73.90688961859257,1110191.5709684999,0.3507468910815117,-2.0
2021-05-05 00:00:00,3239.01,3549.34,3200.23,3524.26,1174816.73588,1620172800,3088.2999999999997,2568.9296000000004,1947.6664646464644,77.06171325642569,309.67540868395145,223.28414102083445,86.39126766311699,1134834.85944,0.48866895610778127,-2.0
2021-05-06 00:00:00,3524.33,3605.4,3376.47,3489.73,920592.57706,1620259200,3192.9700000000003,2622.4644,1970.400808080808,75.50029397160273,330.0943886820937,244.6461905530863,85.44819812900741,1130906.3006904998,0.5766733684234306,-2.0
2021-05-07 00:00:00,3489.74,3587.0,3353.23,3479.53,760544.64781,1620345600,3293.9857142857145,2676.138,1992.1163636363635,75.01675948358249,341.51673040505784,264.0202985234806,77.49643188157722,1137721.920297,0.4994807131252452,-2.0
2021-05-08 00:00:00,3479.79,3958.33,3449.27,3910.26,1130467.54852,1620432000,3431.912857142857,2740.5808,2017.6795959595959,80.65192028795863,380.9341579041893,287.4030703996224,93.53108750456693,1120476.113121,0.5439706230751009,-2.0
2021-05-09 00:00:00,3910.26,3983.65,3726.08,3923.95,1000401.0082,1620518400,3571.1114285714284,2800.2348,2043.3957575757574,80.80015105870675,408.56770756414426,311.63599783252675,96.9317097316175,1129466.5502535,0.4717774452108485,-2.0
2021-05-10 00:00:00,3923.95,4208.0,3650.0,3945.88,1505897.92612,1620604800,3644.66,2857.5083999999997,2069.9950505050506,81.0505980813287,427.3112839921532,334.77105506445207,92.54022892770115,1155149.4061095002,0.4357843565336361,-2.0
2021-05-11 00:00:00,3946.63,4180.22,3771.64,4173.45,1095927.10403,1620691200,3778.151428571429,2927.5396,2098.270606060606,83.46147915411917,455.2805101509389,358.87294608174943,96.40756406918945,1151051.468226,0.5137429997388503,-2.0
2021-05-12 00:00:00,4173.46,4372.72,3701.58,3823.21,1601842.74017,1620777600,3820.858571428572,2987.7639999999997,2121.6174747474747,68.92684518382053,444.06596642746945,375.9115501508935,68.15441627657594,1120105.9503615,0.37901544499029716,-2.0
2021-05-13 00:00:00,3810.15,4034.77,3500.0,3717.91,2068708.17427,1620864000,3853.4557142857143,3047.0548,2142.3590909090913,65.24783140585703,421.81906218341237,385.0930525573973,36.72600962601507,1096929.2369825,0.2625468202949637,-2.0
2021-05-14 00:00:00,3717.92,4173.28,3691.35,4075.01,1153390.42631,1620950400,3938.5242857142853,3123.6103999999996,2167.402929292929,70.91709838797752,428.06870629780224,393.68818330547833,34.380522992323904,1104714.3109865,0.3815653860236783,-2.0
2021-05-15 00:00:00,4075.02,4134.05,3632.0,3646.68,1039174.88082,1621036800,3900.8699999999994,3176.2764,2186.8725252525255,58.57402306060944,393.9181003327476,393.73416671093224,0.18393362181535622,1113797.1859185,0.0628497481813095,-2.0
2021-05-16 00:00:00,3646.24,3879.0,3343.06,3582.1,1324065.65875,1621123200,3852.034285714286,3225.278,2206.122525252525,56.96419815939336,357.52115149593556,386.4915636679329,-28.97041217199734,1126177.0181725002,0.1059243410795272,-2.0
2021-05-17 00:00:00,3581.81,3587.06,3102.0,3282.51,1904012.43998,1621209600,3757.2671428571425,3260.6608,2223.000202020202,50.086985735386456,301.0317909942064,369.3996091331876,-68.36781813898119,1182791.216946,-0.06859596057044604,-2.0
2021-05-18 00:00:00,3282.25,3565.71,3240.0,3375.07,1287110.84143,1621296000,3643.212857142857,3300.968,2239.4135353535353,52.0145153205819,260.7268870000398,347.6650647065581,-86.93817770651827,1197177.5997575,-0.0328564100947637,-2.0
2021-05-19 00:00:00,3375.08,3441.73,1888.0,2438.92,4309836.31939,1621382400,3445.457142857143,3309.9907999999996,2246.1790909090905,36.61385127922343,151.4990917111627,308.431870107479,-156.93277839631634,1369474.9151925002,-0.29906625320086333,-2.0
2021-05-20 00:00:00,2438.92,2990.05,2155.0,2768.62,2942777.9301,1621468800,3309.844285714286,3327.916,2256.561313131313,43.013353321381516,90.49612854510633,264.8447217950045,-174.34859324989816,1481846.8514565001,-0.29196012541365546,-2.0
2021-05-21 00:00:00,2767.87,2938.54,2101.0,2430.98,2727031.93514,1621555200,3074.9828571428575,3323.8512,2263.080101010101,38.703864351652896,14.736244257795533,214.8230262875627,-200.08678202976716,1583685.444343,-0.38047630576332514,-2.0
2021-05-22 00:00:00,2430.98,2485.0,2145.0,2294.87,1684318.01157,1621641600,2881.867142857143,3309.0008,2267.672121212121,37.09059423573552,-55.64550262551393,160.7293205049474,-216.37482313046132,1639302.2176965,-0.41841363650187036,-2.0
2021-05-23 00:00:00,2295.45,2381.57,1728.74,2096.39,2914548.73125,1621728000,2669.6228571428574,3282.9267999999997,2270.5148484848487,34.81187126830248,-125.9869225184143,103.38607190027506,-229.37299441868936,1718575.2511189997,-0.49768417017096167,-2.0
2021-05-24 00:00:00,2096.63,2675.0,2079.94,2648.43,2186632.92245,1621814400,2579.04,3278.5824,2279.080606060606,44.943412323667076,-135.6245942576561,55.58393866868883,-191.20853292634493,1736604.9279625,-0.3072758231956916,-2.0
2021-05-25 00:00:00,2647.92,2750.0,2378.54,2705.11,2115349.50445,1621900800,2483.3314285714287,3275.89,2288.4327272727273,45.873577960710044,-137.10841577121982,17.0454677807071,-154.15388355192692,1783631.5663909998,-0.2724111126950356,-2.0
2021-05-26 00:00:00,2705.1,2910.0,2643.0,2884.94,1583799.59251,1621987200,2547.0485714285714,3273.4968000000003,2299.5736363636365,48.82753595973129,-122.36305182006663,-10.836236139447648,-111.52681568061898,1816791.9171634999,-0.29204100112637765,-2.0
2021-05-27 00:00:00,2884.82,2889.74,2633.68,2742.23,1099029.91206,1622073600,2543.2785714285715,3265.2036,2308.5872727272726,46.6516364982522,-120.80023901708228,-32.82903671497458,-87.9712023021077,1833716.180376,-0.24802011692827441,-2.0
2021-05-28 00:00:00,2742.23,2762.45,2327.38,2412.1,1554584.61362,1622160000,2540.5814285714287,3224.446,2313.359898989899,41.99003135524157,-144.53432882651532,-55.17009513728273,-89.36423368923259,1854922.033631,-0.3266240473465286,-2.0
2021-05-29 00:00:00,2412.34,2574.27,2204.1,2278.74,1379427.18851,1622246400,2538.2771428571427,3186.0352000000003,2316.63,40.240748924166496,-172.12070313502818,-78.56021673683182,-93.56048639819636,1873873.3426464996,-0.30579343246479074,-2.0
2021-05-30 00:00:00,2278.74,2476.42,2180.53,2385.98,1151113.19883,1622332800,2579.6471428571426,3140.5039999999995,2321.4075757575756,42.32160852033815,-183.21771203047228,-99.49171579555991,-83.72599623491237,1856134.106282,-0.29305762547147174,-2.0
2021-05-31 00:00:00,2385.82,2720.0,2271.44,2706.15,1307958.04068,1622419200,2587.8928571428573,3109.1608,2329.211818181818,48.12887569430747,-164.28337185419105,-112.45004700728614,-51.8333248469049,1866735.6531145,0.10956898955275296,-2.0
2021-06-01 00:00:00,2706.15,2740.0,2523.74,2634.57,1179577.10806,1622505600,2577.815714285714,3075.3624,2337.8682828282826,46.98978612154752,-153.28668514224182,-120.61737463427728,-32.66931050796454,1845622.371509,-0.04841762322023235,-2.0
2021-06-02 00:00:00,2634.31,2802.99,2550.0,2706.22,970070.53563,1622592000,2552.284285714286,3027.2007999999996,2349.2655555555557,48.30858853975875,-137.20852107855217,-123.93560392313226,-13.272917155419904,1790690.4895770003,0.11322182823388083,-2.0
2021-06-03 00:00:00,2706.21,2891.95,2662.4,2857.25,1024290.89423,1622678400,2568.715714285714,2984.5327999999995,2361.728787878788,51.07178197445561,-111.00006181408298,-121.3484955013224,10.348433687239421,1784235.512973,0.2450596330075343,-2.0
2021-06-04 00:00:00,2857.25,2860.0,2552.0,2689.51,1188314.11191,1622764800,2608.3457142857146,2934.2780000000002,2373.928383838384,48.002645704551284,-102.58237934973704,-117.59527227100534,15.012892921268303,1791692.4745274999,0.28292445585029524,-2.0
2021-06-05 00:00:00,2689.54,2816.87,2552.23,2627.73,961824.12413,1622851200,2658.2014285714286,2872.4492,2385.8792929292927,46.88509833638902,-99.74661811015312,-114.02554143883489,14.27892332868177,1773580.3977965,-0.00781595133720725,-2.0
2021-06-06 00:00:00,2627.63,2745.0,2614.0,2711.92,673792.69369,1622937600,2704.7642857142855,2827.9976,2398.543838383838,48.639883893927006,-89.6721428585115,-109.15486172277022,19.482718864258715,1712069.410482,0.0025174577004261067,-2.0
2021-06-07 00:00:00,2711.92,2847.55,2570.0,2592.05,1152128.07856,1623024000,2688.464285714286,2782.9632,2410.39101010101,46.29471685799275,-90.31940990798284,-105.38777135981275,15.068361451829901,1705320.2723384998,-0.10152377519116507,-2.0
2021-06-08 00:00:00,2592.05,2620.99,2304.91,2507.23,1693747.42759,1623110400,2670.272857142857,2720.252,2419.859393939394,44.654071328796206,-96.56351474836083,-103.62292003752238,7.059405289161546,1574515.8277485003,-0.08569667752157917,-2.0
2021-06-09 00:00:00,2507.43,2626.63,2405.28,2610.18,1276718.24011,1623196800,2656.552857142857,2678.792,2431.206868686869,47.1043530839519,-92.14264515323475,-101.32686506066486,9.184219907430105,1491212.8432490001,0.08211931511960535,-2.0
2021-06-10 00:00:00,2610.2,2624.46,2425.11,2471.09,741237.49926,1623283200,2601.387142857143,2634.3516,2440.3321212121214,44.2537628620503,-98.72444082482207,-100.80638021349631,2.081939388674243,1391923.121455,0.08441068309679922,-2.0
2021-06-11 00:00:00,2471.01,2497.99,2321.37,2354.01,587364.27358,1623369600,2553.4585714285718,2597.2116,2448.5622222222223,41.95231486102041,-112.0957685923072,-103.0642578892585,-9.031510703048696,1337075.4345555,-0.013399106446826847,-2.0
2021-06-12 00:00:00,2354.09,2454.53,2256.22,2370.74,767439.4984,1623456000,2516.7457142857143,2557.0384,2457.071616161616,42.41317801234584,-119.95984854013932,-106.44337601943467,-13.516472520704653,1229719.972913,-0.1239436099255401,-2.0
2021-06-13 00:00:00,2370.64,2548.41,2308.41,2509.33,715948.75986,1623542400,2487.804285714286,2559.8547999999996,2465.748181818182,46.22217763185379,-113.6984884019439,-107.89439849593653,-5.804089906007377,1156185.7647835002,-0.04753716925342666,-2.0
2021-06-14 00:00:00,2509.33,2609.17,2461.0,2580.77,684183.55622,1623628800,2486.192857142857,2552.3408,2474.380606060606,48.12686857864822,-101.79823771359179,-106.6751663394676,4.876928625875806,1084627.467372,-0.046356172077658075,-2.0
2021-06-15 00:00:00,2580.58,2640.0,2507.7,2543.54,599826.64933,1623715200,2491.38,2556.8432000000003,2481.55595959596,47.18888063860776,-94.2845001348137,-104.19703309853682,9.912532963723123,1035428.820213,-0.10979438271064834,-2.0
2021-06-16 00:00:00,2543.55,2556.19,2351.18,2367.89,624741.78358,1623801600,2456.7671428571425,2559.764,2486.58,42.93699925263114,-101.33516727241158,-103.62465993331178,2.289492660900194,1011714.413789,-0.11958312108897173,-2.0
2021-06-17 00:00:00,2368.02,2460.5,2306.0,2373.28,560667.58566,1623888000,2442.7942857142857,2570.8396,2492.42,43.10640577622594,-105.27440600104319,-103.95460914685806,-1.3197968541851282,962018.5623909999,-0.09683262740083642,-2.0
2021-06-18 00:00:00,2373.28,2378.0,2139.0,2234.09,778905.20197,1623974400,2425.662857142857,2554.2659999999996,2496.5443434343433,39.8188845377204,-118.26447160323505,-106.81658163813346,-11.447889965101595,931992.4630639998,-0.1761962004778902,-2.0
2021-06-19 00:00:00,2234.09,2278.82,2161.67,2164.67,496872.24997,1624060800,2396.2242857142855,2532.6484,2500.570303030303,38.251982100151665,-132.63190793995818,-111.9796468984984,-20.65226104145978,899280.415621,-0.1648810786828958,-2.0
2021-06-20 00:00:00,2165.34,2280.01,2040.68,2243.47,743883.64741,1624147200,2358.2442857142855,2506.9896000000003,2503.8139393939396,41.08596936391365,-136.0909317600126,-116.80190387080124,-19.28902788921137,871076.6959574999,-0.10519976228746475,-2.0
2021-06-21 00:00:00,2243.49,2260.16,1865.54,1885.49,1629819.66576,1624233600,2258.9185714285713,2472.72,2504.1916161616164,33.55218890048569,-165.80690846506923,-126.60290478965484,-39.204003675414384,893588.8238425,-0.2776398562551241,-2.0
2021-06-22 00:00:00,1885.27,1998.0,1700.48,1879.28,1695338.08052,1624320000,2164.0242857142853,2451.4072,2505.0582828282827,33.43764482722034,-187.69450379279078,-138.82122459028204,-48.87327920250874,929852.2010870001,-0.23949350286715587,-2.0
2021-06-23 00:00:00,1879.29,2045.0,1821.95,1968.14,918612.30494,1624406400,2106.917142857143,2438.9832,2506.7049494949497,36.764341487721964,-195.6153889778402,-150.1800574677937,-45.435331510046524,924568.2716225,-0.163920289208627,-2.0
2021-06-24 00:00:00,1967.95,2036.61,1884.79,1989.52,701231.67478,1624492800,2052.094285714286,2423.1248,2508.381111111111,37.572775586994624,-197.88644843646443,-159.72133566152786,-38.165112774936574,900214.149766,-0.1608021124205944,-2.0
2021-06-25 00:00:00,1989.53,2019.99,1791.22,1808.82,858808.54767,1624579200,1991.3414285714284,2387.2316,2508.711818181818,33.65639160772356,-211.82546711844725,-170.14216195291175,-41.6833051655355,895063.370943,-0.27916216679352657,-2.0
2021-06-26 00:00:00,1808.97,1852.8,1717.32,1829.64,832315.14904,1624665600,1943.48,2355.0344,2508.9192929292926,34.50349682508569,-218.67153056309553,-179.8480356749485,-38.823494888147025,902989.4937105,-0.2910487955145169,-2.0
2021-06-27 00:00:00,1829.84,1984.5,1804.26,1982.28,696055.79307,1624752000,1906.1671428571428,2326.0768,2510.6988888888886,40.501624320476836,-209.36686197342533,-185.75180093464388,-23.615061038781448,880185.879436,-0.2206609685713612,-2.0
2021-06-28 00:00:00,1982.27,2145.0,1960.52,2084.41,1044244.68308,1624838400,1934.5842857142857,2295.1632,2513.743636363636,44.184778423106316,-191.54380980803217,-186.91020270932154,-4.633607098710627,847710.7422105,-0.11971839908103843,-2.0
2021-06-29 00:00:00,2084.42,2245.0,2073.57,2165.33,831257.23277,1624924800,1975.4485714285715,2274.196,2518.6361616161616,46.98505128574567,-168.94188791425677,-183.31653975030858,14.374651836051811,825437.6918435,-0.08762135104159652,-2.0
2021-06-30 00:00:00,2165.46,2287.78,2087.99,2275.68,910583.6032,1625011200,2019.3828571428571,2260.114,2524.7735353535354,50.62313242273998,-140.50571676768914,-174.75437515378468,34.24865838609554,833904.9970405,0.018616080820378578,-2.0
2021-07-01 00:00:00,2275.68,2275.93,2073.12,2106.41,787865.25137,1625097600,2036.0814285714284,2235.8936,2530.072222222222,45.468720656522564,-130.12848049311106,-165.82919622164997,35.70071572853891,843930.04593,-0.02691403308587459,-2.0
2021-07-02 00:00:00,2106.41,2160.0,2018.5,2154.13,672282.37476,1625184000,2085.4114285714286,2218.3768,2535.8135353535354,47.103876187423396,-116.70849787920406,-156.00505655316078,39.296558673956724,839172.189748,-0.03982223965553344,-2.0
2021-07-03 00:00:00,2153.95,2240.0,2112.01,2226.99,569264.801,1625270400,2142.175714285714,2207.1672,2541.148383838384,49.58934946510813,-99.0520613825056,-144.61445751902974,45.56239613652414,831837.991805,0.18112002715474484,-2.0
2021-07-04 00:00:00,2226.99,2389.93,2189.58,2322.69,590656.25069,1625356800,2190.805714285714,2195.6676,2547.310606060606,52.73107627379191,-76.45568451036252,-130.9827029172963,54.52701840693379,827161.6265285,0.23594674556213024,-2.0
2021-07-05 00:00:00,2322.69,2324.64,2157.32,2196.53,781806.31605,1625443200,2206.8228571428567,2184.6852,2552.4572727272725,48.444731550904024,-67.94472616882194,-118.37510756760145,50.4303813987795,836260.6098645,0.1160435741359862,-2.0
2021-07-06 00:00:00,2196.85,2350.0,2193.0,2322.5,785330.17152,1625529600,2229.2757142857145,2183.4248000000002,2557.5659595959596,52.5888405394638,-50.4534086514459,-104.79076778437035,54.33735913292445,844290.0292615,0.1673670030962242,-2.0
2021-07-07 00:00:00,2322.51,2409.0,2291.9,2316.57,666501.35572,1625616000,2235.117142857143,2181.258,2562.3751515151516,52.375409394519856,-36.64746576858488,-91.16210738121326,54.51464161262838,849581.7177645,0.2807078647958339,-2.0
2021-07-08 00:00:00,2316.25,2325.6,2084.79,2116.33,880265.04124,1625702400,2236.5342857142855,2165.538,2564.3646464646467,45.63963966425715,-41.38677016784095,-81.2070399385388,39.82026977069785,854649.709728,0.15669202684681127,-2.0
2021-07-09 00:00:00,2116.32,2189.4,2046.51,2146.99,738611.36304,1625788800,2235.514285714286,2148.1868,2566.1721212121215,46.76848546396595,-42.182444324890184,-73.40212081580907,31.219676490918886,866736.6653814999,0.08309118792501557,-2.0
2021-07-10 00:00:00,2146.99,2194.82,2074.16,2110.69,499071.85904,1625875200,2218.9,2130.8728,2565.9397979797977,45.56212952465153,-45.22085063796385,-67.76586678024003,22.545016142276182,854496.0759630001,0.01260788424542203,-2.0
2021-07-11 00:00:00,2110.68,2174.0,2081.02,2140.45,342294.40302,1625961600,2192.865714285714,2121.7752,2567.272424242424,46.774274964353154,-44.712013981392374,-63.1550962204705,18.443082239078123,790119.812826,-0.011490165471313873,-2.0
2021-07-12 00:00:00,2140.54,2167.83,2006.68,2031.58,540630.10742,1626048000,2169.3014285714285,2108.1072,2566.8268686868687,43.002008808371194,-52.48860048713914,-61.02179707380423,8.533196586665092,732384.414171,-0.1072646417774028,-2.0
2021-07-13 00:00:00,2031.57,2047.35,1918.0,1940.15,647388.24969,1626134400,2114.68,2096.3496,2565.137676767677,40.07870392620655,-65.27676825674553,-61.87279131039249,-3.4039769463530334,718823.2114085,-0.07893050260870382,-2.0
2021-07-14 00:00:00,1940.44,2019.18,1865.0,1994.58,690505.60937,1626220800,2068.6814285714286,2089.546,2563.949494949495,42.581202060146936,-70.2100989223145,-63.5402528327769,-6.6698460895376,718286.908138,-0.07406702473852556,-2.0
2021-07-15 00:00:00,1994.41,2042.88,1881.0,1919.51,645271.32563,1626307200,2040.5642857142855,2076.5876,2563.5054545454545,40.094142108980655,-79.26361897172274,-66.68492606056607,-12.578692911156665,707610.0470360001,-0.13806977130566367,-2.0
2021-07-16 00:00:00,1919.54,1965.0,1850.0,1876.26,577068.89724,1626393600,2001.8885714285714,2076.2183999999997,2561.4428282828285,38.69199419538562,-88.90368603069828,-71.12867805459251,-17.77500797610577,694847.7344460001,-0.19220386706792558,-2.0
2021-07-17 00:00:00,1876.47,1919.19,1844.45,1899.59,430300.51578,1626480000,1971.7314285714285,2077.0308,2559.7531313131312,39.912694201105616,-93.58221508225233,-75.61938546012448,-17.962829622127856,681559.9705815001,-0.13518595238854025,-2.0
2021-07-18 00:00:00,1899.5,1993.79,1877.1,1891.64,534837.63654,1626566400,1936.1871428571428,2073.9708,2557.310202020202,39.62317451632783,-96.81545334107932,-79.85859903631545,-16.956854304763866,656089.6182545,-0.18551560818083956,-2.0
2021-07-19 00:00:00,1891.65,1919.0,1805.0,1818.73,547419.93771,1626652800,1905.78,2067.1391999999996,2553.950303030303,36.97424148502568,-104.06148954567561,-84.6991771381875,-19.36231240748812,641897.7535015,-0.2149039312431742,-2.0
2021-07-20 00:00:00,1818.73,1841.34,1706.0,1786.03,786257.272,1626739200,1883.7628571428572,2066.2275999999997,2550.398181818182,35.81769089731584,-111.16124452596387,-89.99159061574278,-21.169653910221086,635681.4369415,-0.1560720681557224,-2.0
2021-07-21 00:00:00,1786.03,2035.23,1747.55,1995.5,1115949.82033,1626825600,1883.8942857142858,2072.8619999999996,2547.330606060606,47.209223852641166,-98.74707826236113,-91.74268814506645,-7.004390117294676,652085.6653895,-0.07055924806356795,-2.0
2021-07-22 00:00:00,1995.5,2046.0,1947.62,2024.56,768854.3659,1626912000,1898.9014285714286,2074.5532,2543.20898989899,48.57291861197207,-85.57738015540872,-90.5096265471349,4.932246391726181,656914.2649465001,-0.04080656088767187,-2.0
2021-07-23 00:00:00,2024.27,2130.9,1993.22,2124.25,708160.91322,1626998400,1934.3285714285714,2076.1468,2539.2717171717172,53.05320468752844,-66.33152118095427,-85.67400547389877,19.342484292944505,663859.0705575,-0.007568501950524387,-2.0
2021-07-24 00:00:00,2124.26,2199.5,2105.58,2184.75,633075.18592,1627084800,1975.0657142857142,2076.9236,2536.868484848485,55.5822625320504,-45.670731144775345,-77.6733506080741,32.00261946329876,665980.017319,0.07539452052097384,-2.0
2021-07-25 00:00:00,2184.9,2197.41,2105.93,2189.79,535630.27,1627171200,2017.6585714285716,2073.488,2535.5774747474748,55.79589891648676,-28.560987029310127,-67.85087789232131,39.28989086301118,653671.2150164999,0.12867046362394663,-2.0
2021-07-26 00:00:00,2189.82,2433.65,2171.57,2228.08,1393738.163,1627257600,2076.137142857143,2078.3547999999996,2535.501111111111,57.4695253604491,-11.775962585235447,-56.635894830904135,44.85993224566869,684091.6145905,0.11706725225360737,-2.0
2021-07-27 00:00:00,2227.81,2319.26,2150.5,2299.49,906359.23478,1627344000,2149.4885714285715,2084.1692,2536.8987878787875,60.47508442445897,7.205420812090779,-43.867631702305154,51.07305251439593,696084.5085435,0.1979567702173992,-2.0
2021-07-28 00:00:00,2299.47,2345.0,2243.15,2300.9,718202.57727,1627430400,2193.117142857143,2087.1256,2536.6045454545456,60.53438905855282,22.10724061555584,-30.672657238732953,52.77989785428879,687981.385345,0.22632257789432164,-2.0
2021-07-29 00:00:00,2300.9,2400.0,2266.12,2382.92,499364.83496,1627516800,2244.3114285714287,2089.5348,2536.8657575757575,63.92522406218287,40.07342717820711,-16.52344035534494,56.59686753355205,676019.058941,0.254439115809201,-2.0
2021-07-30 00:00:00,2382.93,2471.7,2315.92,2461.81,762577.28797,1627603200,2292.534285714286,2100.146,2537.510909090909,66.87338858241665,59.98604141187161,-1.221544001901627,61.20758541377324,689194.3303874999,0.3014157027764266,-2.0
2021-07-31 00:00:00,2461.77,2553.86,2420.68,2531.05,507601.05026,1627689600,2342.0057142857145,2108.488,2539.1640404040404,69.24875474964824,80.42690964153098,15.108146726784897,65.31876291474609,697459.6627494999,0.3916579151385857,-2.0
2021-08-01 00:00:00,2531.1,2697.61,2511.24,2555.69,853495.94078,1627776000,2394.2771428571427,2118.0528,2542.6220202020204,70.0712077188339,97.49087295945174,31.584691973318265,65.90618098613348,713102.9544175,0.43093341097294013,-2.0
2021-08-02 00:00:00,2555.5,2666.0,2507.0,2606.93,726701.84952,1627862400,2448.3985714285714,2137.6767999999997,2545.515353535354,71.76253323029178,113.83658925742975,48.03507143014056,65.80151782728919,717068.6344089999,0.3064044099223251,-2.0
2021-08-03 00:00:00,2606.92,2632.44,2442.32,2509.04,792960.84375,1627948800,2478.3342857142857,2152.1588,2545.277373737374,64.28803489935703,117.53689018311161,61.93543518073477,55.60145500237684,722191.396128,0.23930137906508087,-2.0
2021-08-04 00:00:00,2508.51,2772.71,2457.68,2724.78,954590.7536,1628035200,2538.8885714285716,2176.7224,2545.869797979798,71.36645634402355,136.30656310000631,76.80966076458908,59.49690233541723,737657.3675264999,0.28270213016358725,-2.0
2021-08-05 00:00:00,2724.55,2843.98,2529.91,2826.99,1307720.20654,1628121600,2602.327142857143,2204.1839999999997,2546.6652525252525,73.9961640718837,157.61230042121997,92.97018869591525,64.64211172530472,774189.9329915,0.29396498455200804,-2.0
2021-08-06 00:00:00,2827.01,2946.75,2720.06,2891.58,825399.48637,1628208000,2663.722857142857,2238.584,2548.0242424242424,75.52583113428012,177.66115672221395,109.908382301175,67.75277442103895,793944.881521,0.3204827860205772,-2.0
2021-08-07 00:00:00,2891.54,3171.0,2865.5,3160.31,1205277.10095,1628294400,2753.617142857143,2287.3903999999998,2551.942323232323,80.63092684373086,212.78147255094473,130.48300035112896,82.29847219981576,827466.8547415,0.4184005960288679,-2.0
2021-08-08 00:00:00,3160.48,3189.99,2949.03,3011.85,966349.70579,1628380800,2818.782857142857,2328.0812,2552.619898989899,71.72927936443713,226.02956646176335,149.59231357325586,76.43725288850749,848413.3431454999,0.3097904317913973,-2.0
2021-08-09 00:00:00,3011.84,3186.0,2893.23,3160.52,1129584.61614,1628467200,2897.867142857143,2377.7216,2554.7508080808084,74.73709119005045,245.69300680258357,168.8124522191214,76.88055458346216,865579.7103525,0.3736016341431614,-2.0
2021-08-10 00:00:00,3160.51,3233.0,3051.22,3141.66,880675.74443,1628553600,2988.2414285714285,2428.3376000000003,2551.8277777777776,73.66634646135952,256.7944143994928,186.4088446551957,70.38556974429707,853816.0065575,0.3184076679032446,-2.0
2021-08-11 00:00:00,3141.14,3274.0,3120.27,3160.5,732546.60433,1628640000,3050.4871428571428,2478.7740000000003,2551.0347474747473,74.0660539188925,264.06857232414313,201.9407901889852,62.12778213515793,852000.618479,0.2838115045434051,-2.0
2021-08-12 00:00:00,3160.4,3239.0,2979.29,3045.96,737628.45808,1628726400,3081.7685714285712,2524.9468,2546.2034343434343,67.37084558075057,257.62127642665655,213.07688743651948,44.544388990137065,853473.9957219999,0.20343730862685439,-2.0
2021-08-13 00:00:00,3046.11,3327.83,3033.8,3322.32,579333.40323,1628812800,3143.3028571428576,2585.0904,2544.512424242424,73.57708244935459,271.6799331858715,224.7974965863899,46.88243659948159,850786.9065874999,0.299969871150257,-2.0
2021-08-14 00:00:00,3322.33,3330.98,3200.0,3263.16,486102.53787,1628899200,3157.9957142857143,2644.1756,2542.3268686868687,70.48632407455034,274.8791664509449,234.81383055930092,40.065335891644,848310.519981,0.25172520934585885,-2.0
2021-08-15 00:00:00,3263.16,3320.0,3111.13,3307.09,565579.67765,1628985600,3200.1728571428575,2696.6391999999996,2536.234242424242,71.44553526512743,277.7575495908063,243.40257436560202,34.3549752252043,806902.5957135,0.31806985938845145,-2.0
2021-08-16 00:00:00,3307.35,3335.0,3135.22,3146.53,635667.05422,1629072000,3198.174285714286,2741.518,2528.3815151515155,63.3425125177174,264.0391597477824,247.52989144203812,16.509268305744257,793367.9866855,0.15478313845521474,-2.0
2021-08-17 00:00:00,3147.18,3290.0,2991.89,3011.72,804996.06971,1629158400,3179.611428571429,2777.0168,2518.9455555555555,57.450850085519974,239.5280661699403,245.92952638761858,-6.401460217678277,797707.6613075,0.06534511972097534,-2.0
2021-08-18 00:00:00,3011.73,3125.81,2950.0,3014.55,625103.25568,1629244800,3158.761428571429,2810.2088,2507.2394949494947,57.54013337968555,217.82030833920953,240.30768277793678,-22.487374438727244,803994.5823435,0.04252692299711591,-2.0
2021-08-19 00:00:00,3014.18,3188.0,2958.33,3184.12,634769.92174,1629331200,3178.4985714285717,2849.9819999999995,2500.7840404040403,62.603686573900184,211.85747461611072,234.61764114557158,-22.76016652946086,797604.214032,0.007534071024677846,-2.0
2021-08-20 00:00:00,3184.11,3300.0,3177.16,3284.82,558127.4554,1629417600,3173.141428571428,2892.2515999999996,2496.409393939394,65.25371346898177,212.80445703116266,230.2550043226898,-17.450547291527158,800130.534289,0.09063200358583612,-2.0
2021-08-21 00:00:00,3284.81,3309.16,3207.0,3223.43,421156.09084,1629504000,3167.465714285714,2929.2092,2487.8075757575757,62.352828575811664,206.22406482607676,225.44881642336722,-19.224751597290464,778513.541792,0.019904952349613314,-2.0
2021-08-22 00:00:00,3223.36,3272.0,3126.42,3238.0,406479.07654,1629590400,3157.595714285714,2966.6931999999997,2483.6794949494947,62.77578672245227,199.88063429700833,220.33517999809544,-20.454545701087113,762502.4031430001,0.030665317061680852,-2.0
2021-08-23 00:00:00,3238.0,3377.89,3230.02,3321.28,602103.44614,1629676800,3182.56,3004.2276,2481.04494949495,65.18355825222571,199.27628691045038,216.12340138056646,-16.847114470116082,752959.5332625,0.050871697516215786,-2.0
2021-08-24 00:00:00,3321.28,3357.85,3147.31,3170.62,540480.07853,1629763200,3205.2599999999998,3032.58,2479.9147474747474,57.888571466689356,184.51337899322743,209.8013969030987,-25.288017909871257,732253.999509,0.04092634177730492,-2.0
2021-08-25 00:00:00,3170.63,3248.0,3080.0,3226.87,483697.69444,1629849600,3235.5914285714284,3060.4127999999996,2478.4177777777777,59.70191505262798,175.33146106385675,202.9074097352503,-27.575948671393547,691052.873904,-0.028729923667798474,-2.0
2021-08-26 00:00:00,3226.88,3250.0,3053.3,3093.2,442298.47372,1629936000,3222.6028571428574,3081.9131999999995,2485.0266666666666,53.77588564148525,155.47643748883547,193.42121528596735,-37.94477779713188,671897.8232715001,-0.052084482526140286,-2.0
2021-08-27 00:00:00,3093.06,3280.0,3060.18,3273.45,451027.80711,1630022400,3220.9785714285713,3108.574,2490.1259595959596,59.59944938129249,152.52761346294938,185.24249492136374,-32.71488145841437,634185.3585794999,-0.01017208482381804,-2.0
2021-08-28 00:00:00,3273.89,3287.0,3210.31,3244.48,262360.34921,1630108800,3223.9857142857145,3137.9916000000003,2498.3431313131314,58.32755252776252,146.16807767670844,177.4276114724327,-31.259533795724252,598985.8907505,0.031129529990179705,-2.0
2021-08-29 00:00:00,3244.75,3285.0,3152.34,3223.47,335806.7827,1630195200,3221.91,3157.9392,2507.722929292929,57.37131303616818,137.84379091909295,169.51084736176475,-31.667056442671793,559296.9990785,0.0703086608316843,-2.0
2021-08-30 00:00:00,3223.47,3347.95,3143.0,3229.64,625347.27541,1630281600,3208.818571428571,3174.0452,2519.169898989899,57.59119658411854,130.24323814980335,161.65732551937248,-31.41408736956913,546530.5756275,0.07135061617820226,-2.0
2021-08-31 00:00:00,3229.14,3476.0,3188.77,3429.2,863071.13092,1630368000,3245.758571428571,3195.55,2527.0564646464645,64.05013392669322,138.72345192714283,157.07055080092658,-18.34709887378375,553056.8019569999,0.07696946094996426,-2.0
2021-09-01 00:00:00,3429.19,3842.0,3382.22,3826.82,845759.95868,1630454400,3331.465714285714,3222.2104000000004,2538.3868686868686,72.9048712267325,175.50557438030455,160.75755551680217,14.74801886350238,558463.376987,0.1650014308242156,-2.0
2021-09-02 00:00:00,3826.82,3836.8,3717.04,3785.82,525165.7996,1630540800,3430.411428571428,3253.1692,2547.4866666666667,70.96391260993613,199.05275779084104,168.41659597160995,30.63616181923109,555754.9968055,0.17446943163028217,-2.0
2021-09-03 00:00:00,3785.82,4027.88,3705.05,3938.11,655903.75739,1630627200,3525.362857142857,3284.2727999999997,2559.5662626262624,73.75851688366483,227.38148829435704,180.20957443615936,47.171913858197684,564245.0577815,0.21621680049413228,-2.0
2021-09-04 00:00:00,3938.11,3970.0,3832.5,3885.52,364478.1193,1630713600,3616.9399999999996,3314.0272000000004,2574.449292929293,71.20970446258939,242.7899069134155,192.7256409316106,50.06426598180491,554189.979864,0.16988630889295675,-2.0
2021-09-05 00:00:00,3885.61,3980.0,3830.0,3950.29,365759.8597,1630800000,3720.7714285714287,3345.6188,2591.3336363636363,72.47142963292934,257.2620308239211,205.63291891007273,51.62911191384839,540694.620138,0.2459045864846623,-2.0
2021-09-06 00:00:00,3950.28,3970.0,3864.3,3926.77,397768.5783,1630886400,3820.361428571429,3380.8512,2606.8971717171717,71.25032301424457,263.7925890919928,217.26485294645676,46.52773614553604,520333.2455675,0.2168974888979105,-2.0
2021-09-07 00:00:00,3926.67,3947.15,3005.0,3434.57,1203536.00209,1630972800,3821.128571428572,3385.3412,2614.2549494949494,51.64074555958926,226.63912233231122,219.13970682362765,7.499415508683569,549254.882888,0.11036143799301712,-2.0
2021-09-08 00:00:00,3434.84,3560.0,3215.16,3499.0,780611.7657,1631059200,3774.297142857143,3394.7747999999997,2622.9865656565653,53.44692532821768,200.08721393276255,215.32920824545465,-15.2419943126921,556546.975086,0.06890283951183007,-2.0
2021-09-09 00:00:00,3499.01,3567.06,3390.4,3424.93,628553.8831,1631145600,3722.741428571429,3399.4884,2630.2462626262627,51.08475303340333,171.09552257775704,206.48247111191515,-35.38694853415811,560068.2964710001,0.05561754117763096,-2.0
2021-09-10 00:00:00,3424.94,3514.11,3150.0,3208.86,633026.2659,1631232000,3618.5628571428574,3401.9816000000005,2633.7978787878787,44.85669151060447,129.1950746776497,191.02499182506207,-61.829917147412374,570661.805224,-0.0045323828048654535,-2.0
2021-09-11 00:00:00,3208.85,3348.37,3200.0,3267.21,413524.1761,1631318400,3530.2328571428575,3412.2012,2639.6332323232323,46.74491648623414,99.54948074249296,172.72988960854826,-73.1804088660553,571014.060202,0.011632875490766859,-2.0
2021-09-12 00:00:00,3267.1,3474.16,3231.1,3404.21,408858.9595,1631404800,3452.2214285714285,3427.7876,2647.4764646464646,50.98841501493776,86.11718371930783,155.40734843070018,-69.29016471139235,561351.8358700001,-0.007287413974104706,-2.0
2021-09-13 00:00:00,3404.3,3430.3,3108.49,3285.35,647855.7199,1631491200,3360.5899999999997,3431.8368000000005,2653.2686868686865,47.455377412560765,65.13020247642135,137.35191923984442,-72.22171676342307,566720.6179385,-0.1414934593213164,-2.0
2021-09-14 00:00:00,3285.09,3437.05,3269.95,3434.37,373634.9026,1631577600,3360.5614285714287,3437.8188,2661.7769696969694,51.95066655706272,59.832821702348156,121.84809973234518,-62.01527802999702,561217.4783465001,-0.09283325673169884,-2.0
2021-09-15 00:00:00,3434.37,3616.16,3357.78,3613.55,428507.5278,1631664000,3376.925714285714,3453.4236000000005,2672.951919191919,56.742685887615245,69.29415788559754,111.33731136299565,-42.04315347739811,560527.9310505,-0.08241516869767473,-2.0
2021-09-16 00:00:00,3613.55,3676.28,3481.14,3567.98,467985.4919,1631750400,3397.3614285714284,3466.6228,2682.6266666666666,55.2339559000417,72.28199497634205,103.52624808566495,-31.244253109322898,561375.81529,-0.08172393913813336,-2.0
2021-09-17 00:00:00,3567.97,3594.17,3350.07,3399.81,398888.3705,1631836800,3424.64,3469.7639999999997,2692.0076767676765,49.95514575311243,60.38389588816335,94.89777764616464,-34.51388175800129,568202.2163544999,-0.1393517944252194,-2.0
2021-09-18 00:00:00,3399.89,3541.96,3368.88,3435.64,315162.7627,1631923200,3448.7014285714286,3480.3648,2702.9332323232325,51.029015714842025,53.232121435736644,86.56464640407904,-33.3325249683424,567170.0153545,-0.1250722604074087,-2.0
2021-09-19 00:00:00,3435.64,3456.53,3277.74,3328.62,312948.0013,1632009600,3437.902857142857,3484.4348,2712.6087878787876,47.73424536714767,38.48503750365626,76.94872462399448,-38.46368712033822,551550.051649,-0.030848111990729676,-2.0
2021-09-20 00:00:00,3328.57,3347.82,2913.39,2977.28,917939.57849,1632096000,3393.8928571428573,3479.7980000000007,2717.335555555556,38.86288321650517,-1.5346440671037271,61.25205088577484,-62.78669495287857,554293.4740275,-0.14910545870248637,-2.0
2021-09-21 00:00:00,2977.32,3105.83,2652.0,2765.9,971519.88941,1632182400,3298.3971428571426,3459.4959999999996,2719.2055555555553,34.68614494344345,-49.73382884115108,39.05487494038966,-88.78870378154073,560581.4705640001,-0.19242145094936236,-2.0
2021-09-22 00:00:00,2766.72,3088.88,2737.54,3076.92,677457.64825,1632268800,3221.7357142857145,3452.7936,2724.5932323232328,44.19044073827624,-62.119243363938494,18.82005127952403,-80.93929464346252,568196.0629965,-0.04111740618163462,-2.0
2021-09-23 00:00:00,3076.92,3174.5,3033.85,3152.5,459293.8858,1632355200,3162.381428571429,3449.9548,2732.518585858586,46.23780388070022,-65.08583031639137,2.0388749603409497,-67.12470527673231,558365.569417,-0.03510946648669666,-2.0
2021-09-24 00:00:00,3152.41,3158.52,2733.0,2928.53,932090.8856,1632441600,3095.055714285714,3437.9103999999998,2738.127171717171,41.39195493576372,-84.53491319576096,-15.275882670879433,-69.25903052488152,586746.207732,-0.13973286019370124,-2.0
2021-09-25 00:00:00,2928.22,2967.52,2801.57,2921.73,491974.0226,1632528000,3021.64,3417.6115999999997,2745.073030303031,41.250601390911214,-99.35188795087106,-32.09108372687776,-67.26080422399329,593056.9158770001,-0.11067922747956838,-2.0
2021-09-26 00:00:00,2921.84,3115.51,2738.17,3059.37,703594.478,1632614400,2983.175714285714,3386.9136000000003,2754.110404040405,45.320954835191316,-98.84858454873938,-45.44258389125009,-53.406000657489294,608348.210862,-0.1091903318512566,-2.0
2021-09-27 00:00:00,3059.36,3164.94,2922.71,2925.59,510130.7319,1632700800,2975.7914285714282,3352.5044,2761.000505050505,42.25649864631924,-107.99968775733987,-57.954004664468044,-50.045683092871826,573677.9473524999,-0.1903834179684798,-2.0
2021-09-28 00:00:00,2924.76,2970.82,2789.0,2804.91,511325.4643,1632787200,2981.3642857142854,3307.1764000000003,2770.287575757576,39.65186426036572,-123.56548442781195,-71.07630061713684,-52.489183810675115,560213.6322825,-0.2138661091149614,-2.0
2021-09-29 00:00:00,2805.15,2950.0,2782.0,2850.45,411305.0893,1632873600,2949.0114285714285,3265.7736,2780.0973737373733,41.12660192563835,-130.71993498812208,-83.00502749133389,-47.714907496788186,549351.1925925,-0.161585500366197,-2.0
2021-09-30 00:00:00,2850.45,3048.42,2837.19,3000.61,506896.7612,1632960000,2927.312857142857,3227.7864,2790.5263636363643,45.82744894569041,-122.85701237881358,-90.97542446882983,-31.88158790998375,543044.7173575,-0.1266226962079845,-2.0
2021-10-01 00:00:00,3000.62,3330.0,2969.07,3309.91,648714.6151,1633046400,2981.7957142857144,3203.112,2803.8636363636365,53.97873143678156,-90.62301874042305,-90.90494332314847,0.28192458272542353,554804.2393075,-0.005620948020500949,-2.0
2021-10-02 00:00:00,3309.91,3469.0,3257.0,3387.76,422551.1811,1633132800,3048.371428571428,3201.2396000000003,2819.812525252525,55.782194380830404,-58.12546795546814,-84.34904824961241,26.22358029414427,555488.8503874999,0.13787080825451414,-2.0
2021-10-03 00:00:00,3387.77,3488.0,3342.51,3417.73,360586.8905,1633219200,3099.565714285715,3197.9888,2835.853838383838,56.489096924173715,-29.611256167193915,-73.40148983312872,43.79023366593481,541125.4089175,0.2356665099967461,-2.0
2021-10-04 00:00:00,3417.73,3437.19,3270.0,3386.31,485204.642,1633305600,3165.382857142857,3196.4440000000004,2850.0359595959594,55.48757100561847,-9.440050279888055,-60.60920192248059,51.16915164259253,546703.8958874999,0.10055185055185056,-2.0
2021-10-05 00:00:00,3386.31,3545.0,3363.78,3515.27,393900.8818,1633392000,3266.862857142857,3208.7003999999997,2864.489090909091,58.722359933679236,16.75858738429588,-45.13564406112529,61.89423144542117,544973.5635875,0.1150737509912767,-2.0
2021-10-06 00:00:00,3515.48,3632.11,3342.0,3574.89,618265.5402,1633478400,3370.3542857142857,3221.0076,2878.727070707071,60.16369621946053,41.84961589743989,-27.738592069412256,69.58820796685214,552487.5660025,0.22071141494196733,-2.0
2021-10-07 00:00:00,3574.88,3653.98,3470.8,3587.47,486102.3591,1633564800,3454.191428571429,3228.3379999999997,2891.9774747474744,60.47729221231394,62.034443183835265,-9.783985018762753,71.81842820259801,556848.2654325,0.22785815253291708,-2.0
2021-10-08 00:00:00,3587.47,3695.0,3532.0,3563.13,403597.1437,1633651200,3490.3657142857146,3239.4492,2906.6918181818182,59.5013084299409,75.20016891324622,7.212845767639042,67.98732314560718,561269.9844825,0.16466135184694886,-2.0
2021-10-09 00:00:00,3563.13,3635.0,3538.07,3574.82,361906.7514,1633737600,3517.088571428572,3245.0671999999995,2921.0422222222223,59.83655155333533,85.59074982474249,22.888426579059733,62.702323245682756,563717.9219875,0.2219142121760056,-2.0
2021-10-10 00:00:00,3574.83,3604.0,3405.0,3414.22,580223.6302,1633824000,3516.587142857142,3237.0939999999996,2933.034444444444,53.307864062510994,79.94472917335361,34.29968709791851,45.6450420754351,546832.124573,0.21722978633895562,-2.0
2021-10-11 00:00:00,3414.22,3623.8,3371.0,3542.12,493521.882,1633910400,3538.8457142857146,3236.0596,2945.3519191919195,57.303292843136326,84.81300667812502,44.402351013959816,40.410655664165205,522932.2242025,0.24265291445210413,-2.0
2021-10-12 00:00:00,3542.12,3547.11,3403.21,3491.46,409377.1918,1633996800,3535.444285714286,3239.7255999999998,2958.43202020202,55.285349196789475,83.61940065846557,52.24576094286097,31.373639715604597,509528.20138,0.16358340470770938,-2.0
2021-10-13 00:00:00,3491.43,3613.0,3412.7,3607.42,393463.1222,1634083200,3540.0914285714284,3246.5968,2971.4110101010097,58.85687986373218,90.98168197459017,59.99294514920681,30.988736825383363,506236.6632,0.08988461921925373,-2.0
2021-10-14 00:00:00,3607.41,3824.0,3586.04,3790.82,481894.1473,1634169600,3569.141428571428,3265.0848000000005,2986.3024242424244,63.783876946997566,110.343222242499,70.06300056786525,40.28022167463375,483726.8262850001,0.11897537015609139,-2.0
2021-10-15 00:00:00,3790.82,3907.77,3734.1,3868.99,504321.732,1634256000,3612.835714285714,3300.7531999999997,3004.00606060606,65.67088252590798,130.4908310308315,82.1485666604585,48.34226437037299,484344.21175499994,0.13203500569091164,-2.0
2021-10-16 00:00:00,3868.38,3971.0,3803.56,3829.96,373727.8549,1634342400,3649.2842857142855,3343.3156,3021.005757575758,63.881154230551275,141.6754153404272,94.05393639645224,47.621478943974964,467850.8806,0.1310128133573123,-2.0
2021-10-17 00:00:00,3829.96,3919.19,3640.0,3846.85,368898.9831,1634428800,3711.088571428572,3374.1128000000003,3038.5427272727275,64.33413812026254,150.17108207483534,105.27736553212887,44.89371654270647,460789.29316,0.09432561367974568,-2.0
2021-10-18 00:00:00,3847.0,3893.14,3676.0,3744.96,401819.9734,1634515200,3740.065714285714,3397.8112,3054.749898989899,59.48728728522145,146.9879026550716,113.61947295671743,33.36842969835416,455314.01861499995,0.047573491771774945,-2.0
2021-10-19 00:00:00,3744.96,3886.89,3732.0,3877.03,341268.3723,1634601600,3795.1471428571426,3435.7512,3073.3908080808083,63.342419386976616,153.35438142699377,121.5664546507727,31.78792677622107,451812.18276500003,0.08071426381265923,-2.0
2021-10-20 00:00:00,3876.98,4169.0,3828.05,4161.15,537383.09732,1634688000,3874.2514285714287,3485.3280000000004,3095.8251515151514,69.96413338017936,179.25957839728017,133.1050794000742,46.15449899720596,453336.49957100005,0.16783558276010124,-2.0
2021-10-21 00:00:00,4161.37,4375.0,4013.13,4052.99,798566.55805,1634774400,3911.7042857142856,3525.0728,3116.6171717171715,65.14015902065421,188.88468054326177,144.26099962871172,44.62368091455005,460829.0967185,0.13376058095232746,-2.0
2021-10-22 00:00:00,4053.0,4167.41,3888.0,3972.2,463222.5428,1634860800,3926.4485714285715,3566.9372,3137.351414141414,61.717127867430094,187.82839669132954,152.97447904123527,34.853917650094274,462862.6648035,0.1634282500834745,-2.0
2021-10-23 00:00:00,3972.19,4172.0,3937.51,4167.12,326576.9601,1634947200,3974.6142857142854,3621.4256,3160.4914141414138,66.31616621534283,200.4095031128495,162.46148385555813,37.94801925729138,461162.16828349995,0.1764480028909241,-2.0
2021-10-24 00:00:00,4167.13,4186.57,3961.5,4082.33,350115.8386,1635033600,4008.2542857142857,3670.7008,3182.539292929293,62.78289656879242,201.21875169822442,170.2129374240914,31.00581427413303,454407.72811350005,0.16923292834516213,-2.0
2021-10-25 00:00:00,4082.33,4236.0,4067.71,4220.37,347438.6534,1635120000,4076.1699999999996,3719.4912,3206.061818181818,65.9624134054639,210.5714250719716,178.28463495366742,32.28679011830417,452084.6166935001,0.1699136779193995,-2.0
2021-10-26 00:00:00,4220.36,4297.0,4090.21,4131.52,414498.1599,1635206400,4112.5257142857145,3752.3556,3229.4233333333336,62.27461817763626,208.41159452351758,184.31002686763748,24.101567655880103,441896.24767849996,0.08987501384924634,-2.0
2021-10-27 00:00:00,4131.52,4307.0,3909.0,3922.0,704604.25,1635292800,4078.3614285714284,3773.7252000000003,3250.998787878788,54.53220949120017,187.63051253229514,184.97412400056902,2.6563885317261224,452821.3422235,0.013701250197079906,-2.0
2021-10-28 00:00:00,3921.99,4295.0,3890.17,4286.02,626378.5055,1635379200,4111.651428571428,3808.4568,3274.1353535353537,63.11292784198762,198.2494310573229,187.6291854119198,10.620245645403116,463960.4103135,0.11907696163928616,-2.0
2021-10-29 00:00:00,4286.01,4460.47,4265.97,4418.89,559231.07691,1635465600,4175.464285714285,3849.76,3298.320505050505,65.66035607309587,214.9091600321185,193.08518033595954,21.823979696158972,473826.62658900005,0.14870348466927497,-2.0
2021-10-30 00:00:00,4418.89,4434.06,4232.2,4322.68,340223.069,1635552000,4197.687142857143,3882.0564,3320.5268686868685,62.3050731579062,217.8376752114359,198.03567931105482,19.801995900381087,461826.598529,0.15426600017089642,-2.0
2021-10-31 00:00:00,4322.68,4399.14,4164.35,4287.21,412856.2893,1635638400,4226.955714285715,3910.5492000000004,3341.7638383838384,61.06612836317125,214.82009963726705,201.3925633762973,13.42753626096976,457793.3188940001,0.1057974789980991,-2.0
2021-11-01 00:00:00,4287.48,4386.58,4146.3,4319.43,417620.7073,1635724800,4241.107142857143,3939.8276,3363.2753535353536,61.809041661636705,212.57806635679572,203.629663972397,8.948402384398719,458205.49466900004,0.038037561731733005,-2.0
2021-11-02 00:00:00,4319.43,4599.6,4284.43,4589.89,468184.79301,1635811200,4306.588571428571,3980.8979999999997,3387.13202020202,67.42757347043654,229.9741022042117,208.89855161875997,21.075550585451737,461941.5782095,0.13247010231952228,-2.0
2021-11-03 00:00:00,4589.68,4665.87,4455.0,4603.35,448658.35125,1635897600,4403.924285714286,4022.0392000000006,3410.403333333333,67.68239036452573,242.0564197233639,215.53012523968079,26.526294483683102,460279.78840699996,0.1588917979960729,-2.0
2021-11-04 00:00:00,4603.35,4606.65,4420.08,4532.32,368218.25695,1635984000,4439.11,4066.7632,3432.942929292929,64.80138649847859,243.0979343640288,221.0436870645504,22.05424729947839,453474.6146544999,0.08763846493501504,-2.0
2021-11-05 00:00:00,4532.31,4570.05,4438.8,4474.24,305651.7244,1636070400,4447.017142857143,4104.048,3454.0673737373736,62.460174078766904,236.5104266396038,224.1370349795611,12.3733916600427,450070.8081295,0.09600154813550099,-2.0
2021-11-06 00:00:00,4474.24,4530.0,4326.17,4518.0,322154.0973,1636156800,4474.92,4145.1096,3474.8369696969694,63.529317100103384,232.144824557623,225.7385928951735,6.4062316624495,447733.5638395,0.07052225278826274,-2.0
2021-11-07 00:00:00,4518.0,4637.98,4502.37,4612.59,243596.5952,1636243200,4521.402857142858,4185.3164,3495.8626262626267,65.79689237841791,233.624597005557,227.31579371725022,6.308803288306791,439822.3949295,0.11643898613585302,-2.0
2021-11-08 00:00:00,4612.59,4822.97,4612.0,4807.98,391102.31806,1636329600,4591.1957142857145,4226.002799999999,3518.6130303030304,69.9527809280601,247.70824098037065,231.3942831698743,16.313957810496333,442314.09221750003,0.22590005099439048,-2.0
2021-11-09 00:00:00,4807.98,4838.28,4713.89,4732.33,311267.57998,1636416000,4611.544285714285,4260.5364,3540.0817171717176,66.57966539515633,249.88479120587544,235.09238477707456,14.792406428800888,431008.3163505,0.10413157194786749,-2.0
2021-11-10 00:00:00,4732.33,4868.0,4461.93,4628.78,553596.99163,1636502400,4615.177142857143,4292.4892,3561.493232323232,62.1611998266737,240.4819768104062,236.17030318374088,4.311673626665311,418759.8380295,0.04749835365895039,-2.0
2021-11-11 00:00:00,4628.68,4779.0,4576.47,4719.0,303688.9765,1636588800,4641.845714285714,4327.3751999999995,3581.6368686868686,64.37924501526122,237.57160112380916,236.45056277175456,1.1210383520545975,410783.1597145,0.09168386278882545,-2.0
2021-11-12 00:00:00,4719.0,4809.71,4507.85,4665.46,461580.0415,1636675200,4669.162857142857,4364.1952,3600.207272727273,62.05454532244214,228.31302642777064,234.82305550295777,-6.510029075187134,417533.3137845,0.08822754192120286,-2.0
2021-11-13 00:00:00,4665.47,4707.6,4584.08,4644.28,220720.6611,1636761600,4687.202857142857,4394.885200000001,3617.9113131313134,61.11439613277172,216.7677268633215,231.21198977503053,-14.444262911709018,411063.5549095,0.07520668236318206,-2.0
2021-11-14 00:00:00,4644.27,4696.05,4514.12,4626.5,245309.0674,1636848000,4689.1900000000005,4413.4992,3632.7213131313133,60.288644986094575,203.83362917763225,225.7363176555509,-21.902688477918645,405957.0756095,0.007976226009773546,-2.0
2021-11-15 00:00:00,4626.5,4772.01,4540.0,4563.78,375421.6601,1636934400,4654.3042857142855,4433.9308,3648.3973737373735,57.34516270214702,186.37388165548145,217.86383045553703,-31.489948800055572,404003.2506195,-0.008595913845351855,-2.0
2021-11-16 00:00:00,4563.77,4563.77,4103.0,4209.76,735857.063,1637020800,4579.651428571428,4443.4332,3658.9957575757576,44.22124961791403,142.3297617260987,202.75701670964938,-60.42725498355068,405565.8912695,-0.07116884950753688,-2.0
2021-11-17 00:00:00,4209.59,4299.91,4063.48,4287.8,472852.1842,1637107200,4530.94,4448.2604,3670.572929292929,47.09555473153406,112.42568187571487,184.6907497428625,-72.26506786714762,397889.5752045,-0.041669646688599515,-2.0
2021-11-18 00:00:00,4288.07,4344.81,3956.44,3996.9,576945.1837,1637193600,4427.782857142857,4444.8432,3679.021414141414,39.023232767755715,64.50965712825473,160.65453121994096,-96.14487409168623,398775.280544,-0.11533864541832672,-2.0
2021-11-19 00:00:00,3996.9,4308.97,3973.01,4294.76,420045.0897,1637280000,4374.825714285714,4447.8188,3691.635555555556,48.71610913272937,49.99437099131865,138.5224991742165,-88.52812818289786,402766.38157900004,-0.06890488857669985,-2.0
2021-11-20 00:00:00,4294.75,4435.88,4199.86,4412.17,365584.578,1637366400,4341.667142857143,4459.0448,3702.644141414142,51.957919943228006,47.418299277294864,120.30165919483218,-72.88335991753732,400402.796014,-0.08232355375854294,-2.0
2021-11-21 00:00:00,4412.17,4451.0,4242.41,4258.31,340206.3203,1637452800,4289.068571428571,4472.4972,3712.6961616161616,47.70240340147883,32.585897800183375,102.75850691590243,-70.17260911571906,396532.076664,-0.10016630285715489,-2.0
2021-11-22 00:00:00,4259.7,4320.0,4022.74,4085.97,518501.3338,1637539200,4220.81,4464.4952,3720.5636363636363,43.41328334045093,6.845800941476227,83.57596572101718,-76.73016477954096,399047.9037035,-0.11726848111165356,-2.0
2021-11-23 00:00:00,4086.28,4385.59,4059.62,4339.44,502811.7902,1637625600,4239.335714285714,4461.3171999999995,3732.613232323232,50.467422597199445,6.820872622643947,68.22494710134254,-61.40407447869859,401755.57565099996,-0.08043229497774962,-2.0
2021-11-24 00:00:00,4339.45,4373.94,4167.65,4269.36,448727.0306,1637712000,4236.701428571429,4459.1844,3745.316666666667,48.66122691463147,1.1331837959496625,54.806594440263964,-53.6734106443143,405781.01433349994,-0.08490052427842065,-2.0
2021-11-25 00:00:00,4270.1,4550.0,4248.27,4524.85,445868.2434,1637798400,4312.122857142856,4468.69,3760.5722222222225,54.98626596687657,17.04507222180564,47.254289996572304,-30.209217774766664,412791.8402835,-0.02571550380252685,-2.0
2021-11-26 00:00:00,4524.48,4551.0,3913.0,4041.2,720245.1612,1637884800,4275.9,4457.5608,3769.229595959596,43.94804150987771,-9.264360746219609,35.950559848013924,-45.21492059423353,432696.3934785,-0.12651032097698045,-2.0
2021-11-27 00:00:00,4041.2,4183.66,4028.34,4095.29,275326.5202,1637971200,4230.631428571428,4437.7768,3777.416161616162,45.27125807830356,-25.45671579813552,23.669104718784038,-49.12582051691956,434282.88972850004,-0.10265394037398823,-2.0
2021-11-28 00:00:00,4095.29,4298.51,3964.0,4294.78,346471.3551,1638057600,4235.841428571429,4425.433999999999,3788.237878787879,49.96286290133911,-21.9391966416797,14.54744444669129,-36.48664108837099,432051.3415805,0.020195925658469838,-2.0
2021-11-29 00:00:00,4294.77,4458.92,4276.89,4444.53,406881.2284,1638144000,4287.064285714286,4421.9223999999995,3800.42505050505,53.20572908777819,-6.987417283867217,10.24047210057959,-17.227889384446804,436832.0240015,0.036552544428378075,-2.0
2021-11-30 00:00:00,4444.54,4753.0,4346.36,4630.26,743024.4662,1638230400,4328.61,4428.1632,3813.6470707070707,56.9337121054719,19.622636825915833,12.116905045646838,7.505731780268995,446303.39773,0.15846280867672458,-2.0
2021-12-01 00:00:00,4630.25,4778.75,4523.99,4582.95,508198.3105,1638316800,4373.408571428571,4430.7612,3827.9130303030306,55.71607650015599,36.47333293100564,16.9881906227186,19.485142308287042,456528.86442999996,0.06710270189719547,-2.0
2021-12-02 00:00:00,4582.95,4634.83,4433.0,4511.21,451861.9545,1638403200,4371.46,4426.706,3840.8861616161616,53.835840166334826,43.53694574347264,22.29794164686941,21.23900409660323,456042.96008,0.022447004535183446,-2.0
2021-12-03 00:00:00,4511.35,4654.88,4032.5,4215.73,677974.8659,1638489600,4396.392857142857,4403.0160000000005,3852.2248484848487,46.82652980003722,25.003913664994798,22.83913605049449,2.1647776145003093,478905.6703199999,-0.009999272011666838,-2.0
2021-12-04 00:00:00,4215.01,4238.59,3503.68,4117.25,1111773.1451,1638576000,4399.53,4378.4128,3860.748080808081,44.735957620073194,2.342832536102833,18.739875347616156,-16.397042811513323,522228.87420500006,0.007655464920202526,-2.0
2021-12-05 00:00:00,4117.25,4248.19,4031.39,4196.44,536325.4413,1638662400,4385.481428571428,4361.1192,3870.3638383838384,46.79302604804568,-9.121123704893762,13.167675537114173,-22.288799242007933,530274.063265,-0.03295356082812528,-2.0
2021-12-06 00:00:00,4196.44,4376.15,3921.0,4347.59,726742.9638,1638748800,4371.632857142858,4346.2628,3881.7185858585854,50.57464995971302,-5.941361515306198,9.3458681266301,-15.287229641936298,529818.358305,0.01832358948413826,-2.0
2021-12-07 00:00:00,4347.57,4425.0,4255.92,4306.4,420749.751,1638835200,4325.367142857142,4331.9003999999995,3892.5949494949496,49.54130449600471,-6.668198984827541,6.143054704338572,-12.811253689166112,527213.2366449999,-0.04827784346442443,-2.0
2021-12-08 00:00:00,4306.4,4450.49,4222.95,4436.91,429403.9351,1638921600,4304.504285714285,4323.6056,3902.773838383838,52.829940144068765,3.2493864619555097,5.56432105586196,-2.3149345939064503,519836.174215,0.09791893496981086,-2.0
2021-12-09 00:00:00,4436.91,4488.0,4076.16,4105.64,462173.711,1639008000,4246.565714285714,4302.7712,3905.590202020202,44.84117385656432,-15.443552421184904,1.3627463604525873,-16.80629878163749,521942.60527999996,0.002527293549419163,-2.0
2021-12-10 00:00:00,4105.64,4231.08,3887.37,3897.94,563236.5671,1639094400,4201.167142857143,4276.1376,3906.7227272727273,40.68691606952579,-46.481683427392454,-8.206139597116422,-38.275543830276035,531825.2047349999,-0.09240054205337633,-2.0
2021-12-11 00:00:00,3898.31,4097.08,3828.22,4089.37,427853.4343,1639180800,4197.184285714286,4271.322,3908.250606060606,45.68174338610885,-54.99883241029056,-17.564678159751253,-37.43415425053931,536207.560435,-0.0799094617428614,-2.0
2021-12-12 00:00:00,4089.68,4173.63,3986.25,4130.0,260535.5157,1639267200,4187.692857142857,4265.01,3910.7201010101007,46.70753069793845,-57.80390546059243,-25.612523619919493,-32.19138184067294,523309.26953,-0.10804144907629376,-2.0
2021-12-13 00:00:00,4130.0,4142.75,3671.45,3781.93,533467.2307,1639353600,4106.884285714285,4256.4112,3909.019494949495,39.77725157193288,-87.10914610729014,-37.911848117393625,-49.19729798989652,524842.041555,-0.17478261818261165,-2.0
2021-12-14 00:00:00,3781.92,3882.74,3685.0,3858.99,395145.7462,1639440000,4042.968571428572,4238.9803999999995,3908.334848484848,41.83491015861723,-102.92915919393636,-50.91531033270218,-52.01384886123418,522162.97733500006,-0.1445776188650052,-2.0
2021-12-15 00:00:00,3858.99,4092.22,3643.73,4019.08,542068.0573,1639526400,3983.2785714285715,4223.2568,3914.2389898989895,45.965426602140084,-101.38006221972455,-61.008260710106654,-40.371801509617896,526972.96803,-0.04664672547814963,-2.0
2021-12-16 00:00:00,4019.54,4113.43,3942.11,3958.11,368780.031,1639612800,3962.202857142857,4211.2488,3918.8764646464642,44.66453403144605,-103.87475761349378,-69.58156009078408,-34.293197522709704,509399.71152,-0.03865201287266984,-2.0
2021-12-17 00:00:00,3959.11,3994.1,3700.0,3875.42,463370.9225,1639699200,3958.9857142857145,4202.8268,3923.4268686868686,42.89155574170567,-111.24188639649219,-77.9136253519257,-33.32826104456649,518801.9316349999,-0.07649817464326891,-2.0
2021-12-18 00:00:00,3875.43,3996.93,3767.01,3959.93,339593.2543,1639785600,3940.494285714286,4187.6464000000005,3931.0134343434347,45.28216875353514,-109.00460112509245,-84.13182050655905,-24.872780618533398,518458.026595,-0.08916664174864697,-2.0
2021-12-19 00:00:00,3959.93,4032.43,3884.0,3924.14,306006.323,1639872000,3911.085714285714,4173.8376,3937.6490909090912,44.43384596260189,-108.86456735262755,-89.07836987577275,-19.786197476854795,513414.281325,-0.0887655582389002,-2.0
2021-12-20 00:00:00,3924.14,3983.37,3753.0,3944.73,366916.4771,1639958400,3934.342857142857,4150.632799999999,3943.1088888888894,45.071392420965594,-105.87172531035276,-92.43704096268876,-13.434684347664003,494608.88187,-0.11092855162714588,-2.0
2021-12-21 00:00:00,3944.72,4063.0,3913.21,4014.15,340826.3553,1640044800,3956.508571428571,4149.5508,3950.4705050505045,47.268175832225815,-96.78261288053227,-93.30615534625747,-3.4764575342748003,486240.28411,-0.022283980085930577,-2.0
2021-12-22 00:00:00,4014.41,4074.87,3933.4,3979.51,303191.8076,1640131200,3950.8557142857144,4144.9196,3955.9769696969693,46.27368520224724,-91.32188248246166,-92.90930077349832,1.5874182910366557,478806.77676499996,0.02092643806728689,-2.0
2021-12-23 00:00:00,3979.51,4150.0,3893.23,4111.41,380207.8166,1640217600,3972.7557142857145,4137.5848,3961.0058585858587,50.540765713751135,-75.4808899200707,-89.42361860281281,13.942728682742114,463918.42429999996,0.005389583236537598,-2.0
2021-12-24 00:00:00,4111.41,4134.84,4017.17,4046.36,230833.1661,1640304000,3997.175714285714,4121.657999999999,3965.83797979798,48.49512636534035,-67.39884856868048,-85.01866459598634,17.61981602730586,419871.42535,-0.02025181598062953,-2.0
2021-12-25 00:00:00,4046.35,4137.91,4018.62,4094.83,208126.8805,1640390400,4016.4471428571424,4100.2408,3972.8583838383843,50.11531249428428,-56.43213413589774,-79.30135850396863,22.86922436807089,403461.49731,0.08273553450222515,-2.0
2021-12-26 00:00:00,4094.36,4105.0,4000.0,4063.56,189309.255,1640476800,4036.3642857142854,4079.4652,3979.2010101010105,49.04345466810947,-49.691350644276554,-73.37935693203022,23.688006287753666,376589.81187,0.05301128015361534,-2.0
2021-12-27 00:00:00,4063.57,4127.46,4031.0,4037.23,222225.3761,1640563200,4049.578571428571,4060.5060000000003,3986.358686868687,48.11038676543377,-45.944225679111696,-67.89233068144651,21.948105002334813,366663.593125,0.004515958876160742,-2.0
2021-12-28 00:00:00,4037.22,4037.23,3759.36,3792.75,358064.7163,1640649600,4017.9500000000003,4043.5868,3994.5957575757575,40.42063250161935,-61.98754115450538,-66.71137277605828,4.723831621552904,363096.63218499994,-0.041777515026110934,-2.0
2021-12-29 00:00:00,3792.75,3827.78,3604.2,3630.19,302753.6375,1640736000,3968.047142857143,4024.1044,4003.32595959596,36.269468926928255,-86.81842887848052,-70.73278399654274,-16.08564488193778,355125.62851,-0.06327830273879997,-2.0
2021-12-30 00:00:00,3630.18,3769.1,3585.0,3709.27,249263.7305,1640822400,3910.598571428571,4004.6176,4009.713333333333,39.523282071082534,-98.97506821916204,-76.3812408410666,-22.59382737809544,339426.98668,-0.06329909872144202,-2.0
2021-12-31 00:00:00,3709.27,3815.0,3622.29,3676.23,268014.2942,1640908800,3857.722857142857,3977.7632,4015.003535353535,38.63573316901427,-110.00724926135808,-83.1064425251249,-26.90080673623318,331435.029675,-0.06317562574220081,-2.0
2022-01-01 00:00:00,3676.22,3776.45,3673.46,3765.54,154143.8968,1640995200,3810.6814285714286,3956.1288,4023.458181818182,42.40102610900012,-110.27260763616869,-88.53967554733367,-21.732932088835014,326115.44872999995,-0.04542516217840009,-2.0
2022-01-02 00:00:00,3765.54,3857.44,3717.3,3828.27,154791.4263,1641081600,3777.0685714285714,3931.7832,4032.615151515151,44.95581234985078,-104.21973903938306,-91.67568824574356,-12.5440507936395,307181.65851000004,-0.04630619184634355,-2.0
2022-01-03 00:00:00,3828.11,3853.09,3680.0,3765.89,236245.8586,1641168000,3738.305714285714,3918.1932,4039.751717171717,42.91723890859007,-103.26595607564059,-93.99374181172297,-9.272214263917618,299236.66413000005,-0.053679975675397285,-2.0
2022-01-04 00:00:00,3765.89,3900.73,3713.11,3785.11,288258.5549,1641254400,3737.214285714286,3913.68,4048.4337373737376,43.76339848889982,-99.80865083537947,-95.15672361645427,-4.651927218925195,286546.18901,-0.07936450025660291,-2.0
2022-01-05 00:00:00,3785.1,3848.0,3415.0,3540.63,397942.0363,1641340800,3724.4199999999996,3891.7304,4055.8652525252523,36.37677256487248,-115.46519344388844,-99.21841758194111,-16.246775861947327,288004.289275,-0.12498393617967751,-2.0
2022-01-06 00:00:00,3539.82,3550.43,3300.0,3406.81,496745.7413,1641427200,3681.211428571429,3862.8028000000004,4061.485050505051,33.085008579934154,-137.09097248538274,-106.79292856262944,-30.298043922753294,289673.030215,-0.16802162727146186,-2.0
2022-01-07 00:00:00,3406.81,3416.76,3064.42,3199.24,669631.7262,1641513600,3613.0699999999997,3839.4951999999994,4063.4914141414138,28.740617941323208,-169.030246976748,-119.24039224545317,-49.78985473129484,306174.95381,-0.21270019391863293,-2.0
2022-01-08 00:00:00,3198.68,3250.0,3000.0,3080.95,400692.1061,1641600000,3515.2714285714287,3808.3736,4061.178686868687,26.59722372794573,-201.56386377794024,-135.7050865519506,-65.85877722598966,310909.242965,-0.23686537551737208,-2.0
2022-01-09 00:00:00,3080.98,3211.72,3057.35,3151.97,275874.1643,1641686400,3418.657142857143,3773.6892,4058.7969696969694,29.97385390491509,-219.09072749650477,-152.38221474086143,-66.70851275564334,306357.127325,-0.16894865203348497,-2.0
2022-01-10 00:00:00,3151.97,3185.0,2928.83,3082.68,529818.3866,1641772800,3321.055714285714,3738.672,4055.4126262626264,28.59191503489646,-235.85324776037714,-169.07642134476458,-66.77682641561256,315806.72889,-0.15082130687374495,-2.0
2022-01-11 00:00:00,3082.87,3263.54,3051.8,3239.72,362446.7087,1641859200,3243.1428571428573,3713.244,4053.9319191919194,35.81472309584785,-233.7710827504725,-182.01535362590616,-51.75572912456633,318769.47394500003,-0.12658825051829614,-2.0
2022-01-12 00:00:00,3239.73,3411.43,3206.2,3371.26,370465.8015,1641945600,3218.9471428571424,3689.6971999999996,4052.4772727272725,41.18140176165093,-218.98247959170976,-189.40877881906687,-29.573700772642894,318282.37319,-0.08295726872366527,-2.0
2022-01-13 00:00:00,3371.6,3410.0,3233.43,3240.61,336234.8799,1642032000,3195.2042857142856,3662.3559999999998,4049.100707070707,37.80070417691299,-215.32266253465423,-194.59155556218434,-20.731106972469888,323552.45888,-0.13940364462998667,-2.0
2022-01-14 00:00:00,3240.61,3342.79,3188.0,3307.42,285326.3505,1642118400,3210.6585714285716,3636.8635999999997,4046.271919191919,40.491026990642624,-204.67189233286263,-196.60762291632,-8.06426941654263,327412.43238,-0.1360536221321902,-2.0
2022-01-15 00:00:00,3307.42,3371.64,3261.0,3326.04,203100.3778,1642204800,3245.6714285714284,3609.3392000000003,4043.8770707070707,41.25367218700779,-192.5094724615683,-195.78799282536966,3.2785203638013627,328101.98852,-0.11679841949711756,-2.0
2022-01-16 00:00:00,3326.51,3393.6,3269.62,3346.88,210782.2277,1642291200,3273.5157142857142,3584.0339999999997,4041.574646464647,42.14731977810386,-179.12422073948255,-192.45523840819226,13.331017668709706,327529.83109999995,-0.11577734861074052,-2.0
2022-01-17 00:00:00,3346.89,3357.57,3141.1,3209.67,284063.6548,1642377600,3291.6571428571433,3547.9644,4039.5084848484853,38.04392232964298,-177.541425564179,-189.47247583938963,11.931050275210623,323829.778025,-0.0934748900619381,-2.0
2022-01-18 00:00:00,3209.68,3243.87,3082.0,3159.85,299134.2728,1642464000,3280.247142857143,3512.5040000000004,4035.647171717171,36.648726553897625,-178.2523247793779,-187.2284456273873,8.976120848009401,323648.80978999997,-0.07249010071004847,-2.0
2022-01-19 00:00:00,3159.85,3174.87,3000.0,3084.02,332996.5703,1642550400,3239.2128571428575,3472.0716,4031.531616161616,34.57056927081196,-182.82704838354402,-186.34816617861864,3.521117795074616,327835.45177999994,-0.03601480351583497,-2.0
2022-01-20 00:00:00,3084.02,3273.37,2987.15,3001.48,357596.7062,1642636800,3205.0514285714285,3429.5884,4025.41101010101,32.41587635411547,-190.91212188101235,-187.2609573190974,-3.6511645619149533,332314.57238,-0.025793992112822295,-2.0
2022-01-21 00:00:00,3001.48,3034.12,2403.0,2568.15,1022021.70024,1642723200,3099.441428571429,3370.8251999999998,4013.0608080808083,23.969408327961332,-229.63857978494298,-195.73648181226653,-33.902097972676444,375708.462552,-0.18522384413557225,-2.0
2022-01-22 00:00:00,2567.47,2626.0,2300.0,2412.18,1081357.54893,1642809600,2968.8900000000003,3315.6023999999998,3998.3455555555556,21.770565974700204,-269.80490914232496,-210.55016727827825,-59.25474186404671,422036.7686835,-0.21750554712133596,-2.0
2022-01-23 00:00:00,2412.18,2556.78,2370.8,2539.01,580497.7613,1642896000,2853.48,3271.9551999999994,3985.3056565656566,27.587770119448777,-288.08206280816785,-226.0565463842562,-62.025516423911654,439249.3638185,-0.21628721000580287,-2.0
2022-01-24 00:00:00,2539.0,2539.75,2159.0,2439.29,1123134.70389,1642982400,2743.425714285714,3221.1560000000004,3971.0878787878783,25.953637455059223,-307.07365542034495,-242.25996819147394,-64.813687228871,480993.171268,-0.2764456019411141,-2.0
2022-01-25 00:00:00,2439.56,2506.55,2348.96,2458.83,510152.954,1643068800,2643.2799999999997,3172.46,3958.096666666667,26.867764451533617,-316.8949470062921,-257.1869639544376,-59.70798305185451,486603.717153,-0.2412447039291986,-2.0
2022-01-26 00:00:00,2459.04,2722.0,2402.03,2462.99,806441.62289,1643155200,2554.5614285714287,3120.3579999999997,3943.813434343434,27.074177712624504,-320.6465008470618,-269.87887133296243,-50.76762951409938,502088.51123249996,-0.25531380955548444,-2.0
2022-01-27 00:00:00,2463.0,2521.0,2316.43,2424.25,599481.7159,1643241600,2472.1,3064.1971999999996,3926.2689898989897,26.32890951882419,-323.02203162433625,-280.5075033912372,-42.51452823309904,498581.0107175,-0.27113023294969396,-2.0
2022-01-28 00:00:00,2424.02,2558.98,2357.88,2544.99,485149.8065,1643328000,2468.7914285714282,3015.3612,3911.036666666667,32.55982997098475,-311.5703587959979,-286.72007447218937,-24.850284323808523,502803.89573750005,-0.23959329285782593,-2.0
2022-01-29 00:00:00,2544.99,2636.66,2520.01,2601.43,376666.8246,1643414400,2495.827142857143,2968.0139999999997,3897.1905050505047,35.313970644102625,-294.5452549128727,-288.2851105603261,-6.260144352546604,507843.5287525,-0.18950234759336637,-2.0
2022-01-30 00:00:00,2601.43,2640.0,2542.5,2601.68,290770.0859,1643500800,2504.7799999999997,2930.456,3881.37797979798,35.32656949822346,-277.8299142077126,-286.1940712898034,8.364157082090799,495891.1137175,-0.17664446097124864,-2.0
2022-01-31 00:00:00,2601.67,2706.77,2476.07,2686.94,444584.851,1643587200,2540.1585714285716,2901.6612,3867.2831313131314,39.64405243104461,-254.76632916284143,-279.908522864411,25.142193701569568,499998.02083249995,-0.12875402883249787,-2.0
2022-02-01 00:00:00,2686.94,2813.0,2673.52,2787.23,390034.27362,1643673600,2587.0728571428567,2885.1808,3852.8069696969696,44.35019784777093,-225.79290692924906,-269.08539967737863,43.292492748129575,500976.4444385,-0.07138145181710354,-2.0
2022-02-02 00:00:00,2787.48,2810.88,2612.72,2680.67,447852.1228,1643760000,2618.1699999999996,2869.1696,3838.151919191919,40.717358985943086,-209.02030652481972,-257.0723810468669,48.05207452204718,506557.3065835,0.04381364016899325,-2.0
2022-02-03 00:00:00,2680.25,2726.64,2576.05,2695.46,405043.3931,1643846400,2656.9142857142856,2850.9092000000005,3825.7626262626263,41.43441275195683,-192.317553427049,-244.12141552290333,51.80386209585433,512543.1587135,0.11743733883872687,-2.0
2022-02-04 00:00:00,2695.21,2995.0,2671.4,2994.99,664002.9328,1643932800,2721.2,2847.4015999999997,3812.721919191919,53.65927196790308,-153.14556677293194,-225.92624577290908,72.78067899997714,535588.2864635,0.17958968259282138,-2.0
2022-02-05 00:00:00,2994.99,3060.47,2958.01,3012.65,356803.3071,1644019200,2779.945714285714,2838.3188,3798.5174747474753,54.26542332753738,-119.30124028582668,-204.6012446754926,85.30000438966593,542889.3404335,0.2350520028368912,-2.0
2022-02-06 00:00:00,3012.64,3074.56,2950.21,3054.99,249394.5966,1644105600,2844.7042857142856,2825.6679999999997,3785.7125252525257,55.75953397992041,-88.04792192372634,-181.29058012513937,93.24265820141304,541155.8875235,0.24245677822378942,-2.0
2022-02-07 00:00:00,3055.0,3186.0,2991.8,3139.77,455070.2529,1644192000,2909.3942857142856,2821.6344,3774.122222222222,58.67105330790711,-55.79523178904674,-156.19151045792086,100.39627866887412,548952.6865284999,0.2747798407626503,-2.0
2022-02-08 00:00:00,3139.77,3232.87,3025.21,3116.69,514773.5837,1644278400,2956.46,2814.0052,3761.9733333333334,57.56046937346185,-31.731326620405525,-131.2994736904178,99.56814707001229,558041.5371985,0.285630607404352,-2.0
2022-02-09 00:00:00,3116.69,3269.7,3055.0,3243.94,370267.8913,1644364800,3036.9271428571424,2810.7212,3748.3778787878787,61.84839269759855,-2.3652319541433826,-105.51262534316292,103.14739338901954,558675.0964535001,0.2746376213658994,-2.0
2022-02-10 00:00:00,3243.6,3283.66,3056.74,3072.49,578212.8383,1644451200,3090.7885714285717,2799.7456,3732.9146464646465,53.940579074133794,6.992423205510477,-83.01161563342825,90.00403883893873,536484.6533565,0.1810773305451232,-2.0
2022-02-11 00:00:00,3072.36,3138.62,2879.0,2927.54,462025.8751,1644537600,3081.152857142857,2788.4604000000004,3716.704747474748,48.316065349335055,2.681270715718256,-65.87303836359895,68.5543090793172,505518.06966499996,0.1252498385658498,-2.0
2022-02-12 00:00:00,2927.54,2985.98,2858.3,2918.88,336250.3131,1644624000,3067.7571428571428,2778.8215999999998,3700.994040404041,47.99407610272713,-1.4177948613637454,-52.981989663151914,51.56419480178817,493305.697255,0.08632124275197817,-2.0
2022-02-13 00:00:00,2918.58,2954.4,2836.7,2871.13,242751.3547,1644710400,3041.4914285714285,2770.3059999999996,3684.3589898989903,46.16714166546643,-8.422273078606395,-44.07004634624281,35.64777326763642,449286.5297955,0.03010157037632344,-2.0
2022-02-14 00:00:00,2871.14,2964.97,2829.01,2929.75,381778.238,1644796800,3011.4885714285715,2767.4368,3667.360606060606,48.74652429000749,-9.137892501476017,-37.08361557728946,27.94572307581344,442867.79399549996,0.09291706924015264,-2.0
2022-02-15 00:00:00,2929.75,3196.19,2912.06,3183.52,448971.754,1644883200,3021.035714285714,2792.0516000000002,3650.951919191919,58.1050802549175,10.649333221363122,-27.53702581755894,38.18635903892206,424994.30055099993,0.1810674244841326,-2.0
2022-02-16 00:00:00,3183.53,3186.77,3044.03,3122.3,319997.6244,1644969600,3003.6585714285716,2820.4564,3634.6889898989903,55.47354513812343,21.147138750980048,-17.800192903851144,38.94733165483119,411020.095976,0.0425076544495977,-2.0
2022-02-17 00:00:00,3122.31,3160.0,2851.55,2891.87,488693.2624,1645056000,2977.855714285714,2834.5708,3617.144444444445,46.86928100680253,10.74904178699353,-12.090345965682209,22.83938775267574,411197.268771,-0.040090949828224365,-2.0
2022-02-18 00:00:00,2891.88,2943.97,2750.0,2779.48,502977.4069,1645142400,2956.7042857142856,2848.1784,3597.5533333333337,43.338468114993766,-6.485695626807683,-10.969415897907304,4.483720271099621,417512.79788599996,-0.0901836012556505,-2.0
2022-02-19 00:00:00,2779.3,2830.96,2694.45,2763.63,293838.0025,1645228800,2934.5257142857145,2860.3704,3578.3429292929295,42.84823166979249,-21.179171428198515,-13.011367003965546,-8.167804424232969,417666.193716,-0.11979858397271137,-2.0
2022-02-20 00:00:00,2763.63,2764.64,2576.0,2621.99,386384.904,1645315200,2898.934285714286,2866.7304000000004,3557.915757575757,38.64165252789223,-43.74871319363956,-19.15883624190035,-24.58987695173921,414756.196366,-0.15872608440364622,-2.0
2022-02-21 00:00:00,2621.99,2759.51,2558.0,2568.02,761838.9858,1645401600,2847.258571428571,2872.4812,3537.12303030303,37.145242725081076,-65.23814092219163,-28.37469717795861,-36.863443744233024,433346.43197499996,-0.20836390315480557,-2.0
2022-02-22 00:00:00,2568.03,2665.74,2500.0,2636.29,692639.4942,1645488000,2769.082857142857,2876.1332,3517.6534343434346,40.29493549588819,-75.88509266482106,-37.876776275331096,-38.00831638948996,445585.800545,-0.14196954261852757,-2.0
2022-02-23 00:00:00,2636.28,2753.55,2575.83,2579.71,504470.1412,1645574400,2691.5699999999997,2875.2644,3501.188282828283,38.56990668921013,-87.87543841571505,-47.87650870340789,-39.99892971230716,450557.13795,-0.11881306489407484,-2.0
2022-02-24 00:00:00,2579.7,2740.0,2300.0,2596.2,1395732.7753,1645660800,2649.3314285714287,2875.0451999999996,3484.101414141414,39.384372555158116,-94.95271285398576,-57.29174953352347,-37.66096332046229,487143.63007500005,-0.1105492517678014,-2.0
2022-02-25 00:00:00,2596.26,2834.97,2571.72,2768.49,679394.1762,1645747200,2647.7614285714285,2878.3071999999997,3471.693232323232,47.25323006904506,-85.6715721676851,-62.9677140603558,-22.703858107329296,503273.17353,-0.03574899081546301,-2.0
2022-02-26 00:00:00,2768.05,2878.0,2727.5,2779.47,418485.2529,1645833600,2650.0242857142853,2877.9968,3456.3872727272724,47.71902813508387,-76.54781154830243,-65.68373355794513,-10.864077990357302,511727.706345,-0.05129447905111362,-2.0
2022-02-27 00:00:00,2779.47,2836.33,2557.98,2616.79,650198.7785,1645920000,2649.281428571429,2875.4415999999997,3438.252121212121,41.82568913507752,-81.50454825336374,-68.84789649702886,-12.656651756334881,521484.13262499997,-0.17801992762728047,-2.0
2022-02-28 00:00:00,2616.79,2951.6,2568.62,2920.95,733794.4488,1646006400,2699.7,2884.4611999999997,3424.7434343434343,53.410960472882444,-60.19572888264702,-67.11746297415249,6.921734091505471,532435.17588,-0.06448771738782322,-2.0
2022-03-01 00:00:00,2920.83,3037.94,2854.09,2976.33,673901.6976,1646092800,2748.2771428571427,2883.7147999999997,3413.5349494949496,55.16184782044948,-38.397015941115114,-61.373373567545016,22.976357626429902,547616.866195,0.029206015484790182,-2.0
2022-03-02 00:00:00,2976.33,3043.91,2914.21,2947.3,614623.7461,1646179200,2800.79,2881.1007999999997,3399.472929292929,54.01587419074384,-23.196462885030087,-53.73799143104203,30.541528546011946,549437.411585,0.06037820023889373,-2.0
2022-03-03 00:00:00,2947.31,2970.97,2785.0,2833.99,446192.2353,1646265600,2834.7599999999998,2872.2608,3384.9742424242418,49.67773491348418,-20.06182487373826,-47.00275811958129,26.940933245843027,548645.729595,0.0254592691496327,-2.0
2022-03-04 00:00:00,2834.0,2836.17,2573.0,2622.1,556178.7588,1646352000,2813.847142857143,2851.554,3365.7545454545457,42.76160716928682,-34.280193099948065,-44.45824511565464,10.178052015706577,559642.15188,4.195286785990682e-05,-2.0
2022-03-05 00:00:00,2622.11,2685.12,2589.38,2665.15,268730.3036,1646438400,2797.5157142857142,2833.4924,3351.8550505050503,44.45362267560008,-41.59509478031259,-43.88561504858624,2.290520268273646,560941.099325,0.03782291415175898,-2.0
2022-03-06 00:00:00,2665.16,2676.29,2535.0,2551.29,336487.9099,1646524800,2788.158571428571,2805.7863999999995,3336.2590909090914,41.00140366513873,-55.93497393409916,-46.295486825688826,-9.639487108410336,558676.58292,-0.03224227987057571,-2.0
2022-03-07 00:00:00,2551.3,2649.0,2445.0,2491.12,620171.6787,1646611200,2726.754285714286,2782.5316000000003,3318.0403030303028,39.26599675412277,-71.33237242855694,-51.30286394626245,-20.02950848229449,567236.579155,-0.034341069345003916,-2.0
2022-03-08 00:00:00,2491.12,2624.0,2480.15,2575.97,561659.7421,1646697600,2669.56,2768.4688,3299.1659595959595,42.934054257937646,-75.8142957797304,-56.20515031295604,-19.609145466774358,579319.68504,-0.00779215776904707,-2.0
2022-03-09 00:00:00,2575.98,2775.85,2567.7,2726.98,562771.7403,1646784000,2638.085714285714,2760.7928,3279.9409090909094,48.854448619374715,-66.4154118437009,-58.24720261910502,-8.168209224595877,583023.608935,-0.014993733045811863,-2.0
2022-03-10 00:00:00,2726.98,2733.25,2550.27,2606.7,559029.9377,1646870400,2605.6157142857146,2750.2156,3259.9787878787874,44.86212402570568,-67.88972885286694,-60.175707865857404,-7.714020987009533,585826.235475,-0.062159332534619915,-2.0
2022-03-11 00:00:00,2606.69,2676.78,2522.57,2556.86,494583.6568,1646956800,2596.2957142857144,2735.3,3240.2378787878793,43.283729030609976,-72.2469888588762,-62.589964064461164,-9.65702479441503,595863.51819,-0.022902105251090044,-2.0
2022-03-12 00:00:00,2556.86,2616.79,2553.39,2568.8,219236.5711,1647043200,2582.531428571429,2710.7111999999997,3223.6022222222223,43.793916938243385,-73.88499041504974,-64.84896933457888,-9.03602108047086,587506.101545,-0.12056009175097127,-2.0
2022-03-13 00:00:00,2568.8,2603.32,2493.0,2515.65,316942.1601,1647129600,2577.4399999999996,2686.4452,3207.424444444444,41.983475404556664,-78.56621681472916,-67.59241883060895,-10.97379798412021,565261.26026,-0.1547812238562256,-2.0
2022-03-14 00:00:00,2515.66,2609.6,2498.67,2589.41,386630.1912,1647216000,2591.4814285714283,2674.3468,3191.1918181818182,45.35936894776179,-75.45451422969472,-69.1648379104261,-6.289676319268622,549960.7951100001,-0.12142978319139563,-2.0
2022-03-15 00:00:00,2589.42,2669.0,2507.0,2617.73,461202.3014,1647302400,2597.4471428571424,2667.8768,3173.718484848485,46.64313059912603,-69.89754480575402,-69.3113792894917,-0.5861655162623265,547797.40312,-0.07630937300413898,-2.0
2022-03-16 00:00:00,2617.74,2788.0,2603.38,2773.81,666224.7217,1647388800,2604.137142857143,2668.2839999999997,3158.2377777777774,53.17298974115603,-52.29641440459545,-65.90838631251245,13.611971907916995,511322.00044,0.05785820525532981,-2.0
2022-03-17 00:00:00,2773.8,2836.0,2746.42,2811.92,379312.541,1647475200,2633.4542857142856,2675.8812,3141.823737373738,54.63291532908288,-34.87027047884885,-59.70076314577973,24.83049266693088,496317.91868,0.05507007110293971,-2.0
2022-03-18 00:00:00,2811.91,2984.0,2765.59,2938.92,556535.7966,1647561600,2688.034285714286,2690.7171999999996,3130.038686868687,59.19815466625159,-10.688872582849854,-49.898385033193755,39.2095124503439,503220.445865,0.1519349035193962,-2.0
2022-03-19 00:00:00,2938.84,2987.7,2890.86,2950.84,325971.5398,1647648000,2742.611428571429,2703.2992,3120.47202020202,59.6089870237567,9.32936078390594,-38.05283586977382,47.38219665367976,487009.08393,0.18454349850669582,-2.0
2022-03-20 00:00:00,2950.85,2964.17,2817.21,2861.38,377608.8214,1647734400,2792.0014285714283,2714.566,3108.0680808080806,55.123028744772206,17.770434096504232,-26.888181876518214,44.65861597302245,469199.80256000004,0.11079709779228808,-2.0
2022-03-21 00:00:00,2861.39,2960.57,2829.81,2890.03,450223.9073,1647820800,2834.947142857143,2726.3192,3095.5431313131317,56.25835075659143,26.466768639463226,-16.21719177332193,42.683960412785154,458015.91304499994,0.059791417612157005,-2.0
2022-03-22 00:00:00,2890.03,3052.85,2886.43,2969.64,564868.9839,1647907200,2885.2200000000003,2734.3652,3087.3381818181824,59.33675226230912,39.329175832499914,-5.107918252157561,44.437094084657474,455528.174935,0.13923351363793302,-2.0
2022-03-23 00:00:00,2969.64,3045.2,2920.65,3036.0,453962.7298,1647993600,2922.675714285714,2744.6264,3079.025151515152,61.75304951157512,54.25203986314136,6.764073370902224,47.48796649223914,455916.6996599999,0.18739391284622542,-2.0
2022-03-24 00:00:00,3035.99,3129.11,2999.11,3110.76,577171.5239,1648080000,2965.367142857143,2764.3852,3069.850202020202,64.32498494021378,71.289246270474,19.66910795081658,51.620138319657414,456966.33791500004,0.21097788850825294,-2.0
2022-03-25 00:00:00,3110.75,3193.28,3076.0,3102.14,489099.5572,1648166400,2988.684285714286,2771.6328,3061.2040404040404,63.79231977131662,83.13743651815093,32.36277366428345,50.77466285386748,467984.80059500004,0.23313656510245861,-2.0
2022-03-26 00:00:00,3102.13,3153.2,3084.9,3145.0,207134.847,1648252800,3016.4214285714284,2778.3796,3053.8260606060603,65.3296338971161,94.89180282025472,44.868579495477704,50.02322332477702,461517.14745000005,0.21456239066042082,-2.0
2022-03-27 00:00:00,3145.01,3299.37,3126.02,3295.65,335467.4145,1648339200,3078.46,2792.3136000000004,3047.1161616161617,70.13023266270406,115.03733991939316,58.9023315802608,56.13500833913236,447281.93424000003,0.25897246851279543,-2.0
2022-03-28 00:00:00,3295.65,3431.15,3275.01,3332.92,527237.1133,1648425600,3141.73,2812.2708000000002,3041.1442424242423,71.19293334430321,132.48301895809846,73.61846905582834,58.86454990227011,445560.8028,0.20156751904420278,-2.0
2022-03-29 00:00:00,3332.91,3481.87,3329.68,3400.51,465899.8226,1648512000,3203.282857142857,2843.4072,3035.6470707070707,73.06452659063768,150.03330288918505,88.90143582249968,61.13186706668537,440717.206915,0.20931961079973838,-2.0
2022-03-30 00:00:00,3400.51,3446.9,3331.84,3385.79,356082.5231,1648598400,3253.252857142857,2872.2327999999998,3029.3,71.96789369058047,160.89949909856477,103.3010484777127,57.59845062085208,430569.836185,0.15205245464320227,-2.0
2022-03-31 00:00:00,3385.8,3444.83,3261.35,3281.51,455091.2395,1648684800,3277.6457142857143,2901.4416,3022.249494949495,64.57373908998963,159.26065568313743,114.49296991879766,44.767685764339774,428595.21531999996,0.1120596169226391,-2.0
2022-04-01 00:00:00,3281.51,3481.29,3210.68,3455.21,532169.2392,1648771200,3328.0842857142857,2940.0051999999996,3015.621212121212,70.08683534882361,170.01813556355046,125.59800304774822,44.42013251580224,444241.84872500005,0.20753272896294783,-2.0
2022-04-02 00:00:00,3455.2,3532.2,3433.14,3443.77,499893.29,1648857600,3370.7657142857142,2974.7171999999996,3009.534444444444,69.3216789394821,175.59623933807916,135.59765030581443,39.99858903226473,453389.40521999996,0.1916035473680202,-2.0
2022-04-03 00:00:00,3443.77,3580.34,3412.11,3521.91,381581.7683,1648944000,3403.088571428572,3006.5144,3003.7473737373734,71.60218271817932,184.19884213193382,145.3178886710383,38.88095346089551,453136.9840749999,0.18597203701458764,-2.0
2022-04-04 00:00:00,3521.9,3547.0,3405.97,3519.5,449984.1586,1649030400,3429.742857142857,3043.0264,2998.251818181818,71.42582973068815,188.6473902794619,153.98378899272302,34.66360128673887,452576.0769350001,0.15925559947299073,-2.0
2022-04-05 00:00:00,3519.5,3555.0,3400.0,3406.99,397782.7437,1649116800,3430.6685714285713,3077.0316000000003,2991.8857575757575,63.555894460319465,181.0077355200665,159.3885782981917,21.619157221874787,439153.97803500004,0.09522753282156105,-2.0
2022-04-06 00:00:00,3407.0,3407.5,3162.39,3168.51,736273.1047,1649203200,3399.628571428572,3101.02,2985.580303030303,50.783225189755875,153.93543922116623,158.2979504827866,-4.362511261620369,457002.00622,0.02139490803123012,-2.0
2022-04-07 00:00:00,3168.52,3268.98,3143.15,3227.19,458179.3272,1649289600,3391.8685714285716,3129.4816000000005,2981.509595959596,53.271674919448074,135.6517262893085,153.768705644091,-18.1169793547825,452084.18275,0.026133545310015993,-2.0
2022-04-08 00:00:00,3227.2,3314.02,3173.52,3192.39,502422.5048,1649376000,3354.3228571428567,3153.6008,2976.288585858586,51.60525863082669,117.00492298042445,146.4159491113577,-29.411026130933237,460906.731,-0.031332210641299985,-2.0
2022-04-09 00:00:00,3192.39,3268.4,3181.28,3258.57,212444.2566,1649462400,3327.865714285714,3179.2344,2972.069797979798,54.518989643930055,106.34153095231977,138.4010654795501,-32.05953452723034,452648.50276000006,-0.022307766163004228,-2.0
2022-04-10 00:00:00,3258.57,3307.22,3193.0,3203.04,232303.2326,1649548800,3282.3128571428574,3196.4036000000006,2966.3879797979803,51.705940499777434,92.3454086402453,129.18993411168915,-36.84452547144386,441752.469025,-0.05807070115953206,-2.0
2022-04-11 00:00:00,3203.04,3213.63,2950.0,2979.74,693394.2912,1649635200,3205.2042857142856,3203.1163999999994,2957.81696969697,42.26249664072233,62.5143110038307,115.85480949011747,-53.340498486286776,448178.73439000006,-0.11992769781941592,-2.0
2022-04-12 00:00:00,2979.75,3085.0,2950.0,3027.66,579522.9505,1649721600,3151.0142857142855,3206.6659999999997,2950.3601010101006,44.60082774253376,42.252632673262724,101.13437412674652,-58.8817414534838,454456.745425,-0.07735767984860642,-2.0
2022-04-13 00:00:00,3027.65,3128.97,2996.86,3118.28,419101.494,1649808000,3143.8385714285714,3213.3635999999997,2943.6244444444446,48.82191175747973,33.12553275417713,87.53260585223265,-54.40707309805552,446553.24393,-0.09751360988188851,-2.0
2022-04-14 00:00:00,3118.28,3145.0,2976.3,3021.98,408382.5572,1649894400,3114.522857142857,3219.7875999999997,2938.3855555555556,44.906173260605115,17.91512076339268,73.60910883446465,-55.69398807107197,442517.39392999996,-0.12247914349680722,-2.0
2022-04-15 00:00:00,3021.98,3060.92,2993.13,3040.56,249626.2981,1649980800,3092.8328571428574,3225.8088000000002,2934.6860606060604,45.80925718054618,7.276135633708236,60.34251419431337,-53.06637856060513,444641.96648500004,-0.1366729984582229,-2.0
2022-04-16 00:00:00,3040.57,3086.1,3010.03,3059.3,176352.4165,1650067200,3064.3657142857146,3229.3951999999995,2933.272525252525,46.75722675609732,0.3527582741689912,48.344563010284496,-47.991804736115505,436686.21658500005,-0.13075720983094186,-2.0
2022-04-17 00:00:00,3059.3,3083.0,2981.7,2988.06,243772.074,1650153600,3033.6542857142854,3227.4776,2932.334242424243,43.63245733929773,-10.758523227169462,36.5239457627937,-47.282468989963164,422512.96462000004,-0.12296191066014284,-2.0
2022-04-18 00:00:00,2988.07,3069.6,2883.22,3055.56,510251.6536,1650240000,3044.4857142857145,3225.2696,2931.360404040405,47.230891285654494,-13.956723568934194,26.427811896448123,-40.384535465382314,424730.55616999994,-0.03564767035609806,-2.0
2022-04-19 00:00:00,3055.56,3131.0,3030.34,3101.77,359375.0038,1650326400,3055.0728571428576,3225.2547999999997,2931.553232323232,49.60285085461545,-12.617117300300379,18.618826057098424,-31.235943357398803,424895.180205,-0.038863531431369114,-2.0
2022-04-20 00:00:00,3101.74,3166.5,3036.45,3076.04,415000.0685,1650412800,3049.0385714285717,3222.4964,2929.899898989899,48.300968142361945,-13.47631902942976,12.199797039792788,-25.676116069222548,422890.621655,-0.03644604825851472,-2.0
2022-04-21 00:00:00,3076.03,3180.0,2942.31,2983.58,562699.697,1650499200,3043.552857142857,3210.0135999999998,2925.983939393939,43.84740229721332,-21.371632987814337,5.485511034271362,-26.8571440220857,424417.14454500005,-0.08438977833835093,-2.0
2022-04-22 00:00:00,2983.57,3034.32,2930.35,2962.39,452433.082,1650585600,3032.3857142857137,3195.1924,2923.1736363636364,42.8717721125001,-29.004239274437168,-1.4124390274703433,-27.591800246966827,422044.134145,-0.07513174983765425,-2.0
2022-04-23 00:00:00,2962.39,2978.03,2913.89,2933.03,187576.7324,1650672000,3014.347142857143,3176.4932,2919.3919191919194,41.49412573121256,-36.99577708561492,-8.529106639099258,-28.46667044651566,412343.88235,-0.015675864337156842,-2.0
2022-04-24 00:00:00,2933.04,2967.06,2912.09,2921.0,218957.0222,1650758400,3004.7671428571434,3157.9016,2915.3006060606062,40.91398631277757,-43.79500725579055,-15.582286762437517,-28.212720493353032,400792.52553,-0.03522852632065687,-2.0
2022-04-25 00:00:00,2920.99,3025.65,2797.01,3006.62,619198.3616,1650844800,2997.7757142857145,3146.906,2911.8636363636365,46.632901163701575,-41.79286556854004,-20.824402523658023,-20.968463044882014,411863.306425,-0.03580820195748946,-2.0
2022-04-26 00:00:00,3006.63,3039.54,2767.0,2809.67,531184.3504,1650931200,2956.0471428571427,3121.0844,2907.8232323232323,37.61416285902626,-55.459075180311174,-27.751337054988657,-27.707738125322518,401608.86871,-0.070255263105646,-2.0
2022-04-27 00:00:00,2809.68,2919.87,2794.46,2888.96,488951.2416,1651017600,2929.3214285714284,3098.8920000000003,2905.0869696969703,42.44049818564604,-59.20907900514294,-34.042885445019515,-25.166193560123425,403147.46443,-0.04985923645644219,-2.0
2022-04-28 00:00:00,2888.95,2980.0,2853.83,2936.93,537392.9978,1651104000,2922.657142857143,3075.4927999999995,2903.6012121212125,45.20252576464714,-57.6457021840838,-38.76344879283238,-18.882253391251425,404895.98908,-0.03999934625567947,-2.0
2022-04-29 00:00:00,2936.92,2946.46,2776.63,2817.13,525978.147,1651190400,2901.905714285714,3047.3979999999997,2901.7390909090914,40.035632803835945,-65.3205983820103,-44.07487871066796,-21.245719671342343,420572.6836,-0.05720433993962637,-2.0
2022-04-30 00:00:00,2817.13,2841.63,2709.26,2726.66,367757.2469,1651276800,2872.4242857142854,3020.1848,2903.340202020202,36.63044253719049,-77.80627946720051,-50.821158861974475,-26.985120605226037,427345.38431500003,-0.10763984343295507,-2.0
2022-05-01 00:00:00,2726.67,2849.9,2716.13,2824.81,442544.8792,1651363200,2858.682857142857,3006.4368,2907.5081818181816,42.35841591001412,-78.87219736052975,-56.431366561685536,-22.440830798844217,414802.91371500003,-0.08929095322992997,-2.0
2022-05-02 00:00:00,2824.81,2894.22,2778.78,2856.54,521706.8567,1651449600,2837.2428571428572,2991.6107999999995,2910.715555555555,44.11700526249025,-76.27732166600981,-60.4005575825504,-15.876764083459413,411912.109025,-0.07135797974018543,-2.0
2022-05-03 00:00:00,2856.54,2861.47,2755.19,2781.7,371331.1796,1651536000,2833.247142857143,2975.1832,2914.1742424242425,40.944024422780245,-79.34518462140295,-64.18948299032091,-15.155701631082039,409523.593305,-0.0676636792041776,-2.0
2022-05-04 00:00:00,2781.7,2965.85,2771.74,2940.64,548738.0668,1651622400,2840.6299999999997,2962.4660000000003,2919.04101010101,49.286074078167594,-68.16558796683739,-64.98470398562421,-3.180883981213185,416541.36878500006,-0.007342044767907008,-2.0
2022-05-05 00:00:00,2940.65,2954.65,2683.0,2747.97,734845.3194,1651708800,2813.6357142857137,2944.2632,2921.9195959595963,41.61249086118868,-73.99951551135928,-66.78766629077123,-7.21184922058805,440802.31984999997,-0.06309516097687384,-2.0
2022-05-06 00:00:00,2747.96,2758.18,2632.95,2692.85,711449.3234,1651795200,2795.8814285714284,2932.7876,2924.6327272727276,39.70777863814718,-82.12399418001496,-69.85493186861999,-12.269062311394975,467557.165195,-0.07810681273536468,-2.0
2022-05-07 00:00:00,2692.86,2704.36,2584.75,2635.34,371271.4532,1651881600,2782.835714285714,2917.0948,2925.5453535353536,37.76546510670892,-92.14113280440324,-74.31217205577664,-17.8289607486266,473932.134155,-0.12348750424064225,-2.0
2022-05-08 00:00:00,2635.35,2642.0,2484.0,2519.71,757615.3415,1651968000,2739.25,2893.152,2924.7198989898993,34.14862879090353,-108.16332252089614,-81.08240214880055,-27.08092037209559,486300.3185500001,-0.10320073175853395,-2.0
2022-05-09 00:00:00,2519.71,2530.78,2225.0,2228.55,1574924.9793,1652054400,2649.537142857143,2861.4148000000005,2920.9509090909087,27.108438634181724,-142.71012845238374,-93.40794740951719,-49.30218104286655,547077.817325,-0.2285978345148426,-2.0
2022-05-10 00:00:00,2229.0,2457.34,2200.0,2342.05,1550626.1387,1652140800,2586.73,2833.4744,2917.467171717172,32.91458604931586,-159.09625699184107,-106.54560932598199,-52.55064766585909,603859.1208350001,-0.20255164406369908,-2.0
2022-05-11 00:00:00,2342.04,2451.37,2005.0,2084.99,2022864.83806,1652227200,2464.4942857142855,2794.502,2910.3738383838386,27.560129651266948,-190.62753995589583,-123.36199545196476,-67.26554450393107,676867.377888,-0.2598886100392954,-2.0
2022-05-12 00:00:00,2084.99,2195.0,1800.0,1960.22,2305192.90836,1652313600,2351.9585714285713,2753.3884,2903.0965656565654,25.400269331648673,-223.11230535558707,-143.31205743268924,-79.80024792289782,769505.3692059999,-0.2810911518121071,-2.0
2022-05-13 00:00:00,1960.22,2147.54,1940.23,2009.69,1134042.3387,1652400000,2254.364285714286,2711.5535999999997,2896.169595959596,27.815748442243105,-242.0744172173895,-163.06452938962929,-79.00988782776022,816828.649521,-0.2885574605017682,-2.0
2022-05-14 00:00:00,2009.69,2070.06,1951.21,2056.48,563788.3078,1652486400,2171.67,2669.742,2886.689696969697,30.12043586689046,-250.43955423484294,-180.53953435867203,-69.90001987617092,834070.213801,-0.280080096900446,-2.0
2022-05-15 00:00:00,2056.47,2167.0,2000.68,2145.29,514398.2587,1652572800,2118.1814285714286,2632.512,2877.9284848484845,34.40154864992202,-247.05486609484387,-193.84260070590642,-53.21226538893745,828830.208656,-0.22878455620663618,-2.0
2022-05-16 00:00:00,2145.29,2145.29,1979.12,2023.66,822070.8531,1652659200,2088.9114285714286,2594.1151999999997,2867.5110101010096,31.550670864457686,-251.29028289575808,-205.33213714387676,-45.95814575188132,843374.533791,-0.31183007780619176,-2.0
2022-05-17 00:00:00,2023.66,2122.42,2008.0,2090.72,568249.0448,1652745600,2053.007142857143,2559.2484,2856.914545454546,34.76075953070844,-246.3954067950981,-213.54479107412104,-32.85061572097706,847339.423951,-0.23917655578481567,-2.0
2022-05-18 00:00:00,2090.72,2110.72,1908.0,1915.11,631577.2341,1652832000,2028.7385714285717,2518.5316000000003,2844.777373737374,30.70041855492923,-253.76123997212972,-221.58808085372277,-32.17315911840694,852048.6357659999,-0.28881668121135606,-2.0
2022-05-19 00:00:00,1915.11,2040.39,1903.18,2019.55,741476.9794,1652918400,2037.2142857142858,2482.4736,2832.409797979798,35.524041571849324,-248.3089298974719,-226.9322506624726,-21.3766792349993,862823.577386,-0.233666244203784,-2.0
2022-05-20 00:00:00,2019.55,2064.0,1923.0,1959.08,576981.5371,1653004800,2029.9842857142855,2440.572,2821.1632323232325,34.04639141642615,-246.03126325895118,-230.75205318176833,-15.279210077182853,873284.7918959999,-0.22249782713090005,-2.0
2022-05-21 00:00:00,1959.08,1990.86,1937.36,1975.07,238869.7632,1653091200,2018.3542857142857,2407.188,2811.5423232323233,34.81847962335462,-240.16743596940978,-232.63512973929664,-7.532306230113136,863101.0360959999,-0.11374211931524991,-2.0
2022-05-22 00:00:00,1975.06,2056.41,1966.33,2043.19,355735.1927,1653177600,2003.7685714285712,2373.3572,2802.6969696969695,38.14081455413177,-227.4022443782378,-231.58855266708488,4.186308288847073,854802.4528960001,-0.12760615699921019,-2.0
2022-05-23 00:00:00,2043.19,2088.5,1957.12,1973.32,636085.0224,1653264000,1996.5771428571427,2334.8128,2793.628181818182,36.107887506192085,-220.38322254038803,-229.34748664174552,8.964264101357486,868040.1450360001,-0.05355900987534701,-2.0
2022-05-24 00:00:00,1973.33,1993.83,1913.02,1979.41,534096.972,1653350400,1980.6757142857143,2301.304,2784.0287878787876,36.42595763888176,-211.88668722537295,-225.85532675847102,13.96863953309807,867308.090296,0.009789717480690907,-2.0
2022-05-25 00:00:00,1979.4,2022.34,1934.61,1942.63,524786.3091,1653436800,1984.607142857143,2269.9428,2771.4945454545455,35.28353487971012,-205.7492115543455,-221.83410371764595,16.084892163300452,856805.1397809999,-0.033368330439022875,-2.0
2022-05-26 00:00:00,1942.64,1966.01,1735.0,1792.23,1168740.57514,1653523200,1952.1328571428571,2228.6396,2758.0594949494944,31.001767078076625,-210.59364843255116,-219.58601266062698,8.992364228075814,879669.7023679999,-0.12849626546331594,-2.0
2022-05-27 00:00:00,1792.24,1822.26,1703.0,1727.27,1296693.28537,1653609600,1919.017142857143,2183.4688,2746.2958585858582,29.345337432377704,-217.17121409573156,-219.1030529476479,1.9318388519163534,925940.7939764999,-0.19485477487892078,-2.0
2022-05-28 00:00:00,1727.26,1808.98,1722.26,1792.22,558271.1818,1653696000,1892.8957142857143,2143.8896000000004,2736.323535353535,33.18905930271974,-214.66849529513775,-218.2161414171459,3.5476461220081603,915973.5859915,-0.1143670379411561,-2.0
2022-05-29 00:00:00,1792.21,1827.4,1759.96,1813.64,432430.611,1653782400,1860.1028571428571,2098.8096,2726.7276767676767,34.45546429550511,-208.55259315455737,-216.2834317646282,7.730838610070833,858848.8675765,-0.13252850692584361,-2.0
2022-05-30 00:00:00,1813.64,2013.0,1803.18,1998.78,814922.8359,1653868800,1863.74,2068.842,2720.4326262626264,44.285570144390405,-186.61526135604458,-210.3497976829115,23.734536326866902,822063.7024365,0.043689396431536576,-2.0
2022-05-31 00:00:00,1998.78,2016.45,1925.0,1941.9,751103.4226,1653955200,1858.3814285714286,2038.8040000000003,2714.1081818181815,42.19196183116067,-171.8386593901896,-202.64757002436713,30.808910634177522,758475.6316635,-0.03844915946621763,-2.0
2022-06-01 00:00:00,1941.9,1972.58,1763.75,1817.95,1037841.2706,1654041600,1840.57,2006.1084,2705.842121212121,37.97846887262426,-168.19102355494465,-195.75626073048264,27.565237175537987,695108.0497755,-0.07203891622598357,-2.0
2022-06-02 00:00:00,1817.96,1853.05,1782.42,1834.08,788784.4017,1654128000,1846.5485714285714,1978.6832000000002,2698.310505050505,38.83450397688042,-162.12975874322956,-189.03096033303206,26.901201589802497,677845.1529255,-0.07138481167756083,-2.0
2022-06-03 00:00:00,1834.09,1843.91,1737.0,1775.12,741282.5346,1654214400,1853.3842857142856,1960.5459999999998,2690.016767676768,36.83327309970869,-160.23663379110803,-183.27209502464726,23.035461233539223,686719.8642655,-0.1312016993035401,-2.0
2022-06-04 00:00:00,1775.13,1816.0,1748.43,1804.58,388279.4579,1654300800,1855.1499999999999,1939.0472,2680.280303030303,38.537584724689815,-154.5772722611996,-177.53313047195772,22.955858210758123,680413.9242255001,-0.08551071291022239,-2.0
2022-06-05 00:00:00,1804.58,1830.17,1773.05,1806.23,371974.5061,1654387200,1854.0914285714287,1927.8968000000002,2670.449595959596,38.63744665125791,-148.25011126470508,-171.6765266305072,23.426415365802114,657909.1068755,-0.08749071693080268,-2.0
2022-06-06 00:00:00,1806.22,1920.0,1804.35,1859.84,804250.3567,1654473600,1834.2428571428572,1923.8816,2662.8036363636365,41.93830274558581,-137.32689269178536,-164.80659984276284,27.479707150977475,669709.1724705,-0.04261748248508479,-2.0
2022-06-07 00:00:00,1859.84,1874.98,1725.13,1813.33,1397598.2288,1654560000,1815.8757142857144,1916.0272,2651.6155555555556,39.93141498705513,-130.91403605839514,-158.0280870858893,27.114051027494156,708010.2222055,0.011773042522444044,-2.0
2022-06-08 00:00:00,1813.33,1838.77,1765.28,1791.88,941510.1373,1654646400,1812.1514285714286,1905.4431999999997,2639.651414141414,39.00439015896424,-126.10893144752345,-151.64425595821615,25.535324510692703,718011.8801005,0.0374058485355504,-2.0
2022-06-09 00:00:00,1791.88,1833.0,1777.33,1788.81,535310.9618,1654732800,1805.6842857142856,1891.1840000000002,2627.949494949495,38.86531976865646,-121.15200981282305,-145.54580672913755,24.3937969163145,715928.3513355,-0.001902668199216695,-2.0
2022-06-10 00:00:00,1788.8,1804.32,1655.93,1662.91,955035.79239,1654819200,1789.6542857142856,1876.754,2616.120404040404,33.577868860678706,-125.93103691027636,-141.62285276536534,15.691815855088976,751736.652795,-0.08310910654815729,-2.0
2022-06-11 00:00:00,1662.91,1682.21,1496.74,1532.89,1220325.2542,1654905600,1750.8414285714287,1854.4407999999999,2605.118282828283,29.165051390429696,-138.6121431899303,-141.02071085027833,2.408567660348041,794966.15587,-0.23308718318174082,-2.0
2022-06-12 00:00:00,1532.89,1547.0,1423.0,1434.84,1563225.37018,1654992000,1697.7857142857142,1835.23,2592.690909090909,26.35246307398063,-154.78950972595635,-143.77447062541395,-11.015039100542396,841323.173259,-0.2611154024409085,-2.0
2022-06-13 00:00:00,1434.84,1455.0,1165.45,1209.82,3626351.66536,1655078400,1604.9257142857143,1802.8408000000002,2579.1407070707073,21.280430467493588,-183.6504150208375,-151.74965950449868,-31.90075551633882,995935.907927,-0.33451415055419575,-2.0
2022-06-14 00:00:00,1209.35,1268.45,1075.8,1208.9,2716493.80131,1655164800,1518.5785714285716,1772.8336,2566.18898989899,21.262411714284283,-204.24274349949565,-162.24827630349807,-41.99446719599757,1105521.2825375001,-0.3408684463055046,-2.0
2022-06-15 00:00:00,1208.9,1250.0,1014.4,1237.52,3114823.13621,1655251200,1439.3842857142859,1743.3316,2552.6692929292926,23.434336902105173,-215.7657046323534,-172.95176196926914,-42.81394266308425,1202825.410591,-0.30285276488350077,-2.0
2022-06-16 00:00:00,1237.53,1257.85,1051.55,1068.5,1447386.8304,1655337600,1336.4828571428573,1704.344,2535.9169696969698,19.93673798282572,-235.81787412809786,-185.52498440103489,-50.29288972706297,1210360.0878425,-0.4078954659810039,-2.0
2022-06-17 00:00:00,1068.5,1118.0,1051.11,1086.94,1220677.9491,1655424000,1254.2014285714286,1668.8888,2520.5658585858587,21.316513501516383,-247.3698830022215,-197.8939641212722,-49.47591888094931,1243480.4262075,-0.39822724680688504,-2.0
2022-06-18 00:00:00,1086.93,1097.58,881.56,995.13,2308983.5187,1655510400,1177.3785714285714,1629.5176000000001,2504.7908080808083,19.513404597801255,-260.92544684374616,-210.500260665767,-50.42518617797916,1337308.0715925,-0.4649378441156228,-2.0
2022-06-19 00:00:00,995.12,1158.62,936.15,1128.53,2018599.4499,1655596800,1133.6200000000001,1596.9535999999998,2490.2426262626263,28.921363241645594,-257.9307980376045,-219.98636814013452,-37.94442989747,1397491.9022925,-0.3776477530289578,-2.0
2022-06-20 00:00:00,1128.53,1170.0,1053.0,1128.24,1721772.9132,1655683200,1121.9657142857143,1570.394,2476.2283838383837,28.913451016714077,-252.66831480729297,-226.5227574735662,-26.14555733372677,1446025.3768225,-0.37035962229613595,-2.0
2022-06-21 00:00:00,1128.24,1194.0,1109.23,1125.85,1306095.3757,1655769600,1110.1014285714286,1546.3372,2461.4449494949495,28.84341665820662,-245.8565309110968,-230.38951216107233,-15.467018750024465,1459438.0820775,-0.37061510165976264,-2.0
2022-06-22 00:00:00,1125.86,1127.33,1043.65,1050.19,1306959.8593,1655856000,1083.34,1516.656,2445.6112121212122,26.643268884531764,-243.7534349136654,-233.06229671159096,-10.691138202074427,1485346.8549575,-0.3684625145077004,-2.0
2022-06-23 00:00:00,1050.19,1155.0,1045.3,1144.72,1278257.0899,1655942400,1094.2285714285713,1489.8991999999998,2429.155757575758,33.47139550142555,-231.78703850640568,-232.80724507055393,1.0202065641482534,1512195.5827225002,-0.2532275636216559,-2.0
2022-06-24 00:00:00,1144.71,1245.43,1132.0,1225.02,1337137.483,1656028800,1113.9542857142858,1458.9488000000001,2413.1264646464647,38.691872850152635,-213.36451096788096,-228.91869825001936,15.5541872821384,1559638.4839775,-0.14623233252488077,-2.0
2022-06-25 00:00:00,1225.02,1256.77,1180.0,1242.36,861986.6177,1656115200,1149.2728571428572,1430.9671999999998,2395.9894949494947,39.79058627622203,-195.11615450928912,-222.15818950187332,27.042034992584206,1584139.0895575,0.02689656312509303,-2.0
2022-06-26 00:00:00,1242.31,1280.0,1194.6,1197.79,884184.273,1656201600,1159.1671428571428,1406.1607999999999,2378.2819191919193,37.90997884247532,-182.15090481085622,-214.15673256366992,32.0058277528137,1588135.7853725,-0.009190172884440462,-2.0
2022-06-27 00:00:00,1197.79,1238.93,1172.49,1192.51,868734.2061,1656288000,1168.3485714285714,1380.4979999999998,2361.4246464646462,37.68276408580381,-170.33834843959585,-205.3930557388551,35.05470729925926,1561692.5842375,-0.03637112935548514,-2.0
2022-06-28 00:00:00,1192.51,1237.99,1136.32,1144.05,1104065.2211,1656374400,1170.9485714285713,1355.2551999999998,2343.788484848485,35.57527456975795,-163.0080738075303,-196.91605935259017,33.90798554505986,1569820.3384274999,0.07070659803462798,-2.0
2022-06-29 00:00:00,1144.05,1156.8,1087.42,1100.21,1295517.796,1656460800,1178.0942857142857,1327.0804,2324.9053535353537,33.73703784302083,-158.90454725753557,-189.31375693357927,30.4092096760437,1607830.6801375,0.012208585570500752,-2.0
2022-06-30 00:00:00,1100.21,1106.62,998.0,1071.01,1420670.3656,1656547200,1167.5642857142857,1297.6716000000001,2305.0569696969696,32.5313034953207,-156.20800027668452,-182.69260560220033,26.484605325515815,1631112.408798,0.07625134404550149,-2.0
2022-07-01 00:00:00,1071.02,1117.0,1033.44,1059.73,1562255.1439,1656633600,1143.9514285714286,1265.6672,2284.339494949495,32.0547106946662,-153.21500192671056,-176.79708486710237,23.582082940391814,1648208.903283,-0.0609642632451064,-2.0
2022-07-02 00:00:00,1059.73,1078.88,1028.29,1067.01,714812.0804,1656720000,1118.9014285714286,1235.8144,2263.7826262626263,32.73958756801164,-148.54327955078588,-171.14632380383907,22.603044253053184,1605788.2387940001,-0.05427036800680707,-2.0
2022-07-03 00:00:00,1067.01,1088.34,1040.78,1074.26,644746.3337,1656806400,1101.2542857142857,1207.1096,2242.8660606060607,33.45892764223228,-142.6119497172176,-165.43944898651478,22.827499269297164,1456707.972211,-0.04582315583781138,-2.0
2022-07-04 00:00:00,1074.26,1160.9,1045.37,1151.0,1150108.9861,1656892800,1095.3242857142857,1181.5972,2221.202929292929,40.68953130814579,-130.2179796229152,-158.39515511379489,28.177175490879677,1378388.7314505,0.09599215380074066,-2.0
2022-07-05 00:00:00,1151.01,1174.9,1076.34,1132.5,1398961.4495,1656979200,1093.6742857142858,1160.3808,2198.9764646464646,39.57313139150588,-120.4994220889414,-150.81600850882418,30.316586419882782,1292595.647115,-0.010675099587672099,-2.0
2022-07-06 00:00:00,1132.51,1205.0,1111.44,1186.57,1211768.0757,1657065600,1106.0114285714285,1146.528,2176.613434343434,44.37669170735748,-107.19867847014211,-142.09254250108776,34.89386403094565,1280814.70938,-0.03138724265726278,-2.0
2022-07-07 00:00:00,1186.57,1254.29,1163.18,1237.49,1001316.079,1657152000,1129.7942857142857,1138.634,2154.9134343434343,48.52654892777665,-91.49423627911528,-131.97288125669328,40.478644977578,1269846.615875,-0.003919958788112909,-2.0
2022-07-08 00:00:00,1237.49,1276.46,1193.15,1214.04,1189518.3631,1657238400,1151.8385714285716,1138.8028,2134.029898989899,46.79507628537649,-80.01817204079953,-121.58193941351455,41.56376737271502,1213873.358095,0.013566651917281014,-2.0
2022-07-09 00:00:00,1214.03,1235.4,1204.67,1217.02,576337.1809,1657324800,1173.2685714285715,1139.1276,2111.421919191919,47.05361799514441,-69.87734482228097,-111.24102049526785,41.36367567298687,1141760.244645,0.020553286764890766,-2.0
2022-07-10 00:00:00,1217.02,1219.95,1153.0,1168.36,1018038.6506,1657411200,1186.7114285714285,1136.3612,2088.4379797979796,43.349353881099326,-65.01763865595126,-101.99634412740454,36.97870547145328,1106573.531515,0.021249071281849607,-2.0
2022-07-11 00:00:00,1168.37,1171.29,1091.71,1096.4,1201652.3048,1657497600,1178.9114285714284,1137.4772,2063.9378787878786,38.519902141345156,-66.20963366915794,-94.83900203575523,28.62936836659729,1101351.37797,-0.0034629752501794675,-2.0
2022-07-12 00:00:00,1096.37,1098.26,1033.46,1038.58,1261349.6321,1657584000,1165.4942857142858,1135.5428,2038.8780808080808,35.13300423278403,-71.00142880863154,-90.07148739033049,19.070058581698945,1099070.8666100001,-0.03027982931998774,-2.0
2022-07-13 00:00:00,1038.58,1119.18,1006.32,1115.0,2035605.8299,1657670400,1155.27,1140.3375999999998,2015.7266666666667,42.34813078388388,-67.85036883176736,-85.62726367861787,17.77689484685051,1136938.30361,0.052154794145678585,-2.0
2022-07-14 00:00:00,1115.01,1214.65,1072.11,1193.42,1605101.9262,1657756800,1148.9742857142858,1142.9332000000002,1995.7762626262625,48.658997406498564,-58.352639575457715,-80.17233885798584,21.81969928252812,1150336.52577,0.11847124206895909,-2.0
2022-07-15 00:00:00,1193.42,1287.82,1181.05,1231.25,1466037.2584,1657843200,1151.4328571428573,1147.0536,1975.6152525252523,51.42156742012213,-47.228633581762324,-73.58359780274114,26.354964220978815,1180539.057805,0.14613780649004893,-2.0
2022-07-16 00:00:00,1231.25,1422.91,1191.23,1355.85,1493809.9226,1657929600,1171.2657142857145,1156.2536,1957.0643434343433,59.20727442661993,-28.03542508434589,-64.47396325906209,36.4385381747162,1211020.340285,0.17797567332754127,-2.0
2022-07-17 00:00:00,1355.84,1387.0,1319.04,1338.65,1246202.8795,1658016000,1195.5928571428572,1167.792,1937.671212121212,57.829435038138314,-14.05059876774476,-54.389290360798626,40.338691593053866,1229893.773955,0.18203090507726283,-2.0
2022-07-18 00:00:00,1338.65,1597.47,1336.07,1581.04,2029918.76521,1658102400,1264.8271428571427,1185.2448,1921.2873737373736,68.83592239590132,16.402249187059397,-40.23098245122702,56.63323163828642,1276186.4511605,0.3324456205702151,-2.0
2022-07-19 00:00:00,1581.03,1631.0,1493.11,1542.32,1846048.6816,1658188800,1336.7899999999997,1197.9368,1906.7679797979797,65.87801118967292,36.985622950087645,-24.78766137096409,61.77328432105173,1303712.9954405,0.24632926326677373,-2.0
2022-07-20 00:00:00,1542.33,1620.4,1484.23,1521.58,1351177.4247,1658275200,1394.8728571428571,1209.1055999999999,1891.5550505050503,64.2845743421689,51.03623632055019,-9.622881832661236,60.65911815321142,1300238.3483954999,0.2533194952390365,-2.0
2022-07-21 00:00:00,1521.63,1605.98,1463.56,1575.45,1247327.4963,1658361600,1449.4485714285713,1224.212,1875.9709090909091,66.54786887071175,65.7602640458922,5.453747343049452,60.30651670284275,1284491.9660155,0.29451446977042295,-2.0
2022-07-22 00:00:00,1575.45,1650.05,1516.11,1535.27,1170723.0873,1658448000,1492.8799999999999,1237.9224000000002,1860.9536363636364,63.32453781817914,73.34153632021003,19.031305138481567,54.310231181728454,1307287.5163605001,0.31403848129001344,-2.0
2022-07-23 00:00:00,1535.27,1596.51,1488.0,1548.67,851284.7339,1658534400,1520.4257142857143,1254.1072,1845.8840404040402,63.95163646453158,79.51442444031409,31.127928998848073,48.38649544146601,1317614.4363705,0.4125045603794235,-2.0
2022-07-24 00:00:00,1548.66,1664.34,1545.67,1597.7,1009935.8997,1658620800,1557.432857142857,1274.0067999999999,1831.1204040404039,66.22710255189166,87.35581058067692,42.37350531521385,44.98230526546307,1310605.7820505,0.538350440023879,-2.0
2022-07-25 00:00:00,1597.7,1609.55,1435.58,1440.79,1418390.9809,1658707200,1537.3971428571429,1288.798,1815.491414141414,54.393762913752944,79.98680188061167,49.89616462829342,30.090637252318245,1311577.2586205,0.2921883408071748,-2.0
2022-07-26 00:00:00,1440.79,1454.11,1356.17,1449.12,1199643.7408,1658793600,1524.082857142857,1304.3736,1799.2647474747473,54.85493280021433,73.96633293462764,54.71019828956027,19.256134645067377,1310971.0418755,0.21425818236664362,-2.0
2022-07-27 00:00:00,1449.12,1644.44,1420.83,1635.74,1513426.0413,1658880000,1540.3914285714288,1327.1228,1784.456363636364,63.7088474032754,83.29358566430255,60.426875764508736,22.86670989979382,1336576.5399905,0.32851979695431477,-2.0
2022-07-28 00:00:00,1635.74,1784.79,1593.27,1724.52,1578145.07555,1658966400,1561.6871428571428,1353.1332,1770.8046464646466,67.02234343541531,96.73421289508133,67.68834319062326,29.04586970445807,1356007.875613,0.271910609580706,-2.0
2022-07-29 00:00:00,1724.52,1765.99,1655.02,1721.68,1205266.5703,1659052800,1588.3171428571427,1375.9604000000002,1758.0581818181815,66.8121934780653,105.93568194603245,75.3378109417051,30.597871004327345,1387454.3450830001,0.28613155044261007,-2.0
2022-07-30 00:00:00,1721.68,1744.85,1673.01,1697.0,735132.5286,1659139200,1609.5071428571428,1398.5404,1745.2764646464645,64.90753841688579,109.96879095237841,82.26400694383977,27.70478400853864,1373309.038983,0.07334412791580225,-2.0
2022-07-31 00:00:00,1697.0,1754.69,1666.0,1678.12,696326.8079,1659225600,1620.9957142857143,1418.2024,1732.600606060606,63.41812413245582,110.36933172997283,87.8850719010664,22.48425982890643,1348042.764138,0.08804917267493129,-2.0
2022-08-01 00:00:00,1678.12,1704.68,1606.12,1630.28,801566.5648,1659312000,1648.0657142857142,1433.914,1719.5630303030302,59.68105824142986,105.60907927105131,91.4298733750634,14.17920589598792,1325053.610773,0.07143889903915679,-2.0
2022-08-02 00:00:00,1630.28,1678.0,1559.28,1630.91,1081964.5104,1659398400,1674.0357142857142,1450.5888,1705.6669696969698,59.71472472529834,100.72627088561649,93.28915287717402,7.437118008442468,1277371.544798,0.03520264051540822,-2.0
2022-08-03 00:00:00,1630.91,1685.03,1589.71,1618.16,777724.7413,1659484800,1671.5242857142857,1466.6344,1693.631515151515,58.64741171097059,94.73573701229157,93.57846970419753,1.1572673080940348,1236002.6855529998,0.05399050329909394,-2.0
2022-08-04 00:00:00,1618.16,1662.79,1580.39,1607.96,735552.181,1659571200,1654.8728571428571,1484.2184,1680.6921212121215,57.75801140816349,88.14901404017337,92.4925785713927,-4.343564531219329,1199478.431683,0.03828446344282521,-2.0
2022-08-05 00:00:00,1607.97,1742.07,1605.64,1736.81,1005846.4712,1659657600,1657.0342857142857,1509.8348,1668.5696969696971,64.98243636005913,92.26256140913824,92.44657513894181,-0.18401372980356712,1175080.2591130002,0.087068911560368,-2.0
2022-08-06 00:00:00,1736.81,1749.93,1685.26,1690.6,523314.6444,1659744000,1656.1200000000001,1535.9156,1657.1906060606061,60.9560801906598,90.74773314939148,92.10680674103175,-1.3590735916402679,1138935.847358,0.17338404625240322,-2.0
2022-08-07 00:00:00,1690.6,1729.79,1668.0,1700.19,439904.764,1659830400,1659.2728571428572,1559.3232,1646.822222222222,61.48937104179033,89.29175393563673,91.54379617995275,-2.2520422443160157,1059435.1472975002,0.1732568731368005,-2.0
2022-08-08 00:00:00,1700.2,1818.0,1693.87,1777.05,781620.5443,1659916800,1680.24,1582.6684,1636.2387878787881,65.55061142234582,93.26474168627738,91.88798528121768,1.3767564050596945,1006213.7404325001,0.08638903493220185,-2.0
2022-08-09 00:00:00,1777.05,1790.83,1667.93,1702.76,818171.1019,1660003200,1690.5042857142857,1601.5288,1624.5844444444442,59.06672178935546,89.38836751157964,91.38806172729008,-1.9996942157104343,979563.4242925001,-0.012618003850346726,-2.0
2022-08-10 00:00:00,1702.76,1885.0,1656.78,1853.57,1317767.5127,1660089600,1724.1342857142856,1621.4375999999997,1615.2093939393937,66.34450774974701,97.36307871360759,92.58306512455358,4.780013589054008,983085.4251125001,0.07660540867060073,-2.0
2022-08-11 00:00:00,1853.58,1942.0,1850.32,1880.19,1105261.9009,1660176000,1763.0242857142857,1643.0992,1604.4977777777779,67.44479426496193,104.62505382957124,94.99146286555712,9.633590964014118,979812.3657924999,0.10794932233352972,-2.0
2022-08-12 00:00:00,1880.19,1964.71,1853.06,1958.28,717628.1015,1660262400,1794.6628571428573,1658.1888000000001,1596.5211111111112,70.49238094359258,115.35172887678414,99.06351606780252,16.288212808981612,973129.5341724999,0.16694872833885555,-2.0
2022-08-13 00:00:00,1958.28,2020.0,1946.5,1983.55,695876.0293,1660348800,1836.5128571428572,1675.8380000000002,1589.3564646464647,71.42460928481893,124.45710985250025,104.14223482474208,20.314875027758177,957426.5406525001,0.2166928380400912,-2.0
2022-08-14 00:00:00,1983.55,2030.0,1906.0,1935.31,569583.4852,1660435200,1870.1014285714284,1692.3872000000001,1582.2854545454547,67.06854990649097,126.32443557589636,108.57867497497294,17.74576060092342,914986.1658675,0.1866442660845784,-2.0
2022-08-15 00:00:00,1935.32,2012.47,1872.31,1899.06,949162.3305,1660521600,1887.5314285714287,1705.3316,1576.0162626262627,63.91406985117146,123.456107460883,111.55416147215496,11.901945988728045,902462.0953525,0.17359222820981857,-2.0
2022-08-16 00:00:00,1899.05,1915.0,1853.0,1876.67,622729.1499,1660608000,1912.3757142857144,1718.9876000000002,1572.461919191919,61.975161407739776,118.01583777007863,112.8464967317397,5.169341038338928,857927.2507825,0.16711236597925327,-2.0
2022-08-17 00:00:00,1876.67,1959.43,1818.74,1834.25,951824.8975,1660694400,1909.6157142857144,1730.4108,1567.3326262626263,58.362745103714325,109.0246767556871,112.08213273652919,-3.057455980842093,826611.24188,0.05610285523459679,-2.0
2022-08-18 00:00:00,1834.24,1882.37,1821.25,1846.39,606254.024,1660780800,1904.787142857143,1740.3584000000003,1564.9225252525255,59.0975335688238,101.70630642525862,110.00696747427509,-8.300661049016469,796660.614565,0.09215071572222899,-2.0
2022-08-19 00:00:00,1846.39,1848.0,1602.37,1609.01,1419826.9515,1660867200,1854.8914285714286,1747.0872,1561.3749494949495,43.08617175991608,75.87719797349541,103.18101357411916,-27.30381560062375,830895.33571,-0.05362930025467749,-2.0
2022-08-20 00:00:00,1609.0,1657.08,1523.67,1576.04,914615.9226,1660953600,1796.6757142857143,1752.164,1556.9946464646464,41.40812526925989,52.1459341098805,92.97399768127144,-40.82806357139094,841809.7914450001,-0.11311443122028075,-2.0
2022-08-21 00:00:00,1576.03,1646.52,1562.34,1618.13,780662.6062,1661040000,1751.3642857142859,1751.4596000000001,1552.5668686868687,44.385924833238676,36.31641473969921,81.642481092957,-45.32606635325779,840764.5935150001,-0.04970166083300043,-2.0
2022-08-22 00:00:00,1618.13,1629.72,1529.92,1624.66,941192.8954,1661126400,1712.1642857142858,1747.4651999999999,1547.3079797979797,44.85418751339824,24.02141905377698,70.118268685121,-46.096849631344014,833726.012765,-0.123496819650728,-2.0
2022-08-23 00:00:00,1624.65,1676.07,1563.76,1665.41,940246.932,1661212800,1681.9842857142855,1745.2144,1543.689292929293,47.807516994308784,17.365551561344546,59.567725260365705,-42.20217369902116,841852.1222999999,-0.11423313601284979,-2.0
2022-08-24 00:00:00,1665.4,1694.13,1604.92,1656.56,744667.6078,1661299200,1656.6,1743.5968,1539.3038383838386,47.21610536080138,11.246959633526103,49.90357213499779,-38.656612501471685,842307.89364,-0.15407398329145983,-2.0
2022-08-25 00:00:00,1656.56,1722.0,1653.68,1695.11,603090.713,1661385600,1634.9885714285715,1744.2764000000002,1537.081616161616,50.11119850514745,9.400234224169708,41.802904552832175,-32.40267032866247,822170.10573,-0.1454160469864637,-2.0
2022-08-26 00:00:00,1695.11,1706.45,1486.85,1508.18,1149912.8292,1661472000,1620.5842857142857,1739.3924000000002,1531.9162626262628,38.95405359030702,-7.065550460929217,32.029213550079895,-39.09476401100911,853500.0149700001,-0.22070365987877905,-2.0
2022-08-27 00:00:00,1508.18,1518.42,1447.52,1491.06,756136.6768,1661558400,1608.4442857142858,1733.7984,1527.188787878788,38.11701288019813,-21.25127292975685,21.373116254112546,-42.6243891838694,869311.6106100001,-0.2148431329183912,-2.0
2022-08-28 00:00:00,1491.06,1511.0,1424.0,1426.76,544846.4486,1661644800,1581.1057142857142,1726.1424,1521.650303030303,35.06904905116042,-37.25260793604889,9.64797141608026,-46.90057935212915,857472.9058249999,-0.23973847293344064,-2.0
2022-08-29 00:00:00,1426.76,1559.99,1422.08,1551.8,826252.0831,1661731200,1570.6971428571428,1723.8959999999997,1516.6867676767679,44.38276556861692,-39.39003441749105,-0.15962975063400187,-39.23040466685705,857876.954885,-0.1539866430421153,-2.0
2022-08-30 00:00:00,1551.79,1606.13,1473.61,1524.59,1003075.0172,1661817600,1550.58,1715.4072,1512.1541414141416,42.939351310095184,-42.78636531414804,-8.68497686333681,-34.10138845081123,842142.3301100001,-0.17428603924414676,-2.0
2022-08-31 00:00:00,1524.59,1619.78,1524.59,1554.1,949227.6775,1661904000,1535.9428571428573,1709.9472,1507.858080808081,45.02743538049493,-42.60564034356139,-15.469109559381726,-27.136530784179662,834340.61894,-0.03412657472607383,-2.0
2022-09-01 00:00:00,1554.11,1599.0,1512.77,1586.16,728710.482,1661990400,1520.3785714285714,1705.386,1504.2573737373739,47.284423275062636,-39.421019465255085,-20.259491540556397,-19.16152792469869,834894.7379650001,0.006421156823430918,-2.0
2022-09-02 00:00:00,1586.17,1650.0,1546.41,1575.35,919009.6598,1662076800,1529.9742857142858,1697.3180000000002,1502.0666666666664,46.58984474660661,-37.3390399228183,-23.675401217008776,-13.663638705809525,846051.41949,-0.02643792525940447,-2.0
2022-09-03 00:00:00,1575.35,1582.71,1534.28,1557.46,321397.2189,1662163200,1539.4599999999998,1691.506,1500.3514141414141,45.40123242107872,-36.70946575227276,-26.282214124061575,-10.427251628211188,833642.1061750001,-0.04136250046163503,-2.0
2022-09-04 00:00:00,1557.45,1583.66,1540.66,1579.28,296591.1166,1662249600,1561.2485714285715,1680.5344,1498.2005050505052,47.17152926179423,-34.05724136506751,-27.837219572262764,-6.220021792804747,801013.5454800001,-0.05171699461393897,-2.0
2022-09-05 00:00:00,1579.29,1631.99,1556.56,1617.8,503492.937,1662336000,1570.6771428571428,1670.0388,1496.2223232323233,50.23892110288324,-28.51835056181494,-27.973445770173203,-0.5449047916417378,795051.734835,-0.0233978847732651,-2.0
2022-09-06 00:00:00,1617.8,1687.4,1555.0,1559.01,1010722.8578,1662422400,1575.5942857142857,1654.068,1491.7802020202023,45.8621163267915,-28.543568871952175,-28.087470390529,-0.4560984814231759,797996.6328499999,-0.08028977470488641,-2.0
2022-09-07 00:00:00,1559.01,1657.5,1490.66,1630.0,850991.4243,1662508800,1586.4371428571428,1639.9259999999997,1488.6296969696969,51.371307733625194,-22.57502402807745,-26.98498111803869,4.409957089961239,810233.5028649999,0.08077285204683782,-2.0
2022-09-08 00:00:00,1630.0,1663.56,1595.06,1635.37,645124.0085,1662595200,1593.467142857143,1627.9284,1486.7854545454547,51.77111949055594,-17.213172380847254,-25.030619370600405,7.817446989753151,771498.355715,0.09678349630464234,-2.0
2022-09-09 00:00:00,1635.37,1746.13,1630.51,1718.23,837458.2126,1662681600,1613.8785714285714,1620.6952,1485.6152525252526,57.56820493785878,-6.206215422124387,-21.265738580905204,15.059523158780816,767640.470215,0.20428803723120925,-2.0
2022-09-10 00:00:00,1718.24,1789.0,1706.03,1774.12,411046.2466,1662768000,1644.83,1616.5932,1485.6051515151516,60.97552877692367,6.946656444933751,-15.623259575737414,22.569916020671165,749159.652235,0.1432658847789663,-2.0
2022-09-11 00:00:00,1774.12,1789.0,1720.1,1766.11,409287.7263,1662854400,1671.52,1613.8676,1485.2165656565658,60.229060789403995,16.533474500948387,-9.191912760400255,25.725387261348644,722564.3937799999,0.15841636112003887,-2.0
2022-09-12 00:00:00,1766.12,1783.0,1693.0,1716.37,630774.6032,1662940800,1685.6014285714284,1608.6668,1484.3088888888888,55.67136406511469,19.888235376732382,-3.375883132973728,23.26411850970611,707090.7773399999,0.10441413036484137,-2.0
2022-09-13 00:00:00,1716.37,1760.51,1560.54,1574.4,1134549.7256,1663027200,1687.8,1607.2824000000003,1481.4256565656567,45.16569895536468,10.96472056001926,-0.5077623943751308,11.47248295439439,726584.88323,-0.0074141322439098545,-2.0
2022-09-14 00:00:00,1574.4,1647.01,1552.38,1638.39,764562.5393,1663113600,1688.9985714285715,1609.7764000000002,1479.6585858585859,49.767003578339185,8.953024101796473,1.38439490485919,7.568629196937283,734658.474545,0.040016504268892694,-2.0
2022-09-15 00:00:00,1638.4,1655.2,1458.0,1472.75,1335499.8047,1663200000,1665.7671428571427,1603.9612,1476.4350505050506,40.3324549645893,-5.938567415065336,-0.08019755912571513,-5.858369855939621,743937.82332,-0.054389839867476586,-2.0
2022-09-16 00:00:00,1472.76,1483.35,1405.52,1433.9,693597.2425,1663286400,1625.1485714285714,1596.3308,1472.850101010101,38.48942846187309,-20.63723806314738,-4.191605659930048,-16.44563240321733,740810.851605,-0.0920546071627576,-2.0
2022-09-17 00:00:00,1433.9,1476.13,1409.12,1468.83,421391.3743,1663372800,1581.5357142857142,1588.4675999999997,1470.889696969697,41.095679924825056,-29.131669618617252,-9.17961845166749,-19.95205116694976,734638.09789,-0.09208183953517124,-2.0
2022-09-18 00:00:00,1468.82,1469.63,1325.55,1334.51,804113.468,1663459200,1519.8785714285714,1575.5855999999999,1468.8858585858584,34.96117697776181,-46.16985195274765,-16.577665151883522,-29.592186800864127,733531.167135,-0.14400164206772248,-2.0
2022-09-19 00:00:00,1334.51,1393.35,1280.0,1375.98,974855.198,1663545600,1471.2514285714283,1562.8203999999998,1468.291313131313,38.03654348899723,-55.684554898829674,-24.399043101272753,-31.28551179755692,732120.176175,-0.15584049079754603,-2.0
2022-09-20 00:00:00,1375.98,1384.78,1312.71,1322.93,658027.1465,1663632000,1435.3271428571427,1555.4103999999998,1469.4338383838383,35.7103071821427,-66.73642125375068,-32.86651873176834,-33.86990252198234,717560.149625,-0.19105156631221065,-2.0
2022-09-21 00:00:00,1322.94,1408.9,1220.0,1245.78,1192266.7379,1663718400,1379.24,1545.5992,1469.8063636363636,32.58885220168848,-80.78917784232112,-42.4510505538789,-38.33812728844222,740737.96242,-0.2749631888629578,-2.0
2022-09-22 00:00:00,1245.79,1350.08,1237.32,1326.46,904282.2725,1663804800,1358.3414285714284,1541.5872,1470.7047474747476,38.63018735426346,-84.44248653316913,-50.84933774973695,-33.593148783432184,740001.593055,-0.25232791468446325,-2.0
2022-09-23 00:00:00,1326.47,1360.0,1262.15,1327.25,974052.3644,1663891200,1343.1057142857142,1532.6052000000002,1473.318383838384,38.68812911138729,-86.2794379401505,-57.93535778781967,-28.344080152330832,772634.35033,-0.24848961842693829,-2.0
2022-09-24 00:00:00,1327.24,1349.33,1306.52,1317.13,517557.3497,1663977600,1321.4342857142858,1524.3067999999998,1475.6435353535353,38.19069842957598,-87.54269687222813,-63.85682560470137,-23.685871267526764,783682.6619849999,-0.23260718842673767,-2.0
2022-09-25 00:00:00,1317.13,1337.0,1269.27,1294.63,515533.8409,1664064000,1315.7371428571428,1513.9279999999999,1478.6687878787877,37.05010472644587,-89.32966387744887,-68.95139325925086,-20.378270618198002,784284.70718,-0.1776994410569106,-2.0
2022-09-26 00:00:00,1294.62,1340.42,1277.85,1336.17,799166.4333,1664150400,1310.05,1503.9284,1480.7661616161618,40.57856446142047,-86.39797519062813,-72.44070964552631,-13.95726554510182,773706.8859550001,-0.18446157508285577,-2.0
2022-09-27 00:00:00,1336.17,1400.0,1303.75,1328.02,860584.8944,1664236800,1310.777142857143,1494.0351999999998,1482.7841414141415,40.10361275554374,-83.76661824009216,-74.70589136443948,-9.060726875652676,774186.55946,-0.0982719402478357,-2.0
2022-09-28 00:00:00,1328.01,1355.7,1253.2,1337.2,919314.9131,1664323200,1323.837142857143,1485.2248000000002,1484.91898989899,40.942107745121476,-80.01810076328911,-75.7683332442094,-4.249767519079711,787896.1046900001,-0.0674384545644745,-2.0
2022-09-29 00:00:00,1337.2,1352.02,1288.52,1335.7,770591.6895,1664409600,1325.1571428571428,1475.4816,1487.802929292929,40.841499220339664,-76.2889990277506,-75.87246640091765,-0.4165326268329608,784552.7785349999,-0.09063676531661247,-2.0
2022-09-30 00:00:00,1335.69,1373.19,1313.35,1328.72,740753.611,1664496000,1325.3671428571429,1463.9184,1489.661515151515,40.34467851140995,-73.05475693833728,-75.30892450840157,2.254167570064297,801038.146755,-0.004338671122734117,-2.0
2022-10-01 00:00:00,1328.71,1333.69,1302.68,1311.79,252081.9056,1664582400,1324.6042857142857,1454.0296000000003,1490.53797979798,39.10220959526688,-71.03881505132267,-74.4549026169858,3.4160875656631333,793177.8557200001,-0.04665038736028149,-2.0
2022-10-02 00:00:00,1311.79,1317.93,1270.0,1276.72,371740.0407,1664668800,1322.0457142857142,1439.8984000000003,1490.8850505050505,36.58854188197931,-71.4474210936753,-73.8534063123237,2.4059852186483965,780226.1275950001,-0.03493004164997393,-2.0
2022-10-03 00:00:00,1276.72,1329.9,1263.04,1323.09,483775.2435,1664755200,1320.1771428571428,1427.4072,1492.1507070707069,41.906221918355214,-67.25430706881002,-72.53358646362096,5.279279394810942,747687.40349,0.062057506140731133,-2.0
2022-10-04 00:00:00,1323.1,1369.55,1318.66,1361.49,476207.6702,1664841600,1324.9585714285713,1413.1375999999998,1493.8575757575757,45.94862850353334,-60.13942505994055,-70.05475418288489,9.915329122944343,733269.660035,0.026408636521267015,-2.0
2022-10-05 00:00:00,1361.5,1364.77,1316.29,1352.2,483508.7782,1664928000,1327.1014285714284,1396.2608000000002,1495.960101010101,45.130447884260725,-54.62082035145363,-66.96796741659864,12.347147065145009,690670.1087100001,0.01879826709361465,-2.0
2022-10-06 00:00:00,1352.2,1383.99,1345.01,1352.06,573975.324,1665014400,1329.4385714285713,1379.6988000000001,1498.5040404040403,45.117409679486606,-49.6858358037623,-63.51154109403137,13.82570529026907,684689.012785,0.026519781646458407,-2.0
2022-10-07 00:00:00,1352.07,1361.75,1317.26,1331.1,491999.8776,1665100800,1329.7785714285712,1364.2879999999998,1501.131212121212,43.10939003126386,-46.92519735980159,-60.19427234718542,13.269074987383831,688219.4379499999,0.02817021079381732,-2.0
2022-10-08 00:00:00,1331.1,1337.35,1303.51,1315.48,203391.6612,1665187200,1330.3057142857142,1353.9312,1503.7145454545457,41.622673378351834,-45.47358379419393,-57.25013463658712,11.776550842393192,658183.34761,-0.015484556605821154,-2.0
2022-10-09 00:00:00,1315.48,1329.0,1307.26,1323.13,186201.9185,1665273600,1336.9357142857145,1341.3208000000002,1506.301616161616,42.66555975431237,-43.20780582918246,-54.44166887510619,11.233863045923727,618750.6836349999,-0.003682173461242999,-2.0
2022-10-10 00:00:00,1323.13,1338.0,1288.0,1290.03,393663.0114,1665360000,1332.212857142857,1334.0120000000002,1508.481111111111,39.38690359637781,-43.580682855692885,-52.26947167122353,8.688788815530643,605532.4768800001,-0.03527520191444811,-2.0
2022-10-11 00:00:00,1290.03,1298.0,1267.01,1280.11,429430.3941,1665446400,1320.587142857143,1327.8604,1509.7852525252524,38.43367149130605,-44.16751604904789,-50.649080546788404,6.481564497740514,567390.65969,-0.041618626937186654,-2.0
2022-10-12 00:00:00,1280.11,1306.87,1275.25,1294.44,369712.5759,1665532800,1312.3357142857144,1320.8848,1511.42101010101,40.667543826306,-42.980818225618805,-49.11542808255449,6.134609856935683,540662.1748599999,-0.02579926545848632,-2.0
2022-10-13 00:00:00,1294.44,1301.58,1190.0,1287.08,945618.3163,1665619200,1303.0528571428572,1318.9876000000002,1512.4362626262628,39.86743385274985,-42.14838183147231,-47.72201883233805,5.5736370008657445,539240.472455,-0.018836856509044875,-2.0
2022-10-14 00:00:00,1287.08,1343.12,1283.39,1296.27,669742.8093,1665705600,1298.0771428571427,1315.7992000000002,1513.03,41.417297610094835,-40.28275922259445,-46.234166910389334,5.951407687794884,546849.745435,0.0153126762328466,-2.0
2022-10-15 00:00:00,1296.26,1301.69,1263.64,1274.92,287100.9529,1665792000,1292.282857142857,1313.8788,1513.6449494949495,38.908338834063464,-40.06516020740423,-45.000365569792315,4.935205362388082,535428.101035,-0.036407198300946964,-2.0
2022-10-16 00:00:00,1274.93,1315.35,1274.67,1305.95,293321.3632,1665878400,1289.8285714285714,1316.2856,1514.5432323232324,44.19913775490368,-36.96276599085991,-43.39284565400583,6.430079663145925,510135.84753,-0.04079354236902211,-2.0
2022-10-17 00:00:00,1305.96,1338.57,1295.64,1331.4,459848.4941,1665964800,1295.7385714285715,1316.4832000000001,1516.190101010101,48.16428322212105,-32.08068771874309,-41.130414066953286,9.049726348210193,490099.027515,-0.015382339890548713,-2.0
2022-10-18 00:00:00,1331.39,1341.73,1286.72,1310.71,572728.9189,1666051200,1300.1100000000001,1315.8216,1518.3548484848486,45.343372015867146,-29.54059006715579,-38.81244926699379,9.271859199837998,472769.727805,-0.03058296229457269,-2.0
2022-10-19 00:00:00,1310.71,1313.5,1280.31,1285.09,368637.5105,1666137600,1298.7742857142857,1314.54,1520.8448484848484,42.05847924045524,-29.25760085218394,-36.90147958403182,7.643878731847877,452672.01885500003,-0.03456539704004202,-2.0
2022-10-20 00:00:00,1285.09,1310.87,1270.36,1282.57,428531.6103,1666224000,1298.1299999999999,1314.0576,1522.5374747474746,41.73818652717897,-28.903491343562564,-35.30188193593797,6.3983905923754065,437060.91881999996,-0.025017484112263233,-2.0
2022-10-21 00:00:00,1282.57,1306.97,1252.65,1299.75,468076.7986,1666310400,1298.6271428571429,1312.6008000000002,1523.6115151515153,44.823201614785646,-26.926186271639153,-33.62674280307821,6.700556531439055,447860.66347,-0.017670221369026518,-2.0
2022-10-22 00:00:00,1299.76,1320.2,1294.32,1313.61,221776.7007,1666396800,1304.1542857142856,1312.0244,1524.4434343434345,47.24992956323775,-23.96452347999957,-31.694298938462484,7.729775458462914,440362.49647,0.0182786446826817,-2.0
2022-10-23 00:00:00,1313.62,1371.55,1299.44,1364.2,432269.46,1666483200,1312.4757142857143,1313.1044,1524.5277777777778,55.02526814965887,-17.335362905581178,-28.822511731886223,11.487148826305045,437787.207295,0.0656896672942171,-2.0
2022-10-24 00:00:00,1364.19,1370.6,1324.17,1343.61,611830.797,1666569600,1314.22,1313.4207999999999,1524.577878787879,51.686041565801226,-13.586529260033103,-25.775315237515603,12.1887859774825,444568.363635,0.03798553814777028,-2.0
2022-10-25 00:00:00,1343.61,1525.16,1334.94,1459.74,1127932.9012,1666656000,1335.51,1318.6616000000001,1523.3526262626262,64.69828739258108,-1.2306450162559486,-20.866381193263674,19.635736177007725,476789.56978499994,0.1341486154706779,-2.0
2022-10-26 00:00:00,1459.74,1594.99,1457.44,1566.1,1236044.7023,1666742400,1375.6542857142856,1328.8339999999998,1523.5928282828283,72.10768344282687,16.94847392136171,-13.3034101703386,30.251884091700312,509893.03870000003,0.20815879407839422,-2.0
2022-10-27 00:00:00,1566.11,1578.58,1503.2,1514.05,869454.4851,1666828800,1408.722857142857,1338.3272,1523.5167676767678,64.92590303535869,26.846091619821664,-5.273509812306548,32.11960143212821,528765.769075,0.18756470994258456,-2.0
2022-10-28 00:00:00,1514.04,1574.9,1479.82,1554.41,858954.4425,1666915200,1445.1028571428574,1347.58,1523.3042424242424,67.6190226232918,37.51429817422968,3.284051785000698,34.23024638922898,561543.90814,0.1902523067498756,-2.0
2022-10-29 00:00:00,1554.4,1663.06,1547.66,1619.55,914161.0846,1667001600,1488.8085714285714,1357.9024,1524.1555555555558,71.43173687401008,50.64141956957201,12.75552534191496,37.88589422765705,597941.866445,0.21642631816133373,-2.0
2022-10-30 00:00:00,1619.55,1640.06,1576.56,1590.44,476036.4243,1667088000,1521.1285714285714,1367.432,1524.5774747474745,67.60104810456865,58.026925852879685,21.80980544410791,36.21712040877178,602060.53709,0.2134186814779775,-2.0
2022-10-31 00:00:00,1590.45,1635.8,1545.43,1572.69,810334.2414,1667174400,1553.8542857142857,1376.2571999999998,1524.3248484848482,65.30146341970763,61.73606125031006,29.795056605348343,31.941004644961716,621105.729455,0.22379755503505594,-2.0
2022-11-01 00:00:00,1572.69,1612.92,1563.69,1578.48,527539.2965,1667260800,1570.817142857143,1386.1524,1525.7156565656567,65.71120784631714,64.4004144961566,36.716128183509994,27.684286312646606,628997.065485,0.23071645212347103,-2.0
2022-11-02 00:00:00,1578.47,1621.68,1502.32,1518.34,981395.3648,1667347200,1563.9942857142855,1394.2667999999999,1526.4148484848486,58.04413198082076,60.956470007903135,41.56419654838862,19.392273459514513,630785.91791,0.16817849586458933,-2.0
2022-11-03 00:00:00,1518.33,1559.01,1515.17,1531.01,560202.8813,1667433600,1566.4171428571428,1402.5819999999999,1525.3569696969696,59.12614815183297,58.574274525563624,44.966212143823626,13.608062381739998,625308.92151,0.1654981311043613,-2.0
2022-11-04 00:00:00,1531.01,1680.0,1528.4,1644.78,935531.4781,1667520000,1579.3271428571427,1416.772,1524.551515151515,67.28492098347539,65.11603846930825,48.99617740892055,16.1198610603877,657730.44777,0.20567365488931233,-2.0
2022-11-05 00:00:00,1644.78,1666.97,1621.42,1626.98,351385.5362,1667606400,1580.3885714285714,1430.6468,1523.5949494949493,65.0956078181201,68.0793459640447,52.81281111994539,15.266534844099318,660633.65642,0.21090197304277303,-2.0
2022-11-06 00:00:00,1626.98,1639.02,1564.39,1568.29,414863.9525,1667692800,1577.2242857142858,1441.6008000000002,1522.2948484848484,58.35363708930538,64.94336926090045,55.2389227481364,9.70444651276405,658384.42934,0.07436255771575762,-2.0
2022-11-07 00:00:00,1568.25,1608.04,1545.03,1568.1,642409.4494,1667779200,1576.5685714285714,1452.8416,1521.1835353535355,58.33257407648099,61.731155385093416,56.53736927552781,5.1937861095656075,661868.455865,0.0012770576591532024,-2.0
2022-11-08 00:00:00,1568.09,1579.98,1233.0,1334.77,2339916.5089,1667865600,1541.752857142857,1454.3815999999997,1518.1985858585858,39.48409200719797,39.897755278576824,53.209446476137614,-13.31169119756079,760432.405785,-0.1184108847131865,-2.0
2022-11-09 00:00:00,1334.78,1337.16,1073.53,1102.73,2494797.9357,1667952000,1482.3799999999999,1447.494,1512.8634343434344,29.33324454656649,3.8268263600400587,43.332922452918105,-39.506096092878046,863745.7220549999,-0.2905797054831094,-2.0
2022-11-10 00:00:00,1102.73,1350.0,1085.93,1299.28,1975955.6767,1668038400,1449.2757142857142,1447.2272,1509.6424242424243,42.75758528178341,-8.79828121271703,32.90668171979108,-41.70496293250811,939139.6659599999,-0.1977524621036708,-2.0
2022-11-11 00:00:00,1299.28,1310.0,1201.26,1289.28,1308087.1498,1668124800,1398.49,1445.5423999999998,1506.423434343434,42.31712615207908,-19.387202744504293,22.44790482693201,-41.8351075714363,993455.188415,-0.1893564045169891,-2.0
2022-11-12 00:00:00,1289.35,1292.16,1238.7,1257.25,547772.9172,1668211200,1345.6714285714286,1443.404,1501.5793939393939,40.86506062441559,-30.017529269471424,11.954818007651323,-41.97234727712275,999230.3612749999,-0.20057353960411783,-2.0
2022-11-13 00:00:00,1257.25,1274.23,1200.66,1221.49,547410.5304,1668297600,1296.1285714285714,1440.86,1496.840909090909,39.24590120658195,-40.856702139237996,1.392513978273458,-42.24921611751145,996009.347945,-0.22616061020728806,-2.0
2022-11-14 00:00:00,1221.5,1291.2,1171.13,1243.28,934742.0059,1668384000,1249.7257142857143,1439.2884,1492.2256565656564,40.785508191121295,-47.14509453419191,-8.315007724219617,-38.83008680997229,986349.80318,-0.18115837032548698,-2.0
2022-11-15 00:00:00,1243.29,1291.0,1234.01,1253.23,632825.568,1668470400,1238.0771428571427,1437.4275999999998,1486.9345454545453,41.5143514372442,-50.74089946432173,-16.80018607224004,-33.94071339208169,956188.846465,-0.1814357842208738,-2.0
2022-11-16 00:00:00,1253.22,1268.67,1187.06,1216.17,673339.7215,1668556800,1254.282857142857,1433.53,1482.019494949495,39.56117135482888,-55.93623495699512,-24.62739584919106,-31.30883910780406,946383.108285,-0.2605880421697734,-2.0
2022-11-17 00:00:00,1216.16,1228.22,1181.05,1200.43,530537.3488,1668643200,1240.1614285714288,1426.9792000000002,1475.4221212121213,38.727776924126935,-60.62481706712947,-31.826880092778744,-28.797936974350726,929962.2536,-0.26217286014579155,-2.0
2022-11-18 00:00:00,1200.42,1234.0,1199.18,1212.58,360218.5337,1668729600,1229.2042857142858,1421.7379999999998,1468.6785858585858,39.78231374812997,-62.63809573384901,-37.9891232209928,-24.64897251285621,902265.126055,-0.22681391834418385,-2.0
2022-11-19 00:00:00,1212.58,1235.0,1197.67,1217.67,209789.5888,1668816000,1223.55,1412.0552000000002,1461.1976767676767,40.24628302729306,-63.09558647576455,-43.01041587194715,-20.085170603817396,888952.78428,-0.2234742682226898,-2.0
2022-11-20 00:00:00,1217.67,1227.07,1132.65,1142.21,531108.7607,1668902400,1212.2242857142858,1395.0996000000002,1452.6992929292928,35.83779067865838,-68.75458251030523,-48.15924919961877,-20.595333310686456,874991.5102449998,-0.14426455494204993,-2.0
2022-11-21 00:00:00,1142.21,1146.99,1079.76,1107.34,922647.9454,1668988800,1192.804285714286,1378.8311999999999,1444.3359595959594,33.9852222496898,-75.18639327799042,-53.564678015293104,-21.621715262697315,894746.9426899999,0.004180533766198424,-2.0
2022-11-22 00:00:00,1107.34,1146.13,1075.0,1139.6,748884.5791,1669075200,1176.5714285714287,1362.2387999999999,1436.6646464646462,37.21863313488744,-76.79528897030218,-58.21080020629492,-18.58448876400726,883121.4034049999,-0.12289883627855436,-2.0
2022-11-23 00:00:00,1139.59,1190.0,1127.75,1184.52,636927.1594,1669161600,1172.05,1344.8376,1429.6732323232322,41.5142898347724,-73.59729797173964,-61.28809975938387,-12.309198212355767,886957.61731,-0.08125465376023822,-2.0
2022-11-24 00:00:00,1184.52,1217.71,1180.6,1203.73,486080.6123,1669248000,1172.5214285714285,1329.3691999999999,1423.3043434343435,43.3009696526781,-68.72061216976908,-62.77460224146092,-5.946009928308165,864485.07402,-0.04256909922449792,-2.0
2022-11-25 00:00:00,1203.72,1207.77,1171.2,1199.3,391430.1658,1669334400,1170.6242857142859,1314.4335999999998,1416.7680808080806,42.97492793995274,-64.47009637426777,-63.113701068022294,-1.3563953062454743,866487.3055,-0.018166337833302015,-2.0
2022-11-26 00:00:00,1199.29,1235.66,1196.2,1205.6,379840.8116,1669420800,1168.9,1299.5184,1412.6932323232325,43.62503271144531,-59.90265412566396,-62.471491679550624,2.5688375538866666,864736.1484549999,-0.030306930055980952,-2.0
2022-11-27 00:00:00,1205.61,1223.33,1188.65,1193.88,286386.7986,1669507200,1176.2814285714285,1286.54,1408.8330303030302,42.65090147124889,-56.57645117732022,-61.29248357910455,4.716032401784325,846935.0159149999,-0.04735762788953335,-2.0
2022-11-28 00:00:00,1193.88,1199.25,1151.02,1167.77,478795.6093,1669593600,1184.9142857142856,1272.0104000000001,1404.2839393939394,40.48215269126425,-55.408554836853455,-60.115697830654334,4.707142993800879,753878.970935,-0.03979706784413373,-2.0
2022-11-29 00:00:00,1167.77,1228.37,1158.27,1216.49,512143.5861,1669680000,1195.8985714285714,1254.8788,1400.16101010101,45.999887096373364,-49.975604087634565,-58.087679082050386,8.11207499441582,654746.253455,0.013378539356730501,-2.0
2022-11-30 00:00:00,1216.49,1309.77,1212.5,1294.46,815679.2717,1669766400,1211.6042857142857,1241.578,1396.4140404040404,53.43929043377437,-38.92966712927068,-54.25607669149445,15.326409562223766,596732.433205,0.0675254416203468,-2.0
2022-12-01 00:00:00,1294.46,1299.9,1262.77,1276.41,430018.7391,1669852800,1221.9871428571428,1229.9028,1392.5741414141414,51.66480441294458,-31.271686126230634,-49.65919857844169,18.387512452211055,552829.01267,0.04823967084678116,-2.0
2022-12-02 00:00:00,1276.4,1297.18,1265.24,1295.59,371559.585,1669939200,1235.7428571428572,1219.0024,1388.538585858586,53.43423967528681,-23.38544247853565,-44.40444735846049,21.019004879924836,544018.34606,0.13428353805342264,-2.0
2022-12-03 00:00:00,1295.58,1309.0,1236.26,1240.51,347148.2588,1670025600,1240.73,1215.232,1385.8348484848484,47.99995888092427,-21.33410694283657,-39.79037927533571,18.45627233249914,534005.23248,0.12026116639875739,-2.0
2022-12-04 00:00:00,1240.5,1287.19,1240.1,1279.41,324129.5466,1670112000,1252.9485714285713,1222.2992,1383.6969696969697,51.733401555785086,-16.380677597855083,-35.10843893983959,18.727761341984504,503474.609515,0.12268339768339787,-2.0
2022-12-05 00:00:00,1279.4,1305.11,1246.61,1259.41,391628.5166,1670198400,1266.0400000000002,1220.7044,1382.006565656566,49.755468021009904,-13.908552867765593,-30.86846172542479,16.959908857659197,491414.75694500003,0.0632239219261812,-2.0
2022-12-06 00:00:00,1259.41,1274.76,1241.56,1271.32,301631.839,1670284800,1273.8728571428571,1219.9859999999999,1379.173434343434,50.95794229033983,-10.863115510940588,-26.867392482527954,16.004276971587366,472829.36282000004,0.05615046563598147,-2.0
2022-12-07 00:00:00,1271.31,1278.69,1218.01,1231.18,398559.5166,1670371200,1264.8328571428572,1218.9432,1376.209696969697,46.88531976283927,-11.555344185667991,-23.80498282315596,12.249638637487969,466230.47121,0.026582172934211723,-2.0
2022-12-08 00:00:00,1231.18,1292.58,1222.01,1280.18,406653.5447,1670457600,1265.3714285714286,1221.2908,1373.4428282828283,51.93532345736506,-8.05717184608784,-20.655420627742338,12.598248781654497,468552.22176,0.061861313868613266,-2.0
2022-12-09 00:00:00,1280.18,1296.64,1250.0,1263.1,406008.0032,1670544000,1260.73,1222.0836,1370.1795959595959,50.14559802620755,-6.587126031931348,-17.84176170858014,11.254635676648792,478363.14248000004,0.05797902636780905,-2.0
2022-12-10 00:00:00,1263.11,1283.61,1259.6,1266.35,182278.6396,1670630400,1264.4214285714286,1222.6084,1367.0583838383839,50.495181760133335,-5.101054513353574,-15.293620269534829,10.192565756181255,460921.636425,0.0844173082028139,-2.0
2022-12-11 00:00:00,1266.35,1284.75,1255.85,1263.01,180494.902,1670716800,1262.0785714285716,1224.482,1364.0841414141412,50.10632642821703,-4.1450605371080655,-13.063908323049477,8.918847785941411,423813.984255,0.03824116926567411,-2.0
2022-12-12 00:00:00,1263.0,1278.9,1240.03,1275.4,363750.5481,1670803200,1264.362857142857,1227.4808,1361.0146464646464,51.59546027946905,-2.3604491820767635,-10.923216494854936,8.562767312778172,404557.282705,-0.014724286575096945,-2.0
2022-12-13 00:00:00,1275.41,1349.0,1255.1,1320.69,659393.8825,1670889600,1271.4157142857143,1231.8051999999998,1358.0135353535354,56.68462000101967,2.6775277961623942,-8.20306763665147,10.880595432813864,405680.61886,0.03469104754741803,-2.0
2022-12-14 00:00:00,1320.69,1352.72,1301.0,1307.44,554465.5717,1670976000,1282.31,1235.396,1355.472424242424,54.86713631571298,5.537167562062905,-5.455020596908596,10.992188158971501,409099.86683,0.009146412059370723,-2.0
2022-12-15 00:00:00,1307.45,1311.14,1259.27,1266.54,390051.2447,1671062400,1280.3614285714284,1240.3692,1351.8011111111111,49.58238222528641,4.451846380793313,-3.4736472013682143,7.925493582161527,409030.920775,0.020983305253484463,-2.0
2022-12-16 00:00:00,1266.53,1280.06,1155.32,1166.83,751422.2779,1671148800,1266.6085714285714,1242.7488,1347.0683838383836,39.57476058120686,-4.403283848187584,-3.6595745307320886,-0.7437093174554956,427609.99409,-0.08799368458899037,-2.0
2022-12-17 00:00:00,1166.82,1190.03,1161.92,1187.16,328881.6281,1671235200,1255.2957142857142,1244.6512,1341.7040404040401,42.139080271951386,-9.669117687438074,-4.861483162073286,-4.807634525364788,429734.73556500004,-0.05736813269705654,-2.0
2022-12-18 00:00:00,1187.16,1199.54,1170.32,1183.06,252260.144,1671321600,1243.8742857142859,1244.5928000000001,1335.7337373737375,41.75423559302723,-14.01164713200842,-6.691515956060313,-7.320131175948108,418407.96229999996,-0.06942390586162417,-2.0
2022-12-19 00:00:00,1183.06,1195.0,1150.51,1167.82,296832.7228,1671408000,1228.5057142857142,1243.1564,1329.690404040404,40.281607697611975,-18.469963396192952,-9.047205444086842,-9.42275795210611,407642.419135,-0.0514628242823959,-2.0
2022-12-20 00:00:00,1167.82,1230.47,1163.12,1216.94,465184.1943,1671494400,1213.6842857142858,1243.862,1324.6456565656565,46.794943493004666,-17.834057752506396,-10.804575905770754,-7.029481846735642,390117.665265,-0.04939930322298425,-2.0
2022-12-21 00:00:00,1216.95,1223.39,1203.02,1213.78,245723.8377,1671580800,1200.3042857142857,1244.1892,1321.0030303030303,46.443999044588516,-17.38468372679722,-12.120597469976047,-5.264086256821173,380902.920195,-0.03904678964452535,-2.0
2022-12-22 00:00:00,1213.78,1237.99,1182.54,1217.71,336761.6598,1671667200,1193.3285714285714,1245.1424,1316.7537373737373,46.976594210755856,-16.520989732560565,-13.000675922492952,-3.520313810067613,379163.02393500006,-0.038409602400600096,-2.0
2022-12-23 00:00:00,1217.72,1231.99,1210.0,1219.99,278604.2882,1671753600,1200.922857142857,1247.2312,1314.200606060606,47.30400551122844,-15.474152674596326,-13.495371272913626,-1.9787814016826992,375735.825405,-0.03406148803255715,-2.0
2022-12-24 00:00:00,1219.98,1227.99,1214.69,1220.41,123701.5301,1671840000,1205.672857142857,1247.388,1312.0441414141414,47.368477505624334,-14.44413329670897,-13.685123677672696,-0.7590096190362736,365714.42458,-0.04311588521248233,-2.0
2022-12-25 00:00:00,1220.42,1225.0,1193.18,1218.51,231652.0612,1671926400,1210.7371428571428,1244.35,1309.5156565656566,47.08781073792926,-13.624099501535511,-13.67291884244526,0.04881934090974838,357715.60181,-0.07736864820661926,-2.0
2022-12-26 00:00:00,1218.52,1231.09,1211.67,1228.11,162723.0857,1672012800,1219.3500000000001,1242.418,1308.4409090909091,48.74045223250575,-12.060550522393214,-13.350445178434851,1.2898946560416373,350770.164145,-0.06067582451202358,-2.0
2022-12-27 00:00:00,1228.12,1233.73,1200.58,1211.55,262437.6398,1672099200,1218.58,1239.0564,1306.78,46.06749911902257,-12.01913123078748,-13.08418238890538,1.0650511581178996,343964.070305,-0.04341749964470132,-2.0
2022-12-28 00:00:00,1211.55,1215.78,1181.06,1190.15,367828.8914,1672185600,1215.2042857142858,1237.042,1305.438787878788,42.800921164949976,-13.556832569491917,-13.178712425022688,-0.3781201444692286,342022.83764,0.01998577342029262,-2.0
2022-12-29 00:00:00,1190.15,1206.57,1186.77,1200.49,249130.4869,1672272000,1212.7442857142858,1233.8852,1304.981313131313,44.836290838522544,-13.782247207285991,-13.29941938147535,-0.48282782581064154,334178.961825,0.011228478048451729,-2.0
2022-12-30 00:00:00,1200.48,1202.15,1181.08,1199.99,266014.2115,1672358400,1209.8871428571426,1231.5084,1303.7038383838385,44.75336038046296,-13.841677510887848,-13.40787100735785,-0.4338065035299987,338365.74042000005,0.014310347742295448,-2.0
2022-12-31 00:00:00,1199.98,1208.46,1191.66,1196.13,139379.2811,1672444800,1206.4185714285716,1228.5008,1302.3793939393938,44.075587050283175,-14.038420027830853,-13.533980811452452,-0.5044392163784011,336309.959375,0.024241749584696493,-2.0
2023-01-01 00:00:00,1196.13,1204.67,1190.57,1200.34,117762.0685,1672531200,1203.8228571428572,1227.2672,1301.199696969697,45.05300928002209,-13.696740574976047,-13.566532764157172,-0.13020781081887556,324010.535395,-0.013640771114434624,-2.0
2023-01-02 00:00:00,1200.33,1224.29,1193.0,1214.0,252794.14,1672617600,1201.8071428571427,1224.62,1300.3852525252526,48.215531517920894,-12.18326817658567,-13.289879846642872,1.1066116700572017,303680.54827,0.00018125195669727034,-2.0
2023-01-03 00:00:00,1213.99,1219.89,1204.93,1214.55,205519.4944,1672704000,1202.2357142857143,1222.678,1299.1567676767675,48.34444649289614,-10.814783896632207,-12.79486065664074,1.980076760008533,286233.244405,-0.0025950349426383523,-2.0
2023-01-04 00:00:00,1214.56,1272.6,1212.71,1256.9,457799.6648,1672790400,1211.7714285714285,1222.3,1298.438383838384,57.183241126737585,-6.241016624342592,-11.48409185018111,5.243075225838519,289620.66541,0.030254346347101224,-2.0
2023-01-05 00:00:00,1256.91,1259.95,1242.81,1251.24,272805.33,1672876800,1219.0214285714287,1221.8292000000001,1297.5701010101009,55.808799177563934,-3.037968002185835,-9.794867080582055,6.75689907839622,265689.81801499997,0.025262002114043502,-2.0
2023-01-06 00:00:00,1251.25,1276.7,1236.0,1269.14,342344.2023,1672963200,1228.8999999999999,1221.5788,1296.8977777777777,59.15262089137823,0.934083972463668,-7.649076869972911,8.583160842436579,266362.946725,0.0415507464033944,-2.0
2023-01-07 00:00:00,1269.13,1271.09,1261.3,1264.07,129474.2884,1673049600,1238.6057142857142,1219.314,1296.2447474747473,57.81814396651673,3.6310012292690317,-5.393061250124522,9.024062479393553,260223.653945,0.02928076475234298,-2.0
2023-01-08 00:00:00,1264.06,1296.0,1257.77,1290.16,213636.7848,1673136000,1251.4371428571428,1218.6228,1296.0262626262627,62.50576387454947,7.783845219879822,-2.7576799561236536,10.541525176003475,256063.857045,0.06488382650323965,-2.0
2023-01-09 00:00:00,1290.15,1344.91,1285.44,1320.39,581727.6968,1673222400,1266.6357142857144,1220.7768,1296.4673737373737,67.07183789430192,13.36030310175579,0.46591665545223515,12.894386446303555,261891.03217000002,0.10943158425408561,-2.0
2023-01-10 00:00:00,1320.4,1347.69,1316.8,1335.62,459660.2307,1673308800,1283.9314285714286,1227.5284,1296.5939393939395,69.11266103952757,18.7919974183053,4.131132808022849,14.660864610282452,272587.85182,0.11256237036543393,-2.0
2023-01-11 00:00:00,1335.63,1398.0,1321.04,1389.39,472465.9556,1673395200,1302.8585714285714,1235.6176,1296.8757575757575,75.00311305384305,27.122789291177014,8.729464104653681,18.393325186523334,279373.06661,0.15783464862207186,-2.0
2023-01-12 00:00:00,1389.4,1438.0,1361.92,1415.92,877712.4492,1673481600,1326.3842857142859,1244.932,1297.519393939394,77.30305767604426,35.457024641248154,14.074976211972576,21.382048429275578,309328.47466,0.18375093008285037,-2.0
2023-01-13 00:00:00,1415.91,1464.0,1401.03,1451.2,499377.8649,1673568000,1352.392857142857,1256.2672,1298.5208080808081,79.9455741093513,44.39698652929519,20.1393782754371,24.25760825385809,328112.2914,0.20899078594398257,-2.0
2023-01-14 00:00:00,1451.21,1599.98,1449.14,1549.9,940691.7774,1673654400,1393.2257142857143,1269.5855999999999,1300.730909090909,85.15334810067017,58.76878588284444,27.86525979691857,30.903526085925872,363564.27721,0.27668863261944,-2.0
2023-01-15 00:00:00,1549.91,1566.66,1516.03,1552.52,387832.7138,1673740800,1430.7057142857143,1283.1352,1303.1252525252526,85.26275057653007,69.5680157366753,36.20581098486992,33.362204751805386,374819.758615,0.27826767115392537,-2.0
2023-01-16 00:00:00,1552.52,1604.5,1521.31,1576.94,574622.8953,1673827200,1467.3557142857142,1297.5044,1305.6889898989898,86.27772216273125,79.18418709524167,44.801486206944276,34.38270088829739,390429.02139,0.2546264619301455,-2.0
2023-01-17 00:00:00,1576.94,1609.0,1541.15,1565.57,506771.7219,1673913600,1500.2057142857143,1311.3276,1308.4722222222222,83.3977308789384,84.90883203890189,52.8229553733358,32.08587666556609,397376.162915,0.2512147949234358,-2.0
2023-01-18 00:00:00,1565.56,1610.0,1501.39,1511.43,752534.8857,1674000000,1517.64,1322.9684,1310.8087878787878,71.20872749084691,84.10747030485936,59.07985835964052,25.027611945218844,422546.382855,0.1909088043872229,-2.0
2023-01-19 00:00:00,1511.44,1564.43,1509.15,1551.09,308679.4645,1674086400,1536.9500000000003,1336.2716,1313.4012121212122,74.18519996437536,85.68489378610957,64.40086544493433,21.284028341175244,424679.645505,0.22706021027316514,-2.0
2023-01-20 00:00:00,1551.09,1669.9,1542.02,1658.52,440570.9974,1674172800,1566.5671428571427,1353.4879999999998,1317.153131313131,80.16652467588364,94.5142153878171,70.42353543351088,24.090679954306225,439739.2313200001,0.28551497488683575,-2.0
2023-01-21 00:00:00,1658.53,1679.26,1616.21,1626.66,494248.6009,1674259200,1577.532857142857,1370.0924,1320.490404040404,74.6429256185701,97.8131515100913,75.90145864882697,21.911692861264328,458563.55794,0.23195419535137352,-2.0
2023-01-22 00:00:00,1626.65,1663.89,1604.0,1627.44,431729.6909,1674345600,1588.2357142857143,1387.5839999999998,1324.0512121212123,74.68890610057977,99.34533050606046,80.59023302027367,18.75509748578679,467510.33548500005,0.21849028915410096,-2.0
2023-01-23 00:00:00,1627.43,1648.09,1585.29,1626.29,407267.1156,1674432000,1595.2857142857142,1404.616,1327.2869696969697,74.47448387559447,99.32187723502693,84.33656186322433,14.9853153718026,477597.71654500003,0.17050648126156065,-2.0
2023-01-24 00:00:00,1626.28,1641.46,1535.0,1555.97,462275.3243,1674518400,1593.9142857142856,1418.8552000000002,1329.5553535353536,62.633539076048045,92.56205627071267,85.981660744722,6.580395525990667,477821.49951999995,0.0989109554212102,-2.0
2023-01-25 00:00:00,1555.97,1641.0,1518.0,1611.94,646474.9166,1674604800,1608.2728571428572,1435.4875999999997,1332.5980808080808,67.11516541817039,90.6759053012845,86.92050965603451,3.7553956452499904,496504.97884999996,0.11076350606394714,-2.0
2023-01-26 00:00:00,1611.95,1632.84,1577.43,1601.09,532777.8466,1674691200,1615.4157142857143,1451.5176000000001,1335.79,65.47573431592988,87.29928097707375,86.99626392024237,0.30301705683137925,506026.661065,0.03302793728627651,-2.0
2023-01-27 00:00:00,1601.08,1621.0,1552.54,1597.62,512093.3875,1674777600,1606.7157142857143,1466.8624,1338.9723232323233,64.92947505010126,83.38210487147194,86.27343211048829,-2.8913272390163485,525157.61602,0.029049545255455556,-2.0
2023-01-28 00:00:00,1597.61,1606.83,1555.99,1572.1,313675.6574,1674864000,1598.9214285714284,1481.1644000000001,1341.7233333333336,60.90501716067712,77.32708536000064,84.48416276039077,-7.157077400390136,530159.55965,-0.003069235354547506,-2.0
2023-01-29 00:00:00,1572.1,1660.0,1566.33,1644.72,551767.9134,1674950400,1601.3899999999999,1496.6772,1345.0678787878787,67.14552925486132,77.49495229135528,83.08632066658367,-5.591368375228399,528661.57048,0.05055666626212818,-2.0
2023-01-30 00:00:00,1644.73,1647.53,1535.0,1566.2,595055.3281,1675036800,1592.8057142857142,1509.2756,1347.1082828282829,56.62135173135856,70.47963490376856,80.56498351402065,-10.085348610252098,535431.3253499999,0.03623720582494716,-2.0
2023-01-31 00:00:00,1566.21,1605.18,1561.63,1585.33,348856.6751,1675123200,1597.0,1521.9232000000002,1349.549898989899,58.3347730952112,65.70615678068748,77.59321816735402,-11.887061386666545,529250.8613250001,0.022074799012307578,-2.0
2023-02-01 00:00:00,1585.32,1647.77,1555.18,1641.68,474617.1709,1675209600,1601.2485714285715,1537.0276000000001,1351.3876767676768,62.97412320841771,65.71262085199783,75.21709870428279,-9.504477852284964,509096.09741000005,-0.010153630948074088,-2.0
2023-02-02 00:00:00,1641.67,1714.68,1626.85,1643.12,629188.8874,1675296000,1607.252857142857,1551.146,1352.1656565656565,63.08723638879017,65.08369531411313,73.19041802624886,-8.106722712135735,515586.648535,0.010118893929893069,-2.0
2023-02-03 00:00:00,1643.12,1676.0,1625.93,1663.52,464815.032,1675382400,1616.6671428571428,1564.8712,1353.6754545454544,64.73105064644633,65.47660327942685,71.64765507688446,-6.171051797457608,491792.81126499997,0.022169788133510338,-2.0
2023-02-04 00:00:00,1663.52,1695.29,1645.43,1666.38,308227.1295,1675468800,1630.1357142857144,1578.1016,1354.8064646464645,64.96659843851342,65.26641318638872,70.37140669878532,-5.104993512396604,487812.5320499999,0.024651199970485038,-2.0
2023-02-05 00:00:00,1666.39,1673.81,1609.3,1629.02,413579.6748,1675555200,1627.892857142857,1587.6868,1354.9021212121213,59.38699441012997,61.37767264983313,68.57265988899488,-7.1949872391617475,479760.37102500006,0.04694820594227389,-2.0
2023-02-06 00:00:00,1629.01,1658.56,1605.01,1614.29,384119.4197,1675641600,1634.7628571428572,1595.6216,1355.1430303030304,57.29755443489846,56.45643521920056,66.14941495503602,-9.692979735835465,473627.755915,0.0014578706403463038,-2.0
2023-02-07 00:00:00,1614.28,1678.37,1613.14,1671.03,451922.4,1675728000,1647.0057142857145,1604.4147999999998,1356.1363636363637,62.736267805001745,56.48365449469679,64.21626286296818,-7.732608368271386,458597.13163,0.04368274113260351,-2.0
2023-02-08 00:00:00,1671.03,1697.91,1630.47,1650.43,417966.2539,1675814400,1648.2557142857142,1608.4359999999997,1356.8631313131314,59.760361772434656,54.21798692427706,62.21660767522996,-7.998620750952902,464061.4711,0.03305541993715666,-2.0
2023-02-09 00:00:00,1650.42,1656.17,1524.4,1545.35,658011.6964,1675900800,1634.2885714285715,1608.1492,1357.1359595959595,47.40710435644859,43.44257231013876,58.461800602211724,-15.019228292072967,474933.5060500001,-0.017015457031995473,-2.0
2023-02-10 00:00:00,1545.35,1555.01,1490.0,1513.06,484654.2199,1675987200,1612.7942857142857,1605.594,1356.9546464646462,44.37176245624797,31.92938339809143,53.155317161387664,-21.225933763296233,474453.787,-0.08005009971302113,-2.0
2023-02-11 00:00:00,1513.05,1543.0,1505.0,1538.51,289691.5708,1676073600,1594.5271428571427,1604.5116,1355.881212121212,47.23911244076869,24.575410508047526,47.43933583071964,-22.863925322672117,467351.88099499996,-0.017679734388966972,-2.0
2023-02-12 00:00:00,1538.5,1548.02,1493.08,1514.83,286758.374,1676160000,1578.2142857142858,1604.6475999999998,1354.7483838383841,44.91907596205461,16.644686329146452,41.280405930405,-24.63571960125855,461326.443915,-0.04447023648073267,-2.0
2023-02-13 00:00:00,1514.82,1526.1,1461.93,1505.24,643152.3904,1676246400,1562.6357142857141,1602.8136000000002,1354.1115151515153,43.97709693459571,9.47645870944757,34.91961648621352,-25.44315777676595,470370.29721999995,-0.08310998489352373,-2.0
2023-02-14 00:00:00,1505.25,1569.0,1482.66,1555.71,668964.3768,1676332800,1546.1614285714284,1598.7012,1353.9863636363636,49.9282677638894,7.778428993620992,29.491378987695015,-21.712949994074023,471494.77023,-0.05319757534446656,-2.0
2023-02-15 00:00:00,1555.7,1680.0,1542.55,1674.92,581207.8586,1676419200,1549.66,1600.6316,1357.4222222222224,60.57994695864845,15.86905039582416,26.766913269320845,-10.897862873496685,473916.27083,0.006852938347600368,-2.0
2023-02-16 00:00:00,1674.92,1742.97,1633.72,1637.84,832723.6731,1676505600,1562.8728571428571,1601.0476,1362.8273737373738,56.55025585184149,19.06906374061805,25.22734336358029,-6.15827962296224,489947.78511000006,-0.01712694583468366,-2.0
2023-02-17 00:00:00,1637.83,1722.0,1630.51,1693.87,579934.663,1676592000,1588.702857142857,1603.7507999999998,1366.8131313131314,60.79410396735755,25.828515064993326,25.3475777038629,0.48093736113042596,503260.7353899999,0.03980921044554386,-2.0
2023-02-18 00:00:00,1693.81,1713.13,1679.77,1691.62,267305.7813,1676678400,1610.5757142857144,1609.1768,1370.8771717171717,60.53839257718044,30.650552255714956,26.408172614233315,4.242379641481641,489037.628785,0.04790341264580711,-2.0
2023-02-19 00:00:00,1691.62,1726.59,1666.14,1679.75,401023.0477,1676764800,1634.1357142857144,1611.8892,1375.1448484848484,59.125477190918026,33.132312991970366,27.753000689780727,5.379312302189639,479336.01476499997,0.005218338390094779,-2.0
2023-02-20 00:00:00,1679.74,1719.89,1650.56,1703.27,451314.8335,1676851200,1662.4257142857143,1615.9763999999998,1380.0113131313133,61.06458246393137,36.57537552901408,29.517475657627397,7.0578998713866845,484458.922685,0.03201589888695677,-2.0
2023-02-21 00:00:00,1703.27,1716.66,1636.3,1659.76,520354.4688,1676937600,1677.2899999999997,1618.4620000000002,1384.2181818181818,55.79162628590421,35.38523506055503,30.691027538212925,4.694207522342108,486745.78757999995,0.07403500825055809,-2.0
2023-02-22 00:00:00,1659.77,1666.95,1595.07,1643.14,528875.4809,1677024000,1672.75,1621.3036,1388.1566666666668,53.87780541194891,32.72372631677035,31.09756729392441,1.6261590228459433,481730.11725500005,0.08597147502412339,-2.0
2023-02-23 00:00:00,1643.15,1679.0,1628.75,1650.53,501305.9717,1677110400,1674.562857142857,1621.536,1392.5441414141414,54.62316285033692,30.855094379995762,31.04907271113868,-0.19397833114291885,483554.66424,0.07281070646274634,-2.0
2023-02-24 00:00:00,1650.52,1664.66,1575.64,1607.8,512515.4982,1677196800,1662.267142857143,1623.2,1396.6589898989898,49.62899384954783,25.630780533463167,29.965414275603578,-4.3346337421404115,493769.082675,0.061373223398005106,-2.0
2023-02-25 00:00:00,1607.8,1608.98,1557.33,1594.58,290188.0391,1677283200,1648.4042857142856,1623.57,1400.517575757576,48.16184967148981,20.19098158779252,28.010527738041368,-7.819546150248847,487599.50088999997,0.05935266136961537,-2.0
2023-02-26 00:00:00,1594.58,1651.26,1587.76,1641.36,308607.9941,1677369600,1642.9199999999998,1623.5571999999997,1404.7972727272727,53.410404186116494,19.430672082349474,26.294556606902994,-6.863884524553519,483823.9296100001,0.055055248086082864,-2.0
2023-02-27 00:00:00,1641.37,1665.22,1608.0,1633.45,431861.4129,1677456000,1632.945714285714,1623.1704,1409.759292929293,52.443501327638884,17.98255868540832,24.632157022604062,-6.649598337195741,482820.880255,-0.024759391493325067,-2.0
2023-02-28 00:00:00,1633.45,1647.52,1596.66,1605.23,393523.1647,1677542400,1625.1557142857143,1620.8387999999998,1414.7884848484848,49.03305556882116,14.39189937230185,22.58410549254362,-8.19220612024177,481598.725795,-0.01991036975528737,-2.0
2023-03-01 00:00:00,1605.24,1669.72,1595.0,1665.22,474456.8235,1677628800,1628.31,1620.7923999999998,1420.0977777777778,55.63757578551979,16.200221570041094,21.307328708043116,-5.107107138002021,472420.98214999994,-0.016913930821137346,-2.0
2023-03-02 00:00:00,1665.23,1677.86,1619.18,1647.86,423023.8082,1677715200,1627.9285714285713,1621.546,1424.77797979798,53.47792865729298,16.047537006218136,20.255370367678122,-4.207833361459986,469339.4615649999,-0.02586869391470903,-2.0
2023-03-03 00:00:00,1647.86,1649.25,1544.39,1569.45,742816.5976,1677801600,1622.45,1619.7524000000003,1428.472121212121,44.98448571733619,9.490105658422635,18.102317425827025,-8.61221176740439,491995.71290499996,-0.06566453341271017,-2.0
2023-03-04 00:00:00,1569.45,1577.53,1549.12,1566.73,237640.2606,1677888000,1618.4714285714285,1615.5803999999998,1432.1835353535355,44.71915658698638,4.0273875864070305,15.287331457943028,-11.259943871535997,489539.807235,-0.08016345030441441,-2.0
2023-03-05 00:00:00,1566.74,1588.77,1553.05,1564.58,299240.7415,1677974400,1607.5028571428572,1612.1464,1435.809595959596,44.49575052687624,-0.46992586131318603,12.135879994091784,-12.60580585540497,472344.22479,-0.05734564033354228,-2.0
2023-03-06 00:00:00,1564.57,1583.49,1554.44,1565.84,307709.3011,1678060800,1597.8442857142857,1612.9659999999997,1439.5667676767678,44.6702030241632,-3.88759393731857,8.931185207809714,-12.818779145128284,454281.471005,-0.047044074150711546,-2.0
2023-03-07 00:00:00,1565.84,1584.49,1536.14,1561.96,437947.9032,1678147200,1591.662857142857,1614.922,1443.548484848485,44.209404074057524,-6.830466715530065,5.778854823141758,-12.609321538671823,447118.47323500004,-0.05366155113811921,-2.0
2023-03-08 00:00:00,1561.95,1570.89,1523.61,1532.38,460101.7658,1678233600,1572.685714285714,1614.6768,1446.739292929293,40.75754762409998,-11.417954314236795,2.3394929956660473,-13.757447309902842,428487.37786999997,-0.046908819504913435,-2.0
2023-03-09 00:00:00,1532.38,1546.45,1408.0,1437.32,718485.1364,1678320000,1542.6085714285714,1611.5764000000001,1448.1823232323231,32.08692179206835,-22.46515452046856,-2.6214365075608743,-19.843718012907686,435414.90154,-0.09862158060429704,-2.0
2023-03-10 00:00:00,1437.32,1439.43,1368.39,1426.44,960262.4509,1678406400,1522.1785714285713,1608.4244,1449.6977777777777,31.267051595140657,-31.73227542825157,-8.443604291699014,-23.288671136552555,470062.73502,-0.1309401959350781,-2.0
2023-03-11 00:00:00,1426.43,1478.07,1408.4,1471.97,1374859.6201,1678492800,1508.6414285714286,1605.0747999999999,1451.479393939394,38.364487713015365,-34.99919607761717,-13.754722648882645,-21.244473428734526,518754.56364,-0.09885824481924765,-2.0
2023-03-12 00:00:00,1471.93,1594.19,1448.3,1580.33,1002355.0929,1678579200,1510.8914285714286,1601.2912,1454.9119191919192,51.26327521007038,-28.515795491477775,-16.70693721740167,-11.808858274076105,546306.5766100001,-0.015511795817421903,-2.0
2023-03-13 00:00:00,1580.33,1693.49,1565.0,1673.45,1228063.6053,1678665600,1526.2642857142857,1602.7156,1458.892121212121,59.170904345659615,-15.682865738901683,-16.502122921701673,0.8192571827999906,581692.0334349999,0.004942289907639896,-2.0
2023-03-14 00:00:00,1673.44,1780.02,1655.24,1699.4,1283321.2355,1678752000,1545.8985714285714,1602.9368,1463.3364646464647,61.06669468705429,-3.379768459943989,-13.877652029350138,10.497883569406149,619414.321165,0.0312769288653163,-2.0
2023-03-15 00:00:00,1699.41,1716.9,1611.0,1649.96,963142.4833,1678838400,1562.6957142857143,1601.2704,1467.1611111111113,55.755032997495114,2.3539945758197973,-10.631322708316151,12.985317284135949,642506.146745,0.051298225493007,-2.0
2023-03-16 00:00:00,1649.95,1691.42,1632.18,1673.73,627985.6119,1678924800,1596.4685714285715,1601.0295999999998,1471.6313131313132,57.661783857748006,8.71561524969934,-6.761935116713053,15.477550366412393,648279.65243,0.06829511147421696,-2.0
2023-03-17 00:00:00,1673.73,1800.0,1662.65,1789.27,907528.2825,1679011200,1648.3014285714287,1604.4696000000001,1476.7736363636363,65.45480111063073,22.8173338375002,-0.8460813258704025,23.6634151633706,679146.6646,0.14361042580117345,-2.0
2023-03-18 00:00:00,1789.26,1841.0,1747.47,1758.84,711614.731,1679097600,1689.282857142857,1608.4328,1481.781111111111,62.207162140975456,31.178197872529154,5.558774513809509,25.619423358719644,699297.001445,0.12325652684820931,-2.0
2023-03-19 00:00:00,1758.84,1841.36,1757.92,1780.68,541131.8908,1679184000,1717.9042857142856,1613.9344,1486.9763636363637,63.6029759085035,39.11564749686795,12.270149110421197,26.845498386446753,704760.5253399999,0.14002919408947734,-2.0
2023-03-20 00:00:00,1780.67,1803.05,1722.0,1732.78,682848.1248,1679270400,1726.3799999999999,1617.2244,1491.7215151515152,58.4998067162624,41.067602074376964,18.029639703212354,23.03796237116461,719226.773345,0.13077696132813,-2.0
2023-03-21 00:00:00,1732.77,1835.0,1717.01,1801.23,742348.4999,1679356800,1740.9271428571428,1624.9616,1497.0329292929293,63.0609234528536,47.589303215452446,23.941572405660374,23.647730809792073,732621.357165,0.25318648595998106,-2.0
2023-03-22 00:00:00,1801.23,1819.98,1710.12,1734.33,891287.6009,1679443200,1752.9799999999998,1630.5515999999998,1501.211111111111,56.52240910542962,46.81981774802762,28.517221474133827,18.30259627389379,756034.5468,0.21584504080087474,-2.0
2023-03-23 00:00:00,1734.34,1857.16,1729.35,1813.79,732061.103,1679529600,1772.9885714285715,1637.4488000000001,1506.3257575757575,61.61343320364258,52.02207480063771,33.218192139434606,18.803882661203104,755496.77207,0.23221940664551588,-2.0
2023-03-24 00:00:00,1813.78,1818.99,1726.4,1749.57,564770.1417,1679616000,1767.3171428571427,1642.0936,1511.2048484848485,55.91477408168545,50.38211010053851,36.65097573165539,13.731134368883119,771853.266125,0.10709155682673877,-2.0
2023-03-25 00:00:00,1749.57,1763.23,1713.09,1741.88,355679.3743,1679702400,1764.8942857142858,1647.5596000000003,1517.0134343434345,55.25572872706487,47.90963507794777,38.90270760091387,9.006927477033898,774675.1977649999,0.04089157130478949,-2.0
2023-03-26 00:00:00,1741.88,1801.0,1739.31,1773.88,354933.2372,1679788800,1763.9228571428573,1651.906,1522.9398989898991,57.50054308254878,47.979238577878505,40.7180137963068,7.2612247815717055,777036.3945699999,0.0438272331411087,-2.0
2023-03-27 00:00:00,1773.88,1780.48,1686.13,1715.22,570563.5023,1679875200,1761.4142857142856,1654.6004,1528.3152525252524,52.318782050882376,42.80756908548392,41.13592485414223,1.6716442313416877,783667.174525,0.039552473999369786,-2.0
2023-03-28 00:00:00,1715.21,1795.73,1701.13,1772.99,536511.3973,1679961600,1757.3799999999999,1662.7419999999997,1534.428080808081,56.47841605037101,42.87628878135138,41.48399763958406,1.3922911417673163,787487.6561,0.0593046668220083,-2.0
2023-03-29 00:00:00,1773.0,1827.99,1772.48,1793.07,536865.5972,1680048000,1765.7714285714287,1671.7956,1540.2475757575758,57.85468437314971,44.043333685163816,41.995864848700016,2.0474688364638,778406.67914,0.002123771146892217,-2.0
2023-03-30 00:00:00,1793.06,1829.69,1763.0,1793.61,579690.0394,1680134400,1762.8885714285714,1680.9568,1546.1044444444444,57.893246849054584,44.49884369601227,42.49646061816247,2.0023830778497995,759378.058565,0.019768711196015643,-2.0
2023-03-31 00:00:00,1793.6,1847.28,1777.91,1821.52,554525.4762,1680220800,1773.1671428571428,1691.1840000000002,1552.2035353535352,59.93378481054388,46.57505417521247,43.31217932957247,3.262874845639999,718361.35137,0.022935058516970974,-2.0
2023-04-01 00:00:00,1821.52,1842.83,1807.81,1820.79,272904.9674,1680307200,1784.44,1701.5371999999998,1558.2722222222221,59.85208521304405,47.61271134068011,44.172285731794,3.440425608886109,681888.845095,0.05079121411835308,-2.0
2023-04-02 00:00:00,1820.8,1824.81,1771.7,1794.51,322122.9385,1680393600,1787.3871428571426,1712.0223999999998,1564.0712121212123,56.84774810071293,45.78668534393046,44.49516565422129,1.291519689709169,636591.8117549999,-0.003730783964291051,-2.0
2023-04-03 00:00:00,1794.51,1839.99,1762.77,1810.51,628503.6619,1680480000,1801.0,1726.95,1570.05101010101,58.22270473771582,45.1106058838684,44.61825370015071,0.49235218371769207,603850.9330750001,0.043924743272618194,-2.0
2023-04-04 00:00:00,1810.51,1891.91,1802.01,1870.37,622208.6411,1680566400,1814.9114285714288,1744.7072,1576.5384848484848,62.97576232203618,48.841989715627506,45.46300090324607,3.3789888123814364,586804.240965,0.03119434995230974,-2.0
2023-04-05 00:00:00,1870.38,1942.98,1864.58,1908.69,548595.5155,1680652800,1831.4285714285713,1762.1760000000002,1583.5803030303032,65.66852851266802,54.26570081212685,47.223540885022224,7.042159927104628,582834.736145,0.09094806152368884,-2.0
2023-04-06 00:00:00,1908.68,1909.91,1853.7,1872.41,396241.4352,1680739200,1842.685714285714,1773.8592,1590.4718181818182,61.13507242901744,55.002503513804186,48.77933341077862,6.223170103025566,557270.3937799999,0.07493627574804229,-2.0
2023-04-07 00:00:00,1872.41,1882.61,1841.46,1863.72,284256.4873,1680825600,1848.7142857142858,1781.47,1597.171111111111,60.065441425164124,54.25974205769626,49.875415140162154,4.3843269175341035,535902.481595,0.05064604144587004,-2.0
2023-04-08 00:00:00,1863.73,1879.38,1847.0,1848.82,197905.5407,1680912000,1852.7185714285715,1787.4468000000002,1603.7249494949494,58.18564600404953,51.8708578164983,50.274503675429386,1.5963541410689146,518741.16409,0.07789088280220602,-2.0
2023-04-09 00:00:00,1848.82,1873.99,1824.01,1858.92,287131.3079,1680998400,1861.92,1795.8051999999998,1610.419797979798,59.11959023411735,50.213801982893074,50.26236333692213,-0.04856135402905437,498955.323245,0.048466150401299535,-2.0
2023-04-10 00:00:00,1858.91,1918.79,1846.4,1910.2,434739.7984,1681084800,1876.1614285714288,1805.264,1617.5901010101009,63.56877692613589,52.4340140564741,50.69669348083253,1.7373205756415686,483574.88817,0.06532371853859598,-2.0
2023-04-11 00:00:00,1910.21,1937.37,1881.11,1889.86,405203.4892,1681171200,1878.945714285714,1809.2875999999999,1624.4169696969698,60.74479398981668,51.953393726015065,50.948033529869036,1.0053601961460288,459270.68258499994,0.05366272489560164,-2.0
2023-04-12 00:00:00,1889.86,1933.0,1852.65,1917.39,630844.4186,1681257600,1880.1885714285715,1815.6296,1631.5163636363636,63.1320920918464,53.1809032252163,51.394607468938496,1.7862957562778021,454209.8483650001,0.052631867890553075,-2.0
2023-04-13 00:00:00,1917.4,2023.0,1899.55,2012.01,676164.5188,1681344000,1900.1314285714284,1824.8828,1639.1437373737374,69.90614560280778,61.08461120065658,53.332608215282114,7.752002985374467,459779.56721999997,0.1050203483103489,-2.0
2023-04-14 00:00:00,2012.0,2128.76,2009.22,2099.99,896307.3934,1681430400,1933.8842857142856,1839.5711999999999,1647.7169696969695,74.58260223931391,73.59920165206245,57.38592690263818,16.213274749424265,486810.96817500005,0.17023031356749185,-2.0
2023-04-15 00:00:00,2099.99,2111.85,2071.13,2090.6,321823.7851,1681516800,1968.4242857142856,1851.1459999999997,1656.0145454545454,73.27385891877262,81.8162830410322,62.27199813031699,19.544284910715206,485155.4955700001,0.15470226621228278,-2.0
2023-04-16 00:00:00,2090.61,2141.54,2072.72,2118.67,319880.4393,1681603200,2005.5314285714285,1866.5196000000003,1664.6468686868689,74.70291393301251,89.56099030542691,67.72979656533897,21.83119374008794,472621.34241999994,0.13275448173356086,-2.0
2023-04-17 00:00:00,2118.66,2120.51,2056.25,2074.0,426972.7071,1681689600,2028.9314285714283,1876.928,1672.5644444444445,68.43200916107264,91.04472402761189,72.39278205779357,18.651941969818324,467144.40790999995,0.08660914030041544,-2.0
2023-04-18 00:00:00,2073.99,2125.0,2051.0,2103.5,414244.6135,1681776000,2059.4514285714286,1891.0852000000002,1680.4746464646466,70.21048064485873,93.52292310878079,76.61881026799101,16.90411284078978,461013.35872500006,0.12341848206322337,-2.0
2023-04-19 00:00:00,2103.51,2104.6,1923.03,1933.73,775389.0602,1681862400,2061.785714285714,1898.7591999999997,1686.5161616161613,52.040172027080914,80.85583779506692,77.46621577340619,3.3896220216607276,470798.3097650001,0.03756465563496669,-2.0
2023-04-20 00:00:00,1933.74,1982.99,1914.43,1942.98,625336.2495,1681948800,2051.924285714286,1905.5232,1692.1079797979799,52.75756659617711,70.74794089349552,76.12256079742406,-5.374619903928533,474338.84842999995,0.050929782239482524,-2.0
2023-04-21 00:00:00,1942.98,1957.27,1825.0,1848.78,688876.6186,1682035200,2016.0371428571427,1910.8656,1696.4803030303028,45.32245122870486,54.507874194047645,71.79962347674878,-17.291749282701133,495137.43098999996,-0.005454780194951936,-2.0
2023-04-22 00:00:00,1848.77,1887.31,1841.64,1874.16,331007.5879,1682121600,1985.1171428571429,1914.9124,1700.7526262626263,47.4704405250954,43.18761824212652,66.07722242982433,-22.889604187697813,495581.66345999995,-0.01886713433148357,-2.0
2023-04-23 00:00:00,1874.17,1882.01,1836.37,1862.0,344514.3444,1682208000,1948.4500000000003,1917.6696000000002,1703.9051515151516,46.52734009686767,32.856276761366644,59.43303329613279,-26.576756534766147,481382.1975849999,-0.014741832728350168,-2.0
2023-04-24 00:00:00,1862.01,1890.0,1806.0,1841.84,447864.0517,1682294400,1915.2842857142857,1919.5988,1706.8275757575757,44.933493562627014,22.77928526776418,52.10228369045907,-29.322998422694887,472664.96811500005,-0.03940252113550202,-2.0
2023-04-25 00:00:00,1841.84,1877.86,1801.66,1866.1,457870.6047,1682380800,1881.3700000000001,1921.3819999999998,1709.748383838384,47.27419720156226,16.55988412300121,44.9938037769675,-28.433919653966292,468128.722575,-0.0725195202807144,-2.0
2023-04-26 00:00:00,1866.1,1964.72,1785.0,1866.01,897709.7298,1682467200,1871.6957142857143,1923.1908,1712.7831313131312,47.26617034101784,11.491237822996027,38.293290586173214,-26.802052763177187,493202.13730500004,-0.11141957818846748,-2.0
2023-04-27 00:00:00,1866.01,1940.96,1861.19,1908.68,727472.9466,1682553600,1866.7957142857142,1927.7576000000001,1716.7957575757575,51.47313271527056,10.792996558627237,32.79323178066402,-22.000235222036785,515362.96027,-0.08701808093370322,-2.0
2023-04-28 00:00:00,1908.68,1923.88,1873.94,1890.94,387630.7791,1682640000,1872.8185714285717,1930.9748000000002,1720.2285858585858,49.69798794131816,8.707787630035,27.976142950538218,-19.26835532050322,524849.22219,-0.10748724435612911,-2.0
2023-04-29 00:00:00,1890.93,1918.0,1883.05,1907.8,182046.1406,1682726400,1877.6242857142856,1932.4719999999998,1722.7465656565657,51.41297986829226,8.319800148886998,24.044874390207976,-15.725074241320979,519594.963825,-0.08013500482160074,-2.0
2023-04-30 00:00:00,1907.79,1939.0,1866.16,1870.09,355336.4888,1682812800,1878.78,1930.928,1725.2054545454546,47.51125309716755,4.912803687601354,20.218460249686654,-15.3056565620853,515624.798345,-0.1109626812455432,-2.0
2023-05-01 00:00:00,1870.08,1886.49,1806.12,1830.73,445519.1779,1682899200,1877.1928571428573,1929.2607999999998,1727.258888888889,43.77692422177155,-0.9523109608430786,15.984306007580708,-16.936616968423785,517640.58278,-0.05326493357397366,-2.0
2023-05-02 00:00:00,1830.73,1881.87,1822.94,1870.08,373753.2027,1682985600,1877.7614285714285,1929.5151999999998,1729.721414141414,48.16350411812591,-2.3976023696147877,12.30792433214161,-14.705526701756398,504786.021985,-0.03751968625513391,-2.0
2023-05-03 00:00:00,1870.09,1916.52,1842.64,1905.12,465185.2501,1683072000,1883.3485714285714,1931.7672,1733.2481818181816,51.771911298583305,-0.707416409311918,9.704856183850906,-10.412272593162823,494237.05855,0.03047415052088409,-2.0
2023-05-04 00:00:00,1905.12,1918.26,1866.71,1877.07,354528.6144,1683158400,1878.8328571428572,1932.4932000000001,1735.9262626262625,48.840903058430236,-1.6127417519887786,7.441336596682969,-9.054078348671748,467148.1196,0.0015526956076321596,-2.0
2023-05-05 00:00:00,1877.07,1998.36,1875.65,1993.3,546608.875,1683244800,1893.455714285714,1935.8172,1739.8879797979798,59.15880388737163,6.968245421150414,7.346718361576459,-0.37847294042604496,478387.374095,0.07051557465091296,-2.0
2023-05-06 00:00:00,1993.3,2019.0,1860.0,1896.33,608106.9915,1683331200,1891.8171428571427,1936.076,1742.9052525252525,50.08339711550777,5.876332289893298,7.052641147239827,-1.1763088573465286,492798.701705,0.0295845458888937,-2.0
2023-05-07 00:00:00,1896.33,1933.33,1867.59,1870.4,413268.8357,1683417600,1891.8614285714284,1934.1964,1745.9183838383838,47.96446929380973,2.8853880156618743,6.219190520924237,-3.333802505262363,492113.50813500007,0.002304270939392339,-2.0
2023-05-08 00:00:00,1870.41,1883.97,1810.73,1847.56,625316.6168,1683504000,1894.2657142857145,1927.6184,1747.9672727272725,46.11378876260669,-1.3128206096268968,4.712788294814011,-6.025608904440908,502667.10829999996,-0.009887406819899192,-2.0
2023-05-09 00:00:00,1847.55,1861.88,1830.99,1846.52,304396.186,1683590400,1890.8999999999999,1917.4796,1750.798787878788,46.026703711902336,-4.670017445854683,2.8362271466802724,-7.506244592534955,479117.46459,-0.03256700966112713,-2.0
2023-05-10 00:00:00,1846.53,1887.47,1790.51,1840.84,639933.3855,1683676800,1881.7171428571426,1907.4892000000002,1753.3796969696969,45.52108275462618,-7.700185708473327,0.7289445756495523,-8.42913028412288,479847.32139,-0.026494759220281994,-2.0
2023-05-11 00:00:00,1840.83,1842.02,1772.68,1794.3,522096.0725,1683763200,1869.892857142857,1894.5144,1754.9213131313131,41.49845498054493,-13.699090350599363,-2.156662409600231,-11.542427940999133,471508.294085,-0.05949260928818534,-2.0
2023-05-12 00:00:00,1794.31,1818.63,1740.0,1807.45,565539.8309,1683849600,1843.3428571428572,1883.8524,1756.5812121212123,43.0303358092242,-17.193969026332297,-5.164123732946645,-12.029845293385652,483234.906235,-0.03349571411001606,-2.0
2023-05-13 00:00:00,1807.45,1817.03,1785.23,1795.11,212895.4373,1683936000,1828.8828571428571,1871.5167999999999,1757.910404040404,41.92099916104263,-20.72056663237572,-8.275412312832461,-12.44515431954326,476653.96087999997,-0.019456719450711035,-2.0
2023-05-14 00:00:00,1795.12,1824.0,1789.82,1799.21,218101.0977,1684022400,1818.712857142857,1866.136,1759.2521212121212,42.45185104712602,-22.920373114234508,-11.20440447311287,-11.715968641121638,465165.81317999994,-0.03789677446954132,-2.0
2023-05-15 00:00:00,1799.2,1846.7,1785.05,1816.2,388171.9261,1684108800,1814.232857142857,1861.0647999999999,1761.142828282828,44.70721631777538,-23.027339752565695,-13.568991529003435,-9.45834822356226,461680.87925000006,-0.04667422524565379,-2.0
2023-05-16 00:00:00,1816.21,1832.64,1796.2,1824.21,311238.6786,1684195200,1811.0457142857142,1860.082,1763.2632323232324,45.78596695766783,-22.209751338123624,-15.297143490827473,-6.912607847296151,432357.32669,-0.02816091035496804,-2.0
2023-05-17 00:00:00,1824.21,1837.5,1783.68,1822.12,352097.9913,1684281600,1808.3714285714286,1858.0004,1764.7893939393941,45.536329880234895,-21.48281168192989,-16.534277129047958,-4.948534552881931,413588.578925,-0.08587769026237901,-2.0
2023-05-18 00:00:00,1822.12,1831.92,1771.12,1800.56,293755.311,1684368000,1809.265714285714,1855.5427999999997,1766.3058585858587,42.93567824819586,-22.388339738394052,-17.705089650917177,-4.683250087476875,408894.80552000005,-0.05050281332890372,-2.0
2023-05-19 00:00:00,1800.56,1829.54,1796.81,1812.32,243116.4676,1684454400,1809.9614285714285,1854.3619999999999,1769.0025252525252,44.787935860931206,-21.90454160897525,-18.544980042528792,-3.359561566446459,411948.32187,-0.03105218135158261,-2.0
2023-05-20 00:00:00,1812.31,1828.87,1807.06,1819.42,127754.4349,1684540800,1813.4342857142856,1852.4948000000002,1772.0970707070708,45.92906891945373,-20.709491318302753,-18.977882297683585,-1.7316090206191674,400569.21917500003,-0.015230899131827846,-2.0
2023-05-21 00:00:00,1819.42,1828.98,1797.21,1804.91,161517.8053,1684627200,1814.2485714285717,1850.0508,1774.78797979798,43.930750581504896,-20.69468563394912,-19.321242964936694,-1.3734426690124266,386369.150545,-0.02253428070099428,-2.0
2023-05-22 00:00:00,1804.91,1828.27,1792.01,1817.35,237498.9423,1684713600,1814.412857142857,1846.3975999999998,1777.8437373737374,46.09613299737966,-19.45488419311414,-19.347971210572183,-0.10691298254195658,379556.43752499996,-0.012760478911801099,-2.0
2023-05-23 00:00:00,1817.36,1872.5,1815.24,1854.05,396869.6097,1684800000,1818.6757142857145,1844.9219999999998,1781.3670707070708,51.98723989780382,-15.33418637829368,-18.545214244116483,3.2110278658228033,376140.655505,0.033299894109123374,-2.0
2023-05-24 00:00:00,1854.06,1854.09,1777.6,1799.89,420846.1445,1684886400,1815.5,1840.6055999999999,1783.8335353535356,44.29385084563286,-16.251426707100336,-18.086456736713252,1.8350300296129163,379456.53201,-0.00418268831779578,-2.0
2023-05-25 00:00:00,1799.89,1818.81,1761.41,1805.6,350633.0089,1684972800,1816.22,1838.0259999999998,1785.1535353535353,45.21436353966972,-16.32936227289383,-17.735037843949367,1.4056755710555358,369657.738705,0.005843653035189966,-2.0
2023-05-26 00:00:00,1805.61,1838.2,1796.99,1827.79,275690.6854,1685059200,1818.43,1837.9084,1787.072222222222,48.75807198513589,-14.434190852670554,-17.074868445693607,2.640677593023053,353036.92339999997,0.015884749417800048,-2.0
2023-05-27 00:00:00,1827.8,1836.12,1812.18,1829.89,138824.9406,1685145600,1819.9257142857145,1836.3008,1788.4461616161618,49.0936625945703,-12.61735636841945,-16.183366030238776,3.5660096618193258,339314.728645,0.007537716110560533,-2.0
2023-05-28 00:00:00,1829.89,1918.65,1823.6,1908.64,378392.4371,1685232000,1834.7442857142855,1836.4415999999997,1790.6382828282829,59.74143150755052,-4.768071728411769,-13.900307169873376,9.132235441461606,326968.51966,0.046283048552524075,-2.0
2023-05-29 00:00:00,1908.64,1927.62,1873.65,1892.6,313593.4942,1685318400,1845.4942857142858,1837.0628,1792.788282828283,57.12072168664619,0.1564455448526587,-11.08895662692817,11.245402171780828,327428.38507,0.03868021864641191,-2.0
2023-05-30 00:00:00,1892.6,1917.0,1881.19,1900.59,272665.8402,1685404800,1852.142857142857,1833.3544,1794.781414141414,58.10658382093028,4.650281635930469,-7.9411089743564425,12.591390610286911,309065.00780499994,0.055554938463589165,-2.0
2023-05-31 00:00:00,1900.58,1907.13,1846.95,1873.63,319255.5681,1685491200,1862.6771428571428,1832.4463999999998,1796.9417171717173,53.62631125974705,5.967443455026341,-5.159398488479886,11.126841943506228,298922.982585,0.0338295665224686,-2.0
2023-06-01 00:00:00,1873.63,1889.2,1840.0,1861.78,270496.6097,1685577600,1870.702857142857,1832.1016,1799.150202020202,51.73800716609239,5.986103644289187,-2.930298061926071,8.916401706215257,284170.821525,0.023282144859350762,-2.0
2023-06-02 00:00:00,1861.78,1910.0,1847.51,1906.68,313004.0658,1685664000,1881.9728571428573,1834.4664000000002,1801.7375757575755,57.80126597330618,9.514272127109962,-0.44138402411886446,9.955656151228826,289176.25295,0.056385082912721485,-2.0
2023-06-03 00:00:00,1906.69,1907.92,1881.6,1892.06,148818.2427,1685750400,1890.8542857142857,1836.2880000000002,1804.608888888889,55.36232714518137,11.003814133569449,1.8476556074187984,9.156158526150652,285712.1102,0.04110930750818498,-2.0
2023-06-04 00:00:00,1892.05,1914.63,1884.22,1890.01,172683.0119,1685836800,1888.1928571428573,1838.2548000000002,1807.5930303030302,55.0118088792112,11.881901869302055,3.8545048597954503,8.027397009506604,274937.66449,0.019395377686685977,-2.0
2023-06-05 00:00:00,1890.0,1890.63,1778.0,1810.5,555361.2683,1685923200,1876.4642857142858,1838.9028,1809.301515151515,43.506400330548686,6.091777994228551,4.301959486682071,1.7898185075464799,287143.793975,0.005894804682508248,-2.0
2023-06-06 00:00:00,1810.49,1898.29,1797.18,1884.64,491407.2174,1686009600,1874.185714285714,1841.9904000000001,1811.8387878787876,53.31186458303292,7.400236177641318,4.92161482487392,2.478621352767398,294109.25528000004,0.04377492246344716,-2.0
2023-06-07 00:00:00,1884.65,1897.8,1821.18,1832.13,429196.7064,1686096000,1868.257142857143,1843.4712,1814.130707070707,47.07922089204429,4.15221639339029,4.767735138577194,-0.615518745186904,300881.32505,0.0023744522073105845,-2.0
2023-06-08 00:00:00,1832.12,1861.28,1828.31,1845.64,189270.4853,1686182400,1865.9514285714286,1845.3283999999999,1815.9531313131315,48.73967840723345,2.6378736405627023,4.3417628389742955,-1.7038891984115931,298189.025935,0.008607074742197574,-2.0
2023-06-09 00:00:00,1845.65,1855.0,1827.0,1840.37,198324.3252,1686268800,1856.4785714285713,1846.2952000000002,1817.8976767676768,48.10560841540612,1.0009626673725052,3.6736028046539375,-2.6726401372814323,301717.52045,-0.03576892446977964,-2.0
2023-06-10 00:00:00,1840.37,1844.99,1715.03,1751.53,652324.6695,1686355200,1836.402857142857,1843.388,1819.7368686868688,38.91482998637215,-7.379875988744061,1.4629070459743378,-8.8427830347184,326257.86366,-0.07453767304237557,-2.0
2023-06-11 00:00:00,1751.52,1778.25,1738.72,1752.76,219956.2434,1686441600,1816.7957142857142,1840.6136000000001,1821.6159595959598,39.08834546629567,-13.763839312040545,-1.582442225628639,-12.181397086411906,325380.72871500003,-0.0777811100763447,-2.0
2023-06-12 00:00:00,1752.77,1759.33,1720.0,1742.57,302132.4819,1686528000,1807.0914285714284,1838.2940000000003,1823.4138383838383,38.122218159835064,-19.421544601665573,-5.150262700836026,-14.271281900829546,320643.872325,-0.06994977663679602,-2.0
2023-06-13 00:00:00,1742.57,1770.13,1724.22,1740.12,284268.0018,1686614400,1786.4457142857143,1835.406,1825.1742424242425,37.87979657233521,-23.828333137962545,-8.885876788261331,-14.942456349701214,313814.96519,-0.06534606666738285,-2.0
2023-06-14 00:00:00,1740.12,1750.03,1630.43,1650.95,415847.327,1686700800,1760.562857142857,1828.6672,1826.0731313131312,30.322095569176554,-34.12267363633805,-13.933236157876676,-20.18943747846137,317075.681095,-0.13412318794973466,-2.0
2023-06-15 00:00:00,1650.95,1680.91,1626.01,1666.96,370774.7696,1686787200,1735.037142857143,1823.1492,1827.432525252525,32.91028043608098,-40.522026748896224,-19.250994276080586,-21.271032472815637,321829.885305,-0.11897085716097788,-2.0
2023-06-16 00:00:00,1666.96,1729.5,1649.86,1717.92,311734.5904,1686873600,1717.5442857142857,1819.172,1830.2668686868687,40.487829754810555,-41.00879027869087,-23.602553476602644,-17.406236802088223,330475.36779499997,-0.09105242829403015,-2.0
2023-06-17 00:00:00,1717.91,1770.0,1714.26,1727.76,210914.9216,1686960000,1714.1485714285716,1814.1204,1833.3105050505053,41.85350273089233,-40.1378638102542,-26.909615543332958,-13.228248266921245,322101.49202,-0.04570008285004146,-2.0
2023-06-18 00:00:00,1727.75,1747.84,1712.0,1720.95,156535.0128,1687046400,1709.6042857142857,1810.9628,1835.8254545454545,41.14971059520764,-39.541350322900826,-29.435962499246532,-10.105387823654294,314248.56794999994,-0.08685478393751589,-2.0
2023-06-19 00:00:00,1720.95,1752.19,1698.0,1737.11,245162.7589,1687132800,1708.8242857142857,1808.2232000000001,1837.409090909091,43.5744620881971,-37.33426596303252,-31.01562319200373,-6.318642771028792,312873.41388500005,-0.05186313198299264,-2.0
2023-06-20 00:00:00,1737.1,1796.99,1714.72,1791.99,328855.6846,1687219200,1716.2342857142855,1806.7912,1838.6064646464647,50.96361284623134,-30.801715356719342,-30.972841624946852,0.17112626822751054,313353.41971,-0.029068507401226684,-2.0
2023-06-21 00:00:00,1791.99,1901.0,1787.38,1889.11,613755.8869,1687305600,1750.257142857143,1809.16,1840.5227272727273,60.75749359445786,-17.585139065656676,-28.29530111308882,10.710162047432142,330516.38357,0.026483804887060813,-2.0
2023-06-22 00:00:00,1889.1,1933.17,1865.98,1872.01,416714.5719,1687392000,1779.5499999999997,1807.6948000000002,1842.7656565656564,58.54049775900792,-8.393973720058739,-24.315035634482804,15.921061914424065,335701.908875,0.06878557603923419,-2.0
2023-06-23 00:00:00,1872.0,1936.42,1861.01,1892.63,401147.9324,1687478400,1804.5085714285713,1807.6959999999997,1844.9767676767674,60.416182878297725,0.5476398552109458,-19.342500536544055,19.890140391755,348318.39336,0.07979985850886617,-2.0
2023-06-24 00:00:00,1892.63,1906.0,1864.77,1874.96,226910.2941,1687564800,1825.5371428571427,1806.6708,1845.842323232323,57.9948320630073,6.137363997029752,-14.246527629829295,20.383891626859047,351029.75746999995,0.07597399243645886,-2.0
2023-06-25 00:00:00,1874.95,1930.0,1868.83,1898.8,338757.6158,1687651200,1850.9442857142858,1807.6776,1847.2560606060606,60.306262419338964,12.348602410169178,-8.9275016218296,21.276104031998777,340199.57484500005,0.09118911339447866,-2.0
2023-06-26 00:00:00,1898.8,1909.1,1837.18,1858.97,458743.861,1687737600,1868.3528571428571,1807.5652,1848.0468686868687,54.873400124605666,13.896910541145644,-4.362619189234552,18.259529730380194,338566.40702499996,0.12600018171355876,-2.0
2023-06-27 00:00:00,1858.97,1912.53,1855.19,1889.58,366634.5707,1687824000,1882.2942857142857,1806.8812,1849.630707070707,58.00456592743766,17.393426478051424,-0.011410055777356654,17.40483653382878,335438.30024,0.13354849546479808,-2.0
2023-06-28 00:00:00,1889.58,1890.19,1816.56,1828.02,337836.5792,1687910400,1873.5671428571427,1804.3195999999998,1849.9013131313131,50.42659307405496,15.023877124025375,2.9956473801831898,12.028229743842186,342866.604935,0.0640891310421905,-2.0
2023-06-29 00:00:00,1828.03,1880.0,1827.84,1851.99,241844.8281,1687996800,1870.7071428571428,1802.7987999999998,1851.089797979798,53.00131694261102,14.908317064614721,5.3781813170694965,9.530135747545224,345042.63008,0.07190234754827052,-2.0
2023-06-30 00:00:00,1851.99,1948.6,1825.01,1933.79,716538.1035,1688083200,1876.587142857143,1807.7303999999997,1852.3019191919193,60.534367946088416,21.1732393307218,8.537192919799956,12.636046410921843,348253.30178,0.12367587669601088,-2.0
2023-07-01 00:00:00,1933.8,1944.56,1909.44,1924.5,178373.3688,1688169600,1883.6642857142858,1809.3247999999999,1854.068888888889,59.37050180912989,25.099281113788948,11.849610558597755,13.249670555191193,346174.15804999997,0.10787457328551442,-2.0
2023-07-02 00:00:00,1924.5,1959.2,1885.75,1937.48,255852.7832,1688256000,1889.19,1813.5388,1856.0446464646463,60.512855044663844,28.924649677573143,15.264618382392834,13.660031295180309,343860.173115,0.08118906913543045,-2.0
2023-07-03 00:00:00,1937.49,1976.16,1933.55,1955.54,322102.4295,1688342400,1902.9857142857143,1817.9348,1857.879595959596,62.109177867929766,33.03279143350005,18.81825299261428,14.214538440885772,345751.8945,0.035164707190158406,-2.0
2023-07-04 00:00:00,1955.55,1967.08,1931.58,1936.2,205525.0984,1688428800,1909.6457142857143,1821.7679999999998,1860.1117171717174,59.342526546554474,34.33218692394439,21.921039778880303,12.411147145064088,335235.78307,0.03428934674494255,-2.0
2023-07-05 00:00:00,1936.19,1942.5,1894.51,1910.36,267633.4783,1688515200,1921.4085714285716,1828.1212,1861.4992929292928,55.76810895037188,32.89767128911922,24.11636608092809,8.781305208191128,330078.718505,0.009367916602822435,-2.0
2023-07-06 00:00:00,1910.35,1958.0,1846.0,1846.17,456362.741,1688601600,1920.577142857143,1831.8575999999998,1862.0356565656566,48.028825193879676,26.278290990733467,24.548751062889167,1.7295399278443,337310.126035,-0.015354994239877073,-2.0
2023-07-07 00:00:00,1846.17,1878.0,1826.0,1870.91,232944.3466,1688688000,1911.5942857142857,1836.9912,1862.8164646464645,50.859385658953606,22.766260375294678,24.19225292537027,-1.4259925500755912,338411.597285,-0.014688224141563011,-2.0
2023-07-08 00:00:00,1870.92,1876.0,1842.8,1865.24,125819.8273,1688774400,1903.1285714285714,1841.996,1863.2580808080809,50.18478000918619,19.302917182283636,23.214385776752945,-3.9114685944693086,336875.83801,0.0033728354949245087,-2.0
2023-07-09 00:00:00,1865.24,1879.36,1856.15,1862.8,135046.3743,1688860800,1892.4599999999998,1850.47,1863.6824242424243,49.878173860723486,16.17485152186441,21.806478925775238,-5.6316274039108265,331370.01878,-0.014172461605224451,-2.0
2023-07-10 00:00:00,1862.81,1905.5,1846.63,1880.4,247868.1494,1688947200,1881.7257142857145,1859.0076000000001,1864.5499999999997,52.1491172782664,14.943747639520552,20.433932668524303,-5.490185029003751,327320.64202,0.02865395345783961,-2.0
2023-07-11 00:00:00,1880.41,1891.99,1862.38,1878.3,177771.6117,1689033600,1873.4542857142858,1865.4228,1865.2347474747476,51.847263526842625,13.641387074840623,19.07542354978757,-5.4340364749469465,305521.42826,0.014206340207020496,-2.0
2023-07-12 00:00:00,1878.31,1902.0,1864.37,1871.82,264406.8673,1689120000,1867.9485714285713,1871.1852,1865.249393939394,50.8688069371313,11.94863863157434,17.650066566144922,-5.701427934570582,297906.04303,-0.03204587881827914,-2.0
2023-07-13 00:00:00,1871.82,2012.63,1862.59,2004.49,548861.4207,1689206400,1890.5657142857142,1882.5267999999999,1866.2170707070707,65.30528966438337,21.069606220108653,18.333974496937667,2.735631723170986,305291.71744499996,0.0415640426084698,-2.0
2023-07-14 00:00:00,2004.49,2029.11,1898.39,1937.83,498724.0359,1689292800,1900.1257142857141,1890.5556,1866.877878787879,56.3465186305961,22.657947137392057,19.198769025028547,3.45917811236351,318882.40453500004,0.00018064702603370897,-2.0
2023-07-15 00:00:00,1937.82,1946.37,1926.23,1931.41,135181.7663,1689379200,1909.5785714285714,1896.1324000000002,1867.5616161616163,55.55604784756741,23.13202680606264,19.985420581235367,3.1466062248272735,308703.61205999996,-0.012339302698998633,-2.0
2023-07-16 00:00:00,1931.41,1943.55,1914.0,1922.11,148667.1051,1689465600,1918.0514285714287,1897.4524000000001,1868.3019191919193,54.3662297939249,22.4979635629295,20.487929177574195,2.010034385355304,293199.774265,-0.007277140791240644,-2.0
2023-07-17 00:00:00,1922.12,1936.18,1873.26,1911.2,277159.0349,1689552000,1922.4514285714286,1899.02,1868.83,52.93400736696189,20.874489927278546,20.565241327515068,0.3092485997634782,288725.997475,0.0004397076990725335,-2.0
2023-07-18 00:00:00,1911.21,1917.19,1875.73,1897.21,215780.5006,1689638400,1925.152857142857,1899.2032000000002,1868.6987878787882,51.07588297656228,18.248640327526118,20.10192112751728,-1.8532807999911611,282623.19354500005,0.027646424760449984,-2.0
2023-07-19 00:00:00,1897.21,1922.04,1882.17,1888.63,218045.0005,1689724800,1927.554285714286,1899.75,1868.6863636363635,49.91855546631782,15.298944597491982,19.14132582151222,-3.8423812240202366,281433.202165,0.009471326787499068,-2.0
2023-07-20 00:00:00,1888.64,1929.05,1878.0,1891.59,292907.5164,1689811200,1911.4257142857143,1899.4616,1868.4257575757574,50.336641428832785,13.049707833533603,17.923002223916495,-4.873294390382892,260251.67281,0.014126868392271286,-2.0
2023-07-21 00:00:00,1891.59,1905.74,1884.64,1891.73,165554.0428,1689897600,1904.8400000000001,1900.7720000000002,1867.210808080808,50.357750115015996,11.149938769651499,16.568389533063495,-5.418450763411997,259610.70651000002,0.015530384367618666,-2.0
2023-07-22 00:00:00,1891.73,1897.35,1851.18,1866.52,131901.6487,1689984000,1895.57,1899.8496,1864.852525252525,46.52312029114597,7.523396753565521,14.759390977163902,-7.2359942235983805,253413.149785,-0.007381408211018958,-2.0
2023-07-23 00:00:00,1866.52,1905.25,1857.82,1888.73,153501.0178,1690070400,1890.8014285714287,1902.2780000000002,1862.8134343434344,50.126324674783696,6.368090082802382,13.081130798291598,-6.713040715489216,244983.07920000004,0.005552893573976592,-2.0
2023-07-24 00:00:00,1888.74,1890.86,1833.19,1850.0,276504.5547,1690156800,1882.0585714285714,1902.1984000000002,1860.0995959595957,44.49606913737056,2.300791807044334,10.925063000042146,-8.624271192997812,248532.05201499996,-0.011657103781346434,-2.0
2023-07-25 00:00:00,1850.0,1868.71,1845.45,1857.66,152251.21,1690243200,1876.4085714285716,1899.1532,1857.9143434343434,45.7929030210319,-0.3010036147838946,8.679849677076938,-8.980853291860832,242762.9386,-0.07325055250961587,-2.0
2023-07-26 00:00:00,1857.66,1888.0,1848.35,1872.0,272090.5333,1690329600,1874.032857142857,1897.0532,1855.5759595959596,48.23145293263803,-1.192085456788618,6.7054626503038275,-7.897548107092446,233549.328215,-0.0339709881671767,-2.0
2023-07-27 00:00:00,1871.99,1886.11,1854.84,1861.28,163766.4259,1690416000,1869.702857142857,1894.0051999999998,1854.8441414141414,46.54573199355857,-2.731798176800339,4.818010484882995,-7.549808661683334,230090.43218,-0.036310260379722625,-2.0
2023-07-28 00:00:00,1861.29,1883.39,1856.52,1874.19,138695.7147,1690502400,1867.1971428571428,1890.7512,1854.1492929292929,48.863665998307354,-2.8771366534272147,3.2789810572209532,-6.156117710648168,230734.22655000002,-0.024930935274255828,-2.0
2023-07-29 00:00:00,1874.2,1886.58,1869.54,1880.46,72867.0269,1690588800,1869.1885714285715,1888.5216,1854.4692929292928,49.99772187474226,-2.4580470080104533,2.131575444174672,-4.589622452185125,227625.25918,-0.01608413562159905,-2.0
2023-07-30 00:00:00,1880.45,1885.3,1848.17,1861.79,158657.5902,1690675200,1865.34,1886.5788,1854.3443434343435,46.6781651083459,-3.591033217350514,0.9870537118696348,-4.578086929220149,223164.73122000002,-0.01866951997933808,-2.0
2023-07-31 00:00:00,1861.79,1877.4,1851.02,1856.14,168204.4534,1690761600,1866.217142857143,1886.9776000000002,1854.2851515151513,45.68953143011544,-4.888489270624177,-0.18805488462912756,-4.70043438599505,222686.373305,-0.01720294605084105,-2.0
2023-08-01 00:00:00,1856.13,1875.62,1813.8,1873.47,358476.0966,1690848000,1868.4757142857143,1887.08,1854.6046464646463,49.240705802499015,-4.466855246600517,-1.0438149570234054,-3.423040289577111,227389.83477,-0.00957924285918188,-2.0
2023-08-02 00:00:00,1873.48,1879.74,1821.21,1839.9,254213.0553,1690934400,1863.8899999999999,1886.0664000000002,1854.3400000000001,43.33029633750796,-6.763559583943106,-2.1877638824073458,-4.57579570153576,212657.4165,-0.027398201646112286,-2.0
2023-08-03 00:00:00,1839.9,1859.12,1826.0,1835.81,171148.052,1691020800,1860.2514285714285,1884.9868,1854.0349494949496,42.6584727421221,-8.812162018226218,-3.51264350957112,-5.2995185086550975,196278.617305,-0.016453078456164394,-2.0
2023-08-04 00:00:00,1835.81,1851.31,1815.74,1830.23,187699.4552,1691107200,1853.9714285714288,1882.9800000000002,1853.242525252525,41.70834473002712,-10.761897121801667,-4.96249423201723,-5.799402889784437,198904.50175,-0.03097319362746398,-2.0
2023-08-05 00:00:00,1830.24,1839.0,1827.5,1836.48,93657.3255,1691193600,1847.6885714285713,1881.3072,1852.692424242424,43.23345000081597,-11.66824915882762,-6.303645217379309,-5.364603941448312,196154.01277,-0.007308108108108113,-2.0
2023-08-06 00:00:00,1836.48,1838.58,1825.86,1830.28,90403.9915,1691280000,1843.187142857143,1879.6456,1851.909393939394,42.05790982813333,-12.739969425342679,-7.590910058971983,-5.149059366370696,186816.26059999998,-0.014738972686067497,-2.0
2023-08-07 00:00:00,1830.28,1847.0,1802.0,1829.1,224092.9059,1691366400,1839.3242857142857,1872.63,1851.4953535353536,41.824818216255075,-13.528582518192252,-8.778444550816037,-4.750137967376215,187231.880865,-0.022916666666666696,-2.0
2023-08-08 00:00:00,1829.1,1876.51,1826.33,1856.3,236336.03,1691452800,1836.8714285714286,1869.3688,1851.7536363636361,48.86051180074735,-11.822469328621992,-9.387249506377227,-2.4352198222447647,188146.43234,-0.0026755780967936404,-2.0
2023-08-09 00:00:00,1856.3,1871.99,1846.28,1855.35,191926.8343,1691539200,1839.0785714285714,1866.3264,1851.6048484848486,48.639255589089956,-10.426825441310712,-9.595164693363925,-0.8316607479467866,183097.398235,-0.010052342612008491,-2.0
2023-08-10 00:00:00,1855.36,1865.95,1845.38,1852.47,127321.4553,1691625600,1841.4585714285715,1863.5407999999998,1851.0730303030305,47.93065036766843,-9.444291621436605,-9.564990078978461,0.12069845754185593,181185.76886,-0.01488465588207144,-2.0
2023-08-11 00:00:00,1852.47,1857.26,1838.05,1848.84,113209.3103,1691712000,1844.1171428571429,1861.0464000000002,1850.7878787878788,47.001202115728475,-8.856445561746796,-9.423281175532129,0.566835613785333,180251.15194,-0.0069556716922961614,-2.0
2023-08-12 00:00:00,1848.84,1854.01,1846.08,1849.93,63292.6476,1691798400,1846.0385714285715,1859.1552000000001,1849.3396969696967,47.33147098408454,-8.208002688066472,-9.180225478038997,0.9722227899725251,175740.73343,-0.0033456528063615654,-2.0
2023-08-13 00:00:00,1849.94,1862.0,1834.51,1840.73,120674.1364,1691884800,1847.5314285714287,1857.2391999999998,1848.7780808080809,44.794185824190464,-8.3403280413022,-9.012245990691637,0.6719179493894369,167949.212515,-0.017475593417562107,-2.0
2023-08-14 00:00:00,1840.73,1856.5,1835.0,1845.5,150196.1203,1691971200,1849.8742857142859,1855.3956,1848.5265656565657,46.39857903491773,-7.96844245718421,-8.803485283990153,0.8350428268059424,167846.45803,0.0030436436762866226,2.0
2023-08-15 00:00:00,1845.5,1847.36,1814.0,1828.98,186081.6989,1692057600,1845.9714285714285,1852.8856,1848.338888888889,41.861115567865774,-8.904105404588336,-8.82360930810979,-0.08049609647854616,163546.01631,-0.003720428584657376,2.0
2023-08-16 00:00:00,1828.98,1831.52,1798.17,1807.81,205430.7368,1692144000,1839.18,1850.5372,1847.9478787878788,36.88335121304538,-11.224478307488198,-9.303783107985472,-1.9206951995027257,165629.231855,-0.012249826524535212,2.0
2023-08-17 00:00:00,1807.81,1809.99,1550.0,1681.49,812138.2159,1692230400,1814.7542857142855,1842.2475999999997,1846.3382828282827,20.90755053979676,-22.991329119646025,-12.041292310317584,-10.950036809328441,199301.35691499998,-0.08439514723819486,-2.0
2023-08-18 00:00:00,1681.49,1699.4,1641.02,1661.59,538083.1018,1692316800,1788.0042857142855,1834.7112,1844.9977777777779,19.476334708633416,-33.53582671755157,-16.340199191764384,-17.195627525787188,222562.16066,-0.09216622593264423,-2.0
2023-08-19 00:00:00,1661.6,1696.72,1654.31,1669.67,231919.0485,1692403200,1762.252857142857,1827.1916,1843.6060606060605,21.816570727857595,-40.770452166422956,-21.2262497866961,-19.544202379726855,226225.23357499996,-0.08716308567054831,-2.0
2023-08-20 00:00:00,1669.68,1694.75,1662.03,1685.24,195623.5263,1692489600,1740.0399999999997,1819.7212,1842.4962626262627,26.263696591392943,-44.731934188570904,-25.92738666707106,-18.804547521499842,227596.18721999996,-0.09215105317028494,-2.0
2023-08-21 00:00:00,1685.23,1688.59,1649.4,1667.55,250835.1518,1692576000,1714.6185714285714,1811.9720000000002,1841.1663636363637,24.554766055103116,-48.737061878988015,-30.48932170945445,-18.247740169533564,222214.13997999998,-0.1012207939202846,-2.0
2023-08-22 00:00:00,1667.56,1669.38,1580.0,1634.99,402012.045,1692662400,1686.9057142857143,1802.404,1839.3359595959596,21.749585677187426,-53.91695323895601,-35.17484801535476,-18.74210522360125,229604.08946499997,-0.11740001187603577,-2.0
2023-08-23 00:00:00,1635.0,1702.11,1629.05,1679.61,374761.1088,1692748800,1668.5914285714284,1794.37,1837.8753535353535,33.039119309752394,-53.801404267546786,-38.900159265793164,-14.901245001753622,239784.742305,-0.09153306938404626,-2.0
2023-08-24 00:00:00,1679.61,1683.37,1635.28,1661.16,231539.7805,1692835200,1665.687142857143,1786.3448,1836.2494949494949,31.04464890430998,-54.56954790228224,-42.03403699309098,-12.53551090919126,241976.75856999998,-0.10204169887509251,-2.0
2023-08-25 00:00:00,1661.16,1677.22,1635.51,1653.8,236261.6898,1692921600,1664.5742857142857,1778.2512,1834.7670707070708,30.259896421194398,-55.13661715568173,-44.65455302560913,-10.482064130072601,249106.97678499995,-0.10155210161186057,-2.0
2023-08-26 00:00:00,1653.79,1655.59,1644.0,1647.04,79175.425,1693008000,1661.3414285714284,1769.194,1833.097575757576,29.52175150790822,-55.49182392508965,-46.82200720550524,-8.66981671958441,248545.54846000002,-0.1075372527770252,-2.0
2023-08-27 00:00:00,1647.03,1660.24,1646.32,1658.33,87789.9196,1693094400,1657.4971428571428,1761.9312,1831.4704040404042,32.48394342110943,-54.23710758858488,-48.305027282121166,-5.93208030646371,241730.399145,-0.09330337127798016,-2.0
2023-08-28 00:00:00,1658.33,1664.34,1621.75,1653.08,214351.0143,1693180800,1655.4299999999998,1754.622,1829.9367676767677,31.814319782617474,-53.054784446439044,-49.254978714984745,-3.799805731454299,240631.14836,-0.08558974671010777,-2.0
2023-08-29 00:00:00,1653.08,1745.84,1640.0,1729.42,494371.0823,1693267200,1668.9199999999998,1750.5896,1829.0485858585857,48.453697621786816,-45.43404939836,-48.490792851659805,3.056743453299802,255753.36075999998,0.028504481144699056,-2.0
2023-08-30 00:00:00,1729.41,1730.93,1694.34,1705.23,202841.4402,1693353600,1672.58,1745.3396,1827.5453535353533,44.72891711016883,-40.875307700880285,-46.96769582150391,6.092388120623625,259529.360005,0.02626400014444008,-2.0
2023-08-31 00:00:00,1705.23,1729.0,1630.0,1645.76,330518.2668,1693440000,1670.3799999999999,1737.9588,1825.9884848484846,37.164885801274785,-41.581874089454914,-45.89053147509411,4.308657385639194,270394.80783,-0.014320195008594605,-2.0
2023-09-01 00:00:00,1645.77,1654.53,1602.33,1629.12,302406.1686,1693526400,1666.8542857142857,1729.9596000000001,1824.2058585858586,35.362894042752956,-42.98899164073737,-45.31022350822276,2.3212318674853947,282350.48387999996,-0.03330089482803644,-2.0
2023-09-02 00:00:00,1629.13,1645.0,1628.03,1637.03,102145.9476,1693612800,1665.4242857142856,1721.1888000000001,1822.27898989899,36.92842450372827,-42.97053397703303,-44.84228560198481,1.8717516249517843,281424.07444,-0.01830229978111597,-2.0
2023-09-03 00:00:00,1637.02,1647.5,1625.14,1635.84,116767.2862,1693699200,1662.2114285714285,1712.4084,1820.3188888888888,36.78408184501559,-42.56130892453507,-44.38609026649486,1.8247813419597918,279752.632735,0.0005198808555404444,-2.0
2023-09-04 00:00:00,1635.84,1644.82,1616.32,1630.51,168010.9056,1693785600,1658.9871428571428,1703.53,1817.5094949494949,36.103395711614304,-42.18084702956321,-43.94504161910854,1.7641945895453262,278849.09307,-0.029232976702925018,-2.0
2023-09-05 00:00:00,1630.52,1648.02,1609.69,1634.45,204365.4907,1693872000,1645.4199999999998,1694.9543999999996,1814.9019191919192,37.03100995203384,-41.087768940572914,-43.37358708340142,2.2858181428285036,278795.83076499996,-0.016079125430422114,-2.0
2023-09-06 00:00:00,1634.46,1670.0,1609.2,1633.15,219541.0193,1693958400,1635.122857142857,1686.2831999999999,1812.2005050505052,36.84096669725244,-39.86683574902145,-42.67223681652543,2.805401067503979,249165.97093500002,-0.012486394969161818,-2.0
2023-09-07 00:00:00,1633.15,1660.0,1623.4,1648.11,228558.2782,1694044800,1635.4585714285713,1678.5783999999999,1809.922525252525,40.61770428807161,-37.262550932290196,-41.590299639678385,4.327748707388189,233689.72975499998,0.0006496502817174843,-2.0
2023-09-08 00:00:00,1648.11,1658.93,1616.21,1636.44,221570.0458,1694131200,1636.5042857142857,1670.2160000000001,1807.6463636363635,38.67487687625193,-35.72845256097867,-40.41793022393844,4.689477662959774,233172.27962000002,-0.013200026532716569,-2.0
2023-09-09 00:00:00,1636.43,1637.52,1629.74,1635.54,58519.6229,1694217600,1636.2914285714285,1662.4784,1804.9075757575758,38.52184487287435,-34.191156656834664,-39.17257551051769,4.981418853683024,226317.08445000002,-0.0106104967696663,-2.0
2023-09-10 00:00:00,1635.53,1635.7,1600.0,1617.42,207957.8428,1694304000,1633.6599999999999,1654.8627999999999,1802.1334343434344,35.47806257698825,-34.04254981846748,-38.14657037210765,4.104020553640169,224173.21899999998,-0.06476159637335055,-2.0
2023-09-11 00:00:00,1617.42,1619.0,1531.01,1551.85,417424.8189,1694390400,1622.4228571428573,1649.6772,1798.7176767676767,27.125555928754608,-38.76882594432254,-38.27102148655062,-0.4978044577719203,224943.857695,-0.08994681069415866,-2.0
2023-09-12 00:00:00,1551.84,1626.0,1549.67,1592.97,329739.9685,1694476800,1616.4971428571428,1646.9324,1796.520404040404,37.122848443085,-38.7497109324504,-38.36675937573058,-0.3829515567198172,222692.80068000001,-0.03207636593427954,-2.0
2023-09-13 00:00:00,1592.97,1619.3,1581.88,1607.62,223409.2889,1694563200,1612.8500000000001,1644.4504000000002,1793.7222222222222,40.26691197961884,-37.124481667508235,-38.11830383408611,0.9938221665778784,222286.2761,-0.01319730897662541,-2.0
2023-09-14 00:00:00,1607.61,1644.29,1607.05,1626.47,275301.1505,1694649600,1609.7585714285713,1642.0996,1791.6448484848484,44.13750239575402,-33.92437917597226,-37.279518902463344,3.355139726491082,224238.249135,-0.006450706462312827,-2.0
2023-09-15 00:00:00,1626.48,1654.08,1611.42,1641.29,181340.024,1694736000,1610.4514285714286,1641.0492,1789.580707070707,47.04291523877403,-29.848351535299116,-35.7932854290305,5.944933893731381,229346.479085,0.003331621674491414,-2.0
2023-09-16 00:00:00,1641.3,1653.17,1631.31,1634.4,99555.4671,1694822400,1610.2885714285715,1641.0256,1787.5002020202019,45.849001133538636,-26.86436006143481,-34.00750035551136,7.143140294076552,229934.75645999998,0.002385756603762168,-2.0
2023-09-17 00:00:00,1634.4,1635.0,1612.0,1622.48,120227.4117,1694908800,1611.0114285714285,1638.7404000000001,1786.1966666666667,43.77892796824787,-25.1712116410406,-32.24024261261721,7.069030971576609,225228.57632999998,-0.007323564501820146,-2.0
2023-09-18 00:00:00,1622.48,1669.5,1603.88,1636.66,279041.6978,1694995200,1623.1271428571429,1637.7604,1785.0239393939394,46.8530347343827,-22.42665134995059,-30.277524360083888,7.850873010133299,214462.107105,0.002149220830909515,-2.0
2023-09-19 00:00:00,1636.66,1661.04,1626.32,1643.12,184282.4258,1695081600,1630.2914285714287,1637.3332,1784.0193939393941,48.24152321692847,-19.50545281590621,-28.123110051248354,8.617657235342143,213534.156385,-0.003027710529030281,-2.0
2023-09-20 00:00:00,1643.13,1649.34,1604.51,1622.26,232844.2347,1695168000,1632.3828571428571,1636.342,1782.828888888889,44.223746378619815,-18.658525727228607,-26.230193186444406,7.571667459215799,208650.45477999997,-0.008665151181833752,-2.0
2023-09-21 00:00:00,1622.27,1625.3,1567.77,1583.94,240627.544,1695254400,1626.3071428571432,1633.3663999999999,1782.1520202020204,37.96800907621113,-20.83921218792625,-25.151996986740777,4.312784798814526,205561.52354999998,-0.031549213103928886,-2.0
2023-09-22 00:00:00,1583.94,1602.68,1576.58,1593.08,124886.091,1695340800,1619.4199999999998,1630.9664000000002,1781.4057575757577,40.142931613988246,-21.581126512541687,-24.437822891900957,2.8566963793592706,206698.53072,-0.01504865773886821,-2.0
2023-09-23 00:00:00,1593.07,1598.24,1587.45,1593.86,64537.1341,1695427200,1613.6285714285714,1625.5439999999999,1780.1526262626262,40.335187411416456,-21.85423743339379,-23.921105800199527,2.0668683668057355,204087.023115,0.027070915359087566,-2.0
2023-09-24 00:00:00,1593.85,1601.12,1570.01,1580.71,137517.8533,1695513600,1607.6614285714288,1620.5632,1778.6672727272728,38.1126504731339,-22.86816493624474,-23.71051762740857,0.8423526911638319,202562.37050000002,-0.007696315687049982,-2.0
2023-09-25 00:00:00,1580.71,1597.5,1563.01,1588.33,176706.9277,1695600000,1600.757142857143,1618.266,1777.3276767676768,40.1699529763624,-22.794083464846153,-23.527230794896088,0.7331473300499347,201179.44235,-0.011999104265933425,-2.0
2023-09-26 00:00:00,1588.34,1599.78,1580.05,1594.01,125583.0161,1695686400,1593.7414285714283,1616.8615999999997,1775.8822222222223,41.7250455995157,-22.023175377968755,-23.226419711510623,1.2032443335418677,196481.54219,-0.01995733090681051,-2.0
2023-09-27 00:00:00,1594.02,1634.1,1583.5,1598.64,274404.4328,1695772800,1590.3671428571429,1615.326,1773.929191919192,43.02503064383773,-20.798866473686076,-22.740909063945715,1.9420425902596392,198773.84992,-0.02598565762296723,-2.0
2023-09-28 00:00:00,1598.63,1668.21,1598.14,1652.99,331409.7015,1695859200,1600.2314285714288,1616.0120000000002,1771.5441414141414,55.557983604672806,-15.267013440716255,-21.246129939299824,5.9791164985835685,204265.832705,0.011374204601076743,-2.0
2023-09-29 00:00:00,1653.0,1688.0,1648.37,1667.45,251975.6728,1695945600,1610.8557142857146,1617.4895999999999,1769.4778787878788,58.192933906362825,-9.605453218979392,-18.917994595235736,9.312541376256345,213938.6352,0.027716828558749684,-2.0
2023-09-30 00:00:00,1667.45,1694.32,1666.19,1670.89,136924.9141,1696032000,1621.8600000000001,1618.9472,1767.238080808081,58.81847512202634,-4.785878079795793,-16.091571292147748,11.305693212351954,210386.988765,0.020914545476763635,-2.0
2023-10-01 00:00:00,1670.89,1751.0,1668.0,1733.79,225611.5868,1696118400,1643.7285714285713,1622.9728,1765.8121212121214,68.19060892943949,4.062346067197495,-12.0607878202787,16.123133887476193,200796.32716000002,0.05518160572569264,-2.0
2023-10-02 00:00:00,1733.8,1744.0,1636.79,1662.4,378575.6898,1696204800,1654.31,1623.5444,1763.4242424242425,53.35026255017694,5.253492096127502,-8.597931836997459,13.851423933124961,203238.113225,0.024743259403548157,-2.0
2023-10-03 00:00:00,1662.41,1670.65,1643.0,1656.88,198287.1164,1696291200,1663.2914285714285,1624.3619999999999,1761.3829292929292,52.40065842582471,5.686515428239545,-5.741042383950058,11.427557812189603,201982.00460000001,0.046049724105711176,-2.0
2023-10-04 00:00:00,1656.88,1657.66,1625.0,1646.58,222861.7167,1696377600,1670.1399999999999,1624.8036,1758.928383838384,50.59113872293007,5.139322706352914,-3.5649693658894632,8.704292072242378,199360.03291,0.033582745373741396,-2.0
2023-10-05 00:00:00,1646.58,1655.47,1606.73,1611.79,237378.7449,1696464000,1664.2542857142857,1624.5783999999999,1756.7442424242424,44.94548160750505,1.8767720244602515,-2.4766210878195203,4.353393112279772,202161.968955,0.01124941964789894,-2.0
2023-10-06 00:00:00,1611.79,1662.0,1611.68,1645.03,220507.9286,1696550400,1661.0514285714285,1628.3056,1754.6537373737374,50.615939256769366,1.9508787890804342,-1.5911211124395295,3.5419999015199637,208209.59203,0.04069057575393331,-2.0
2023-10-07 00:00:00,1645.03,1647.71,1630.03,1633.57,101241.5732,1696636800,1655.72,1629.9296,1751.621212121212,48.75161092244157,1.0725193734517688,-1.05839301526127,2.130912388713039,207260.300105,0.028482746028847927,-2.0
2023-10-08 00:00:00,1633.56,1641.4,1616.17,1632.84,149424.6635,1696723200,1641.2985714285712,1630.9384,1748.6751515151516,48.62873945706969,0.3138899808830047,-0.783936416032415,1.0978263969154196,200779.44838999998,0.024359947553654004,-2.0
2023-10-09 00:00:00,1632.85,1636.0,1546.0,1580.13,340141.0988,1696809600,1629.5457142857142,1629.0848,1745.0655555555556,40.66008203141693,-4.488841195413215,-1.5249173719085753,-2.96392382350464,208572.38204,-0.011578591803032556,-2.0
2023-10-10 00:00:00,1580.13,1594.9,1550.55,1567.63,240659.3287,1696896000,1616.7957142857142,1626.1384,1741.1472727272726,39.02681594203239,-9.197660878318857,-3.059466073190632,-6.138194805128225,208963.13674000002,-0.05163975583639335,-2.0
2023-10-11 00:00:00,1567.62,1578.43,1544.26,1566.87,260253.9671,1696982400,1605.4085714285716,1623.4372,1737.4166666666667,38.92443966627875,-12.8427172010704,-5.016116298766586,-7.826600902303814,209944.457895,-0.06031964976461068,-2.0
2023-10-12 00:00:00,1566.86,1568.56,1521.0,1539.61,237221.4977,1697068800,1595.097142857143,1620.1224,1733.671717171717,35.34315783605105,-17.726761702359227,-7.558245379485115,-10.168516322874112,215561.22823,-0.07856890639120484,-2.0
2023-10-13 00:00:00,1539.61,1575.36,1537.76,1552.16,192205.8736,1697155200,1581.8300000000002,1616.7424,1730.7019191919192,38.163883775658306,-20.350138315023287,-10.116623966592751,-10.233514348430536,221944.66520499997,-0.10475893851043083,-2.0
2023-10-14 00:00:00,1552.16,1561.72,1544.55,1554.94,100314.6754,1697241600,1570.597142857143,1613.2151999999999,1727.5103030303032,38.8007935978108,-21.951813572067067,-12.483661887687616,-9.468151684379452,220084.50631,-0.06464148219441768,-2.0
2023-10-15 00:00:00,1554.94,1567.62,1547.44,1557.77,120311.2738,1697328000,1559.8728571428571,1610.6356,1724.4045454545453,39.48412500432615,-22.730769245568126,-14.533083359263717,-8.19768588630441,217264.72361500002,-0.059817246873642094,-2.0
2023-10-16 00:00:00,1557.78,1639.43,1555.06,1599.42,418510.8644,1697414400,1562.6285714285714,1611.2548000000002,1721.7441414141415,48.58331828020816,-19.759514924287032,-15.578369672268382,-4.18114525201865,231911.11603,-0.02864118354407308,-2.0
2023-10-17 00:00:00,1599.41,1600.53,1551.08,1565.01,234817.0699,1697500800,1562.2542857142857,1610.132,1718.5583838383839,42.850783594226996,-19.951386724716485,-16.452973082758003,-3.498413641958482,229931.74788500002,-0.02902363211088288,-2.0
2023-10-18 00:00:00,1565.01,1585.42,1555.88,1563.44,177750.2253,1697587200,1561.7642857142857,1608.9152,1715.3779797979796,42.603777715080206,-19.999589568645888,-17.162296379935583,-2.837293188710305,222248.77407500002,-0.049597879673926926,-2.0
2023-10-19 00:00:00,1563.45,1574.45,1541.61,1566.57,216217.6675,1697673600,1565.6157142857144,1608.3496,1712.2946464646463,43.30542587093529,-19.559753169232636,-17.641787737794996,-1.91796543143764,220460.87381000002,-0.041014465250953425,-2.0
2023-10-20 00:00:00,1566.57,1630.4,1561.19,1603.89,315995.792,1697760000,1573.0057142857142,1608.9719999999998,1708.2481818181818,50.99739033825219,-16.01515481448746,-17.31646115313349,1.3013063386460288,229414.417705,-0.01772984493275509,-2.0
2023-10-21 00:00:00,1603.88,1644.53,1592.36,1628.94,176419.4092,1697846400,1583.577142857143,1610.3691999999999,1705.128080808081,55.373969685481974,-11.057248356331229,-16.064618593773037,5.007370237441808,226954.80882500001,0.03088986349224432,-2.0
2023-10-22 00:00:00,1628.94,1667.8,1621.1,1663.7,228650.9225,1697932800,1598.7100000000003,1612.9716,1702.4239393939395,60.628717521708005,-4.273962688472693,-13.70648741271297,9.432524724240277,219458.57046,0.06128359370514724,-2.0
2023-10-23 00:00:00,1663.69,1800.0,1657.07,1765.46,610931.9663,1698019200,1622.43,1617.4704000000002,1700.841616161616,71.28766192215487,9.206890329803628,-9.123811864209651,18.330702194013277,240090.81295499997,0.12674312482847983,-2.0
2023-10-24 00:00:00,1765.47,1854.38,1756.21,1784.98,674055.1375,1698105600,1653.8542857142857,1622.1716000000001,1699.5666666666668,72.80840787951207,21.221041380250426,-3.0548412153176363,24.275882595568063,262650.483995,0.15937152915348696,-2.0
2023-10-25 00:00:00,1784.98,1817.69,1760.0,1787.15,354410.8294,1698192000,1685.8128571428572,1626.8220000000001,1698.4549494949492,72.97974135217129,30.565107970996678,3.6691486219452267,26.895959349051452,268502.08822,0.1513954746933306,-2.0
2023-10-26 00:00:00,1787.15,1865.54,1762.21,1803.38,431169.0453,1698278400,1719.642857142857,1629.6055999999999,1697.5938383838384,74.28483125088837,38.832338399974105,10.701786577551003,28.1305518224231,279035.144055,0.15977465368438648,-2.0
2023-10-27 00:00:00,1803.39,1803.91,1744.66,1779.4,274532.6921,1698364800,1744.7157142857143,1634.2856,1696.460606060606,68.98319900603636,42.9540449936178,17.152238260764364,25.801806732853436,287699.7,0.14227389152442282,-2.0
2023-10-28 00:00:00,1779.41,1803.23,1770.0,1776.2,122919.7382,1698451200,1765.7528571428572,1639.0584000000003,1695.2936363636363,68.28286266821756,45.438526854807606,22.809495979573015,22.62903087523459,286374.453735,0.11052756624276294,-2.0
2023-10-29 00:00:00,1776.21,1811.3,1762.66,1795.14,144110.6508,1698537600,1784.53,1645.0008000000003,1694.5726262626263,70.21056626647066,48.37812344856229,27.923221473370873,20.45490197519142,276572.93133500003,0.14704698372534364,-2.0
2023-10-30 00:00:00,1795.14,1829.84,1777.77,1809.04,277686.192,1698624000,1790.7557142857145,1652.8908000000001,1693.7676767676767,71.57594105513851,51.23874045565117,32.58632526982693,18.65241518582424,278424.2745,0.15708949495983204,-2.0
2023-10-31 00:00:00,1809.03,1819.41,1780.99,1814.67,258074.5796,1698710400,1794.997142857143,1659.6764,1693.4108080808082,72.13307165270322,53.345164145471244,36.73809304495579,16.607071100515455,278315.305125,0.1583714739845652,-2.0
2023-11-01 00:00:00,1814.67,1857.66,1783.19,1846.99,471921.6184,1698796800,1803.5457142857142,1668.2132000000001,1693.3030303030303,75.1449238405859,56.965807615894846,40.7836359591436,16.182171656751244,290050.31116,0.15156899787391898,-2.0
2023-11-02 00:00:00,1846.99,1875.0,1785.01,1800.8,368738.2193,1698883200,1803.1771428571428,1674.9316000000001,1692.5838383838382,64.42778096818077,55.46863873812549,43.72063651493998,11.748002223185509,298876.928445,0.10550419291072721,-2.0
2023-11-03 00:00:00,1800.79,1834.58,1777.11,1832.71,315000.2678,1698969600,1810.7928571428572,1685.0348000000001,1692.2952525252526,67.8401565323603,56.209049004965664,46.218319012945116,9.990729992020547,309611.208065,0.10158682454769496,-2.0
2023-11-04 00:00:00,1832.7,1869.9,1824.03,1855.54,171538.0364,1699056000,1822.1271428571429,1696.5512000000003,1692.1068686868687,70.05353281432275,57.96978013704893,48.568611237765886,9.401168899283043,312172.546195,0.05102352927848819,-2.0
2023-11-05 00:00:00,1855.54,1912.67,1846.11,1891.71,383106.7628,1699142400,1835.9228571428573,1709.5448000000001,1692.2205050505052,73.20051999407582,61.574002190538295,51.169689428320375,10.40431276221792,310402.341115,0.05979338704075121,-2.0
2023-11-06 00:00:00,1891.71,1914.23,1868.48,1900.95,328746.2394,1699228800,1849.052857142857,1723.9984,1692.6160606060605,73.95353952083576,64.4332188741489,53.822395317486084,10.610823556662822,315098.79959,0.06367680384970487,-2.0
2023-11-07 00:00:00,1900.95,1906.99,1850.32,1885.27,332419.4406,1699315200,1859.1385714285714,1737.3228,1692.9103030303029,70.34151761757998,64.68823799807024,55.99556385360292,8.692674144467318,322832.260355,0.045409176102651605,-2.0
2023-11-08 00:00:00,1885.26,1904.69,1872.51,1888.12,247881.0997,1699401600,1865.0142857142857,1750.65,1693.058282828283,70.62237867331685,64.37820183592225,57.67209145006679,6.706110385855467,324415.431965,0.061099246937169616,-2.0
2023-11-09 00:00:00,1888.11,2132.0,1882.07,2121.32,1100330.3237,1699488000,1910.8028571428572,1773.1919999999998,1695.9009090909092,83.98577577564866,82.00449029194942,62.538571218443316,19.465919073506107,363632.15855,0.1943024434185341,-2.0
2023-11-10 00:00:00,2121.33,2136.99,2064.61,2077.72,555573.6495,1699574400,1945.8042857142857,1792.3239999999998,1698.3444444444444,76.93901550948837,91.40167366585183,68.31119170792502,23.090481957926812,382589.870565,0.15741390643626674,-2.0
2023-11-11 00:00:00,2077.72,2089.6,2030.3,2053.17,370966.0372,1699660800,1974.037142857143,1811.8503999999998,1700.5963636363638,73.21400409020559,95.76412019907048,73.80177740615412,21.96234279291636,389705.6263,0.13495002874452755,-2.0
2023-11-12 00:00:00,2053.16,2066.5,2012.1,2044.68,281907.559,1699747200,1995.8899999999999,1831.1,1702.6993939393938,71.91725789996985,97.41339745217238,78.52410141535778,18.8892960368146,373254.40593500005,0.12675031823967986,-2.0
2023-11-13 00:00:00,2044.69,2118.0,2028.49,2053.65,529143.5815,1699833600,2017.7042857142858,1850.5832,1704.9556565656567,72.47201726822543,98.3109976082817,82.48148065394255,15.829516954339141,366008.828135,0.11189015641665634,-2.0
2023-11-14 00:00:00,2053.65,2064.96,1936.6,1979.39,481909.733,1699920000,2031.15,1865.6032,1706.4737373737373,61.619499936667516,91.97001770086581,84.3791880633272,7.590829637538604,372383.773315,0.09917258996001777,-2.0
2023-11-15 00:00:00,1979.4,2062.4,1967.01,2058.48,421870.8032,1700006400,2055.4871428571428,1882.7848000000001,1708.5159595959597,67.24530867223316,92.26309591926224,85.95596963451422,6.307126284748023,371918.86121,0.12318915704066646,-2.0
2023-11-16 00:00:00,2058.49,2090.4,1939.1,1961.77,545286.1297,1700092800,2032.6942857142858,1894.7075999999997,1709.590909090909,56.365480449847105,83.72652647875498,85.51008100336237,-1.7835545246073963,385456.53309,0.057250180540435736,-2.0
2023-11-17 00:00:00,1961.77,1991.5,1904.0,1960.82,401100.5069,1700179200,2015.9942857142858,1902.522,1710.6853535353537,56.26917131718483,76.00839912247443,83.6097446271848,-7.601345504710366,399365.57152500004,0.03653308382363041,-2.0
2023-11-18 00:00:00,1960.82,1971.22,1916.0,1962.6,279368.2208,1700265600,2003.0557142857144,1909.6268000000002,1711.8344444444447,56.41942609271546,69.23723496444859,80.73524269463755,-11.49800773018896,406128.450025,0.03243115284463016,-2.0
2023-11-19 00:00:00,1962.59,2015.75,1942.89,2011.47,251132.6192,1700352000,1998.3114285714287,1918.5996,1713.4661616161618,60.438452570986435,67.04162504047463,77.99651916380498,-10.954894123330348,404800.771385,0.0669400138972136,-2.0
2023-11-20 00:00:00,2011.47,2066.4,1990.0,2021.4,421717.679,1700438400,1993.7042857142856,1927.3204,1715.2911111111111,61.221009629377726,65.34954746425001,75.46712482389398,-10.117577359643974,412982.926355,0.07058873376692176,-2.0
2023-11-21 00:00:00,2021.41,2034.6,1931.43,1933.01,490163.9863,1700524800,1987.0785714285714,1933.4648000000002,1716.1750505050504,51.46271350420779,56.22806734083474,71.61931332728214,-15.391245986447402,413895.04475,-0.0887701996869874,-2.0
2023-11-22 00:00:00,1933.01,2092.46,1928.41,2063.21,466120.5109,1700611200,1987.7542857142855,1944.9451999999999,1718.54101010101,61.25855689428946,58.827157644816,69.06088219078892,-10.233724545972919,418764.15933,-0.00698361665671976,-2.0
2023-11-23 00:00:00,2063.22,2088.94,2040.35,2062.2,250960.6958,1700697600,2002.1014285714284,1955.6275999999998,1721.110606060606,61.155447896813804,60.112517197567286,67.2712091921446,-7.15869199457731,415562.18073,0.004398077119770694,-2.0
2023-11-24 00:00:00,2062.21,2133.02,2059.37,2080.84,426932.5402,1700784000,2019.2471428571428,1966.4995999999999,1725.1444444444444,62.412861864319545,61.9214739161323,66.20126213694215,-4.2797882208098486,428331.90592,0.01768491891151669,-2.0
2023-11-25 00:00:00,2080.84,2090.54,2065.3,2083.09,138847.393,1700870400,2036.4599999999998,1977.2363999999998,1729.4020202020204,62.570363498775144,62.812577055564816,65.52352512066669,-2.7109480651018742,416118.93743000005,0.014335451513159514,-2.0
2023-11-26 00:00:00,2083.1,2094.99,2036.42,2062.33,241262.9136,1700956800,2043.7257142857143,1985.85,1733.3682828282826,60.06928246059779,61.13885356588298,64.64659080970995,-3.5077372438269663,411744.77113999997,0.041901798028685544,-2.0
2023-11-27 00:00:00,2062.34,2071.24,1985.78,2027.5,326073.2298,1701043200,2044.597142857143,1994.918,1736.8254545454545,56.023173268855565,56.352331133045254,62.987738874377015,-6.635407741331761,411427.4606,-0.015049939761377362,-2.0
2023-11-28 00:00:00,2027.5,2075.0,1995.15,2048.14,283775.9279,1701129600,2061.0442857142857,2003.5351999999998,1740.6697979797982,57.83564610428423,53.60651063856517,61.11149322721465,-7.504982588649483,413222.20201,0.044026567844344555,-2.0
2023-11-29 00:00:00,2048.14,2075.7,2019.31,2028.81,254843.7319,1701216000,2056.13,2010.4659999999997,1744.6477777777777,55.52750363752939,49.30233206723665,58.74966099521906,-9.447328927982412,370947.87242,0.034674268928305496,-2.0
2023-11-30 00:00:00,2028.8,2054.75,2020.85,2051.96,243680.0921,1701302400,2054.667142857143,2016.876,1748.408888888889,57.70453482369956,47.21498609748096,56.44272601567144,-9.22773991819048,355353.19455,0.045531437888515214,-2.0
2023-12-01 00:00:00,2051.95,2110.87,2045.04,2087.24,372645.586,1701388800,2055.5814285714287,2024.3276,1752.7127272727273,60.8498812834422,47.855897533171174,54.72536031917139,-6.86946278600022,355437.17199000006,0.03766896846584822,-2.0
2023-12-02 00:00:00,2087.24,2186.6,2086.25,2164.74,320979.9768,1701475200,2067.2457142857143,2035.5063999999998,1757.8737373737374,66.70701602875872,53.995005951068606,54.57928944555084,-0.5842834944822357,357390.79287999996,0.07091124962896989,-2.0
2023-12-03 00:00:00,2164.75,2217.27,2149.0,2192.95,257879.1136,1701561600,2085.905714285714,2047.6996000000001,1763.3879797979798,68.55135256891086,60.439891395848235,55.751409835610325,4.688481560237911,343827.569485,0.13447421379092694,-2.0
2023-12-04 00:00:00,2192.96,2274.28,2191.0,2243.37,565307.7134,1701648000,2116.7442857142855,2052.5816,1769.2974747474746,71.58155850385921,68.82263764009599,58.365655396507464,10.456982243588527,347997.468505,0.08732024369792701,-2.0
2023-12-05 00:00:00,2243.36,2309.72,2188.33,2293.33,529829.7214,1701734400,2151.7714285714287,2061.206,1775.7646464646466,74.23109778172778,78.59142586405005,62.410809490015986,16.180616374034066,353395.414415,0.11207933275143067,-2.0
2023-12-06 00:00:00,2293.33,2312.23,2220.0,2232.7,408338.9056,1701820800,2180.8985714285714,2068.3872,1780.8482828282827,66.16856252250354,80.51282489006462,66.03121257002572,14.481612320038906,346548.05321,0.07298014263470498,-2.0
2023-12-07 00:00:00,2232.7,2382.8,2222.0,2355.73,485190.0609,1701907200,2224.2942857142857,2080.8292,1787.41898989899,72.65820661760826,90.9150284017278,71.00797573636613,19.90705266536166,350752.53091000003,0.13088248707449024,-2.0
2023-12-08 00:00:00,2355.74,2392.0,2336.34,2358.72,378569.8126,1701993600,2263.077142857143,2093.032,1794.6206060606062,72.79478984215837,98.26735276668614,76.45985114243014,21.807501624256005,355712.6105,0.14371608811392944,-2.0
2023-12-09 00:00:00,2358.71,2403.0,2328.01,2340.49,287771.0664,1702080000,2288.1842857142856,2107.476,1801.8061616161615,70.48296619968393,101.45361997265991,81.4586049084761,19.995015064183804,357544.53286000004,0.15437237977805163,-2.0
2023-12-10 00:00:00,2340.48,2377.47,2320.0,2352.39,200037.2102,1702166400,2310.9614285714283,2119.2324,1809.0320202020202,71.12755527250228,103.74310430813603,85.91550478840809,17.82759951972794,346460.50941999996,0.14854941556729528,-2.0
2023-12-11 00:00:00,2352.39,2355.0,2156.62,2225.12,640414.9166,1702252800,2308.3542857142857,2129.7664,1814.9843434343436,56.83289675721948,94.20200965008326,87.57280576074312,6.629203889340133,353973.05593499995,0.09676115555424114,-2.0
2023-12-12 00:00:00,2225.11,2244.12,2166.0,2203.46,361588.9087,1702339200,2295.5157142857142,2139.472,1820.771717171717,54.813863786797086,83.92540261428576,86.84332513145166,-2.9179225171659056,348746.47582500003,0.07383184857404634,-2.0
2023-12-13 00:00:00,2203.47,2284.02,2144.32,2260.16,418916.6154,1702425600,2299.4385714285713,2151.3743999999997,1827.09202020202,58.92731200462804,79.44059194391139,85.36277849394361,-5.922186550032222,357144.271805,0.0828462467181541,-2.0
2023-12-14 00:00:00,2260.16,2332.11,2228.2,2315.32,409508.0931,1702512000,2293.6657142857143,2163.5284,1833.9826262626264,62.50347819976959,79.42177341932847,84.17457747902058,-4.75280405969211,356273.04945,0.06956031671239993,-2.0
2023-12-15 00:00:00,2315.32,2317.81,2200.0,2220.5,333552.6328,1702598400,2273.9199999999996,2171.4924,1839.7643434343436,53.827315882087476,70.93794952207008,81.52725188763048,-10.5893023655604,366008.31143999996,0.01256298593219185,-2.0
2023-12-16 00:00:00,2220.51,2263.4,2210.0,2228.96,199285.923,1702684800,2257.9871428571428,2183.3304,1845.749393939394,54.43504428026617,64.15754106100394,78.05330972230517,-13.895768661301233,363909.46191,-0.006423371980547099,-2.0
2023-12-17 00:00:00,2228.96,2248.68,2191.5,2196.52,225925.7675,1702771200,2235.7200000000003,2188.6628,1851.4158585858584,51.62888498532207,55.52630889280681,73.5479095564055,-18.02160066359869,358902.08879500005,-0.04221372414785485,-2.0
2023-12-18 00:00:00,2196.53,2224.0,2116.6,2219.43,364103.1181,1702857600,2234.907142857143,2194.952,1857.4967676767678,53.45381720099874,49.95874740612453,68.83007712634931,-18.87132972022478,362918.44830499997,-0.0059434765082635455,-2.0
2023-12-19 00:00:00,2219.44,2255.0,2135.55,2177.91,383551.4049,1702944000,2231.2571428571428,2198.8347999999996,1863.8206060606062,49.78775269703719,41.71523060138861,63.40710782135717,-21.69187721996856,369353.831955,-0.07548403255041969,-2.0
2023-12-20 00:00:00,2177.9,2266.0,2156.0,2202.17,416841.6272,1703030400,2222.9728571428573,2203.598,1869.9741414141415,51.86505633115849,36.71651822615331,58.0689899023164,-21.35247167616309,378011.90871,-0.06637074345407667,-2.0
2023-12-21 00:00:00,2202.17,2279.31,2182.98,2239.61,453069.7252,1703116800,2212.157142857143,2210.6892,1876.357878787879,54.96177208164752,35.368392938135,53.52887050948013,-18.160477571345126,382033.11566999997,-0.04310208546073668,-2.0
2023-12-22 00:00:00,2239.6,2343.15,2230.59,2324.54,591357.488,1703203200,2227.02,2222.5708,1883.409090909091,61.07875863520876,40.684153547942515,50.959927117172604,-10.27577356923009,395551.99123,-0.011839023291205897,-2.0
2023-12-23 00:00:00,2324.54,2330.65,2265.0,2308.2,255626.9352,1703289600,2238.3399999999997,2232.9732,1890.1455555555556,59.407015390623975,43.08181039553574,49.384303772845236,-6.302493377309496,395439.38231,0.03733731214496294,-2.0
2023-12-24 00:00:00,2308.2,2326.19,2245.0,2264.05,307951.076,1703376000,2247.9871428571428,2242.3828,1896.5056565656566,55.0247302119396,40.94741834854449,47.69692668798509,-6.749508339440602,382571.55044,0.027497662766739595,-2.0
2023-12-25 00:00:00,2264.04,2304.8,2253.1,2271.35,286277.1616,1703462400,2255.4042857142854,2251.1584,1903.059898989899,55.60783427917306,39.390872803482125,46.035715911084495,-6.6448431076023695,370393.92245,0.00495097692198776,-2.0
2023-12-26 00:00:00,2271.36,2274.99,2178.45,2230.88,410413.1591,1703548800,2262.9714285714285,2256.904,1909.0621212121212,51.6127638729981,34.494082159305435,43.727389160728684,-9.233307001423249,370497.63512500003,-0.036470120760845215,-2.0
2023-12-27 00:00:00,2230.88,2392.44,2211.88,2378.35,541537.3574,1703635200,2288.1400000000003,2265.4483999999998,1916.488686868687,62.25442950864959,42.02845892344794,43.38760311327253,-1.3591441898245904,373314.99994999997,0.0710875928844854,-2.0
2023-12-28 00:00:00,2378.35,2445.8,2335.0,2344.15,580459.982,1703721600,2303.074285714286,2271.4964,1923.7805050505049,59.01302112595676,44.72429873668352,43.654942237954735,1.0693564987287871,383409.50841999997,0.05167880984853923,-2.0
2023-12-29 00:00:00,2344.15,2385.41,2255.34,2299.2,450201.2069,1703808000,2299.4542857142856,2273.7296,1931.0053535353536,54.962436208832884,42.740990342646,43.47215185889299,-0.731161516246992,391531.01544499997,0.04674667200844973,-2.0
2023-12-30 00:00:00,2299.2,2322.84,2268.0,2291.68,210539.1327,1703894400,2297.094285714286,2273.6636,1938.0619191919193,54.29105222091692,40.10015339184565,42.79775216548353,-2.6975987736378784,392056.11157,0.03255340335131085,-2.0
2023-12-31 00:00:00,2291.68,2321.34,2258.88,2281.87,222175.8779,1703980800,2299.64,2275.6304,1945.0115151515154,53.37508603162735,36.79157568518622,41.59651686942407,-4.804941184237855,371144.15963500005,0.04773383656808594,-2.0
2024-01-01 00:00:00,2281.87,2352.37,2265.24,2352.04,216702.6914,1704067200,2311.167142857143,2275.4827999999998,1952.8027272727272,58.73764791789364,39.37771479609228,41.152756454757714,-1.7750416586654367,363899.84877,0.06805559970392827,-2.0
2024-01-02 00:00:00,2352.05,2431.3,2341.0,2355.34,458041.6642,1704153600,2328.947142857143,2275.3475999999996,1960.5503030303032,58.97661217315811,41.218391138869265,41.16588339158003,0.052507747289233464,365856.10121,0.05167417541446939,-2.0
2024-01-03 00:00:00,2355.35,2385.45,2100.0,2209.72,798729.4869,1704240000,2304.8571428571427,2270.1168,1966.769595959596,46.248399096183086,30.574380967098023,39.04758290668363,-8.473201939585607,385317.17089999997,-0.04939471895514813,-2.0
2024-01-04 00:00:00,2209.72,2294.69,2201.91,2267.11,448844.055,1704326400,2293.8514285714286,2266.7056,1973.5218181818182,50.75880931842137,26.464750422637735,36.531016409874454,-10.066265987236719,391081.74201000005,-0.017801750281604578,-2.0
2024-01-05 00:00:00,2267.11,2277.21,2206.17,2268.78,405568.0006,1704412800,2289.505714285714,2268.4519999999998,1979.7419191919191,50.88795431745855,23.07658118783138,33.84012936546584,-10.763548177634462,401395.84589,0.00208917647578466,-2.0
2024-01-06 00:00:00,2268.78,2270.0,2216.4,2240.78,194067.8656,1704499200,2282.2342857142858,2269.9447999999998,1985.5331313131312,48.58706384308085,17.9254334262273,30.657190177618137,-12.731756751390837,399802.950795,-0.013458956127413102,-2.0
2024-01-07 00:00:00,2240.77,2258.01,2203.46,2221.42,207138.6927,1704585600,2273.5985714285716,2268.3952000000004,1991.0940404040405,47.004531175275694,12.140967989913406,26.95394574007719,-14.812977750163785,391954.729525,-0.004240479093451932,-2.0
2024-01-08 00:00:00,2221.42,2358.2,2166.38,2330.44,539407.5547,1704672000,2270.5128571428572,2269.0,1997.120808080808,55.745758897888486,16.16737292738935,24.796631177539627,-8.629258250150276,399747.537015,-0.0201442176298694,-2.0
2024-01-09 00:00:00,2330.43,2371.72,2226.78,2344.29,551454.9931,1704758400,2268.934285714286,2273.9516,2004.008585858586,56.722378329345396,20.242563429088023,23.88581762784931,-3.643254198761287,406478.20531,5.972314058388939e-05,-2.0
2024-01-10 00:00:00,2344.3,2643.1,2339.59,2584.38,1038388.666,1704844800,2322.457142857143,2288.1684000000005,2013.3772727272724,69.34976035083305,42.357170649175714,27.58008823211459,14.777082417061123,435744.15235,0.12403444676409192,-2.0
2024-01-11 00:00:00,2584.37,2689.39,2566.01,2618.01,838712.2577,1704931200,2372.5857142857144,2305.028,2023.189696969697,70.64191682861112,61.88346211050748,34.44076300779317,27.442699102714307,448111.890835,0.14239771695873782,-2.0
2024-01-12 00:00:00,2618.01,2717.32,2458.0,2522.54,887457.7627,1705017600,2408.837142857143,2317.1524,2032.389191919192,62.57665751911629,68.8607735162741,41.32476510948936,27.53600840678473,479703.43221000006,0.10547051321942091,-2.0
2024-01-13 00:00:00,2522.55,2590.0,2497.5,2578.19,422061.232,1705104000,2457.0385714285717,2333.1636000000003,2041.8150505050505,65.079423237609,77.98190611604832,48.65619331080116,29.325712805247164,485408.94001,0.09615057567048191,-2.0
2024-01-14 00:00:00,2578.18,2578.69,2470.0,2472.87,306207.7463,1705190400,2492.96,2343.9916,2050.2928282828284,57.27290781562839,75.83781449346634,54.0925175473342,21.745296946132143,486405.469245,0.04989937758455243,-2.0
2024-01-15 00:00:00,2472.87,2553.82,2470.92,2511.78,315247.8819,1705276800,2518.8657142857146,2354.8784,2059.17101010101,59.21918414307869,76.39765365533594,58.55354476893455,17.844108886401393,481647.205385,0.13669605198848744,-2.0
2024-01-16 00:00:00,2511.79,2614.43,2500.05,2587.4,381077.6247,1705363200,2553.5957142857146,2365.3928,2069.3454545454542,62.76870274812558,81.99801022198199,63.24243785954404,18.755572362437945,473624.21875,0.14127677968867847,-2.0
2024-01-17 00:00:00,2587.41,2592.97,2506.75,2530.19,366281.3477,1705449600,2545.8542857142857,2374.2724,2079.068282828283,58.61225848366096,80.88754302807865,66.77145889325097,14.116084134827688,462915.28703500004,0.11522051499043529,-2.0
2024-01-18 00:00:00,2530.2,2550.0,2428.56,2470.81,452090.1074,1705536000,2524.8257142857146,2382.5428,2088.1989898989896,54.57293141594395,74.35885741430093,68.28893859746096,6.069918816839973,463009.73206,0.1026562179241155,-2.0
2024-01-19 00:00:00,2470.81,2504.2,2415.2,2492.0,424209.0029,1705622400,2520.4628571428575,2391.3688,2097.819090909091,55.74501401386439,70.08676632186189,68.64850414234114,1.4382621795207484,473693.22556999995,0.12180497159474557,-2.0
2024-01-20 00:00:00,2491.99,2492.0,2454.2,2472.01,136620.9577,1705708800,2505.2942857142857,2401.014,2107.1105050505053,54.32111655721048,64.34633294377636,67.7880699026282,-3.441736958851834,469415.47956,0.060748184892123414,-2.0
2024-01-21 00:00:00,2472.02,2482.18,2452.13,2457.05,122572.1687,1705795200,2503.034285714286,2404.1620000000003,2116.2227272727273,53.225407718385625,57.922160548480406,65.81488803179863,-7.892727483318225,464708.9534250001,0.0480998511276336,-2.0
2024-01-22 00:00:00,2457.06,2466.1,2303.59,2314.2,526337.6492,1705881600,2474.808571428571,2402.964,2123.8634343434346,44.08177304815294,40.83345385075927,60.81860119559076,-19.98514734483149,468123.752675,-0.10454344949272176,-2.0
2024-01-23 00:00:00,2314.19,2352.23,2168.07,2242.6,700105.3314,1705968000,2425.5514285714285,2400.7,2130.360202020202,40.340979277720464,21.267846565071068,52.90845026948682,-31.640603704415753,463192.5449,-0.14339517419719572,-2.0
2024-01-24 00:00:00,2242.6,2264.6,2196.12,2235.02,359851.1496,1706054400,2383.3842857142854,2398.4336000000003,2137.12797979798,39.9544250176948,5.091626081240975,43.34508543183765,-38.25345935059668,458742.89963,-0.11398035313612465,-2.0
2024-01-25 00:00:00,2235.02,2242.89,2171.3,2218.64,330426.6061,1706140800,2347.36,2395.9044,2143.7461616161618,39.08289936096955,-8.946741831518011,32.88671997916652,-41.83346181068453,454985.82990499993,-0.13945830214220056,-2.0
2024-01-26 00:00:00,2218.64,2282.36,2195.84,2267.68,363566.4255,1706227200,2315.3142857142857,2392.53,2150.828080808081,43.085648138662215,-15.93148316679617,23.123079349973985,-39.054562516770154,463460.75789999997,-0.08297646054988739,-2.0
2024-01-27 00:00:00,2267.67,2282.94,2251.4,2267.94,145109.3836,1706313600,2286.1614285714286,2389.034,2157.5356565656566,43.10699261822113,-21.20156275236377,14.258150929506435,-35.459713681870205,460359.29244499997,-0.09707856579796004,-2.0
2024-01-28 00:00:00,2267.94,2308.24,2239.89,2256.9,209326.9087,1706400000,2257.5685714285714,2390.9211999999998,2163.8786868686866,42.380205464931976,-25.96961299459099,6.212598144686951,-32.18221113927794,443855.260145,-0.1277344051944036,-2.0
2024-01-29 00:00:00,2256.9,2322.34,2233.8,2317.6,305528.0776,1706486400,2258.054285714286,2392.9408000000003,2170.4837373737373,47.61030208776228,-24.56714964596995,0.056648586555571256,-24.62379823252552,431558.91437,-0.08402135807982802,-2.0
2024-01-30 00:00:00,2317.61,2391.98,2297.0,2343.01,372879.5791,1706572800,2272.3985714285714,2395.91,2176.317575757576,49.669827172701545,-21.161377510771672,-4.186956632909878,-16.974420877861796,398283.46002500004,-0.05172392859021924,-2.0
2024-01-31 00:00:00,2343.0,2351.6,2263.57,2283.14,397116.1859,1706659200,2279.272857142857,2397.6044,2181.349494949495,45.164676011657036,-23.027836635493713,-7.955132633426645,-15.072704002067068,376203.656435,-0.08381219903691817,-2.0
2024-02-01 00:00:00,2283.15,2311.72,2240.0,2304.28,310997.4538,1706745600,2291.5071428571428,2400.9188,2186.5730303030305,46.99290719636879,-22.541354905455137,-10.872377087832344,-11.668977817622793,347380.64099,-0.06785166726671821,-2.0
2024-02-02 00:00:00,2304.28,2324.74,2281.94,2309.06,238230.511,1706832000,2297.4185714285713,2400.0636,2191.680909090909,47.41978215299725,-21.522016172172243,-13.002304904700324,-8.51971126747192,338189.10494,-0.06023076453470633,-2.0
2024-02-03 00:00:00,2309.07,2329.98,2292.75,2296.49,133232.845,1706918400,2301.497142857143,2398.1516,2196.90404040404,46.36241740258381,-21.480858860657918,-14.698015695891844,-6.782843164766074,329540.359875,-0.007652752571082888,-2.0
2024-02-04 00:00:00,2296.5,2311.0,2266.0,2289.79,171232.0444,1707004800,2306.195714285714,2386.3680000000004,2202.0918181818183,45.77650576945337,-21.73828992587414,-16.106070541888304,-5.632219383985838,322339.568,0.021042539909034153,-2.0
2024-02-05 00:00:00,2289.79,2338.41,2269.11,2301.83,236610.412,1707091200,2303.942857142857,2373.7208,2207.209898989899,47.070988319939815,-20.731795291204435,-17.03121549175153,-3.7005797994529033,315116.20736500004,0.02989234995659995,-2.0
2024-02-06 00:00:00,2301.84,2392.4,2299.0,2372.64,368942.7498,1707177600,2308.175714285714,2367.7248,2212.9028282828285,54.02288358483629,-14.058310374683515,-16.436634468337928,2.378324093654413,315249.27747,0.06941189196985542,-2.0
2024-02-07 00:00:00,2372.63,2444.44,2354.0,2425.1,342791.7013,1707264000,2328.4557142857143,2361.6012,2219.068787878788,58.38391334415098,-4.484744581116502,-14.046256490893644,9.561511909777142,309784.357165,0.06941896563889083,-2.0
2024-02-08 00:00:00,2425.09,2463.15,2411.01,2419.55,338040.0539,1707350400,2344.922857142857,2359.4684,2224.8522222222223,57.75971623686001,2.6242855372752274,-10.712148085259871,13.336433622535099,305475.90971499996,0.06684921117842624,-2.0
2024-02-09 00:00:00,2419.56,2525.0,2419.16,2486.56,492384.385,1707436800,2370.2799999999997,2358.4596,2231.779090909091,62.915058117850116,13.509659156673024,-5.8677866368732925,19.377445793546315,323264.08108000003,0.10175905002436969,-2.0
2024-02-10 00:00:00,2486.56,2516.45,2471.57,2500.24,185099.59,1707523200,2399.387142857143,2354.9732,2238.521818181818,63.88413846511776,22.97541160313358,-0.09914698887191786,23.0745585920055,326390.45214500005,0.07880566102865028,-2.0
2024-02-11 00:00:00,2500.24,2539.63,2493.45,2507.21,219975.1471,1707609600,2430.447142857143,2354.054,2245.1043434343437,64.39465376351448,30.68578276086646,6.057838961075758,24.6279437997907,311072.32704,0.07008079350920382,-2.0
2024-02-12 00:00:00,2507.22,2665.58,2472.0,2659.99,449501.776,1707696000,2481.612857142857,2361.6212,2252.864747474747,73.30291642274956,48.56455466209991,14.559182101280589,34.00537256081932,298542.14927,0.16505777131494348,-2.0
2024-02-13 00:00:00,2659.99,2686.12,2590.0,2639.99,502447.745,1707782400,2519.805714285714,2367.5408,2260.329797979798,70.80548886649052,60.42325567119087,23.731996815262647,36.691258855928226,305671.97904,0.14568975992500888,-2.0
2024-02-14 00:00:00,2639.99,2786.0,2618.4,2774.81,461670.6944,1707868800,2569.7642857142855,2379.6528,2269.3150505050507,76.59443795903053,79.78054841995208,34.941707136200534,44.83884128375155,312234.18345500005,0.2017054558998035,-2.0
2024-02-15 00:00:00,2774.8,2867.65,2759.25,2822.59,481689.1874,1707955200,2627.3414285714284,2394.2744000000002,2278.7541414141415,78.24112640515901,97.84884845479428,47.52313539991928,50.325713054874996,318140.32155,0.2290887397724355,-2.0
2024-02-16 00:00:00,2822.58,2857.4,2740.0,2801.8,378070.8037,1708041600,2672.3757142857144,2413.7784,2285.627676767677,75.74403840470058,109.2313758501291,59.86478348996125,49.36659236016785,329788.392555,0.22360565816079214,-2.0
2024-02-17 00:00:00,2801.81,2804.21,2719.01,2785.93,243302.8759,1708128000,2713.1885714285713,2435.5116,2292.781313131313,73.80758578953287,115.63852550915044,71.0195318937991,44.61899361535134,331487.190915,0.2103109265236789,-2.0
2024-02-18 00:00:00,2785.92,2895.0,2764.25,2881.2,367987.8833,1708214400,2766.6157142857146,2461.3588,2301.1452525252525,77.52265824677512,126.94044019346438,82.20371355373216,44.736726639732225,334610.1812,0.21434351608335023,-2.0
2024-02-19 00:00:00,2881.2,2984.52,2856.93,2944.8,446451.0401,1708300800,2807.302857142857,2490.4051999999997,2310.2373737373737,79.60260448373705,139.42210622597895,93.64739208818152,45.77471413779743,338288.75425000006,0.2143004412189189,-2.0
2024-02-20 00:00:00,2944.8,3033.09,2874.56,3014.81,634681.7471,1708387200,2860.8485714285716,2520.2904,2319.94606060606,81.6189507049845,153.1971766933225,105.55734900920972,47.639827684112774,350167.03231,0.24602095430968562,-2.0
2024-02-21 00:00:00,3014.81,3017.15,2868.0,2967.9,595955.0033,1708473600,2888.432857142857,2548.2888,2329.93101010101,76.18460050538243,158.50166578661583,116.14621236469095,42.35545342192488,364414.909785,0.1935766681680715,-2.0
2024-02-22 00:00:00,2967.91,3036.02,2906.51,2971.4,563525.9936,1708560000,2909.691428571429,2576.8688,2339.1524242424243,76.31133199820762,161.13052002453423,125.14307389665962,35.98744612787462,380679.68391500006,0.18844590919271753,-2.0
2024-02-23 00:00:00,2971.4,2993.8,2906.05,2922.24,428826.5787,1708646400,2926.8971428571426,2601.0543999999995,2348.8541414141414,70.62643648414317,157.4323229741908,131.60092371216587,25.831399262024945,395459.37059999997,0.16553459821873706,-2.0
2024-02-24 00:00:00,2922.25,3007.48,2906.4,2992.62,243854.0783,1708732800,2956.424285714286,2627.0388000000003,2359.2763636363634,73.65260561454247,158.35513357036916,136.9517656838065,21.40336788656265,399090.472295,0.1250493422907606,-2.0
2024-02-25 00:00:00,2992.62,3122.0,2983.61,3112.59,412306.2237,1708819200,2989.48,2660.2168,2370.892424242424,77.84300566314904,166.84377282868172,142.93016711278156,23.91360571590016,407875.26288,0.1790158296054154,-2.0
2024-02-26 00:00:00,3112.6,3196.0,3036.59,3175.94,546722.7747,1708905600,3022.5,2695.0832,2382.654747474747,79.68074626761151,176.64662383928362,149.67345845808197,26.973165381201653,416764.264125,0.14456124923868674,-2.0
2024-02-27 00:00:00,3175.95,3288.14,3160.02,3242.36,625939.1221,1708992000,3055.0071428571428,2732.4152000000004,2394.987676767677,81.42070713304466,187.61231481523328,157.26122972951222,30.351085085721053,430921.635165,0.14871802139170054,-2.0
2024-02-28 00:00:00,3242.35,3488.0,3176.16,3383.1,947538.766,1709078400,3114.3214285714284,2775.8795999999998,2409.635050505051,84.45773861702183,205.29275857342463,166.86753549829473,38.42522307512991,461396.57077,0.20747376686415864,-2.0
2024-02-29 00:00:00,3383.11,3522.81,3300.0,3340.09,759698.1123,1709164800,3166.9914285714285,2817.8916,2422.532828282828,80.1461307719712,213.37444233185488,176.16891686500676,37.205525466848115,474762.25713499996,0.19891382769847055,-2.0
2024-03-01 00:00:00,3340.1,3450.0,3338.54,3433.43,412788.5773,1709251200,3240.0185714285717,2863.1556,2436.3836363636365,82.26242952465618,224.7205541957892,185.87924433116325,38.84130986462594,486146.70650000003,0.19166666666666665,-2.0
2024-03-02 00:00:00,3433.42,3460.04,3390.01,3421.4,283984.9448,1709337600,3301.272857142857,2905.1059999999998,2449.9246464646467,81.06310267781285,230.0893819615976,194.72127185725012,35.368110104347494,489347.1963850001,0.1618446074436295,-2.0
2024-03-03 00:00:00,3421.39,3491.8,3360.0,3487.81,341631.531,1709424000,3354.875714285714,2947.6144,2464.113737373737,82.57352407895101,236.971291100489,203.17127570589793,33.80001539459107,483953.68413500005,0.15689214245673866,-2.0
2024-03-04 00:00:00,3487.8,3640.94,3423.78,3627.76,715360.6361,1709510400,3419.421428571429,2995.9428000000003,2479.9261616161616,85.244486302409,250.82667528508546,212.70235562173545,38.12431966335001,494599.32869,0.22233228882374756,-2.0
2024-03-05 00:00:00,3627.75,3822.04,3200.0,3553.65,1392904.864,1709596800,3463.891428571428,3038.6264,2495.3418181818183,78.39243039216005,252.91170078258847,220.74422465390606,32.16747612868241,541161.03717,0.19595140337887873,-2.0
2024-03-06 00:00:00,3553.66,3900.0,3499.4,3818.59,969494.71,1709683200,3526.104285714286,3091.3603999999996,2513.225151515151,83.49891927725758,272.7978979583236,231.15495931478958,41.642938643533995,565551.3132999999,0.3067338753832678,-2.0
2024-03-07 00:00:00,3818.58,3933.81,3735.0,3868.76,540780.675,1709769600,3601.628571428572,3145.8224,2531.810505050505,84.2576160272772,289.27160915916056,242.7782892836638,46.49331987549675,573686.8068649999,0.2927668731746764,-2.0
2024-03-08 00:00:00,3868.76,3993.75,3820.0,3883.36,646399.2589,1709856000,3665.904285714286,3194.7572000000005,2550.309494949495,84.4812338739759,300.04649275914244,254.23192997875955,45.814562780382886,593841.6260149999,0.24762978741176966,-2.0
2024-03-09 00:00:00,3883.37,3942.0,3870.01,3905.21,254839.1386,1709942400,3735.02,3245.366,2568.6728282828285,84.8285667087271,306.81203982170155,264.747951947348,42.06408787435356,588184.1887800001,0.22962335560495473,-2.0
2024-03-10 00:00:00,3905.2,3964.67,3791.26,3878.47,356664.68,1710028800,3790.8285714285716,3289.5124,2585.983232323232,82.39804119016411,306.48314319183555,273.0949901962455,33.388152995590076,583694.870775,0.19618734502029378,-2.0
2024-03-11 00:00:00,3878.47,4086.23,3722.95,4064.8,721554.5139,1710115200,3853.2628571428572,3339.2008,2604.8908080808083,85.51294257681894,317.5967068785012,281.99533353269663,35.601373345804575,588038.509115,0.20150158138984953,-2.0
2024-03-12 00:00:00,4064.8,4093.92,3828.98,3979.96,632787.3941,1710201600,3914.164285714286,3386.3272,2622.4321212121213,78.68517431908217,315.91671595633306,288.7796100174239,27.137105938909144,589880.128655,0.19157268217323487,-2.0
2024-03-13 00:00:00,3979.97,4083.0,3932.23,4004.79,482305.7766,1710288000,3940.7642857142855,3435.0815999999995,2639.719595959596,79.20840766670084,312.9810339978667,293.6198948135125,19.361139184354215,585819.117805,0.16641084862659206,-2.0
2024-03-14 00:00:00,4004.79,4010.98,3723.0,3881.7,648237.5245,1710374400,3942.612857142857,3475.1016,2656.3761616161614,70.0307259159777,297.2951175461012,294.35493936003024,2.940178186070966,596789.6650950001,0.13453557023440688,-2.0
2024-03-15 00:00:00,3881.69,3934.02,3570.0,3742.19,947537.4071,1710460800,3922.445714285714,3506.9972,2670.380808080808,61.35372056055062,270.488600467982,289.58167158162064,-19.093071113638644,631973.831535,0.07293401876822414,-2.0
2024-03-16 00:00:00,3742.19,3781.12,3468.8,3523.09,548288.1569,1710547200,3867.8571428571427,3527.3284,2682.1421212121213,50.72410915410679,228.92578964645872,277.45049519458826,-48.52470554812953,638772.928195,-0.028852515050609706,-2.0
2024-03-17 00:00:00,3523.09,3678.68,3412.0,3644.71,517790.9936,1710633600,3834.462857142857,3554.4008000000003,2695.3160606060605,55.34855122611961,203.45537330883872,262.6514708174384,-59.19609750859968,637326.33914,0.02562435805439467,-2.0
2024-03-18 00:00:00,3644.7,3645.02,3454.09,3520.46,570901.2851,1710720000,3756.7000000000003,3576.3631999999993,2707.114747474747,50.16852159634923,171.26965824877834,244.37510830370638,-73.10545005492804,634574.44729,-0.07807332025695346,-2.0
2024-03-19 00:00:00,3520.47,3548.09,3150.88,3158.64,1049629.6936,1710806400,3639.3685714285716,3585.8192000000004,2716.5442424242424,38.785121550128856,115.23800504504152,218.54768765197343,-103.30968260693191,639678.99367,-0.1835523526918187,-2.0
2024-03-20 00:00:00,3158.65,3535.24,3056.56,3516.53,1207322.8201,1710892800,3569.617142857143,3606.7756000000004,2729.8075757575753,50.7008766731955,98.57493766268362,194.5531376541155,-95.97819999143186,662060.22906,-0.09446201227802731,-2.0
2024-03-21 00:00:00,3516.53,3587.32,3412.0,3492.85,602755.2072,1710979200,3514.067142857143,3621.986,2742.25898989899,50.007267985028506,82.50746392821293,172.144002908935,-89.63653898072207,671558.560555,-0.10559227288673334,-2.0
2024-03-22 00:00:00,3492.84,3542.52,3250.0,3336.35,558848.888,1711065600,3456.09,3628.4024,2752.572424242424,45.570188506992466,56.49440087210951,149.0140825015699,-92.5196816294604,685301.757715,-0.1397767676429107,-2.0
2024-03-23 00:00:00,3336.35,3435.48,3270.08,3329.53,323675.9448,1711152000,3428.4385714285713,3631.8891999999996,2763.7747474747475,45.38121760348435,34.925939493428814,126.19645389994169,-91.27051440651287,684403.978405,-0.18088712851800826,-2.0
2024-03-24 00:00:00,3329.53,3471.22,3298.76,3454.98,260824.1408,1711238400,3401.3342857142857,3634.7644,2776.1587878787877,49.527332621140694,27.636963319323968,106.48455578381814,-78.84759246449417,661677.1536399999,-0.13190584829998286,-2.0
2024-03-25 00:00:00,3454.99,3666.0,3420.12,3590.42,548577.6942,1711324800,3411.328571428571,3644.7776,2790.238585858586,53.62073256164034,32.41560633597328,91.67076589424917,-59.25515955827589,619460.79515,-0.1034685963558638,-2.0
2024-03-26 00:00:00,3590.43,3678.86,3542.62,3587.33,499013.8384,1711411200,3472.5699999999997,3650.9336,2804.055757575758,53.51409938172537,35.543653071684275,80.44534332973619,-44.901690258051914,595936.75157,-0.07583532988123753,-2.0
2024-03-27 00:00:00,3587.32,3665.84,3460.02,3501.19,443195.3297,1711497600,3470.378571428572,3654.1252000000004,2817.422222222222,50.499184511176715,30.71777911166646,70.49983048612225,-39.78205137445579,591057.484305,-0.06440079204957527,-2.0
2024-03-28 00:00:00,3501.2,3611.78,3465.0,3560.49,404654.0311,1711584000,3480.0414285714287,3657.0324000000005,2831.1426262626264,52.483829247501625,31.317247899553877,62.66331396880858,-31.346066069254704,578970.222915,0.01061568112083422,-2.0
2024-03-29 00:00:00,3560.49,3584.37,3445.91,3509.74,323086.179,1711670400,3504.8114285714287,3652.3115999999995,2843.972222222222,50.613563272583214,27.38159241542553,55.60696965813197,-28.225377242706443,582382.5749349999,-0.037031752869227,-2.0
2024-03-30 00:00:00,3509.74,3565.81,3485.0,3505.64,216025.2634,1711756800,3529.9700000000003,3650.3912,2855.902525252525,50.457128647674196,23.658995185234744,49.21737476355253,-25.558379578317783,575350.604105,-0.004209677144464075,-2.0
2024-03-31 00:00:00,3505.65,3655.32,3505.09,3645.29,243464.9877,1711843200,3557.1571428571433,3643.4592000000002,2869.408484848485,55.50198053418544,31.61298316516786,45.6964964438756,-14.083513278707741,551446.1277949999,0.1540694729377201,-2.0
2024-04-01 00:00:00,3645.29,3645.95,3413.71,3503.8,408854.1225,1711929600,3544.782857142857,3628.8608000000004,2881.931212121212,49.95202118304969,26.197526646139067,41.79670248432829,-15.599175838189225,540249.4642149999,-0.003620045897518298,-2.0
2024-04-02 00:00:00,3503.8,3505.6,3212.0,3278.96,623264.6476,1712016000,3500.73,3604.6848,2892.109090909091,42.653017313415425,3.7201458788531454,34.181391163233265,-30.46124528438012,547297.407765,-0.061236526046065554,-2.0
2024-04-03 00:00:00,3278.96,3367.4,3202.79,3310.83,410484.1933,1712102400,3473.535714285714,3580.9096000000004,2903.0176767676767,43.904237533211486,-11.39039627077409,25.067033676431794,-36.45742994720588,535409.741205,-0.007649077584785724,-2.0
2024-04-04 00:00:00,3310.83,3443.93,3250.92,3327.4,356338.5716,1712188800,3440.2371428571428,3558.8668,2912.604040404041,44.58126288995116,-21.77751167266706,15.698124606612026,-37.47563627927909,505849.79942999996,-0.0006397299318522398,-2.0
2024-04-05 00:00:00,3327.39,3350.0,3210.0,3317.85,344556.7983,1712275200,3412.824285714286,3528.9888,2922.439393939394,44.249787253758825,-30.429211640842823,6.472657357121057,-36.90186899796388,495663.23149999994,-0.039690533664449634,-2.0
2024-04-06 00:00:00,3317.85,3398.42,3306.68,3351.59,183312.2125,1712361600,3390.817142857143,3503.854,2933.069595959596,45.78354494555123,-34.1693274376662,-1.6557396018363937,-32.5135878358298,478939.29244499997,-0.06651868026581842,-2.0
2024-04-07 00:00:00,3351.59,3459.94,3344.08,3454.2,210459.0752,1712448000,3363.5185714285712,3481.8304,2944.812222222222,50.264835243282,-28.524810441586396,-7.029553769786395,-21.4952566718,460917.18195,-0.037111166243417815,-2.0
2024-04-08 00:00:00,3454.2,3730.71,3406.36,3694.61,496841.3532,1712534400,3390.7771428571427,3474.3468,2959.0823232323237,58.84739468221726,-4.599393302872613,-6.543521676403639,1.9441283735310257,433277.76492999995,0.05524407415764365,-2.0
2024-04-09 00:00:00,3694.61,3727.34,3450.46,3506.39,457592.252,1712620800,3423.2671428571425,3464.9148,2970.742424242424,51.37284849574504,-0.8166944813401642,-5.398156237390944,4.58146175605078,395791.23652499996,-0.015194537830467092,-2.0
2024-04-10 00:00:00,3506.4,3562.95,3411.82,3545.64,389404.9055,1712707200,3456.8114285714287,3465.8168,2982.7656565656566,52.721439957333736,5.287319632182971,-3.261061063476161,8.548380695659132,385123.72144,0.010228677907765382,-2.0
2024-04-11 00:00:00,3545.64,3618.3,3474.52,3502.52,338139.5534,1712793600,3481.828571428571,3460.1292,2995.8242424242426,51.04652958584434,6.569640437567614,-1.294920763267406,7.86456120083502,374088.25470999995,-0.000889994409009498,-2.0
2024-04-12 00:00:00,3502.52,3552.4,3100.0,3237.43,697327.1174,1712880000,3470.3399999999997,3448.8080000000004,3005.6254545454544,42.17567218989448,-13.647340588841416,-3.765404728382208,-9.881935860459208,392770.81334,-0.11188684576535757,-2.0
2024-04-13 00:00:00,3237.42,3301.9,2852.0,3007.01,994971.2354,1712966400,3421.1142857142854,3442.7427999999995,3013.0823232323237,36.27480344702301,-47.71241301022883,-12.554806384751533,-35.1576066254773,429478.16806999996,-0.14178606084822187,-2.0
2024-04-14 00:00:00,3007.01,3174.23,2906.73,3155.11,737580.4666,1713052800,3378.3871428571433,3428.2859999999996,3022.3179797979797,41.90132207244709,-62.04359609809353,-22.452564327419935,-39.591031770673595,438928.30669,-0.03777112255105275,-2.0
2024-04-15 00:00:00,3155.11,3277.85,3023.19,3101.99,605430.8863,1713139200,3293.727142857143,3412.6516,3031.212626262626,40.519413167707214,-76.80217434530277,-33.322486330996504,-43.47968801430627,444249.15908500005,-0.06307783848763004,-2.0
2024-04-16 00:00:00,3102.0,3128.01,2986.0,3084.22,526113.855,1713225600,3233.417142857143,3402.5664,3038.826565656566,40.04364071774317,-88.90747440399628,-44.439483945596464,-44.46799045839981,448395.08535,-0.07308408967962987,-2.0
2024-04-17 00:00:00,3084.21,3123.75,2914.47,2985.41,491897.5661,1713312000,3153.3842857142854,3388.8016,3045.3025252525254,37.41302663214848,-105.26077246247178,-56.603741648971535,-48.65703081350024,452757.26210000005,-0.10019741700197415,-2.0
2024-04-18 00:00:00,2985.41,3094.4,2950.98,3064.4,389060.7133,1713398400,3090.7957142857144,3373.1784000000002,3050.151212121212,40.7632276772627,-110.57243592751684,-67.3974805046806,-43.174955422836234,456055.988815,-0.08568768852992159,-2.0
2024-04-19 00:00:00,3064.4,3128.89,2865.18,3056.46,607850.4019,1713484800,3064.9428571428575,3351.82,3054.58,40.528383781237835,-114.10730119582786,-76.73944464291006,-37.3678565529178,475647.24574,-0.11514677783567828,-2.0
2024-04-20 00:00:00,3056.45,3171.88,3018.75,3155.79,242577.6371,1713571200,3086.1971428571424,3334.5584000000003,3060.976464646465,44.81190325279669,-107.65265374284309,-82.92208646289667,-24.730567279946413,475602.87821000005,-0.14583947967444466,-2.0
2024-04-21 00:00:00,3155.79,3197.18,3116.49,3147.67,219970.5072,1713657600,3085.1342857142854,3320.4176,3066.728787878788,44.529545611770324,-102.01653219144055,-86.74097560860545,-15.275556582835094,466158.69744500006,-0.10230464951132068,-2.0
2024-04-22 00:00:00,3147.66,3235.0,3129.15,3200.2,290879.9569,1713744000,3099.164285714286,3306.006,3074.075555555556,46.86217624238938,-92.24775852932817,-87.84233219274999,-4.405426336578174,449539.46290999994,-0.09742669870601639,-2.0
2024-04-23 00:00:00,3200.19,3263.61,3152.0,3219.46,253914.2263,1713830400,3118.4842857142858,3294.3948000000005,3081.223838383838,47.73007623135449,-82.00649416693977,-86.67516458758796,4.6686704206481835,441710.96456000005,-0.08081609812363666,-2.0
2024-04-24 00:00:00,3219.46,3293.56,3104.9,3140.8,393314.3414,1713916800,3140.682857142857,3279.8012,3086.8137373737372,44.53109538642061,-79.32303639963357,-85.20473894999708,5.881702550363514,443559.75305000006,-0.02984774960385228,-2.0
2024-04-25 00:00:00,3140.79,3191.64,3072.2,3155.8,352288.5502,1714003200,3153.7400000000002,3260.2216,3093.13303030303,45.28419821633089,-75.12006479961155,-83.18780411991999,8.067739320308434,443946.34064500005,0.0494810459559496,-2.0
2024-04-26 00:00:00,3155.81,3167.7,3102.0,3131.3,252522.655,1714089600,3164.4314285714286,3245.3215999999998,3099.8046464646463,44.22796182935723,-72.92548517224805,-81.13534033038562,8.209855158137572,447406.86277,-0.007546488078070124,-2.0
2024-04-27 00:00:00,3131.3,3285.0,3066.74,3255.56,323811.1919,1714176000,3178.684285714286,3244.3856,3107.5173737373734,50.5303252820233,-60.46254688673844,-77.00078164165618,16.538234754917738,453074.46860499994,0.0495069294227255,-2.0
2024-04-28 00:00:00,3255.55,3357.4,3250.45,3263.45,304766.009,1714262400,3195.2242857142855,3242.4903999999997,3115.5117171717175,50.909651951257906,-49.3797029663333,-71.4765659065916,22.096862940258305,443470.701395,0.05811193754012356,-2.0
2024-04-29 00:00:00,3263.44,3286.95,3115.13,3216.73,421831.2912,1714348800,3197.585714285714,3238.0636000000004,3123.185252525252,48.53635544674939,-43.860783051869475,-65.95340933564718,22.092626283777705,441682.65335499996,0.07748349472936722,-2.0
2024-04-30 00:00:00,3216.74,3250.95,2921.0,3014.05,561717.4866,1714435200,3168.2414285714285,3225.9116,3130.2544444444443,39.8559865825566,-55.20521009265303,-63.803769487048356,8.598559394395323,450298.28241,-0.016430622634120873,-2.0
2024-05-01 00:00:00,3014.04,3023.24,2817.0,2972.46,624963.7773,1714521600,3144.1928571428575,3210.7464,3137.6267676767675,38.34070340274184,-66.78189555090012,-64.39939469981871,-2.382500851081403,464639.49360499997,-0.02748277418974887,-2.0
2024-05-02 00:00:00,2972.46,3016.72,2893.26,2986.19,365939.7191,1714608000,3119.9628571428575,3192.0260000000003,3145.214343434344,39.163010901733564,-73.99563036233758,-66.3186418323225,-7.67698853001508,448070.12369,-0.053742486033607983,-2.0
2024-05-03 00:00:00,2986.19,3126.99,2958.32,3102.61,355825.8391,1714694400,3115.8642857142854,3168.3460000000005,3154.1433333333334,45.76747048942935,-69.51709632158554,-66.9583327301751,-2.5587635914104396,416112.853875,-0.014315350719738662,-2.0
2024-05-04 00:00:00,3102.61,3168.0,3092.85,3117.23,196263.9488,1714780800,3096.1028571428574,3152.7796000000003,3162.724646464647,46.55217130293076,-64.04978792701831,-66.37662376954374,2.3268358425254263,389047.027985,-0.025926504593462796,-2.0
2024-05-05 00:00:00,3117.24,3171.93,3072.99,3136.41,218760.2662,1714867200,3077.9542857142856,3136.4104,3171.497070707071,47.62288106192514,-57.50634359592368,-64.60256773481973,7.096224138896048,369713.49697999994,-0.025796251545290305,-2.0
2024-05-06 00:00:00,3136.4,3221.4,3046.35,3062.6,355135.3027,1714953600,3055.9357142857143,3118.8136,3179.635454545454,43.97222109729616,-57.61234768300392,-63.204523724456564,5.592176041452646,361164.569365,-0.024898115129903253,-2.0
2024-05-07 00:00:00,3062.59,3129.85,2998.0,3005.69,298796.6829,1715040000,3054.741428571429,3109.544,3186.5858585858587,41.34078686702487,-61.57867740726351,-62.87935446101796,1.3006770537544483,351509.52520499995,-0.047566385702516034,-2.0
2024-05-08 00:00:00,3005.69,3038.15,2936.48,2974.21,266934.8125,1715126400,3054.9914285714285,3108.232,3192.9616161616163,39.91776632380006,-66.49567445724188,-63.60261846026275,-2.893055996979129,345403.23016499996,-0.050167661993421264,-2.0
2024-05-09 00:00:00,2974.2,3059.0,2950.77,3036.23,238561.7462,1715212800,3062.14,3103.4768,3200.5685858585857,44.00705230663347,-64.6427727219575,-63.810649312601704,-0.8321234093557948,326938.79738,-0.0673708977871702,-2.0
2024-05-10 00:00:00,3036.24,3053.89,2878.03,2909.99,327855.8758,1715299200,3034.6228571428574,3095.7968,3206.686868686869,38.29384141385955,-72.52482665902016,-65.5534847818854,-6.971341877134762,331202.709315,-0.10830869172195068,-2.0
2024-05-11 00:00:00,2909.98,2945.67,2886.46,2912.45,138163.1087,1715385600,3005.368571428571,3088.9260000000004,3212.7817171717174,38.461500726623065,-77.67749197541889,-67.97828622059211,-9.699205754826778,327112.33939,-0.09459295620086239,-2.0
2024-05-12 00:00:00,2912.45,2955.2,2901.17,2929.29,107670.6323,1715472000,2975.7799999999997,3086.6812,3219.1736363636364,39.66993934601869,-79.48590506404571,-70.27980998928282,-9.206095074762885,317951.87316,-0.028121630364459804,-2.0
2024-05-13 00:00:00,2929.3,2996.4,2864.76,2950.99,368664.7648,1715558400,2959.8357142857144,3082.1448,3225.8524242424246,41.27037153827181,-78.26587651451973,-71.8770232943302,-6.388853220189532,323689.400085,-0.007222973563984159,-2.0
2024-05-14 00:00:00,2950.99,2960.6,2862.0,2881.93,269675.3037,1715644800,2942.1557142857137,3075.1636,3231.71202020202,37.83082745059939,-81.92715469919858,-73.88704957530388,-8.040105123894705,317507.4482,-0.03491405436358708,-2.0
2024-05-15 00:00:00,2881.93,3041.36,2863.75,3032.55,350254.3188,1715731200,2950.4900000000002,3070.2339999999995,3238.377777777778,48.00824772944653,-71.84676404959646,-73.4789924701624,1.6322284205659372,317405.73663000006,-0.022580988264718993,-2.0
2024-05-16 00:00:00,3032.55,3041.24,2922.8,2944.7,293874.1513,1715817600,2937.414285714286,3062.1151999999997,3243.626262626263,43.53199126348818,-70.13823275375944,-72.8108405268818,2.6726077731223654,319473.311445,-0.05534721531616216,-2.0
2024-05-17 00:00:00,2944.7,3120.0,2933.06,3092.01,357724.7731,1715904000,2963.4171428571426,3057.7876,3250.418787878788,51.669565334017214,-56.24911868717754,-69.49849615894095,13.24937747176341,321168.990505,-0.014156312471902521,-2.0
2024-05-18 00:00:00,3092.0,3146.98,3083.61,3122.94,199976.5456,1715990400,2993.4871428571428,3053.9267999999997,3256.846868686869,53.19473977747903,-42.258968137151896,-64.05059055458314,21.791622417431242,315929.517335,0.019702213805263602,-2.0
2024-05-19 00:00:00,3122.94,3136.64,3053.38,3071.19,166145.0102,1716076800,3013.7585714285715,3051.1423999999997,3262.6140404040407,50.33277171786223,-34.94464541975731,-58.22940152761797,23.284756107860666,303145.20328499994,0.02179200117111213,-2.0
2024-05-20 00:00:00,3071.2,3694.0,3047.67,3661.78,847107.8828,1716163200,3115.2999999999997,3071.3816,3274.2763636363634,70.10224479141814,18.296771471873853,-42.92416692771961,61.220938399593464,317414.723095,0.23117735465888423,-2.0
2024-05-21 00:00:00,3661.79,3841.54,3624.28,3789.6,952437.2694,1716249600,3244.9671428571423,3097.7136,3285.686565656566,72.64047564996346,69.99808930466816,-20.339715681242055,90.33780498591021,333788.3977,0.24812678881375905,-2.0
2024-05-22 00:00:00,3789.59,3813.69,3653.15,3737.73,574938.3099,1716336000,3345.707142857143,3117.0004,3296.774848484849,70.04180070623039,105.56934299925524,4.842096054857404,100.72724694439783,344238.32723999996,0.2844477128787386,-2.0
2024-05-23 00:00:00,3737.72,3949.29,3498.0,3783.61,1127866.076,1716422400,3465.5514285714285,3137.8068,3306.9647474747476,71.02905226246982,135.89543244089145,31.052763332064217,104.84266910882724,382840.339085,0.29911586465003714,-2.0
2024-05-24 00:00:00,3783.6,3829.61,3626.1,3728.28,479418.4318,1716508800,3556.447142857143,3158.2688,3316.1131313131314,68.11384483703506,153.69273405538252,55.58075747672788,98.11197657865463,396998.063235,0.2727589279313418,-2.0
2024-05-25 00:00:00,3728.28,3779.43,3709.03,3749.26,158711.8992,1716595200,3645.921428571429,3187.6772,3325.683434343434,68.63943451047183,167.55862296638998,77.9763305746603,89.58229239172968,393995.644885,0.2705092189400846,-2.0
2024-05-26 00:00:00,3749.25,3884.2,3731.17,3826.47,292208.2937,1716681600,3753.8185714285714,3221.8376000000003,3336.1939393939397,70.56251775181892,182.67191344690673,98.91544714910958,83.75646629779715,390849.29443500005,0.32774564267695605,-2.0
2024-05-27 00:00:00,3826.47,3977.0,3823.37,3894.22,363717.6473,1716768000,3787.024285714286,3258.1588,3346.4264646464644,72.17491177100688,197.83563774421282,118.69948526813023,79.13615247608259,394095.342655,0.28414040988606937,-2.0
2024-05-28 00:00:00,3894.21,3931.09,3773.9,3844.69,416249.8344,1716854400,3794.8942857142856,3287.842,3355.5162626262627,69.1911458414873,203.5104002250746,135.6616682595191,67.84873196555549,401561.09375,0.3056304547152513,-2.0
2024-05-29 00:00:00,3844.69,3888.55,3742.59,3767.43,334759.6348,1716940800,3799.137142857143,3313.85,3363.1184848484854,64.69809781972269,199.47404148244368,148.42414290410403,51.04989857833965,406370.98818,0.218440431952031,-2.0
2024-05-30 00:00:00,3767.44,3825.35,3702.58,3747.91,277034.2894,1717027200,3794.0371428571425,3338.31,3370.9973737373734,63.57482435542097,192.4812927070784,157.2355728646989,35.245719842379515,403829.90885999997,0.20012232063376167,-2.0
2024-05-31 00:00:00,3747.9,3849.94,3723.75,3762.29,273406.766,1717113600,3798.8957142857143,3366.2976,3378.9861616161616,64.06972529790633,185.95624688356293,162.97970766847172,22.976539215091208,410592.091725,0.22502678114997776,-2.0
2024-06-01 00:00:00,3762.29,3833.3,3752.67,3815.82,132687.2006,1717200000,3808.404285714286,3398.7028000000005,3388.0122222222217,65.92567794248568,182.9950714163242,166.9827804180422,16.012290998281998,411842.92014,0.04206697289296457,-2.0
2024-06-02 00:00:00,3815.82,3838.59,3752.62,3780.91,210295.4407,1717286400,3801.8957142857143,3430.9707999999996,3395.9747474747473,63.617751528671945,175.80480492300194,168.74718531903417,7.057619603967765,403924.453935,-0.0022931180071775747,-2.0
2024-06-03 00:00:00,3780.92,3849.99,3758.43,3767.06,248848.702,1717372800,3783.7299999999996,3460.204,3402.585555555556,62.680227249773054,167.06308838352743,168.41036593193283,-1.3472775484054011,402883.12385,0.007847008745950124,-2.0
2024-06-04 00:00:00,3767.07,3831.65,3730.0,3810.23,232063.7468,1717459200,3778.807142857143,3496.2136,3408.9925252525254,64.43932959005954,161.754072993529,167.07910734425207,-5.325034350723058,396973.59524999995,0.007035608849749186,-2.0
2024-06-05 00:00:00,3810.23,3887.47,3777.33,3865.99,273738.6035,1717545600,3792.887142857143,3534.3552,3415.291818181818,66.6274296256272,160.1993279102703,165.70315145745573,-5.503823547185419,395966.81785999995,0.03693660347398797,-2.0
2024-06-06 00:00:00,3866.0,3878.6,3760.0,3813.46,237504.1905,1717632000,3802.2514285714283,3569.722,3419.6388888888887,62.712527942498454,152.9651620711329,163.15555358019117,-10.190391509058259,389955.78873000003,0.017123379013458617,-2.0
2024-06-07 00:00:00,3813.47,3841.39,3600.0,3678.32,362223.3594,1717718400,3790.255714285714,3598.8152,3423.055353535354,53.93278422977385,134.7737767319668,157.47919821054631,-22.705421478579524,398068.12942,-0.03871714661293557,-2.0
2024-06-08 00:00:00,3678.31,3709.5,3660.08,3681.57,140550.8394,1717804800,3771.077142857143,3630.8008,3425.5618181818186,54.099214293916894,119.24464261459207,149.83228709135545,-30.587644476763387,396788.42088,-0.05460657076384989,-2.0
2024-06-09 00:00:00,3681.58,3721.52,3666.36,3706.4,103451.102,1717891200,3760.432857142857,3657.7548000000006,3428.440606060606,55.424217215830986,107.69976952987281,141.40578357905892,-33.70601404918611,359605.58184,-0.03596908983559144,-2.0
2024-06-10 00:00:00,3706.4,3713.67,3642.74,3667.85,156363.1846,1717977600,3746.2599999999998,3686.6808,3430.2591919191923,52.87235222065882,94.35207956856993,131.99504277696113,-37.642963208391194,319801.8776,-0.026431811606320466,-2.0
2024-06-11 00:00:00,3667.85,3673.0,3432.0,3497.33,439568.5978,1718064000,3701.56,3702.8936,3428.941717171717,43.361884070854494,69.21651530180998,119.4393372819309,-50.222821980120926,313033.391995,-0.06685859585742449,-2.0
2024-06-12 00:00:00,3497.33,3659.01,3462.07,3560.12,387043.774,1718150400,3657.8642857142854,3720.3807999999995,3429.0070707070704,47.1329018401031,53.74350608652185,106.3001710428491,-52.55666495632725,275992.276895,-0.053735889577890106,-2.0
2024-06-13 00:00:00,3560.13,3561.65,3428.0,3469.4,300230.8299,1718236800,3608.7128571428575,3736.3091999999997,3425.479898989899,42.70843744114923,33.771393384099156,91.79441551109912,-58.02302212699996,267032.8968,-0.0907852047528448,-2.0
2024-06-14 00:00:00,3469.4,3532.61,3362.26,3481.8,322316.4214,1718323200,3580.6385714285716,3729.11,3421.571212121212,43.489292800392974,18.728041342211327,77.18114067732157,-58.45309933511024,275213.12291000003,-0.07911058448891928,-2.0
2024-06-15 00:00:00,3481.8,3594.39,3473.1,3568.74,246649.5894,1718409600,3564.5200000000004,3720.2756,3418.393232323232,48.76223201516822,13.66389895791508,64.47769233344027,-50.813793375525194,272935.187695,-0.05264582990448785,-2.0
2024-06-16 00:00:00,3568.75,3653.79,3541.05,3624.41,149839.982,1718496000,3552.807142857143,3715.7428000000004,3415.5568686868687,51.85976873707526,13.981463768418962,54.378446620436016,-40.396982852017054,262241.30443,-0.048768709500476404,-2.0
2024-06-17 00:00:00,3624.41,3638.37,3463.39,3511.46,337805.6402,1718582400,3530.4657142857145,3704.8568000000005,3411.849696969697,45.80880043859517,5.060678776438635,44.51489305163655,-39.45421427519791,258319.09472000002,-0.09170484145070212,-2.0
2024-06-18 00:00:00,3511.47,3517.2,3355.0,3483.42,449913.3014,1718668800,3528.4785714285713,3695.0624,3405.9771717171716,44.42306823257317,-4.2230209041886155,34.76731026047152,-38.990331164660134,264076.77804999996,-0.08654607626669741,-2.0
2024-06-19 00:00:00,3483.42,3590.01,3465.65,3560.51,321500.0027,1718755200,3528.534285714286,3687.5124,3401.7403030303035,48.99160157264869,-5.298819561042819,26.754084296168653,-32.052903857211476,266300.063715,-0.03202820852998112,-2.0
2024-06-20 00:00:00,3560.51,3625.96,3486.0,3513.08,329117.8453,1718841600,3534.7742857142853,3674.9768,3396.773535353535,46.46107308826049,-9.86488609207072,19.43029021852078,-29.2951763105915,269085.61768,-0.04576580100337635,-2.0
2024-06-21 00:00:00,3513.08,3547.55,3446.82,3518.5,342155.102,1718928000,3540.0171428571425,3659.948,3393.1048484848484,46.79924554268807,-12.897503618180053,12.964731451180615,-25.86223506936067,279559.01275,-0.05069609324411828,-2.0
2024-06-22 00:00:00,3518.5,3521.19,3475.09,3495.75,115774.6157,1719014400,3529.5899999999997,3645.9903999999997,3390.6155555555556,45.500129348920424,-16.94132072703269,6.983521015537955,-23.924841742570642,274832.9715,-0.04692122087871642,-2.0
2024-06-23 00:00:00,3495.76,3521.45,3406.38,3420.91,133411.4304,1719100800,3500.5185714285712,3632.1296,3389.5834343434344,41.426133294785515,-25.886632470697805,0.4094903182908025,-26.296122788988608,269061.10792,-0.02185095487128752,-2.0
2024-06-24 00:00:00,3420.91,3435.76,3240.0,3352.73,543370.4229,1719187200,3477.842857142857,3616.3224,3386.6341414141416,38.08092359656007,-38.03892363772093,-7.280192472911543,-30.758731164809383,284626.441725,-0.05825365437120089,-2.0
2024-06-25 00:00:00,3352.74,3430.88,3336.76,3394.91,240036.2236,1719273600,3465.1985714285715,3601.6272000000004,3385.3659595959593,41.24210514660141,-43.76167114877626,-14.576488208084488,-29.18518294069177,282941.32273,-0.021470571280336692,-2.0
2024-06-26 00:00:00,3394.91,3426.75,3325.01,3371.44,206949.3418,1719360000,3438.1885714285713,3583.8520000000003,3387.5154545454543,40.01785552519292,-49.61884744776489,-21.58496005602057,-28.033887391744322,281413.580295,-0.031696249066574755,-2.0
2024-06-27 00:00:00,3371.77,3477.0,3361.74,3450.44,201041.6609,1719446400,3429.2400000000002,3570.6332,3386.847878787879,45.84512856258624,-47.34035198460515,-26.736038441737485,-20.604313542867665,273354.49537,-0.0331489545329724,-2.0
2024-06-28 00:00:00,3450.44,3487.7,3365.22,3380.15,221634.3435,1719532800,3409.4757142857147,3555.1567999999997,3385.709494949495,41.940924461828985,-50.62289426293182,-31.513409605976356,-19.109484656955466,277408.670575,-0.06739303776338768,-2.0
2024-06-29 00:00:00,3380.15,3408.32,3371.86,3378.8,88329.7651,1719619200,3392.7685714285717,3537.8996,3386.1382828282826,41.86717855481071,-52.725479874009125,-35.755823659582916,-16.96965621442621,276652.60373,-0.03777915738752535,-2.0
2024-06-30 00:00:00,3378.8,3460.0,3352.66,3438.16,141221.6185,1719705600,3395.2328571428575,3520.7863999999995,3387.2355555555555,46.33538041259584,-49.03667395819775,-38.41199371930588,-10.62468023889187,275895.525425,-0.01299297816513667,-2.0
2024-07-01 00:00:00,3438.16,3524.94,3423.78,3442.2,224273.2122,1719792000,3408.014285714286,3505.936,3387.1064646464642,46.63601007750553,-45.265482155688005,-39.78269140658231,-5.482790749105696,265130.75614500005,-0.03322838582113252,-2.0
2024-07-02 00:00:00,3442.2,3464.12,3402.0,3421.35,137932.7014,1719878400,3411.7914285714287,3495.6571999999996,3385.398686868687,45.227827765617185,-43.4582466163356,-40.51780244853297,-2.9404441678026316,252675.202515,-0.02611099092534186,-2.0
2024-07-03 00:00:00,3421.35,3432.1,3251.0,3295.48,310408.451,1719964800,3400.9399999999996,3480.2136,3382.450707070707,37.80616839117794,-51.587982343437034,-42.73183842751378,-8.856143915923255,253184.08356999996,-0.06338496518402725,-2.0
2024-07-04 00:00:00,3295.49,3313.45,3050.34,3059.7,450402.5692,1720051200,3345.12,3454.3456,3377.9912121212124,28.40373679597151,-76.17819714565712,-49.42111017114245,-26.75708697451467,259588.39096,-0.12473718086247587,-2.0
2024-07-05 00:00:00,3059.7,3110.0,2810.0,2981.78,886994.3753,1720137600,3288.21,3426.9028000000003,3372.1456565656563,26.094086249085663,-100.79174780670428,-59.69523769825482,-41.09651010844946,291605.63025499997,-0.12836642881572435,-2.0
2024-07-06 00:00:00,2981.79,3081.78,2955.06,3066.83,214487.9713,1720224000,3243.6428571428573,3409.6828000000005,3367.6718181818183,32.54193352799459,-112.1426294037451,-70.18471603935288,-41.957913364392226,294838.02972,-0.08527379180548389,-2.0
2024-07-07 00:00:00,3066.83,3073.08,2922.24,2931.0,179892.7612,1720310400,3171.191428571429,3384.5180000000005,3361.867373737374,28.296055480194383,-130.5932331689055,-82.26641946526341,-48.32681370364209,286942.38576999994,-0.13664868877230907,-2.0
2024-07-08 00:00:00,2930.99,3097.06,2822.8,3019.01,500445.0105,1720396800,3110.7357142857145,3366.5024,3355.5413131313135,34.27943378598978,-136.53985169524003,-93.12110591125874,-43.418745783981294,289468.971225,-0.10453396768146539,-2.0
2024-07-09 00:00:00,3019.01,3115.2,3004.0,3066.65,280358.1424,1720483200,3060.0642857142857,3349.8963999999996,3351.1256565656568,37.328038505665944,-135.84253171792125,-101.66539107259125,-34.17714064533,287411.87821,-0.11122929249602953,-2.0
2024-07-10 00:00:00,3066.65,3151.51,3024.0,3101.05,270827.0844,1720569600,3032.2885714285717,3331.1888,3349.328585858586,39.510037323125864,-131.0039758186781,-107.53310802180863,-23.47086779686947,284497.340165,-0.08257030013460942,-2.0
2024-07-11 00:00:00,3101.06,3217.24,3054.76,3099.57,289229.32,1720656000,3037.9842857142858,3310.1952,3347.1946464646467,39.446405171142565,-125.8382243213373,-111.19413128171436,-14.64409303962293,281851.051065,-0.08264176630756481,-2.0
2024-07-12 00:00:00,3099.57,3157.89,3045.58,3133.88,185745.1825,1720742400,3059.7128571428575,3295.0919999999996,3345.239898989899,41.7870341800332,-117.61994922431677,-112.47929487023485,-5.140654354081917,285349.579405,-0.08850082602322162,-2.0
2024-07-13 00:00:00,3133.89,3201.8,3113.37,3175.93,119302.4769,1720828800,3075.2985714285714,3282.7924,3343.8063636363636,44.61277437747552,-106.48631546768502,-111.2806989897249,4.79438352203988,284644.13173,-0.07735459880309103,-2.0
2024-07-14 00:00:00,3175.93,3268.72,3163.67,3245.08,165430.7716,1720915200,3120.167142857143,3270.1752,3342.7305050505047,48.997243536608686,-91.03362445644734,-107.2312840830694,16.197659626622055,265747.14916499995,-0.05152059859412217,-2.0
2024-07-15 00:00:00,3245.2,3493.63,3233.22,3483.39,314296.8452,1721001600,3186.507142857143,3268.9876,3343.0253535353536,60.578904810912135,-58.87891070739852,-97.56080940793524,38.68189870053672,269460.18024500005,0.05702052508284061,-2.0
2024-07-16 00:00:00,3483.2,3498.59,3346.55,3444.13,376128.7869,1721088000,3240.432857142857,3266.0127999999995,3340.495252525252,58.23285096571935,-36.14733827486816,-85.27811518132182,49.13077690645366,277919.15249999997,0.12564303689904244,-2.0
2024-07-17 00:00:00,3444.14,3517.0,3376.0,3387.05,297812.5162,1721174400,3281.2900000000004,3261.6648,3339.289797979798,54.903678072009555,-22.47915658812917,-72.71832346268329,50.239166874554115,282757.69526500005,0.13591545989308407,-2.0
2024-07-18 00:00:00,3387.05,3489.98,3367.2,3426.5,241950.3457,1721260800,3327.9942857142855,3261.8884,3338.0863636363633,56.744278765399855,-8.367285960762729,-59.84811596229918,51.480830001536454,283773.495375,0.11727744935324091,-2.0
2024-07-19 00:00:00,3426.49,3540.27,3377.0,3503.53,299511.6422,1721347200,3380.8014285714285,3267.9204,3338.0965656565654,60.16328252575223,8.929219926328187,-46.09264878457371,55.0218687109019,294332.58923,0.19533606277720916,-2.0
2024-07-20 00:00:00,3503.53,3539.65,3480.0,3517.5,147510.8165,1721433600,3429.597142857143,3272.8239999999996,3340.9255555555555,60.76891277195184,23.493271889987682,-32.175464649661436,55.66873653964912,294647.04913,0.1651170416792258,-2.0
2024-07-21 00:00:00,3517.5,3547.0,3411.4,3535.92,218890.9656,1721520000,3471.1457142857143,3279.4031999999993,3346.2680808080804,61.59791690731278,36.10552602801181,-18.519266514126787,54.62479254213859,294377.93679999997,0.15302365773727034,-2.0
2024-07-22 00:00:00,3535.93,3562.82,3422.34,3439.6,207859.5043,1721606400,3464.89,3278.9696000000004,3349.1417171717176,55.04741181350957,37.891816010475395,-7.237050009206351,45.128866019681745,297874.276945,0.1091726995695006,-2.0
2024-07-23 00:00:00,3439.61,3541.0,3389.0,3482.51,500568.7811,1721692800,3470.3728571428574,3283.064,3352.9853535353536,57.229535932211306,42.28253532994995,2.6668670586249092,39.61566827132504,307382.29345,0.12354616930735562,-2.0
2024-07-24 00:00:00,3482.51,3487.82,3300.0,3335.81,275479.0506,1721779200,3463.052857142857,3281.3444,3355.526666666666,48.55214011202522,33.538141231761074,8.841121893252142,24.69701933850893,298636.11751999997,0.06443450291651232,-2.0
2024-07-25 00:00:00,3335.82,3342.5,3087.53,3175.48,494282.6398,1721865600,3427.192857142857,3270.8372000000004,3357.446565656566,41.19968413915203,13.515061625125782,9.77590983962687,3.739151785498912,279000.530745,-0.0001416907803383216,-2.0
2024-07-26 00:00:00,3175.47,3286.36,3171.0,3274.61,260237.4641,1721952000,3394.4900000000002,3264.1335999999997,3359.569898989899,46.58557568453173,5.581252114227482,8.936978294546993,-3.355726180319511,281288.00538499997,0.00909992973979068,-2.0
2024-07-27 00:00:00,3274.6,3327.59,3191.01,3249.01,231991.9037,1722038400,3356.134285714286,3257.24,3361.5148484848487,45.42833340568063,-2.7404647631342414,6.601489683010747,-9.341954446144989,283892.96251000004,-0.06728502981291207,-2.0
2024-07-28 00:00:00,3249.0,3284.3,3198.11,3270.16,103529.8329,1722124800,3318.1685714285713,3256.2272000000003,3362.6701010101006,46.608384937865296,-7.541918558638372,3.7728080346809234,-11.314726593319296,264047.20363,-0.05051203061440779,-2.0
2024-07-29 00:00:00,3270.16,3396.77,3258.0,3317.66,318471.5055,1722211200,3300.7485714285717,3266.5456,3364.387171717172,49.26198314826065,-7.428619753877683,1.532522476969202,-8.961142230846885,265952.871785,-0.020486854342274374,-2.0
2024-07-30 00:00:00,3317.66,3366.4,3233.18,3279.21,197277.1641,1722297600,3271.7057142857147,3278.4428,3365.185252525252,47.21628596228309,-10.322432715915511,-0.8384685616077403,-9.48396415430777,262275.37577,-0.042985553772070584,-2.0
2024-07-31 00:00:00,3279.2,3350.0,3213.75,3232.74,233711.3352,1722384000,3256.9814285714283,3285.0791999999997,3365.319393939394,44.79513791563903,-16.179039079724134,-3.9065826652310194,-12.272456414493115,259499.47653,-0.07729061831923811,-2.0
2024-08-01 00:00:00,3232.74,3242.57,3080.02,3203.4,323285.6105,1722470400,3260.9700000000003,3295.9751999999994,3365.951717171717,43.2859322748108,-22.92368464590163,-7.710003061365142,-15.213681584536488,266376.49792999995,-0.08929637526652445,-2.0
2024-08-02 00:00:00,3203.4,3218.6,2967.0,2989.61,385704.0395,1722556800,3220.2557142857145,3294.7992,3364.27303030303,34.234892533873804,-45.00118547813918,-15.16823954471995,-29.832945933419225,279696.57606,-0.15450292993054138,-2.0
2024-08-03 00:00:00,2989.61,3018.02,2859.0,2903.64,344595.3157,1722643200,3170.9171428571426,3288.2788,3361.9734343434343,31.392273327532664,-68.64354441532623,-25.863300518841207,-42.780243896485025,288654.803265,-0.15582044423770203,-2.0
2024-08-04 00:00:00,2903.65,2935.46,2630.0,2688.92,512064.2612,1722729600,3087.882857142857,3271.7936,3356.2497979797977,25.66118955163728,-103.51315846109583,-41.393272107292134,-62.11988635380369,298543.174065,-0.22787874263103336,-2.0
2024-08-05 00:00:00,2688.91,2697.44,2111.0,2419.59,2670604.1003,1722816000,2959.587142857143,3244.5944,3347.7259595959595,20.58477547021218,-151.13803375665793,-63.3422244371653,-87.79580931949263,413266.939735,-0.27466192618884167,-2.0
2024-08-06 00:00:00,2419.76,2556.23,2414.19,2461.33,642283.8038,1722902400,2842.747142857143,3217.6924000000004,3340.095656565657,23.12299458516783,-183.39891287703676,-87.3535621251396,-96.04535075189716,430490.504115,-0.22489513396399918,-2.0
2024-08-07 00:00:00,2461.33,2551.32,2309.04,2342.8,630115.4228,1722988800,2715.612857142857,3184.3671999999997,3333.315353535354,21.064123053852256,-216.03989893571452,-113.0908294872546,-102.94906944845992,449898.75797,-0.2845560234653898,-2.0
2024-08-08 00:00:00,2342.79,2724.1,2320.4,2682.5,586502.8754,1723075200,2641.1985714285715,3161.8639999999996,3330.386464646465,38.08042193780814,-212.0527524126196,-132.8832140723276,-79.16953834029201,464248.31963,-0.17436388315209872,-2.0
2024-08-09 00:00:00,2682.5,2707.98,2552.61,2598.78,406739.9611,1723161600,2585.3657142857146,3126.4795999999997,3326.473232323232,36.019566606125984,-213.190882602074,-148.9447477782769,-64.24613482379709,477209.77686,-0.2053049392078674,-2.0
2024-08-10 00:00:00,2598.79,2644.7,2576.49,2609.92,171012.3619,1723248000,2543.405714285714,3093.1112000000007,3321.496565656566,36.51192187459354,-210.7643933476338,-161.3086768921483,-49.455716455485515,474815.846675,-0.21332505440581606,-2.0
2024-08-11 00:00:00,2609.92,2720.0,2540.0,2555.38,297098.9145,1723334400,2524.328571428571,3059.8444,3315.821313131313,35.08825680071513,-210.8121935802219,-171.20938022976304,-39.60281335045886,479277.81718499993,-0.22073304240960467,-2.0
2024-08-12 00:00:00,2555.38,2750.0,2510.05,2722.3,483414.2506,1723420800,2567.5728571428576,3031.6764000000003,3311.638383838384,42.480347950182306,-195.1316701888859,-175.99383822158762,-19.13783196729827,478420.09066000005,-0.15789701615347962,-2.0
2024-08-13 00:00:00,2722.3,2738.4,2611.37,2702.44,325668.6964,1723507200,2602.0171428571434,2999.6328000000003,3308.000404040404,41.869410928510376,-182.20691060662602,-177.23645269859531,-4.97045790803071,480929.57295000006,-0.15638384216769685,-2.0
2024-08-14 00:00:00,2702.44,2780.0,2632.2,2661.45,338808.7141,1723593600,2647.5385714285717,2965.3908,3304.5232323232326,40.57246135450882,-173.27409998683197,-176.44398215624264,3.16988216941067,473155.876665,-0.10976682577326147,-2.0
2024-08-15 00:00:00,2661.45,2675.6,2515.71,2569.89,356546.8059,1723680000,2631.4514285714286,2926.7496,3300.4391919191917,37.758889552004256,-171.6047571936956,-175.47613716373323,3.871379970037623,477971.343755,-0.11494193495061367,-2.0
2024-08-16 00:00:00,2569.9,2630.97,2550.04,2592.73,270684.1373,1723766400,2630.587142857143,2892.8747999999996,3295.9593939393944,38.897205240115845,-166.51926347036988,-173.68476242506057,7.16549895469069,479905.955435,-0.03577272659655184,-2.0
2024-08-17 00:00:00,2592.72,2629.69,2587.5,2614.51,89348.676,1723852800,2631.2428571428572,2858.1548000000003,3292.9747474747473,40.02365504432131,-158.89981096952715,-170.72777213395392,11.827961164426767,479196.89759,0.08055910298852287,-2.0
2024-08-18 00:00:00,2614.51,2689.16,2594.53,2612.15,174074.0585,1723939200,2639.3528571428574,2829.2083999999995,3289.941414141414,39.937739240607826,-151.30759250340225,-166.84373620784362,15.536143704441372,471977.02524,0.0612758142955232,-2.0
2024-08-19 00:00:00,2612.15,2648.08,2563.58,2636.36,224867.1336,1724025600,2627.075714285714,2807.6436,3286.9825252525247,41.32912121719956,-141.70368809258116,-161.81572658479115,20.11203849220999,473356.52371499996,0.1253030561721018,-2.0
2024-08-20 00:00:00,2636.36,2695.0,2555.0,2572.82,281315.8751,1724112000,2608.558571428571,2779.572,3283.162626262626,38.78935160442611,-137.6331226642451,-156.97920580068194,19.346083136436846,475736.75071,-0.04088723205964584,-2.0
2024-08-21 00:00:00,2572.81,2663.74,2536.22,2630.71,245286.6218,1724198400,2604.1671428571426,2754.84,3280.6250505050507,42.27015554231676,-128.25745889373366,-151.23485641929227,22.977397525558615,471836.801275,0.012286534450780762,-2.0
2024-08-22 00:00:00,2630.71,2644.69,2584.2,2622.88,199063.1196,1724284800,2611.7371428571428,2728.9488,3276.48696969697,41.922901896303834,-120.07484529696558,-145.00285419482694,24.92800889786136,462504.75528,0.004965669445806675,-2.0
2024-08-23 00:00:00,2622.89,2799.13,2621.4,2762.48,401786.4447,1724371200,2635.9871428571428,2706.7416000000003,3274.6463636363637,49.83547935761735,-101.15940905679781,-136.2341651672211,35.074756110423294,465364.31173,0.08104469785315693,-2.0
2024-08-24 00:00:00,2762.49,2820.0,2731.26,2768.0,263542.9441,1724457600,2657.914285714286,2686.2932,3271.3735353535353,50.124837516755335,-84.74646716997904,-125.9366255677727,41.19015839779365,452938.245875,0.016787275465598883,-2.0
2024-08-25 00:00:00,2768.01,2792.28,2733.21,2746.13,154527.2352,1724544000,2677.054285714286,2666.8288000000002,3267.5673737373736,48.92083521294156,-72.66616834503566,-115.28253412322529,42.61636577818963,327134.40261999995,0.01616687141990214,-2.0
2024-08-26 00:00:00,2746.12,2762.0,2666.66,2680.49,211708.1247,1724630400,2683.358571428572,2645.9123999999997,3263.6209090909088,45.39631945738195,-67.60968159221602,-105.74796361702344,38.138282024807424,305605.618665,0.007153995002723956,-2.0
2024-08-27 00:00:00,2680.49,2699.98,2392.96,2457.33,412660.7197,1724716800,2666.86,2624.6212,3251.454747474748,35.92112750195149,-80.67950329194764,-100.7342715520083,20.054768260060655,294732.88350999996,-0.0437995400581348,-2.0
2024-08-28 00:00:00,2457.33,2554.6,2418.8,2528.33,451266.634,1724803200,2652.2342857142858,2609.6088,3238.7146464646466,40.197847973701826,-84.33614988527643,-97.45464721866193,13.118497333385505,287971.07144,-0.024838683549771923,-2.0
2024-08-29 00:00:00,2528.33,2595.4,2505.88,2527.61,237002.9632,1724889600,2638.6242857142856,2603.1564000000003,3226.4912121212124,40.168569987208784,-86.29738411212611,-95.22319459735478,8.925810485228666,279484.221545,-0.03323758562789969,-2.0
2024-08-30 00:00:00,2527.6,2552.17,2431.14,2526.0,338379.1941,1724976000,2604.8414285714284,2607.4128,3213.788080808081,40.09823979984233,-86.97895071023231,-93.57434581993029,6.595395109697975,287852.563155,-0.03298049499454481,-2.0
2024-08-31 00:00:00,2525.99,2533.95,2491.92,2513.01,97946.1147,1725062400,2568.414285714286,2609.48,3201.5126262626263,39.4973547858463,-87.55796783740698,-92.37107022342563,4.813102386018656,277894.923165,-0.04678799556964908,-2.0
2024-09-01 00:00:00,2513.0,2516.28,2400.0,2425.72,223127.776,1725148800,2522.641428571428,2612.7968,3188.1435353535358,35.63314861976747,-93.97710697878392,-92.6922775744973,-1.2848294042866257,264880.599435,-0.057174617734625954,-2.0
2024-09-02 00:00:00,2425.71,2564.83,2423.52,2538.01,262632.8385,1725235200,2502.287142857143,2607.0172000000002,3175.128787878788,43.31586924838563,-88.97777602711312,-91.94937726502047,2.9716012379073504,261728.80654000002,-0.03523763546723124,-2.0
2024-09-03 00:00:00,2538.0,2553.6,2411.12,2425.29,224793.1299,1725321600,2497.71,2600.0776,3160.291111111111,38.36549368413339,-93.03883837521062,-92.1672694870585,-0.8715688881521118,256028.02733,-0.07533322149698052,-2.0
2024-09-04 00:00:00,2425.28,2490.0,2306.65,2450.71,384179.3854,1725408000,2486.621428571428,2593.7092000000002,3146.210505050505,40.02999614074507,-93.13250444992809,-92.36031647963243,-0.7721879702956613,257409.656305,-0.11285873562885518,-2.0
2024-09-05 00:00:00,2450.71,2466.0,2348.04,2368.81,278549.0969,1725494400,2463.9357142857143,2586.2464,3132.0830303030302,36.60042593804745,-98.67788380248521,-93.62382994420298,-5.054053858282231,257802.904285,-0.14421604046242775,-2.0
2024-09-06 00:00:00,2368.81,2408.83,2150.55,2225.23,643027.111,1725580800,2420.968571428571,2566.3636,3116.702424242424,31.50451652888067,-113.35169516072847,-97.56940298750808,-15.782292173220384,285486.82603500003,-0.18968512051505215,-2.0
2024-09-07 00:00:00,2225.24,2311.27,2220.98,2273.58,219453.2076,1725667200,2386.7642857142855,2549.2092,3101.6649494949497,34.79676002702604,-119.69953374441502,-101.99542913888948,-17.704104605525544,287755.78349,-0.15180433428216478,-2.0
2024-09-08 00:00:00,2273.58,2333.58,2240.94,2297.3,192775.6493,1725753600,2368.4185714285713,2534.6432,3086.3263636363636,36.411532224212436,-121.41662056930409,-105.8796674249724,-15.53695314433169,286151.20927500003,-0.06512352838243118,-2.0
2024-09-09 00:00:00,2297.3,2381.41,2272.8,2359.5,321698.99,1725840000,2342.9171428571426,2526.2276,3071.9686868686863,40.56798566597929,-116.4164279612337,-107.98701953222466,-8.42940842900903,288170.36502,-0.06677530227462392,-2.0
2024-09-10 00:00:00,2359.51,2400.0,2320.41,2388.52,224382.1729,1725926400,2337.6642857142856,2518.0592,3058.04404040404,42.45781512499046,-108.85722944538111,-108.16106151485596,-0.6961679305251494,287125.142575,-0.05502826781030312,-2.0
2024-09-11 00:00:00,2388.52,2389.32,2277.68,2340.55,282898.3125,1726012800,2321.927142857143,2507.1007999999997,3043.1987878787877,40.183221044352536,-105.52090890509317,-107.63303099290341,2.112122087810249,291316.90222,-0.0734164687252572,-2.0
2024-09-12 00:00:00,2340.54,2391.93,2315.39,2361.76,202611.1308,1726099200,2320.92,2497.0852,3028.0045454545457,41.671160406966656,-100.01249926349874,-106.10892464702249,6.096425383523751,281358.13652500004,-0.060186787955479715,-2.0
2024-09-13 00:00:00,2361.75,2464.82,2337.35,2439.19,253888.616,1726185600,2351.4857142857145,2489.1984,3014.12303030303,46.86726250556172,-88.3802979857428,-102.56319931476656,14.182901329023764,280875.42012,0.005552990452319495,-2.0
2024-09-14 00:00:00,2439.19,2440.6,2376.72,2417.79,122931.2302,1726272000,2372.087142857143,2482.9972000000002,3001.3904040404036,45.65669772859605,-79.96668960019952,-98.04389737185316,18.077207771653647,279295.61987,-0.04736781966974135,-2.0
2024-09-15 00:00:00,2417.8,2430.32,2283.75,2316.1,174364.1946,1726358400,2374.772857142857,2470.4128,2987.5977777777775,40.32633940760613,-80.57555266451482,-94.5502284303855,13.974675765870685,277428.423365,-0.045021420118831146,-2.0
2024-09-16 00:00:00,2316.09,2335.7,2252.39,2295.68,330555.232,1726444800,2365.655714285714,2457.3248000000003,2973.348080808081,39.33328219583198,-81.76328808339986,-91.99284036098838,10.229552277588525,273323.14898,-0.06325921875701335,-2.0
2024-09-17 00:00:00,2295.67,2393.63,2263.29,2341.8,274206.2588,1726531200,2358.9814285714283,2440.4975999999997,2959.953636363636,42.76167540394737,-78.08298633941058,-89.21086955667282,11.127883217262237,264470.13022,-0.011402349703015346,-2.0
2024-09-18 00:00:00,2341.79,2376.14,2277.34,2374.75,292917.6008,1726617600,2363.867142857143,2424.7676,2948.6144444444444,45.14670435927734,-71.68123441646276,-85.70494252863082,14.023708112168066,267265.86209999997,0.06719305420113875,-2.0
2024-09-19 00:00:00,2374.74,2494.95,2372.6,2465.21,326746.032,1726704000,2378.6457142857143,2413.5308,2937.5547474747477,51.16315292841192,-58.63255431254129,-80.29046488541293,21.657910572871643,266684.203995,0.08428557605186549,-2.0
2024-09-20 00:00:00,2465.21,2571.93,2437.31,2561.4,340754.5912,1726790400,2396.1042857142857,2408.7672000000002,2928.38303030303,56.612674629717716,-40.0677758343968,-72.2459270752097,32.17815124081291,278824.62782,0.11496104122230433,-2.0
2024-09-21 00:00:00,2561.4,2623.34,2528.97,2612.4,154757.8773,1726876800,2423.905714285714,2414.97,2919.6012121212125,59.21147940930595,-20.997732572780478,-61.996288174723865,40.99855560194339,275406.132885,0.10718372536554366,-2.0
2024-09-22 00:00:00,2612.4,2632.57,2524.58,2581.0,214266.3257,1726963200,2461.7485714285717,2417.0768,2909.624040404041,56.94971939436093,-8.322368392622138,-51.26150421830353,42.93913582568139,272987.807245,0.08058546715120651,-2.0
2024-09-23 00:00:00,2580.99,2702.82,2539.49,2646.97,333282.0149,1727049600,2511.932857142857,2421.8512,2899.750909090909,60.37438480248773,6.965878396876633,-39.6160276952675,46.58190609214413,278412.251495,0.13091794663647427,-2.0
2024-09-24 00:00:00,2646.98,2670.96,2591.56,2653.2,288600.0402,1727136000,2556.4185714285713,2426.9392,2891.0816161616162,60.692397864147544,19.361446355636417,-27.820532885086717,47.18197924072314,273633.284235,0.12339949867895106,-2.0
2024-09-25 00:00:00,2653.2,2673.5,2554.05,2579.95,220343.4293,1727222400,2585.7328571428575,2429.6168000000002,2881.955656565656,55.093839085721235,23.009125567135925,-17.65460119464219,40.663726761778115,270723.00085500005,0.05770768164841589,-2.0
2024-09-26 00:00:00,2580.09,2666.22,2559.2,2632.26,278686.3573,1727308800,2609.597142857143,2437.8784,2872.579393939394,58.06854254361571,29.777659130935717,-8.168149129526608,37.94580826046233,252505.96316999997,0.08870497437742753,-2.0
2024-09-27 00:00:00,2632.25,2728.6,2615.21,2694.43,281826.9792,1727395200,2628.6014285714286,2444.1351999999997,2864.3102020202023,61.34583276405856,39.700724924443875,1.4056256812674883,38.29509924317639,255624.65175000002,0.16334786926298506,-2.0
2024-09-28 00:00:00,2694.43,2704.35,2650.0,2675.21,137230.0342,1727481600,2637.5742857142855,2454.1319999999996,2855.792121212122,59.79000773769657,45.48955738460609,10.222412021935208,35.26714536267088,252847.370995,0.1653235642598272,-2.0
2024-09-29 00:00:00,2675.21,2683.7,2629.73,2657.62,160554.3146,1727568000,2648.52,2462.4084,2847.326161616162,58.33193493578335,48.103377034196,17.798605024387367,30.304772009808634,244790.137225,0.13486207191049604,-2.0
2024-09-30 00:00:00,2657.62,2663.5,2575.0,2602.23,282475.7961,1727654400,2642.128571428571,2471.7452000000003,2839.0566666666664,53.87640451320879,45.184479300578914,23.275779879625677,21.908699420953237,247694.81838500002,0.09579113590904309,-2.0
2024-10-01 00:00:00,2602.24,2659.0,2414.0,2447.79,502828.6804,1727740800,2612.784285714286,2480.6476,2829.9158585858586,43.82497523666697,30.062670770815657,24.633158057863675,5.429512712951983,258691.33678,-0.00706633511952337,-2.0
2024-10-02 00:00:00,2447.78,2499.0,2352.0,2364.1,317484.735,1727827200,2581.9485714285715,2484.2684000000004,2819.503636363637,39.52202017934257,11.196380090564617,21.945802464403865,-10.749422373839248,264435.01699000003,-0.07702818770984621,-2.0
2024-10-03 00:00:00,2364.09,2403.38,2310.0,2349.8,314635.9263,1727913600,2541.597142857143,2486.3684,2809.184040404041,38.82063764297909,-4.85323659727419,16.585994652068255,-21.439231249342445,267472.382505,-0.10052059408972591,-2.0
2024-10-04 00:00:00,2349.8,2441.64,2339.15,2414.41,239383.017,1728000000,2501.594285714286,2488.5648,2798.719090909091,43.68358120710814,-12.218340992620597,10.825127523130487,-23.043468515751083,273294.971845,-0.06454475009686178,-2.0
2024-10-05 00:00:00,2414.41,2428.23,2390.05,2414.66,103740.2316,1728086400,2464.3728571428574,2489.6103999999996,2788.9666666666667,43.70222827019095,-17.829538556010448,5.094194307302299,-22.923732863312747,269763.77369500004,-0.08776450054212925,-2.0
2024-10-06 00:00:00,2414.66,2457.8,2407.0,2440.03,105752.7096,1728172800,2433.2885714285717,2493.5896,2779.4841414141415,45.66827591670177,-19.9987726748368,0.07560091087447862,-20.074373585711278,258523.647575,-0.0803444896728478,-2.0
2024-10-07 00:00:00,2440.02,2521.0,2403.0,2422.71,300459.5407,1728259200,2407.6428571428573,2496.0276,2769.2270707070707,44.52508261634069,-22.85206125597051,-4.50993152249452,-18.342129733475993,259836.31167000002,-0.060946917575921966,-2.0
2024-10-08 00:00:00,2422.7,2466.66,2401.18,2440.89,201358.3312,1728345600,2406.657142857143,2496.0956,2759.1128282828286,46.05164287699034,-23.376865001805072,-8.28331821835663,-15.093546783448442,255258.34819,-0.07270178477809952,-2.0
2024-10-09 00:00:00,2440.88,2473.61,2351.42,2370.47,242082.2725,1728432000,2407.567142857143,2494.2028,2748.4978787878786,41.30970159867816,-29.139182865329985,-12.454491147751302,-16.684691717578684,251025.16021499998,-0.12023322186881824,-2.0
2024-10-10 00:00:00,2370.47,2421.36,2330.66,2386.49,257862.9619,1728518400,2412.808571428571,2497.0184,2739.3161616161615,42.753839226104006,-32.043800190139336,-16.37235295622891,-15.671447233910428,246880.57875000002,-0.10792423772339377,-2.0
2024-10-11 00:00:00,2386.49,2471.45,2381.86,2439.5,235441.2197,1728604800,2416.3928571428573,2502.7712,2733.051515151515,47.36877557755745,-29.72560806353522,-19.043003977690173,-10.682604085845046,250914.74586999998,-0.0820734341252699,-2.0
2024-10-12 00:00:00,2439.49,2490.51,2434.35,2476.4,139637.5062,1728691200,2425.2128571428575,2508.1552,2727.946666666667,50.36816546766818,-24.627017559061642,-20.15980669396447,-4.467210865097172,247183.304895,-0.04835468040872637,-2.0
2024-10-13 00:00:00,2476.4,2484.92,2436.4,2468.91,120022.8179,1728777600,2429.3385714285714,2511.9216,2721.9070707070705,49.748426318024705,-20.94923847368682,-20.31769304990894,-0.6315454237778795,236520.34504500002,0.008628191143848163,-2.0
2024-10-14 00:00:00,2468.92,2654.0,2443.39,2629.79,435900.1619,1728864000,2458.9214285714284,2518.5048,2718.864545454546,60.88199554612685,-4.995317669205633,-17.25321797376828,12.257900304562646,243885.35113,0.11238526289074069,-2.0
2024-10-15 00:00:00,2629.79,2688.6,2537.36,2607.41,416285.6663,1728950400,2482.71,2520.3451999999997,2714.7069696969697,58.92614578627572,5.775820484380802,-12.647410282138464,18.423230766519268,253682.46297999998,0.10963060686015824,-2.0
2024-10-16 00:00:00,2607.41,2647.79,2588.67,2611.1,260322.4242,1729036800,2517.085714285714,2520.2932,2710.1054545454544,59.159111900990055,14.443284046486497,-7.229271416413472,21.672555462899968,252764.26632500003,0.08146503700697072,-2.0
2024-10-17 00:00:00,2611.1,2648.37,2575.4,2605.8,221624.5434,1729123200,2548.4157142857143,2521.2852,2705.1029292929293,58.64460694066646,20.646643999173193,-1.6540883332961398,22.300732332469334,249754.14453499997,0.07915814234716279,-2.0
2024-10-18 00:00:00,2605.79,2675.58,2596.49,2642.17,292444.1153,1729209600,2577.3685714285716,2521.0932,2700.482727272727,61.14207336977143,28.172847449293386,4.311298823221765,23.86154862607162,257514.84858999998,0.08284324373060992,-2.0
2024-10-19 00:00:00,2642.17,2663.49,2631.02,2648.2,105413.7646,1729296000,2601.911428571428,2520.8932,2695.5768686868687,61.556595802801624,34.22941314440959,10.29492168745933,23.934491456950262,254757.82108999998,0.0930734590603084,-2.0
2024-10-20 00:00:00,2648.2,2759.0,2635.54,2746.91,256910.7448,1729382400,2641.625714285714,2527.5715999999998,2691.243333333333,67.64187237427967,46.45880890959279,17.527699131886024,28.931109777706766,253479.568525,0.12537230272564526,-2.0
2024-10-21 00:00:00,2746.91,2769.48,2655.01,2666.7,310674.7232,1729468800,2646.8985714285714,2528.9492,2685.4011111111113,59.41213975636782,49.11228070385778,23.84461544628038,25.2676652575774,243871.870665,0.124966778740081,-2.0
2024-10-22 00:00:00,2666.71,2671.92,2606.56,2622.81,265747.713,1729555200,2649.098571428571,2526.0844,2676.7083838383837,55.437519492295934,47.13033090501858,28.50175853802802,18.62857236699056,241285.01956499997,0.09902408977200827,-2.0
2024-10-23 00:00:00,2622.81,2628.2,2450.0,2524.61,352647.7086,1729641600,2636.7428571428572,2520.0604000000003,2667.420303030303,47.741790867058654,37.206805211854316,30.242767872793284,6.964037339061033,243185.60868,0.03488829678212757,-2.0
2024-10-24 00:00:00,2524.6,2562.65,2507.31,2535.82,290851.7842,1729728000,2626.7457142857143,2515.1884,2658.82202020202,48.618650881626145,29.902198982601476,30.17465409475492,-0.27245511215344465,245759.04704,0.023994508157002103,-2.0
2024-10-25 00:00:00,2535.82,2566.33,2382.59,2440.62,514799.8822,1729814400,2597.952857142857,2508.724,2648.8636363636365,42.15031468863514,16.244149099482,27.38855309570034,-11.144403996218337,266312.02956999996,-0.011458497879631047,-2.0
2024-10-26 00:00:00,2440.63,2508.0,2430.12,2482.51,248724.8313,1729900800,2574.282857142857,2510.1128,2638.550303030303,45.581129673912386,8.699931679949714,23.650828812550216,-14.950897132600502,273460.635655,-0.056004471839956715,-2.0
2024-10-27 00:00:00,2482.51,2527.99,2464.13,2507.8,137580.8836,1729987200,2540.1242857142856,2515.8608,2628.351313131313,47.601532804077436,4.707511403336866,19.862165330707544,-15.154653927370678,265316.70279999997,-0.03820266087803592,-2.0
2024-10-28 00:00:00,2507.8,2589.67,2471.67,2567.48,360605.327,1730073600,2525.9500000000003,2524.568,2618.569090909091,52.119203257208426,6.2866976663513015,17.147071797836297,-10.860374131484996,273279.05259000004,-0.01670560300256596,-2.0
2024-10-29 00:00:00,2567.49,2681.86,2561.2,2638.8,451915.7025,1730160000,2528.2342857142858,2533.5436,2610.480202020202,56.90138901596721,13.141653312116887,16.345988100692416,-3.2043347885755296,283770.72409000003,0.012664057103384696,-2.0
2024-10-30 00:00:00,2638.8,2722.3,2599.66,2659.19,460627.126,1730246400,2547.46,2543.3248000000003,2602.1638383838385,58.18716486475744,19.98913533301993,17.07461754715792,2.91451778586201,293908.932295,0.006441674835457212,-2.0
2024-10-31 00:00:00,2659.19,2669.0,2503.0,2518.61,403427.2017,1730332800,2545.0014285714287,2546.4680000000003,2593.909292929293,47.63544577749424,13.911816285772602,16.442057294880858,-2.5302410091082557,302308.231395,-0.04893512574578951,-2.0
2024-11-01 00:00:00,2518.61,2586.8,2467.67,2511.49,430249.1073,1730419200,2555.1257142857144,2550.0191999999997,2587.2023232323236,47.168901439219965,8.423867558889015,14.838419347682489,-6.414551788793474,316838.81145,-0.08570357237768989,-2.0
2024-11-02 00:00:00,2511.49,2523.45,2470.0,2494.23,145961.13,1730505600,2556.7999999999997,2552.1528,2579.319696969697,45.992923467935476,2.6513280428534927,12.40100108671669,-9.749673043863197,318135.72705499997,-0.06467544155698046,-2.0
2024-11-03 00:00:00,2494.23,2496.39,2411.0,2457.73,276009.1197,1730592000,2549.647142857143,2555.6432,2571.3269696969696,43.521839924059904,-4.813212353388735,8.958158398695605,-13.77137075208434,310141.174945,-0.06294012909818092,-2.0
2024-11-04 00:00:00,2457.73,2491.39,2357.59,2398.21,306316.9645,1730678400,2525.465714285714,2556.1119999999996,2562.519393939394,39.7695070188642,-15.354681753825389,4.095590368191407,-19.450272122016795,304642.739855,-0.050067139082868306,-2.0
2024-11-05 00:00:00,2398.21,2480.0,2380.74,2422.55,331619.2545,1730764800,2494.5728571428576,2555.4339999999997,2553.4778787878786,41.97277953676275,-21.497033201416798,-1.0229343457302345,-20.474098855686563,308207.58136999997,-0.04466799693984591,-2.0
2024-11-06 00:00:00,2422.6,2744.7,2420.3,2721.87,1002141.3618,1730851200,2503.5271428571427,2565.2528,2547.8481818181817,60.91003174879264,-2.187057461479526,-1.2557589688800928,-0.9312984925994332,347233.42229,0.11523711188140728,-2.0
2024-11-07 00:00:00,2721.88,2916.11,2699.49,2895.47,730845.9524,1730937600,2557.3642857142854,2582.3152,2544.441414141414,67.52886363387586,26.815197690453715,4.358432362986669,22.456765327467046,369153.51414499996,0.16634776899186687,-2.0
2024-11-08 00:00:00,2895.47,2981.69,2886.4,2961.75,568864.435,1731024000,2621.6871428571426,2595.5935999999997,2542.000505050505,69.6423599819006,54.51946941700635,14.390639773790605,40.128829643215745,392326.047665,0.181015232474679,-2.0
2024-11-09 00:00:00,2961.75,3157.4,2953.71,3126.21,526719.4212,1731110400,2711.9700000000003,2616.3456,2543.380303030303,74.14009097045391,88.72310715812864,29.257133250658214,59.46597390747043,405816.481485,0.2176180534999299,-2.0
2024-11-10 00:00:00,3126.2,3248.52,3069.0,3183.21,865536.7322,1731196800,2815.61,2639.23,2546.2042424242422,75.49520486683772,119.05674804182081,47.21705620889074,71.83969183293007,433559.58193499997,0.20630968622100943,-2.0
2024-11-11 00:00:00,3183.2,3387.61,3105.0,3371.59,1000093.9664,1731283200,2954.664285714286,2669.8616,2553.099898989899,79.34710010118155,156.4931134288522,69.07226765288304,87.42084577596917,470276.89460500004,0.2679011277870329,-2.0
2024-11-12 00:00:00,3371.59,3442.5,3207.67,3243.8,973215.7285,1731369600,3071.985714285714,2693.9267999999997,2561.4252525252527,71.17392053614874,173.8461277528363,90.0270396728737,83.81908807996261,501305.2956,0.28793262950595766,-2.0
2024-11-13 00:00:00,3243.79,3331.0,3116.69,3187.16,919686.3747,1731456000,3138.4557142857143,2715.4852,2568.756868686869,67.83852432245435,180.94235119467203,108.21010197723336,72.73224921743866,532747.0251249999,0.26903153108314193,-2.0
2024-11-14 00:00:00,3187.16,3240.4,3028.56,3058.82,605780.6662,1731542400,3161.7914285714287,2727.9616000000005,2575.9893939393937,60.87701562875505,174.2021006012992,121.40850170204655,52.79359889925266,537296.0643249999,0.2263584352685999,-2.0
2024-11-15 00:00:00,3058.81,3131.06,3014.5,3090.01,519623.6317,1731628800,3180.1142857142863,2744.8940000000002,2580.1056565656563,61.900277549353554,169.42415953126238,131.01163326788972,38.412526263372655,550841.004345,0.2572617822136687,-2.0
2024-11-16 00:00:00,3090.01,3219.97,3072.0,3132.87,423639.1573,1731715200,3181.065714285714,2765.2964,2585.500505050505,63.32000688871366,167.16903009426778,138.24311263316534,28.925917461102443,565143.9180300001,0.30633680953711306,-2.0
2024-11-17 00:00:00,3132.88,3162.11,3034.99,3076.0,449818.9575,1731801600,3165.75,2787.3520000000003,2590.2083838383837,60.1188276379933,158.9604924431269,142.38658859515766,16.573903847969234,569604.599555,0.2697364347485087,-2.0
2024-11-18 00:00:00,3075.99,3224.94,3050.01,3207.8,640658.4357,1731888000,3142.3514285714286,2814.2312000000006,2596.798484848485,64.5871709011331,161.23174650627107,146.15562017738034,15.076126328890723,579041.736215,0.1785279972959768,-2.0
2024-11-19 00:00:00,3207.81,3221.2,3065.4,3107.44,500112.0194,1731974400,3122.871428571429,2840.9040000000005,2600.688787878788,59.15240382173368,153.16789431635516,147.5580750051753,5.609819311179848,581015.980885,0.07320745854731703,-2.0
2024-11-20 00:00:00,3107.45,3159.2,3029.41,3069.97,503607.8336,1732060800,3106.13,2864.4024,2604.401212121212,57.21658662438976,142.11549850583606,146.46955970530746,-4.354061199471403,586025.0124799999,0.03653920823837242,-2.0
2024-11-21 00:00:00,3069.97,3386.73,3032.59,3355.81,974923.3035,1732147200,3148.557142857143,2898.3228000000004,2611.4149494949497,66.28183768098074,154.6387154804338,148.10339086033275,6.535324620101051,613258.72229,0.07344356265254093,-2.0
2024-11-22 00:00:00,3355.88,3425.92,3257.54,3327.78,603273.7093,1732233600,3182.5242857142853,2928.7348,2619.070404040404,64.83115331455889,160.4520767513527,150.57312803853674,9.87894871281597,636124.351255,0.045416419274882935,-2.0
2024-11-23 00:00:00,3327.78,3497.51,3312.72,3393.91,721024.0009,1732320000,3219.815714285714,2958.9392,2627.163131313131,66.6838054759308,168.45351846786934,154.14920612440326,14.30431234346608,658375.095315,0.006620022007420845,-2.0
2024-11-24 00:00:00,3393.91,3450.0,3281.4,3361.2,479098.0921,1732406400,3260.558571428571,2987.0196,2634.7054545454544,64.8636689042851,170.19341134015121,157.35804716755285,12.83536417259836,667014.151695,0.03619212035267272,-2.0
2024-11-25 00:00:00,3361.21,3546.66,3300.01,3414.49,949330.37,1732492800,3290.0857142857144,3022.8547999999996,2642.809898989899,66.46940693863871,173.86810334732127,160.66005840350655,13.208044943814713,697899.70747,0.07132682388082179,-2.0
2024-11-26 00:00:00,3414.49,3462.49,3252.0,3324.73,672367.1503,1732579200,3321.1271428571426,3055.3843999999995,2649.763131313131,61.38108424087324,167.6053907791802,162.0491248786413,5.556265900538904,681410.996895,0.08693221569101794,-2.0
2024-11-27 00:00:00,3324.74,3684.92,3302.4,3653.28,754573.6485,1732665600,3404.457142857143,3101.7464,2660.6768686868686,70.33321849008169,186.99779100893693,167.03885810470044,19.95893290423649,682597.3817,0.18228743596299046,-2.0
2024-11-28 00:00:00,3653.27,3661.92,3529.76,3578.79,560976.425,1732752000,3436.3114285714287,3146.5888,2670.253434343434,66.56567695471713,194.118015792832,172.45468964232677,21.66332615050524,682202.9812,0.1423359411657681,-2.0
2024-11-29 00:00:00,3578.8,3647.98,3534.28,3592.21,425493.2449,1732838400,3474.087142857143,3194.3488,2680.044646464647,66.9095823827733,198.55490967431342,177.6747336487241,20.88017602558932,677141.672385,0.1678185955786735,-2.0
2024-11-30 00:00:00,3592.22,3738.98,3568.4,3703.6,503684.7485,1732924800,3518.3285714285716,3245.5908,2689.550909090909,69.69587436697857,208.65418653673487,183.87062422632627,24.7835623104086,659049.0732,0.15456075815200432,-2.0
2024-12-01 00:00:00,3703.59,3746.8,3659.2,3707.61,429089.2633,1733011200,3567.815714285714,3285.0204,2699.0419191919186,69.79447814893935,214.50878594134747,189.99825656933052,24.510529372016947,630498.838045,0.1931396905491336,-2.0
2024-12-02 00:00:00,3707.61,3760.0,3554.32,3643.42,737130.569,1733097600,3600.52,3314.9383999999995,2708.1054545454544,66.08750970942982,211.53060842711102,194.3047269408866,17.22588148622441,618694.5800699999,0.18679335628686933,-2.0
2024-12-03 00:00:00,3643.43,3670.0,3500.0,3614.51,678400.2032,1733184000,3641.9171428571426,3341.0488,2717.5399999999995,64.42778364173066,204.48046241536304,196.33987403578192,8.140588379581118,606630.271495,0.07709018091012321,-2.0
2024-12-04 00:00:00,3614.51,3887.24,3614.51,3837.8,968744.0399,1733270400,3668.277142857143,3369.5124,2731.4841414141415,70.5745418137092,214.4388897575509,199.9596771801357,14.479212577415183,624778.44018,0.15326133338141346,-2.0
2024-12-05 00:00:00,3837.8,3956.0,3677.0,3785.2,946493.276,1733356800,3697.7642857142855,3393.592,2744.179797979798,67.610721132988,215.6013169942221,203.08800514295302,12.513311851269066,646121.922395,0.11529180208078582,-2.0
2024-12-06 00:00:00,3785.21,4087.73,3777.26,3998.87,803855.1146,1733443200,3755.858571428572,3418.6832,2759.04101010101,72.63762066454967,231.09995580364512,208.69039527509145,22.40956052855367,665132.72026,0.18971498274425813,-2.0
2024-12-07 00:00:00,3998.87,4024.46,3968.0,3996.22,283920.02,1733529600,3797.6614285714286,3448.78,2773.8917171717176,72.4873589946596,240.39775024631444,215.03186626933604,25.36588397697841,656837.7733850001,0.17037097780342014,-2.0
2024-12-08 00:00:00,3996.22,4015.58,3923.5,4004.15,251362.1685,1733616000,3840.024285714286,3481.4595999999997,2788.953737373737,72.66955768802306,245.57536412309173,221.1405658400872,24.43479828300454,637372.960025,0.20435343621888102,-2.0
2024-12-09 00:00:00,4004.15,4006.17,3509.0,3712.0,939642.2001,1733702400,3849.8214285714284,3507.5868,2801.9464646464644,57.5489907494262,223.5279064581955,221.61803396370888,1.9098724944866206,659349.46906,0.01607322734638461,-2.0
2024-12-10 00:00:00,3712.0,3780.76,3515.89,3628.25,942206.0337,1733788800,3851.784285714286,3529.1163999999994,2812.95898989899,54.075398062093214,197.02601904030553,216.69963097902823,-19.6736119387227,681279.3790650001,0.013820313569670173,-2.0
2024-12-11 00:00:00,3628.24,3848.64,3562.34,3831.81,461818.7801,1733875200,3850.9285714285716,3557.0739999999996,2827.1662626262623,60.3411551027831,190.25552583209765,211.4108099496421,-21.155284117544454,655624.1528950001,0.06669988669927429,-2.0
2024-12-12 00:00:00,3831.82,3987.41,3796.8,3881.61,572098.6343,1733961600,3864.7014285714286,3589.2983999999997,2841.6197979797985,61.71726369340459,186.75550379339256,206.47974871839222,-19.724244924999653,654065.399145,0.04806404579328216,-2.0
2024-12-13 00:00:00,3881.6,3968.47,3852.94,3906.8,387765.6873,1734048000,3851.5485714285714,3617.2583999999997,2857.1550505050504,62.427441221368255,183.8945121243969,201.9627013995932,-18.06818927519629,637402.4834649999,0.05372463662575089,-2.0
2024-12-14 00:00:00,3906.8,3945.0,3825.03,3870.29,265538.9479,1734134400,3833.558571428571,3647.7724,2873.7718181818177,60.670686175942855,176.64485184670048,196.89913148901468,-20.254279642314202,626724.526255,0.062268418134609815,-2.0
2024-12-15 00:00:00,3870.3,3974.61,3831.5,3959.09,253833.2141,1734220800,3827.121428571428,3683.3372000000004,2890.7971717171718,63.37060806894986,176.03563251976811,192.72643169516536,-16.690799175397245,591949.6684600001,0.09533242403534636,-2.0
2024-12-16 00:00:00,3959.09,4107.8,3884.0,3986.24,673351.0723,1734307200,3866.2985714285714,3708.5544,2907.8571717171717,64.1802608309188,175.71803182180338,189.324751720493,-13.606719898689619,591998.86456,0.038678409505445766,-2.0
2024-12-17 00:00:00,3986.24,4041.82,3847.96,3893.01,450825.9861,1734393600,3904.121428571428,3731.1636,2923.3471717171715,59.33052773927177,166.02956367585648,184.6657141115657,-18.636150435709226,576811.48144,0.028481982457994492,-2.0
2024-12-18 00:00:00,3893.01,3907.19,3617.42,3626.8,722505.0618,1734480000,3874.834285714286,3740.4792,2935.8550505050507,48.14365322326455,135.31068334867996,174.79470795898857,-39.48402461030861,584887.9132800001,-0.09304378486922549,-2.0
2024-12-19 00:00:00,3626.8,3720.0,3326.8,3417.01,1078153.4851,1734566400,3808.4628571428575,3742.7115999999996,2946.7283838383837,41.50241544662873,92.96579781201854,158.42892592959458,-65.46312811757605,617520.9252899999,-0.14493946779706812,-2.0
2024-12-20 00:00:00,3417.01,3497.84,3101.9,3472.21,1332783.731,1734652800,3746.378571428571,3745.0204000000003,2957.945050505051,43.702981263810976,63.13358495210423,139.3698577340965,-76.23627278199228,658975.8744150001,-0.1328471710600252,-2.0
2024-12-21 00:00:00,3472.2,3555.18,3293.11,3338.92,475275.82,1734739200,3670.468571428572,3745.5879999999997,2967.033232323233,39.808779370540385,28.408477042460163,117.17758159576925,-88.76910455330909,661285.2022499999,-0.1005064655172414,-2.0
2024-12-22 00:00:00,3338.92,3403.0,3221.1,3281.83,361920.2495,1734825600,3573.717142857143,3730.73,2975.760909090909,38.23718498002936,-3.675735445636292,93.00691818748815,-96.68265363312445,642524.686275,-0.09547853648453108,-2.0
2024-12-23 00:00:00,3281.83,3466.99,3216.97,3422.53,488253.41,1734912000,3493.187142857143,3724.4796,2986.9369696969698,44.09494316858813,-17.547118614992087,70.8961108269921,-88.44322944198419,633017.3466149999,-0.1068111414710019,-2.0
2024-12-24 00:00:00,3422.53,3539.65,3358.19,3493.18,315723.6763,1734998400,3436.068571428572,3720.5183999999995,2999.0329292929296,46.82226832421906,-22.579146811895498,52.201059299214585,-74.78020611111009,600366.328435,-0.10006930114050616,-2.0
2024-12-25 00:00:00,3493.17,3547.95,3440.93,3497.0,219846.0452,1735084800,3417.5257142857145,3712.2544,3010.7016161616157,46.972901132353286,-25.95957748682622,36.56893194200643,-62.52850942883265,564033.966895,-0.10489403092044647,-2.0
2024-12-26 00:00:00,3497.0,3514.94,3304.63,3335.05,310170.1719,1735171200,3405.817142857143,3697.3520000000003,3020.4016161616155,41.59368016192931,-41.2313157365661,21.008882406291924,-62.24019814285803,539349.71976,-0.13829454640349947,-2.0
2024-12-27 00:00:00,3335.04,3444.16,3306.6,3333.51,342529.6038,1735257600,3386.002857142857,3684.9556,3029.1723232323234,41.54495931929313,-52.84932928566059,6.237240067901421,-59.08656935356201,542280.1989499999,-0.1580110580966838,-2.0
2024-12-28 00:00:00,3333.51,3428.68,3322.23,3404.0,175963.613,1735344000,3395.2999999999997,3676.5352,3037.683434343434,44.735922832763855,-55.726356091525304,-6.155479163983925,-49.57087692754138,538510.271175,-0.14606245484466562,-2.0
2024-12-29 00:00:00,3404.01,3413.78,3326.17,3356.48,156256.8819,1735430400,3405.964285714286,3657.2824000000005,3045.199393939394,43.03058386899803,-61.13614796402271,-17.151612923991685,-43.98453504003103,499341.005265,-0.13781880858256212,-2.0
2024-12-30 00:00:00,3356.48,3437.59,3305.0,3361.84,420794.6476,1735516800,3397.2942857142853,3640.348,3053.086666666667,43.29316454825964,-64.25030230328366,-26.57135079985008,-37.67895150343358,473270.4359599999,-0.07305613764199848,-2.0
2024-12-31 00:00:00,3361.83,3451.0,3315.59,3337.78,303053.1685,1735603200,3375.094285714286,3613.9044,3060.0645454545456,42.34956979240288,-67.8772858761713,-34.83253781511433,-33.04474806105697,465332.15538,-0.023186938288152548,-2.0
2025-01-01 00:00:00,3337.78,3374.85,3313.88,3360.38,190238.5861,1735689600,3355.577142857143,3588.4708,3067.2077777777777,43.593210888204155,-68.14256034636946,-41.49454232136536,-26.648018025004106,446239.15297,-0.032207153369179786,-2.0
2025-01-02 00:00:00,3360.39,3509.99,3354.5,3455.67,338632.8874,1735776000,3372.808571428571,3566.5316000000003,3076.0534343434347,48.62548002882324,-59.972361594001995,-45.19010617589269,-14.782255418109308,443782.512975,0.03496639631976817,-2.0
2025-01-03 00:00:00,3455.68,3630.0,3423.44,3609.01,334041.0604,1735862400,3412.165714285715,3562.4120000000003,3085.9195959595963,55.50470328591195,-40.655512296916186,-44.28318740009739,3.627675103181204,447207.6186,0.0996943778318804,-2.0
2025-01-04 00:00:00,3609.0,3671.6,3572.42,3656.88,229266.3133,1735948800,3448.2914285714287,3563.5572,3095.641313131314,57.421494004930366,-21.239228519463268,-39.67439562397056,18.435167104507293,445979.27356,0.06847273800375753,-2.0
2025-01-05 00:00:00,3656.88,3675.25,3593.7,3635.99,155444.1741,1736035200,3488.2214285714285,3555.7244000000005,3105.3461616161617,56.2820571837837,-7.451436630923126,-33.229803825361074,25.778367194437948,420083.92864999996,0.04088251965258016,-2.0
2025-01-06 00:00:00,3636.0,3744.83,3610.63,3687.45,329642.3648,1736121600,3534.7371428571428,3547.9580000000005,3115.748484848485,58.46836264805337,7.540952303185804,-25.0756525996517,32.61660490283751,414024.74758499995,0.0544609665427509,-2.0
2025-01-07 00:00:00,3687.44,3700.86,3356.31,3381.31,541543.2874,1736208000,3540.9557142857143,3526.9384000000005,3123.6179797979803,44.28095418267821,-5.220235310297994,-21.10456914178096,15.884333831482966,404976.658865,0.013870856508897855,-2.0
2025-01-08 00:00:00,3381.31,3415.1,3208.2,3327.29,584749.9627,1736294400,3536.2285714285713,3505.2183999999997,3132.501818181818,42.32913011246952,-19.46811466205554,-20.777278245835877,1.309163583780336,380306.482745,-0.0018659011072413856,-2.0
2025-01-09 00:00:00,3327.29,3357.27,3158.0,3219.2,501818.4247,1736380800,3502.447142857143,3475.6228,3141.1391919191924,38.657390664581484,-39.03168834605867,-24.42816026588044,-14.603528080178233,338758.21743,-0.05428907168037611,-2.0
2025-01-10 00:00:00,3219.2,3322.49,3193.97,3267.04,454142.1333,1736467200,3453.594285714285,3446.8547999999996,3150.4042424242425,41.092903735882054,-50.09817270422582,-29.56216275354952,-20.5360099506763,337701.53309499996,-0.026646963485556285,-2.0
2025-01-11 00:00:00,3267.05,3320.18,3217.56,3282.83,151679.7487,1736553600,3400.1585714285716,3422.4476,3159.1761616161616,41.9126611293269,-56.937974720405236,-35.037325146920665,-21.90064957348457,327189.508055,-0.023502010803607587,-2.0
2025-01-12 00:00:00,3282.83,3300.0,3224.49,3267.3,164879.9709,1736640000,3347.488571428571,3408.0676000000003,3167.788686868687,41.303850431118285,-62.88678855393209,-40.60721782832295,-22.27957072560914,311020.8361,-0.021115831480804648,-2.0
2025-01-13 00:00:00,3267.3,3339.0,2920.0,3137.51,845907.5669,1736726400,3268.925714285714,3396.8876,3174.8339393939395,36.52832407197219,-77.18449980750484,-47.92267422415933,-29.261825583345505,337530.03063000005,-0.06632285634362778,-2.0
2025-01-14 00:00:00,3137.51,3256.67,3125.65,3225.63,374308.4517,1736812800,3246.6857142857148,3387.0244000000002,3182.944242424243,41.475804648687934,-80.47729922489088,-54.43359922430564,-26.043700000585247,345253.150955,-0.0665688564012189,-2.0
2025-01-15 00:00:00,3225.63,3473.75,3186.36,3451.52,464188.034,1736899200,3264.432857142857,3391.5283999999997,3193.152626262626,51.839258097541936,-64.12029250945352,-56.370937881335216,-7.749354628118304,352954.04406000004,-0.043638005990562556,-2.0
2025-01-16 00:00:00,3451.51,3460.79,3265.44,3308.05,471282.6787,1736985600,3277.1257142857144,3392.5771999999997,3202.623131313131,46.23879047186348,-62.01915855850484,-57.500582016769144,-4.518576541735698,359391.697805,-0.09539005928551114,-2.0
2025-01-17 00:00:00,3308.04,3525.72,3307.5,3473.63,518550.1813,1737072000,3306.6385714285716,3394.6212,3213.6043434343437,52.60304342618359,-46.457538983732775,-55.29197341016187,8.834434426429098,376521.02622,-0.04465358815618292,-2.0
2025-01-18 00:00:00,3473.64,3494.39,3227.0,3307.71,634197.1281,1737158400,3310.1928571428575,3387.2024,3222.3741414141414,46.644326277655935,-46.97173972733026,-53.62792667359555,6.656186946265294,400418.03853,-0.10298173534556399,-2.0
2025-01-19 00:00:00,3307.71,3448.99,3130.48,3215.12,1342301.5217,1737244800,3302.7385714285715,3375.9272,3229.8359595959596,43.67136858086379,-54.225409942657734,-53.747423327407994,-0.4779866152497405,446493.382235,-0.04914958995182339,-2.0
2025-01-20 00:00:00,3215.2,3453.69,3142.78,3284.0,1158354.7814,1737331200,3323.6657142857143,3373.8852,3238.069191919192,46.40792385419865,-53.79583065332599,-53.7571047925916,-0.03872586073439521,489258.4628799999,-0.013010588196400108,-2.0
2025-01-21 00:00:00,3283.99,3368.0,3204.6,3327.54,548706.0513,1737417600,3338.2242857142855,3373.6464,3245.117171717172,48.12355989340815,-49.37293143059196,-52.880270120191675,3.507338689599713,507181.83613999997,0.03365432405566615,-2.0
2025-01-22 00:00:00,3327.55,3365.99,3222.85,3242.6,349240.7498,1737504000,3308.378571428572,3367.1904000000004,3251.533232323232,45.0909111881139,-52.12088296342881,-52.7283926888391,0.6075097254102886,507712.22926000005,-0.007480777707037589,-2.0
2025-01-23 00:00:00,3242.61,3347.97,3185.0,3338.21,605592.7225,1737590400,3312.6871428571426,3366.4595999999997,3258.877777777778,48.987767851259065,-46.05285772034222,-51.393285695139724,5.340427974797507,521289.812365,0.01686959117590625,-2.0
2025-01-24 00:00:00,3338.22,3428.0,3275.9,3310.09,451524.2752,1737676800,3289.324285714286,3364.3896000000004,3265.9918181818184,47.91080591876936,-43.017078880654935,-49.71804433224277,6.700965451587834,532402.71046,0.013096440486028316,-2.0
2025-01-25 00:00:00,3310.1,3350.68,3268.66,3318.77,208559.0415,1737763200,3290.9042857142854,3363.6292,3272.8261616161612,48.28871482316904,-39.4559749022028,-47.66563044623478,8.209655544031982,535058.45383,0.05777192742015158,-2.0
2025-01-26 00:00:00,3318.76,3362.0,3230.0,3232.61,272165.469,1737849600,3293.402857142857,3358.5183999999995,3278.729292929293,44.813222672414206,-43.08945782618321,-46.75039592222446,3.6609380960412565,532184.6090399999,0.0021639183663346717,-2.0
2025-01-27 00:00:00,3232.61,3253.91,3020.01,3182.44,753004.7529,1737936000,3278.8942857142856,3347.5892,3283.1285858585857,42.878011359959515,-49.44732099652401,-47.28978093708437,-2.15754005943964,542757.682315,-0.07795985536806971,-2.0
2025-01-28 00:00:00,3182.44,3223.01,3040.03,3077.72,350959.7173,1738022400,3243.2057142857143,3326.3376000000003,3287.280303030303,39.084057245745804,-62.218782785293115,-50.275581306726124,-11.94320147856699,531068.1700449999,-0.06962712171823293,-2.0
2025-01-29 00:00:00,3077.72,3182.52,3054.06,3113.9,409737.2576,1738108800,3224.82,3304.6184,3292.2408080808077,41.02558971654981,-68.629714012558,-53.9464078478925,-14.683306164665495,526464.1116899999,-0.1035602525312137,-2.0
2025-01-30 00:00:00,3113.9,3283.43,3091.06,3247.39,350639.4823,1738195200,3211.8457142857146,3289.0743999999995,3299.5416161616163,47.65471343065022,-62.2216434468819,-55.60145496769039,-6.620188479191512,521288.97913999995,-0.01823618152740114,-2.0
2025-01-31 00:00:00,3247.38,3437.31,3213.8,3300.99,648681.6561,1738281600,3210.5457142857144,3273.616,3307.270606060606,50.081090785538116,-52.21621330628841,-54.924406635409994,2.7081933291215847,546139.0745100001,0.026708178854910614,-2.0
2025-02-01 00:00:00,3300.99,3331.98,3101.7,3117.54,354065.2525,1738368000,3181.7985714285714,3263.0652,3314.108181818182,42.77322779103226,-58.41633256016712,-55.62279182036143,-2.7935407398056924,555598.33859,-0.050688185140073116,-2.0
2025-02-02 00:00:00,3117.54,3163.2,2750.71,2869.68,1050805.93,1738454400,3129.9514285714286,3244.7608,3318.0189898989897,35.28213911609828,-82.38057035098245,-60.97434752648563,-21.406222824496822,565843.256745,-0.13759714383598698,-2.0
2025-02-03 00:00:00,2869.68,2921.0,2125.01,2879.9,2807979.021,1738540800,3086.7314285714288,3231.1888,3321.7775757575755,35.78155440837318,-99.40188975574074,-68.65985597233666,-30.742033783404082,687526.78521,-0.11185468451242819,-2.0
2025-02-04 00:00:00,2879.89,2888.5,2632.6,2731.19,1259594.3919,1738627200,3037.227142857143,3209.7547999999997,3323.431212121212,31.92148804171495,-123.46780222664029,-79.62144522319738,-43.846357003442904,727297.103105,-0.18183996812663072,-2.0
2025-02-05 00:00:00,2731.19,2826.95,2699.13,2788.25,686593.0429,1738713600,2990.7057142857143,3189.9716,3324.9408080808084,34.826723914025536,-136.36402650182708,-90.96996147892332,-45.39406502290376,738062.621315,-0.15765130253255955,-2.0
2025-02-06 00:00:00,2788.25,2857.64,2655.28,2686.64,719459.9571,1738800000,2910.598571428571,3166.7451999999994,3325.218080808081,32.19214828328889,-153.01954094532903,-103.37987737220446,-49.639663573124565,748108.110105,-0.19047116853533086,-2.0
2025-02-07 00:00:00,2686.63,2797.5,2562.51,2622.1,695467.3612,1738886400,2813.6142857142854,3146.1288,3326.263434343434,30.608296978110815,-169.47341076920839,-116.59858405160526,-52.87482671760313,751171.62176,-0.1888597758467616,-2.0
2025-02-08 00:00:00,2622.11,2667.3,2588.8,2632.46,379685.1509,1738972800,2744.317142857143,3122.4019999999996,3327.4853535353536,31.193503783871563,-179.60685965379525,-129.20023917204327,-50.406620481751986,703040.8032199999,-0.17281708374706195,-2.0
2025-02-09 00:00:00,2632.46,2698.9,2520.02,2627.18,387166.7911,1739059200,2709.674285714286,3089.4284000000002,3328.8282828282827,31.049783110470685,-185.92056621973916,-140.54430458158245,-45.376261638156706,664481.4037050001,-0.1463875856153256,-2.0
2025-02-10 00:00:00,2627.18,2693.79,2559.85,2661.19,398173.2716,1739145600,2678.43,3063.554,3330.8834343434346,33.1852117990469,-186.03540109368714,-149.6425238840034,-36.392877209683746,656954.7647200001,-0.1453836025562799,-2.0
2025-02-11 00:00:00,2661.19,2725.04,2558.24,2602.59,484196.1435,1739232000,2660.058571428571,3028.7124,3332.947878787879,31.38176839920223,-188.67995376024237,-157.4500098592512,-31.229943900991174,663702.5344049999,-0.19855945851899515,-2.0
2025-02-12 00:00:00,2602.59,2795.45,2546.92,2738.27,646295.8959,1739318400,2652.9185714285713,3005.9348000000005,3336.1369696969696,39.57038691091826,-177.77822204588847,-161.51565229657865,-16.26256974930982,665737.693075,-0.1704700710998821,-2.0
2025-02-13 00:00:00,2738.27,2757.28,2612.76,2675.87,443769.2853,1739404800,2651.38,2984.3648,3335.6723232323234,37.362098387931574,-172.18879438312206,-163.65028071388735,-8.538513669234703,665349.94358,-0.14167260083270783,-2.0
2025-02-14 00:00:00,2675.87,2791.78,2664.46,2725.95,419895.7862,1739491200,2666.215714285714,2962.0427999999997,3333.9599999999996,40.244331111299864,-161.85236194781328,-163.29069696067253,1.4383350128592554,675916.780815,-0.05008572384377352,-2.0
2025-02-15 00:00:00,2725.95,2739.0,2662.28,2693.04,202971.4295,1739577600,2674.87,2936.6628,3331.2457575757576,38.975137872315656,-154.534845231286,-161.53952661479525,7.004681383509251,672457.07884,-0.06488419736796425,-2.0
2025-02-16 00:00:00,2693.04,2727.31,2651.26,2661.41,191231.5314,1739664000,2679.7599999999998,2913.4151999999995,3326.5508080808086,37.74312049641113,-149.5638581145622,-159.14439291474866,9.580534800186456,644368.417765,-0.02554930268491029,-2.0
2025-02-17 00:00:00,2661.41,2849.7,2637.71,2744.05,639739.8197,1739750400,2691.597142857143,2889.6488,3322.1148484848486,42.828082704989264,-137.37241398476908,-154.78999712875276,17.417583143983677,658807.422885,-0.015852237066260155,-2.0
2025-02-18 00:00:00,2744.05,2756.93,2605.44,2671.99,604863.8737,1739836800,2701.5114285714285,2864.1247999999996,3315.0481818181815,39.777214931532555,-132.00359121658585,-150.2327159463194,18.22912472973354,668563.7536899999,-0.005452907721168465,-2.0
2025-02-19 00:00:00,2672.0,2736.7,2656.03,2715.5,326154.0202,1739923200,2698.258571428571,2839.994,3309.7118181818178,42.443277381532496,-122.8220509712396,-144.75058295130344,21.928531980063838,667339.480585,0.0356203043362191,-2.0
2025-02-20 00:00:00,2715.51,2770.59,2707.18,2738.04,336735.2544,1740009600,2707.14,2820.2111999999997,3305.1752525252527,43.83054174172386,-112.43079236338963,-138.28662483372068,25.855832470331052,651742.1605,0.04010697218571213,-2.0
2025-02-21 00:00:00,2738.04,2845.32,2616.72,2663.0,890440.0604,1740096000,2698.1471428571426,2799.4336,3301.177070707071,40.344215354220324,-108.99432715936655,-132.42816529884988,23.433838139483328,678560.900895,0.013634391248410926,-2.0
2025-02-22 00:00:00,2663.0,2798.07,2653.33,2763.22,444989.6669,1740182400,2708.172857142857,2786.8536,3297.8761616161614,46.46839251841275,-97.06508146209035,-125.35554853149799,28.29046706940764,648270.08774,0.03833999075601513,-2.0
2025-02-23 00:00:00,2763.23,2857.34,2745.41,2819.69,611002.1222,1740268800,2730.7842857142855,2775.0852,3294.712727272727,49.607520240148745,-82.10792222391547,-116.70602326998149,34.59810104606602,538421.2428,0.08341690393031542,-2.0
2025-02-24 00:00:00,2819.7,2839.95,2470.33,2513.52,876876.3707,1740355200,2697.8514285714286,2745.7304,3289.0311111111114,36.95447050454674,-93.87746501766514,-112.14031161951823,18.262846601853084,519285.34174000006,-0.08207737001829618,-2.0
2025-02-25 00:00:00,2513.52,2533.49,2313.49,2495.7,1322016.8718,1740441600,2672.6671428571426,2713.5188,3281.8381818181824,36.372961942032845,-103.4503265795197,-110.40231461151852,6.951988031998823,551056.5331850001,-0.06733137260031319,-2.0
2025-02-26 00:00:00,2495.69,2507.5,2253.77,2336.37,863087.2133,1740528000,2618.505714285714,2682.272,3274.0495959595964,31.586973113491297,-122.48159616126213,-112.81817092146726,-9.663425239794876,558237.895995,-0.14291531392725465,-2.0
2025-02-27 00:00:00,2336.38,2381.6,2230.57,2307.72,637583.9106,1740614400,2557.031428571429,2659.7936,3266.350101010101,30.802125306377235,-138.28180342717087,-117.91089742260799,-20.370906004562883,555343.723465,-0.1430799393993406,-2.0
2025-02-28 00:00:00,2307.72,2314.18,2076.26,2237.59,1291539.0557,1740700800,2496.258571428571,2634.1012,3255.0549494949496,28.908611127475297,-154.679438140608,-125.264605566208,-29.414832574399995,600936.418705,-0.15924641449457233,-2.0
2025-03-01 00:00:00,2237.59,2281.14,2142.73,2217.39,446430.7271,1740787200,2418.282857142857,2613.5492,3243.838888888889,28.36767763118317,-167.37525521648467,-133.68673549626334,-33.688519720221336,603899.615505,-0.19192798965033442,-2.0
2025-03-02 00:00:00,2217.4,2550.58,2172.04,2518.11,1266684.7748,1740873600,2375.2000000000003,2602.7436,3234.992424242424,44.897950634809966,-151.4256503019551,-137.2345184574017,-14.19113184455341,647325.1906649999,-0.057590035890852764,-2.0
2025-03-03 00:00:00,2518.12,2523.56,2097.91,2149.01,1109565.2003,1740960000,2323.1271428571426,2581.2384,3222.748080808081,34.40386423149458,-166.64774730280033,-143.11716422648144,-23.53058307631889,678593.643505,-0.20861351500644443,-2.0
2025-03-04 00:00:00,2149.02,2221.88,1993.2,2171.51,1257822.3372,1741046400,2276.8142857142857,2563.2147999999997,3210.1927272727266,35.39516691671737,-174.87990025442787,-149.46971143207074,-25.410188822357128,709169.9655699999,-0.206910782895794,-2.0
2025-03-05 00:00:00,2171.5,2273.51,2155.03,2241.59,687130.7897,1741132800,2263.2742857142857,2547.58,3199.251919191919,38.51200756174932,-173.74623205123635,-154.32501555590386,-19.421216495332487,721338.04079,-0.15824633871573413,-2.0
2025-03-06 00:00:00,2241.59,2319.99,2176.9,2202.2,596908.3935,1741219200,2248.2000000000003,2530.5807999999997,3184.5945454545454,37.419256309734465,-174.02023864929197,-158.2640601745815,-15.756178474710481,730188.6711549999,-0.20303124615484835,-2.0
2025-03-07 00:00:00,2202.21,2258.47,2101.82,2141.6,782387.2606,1741305600,2234.4871428571428,2509.7971999999995,3170.0774747474748,35.7391354505218,-177.08596759478496,-162.02844165862217,-15.05752593616279,759159.46271,-0.24048388298004397,-2.0
2025-03-08 00:00:00,2141.6,2234.93,2105.06,2203.58,328793.0979,1741392000,2232.514285714286,2493.8368,3156.050909090909,38.76738598692139,-172.52554477322246,-164.12786228154224,-8.397682491680229,766037.541035,-0.12330914414844518,-2.0
2025-03-09 00:00:00,2203.57,2212.0,1989.66,2020.41,601671.5882,1741478400,2161.4142857142856,2465.1223999999997,3139.0489898989895,33.711363325688225,-181.5983127076306,-167.62195236675993,-13.976360340870684,764134.12946,-0.1904435629282365,-2.0
2025-03-10 00:00:00,2020.43,2152.4,1810.01,1865.1,1248745.3514,1741564800,2120.8557142857144,2432.6916,3120.437777777778,30.12392968517888,-199.02651194162445,-173.90286428173283,-25.123647659891617,796328.203345,-0.20171034553602385,-2.0
2025-03-11 00:00:00,1865.11,1963.2,1754.28,1923.43,1171427.9995,1741651200,2085.4157142857143,2400.5908,3103.064141414142,33.00737548464066,-205.7598701797492,-180.2742654613361,-25.4856047184131,838591.90231,-0.16652366838264598,-2.0
2025-03-12 00:00:00,1923.42,1960.0,1829.72,1908.2,788739.6763,1741737600,2037.7885714285715,2369.1972,3085.8286868686873,32.62877884946076,-209.90538025030583,-186.20048841913007,-23.704891831175757,861192.123405,-0.14720748662623628,-2.0
2025-03-13 00:00:00,1908.2,1923.09,1821.81,1864.59,569537.2622,1741824000,1989.5585714285714,2337.3244,3065.897272727273,31.514120399227338,-214.2400632941858,-191.80840339414124,-22.431659900044565,845146.983495,-0.15910597594469167,-2.0
2025-03-14 00:00:00,1864.59,1945.64,1861.31,1911.65,375805.7355,1741910400,1956.7085714285715,2304.0284,3046.9725252525254,34.12919731821354,-211.44062621125158,-195.73484795756332,-15.705778253688266,841687.7869249999,-0.24083935967848902,-2.0
2025-03-15 00:00:00,1911.64,1957.19,1903.75,1937.17,209545.8675,1741996800,1918.65,2274.6356,3026.147272727273,35.566047970874564,-204.80197178774188,-197.54827272359904,-7.253699064142836,821614.97419,-0.09857562319393587,-2.0
2025-03-16 00:00:00,1937.18,1940.87,1860.38,1887.0,324766.6564,1742083200,1899.5914285714287,2241.4956,3004.84202020202,33.99606328113268,-201.26898644980406,-198.29241546884003,-2.976570980964027,794009.4884749999,-0.1310194288766804,-2.0
2025-03-17 00:00:00,1887.01,1952.4,1879.98,1926.31,334840.4877,1742169600,1908.3357142857144,2209.0263999999997,2983.8537373737377,36.366294148340344,-193.07147387506893,-197.24822715008582,4.1767532750168925,744650.66927,-0.1406501635000157,-2.0
2025-03-18 00:00:00,1926.3,1936.2,1872.31,1931.54,332896.0155,1742256000,1909.4942857142855,2179.768,2965.8692929292934,36.692027735632294,-184.03146859429285,-194.60487543892725,10.573406844634405,718141.10938,-0.12290436835891372,-2.0
2025-03-19 00:00:00,1931.54,2069.9,1927.58,2056.06,691809.5034,1742342400,1930.6171428571429,2151.4816,2949.9885858585862,44.03712349051121,-164.91839928776676,-188.66758020869514,23.74918092092838,720852.3890199999,-0.03994209936496074,-2.0
2025-03-20 00:00:00,2056.05,2067.9,1952.17,1983.79,401518.9282,1742428800,1947.6457142857141,2118.0456,2931.3217171717174,41.059585922018194,-153.82948858564214,-181.69996188408456,27.87047329844242,676351.382645,-0.0997422376314906,-2.0
2025-03-21 00:00:00,1983.79,1996.73,1937.1,1965.75,262641.659,1742515200,1955.3742857142856,2096.1348,2911.969595959596,40.32660423923875,-144.82764129952602,-174.32549776717286,29.49785646764684,667161.92924,-0.02705391479947139,-2.0
2025-03-22 00:00:00,1965.74,2006.61,1964.34,1980.69,170782.9574,1742601600,1961.5914285714284,2075.5344,2892.5139393939394,41.261790267362436,-134.932659621805,-166.4469301380993,31.514270516294317,612366.83837,0.06197522921023002,-2.0
2025-03-23 00:00:00,1980.68,2020.74,1976.81,2005.99,268707.5233,1742688000,1978.59,2062.3192,2873.6826262626264,42.89391830970913,-123.62425335439593,-157.88239478135864,34.25814142696271,570323.9545199999,0.04292331927858051,-2.0
2025-03-24 00:00:00,2005.99,2104.11,1977.67,2081.2,477912.8154,1742774400,2000.717142857143,2053.2584,2854.7140404040406,47.558851875785365,-107.35590937446705,-147.77709769998032,40.42118832551327,531328.47843,0.09066135625196514,-2.0
2025-03-25 00:00:00,2081.2,2097.7,2037.08,2066.15,328765.3292,1742860800,2019.9471428571428,2046.4008,2835.319191919192,46.73611436570363,-94.58719646284817,-137.1391174525539,42.551920989705735,513410.20540499996,0.10809883137848009,-2.0
2025-03-26 00:00:00,2066.16,2079.21,1981.6,2009.52,428975.3286,1742947200,2013.2985714285714,2038.086,2816.29404040404,43.674485927757715,-88.02279521912578,-127.31585300586829,39.29305778674251,505013.5521600001,0.05119661025815381,-2.0
2025-03-27 00:00:00,2009.52,2037.38,1987.06,2003.66,360634.8383,1743033600,2016.137142857143,2017.5079999999998,2799.898686868687,43.35796349576276,-82.3441014216894,-118.32150268903251,35.97740126734311,483925.931045,0.03432326538197472,-2.0
2025-03-28 00:00:00,2003.67,2015.93,1860.0,1896.9,626167.5832,1743120000,2006.3014285714287,2007.4235999999999,2784.54404040404,37.960341843023855,-85.473055267895,-111.75181320480502,26.27875793691001,498794.65531,0.005246422893481872,-2.0
2025-03-29 00:00:00,1896.9,1913.6,1797.2,1828.08,409769.7555,1743206400,1984.5,1993.6864,2767.9366666666665,34.9406966905204,-92.44037745204014,-107.88952605425206,15.44914860221192,489199.563675,-0.050993869107256895,-2.0
2025-03-30 00:00:00,1828.09,1849.01,1767.69,1807.74,327843.4476,1743292800,1956.1785714285713,1976.3324,2752.470202020202,34.077878466618685,-98.46821816666079,-106.00526447673381,7.537046310073023,443154.46848499996,-0.06409393540905184,-2.0
2025-03-31 00:00:00,1807.74,1854.22,1776.75,1822.43,497854.9052,1743379200,1919.2114285714285,1961.1416,2737.7287878787874,35.32013807322883,-100.89688860499132,-104.98358930238531,4.086700697393994,409475.81377,-0.11362995243329466,-2.0
2025-04-01 00:00:00,1822.43,1927.9,1817.88,1904.98,452989.0974,1743465600,1896.1871428571428,1951.6768000000002,2722.3999999999996,41.94122133419973,-95.06468580191677,-102.99980860229161,7.935122800374842,392688.28482500004,-0.03972698723151136,-2.0
2025-04-02 00:00:00,1904.98,1957.0,1781.53,1795.22,750840.7823,1743552000,1865.5728571428574,1935.3424,2705.248888888889,36.5794440566472,-98.16772137441512,-102.03339115671632,3.8656697823011967,401753.46083,-0.08675060409512902,-2.0
2025-04-03 00:00:00,1795.21,1845.26,1750.0,1817.23,508075.018,1743638400,1838.94,1927.2151999999999,2688.281515151515,38.28329292611162,-97.72437065344457,-101.17158705606197,3.4472164026174,408366.924955,-0.08252679621747983,-2.0
2025-04-04 00:00:00,1817.23,1835.68,1758.72,1816.87,572734.4702,1743724800,1827.5071428571428,1925.286,2672.9463636363635,38.26518486368234,-96.29206600706084,-100.19568284626175,3.9036168392009074,426526.35509,-0.09427763847277415,-2.0
2025-04-05 00:00:00,1816.88,1827.29,1764.39,1806.01,201716.2696,1743811200,1824.3542857142857,1920.5892,2657.5170707070706,37.68608202528101,-94.9388693068222,-99.14432013837384,4.205450831551644,420373.83574999997,-0.13222660003843933,-2.0
2025-04-06 00:00:00,1806.02,1817.0,1537.5,1580.76,979847.0958,1743897600,1791.9285714285713,1907.4916,2639.100505050505,28.16508217660693,-110.76540899402175,-101.46853790950342,-9.29687108451833,452624.16615500004,-0.23492486024731996,-2.0
2025-04-07 00:00:00,1580.77,1639.0,1411.01,1553.04,2168796.0067,1743984000,1753.4442857142858,1895.0295999999998,2620.8839393939393,27.252603597223313,-124.11411776326327,-105.9976538802554,-18.116463883007867,544419.165715,-0.22715872447151564,-2.0
2025-04-08 00:00:00,1553.04,1618.67,1441.3,1473.41,891846.1327,1744070400,1691.7914285714287,1877.5,2601.808888888889,24.770008028311892,-139.51035263644962,-112.70019363149424,-26.81015900495538,554420.9971800001,-0.26464070750526536,-2.0
2025-04-09 00:00:00,1473.41,1689.0,1385.05,1669.51,1968530.9138,1744156800,1673.832857142857,1866.7936,2584.9576767676767,39.40847022193034,-134.3397634044852,-117.02810758609245,-17.311655818392765,632771.5964599999,-0.11987453213137234,-2.0
2025-04-10 00:00:00,1669.51,1669.85,1471.02,1522.25,911855.3934,1744243200,1631.6928571428568,1852.2035999999998,2566.390707070707,34.05029187742913,-140.50503094748206,-121.72349225837038,-18.78153868911167,665232.28318,-0.16729574198065722,-2.0
2025-04-11 00:00:00,1522.24,1591.47,1504.63,1566.85,578484.3183,1744329600,1595.9757142857143,1837.8252,2547.311717171717,36.85075894360739,-140.17633707435994,-125.41406122156829,-14.762275852791646,685617.351225,-0.13325478221425657,-2.0
2025-04-12 00:00:00,1566.85,1669.59,1546.06,1644.18,501867.9033,1744416000,1572.857142857143,1826.3308,2527.4649494949495,41.48998600146307,-132.15258732106645,-126.76176644146793,-5.390820879598522,697275.370225,-0.09780896934312977,-2.0
2025-04-13 00:00:00,1644.19,1649.75,1562.01,1597.76,580136.6145,1744502400,1575.2857142857142,1807.9988,2506.6657575757577,39.60888580623186,-128.06318124858785,-127.02204940289191,-1.0411318456959435,702386.5601799999,-0.16127203435206672,-2.0
2025-04-14 00:00:00,1597.76,1691.5,1595.56,1623.77,645930.1419,1744588800,1585.3899999999999,1793.5980000000002,2486.340303030303,41.21708434469424,-121.3249493542121,-125.88262939315595,4.557680038943857,718244.800815,-0.09550361515580263,-2.0
2025-04-15 00:00:00,1623.78,1661.21,1583.12,1588.78,476178.8915,1744675200,1601.8714285714284,1778.5192000000002,2465.141616161616,39.68602339915621,-117.4543124072884,-124.19696599598245,6.742653588694054,720604.97896,-0.12571331091826576,-2.0
2025-04-16 00:00:00,1588.77,1613.66,1538.07,1577.14,611387.8686,1744761600,1588.6757142857145,1762.3772,2446.9176767676768,39.16482257204507,-114.0117984185897,-122.15993248050391,8.148134061914206,733142.630475,-0.13194669954372074,-2.0
2025-04-17 00:00:00,1577.15,1616.96,1563.2,1583.62,449870.3628,1744848000,1597.4428571428568,1745.4823999999999,2429.304848484848,39.640073445493385,-109.49846924318649,-119.62763983304043,10.129170589853942,724327.7694550001,-0.12313885305175498,-2.0
2025-04-18 00:00:00,1583.63,1600.64,1573.54,1588.6,200409.0359,1744934400,1600.55,1725.7784000000001,2412.8341414141414,40.02782803118464,-104.31727437079735,-116.56556674059182,12.24829236979447,713859.733475,0.00495963966699553,-2.0
2025-04-19 00:00:00,1588.6,1631.81,1585.01,1613.27,223096.3899,1745020800,1596.1342857142859,1707.6632,2396.129393939394,42.015057244027744,-97.10115560330382,-112.67268451313421,15.571528909830391,708622.38059,0.03878200175140378,-2.0
2025-04-20 00:00:00,1613.26,1619.19,1565.59,1587.36,276052.2306,1745107200,1594.6485714285714,1690.7767999999999,2379.0034343434345,40.49728353821071,-92.4078300093613,-108.61971361237964,16.211883603018336,697532.2468600001,0.07733760460428507,-2.0
2025-04-21 00:00:00,1587.36,1658.75,1564.07,1579.57,691486.6667,1745193600,1588.3342857142857,1673.8132,2361.955656565656,40.0290824396135,-88.29906688009714,-104.55558426592314,16.256517385826,709457.125325,-0.05387209420728245,-2.0
2025-04-22 00:00:00,1579.57,1778.0,1537.26,1756.26,1103036.9586,1745280000,1612.26,1668.1876000000002,2348.0036363636364,53.23542892697877,-69.97876452092873,-97.64022031692427,27.661455795995536,727066.93414,0.15372639185416315,-2.0
2025-04-23 00:00:00,1756.25,1834.86,1744.95,1795.07,887545.6316,1745366400,1643.392857142857,1666.8672,2333.553535353535,55.550808588814235,-51.731818062652565,-88.45853986606993,36.72672180341736,746040.46482,0.14565529565689128,-2.0
2025-04-24 00:00:00,1795.08,1802.82,1722.9,1769.65,483465.0385,1745452800,1669.9685714285715,1665.3436000000002,2316.5649494949494,53.67622917184746,-38.874047269842094,-78.54164134682436,39.66759407698227,741576.9932350001,0.07631159605395998,-2.0
2025-04-25 00:00:00,1769.64,1827.32,1738.6,1784.6,595610.8894,1745539200,1697.9685714285713,1663.8304,2301.176565656566,54.64558529043766,-27.1646935459039,-68.26625178664027,41.10155824073637,761271.724225,0.11693871419987989,-2.0
2025-04-26 00:00:00,1784.6,1841.16,1778.94,1820.88,355068.0442,1745625600,1727.6271428571429,1660.4663999999998,2284.4821212121215,56.99730672264062,-14.786998251697241,-57.57040107965167,42.783402827954426,730032.771645,0.12139034469167442,-2.0
2025-04-27 00:00:00,1820.87,1857.47,1781.9,1791.29,340332.6435,1745712000,1756.76,1660.3092000000001,2269.1647474747474,54.51451202425703,-7.281316773310664,-47.51258421838347,40.23126744507281,638609.603485,0.12746258135172894,-2.0
2025-04-28 00:00:00,1791.29,1827.98,1744.71,1799.88,587269.743,1745798400,1788.2328571428573,1659.6152,2254.869393939394,55.125619814299924,-0.6325769623433644,-38.136582767175454,37.50400580483209,623380.784,0.14123032831581206,-2.0
2025-04-29 00:00:00,1799.88,1842.99,1780.47,1797.81,480456.3884,1745884800,1794.1685714285716,1658.8528,2239.8573737373736,54.93408456189865,4.41863031932462,-29.62554014987544,34.04417046920006,548977.05773,0.1352534067516198,-2.0
2025-04-30 00:00:00,1797.81,1816.8,1731.7,1793.61,473523.9877,1745971200,1793.9600000000003,1658.3568000000002,2224.3631313131314,54.52016493295332,7.990731405311635,-22.10228583883803,30.093017244149664,527060.487445,0.12905073649754506,-2.0
2025-05-01 00:00:00,1793.62,1873.17,1792.52,1838.11,537198.7291,1746057600,1803.74,1668.6508000000001,2210.1763636363635,58.12071452965199,14.248181186010015,-14.832192433868421,29.080373619878436,524996.207985,0.13936910746496234,-2.0
2025-05-02 00:00:00,1838.1,1871.0,1813.0,1842.2,410667.875,1746144000,1811.9685714285715,1680.2172,2195.0651515151517,58.44633167602079,19.314636926602816,-8.002826561774175,27.31746348837699,520436.20657000004,0.16054329200685435,-2.0
2025-05-03 00:00:00,1842.2,1848.6,1810.0,1833.52,213751.5979,1746230400,1813.7742857142857,1694.6215999999997,2180.150303030303,57.425870028993494,22.371550832462162,-1.9279510829269073,24.29950191538907,502116.95574,0.16077160239812094,-2.0
2025-05-04 00:00:00,1833.52,1849.95,1803.0,1808.86,238254.3564,1746316800,1816.284285714286,1700.1956,2164.898686868687,54.51378662720271,22.544442914460205,2.966527716550515,19.57791519790969,481733.16646499996,0.029950007402093082,-2.0
2025-05-05 00:00:00,1808.86,1833.55,1781.85,1820.19,342341.0078,1746403200,1819.185714285714,1712.1132,2150.6318181818183,55.62714534857566,23.326800609308293,7.038582295102071,16.288218314206222,475041.27228,0.01399388324689288,-2.0
2025-05-06 00:00:00,1820.19,1820.9,1752.0,1817.0,384584.2451,1746489600,1821.9271428571428,1722.1192,2136.839494949495,55.217341267409395,23.41945349718867,10.314756535519392,13.104696961669278,463701.091105,0.02675670330291302,-2.0
2025-05-07 00:00:00,1817.0,1850.0,1787.01,1811.11,456170.0705,1746576000,1824.4271428571428,1728.7964000000002,2124.0454545454545,54.42015723187103,22.755298882312218,12.802865004877958,9.95243387743426,464016.07649,0.014854869438529539,-2.0
2025-05-08 00:00:00,1811.11,2226.0,1808.71,2207.39,1473152.686,1746662400,1877.1814285714286,1753.1816000000001,2114.888787878788,77.72306410380935,53.587709951770194,20.959833994256407,32.62787595751379,527653.258995,0.2122654980009664,-2.0
2025-05-09 00:00:00,2207.39,2490.77,2184.33,2345.04,1667041.0382,1746748800,1949.0157142857145,1782.0323999999998,2105.7741414141415,81.29949166972558,88.11409799819126,34.39068679504338,53.723411203147876,599850.49141,0.30913475763276743,-2.0
2025-05-10 00:00:00,2345.04,2600.0,2317.0,2583.23,979350.1606,1746835200,2056.117142857143,1821.8103999999998,2098.5240404040405,85.60586396880288,133.16144933942496,54.144839303919696,79.01661003550527,635015.3879099999,0.4352234593417339,-2.0
2025-05-11 00:00:00,2583.22,2608.13,2435.51,2514.57,831584.3888,1746921600,2156.932857142857,1859.3075999999999,2092.4334343434343,79.89449797444641,161.46029783367453,75.60793100987067,85.85236682380386,642020.274015,0.39868506683131155,-2.0
2025-05-12 00:00:00,2514.58,2624.0,2406.63,2495.47,1068680.9433,1747008000,2253.4014285714284,1895.7816,2088.6535353535355,78.32892648883146,180.26811021140634,96.5399668501778,83.72814336122853,640302.47325,0.3913113776127475,-2.0
2025-05-13 00:00:00,2495.48,2738.5,2415.3,2679.71,1031355.6465,1747094400,2376.6457142857143,1939.4259999999997,2086.631414141414,81.99418110436991,207.64644628841666,118.76126273782558,88.88518355059108,647492.9739949999,0.4578616078471909,-2.0
2025-05-14 00:00:00,2679.71,2725.99,2547.26,2609.74,830047.1122,1747180800,2490.735714285714,1979.2848000000001,2085.4046464646462,76.68935169339818,221.1487159067192,139.2387533716043,81.90996253511489,664822.07768,0.4166431440668763,-2.0
2025-05-15 00:00:00,2609.75,2647.03,2476.03,2548.69,768954.0332,1747267200,2539.4928571428572,2017.7379999999998,2082.9848484848485,72.29442461844029,224.33711841784816,156.25842638085308,68.07869203699508,673489.23487,0.39005301278415283,-2.0
2025-05-16 00:00:00,2548.7,2649.31,2529.4,2537.12,605953.6919,1747353600,2566.932857142857,2056.04,2081.4745454545455,71.45862220823273,223.35564325229052,169.6778697551406,53.67777349714993,686033.5172550001,0.4026071669449267,-2.0
2025-05-17 00:00:00,2537.13,2538.16,2446.42,2475.08,494333.2782,1747440000,2551.4828571428566,2084.7928,2079.9894949494947,66.98654294513139,215.09225794306622,178.7607473927257,36.33151055034051,693733.54899,0.35979210961493013,-2.0
2025-05-18 00:00:00,2475.09,2587.61,2323.21,2497.78,810103.1851,1747526400,2549.0842857142857,2112.9012,2078.629090909091,67.78106290927846,207.97772805187287,184.60414352455516,23.373584527317718,704875.221095,0.37467253714914706,-2.0
2025-05-19 00:00:00,2497.78,2547.36,2348.38,2528.14,861747.523,1747612800,2553.7514285714287,2143.2408,2077.6286868686866,68.86047285826162,202.45542995419282,188.1744008104827,14.281029143710128,723939.777825,0.3959063778566736,-2.0
2025-05-20 00:00:00,2528.14,2588.63,2442.4,2524.19,676989.1747,1747699200,2531.5342857142855,2172.8244,2076.2448484848483,68.53874300947074,195.50655902348444,189.64083245308308,5.865726570401364,734113.037175,0.1435179102922457,-2.0
2025-05-21 00:00:00,2524.19,2615.95,2452.2,2550.99,1095890.2902,1747785600,2523.141428571428,2202.0288,2075.7236363636366,69.57732580125747,189.9721836900403,189.70710270047454,0.2650809895657744,762047.61523,0.08782366185651402,-2.0
2025-05-22 00:00:00,2551.0,2692.99,2544.83,2664.82,852555.6669,1747872000,2539.7314285714288,2236.97,2074.981717171717,73.56844254710028,192.55166530982024,190.2760152223437,2.2756500874765493,784142.004825,0.03158448918601908,-2.0
2025-05-23 00:00:00,2664.83,2734.23,2498.3,2526.5,971442.4532,1747958400,2538.214285714286,2266.0348,2073.472929292929,62.78905852631427,181.344231646573,188.48965850718957,-7.145426860616567,822026.54759,0.004744349928615943,-2.0
2025-05-24 00:00:00,2526.49,2575.85,2515.08,2530.4,257544.2344,1748044800,2546.117142857143,2295.3384,2071.497676767677,62.95387834829733,170.80798895717317,184.9533245971863,-14.145335640013144,822991.04149,0.01399736322215861,-2.0
2025-05-25 00:00:00,2530.41,2554.26,2463.0,2551.22,359890.0299,1748131200,2553.7514285714283,2325.6427999999996,2070.0651515151517,63.87382277391065,162.2674228733731,180.4161442524237,-18.148721379050585,823868.492595,-0.047949218385571646,-2.0
2025-05-26 00:00:00,2551.22,2599.0,2525.86,2563.7,362971.1182,1748217600,2558.8314285714287,2354.6664,2069.0781818181817,64.44379383098784,154.7224503248308,175.27740546690512,-20.554955142074334,822787.8362499999,-0.017641604144474132,-2.0
2025-05-27 00:00:00,2563.7,2712.36,2509.46,2660.81,798430.8862,1748304000,2578.348571428571,2387.4107999999997,2068.2373737373737,68.59575432979697,154.7945949056043,171.18084335464496,-16.386248449040664,839900.877035,0.043991226865566224,-2.0
2025-05-28 00:00:00,2660.81,2689.14,2608.5,2681.6,560095.6833,1748390400,2597.0071428571428,2421.334,2068.334444444444,69.41906505829925,154.74553900842648,167.8937824854013,-13.148243476974812,794248.0268999999,0.05694645897710782,-2.0
2025-05-29 00:00:00,2681.61,2788.0,2619.05,2631.39,811567.2545,1748476800,2592.2314285714283,2454.2352,2067.4848484848485,64.9878006598552,148.9382668495723,164.1026793582355,-15.16441250866319,751474.3377149999,0.06315351422984317,-2.0
2025-05-30 00:00:00,2631.39,2649.23,2507.35,2531.34,763045.2564,1748563200,2592.922857142857,2482.6812,2065.39696969697,57.158209669119735,134.7099109775404,158.22412568209648,-23.514214704556082,740659.092505,0.01343593110682284,-2.0
2025-05-31 00:00:00,2531.35,2550.34,2475.33,2528.06,394537.2521,1748649600,2592.5885714285714,2511.1236,2064.0339393939394,56.916115726178646,121.7655306108195,150.9324066678411,-29.166876057021597,718806.73567,-3.164381719367171e-05,-2.0
2025-06-01 00:00:00,2528.06,2547.79,2468.56,2539.21,332021.7088,1748736000,2590.8728571428574,2540.2475999999997,2061.771212121212,57.57396061447989,111.12573937637126,142.97107320954714,-31.845333833175886,681973.773945,0.005950423700276097,-2.0
2025-06-02 00:00:00,2539.2,2615.0,2475.0,2607.41,468889.9737,1748822400,2597.117142857143,2556.2484,2059.62696969697,61.451127740382105,106.96378625107491,135.7696158178527,-28.80582956677779,653850.4903050001,0.02211690363349139,-2.0
2025-06-03 00:00:00,2607.42,2655.38,2575.0,2593.36,454383.0439,1748908800,2587.4814285714283,2566.1812,2060.433434343434,60.22997125631083,101.36323851756879,128.88834035779593,-27.525101840227137,635067.28689,-0.026816070128564018,-2.0
2025-06-04 00:00:00,2593.35,2679.88,2583.5,2607.68,502494.8214,1748995200,2576.921428571429,2567.1592,2061.5645454545456,61.07891283051325,96.96254455521967,122.50318119728068,-25.540636642061017,621744.3263000001,0.03213140708489992,-2.0
2025-06-05 00:00:00,2607.68,2640.86,2391.66,2414.01,808938.0344,1749081600,2545.867142857143,2563.1367999999998,2062.348787878788,46.59298162151925,76.96026245303528,113.39459744843161,-36.43433499539633,631893.543425,-0.04599668036674043,-2.0
2025-06-06 00:00:00,2414.02,2531.36,2381.49,2476.1,578843.4974,1749168000,2537.9757142857147,2562.362,2064.049595959596,50.635171785320715,65.36496721681624,103.78867140210853,-38.423704185292294,636119.054385,-0.029444736243836256,-2.0
2025-06-07 00:00:00,2476.1,2544.36,2457.0,2524.63,264787.6743,1749254400,2537.485714285714,2556.1588,2066.94898989899,53.591734272092,59.406773317022726,94.91229178509138,-35.50551846806866,608853.278845,-0.015239692631743074,-2.0
2025-06-08 00:00:00,2524.64,2548.63,2490.58,2509.83,266474.7139,1749340800,2533.2885714285717,2552.1623999999997,2069.902929292929,52.55791723191049,52.88104563693378,86.50604255545987,-33.624996918526094,579089.63839,-0.056742119880788144,-2.0
2025-06-09 00:00:00,2509.84,2693.99,2477.73,2680.13,568726.3025,1749427200,2543.6771428571433,2557.42,2071.539494949495,61.710832035456576,60.750848216499435,81.35500368766779,-20.604155471168355,573676.4947800001,-0.0005481801909307249,-2.0
2025-06-10 00:00:00,2680.13,2827.0,2655.61,2816.4,1138405.4775,1749513600,2575.54,2568.5912,2078.280808080808,67.16903426221347,77.09487191027392,80.50297733218902,-3.4081054219150957,575802.2541449999,0.07030884817529914,-2.0
2025-06-11 00:00:00,2816.41,2879.22,2743.75,2771.61,850210.9324,1749600000,2598.9585714285713,2580.4524,2084.3424242424244,63.94255294405335,85.44845318704529,81.49207250316029,3.9563806838850013,575685.01742,0.09491810661546851,-2.0
2025-06-12 00:00:00,2771.6,2784.83,2616.24,2642.65,699593.3757,1749686400,2631.621428571429,2586.2472,2088.3935353535353,55.65339593536892,80.73210286899393,81.34007857632703,-0.6079757073330967,562092.563545,0.04532724697989776,-2.0
2025-06-13 00:00:00,2642.66,2645.45,2436.98,2579.19,1202176.2972,1749772800,2646.3485714285716,2588.2891999999997,2092.201515151515,52.07584021516851,71.05459646175768,79.28298215341316,-8.228385691655475,609324.166685,0.015745054564214822,-2.0
2025-06-14 00:00:00,2579.19,2579.43,2488.72,2530.76,331438.9278,1749859200,2647.2242857142855,2588.5519999999997,2096.1324242424243,49.46264898067048,58.799403732876726,75.18626646930588,-16.38686273642915,607901.61158,-0.029396987815494935,-2.0
2025-06-15 00:00:00,2530.77,2559.51,2492.0,2547.61,299701.6624,1749945600,2652.621428571428,2588.4168,2099.6074747474745,50.3953183065151,49.87183787711092,70.12338075086689,-20.251542873755966,604738.13879,-0.017641206774223428,-2.0
2025-06-16 00:00:00,2547.62,2680.34,2514.85,2544.17,680429.988,1750032000,2633.1985714285715,2583.5908,2104.8979797979796,50.19166566442242,42.03455023652987,64.50561464799948,-22.471064411469612,598838.09388,-0.02435498220640564,-2.0
2025-06-17 00:00:00,2544.17,2618.6,2453.8,2509.95,715930.4081,1750118400,2589.4199999999996,2582.9288,2111.411616161616,48.10894082026725,32.685398378678656,58.14157139413532,-25.456173015456663,606629.83012,0.03974300023612143,-2.0
2025-06-18 00:00:00,2509.95,2548.42,2465.78,2525.0,504532.1818,1750204800,2554.19,2582.7128,2117.4880808080807,49.10912817208864,26.188650930177573,51.75098730134377,-25.562336371166197,591278.076485,0.019748798513791854,-2.0
2025-06-19 00:00:00,2525.0,2546.91,2485.03,2521.12,252646.059,1750291200,2536.828571428571,2581.5088,2123.679191919192,48.84772367060575,20.49064479895651,45.49891880086632,-25.00827400190981,565758.116615,-0.001390302737430904,-2.0
2025-06-20 00:00:00,2521.13,2569.0,2367.36,2406.49,632027.8235,1750377600,2512.157142857143,2575.2204,2129.1529292929295,41.77316337324244,6.648609855134055,37.728857011719874,-31.08024715658582,577632.645185,-0.041174103425331676,-2.0
2025-06-21 00:00:00,2406.49,2448.8,2216.0,2295.73,496783.864,1750464000,2478.5814285714287,2560.6172,2133.0325252525254,36.30227008369302,-13.107612506608803,27.56156310805414,-40.66917561466295,585870.752945,-0.14342587859544131,-2.0
2025-06-22 00:00:00,2295.72,2314.48,2111.89,2227.7,840155.8295,1750550400,2432.88,2542.4612,2135.967171717172,33.40815633780409,-33.86365438539133,15.276519609365046,-49.140173994756374,604434.0457349999,-0.20902570657577058,-2.0
2025-06-23 00:00:00,2227.7,2438.68,2188.0,2411.66,744583.8003,1750636800,2413.95,2533.672,2141.266767676768,45.955245264025386,-35.0647281720685,5.208270053078337,-40.272998225146836,618944.083555,-0.12987036415657338,-2.0
2025-06-24 00:00:00,2411.66,2482.04,2376.11,2448.45,516760.6621,1750723200,2405.1642857142856,2530.3563999999997,2146.5409090909093,48.06285912241721,-32.67132754143631,-2.3676494658245923,-30.30367807561172,619657.37559,-0.07348684086049995,-2.0
2025-06-25 00:00:00,2448.46,2468.69,2389.69,2418.49,414894.7387,1750809600,2389.9485714285715,2525.9736000000003,2151.459595959596,46.47343792419116,-32.813804796166096,-8.456880531892894,-24.356924264273204,599955.210805,-0.06230638301172087,-2.0
2025-06-26 00:00:00,2418.5,2520.92,2394.32,2415.96,463704.0261,1750896000,2374.925714285714,2521.0436,2155.0949494949496,46.33409226211086,-32.75330914336291,-13.316166254186898,-19.437142889176016,594198.2372399999,-0.045361867581280024,-2.0
2025-06-27 00:00:00,2415.96,2463.54,2382.53,2423.17,381474.766,1750982400,2377.308571428571,2513.674,2159.5331313131314,46.82342965415802,-31.75749848497435,-17.00443270034439,-14.75306578462996,600032.591825,-0.048845780947633255,-2.0
2025-06-28 00:00:00,2423.17,2447.8,2405.81,2435.62,155814.9859,1751068800,2397.292857142857,2507.3644,2164.2792929292928,47.71006852299897,-29.622233741394666,-19.527992908554445,-10.094240832840221,594499.605425,-0.04266617403711237,-2.0
2025-06-29 00:00:00,2435.62,2525.0,2412.0,2500.09,284291.8057,1751155200,2436.2057142857143,2503.0607999999997,2169.5257575757573,52.15847495195481,-22.46882422729186,-20.116159172301927,-2.3526650549899344,580277.8805849999,-0.003928365106874554,-2.0
2025-06-30 00:00:00,2500.09,2524.3,2431.0,2485.47,440455.714,1751241600,2446.75,2505.9192,2174.36898989899,51.09688883436643,-17.774513933025446,-19.64783012444663,1.8733161914211856,545380.3924100001,-0.015655445544554558,-2.0
2025-07-01 00:00:00,2485.47,2500.8,2386.52,2405.01,351951.0868,1751328000,2440.5442857142857,2503.0756,2177.639797979798,45.59666047744825,-20.312538472468987,-19.780771794051105,-0.5317666784178812,520467.4001300001,-0.04605492796852184,-2.0
2025-07-02 00:00:00,2405.01,2619.28,2373.0,2570.41,634967.0337,1751414400,2462.247142857143,2504.9067999999997,2182.7333333333336,56.06615349714869,-8.875235322774188,-17.599664499795722,8.724429177021534,517236.08303000004,0.06811580351466251,-2.0
2025-07-03 00:00:00,2570.41,2635.5,2556.12,2591.25,504943.6592,1751500800,2487.2885714285717,2508.1636,2188.609393939394,57.18417787329306,1.8492071486139139,-13.709890170113795,15.559097318727709,482374.45113000006,0.12872593902593077,-2.0
2025-07-04 00:00:00,2591.26,2603.17,2474.24,2508.04,452593.02,1751587200,2499.412857142857,2501.28,2193.7041414141413,51.54400172314212,3.5926397726511823,-10.249384181560801,13.842023954211983,488432.15574,0.12584279750415228,-2.0
2025-07-05 00:00:00,2508.04,2529.81,2487.95,2516.41,157198.0958,1751673600,2510.9542857142856,2489.2804,2199.961818181818,52.0562533836337,5.585327557607798,-7.082441833727081,12.667769391334879,481306.97741,0.043434812535763756,-2.0
2025-07-06 00:00:00,2516.42,2605.0,2503.5,2570.35,277593.6319,1751760000,2520.9914285714285,2481.23,2207.459494949495,55.333350936182036,11.38580570755812,-3.3887923254700416,14.774598033028163,461165.15960500005,0.049786599685515354,-2.0
2025-07-07 00:00:00,2570.35,2590.57,2512.0,2542.29,315707.5272,1751846400,2529.1085714285714,2477.2156,2214.879191919192,53.292619403651116,13.562182540624235,0.0014026477488138234,13.560779892875422,441154.0155599999,0.051188965015360965,-2.0
2025-07-08 00:00:00,2542.3,2628.21,2523.59,2615.25,370915.7321,1751932800,2559.1428571428573,2478.6580000000004,2222.8874747474747,57.6646564565711,20.932937238432714,4.187709565885594,16.74522767254712,434473.193075,0.08248894849252464,-2.0
2025-07-09 00:00:00,2615.25,2795.74,2589.78,2768.74,686119.3772,1752019200,2587.4757142857147,2488.1772,2231.612323232323,65.07185220591705,38.71340958300107,11.09284956930869,27.620560013692376,456146.858985,0.142610712413904,-2.0
2025-07-10 00:00:00,2768.74,3000.0,2755.5,2951.29,951896.07,1752105600,2638.91,2504.3244,2243.289797979798,71.46620633530637,66.76519378933835,22.227318413314627,44.53787537602373,472140.2713099999,0.2117202190817944,-2.0
2025-07-11 00:00:00,2951.29,3040.15,2913.75,2958.22,906839.1689,1752192000,2703.2214285714285,2520.8864000000003,2254.8149494949494,71.6781782846819,88.53505100183247,35.4888649310182,53.04618607081427,492643.036555,0.183245403165486,-2.0
2025-07-12 00:00:00,2958.21,2979.78,2903.85,2943.28,348884.8877,1752278400,2764.202857142857,2538.2196,2266.192828282828,70.46288432269878,103.39046561558871,49.06918506793231,54.3212805476564,468079.489465,0.18419453865868451,-2.0
2025-07-13 00:00:00,2943.29,3020.31,2936.49,2972.03,357333.5016,1752364800,2821.5857142857144,2556.1007999999997,2277.970808080808,71.4655046652613,116.14453158801234,62.484254371948325,53.66027721606402,448716.97453000006,0.23576617145043044,-2.0
2025-07-14 00:00:00,2972.03,3083.0,2962.81,3013.62,815552.6496,1752451200,2888.9185714285713,2575.8008,2292.4441414141415,72.89866527447822,128.13116981041776,75.6136374596422,52.517532350775554,463656.573905,0.17242774499009883,-2.0
2025-07-15 00:00:00,3013.61,3144.14,2932.46,3137.89,863583.7377,1752537600,2963.5814285714287,2605.0568,2308.452727272727,76.66930026021508,145.97550266488997,89.68601050069176,56.28949216419821,486091.023855,0.21095610226724548,-2.0
2025-07-16 00:00:00,3137.9,3425.0,3101.0,3371.35,1135950.5831,1752624000,3049.6685714285713,2648.0815999999995,2327.623838383838,81.7940072968993,176.91615658033243,107.1320397166199,69.78411686371253,519703.351705,0.3442169981340011,-2.0
2025-07-17 00:00:00,3371.35,3523.44,3310.77,3476.87,974065.8264,1752710400,3124.7514285714287,2698.0483999999997,2345.88,83.55252775694552,207.5588209690086,127.21739596709764,80.34142500191095,549332.904725,0.38167866126744054,-2.0
2025-07-18 00:00:00,3476.88,3673.84,3458.68,3546.92,1163823.3977,1752796800,3208.8514285714286,2743.4588,2366.331212121212,84.61493365974268,234.78929795764134,148.7317763652064,86.05752159243494,599733.325315,0.379936584511837,-2.0
2025-07-19 00:00:00,3546.92,3608.3,3506.79,3592.01,381791.9213,1752883200,3301.527142857143,2789.2012,2386.787373737374,85.27429602878527,257.0449788124656,170.39441685465826,86.65056195780735,604608.331095,0.41290332731513724,-2.0
2025-07-20 00:00:00,3592.0,3824.56,3579.13,3756.69,852356.5533,1752969600,3413.621428571428,2842.7291999999998,2408.1258585858586,87.3984837517301,284.689344396018,193.25340236293022,91.43594203308777,625203.37306,0.4364554057929453,-2.0
2025-07-21 00:00:00,3756.69,3860.0,3701.01,3762.33,812074.0534,1753056000,3520.5800000000004,2896.5840000000003,2429.990202020202,87.46517334828755,303.5536268971373,215.31344726977164,88.24017962736565,648209.5213900001,0.35885998685322584,-2.0
2025-07-22 00:00:00,3762.32,3798.65,3616.54,3746.21,870127.3864,1753142400,3607.4828571428575,2949.5056,2451.42898989899,86.0632519794965,313.58810889206416,234.96837959423016,78.619729297834,659967.5390250001,0.2693466246963192,-2.0
2025-07-23 00:00:00,3746.21,3764.2,3527.0,3628.29,800259.4025,1753228800,3644.1885714285713,2997.2124,2472.030101010101,76.41449519755254,308.46950522550196,249.66860472048455,58.80090050501741,674733.32619,0.22651121282392794,-2.0
2025-07-24 00:00:00,3628.29,3771.0,3502.85,3706.94,749459.495,1753315200,3677.055714285714,3045.4864000000002,2493.543232323232,78.17225084129747,307.2179552847415,261.17847483333594,46.03948045140555,689576.64994,0.2594588350411784,-2.0
2025-07-25 00:00:00,3706.95,3747.0,3573.76,3724.96,764606.7261,1753401600,3702.4900000000002,3095.066,2515.1729292929294,78.56638982806743,304.1738297723541,269.7775458211396,34.396283951214514,719947.081455,0.25333862713364264,-2.0
2025-07-26 00:00:00,3724.97,3793.0,3697.66,3741.1,407259.7024,1753488000,3723.7885714285717,3148.5096000000003,2536.9153535353535,78.93330882486941,299.60998408860496,275.74403347463266,23.865950613972302,726430.38498,0.24139738918642695,-2.0
2025-07-27 00:00:00,3741.11,3879.82,3731.0,3872.1,457352.4605,1753574400,3740.2757142857145,3200.5772,2559.731818181818,81.67528978019347,303.07010517297704,281.20924781430153,21.860857358675503,733512.631645,0.23398207075455169,-2.0
2025-07-28 00:00:00,3872.11,3941.0,3754.0,3799.0,620994.7463,1753660800,3745.5142857142855,3248.8872,2582.071616161616,75.75035540185449,296.49589684679586,284.26657762080043,12.229319225995425,746016.582355,0.1268482951933203,-2.0
2025-07-29 00:00:00,3799.0,3886.44,3716.04,3793.79,584210.4393,1753747200,3752.3114285714287,3300.3171999999995,2604.437474747475,75.33091416232087,287.550680672759,284.92339823119215,2.6272824415668197,740921.1354599999,0.09115094898572562,-2.0
2025-07-30 00:00:00,3793.79,3834.03,3677.65,3810.0,525424.9003,1753833600,3778.27,3352.0608,2625.182323232323,75.7802652637486,278.55849500167324,283.6504175852884,-5.091922583615144,719597.5769750001,0.07417139377262516,-2.0
2025-07-31 00:00:00,3810.0,3878.67,3684.33,3698.39,516088.4503,1753920000,3777.0485714285714,3397.1823999999997,2644.407777777778,66.76302690940385,259.43551768100315,278.80743760443136,-19.37191992342821,700060.041045,0.029615730468456336,-2.0
2025-08-01 00:00:00,3698.39,3724.02,3431.75,3488.2,783869.1517,1754006400,3743.2257142857147,3435.0188,2661.7668686868687,53.78346986736512,224.72930447898534,267.9918109793422,-43.262506500356835,721809.2542450001,-0.07146983115455363,-2.0
2025-08-02 00:00:00,3488.21,3537.69,3368.29,3393.94,494195.7094,1754092800,3693.6314285714284,3466.1664,2678.0228282828284,49.16712023955878,187.4574929448795,251.88494737244966,-64.42745442757015,728652.364635,-0.09791538753910467,-2.0
2025-08-03 00:00:00,3393.94,3521.79,3354.28,3496.74,296347.6758,1754179200,3640.008571428571,3495.2864,2694.950707070707,53.822261835226804,164.32023327633715,234.37200455322716,-70.05177127689001,702692.115945,-0.06659263629107826,-2.0
2025-08-04 00:00:00,3496.75,3736.73,3490.73,3720.99,463349.9861,1754265600,3628.8642857142854,3526.0744,2714.442626262626,61.99787112524208,162.20904426791913,219.93941249616557,-57.73036822824645,682680.4283649999,0.025549225668289877,-2.0
2025-08-05 00:00:00,3720.99,3722.24,3546.0,3612.0,489070.9589,1754352000,3602.8942857142856,3552.2255999999998,2732.7468686868688,56.73993628654978,150.0120837141112,205.9539467397547,-55.9418630256435,650336.4471550001,-0.02561142074055689,-2.0
2025-08-06 00:00:00,3612.01,3698.6,3564.19,3683.31,365309.9205,1754438400,3584.7957142857144,3581.8268,2751.7923232323233,59.17925112501292,144.4350680811949,193.65017100804278,-49.21510292684786,619898.65186,-0.011181328121644296,-2.0
2025-08-07 00:00:00,3683.31,3927.77,3647.63,3910.31,631678.9872,1754524800,3615.0699999999997,3619.3579999999997,2773.1731313131313,65.79182723695929,156.5278898151646,186.22571476946717,-29.697824954302575,593291.431335,0.04523001256314996,-2.0
2025-08-08 00:00:00,3910.3,4071.0,3880.0,4009.5,723300.0109,1754611200,3689.5414285714282,3659.1932,2795.1063636363633,68.21476292890301,172.13112177408448,183.40679617039063,-11.275674396306158,610366.835815,0.03548462074843117,-2.0
2025-08-09 00:00:00,4009.51,4326.2,4006.63,4260.62,691932.1048,1754697600,3813.3528571428574,3704.1023999999998,2819.5348484848487,73.35939369937643,202.42663260487234,187.210763457287,15.215869147585352,602345.61339,0.1215109239273493,-2.0
2025-08-10 00:00:00,4260.63,4332.6,4153.07,4250.57,494843.8105,1754784000,3921.0428571428574,3739.2712,2843.949494949495,72.85119345537315,223.05386607509263,194.37938398084813,28.674482094244496,586484.1012449999,0.12040202541521805,-2.0
2025-08-11 00:00:00,4250.58,4366.46,4166.77,4223.22,722664.04,1754870400,3992.79,3769.1251999999995,2868.3369696969703,71.40154499905059,234.4911131976287,202.40172982420427,32.089383373424425,579110.933925,0.10845669291338589,-2.0
2025-08-12 00:00:00,4223.22,4639.7,4219.04,4590.52,885288.0652,1754956800,4132.578571428571,3810.8691999999996,2896.320101010101,77.79259391756977,270.0799408497851,215.93737202932044,54.142568820464646,583362.36706,0.24122118002698478,-2.0
2025-08-13 00:00:00,4590.52,4783.85,4564.33,4749.3,925931.4988,1755043200,4284.862857142857,3857.1608,2925.939292929293,79.88527575935107,307.5513022199957,234.2601580674555,73.2911441525402,592185.96725,0.36153316896966925,-2.0
2025-08-14 00:00:00,4749.31,4788.0,4451.33,4546.84,1265449.0453,1755129600,4375.795714285714,3888.7668,2953.572929292929,70.73250604643842,317.2536930118131,250.85886505632703,66.39482795548605,617228.08321,0.33969368934041255,-2.0
2025-08-15 00:00:00,4546.84,4672.67,4368.0,4439.47,880409.2591,1755216000,4437.22,3915.8523999999998,2976.1191919191924,66.3883438172951,312.67472633290254,263.2220373116421,49.452689021260426,640885.5610450001,0.26960254408391826,-2.0
2025-08-16 00:00:00,4439.47,4490.42,4372.54,4421.99,358676.5884,1755302400,4460.272857142857,3942.8835999999997,2997.098484848485,65.68109773401892,304.1295561276838,271.40354107485047,32.72601505283336,635951.76744,0.18839072397399614,-2.0
2025-08-17 00:00:00,4422.0,4576.0,4393.98,4472.33,442461.3829,1755388800,4491.952857142857,3976.6452000000004,3016.1803030303026,66.77871666296433,297.9844848144471,276.7197298227698,21.264754991677307,627025.09927,0.23818660022148386,-2.0
2025-08-18 00:00:00,4472.34,4481.88,4225.86,4312.99,823188.1269,1755475200,4504.777142857143,4000.8871999999997,3034.3461616161617,60.21405483406396,277.0632524771313,276.7884343536421,0.2748181234891831,638973.9836500001,0.17095492912624777,-2.0
2025-08-19 00:00:00,4312.99,4355.0,4067.34,4075.59,831222.7951,1755561600,4431.215714285715,4014.9123999999997,3050.3069696969696,52.01043769171051,238.5766658598368,269.1460806548811,-30.56941479504428,654263.87839,0.042267748592822674,-2.0
2025-08-20 00:00:00,4075.58,4378.0,4060.0,4336.16,728324.8933,1755648000,4372.1957142857145,4038.7147999999997,3067.0387878787883,58.66677318461519,226.49074567979278,260.61501365986345,-34.12426798007067,664875.70054,0.08147150517520885,-2.0
2025-08-21 00:00:00,4336.16,4340.26,4204.2,4225.3,433836.3992,1755734400,4326.261428571428,4052.8428,3083.357575757576,55.16121346266645,205.59709601531722,249.6114301309542,-44.014334115636984,647374.0629149999,-0.008289873304824114,-2.0
2025-08-22 00:00:00,4225.3,4887.59,4207.39,4832.07,1277976.63526,1755820800,4382.347142857143,4094.1656,3106.4220202020206,66.84031579836258,235.28774546890054,246.74669319854348,-11.458947729642944,686563.109208,0.1368051814227269,-2.0
2025-08-23 00:00:00,4832.07,4832.07,4659.7,4778.4,512442.0888,1755907200,4433.262857142857,4133.55,3129.061212121212,65.22207770239368,251.58694096137788,247.71474275111038,3.8721982102674986,697367.829858,0.13145893417818622,-2.0
2025-08-24 00:00:00,4778.4,4956.78,4711.0,4780.15,780668.77842,1755993600,4477.237142857143,4172.356,3152.3447474747477,65.2516190048567,261.62947941319,250.49769008352632,11.131789329663661,713233.769474,0.04130904559831983,-2.0
2025-08-25 00:00:00,4780.15,4797.97,4334.13,4376.18,1043917.1659,1756080000,4486.2642857142855,4199.4676,3171.3184848484852,53.875090309261836,234.29050550035663,247.2562531668924,-12.965747666535776,740976.0798239999,-0.07856315667572056,-2.0
2025-08-26 00:00:00,4376.17,4633.46,4311.04,4600.63,834750.2767,1756166400,4561.2699999999995,4243.9648,3192.2527272727275,58.23235227264632,228.10594752875932,243.4261920392658,-15.320244510506484,764448.097634,0.011830194156821072,-2.0
2025-08-27 00:00:00,4600.63,4663.93,4481.53,4506.71,606669.3611,1756252800,4585.634285714285,4288.4756,3212.278181818182,55.85463339773336,213.1688044167813,237.37471451476893,-24.205910097987612,763197.616329,0.01514595210689551,-2.0
2025-08-28 00:00:00,4506.71,4633.97,4430.0,4511.21,485243.4027,1756339200,4626.478571428571,4329.0544,3232.078383838384,55.94744587794221,199.39561474880156,229.77889456157544,-30.38327981277388,751294.785919,0.02017643640080613,-2.0
2025-08-29 00:00:00,4511.2,4516.75,4265.0,4360.18,679063.8777,1756425600,4559.065714285714,4354.622,3249.2032323232324,51.99624910581132,174.28436227675047,218.67998810461046,-44.39562582785999,750651.374564,-0.025076414307530936,-2.0
2025-08-30 00:00:00,4360.18,4415.61,4257.2,4373.7,340319.1826,1756512000,4501.251428571429,4385.09,3267.8618181818183,52.32086881113832,153.70267601201886,205.68452568609214,-51.98184967407329,742925.143169,0.014076081790127093,-2.0
2025-08-31 00:00:00,4373.7,4498.47,4372.63,4391.83,356586.1861,1756598400,4445.777142857143,4413.4308,3286.6641414141413,52.78198800491771,137.27209359934295,192.00203926874232,-54.72994566939937,724621.250474,0.07759367355401303,-2.0
2025-09-01 00:00:00,4391.83,4491.84,4210.61,4314.5,513830.0395,1756684800,4436.965714285715,4429.5984,3304.4750505050506,50.53692482283566,116.66600089882104,176.9348315947581,-60.268830695937055,706048.349189,-0.004995203129035786,-2.0
2025-09-02 00:00:00,4314.5,4416.78,4257.85,4326.5,524605.0512,1756771200,4397.8042857142855,4442.278399999999,3322.2811111111114,50.88603757835548,100.14936415739885,161.57773810728625,-61.4283739498874,685982.0268090001,0.023950962061865422,-2.0
2025-09-03 00:00:00,4326.49,4490.64,4283.23,4450.46,487091.6861,1756857600,4389.768571428572,4449.872,3340.358383838384,54.461622989412334,95.95622295933481,148.45343507769596,-52.49721211836115,647064.158849,-0.07897443538690452,-2.0
2025-09-04 00:00:00,4450.46,4482.05,4265.33,4297.55,471795.7096,1756944000,4359.245714285715,4451.751200000001,3356.681111111111,49.65899333025583,79.37953144564563,134.6386543512859,-55.25912290564028,626633.481374,-0.10062991796417198,-2.0
2025-09-05 00:00:00,4297.56,4490.0,4256.03,4307.45,624169.8754,1757030400,4351.7128571428575,4455.120400000001,3373.61101010101,49.96662589077237,66.27722861929942,120.96636920488862,-54.6891405855892,639908.1457240001,-0.09888811020574662,-2.0
2025-09-06 00:00:00,4307.46,4329.3,4236.0,4273.14,191166.0686,1757116800,4337.347142857143,4442.425200000001,3391.2049494949492,48.85241688167366,52.5196155374706,107.27701847140501,-54.757402933934415,627343.380009,-0.023545649401989888,-2.0
2025-09-07 00:00:00,4273.15,4336.02,4270.81,4306.19,169620.8372,1757203200,4325.112857142857,4424.7008000000005,3409.1658585858586,50.00883614879967,43.778811948715884,94.5773771668672,-50.79856521815131,594665.015524,-0.06399993044430885,-2.0
2025-09-08 00:00:00,4306.19,4384.06,4279.0,4306.37,372882.4355,1757289600,4323.9514285714295,4415.082,3427.015959595959,50.015464592723646,36.446059143296225,82.95111356215301,-46.50505441885679,571747.997544,-0.04445371457227121,-2.0
2025-09-09 00:00:00,4306.36,4381.87,4276.76,4310.09,405485.7821,1757376000,4321.607142857143,4409.9068,3444.2147474747476,50.16253638622022,30.582437325450883,72.47737831481258,-41.8949409893617,555606.041984,-0.044582273935374284,-2.0
2025-09-10 00:00:00,4310.08,4453.57,4285.1,4349.32,506633.9098,1757462400,4307.158571428571,4407.0,3461.9517171717175,51.77405212992303,28.769372512889277,63.73577715442793,-34.96640464153865,559245.917514,-0.002490722860065575,-2.0
2025-09-11 00:00:00,4349.33,4481.09,4338.82,4458.82,441259.6649,1757548800,4330.197142857142,4406.459599999999,3480.6501010101015,56.046283083774334,35.75606677640462,58.13983507882327,-22.383768302418645,517410.068996,0.019461782929784732,-2.0
2025-09-12 00:00:00,4458.83,4748.4,4450.71,4712.16,510777.5402,1757635200,4388.012857142857,4422.4264,3503.8637373737374,63.99371168683165,61.0319546834171,58.718258999742034,2.313695683675064,517326.84156599996,0.07293770478365502,-2.0
2025-09-13 00:00:00,4712.16,4769.36,4605.0,4666.53,394393.6869,1757721600,4444.211428571429,4446.064,3525.9892929292923,61.82536315513293,76.49947991331646,62.274503182456925,14.224976730859538,498013.08699000004,0.08159230501796255,-2.0
2025-09-14 00:00:00,4666.54,4692.36,4576.89,4604.49,278244.3205,1757808000,4486.825714285714,4456.7972,3546.9979797979795,58.902993432376945,82.79706258730221,66.37901506342598,16.418047523876226,459729.44472,0.0642528602796717,-2.0
2025-09-15 00:00:00,4604.48,4670.28,4466.0,4523.74,412291.9687,1757894400,4517.878571428571,4468.7348,3567.3405050505053,55.242835139374634,80.34591439641008,69.1723949300228,11.173519466387276,438606.52932000003,0.016465713656565795,-2.0
2025-09-16 00:00:00,4523.74,4538.25,4424.0,4501.29,293307.1099,1757980800,4545.192857142857,4455.5036,3585.7360606060606,54.2338347972413,75.71899300016776,70.4817145440518,5.237278456115959,422938.41676000005,0.04740840711568217,-2.0
2025-09-17 00:00:00,4501.3,4616.77,4412.0,4590.53,476981.4561,1758067200,4579.651428571428,4447.9888,3603.656565656566,57.552726303590724,78.34987802590149,72.05534724042174,6.2945307854797505,422525.31943000003,0.06571869667668806,-2.0
2025-09-18 00:00:00,4590.54,4644.47,4553.7,4587.66,290660.377,1758153600,4598.057142857143,4440.2892,3622.000505050505,57.408537336011,79.28929076086843,73.50213594451108,5.787154816357344,403105.144395,0.07360395400103892,-2.0
2025-09-19 00:00:00,4587.66,4620.72,4435.7,4468.59,331611.1482,1758240000,4563.261428571428,4443.9856,3640.4443434343434,51.629336164844524,69.62325468984909,72.72635969357869,-3.1031050037295955,402669.742675,0.037713152461921196,-2.0
2025-09-20 00:00:00,4468.59,4508.71,4454.45,4480.42,130781.913,1758326400,4536.674285714285,4439.1772,3659.6486868686866,52.144787482201274,62.20042580583322,70.6211729160296,-8.420747110196373,391379.52901999996,0.04041687082159684,-2.0
2025-09-21 00:00:00,4480.41,4498.16,4443.0,4444.97,149349.8262,1758412800,4513.885714285714,4436.7076,3678.9841414141415,50.41118820010429,52.848062141082664,67.0665507610402,-14.21848861995754,373155.51835499995,0.03129401010187727,-2.0
2025-09-22 00:00:00,4444.98,4455.76,4077.0,4199.08,708243.2348,1758499200,4467.505714285714,4424.2224,3695.6656565656563,40.38257028801868,25.30329787791743,58.71390018441565,-33.41060230649822,382337.427535,-0.03454333091149875,-2.0
2025-09-23 00:00:00,4199.09,4229.03,4114.39,4164.26,315227.9057,1758585600,4419.358571428571,4416.3856,3712.030202020202,39.19351792343665,0.6566216275414263,47.10244447304081,-46.445822845499386,373744.238515,-0.06606232142136248,-2.0
2025-09-24 00:00:00,4164.25,4206.9,4073.74,4152.81,353665.5671,1758672000,4356.827142857143,4407.55,3728.6247474747474,38.78905600545539,-19.574325538736048,33.76709047068544,-53.341416009421486,367837.73139,-0.11870352449831911,-2.0
2025-09-25 00:00:00,4152.81,4161.04,3815.0,3874.36,930327.6951,1758758400,4254.927142857143,4386.8512,3742.254646464646,30.53619202504541,-57.41424909592024,15.530822557364305,-72.94507165328454,383145.622375,-0.1697556857022241,-2.0
2025-09-26 00:00:00,3874.35,4068.3,3867.65,4032.24,575711.0859,1758844800,4192.591428571429,4375.5608,3757.5184848484846,38.522991522797206,-73.81220346014197,-2.337782646136951,-71.47442081400501,402372.87324,-0.12428086498178947,-2.0
2025-09-27 00:00:00,4032.24,4039.01,3972.98,4018.38,172693.2638,1758931200,4126.585714285715,4363.236000000001,3773.8002020202016,38.108744277605254,-86.9240799168947,-19.2550421002885,-67.66903781660619,402526.49457,-0.11171287474523284,-2.0
2025-09-28 00:00:00,4018.39,4144.88,3966.0,4142.16,240331.8589,1759017600,4083.327142857143,4350.9039999999995,3792.4510101010105,43.909697186251115,-86.33214175717876,-32.67046203166655,-53.66167972551221,395898.96574,-0.07978379531201063,-2.0
2025-09-29 00:00:00,4142.16,4235.86,4082.25,4215.07,380728.6784,1759104000,4085.6114285714284,4347.6048,3812.5254545454545,47.05741978629871,-79.06834813623664,-41.950039252580574,-37.11830888365606,394661.110555,-0.08179012009506526,-2.0
2025-09-30 00:00:00,4215.07,4245.0,4092.1,4145.15,391126.6172,1759190400,4082.8814285714284,4341.1128,3830.035454545454,44.479510272471686,-78.05394175930269,-49.170819753925,-28.883122005377686,388885.74592500005,-0.09645658135084123,-2.0
2025-10-01 00:00:00,4145.15,4355.46,4123.08,4348.03,507026.3822,1759276800,4110.7699999999995,4344.1084,3849.2231313131315,52.59454492411154,-60.1855157744194,-51.373758958023885,-8.811756816395516,392174.08179,-0.02697942751516702,-2.0
2025-10-02 00:00:00,4348.03,4516.74,4332.73,4484.35,526411.1571,1759363200,4197.911428571429,4351.2348,3870.0904040404043,57.128817062325396,-34.625631988263194,-48.024133564071754,13.39850157580856,392955.762635,0.0008771499100530544,-2.0
2025-10-03 00:00:00,4484.35,4591.59,4428.0,4512.87,485684.0267,1759449600,4266.572857142857,4359.4947999999995,3891.271313131313,58.03321505265692,-11.930388201522874,-40.80538449156198,28.874996290039107,397520.279625,0.015275693649225985,-2.0
2025-10-04 00:00:00,4512.88,4517.93,4440.0,4487.15,199732.7088,1759536000,4333.54,4366.5772,3912.119595959596,56.86809959707667,3.9350066536326267,-31.85730626252306,35.79231291615569,393594.69904,0.06860312258875756,-2.0
2025-10-05 00:00:00,4487.16,4618.17,4467.05,4514.32,506587.9614,1759622400,4386.705714285714,4373.1772,3933.116565656566,57.83123331894381,18.487723344668666,-21.788300341084717,40.27602368575339,398309.498675,0.08406295476267078,-2.0
2025-10-06 00:00:00,4514.32,4735.93,4488.25,4684.01,456200.6528,1759708800,4453.697142857142,4382.1848,3955.176363636364,63.33754546388887,43.2152623664806,-8.787587799571652,52.002850166052255,406454.17582,0.12791338876567915,-2.0
2025-10-07 00:00:00,4684.02,4755.0,4430.43,4447.7,640685.9319,1759795200,4496.918571428571,4371.606400000001,3974.9968686868683,52.96531772710737,43.24526858167246,1.6189834766771707,41.62628510499529,414639.39961,0.1479831507655458,-2.0
2025-10-08 00:00:00,4447.7,4558.0,4410.08,4525.72,399904.3287,1759881600,4522.302857142857,4365.974,3996.418181818182,55.553286307605276,48.99977181486702,11.095141144315141,37.904630670551875,420101.59719500004,0.12238358827847562,-2.0
2025-10-09 00:00:00,4525.72,4531.52,4265.06,4368.09,515978.1829,1759968000,4505.694285714286,4356.518,4014.5765656565654,49.61365338326159,40.37541085153043,16.9511950857582,23.42421576577223,429319.94892999995,0.08702760814059407,-2.0
2025-10-10 00:00:00,4368.09,4393.63,3435.0,3829.72,1493971.0244,1760054400,4408.101428571428,4328.7572,4027.0863636363633,35.609834962540475,-9.788580340275075,11.603240000551546,-21.39182034082662,497479.4045,-0.07542924464530587,-2.0
2025-10-11 00:00:00,3829.72,3878.3,3643.33,3746.79,789885.6582,1760140800,4302.335714285714,4298.5772,4039.5989898989897,34.017049083628294,-55.59480044393695,-1.836368088346152,-53.7584323555908,529506.1961000001,-0.11109661286763917,-2.0
2025-10-12 00:00:00,3746.8,4197.7,3694.74,4152.29,811308.152,1760227200,4250.617142857142,4281.0476,4056.12303030303,46.595547031315945,-58.50172730072154,-13.16943993082123,-45.332287369900314,534659.4419600001,0.0017224949639942366,-2.0
2025-10-13 00:00:00,4152.29,4292.0,4042.29,4240.85,622813.9247,1760313600,4187.308571428571,4267.1752,4072.996767676768,48.88724698000912,-53.04793236172645,-21.14513841700228,-31.902793944724174,550038.74291,-0.024650243903560742,-2.0
2025-10-14 00:00:00,4240.86,4263.38,3888.74,4125.02,962996.7658,1760400000,4141.211428571429,4253.4324,4088.9839393939396,46.10076312848765,-57.410481257252286,-28.39820698505228,-29.012274272200006,580505.3028449999,-0.08012978469566379,-2.0
2025-10-15 00:00:00,4125.01,4217.6,3926.74,3985.61,626081.6966,1760486400,4064.052857142857,4233.64,4102.82595959596,42.929214018239705,-71.2952078134931,-36.97760715074045,-34.31760066275266,565293.0029200001,-0.11683474152811846,-2.0
2025-10-16 00:00:00,3985.61,4086.49,3826.04,3894.51,643804.6163,1760572800,3996.3985714285714,4211.6215999999995,4114.197373737374,40.94680841848188,-88.62831029700374,-47.30774777999311,-41.32056251701063,568697.67944,-0.13207492506379315,-2.0
2025-10-17 00:00:00,3894.5,3950.45,3674.5,3831.57,830127.0885,1760659200,3996.662857142857,4196.9212,4123.089090909091,39.58667458249502,-106.219221812039,-59.090042586402284,-47.12917922563671,601569.370675,-0.1512409399422282,-2.0
2025-10-18 00:00:00,3831.58,3927.73,3819.07,3889.21,250710.6121,1760745600,4017.0085714285715,4185.9192,4132.4930303030305,41.503033493188006,-114.19273685302596,-70.11058143972703,-44.082155413298935,602088.308335,-0.16968366848063954,-2.0
2025-10-19 00:00:00,3889.2,4030.94,3827.04,3982.58,408538.2545,1760832000,3992.764285714286,4179.11,4142.99101010101,44.570321377508805,-111.69013197798131,-78.42649154737789,-33.26364043060342,603478.78714,-0.10457539852058362,-2.0
2025-10-20 00:00:00,3982.58,4085.3,3908.73,3979.22,511382.3301,1760918400,3955.388571428571,4183.3044,4153.164646464647,44.479935216307254,-108.72461383396694,-84.4861160046957,-24.23849782927124,609491.5727850001,-0.12075426672441081,-2.0
2025-10-21 00:00:00,3979.22,4110.0,3840.24,3873.05,590594.1382,1761004800,3919.3928571428573,4176.9367999999995,4161.845757575758,41.60858388618438,-113.63157695379596,-90.31520819451576,-23.316368759280195,613669.960585,-0.11333099821661186,-2.0
2025-10-22 00:00:00,3873.04,3889.27,3710.0,3805.53,593130.0905,1761091200,3893.667142857143,4168.422799999999,4168.5895959595955,39.84688428133856,-121.56732780888979,-96.56563211739058,-25.001695691499208,617005.907255,-0.0063163886654897805,-2.0
2025-10-23 00:00:00,3805.53,3934.86,3796.54,3856.8,477231.0181,1761177600,3888.2799999999997,4157.008400000001,4173.493131313131,41.85986907571882,-122.3094992445458,-101.71440554282162,-20.59509370172418,616583.256825,0.02936113312995925,-2.0
2025-10-24 00:00:00,3856.8,4026.39,3845.86,3934.88,425926.9383,1761264000,3903.0385714285717,4145.8008,4178.119494949495,44.88479645877066,-115.26852815573466,-104.42523006540424,-10.843298090330421,627892.9683000001,-0.05235905969958743,-2.0
2025-10-25 00:00:00,3934.88,3969.22,3912.4,3953.82,138526.3338,1761350400,3912.2685714285717,4138.1476,4182.229595959596,45.623843878677114,-106.92761316414999,-104.9257066851534,-2.001906478996588,609489.88692,-0.0676821863541508,-2.0
2025-10-26 00:00:00,3953.81,4178.78,3919.03,4158.46,344698.0918,1761436800,3937.394285714286,4130.5648,4187.951313131313,52.962848176345204,-82.84960155348836,-100.5104856588204,17.660884105332045,603914.75887,0.008106627361806673,-2.0
2025-10-27 00:00:00,4158.46,4253.72,4095.0,4120.15,487131.2291,1761523200,3957.527142857143,4115.9968,4191.622626262626,51.5598830684071,-66.09697591489567,-93.62778371003546,27.530807795139793,596237.02373,0.03375643878854162,-2.0
2025-10-28 00:00:00,4120.16,4175.55,3931.33,3979.2,472965.8377,1761609600,3972.691428571429,4094.65,4193.813232323232,46.662325715189006,-63.46233217052941,-87.59469340213425,24.132361231604847,599890.09918,0.02174599628708096,-2.0
2025-10-29 00:00:00,3979.19,4036.66,3840.37,3902.99,486452.3127,1761696000,3986.6142857142854,4071.2836000000007,4195.396868686868,44.216723978707954,-66.75436533753009,-83.42662778921343,16.672262451683338,598413.80567,0.018639878692024325,-2.0
2025-10-30 00:00:00,3903.0,3948.74,3680.0,3805.09,531455.9923,1761782400,3979.227142857143,4042.9144,4197.182727272728,41.227478759070614,-76.38254670384049,-82.01781157213884,5.63526486829835,550288.054065,-0.021629071199549488,-2.0
2025-10-31 00:00:00,3804.95,3906.09,3796.36,3847.99,478636.2995,1761868800,3966.8142857142857,4009.4736000000003,4198.607474747475,43.04454025833946,-79.63331504834196,-81.54091226737947,1.9075972190375126,534725.58613,-0.03379467581316642,-2.0
2025-11-01 00:00:00,3848.0,3909.39,3831.0,3873.77,152998.1626,1761955200,3955.378571428572,3986.5163999999995,4200.110606060606,44.16175679412604,-79.21618694163135,-81.07596720222985,1.859780260598498,501810.0866599999,-0.02650016837470659,-2.0
2025-11-02 00:00:00,3873.78,3918.23,3839.12,3906.58,216083.1542,1762041600,3919.3957142857143,3961.7508000000003,4201.782121212122,45.62366441846411,-75.36930666495937,-79.93463509477576,4.56532842981639,481473.548135,0.008657259782341997,-2.0
2025-11-03 00:00:00,3906.58,3914.29,3558.82,3603.83,877187.3852,1762128000,3845.6357142857146,3931.1803999999997,4199.072323232323,36.204483372721036,-95.64745679958969,-83.07719943573855,-12.570257363851141,477183.079105,-0.053001815778616956,-2.0
2025-11-04 00:00:00,3603.84,3654.54,3057.0,3287.05,1568004.2379,1762214400,3746.7571428571428,3909.4736,4193.90111111111,29.371537922674406,-135.71509628627064,-93.60477880584497,-42.110317480425664,524279.20616999996,-0.14772609417133375,-2.0
2025-11-05 00:00:00,3287.05,3480.46,3166.66,3424.29,809591.5132,1762300800,3678.371428571429,3896.5735999999997,4190.168787878788,35.0874060616968,-154.612590513314,-105.80634114733877,-48.80624936597522,532568.551015,-0.12975999268084415,-2.0
2025-11-06 00:00:00,3424.29,3456.46,3245.45,3315.14,566363.7003,1762387200,3608.378571428572,3863.0875999999994,4185.170202020202,32.812960329065334,-176.36347527224189,-119.9177679723194,-56.44570729992249,519380.38160500006,-0.16153492065900832,-2.0
2025-11-07 00:00:00,3315.14,3473.0,3194.2,3436.05,683417.3854,1762473600,3549.5299999999997,3830.8956,4182.520303030303,37.63559396863017,-181.74968441074998,-132.28415126000553,-49.46553315074445,541015.72027,-0.17372056001500547,-2.0
2025-11-08 00:00:00,3436.04,3488.0,3355.58,3401.51,291532.2881,1762560000,3482.0642857142852,3801.9552000000003,4181.644646464647,36.82247052294369,-186.65375499606807,-143.15807200721804,-43.495682988850035,535165.42195,-0.17442083419292975,-2.0
2025-11-09 00:00:00,3401.51,3623.25,3358.66,3583.46,464098.052,1762646400,3435.904285714286,3785.8691999999996,4183.558989898989,43.72046185158423,-173.85433730654677,-149.2973250670838,-24.557012239462978,532801.208045,-0.09945215118616801,-2.0
2025-11-10 00:00:00,3583.46,3658.98,3507.3,3567.85,595273.0298,1762732800,3430.7642857142855,3772.8028000000004,4184.277272727273,43.28382422639395,-163.09029966026628,-152.0559199857203,-11.034379674545988,533035.152625,-0.08586750158212031,-2.0
2025-11-11 00:00:00,3567.85,3648.27,3405.24,3417.76,660283.2747,1762819200,3449.437142857143,3756.2504,4181.214343434343,39.22726363441186,-164.7713493714682,-154.5990058628699,-10.172343508598317,536392.8118350001,-0.10179259886099934,-2.0
2025-11-12 00:00:00,3417.76,3588.19,3371.65,3414.92,553101.9368,1762905600,3448.098571428571,3737.2788,4179.223636363637,39.15249094420021,-164.43722764239283,-156.5666502187745,-7.870577423618329,540186.35777,-0.11254447126941591,-2.0
2025-11-13 00:00:00,3414.91,3565.84,3154.22,3231.54,951989.1347,1762992000,3436.155714285714,3707.2372000000005,4174.660303030303,34.57026954230166,-176.9301268273921,-160.63934554049803,-16.29078128689406,566489.46759,-0.16578939895760458,-2.0
2025-11-14 00:00:00,3231.55,3256.71,3070.0,3112.4,890446.1491,1763078400,3389.9200000000005,3672.5644,4166.600606060606,31.953723087927656,-194.20575864666625,-167.3526281617317,-26.853130484934553,604085.458355,-0.20329290581531667,-2.0
2025-11-15 00:00:00,3112.4,3230.0,3110.68,3167.88,338463.4782,1763164800,3356.5442857142853,3644.3576000000003,4158.099393939394,34.44208947985389,-201.10187179684772,-174.10247688875492,-26.999394908092796,603773.727675,-0.1209685251524073,-2.0
2025-11-16 00:00:00,3167.87,3249.0,3004.0,3095.29,570633.5809,1763251200,3286.805714285714,3615.948,4146.328383838384,32.75435531403795,-210.003705498023,-181.28272261060854,-28.720982887414465,607948.8452649999,-0.058338023455682175,-2.0
2025-11-17 00:00:00,3095.29,3223.38,2959.46,3031.44,762500.4289,1763337600,3210.175714285714,3582.9336,4134.01393939394,31.30141648189729,-219.67831930380953,-188.96184194924874,-30.716477354560794,622425.574825,-0.11472451223465296,-2.0
2025-11-18 00:00:00,3031.44,3169.95,2946.56,3123.66,766640.1058,1763424000,3168.161428571428,3550.4847999999997,4122.907272727272,35.7354468865214,-217.39810710829988,-194.64909498105897,-22.749012127240917,636434.96448,-0.0577592499864259,-2.0
2025-11-19 00:00:00,3123.65,3125.54,2873.64,3025.48,737926.7146,1763510400,3112.527142857143,3513.3512,4107.098787878788,33.27321873442223,-220.96616755787727,-199.91250949642262,-21.053658061454655,646758.500595,-0.11948894806536581,-2.0
2025-11-20 00:00:00,3025.48,3063.61,2790.01,2834.22,912524.3718,1763596800,3055.7671428571425,3460.3815999999997,4087.7545454545457,29.07103213668276,-236.50073152768482,-207.23015390267508,-29.270577625009736,668452.9042100001,-0.16677593186555395,-2.0
2025-11-21 00:00:00,2834.21,2886.73,2623.57,2765.85,1180475.4085,1763683200,3006.2599999999998,3406.2096,4069.7647474747478,27.723158029100247,-251.4305382672469,-216.07023077558947,-35.36030749165744,719826.766505,-0.22816216729083072,-2.0
2025-11-22 00:00:00,2765.86,2799.01,2704.33,2770.12,264691.3089,1763769600,2949.437142857143,3357.8464000000004,4052.902626262626,27.94784754947777,-259.92174823964206,-224.8405342684,-35.08121397124205,722257.17424,-0.22358843561248376,-2.0
2025-11-23 00:00:00,2770.12,2858.16,2768.29,2802.16,409808.5734,1763856000,2907.5614285714287,3313.8132,4036.540707070707,29.713498654112897,-261.0564369845133,-232.08371481162268,-28.972722172890627,698888.2336500001,-0.18011797200505608,-2.0
2025-11-24 00:00:00,2802.16,2987.0,2763.0,2953.38,715279.7551,1763942400,2896.4100000000003,3279.7448,4021.197777777778,37.498357961591594,-246.9073021038912,-235.0484322700764,-11.858869833814794,656252.00951,-0.13515397139610885,-2.0
2025-11-25 00:00:00,2953.38,2980.82,2857.32,2959.36,427686.4528,1764028800,2872.9385714285713,3244.1995999999995,4007.524747474747,37.79178707487794,-232.53100210221965,-234.54494623650504,2.0139441342853956,637156.75649,-0.08422609653601687,-2.0
2025-11-26 00:00:00,2959.36,3045.0,2888.69,3026.56,364535.326,1764115200,2873.0928571428567,3210.3112,3996.9284848484845,41.13614861499492,-213.25690948436068,-230.28733888607616,17.03042940171548,627065.337775,-0.02758000257036375,-2.0
2025-11-27 00:00:00,3026.56,3071.37,2985.78,3015.23,274980.3955,1764201600,2898.9514285714286,3174.6572,3983.5857575757573,40.73848515119731,-196.62966416285462,-223.55580394143186,26.926139778577237,606643.4882799999,-0.04818680000505071,-2.0
2025-11-28 00:00:00,3015.23,3099.0,2994.36,3031.15,346616.0275,1764288000,2936.8514285714286,3151.75,3971.523636363636,41.59287431981482,-180.09185470397824,-214.86301409394116,34.77115938996292,609397.6752500001,-0.020721806357401062,-2.0
2025-11-29 00:00:00,3031.14,3052.64,2961.91,2989.16,217904.1303,1764374400,2968.1428571428573,3139.8344,3952.9083838383835,39.956589534824865,-168.43218228230626,-205.57684773161418,37.14466544930792,597087.979165,-0.013947167022933082,-2.0
2025-11-30 00:00:00,2989.17,3053.02,2975.3,2991.26,182722.4253,1764460800,2995.157142857143,3122.5132,3934.856464646465,40.08354289120337,-157.2101348604001,-195.90350515737137,38.69337029697127,576460.44894,-0.042386175191922226,-2.0
2025-12-01 00:00:00,2991.25,2999.47,2716.04,2799.07,849002.9909,1764547200,2973.112857142857,3101.8704000000002,3914.845555555555,33.17105616876208,-161.95775998727777,-189.11435612335268,27.15659613607491,585896.43475,-0.07483440644129191,-2.0
2025-12-02 00:00:00,2799.07,3033.76,2782.19,2996.07,523707.3586,1764633600,2978.3571428571427,3084.2712,3900.9050505050504,43.8584689650789,-148.11663710962011,-180.91481232060616,32.798175210986045,584426.70584,0.05710565869974826,-2.0
2025-12-03 00:00:00,2996.07,3214.99,2985.58,3188.36,553669.8146,1764720000,3001.4714285714285,3075.7451999999994,3886.639696969697,51.93798134746109,-120.24514041505017,-168.78087793949496,48.535737524444784,564510.7398349999,0.15275954950557713,-2.0
2025-12-04 00:00:00,3188.39,3240.35,3066.37,3133.26,486698.3987,1764806400,3018.3328571428574,3057.7372000000005,3872.766464646464,49.72949591672442,-101.4336243105854,-155.31142721371305,53.877802903127645,544323.352315,0.13109179385730596,-2.0
2025-12-05 00:00:00,3133.26,3193.33,2983.08,3021.78,530382.8986,1764892800,3016.9942857142855,3035.8944,3857.7217171717175,45.512792995000176,-94.43230970668174,-143.1356037123068,48.703294005625054,553919.323335,0.07837525337596718,-2.0
2025-12-06 00:00:00,3021.77,3069.0,3012.58,3038.06,159721.2488,1764979200,3023.98,3020.7064,3844.36696969697,46.22983148569029,-86.57210812576977,-131.8229045949994,45.25079646922961,533373.70673,0.028672233170130346,-2.0
2025-12-07 00:00:00,3038.06,3150.0,2907.52,3059.85,391129.675,1765065600,3033.7785714285715,3006.5036000000005,3831.0957575757575,47.23078988690661,-77.68902018487552,-120.99612771297461,43.307107528099095,514805.16903499997,0.03395666630622829,-2.0
2025-12-08 00:00:00,3059.86,3180.51,3040.87,3124.16,452820.2207,1765152000,3080.2200000000003,3002.2083999999995,3818.29101010101,50.17858088337372,-64.71384849118522,-109.73967186861674,45.02582337743152,499114.17478,0.032247832522732,-2.0
2025-12-09 00:00:00,3124.16,3397.85,3090.8,3318.04,603859.9458,1765238400,3126.2157142857145,3010.434,3808.225757575757,57.82726978655557,-38.34442510164217,-95.46062251522183,57.116197413579656,492410.83634000004,0.10042683311057532,-2.0
2025-12-10 00:00:00,3318.04,3447.44,3288.1,3324.14,539585.4535,1765324800,3145.612857142857,3016.6844,3798.1009090909088,58.045508039858916,-16.761037259673685,-79.7207054641122,62.959668204438515,473763.890425,0.09665968361842858,-2.0
2025-12-11 00:00:00,3324.14,3327.37,3145.28,3237.39,504114.2391,1765411200,3160.488571428571,3022.3684000000003,3785.847676767677,53.78296995804152,-6.580194508733712,-65.0926032730365,58.51240876430279,439945.831955,0.0830433968071298,-2.0
2025-12-12 00:00:00,3237.38,3265.5,3045.31,3084.86,435686.4435,1765497600,3169.5,3024.5052,3773.5982828282827,47.217403165313954,-10.696398114022486,-54.213362241233696,43.51696412721121,448495.58868499997,0.03129116158408163,-2.0
2025-12-13 00:00:00,3084.86,3135.68,3078.6,3114.64,136465.7567,1765584000,3180.4399999999996,3024.1444,3761.5496969696974,48.53829044809951,-11.423835148205853,-45.65545682262813,34.23162167442228,434828.44784999994,0.1127410175522583,-2.0
2025-12-14 00:00:00,3114.64,3129.54,3024.44,3063.5,279058.3545,1765670400,3180.9614285714283,3025.6652000000004,3749.3311111111116,46.39128984202545,-15.94312245250103,-39.71298994860271,23.769867496101682,413017.37782,0.022506149722803404,-2.0
2025-12-15 00:00:00,3063.49,3177.5,2894.57,2964.85,520509.9555,1765756800,3158.2028571428573,3030.8903999999998,3735.782222222222,42.48714197323207,-27.171702278345037,-37.20473241455118,10.033030136206143,417658.552955,-0.07010187055414074,-2.0
2025-12-16 00:00:00,2964.85,2981.87,2876.0,2962.3,378293.1159,1765843200,3107.382857142857,3038.7483999999995,3722.2057575757576,42.38783977356684,-35.862792429324145,-36.93634441750578,1.0735519881816344,418346.44245,-0.054562979133554235,-2.0
2025-12-17 00:00:00,2962.3,3030.92,2791.02,2833.49,497630.4162,1765929600,3037.29,3041.2832,3707.2906060606056,37.60641460017323,-52.5387998988449,-40.056835513773606,-12.481964385071294,429478.943485,-0.06231095579426704,-2.0
2025-12-18 00:00:00,2833.5,2997.4,2775.19,2828.57,595253.7997,1766016000,2978.887142857143,3042.3396,3691.9294949494947,37.43272742280296,-65.39779378637468,-45.125027168293826,-20.27276661808085,441910.83209499996,-0.06895518850845594,-2.0
2025-12-19 00:00:00,2828.56,3020.0,2808.63,2979.5,531702.5439,1766102400,2963.835714285714,3043.3844,3676.986868686868,45.71551796015674,-62.68723009385394,-48.63746775340585,-14.04976234044809,457600.75277499994,-0.026259457162932764,-2.0
2025-12-20 00:00:00,2979.49,2994.41,2964.17,2977.93,91783.7734,1766188800,2944.305714285714,3044.1272000000004,3659.4693939393937,45.64782269617214,-59.97442685790338,-50.90485957430536,-9.069567283598019,453053.82018,-0.04680618150158766,-2.0
2025-12-21 00:00:00,2977.93,3013.4,2944.0,3002.02,162244.8067,1766275200,2935.522857142857,3043.1456,3642.656161616161,46.94600173141381,-55.24383256354986,-51.77265417215427,-3.47117839139559,418715.91096999997,-0.09524297476823662,-2.0
2025-12-22 00:00:00,3002.03,3077.39,2963.43,3009.49,298443.5633,1766361600,2941.9,3042.9159999999997,3626.5450505050503,47.365812959310105,-50.31206971112442,-51.4805372799483,1.1684675688238784,407452.721205,-0.09465606141738914,-2.0
2025-12-23 00:00:00,3009.48,3035.79,2900.93,2965.02,386465.747,1766448000,2942.2885714285717,3040.2708000000002,3610.800404040404,45.078946024538155,-49.42226041408321,-51.06888190677529,1.646621492692077,399092.517825,-0.08413258828871406,-2.0
2025-12-24 00:00:00,2965.03,2978.15,2888.7,2947.47,197035.5598,1766534400,2958.5714285714284,3038.6032,3595.1052525252526,44.17253966572329,-49.561899735044335,-50.7674854724291,1.2055857373847658,384609.37587999995,-0.04453686715118366,-2.0
2025-12-25 00:00:00,2947.48,2971.46,2891.2,2903.95,188721.2981,1766620800,2969.34,3035.1108000000004,3578.0690909090904,41.92150341632494,-52.57817669893075,-51.12962371772944,-1.4485529812013098,367526.295855,-0.06764505689261036,-2.0
2025-12-26 00:00:00,2903.9,2994.38,2894.26,2927.99,314830.9989,1766707200,2961.981428571428,3040.2676,3561.3047474747473,43.63036009392369,-52.42445435782838,-51.38858984574923,-1.0358645120791508,375281.78336,-0.04423371960176281,-2.0
2025-12-27 00:00:00,2928.0,2960.89,2917.13,2949.05,95040.3956,1766793600,2957.8557142857144,3038.3867999999998,3545.9558585858586,45.15284489864507,-50.02658694690399,-51.11618926598019,1.0896023190761994,360477.31939,-0.0053291060255998834,-2.0
2025-12-28 00:00:00,2949.05,2961.23,2924.54,2950.91,128834.139,1766880000,2950.554285714286,3028.8888,3530.5062626262625,45.293380658093724,-47.4294362751325,-50.378838667810655,2.9494023926781523,344278.015305,-0.0038449853154644,-2.0
2025-12-29 00:00:00,2950.91,3057.78,2910.25,2937.9,485959.1824,1766966400,2940.3271428571425,3021.0744,3515.2833333333338,44.435722891843206,-45.89195997929846,-49.481462930108215,3.5895029508097522,338382.977135,0.03684855072719517,-2.0
2025-12-30 00:00:00,2937.91,3009.8,2919.44,2973.69,286583.2879,1767052800,2941.565714285714,3019.1507999999994,3502.905656565657,47.387202371347556,-41.3093564998926,-47.8470416440651,6.5376851441724995,325732.868855,0.05130507641670512,-2.0
2025-12-31 00:00:00,2973.69,3028.08,2958.91,2971.64,233729.5887,1767139200,2945.0185714285717,3016.4939999999997,3490.85898989899,47.2324414379607,-37.41176851460432,-45.75998701817295,8.348218503568631,312213.63633500005,-0.0026380265145159454,-2.0
2026-01-01 00:00:00,2971.65,3010.0,2971.15,3004.19,136088.5207,1767225600,2959.3385714285714,3014.2675999999997,3479.2567676767676,50.02337202838452,-31.33517657724633,-42.87502492998763,11.539848352741302,297233.740195,0.008818205934995271,-2.0
2026-01-02 00:00:00,3004.19,3150.01,2992.49,3125.45,369891.2449,1767312000,2987.5471428571427,3014.3192000000004,3471.69202020202,58.77176083338195,-16.54405552572871,-37.60883104913585,21.064775523407143,308905.014605,0.041115648796477,-2.0
2026-01-03 00:00:00,3125.46,3136.71,3076.0,3127.11,134405.2258,1767398400,3012.9842857142858,3006.6819999999993,3462.549292929293,58.877884386807935,-4.6346124736769525,-31.01398733404407,26.37937486036712,301672.35817,0.039083034002439065,-2.0
2026-01-04 00:00:00,3127.11,3167.22,3118.75,3144.7,181576.0686,1767484800,3040.6685714285713,2999.5044,3453.7242424242427,60.051326825930616,6.152154732046256,-23.580758920826007,29.732913652872263,284725.663825,0.06059992849963902,-2.0
2026-01-05 00:00:00,3144.71,3265.66,3135.02,3224.99,382446.6618,1767571200,3081.6814285714286,2999.0083999999997,3444.4598989898986,64.96562017377988,20.93811587918526,-14.676983960823751,35.61509984000901,284933.34112,0.09415532643249969,-2.0
2026-01-06 00:00:00,3224.99,3308.86,3183.27,3296.84,412503.5066,1767657600,3127.845714285714,3007.4876,3435.1848484848483,68.67880860673738,38.01557129783578,-4.138472909091846,42.15404420692762,280676.99564,0.13529502918438685,-2.0
2026-01-07 00:00:00,3296.83,3296.84,3125.42,3168.72,321350.1225,1767744000,3156.0,3009.6507999999994,3425.3219191919193,57.06449887912533,40.74171931760111,4.837565536246746,35.90415378135437,266981.81178,0.08221681084976384,-2.0
2026-01-08 00:00:00,3168.72,3184.39,3054.65,3106.65,343616.1005,1767830400,3170.637142857143,3011.3768,3412.7827272727272,52.437864833457525,37.46184418416806,11.36242126583101,26.099422918337048,257577.48961,0.053440938607348,-2.0
2026-01-09 00:00:00,3106.66,3148.41,3058.69,3088.4,274587.4533,1767916800,3165.344285714286,3016.3188,3398.6822222222227,51.12535877422068,33.00938538522041,15.691814089708892,17.31757129551152,266717.673605,0.04659240708798307,-2.0
2026-01-10 00:00:00,3088.4,3104.12,3077.99,3086.72,82341.0546,1768003200,3159.574285714286,3021.2956,3384.2766666666666,50.99881304815213,29.010799313278767,18.35561113442287,10.655188178855898,262722.48600000003,0.05065522992613758,-2.0
2026-01-11 00:00:00,3086.72,3147.27,3084.46,3123.45,149381.2965,1768089600,3156.538571428571,3032.894,3370.501919191919,53.697261467486975,28.47742504821599,20.379973917181495,8.097451131034497,255269.37266000002,0.05036167186223173,-2.0
2026-01-12 00:00:00,3123.46,3171.49,3065.55,3095.75,297373.4681,1768176000,3138.075714285714,3043.5812,3356.1729292929294,51.39846158996445,25.52532355794483,21.409043845334164,4.116279712610666,250814.758715,0.041764816734193966,-2.0
2026-01-13 00:00:00,3095.75,3367.79,3091.96,3325.82,457782.2816,1768262400,3142.2157142857145,3057.434,3342.4538383838385,64.85598872635745,41.274699044963654,25.382174885260063,15.89252415970359,263852.094805,0.10706047220715065,-2.0
2026-01-14 00:00:00,3325.83,3402.89,3280.48,3354.92,503440.0759,1768348800,3168.815714285714,3072.5135999999998,3331.4156565656567,66.13332568690329,55.46495392459428,31.39873069312691,24.066223231467372,279588.033695,0.07341982754483367,-2.0
2026-01-15 00:00:00,3354.92,3384.19,3273.72,3318.69,389993.836,1768435200,3199.1071428571427,3085.1803999999997,3319.2234343434343,63.060272877659884,63.06045328698747,37.731075211899025,25.329378075088442,283346.17555,0.061264234388940464,-2.0
2026-01-16 00:00:00,3318.7,3326.79,3253.01,3296.28,223921.7876,1768521600,3228.804285714286,3096.652,3308.3970707070707,61.16694996015707,66.50501314883968,43.48586279928716,23.01915034955252,289790.24515,0.04820173625465074,-2.0
2026-01-17 00:00:00,3296.28,3330.26,3283.96,3310.56,124325.0303,1768608000,3260.781428571428,3110.4736,3303.1530303030304,61.950892717371964,69.58499579674344,48.705689398778425,20.879306397965017,289564.789715,0.02653341560749034,-2.0
2026-01-18 00:00:00,3310.56,3368.82,3278.86,3284.03,173354.3026,1768694400,3283.721428571429,3123.9359999999997,3298.478686868687,59.54582189479339,69.08874293345661,52.782300105714064,16.30644282774255,273934.545725,-0.003885538879654482,-2.0
2026-01-19 00:00:00,3284.04,3284.58,3165.38,3189.55,442540.5596,1768780800,3297.121428571429,3135.36,3288.75404040404,51.82896951009326,60.37573863391981,54.30098781135521,6.074750822564596,281732.40931,0.006573632255295614,-2.0
2026-01-20 00:00:00,3189.56,3200.5,2920.0,2939.88,518166.4787,1768867200,3241.9871428571428,3135.8356,3275.612929292929,37.86431576262263,32.94457300170234,50.02970484942464,-17.0851318477223,295954.25381,-0.05368161846361841,-2.0
2026-01-21 00:00:00,2939.88,3069.07,2866.11,2982.27,577800.2481,1768953600,3188.7514285714287,3137.1644,3264.0699999999997,40.78171050042225,14.459020748521198,42.91556802924396,-28.45654728072276,318039.84018,-0.03436407201139757,-2.0
2026-01-22 00:00:00,2982.28,3038.33,2906.02,2952.69,291660.7349,1769040000,3136.4657142857145,3137.2356,3253.636464646465,39.39182307051005,-2.5483950709058263,33.822775409214,-36.37117048011983,314128.31468,-0.04342149595687328,-2.0
2026-01-23 00:00:00,2952.7,3019.26,2892.4,2956.41,318415.3317,1769126400,3087.912857142857,3137.9759999999997,3244.160707070707,39.670290801016755,-15.547499828908258,23.94872036158955,-39.49622019049781,323328.819975,-0.053479325745569795,-2.0
2026-01-24 00:00:00,2956.41,2970.41,2943.84,2953.22,92082.9039,1769212800,3036.8642857142863,3137.1572,3235.288484848485,39.50267975396394,-25.809277062911406,13.997120876689362,-39.80639793960077,318854.16174,-0.04604053944924502,-2.0
2026-01-25 00:00:00,2953.23,2960.29,2787.0,2816.89,380186.5326,1769299200,2970.13,3130.9672000000005,3224.4569696969697,33.07167436942879,-44.43033584097202,2.3116295331570846,-46.74196537412911,318741.15528,-0.15302391590645326,-2.0
2026-01-26 00:00:00,2816.9,2951.21,2812.37,2930.35,485169.3372,1769385600,2933.1014285714286,3128.0136,3213.828383838384,41.59378907885319,-49.46221567174916,-8.043139507824165,-41.419076163925,322374.44681,-0.12655145279172086,-2.0
2026-01-27 00:00:00,2930.35,3035.08,2899.77,3026.77,478792.3988,1769472000,2945.5142857142855,3124.0664,3204.2076767676767,47.68963771268232,-45.14927575943193,-15.464366758145719,-29.68490900128621,330246.56062500004,-0.08796241890625522,-2.0
2026-01-28 00:00:00,3026.77,3045.78,2983.67,3010.78,296607.6549,1769558400,2949.587142857142,3119.4132,3195.4978787878786,46.8169787651047,-42.531225677024395,-20.877738541921456,-21.65348713510294,327896.138345,-0.08661278774861358,-2.0
2026-01-29 00:00:00,3010.78,3013.5,2754.53,2822.59,561288.5979,1769644800,2931.0014285714283,3106.5288,3185.5691919191922,38.00301373199642,-55.00766819733781,-27.703724473004726,-27.30394372433308,342231.195575,-0.1473980232951524,-2.0
2026-01-30 00:00:00,2822.6,2828.65,2636.01,2707.38,793279.6252,1769731200,2895.425714285714,3085.8244,3173.9588888888893,33.806862567263295,-73.34633207282741,-36.83224599296926,-36.514086079858146,377778.124105,-0.17559218399344712,-2.0
2026-01-31 00:00:00,2707.37,2714.64,2250.0,2451.95,1113097.7132,1769817600,2823.815714285714,3052.0287999999996,3158.979797979798,26.753706997809843,-107.25455782060044,-50.9167083584955,-56.33784946210494,425963.94494,-0.2312551927387877,-2.0
2026-02-01 00:00:00,2451.96,2475.98,2222.0,2270.15,1026573.9466,1769904000,2745.71,3016.0860000000002,3141.9730303030306,23.065259551816553,-147.1011214939772,-70.15359098559185,-76.94753050838534,462423.968865,-0.22780861803883157,-2.0
2026-02-02 00:00:00,2270.16,2396.62,2157.14,2347.02,1248535.2114,1769990400,2662.3771428571426,2985.7008,3123.6756565656565,27.60977166647372,-170.51149335780246,-90.22517146003398,-80.28632189776849,501961.615355,-0.21300888249554872,-2.0
2026-02-03 00:00:00,2347.01,2359.88,2110.0,2233.72,1321099.3867,1770076800,2549.0842857142857,2951.5135999999998,3104.620808080808,25.242964671315207,-195.94797851199246,-111.36973287042568,-84.57824564156678,542844.580895,-0.24349660817762797,-2.0
2026-02-04 00:00:00,2233.72,2295.74,2076.68,2148.26,1264743.43,1770163200,2425.867142857143,2913.9752000000003,3086.1264646464647,23.59964108305158,-220.4611451882156,-133.18801533398369,-87.27312985423191,586582.0605949999,-0.27335518415916593,-2.0
2026-02-05 00:00:00,2148.25,2173.77,1818.18,1826.83,1952286.6951,1770249600,2283.615714285714,2862.1104000000005,3065.155151515152,18.675206742532154,-262.79537953353883,-159.10948817389473,-103.6858913596441,673000.30597,-0.3814107990600091,-2.0
2026-02-06 00:00:00,1826.83,2093.94,1747.8,2063.38,2102311.5573,1770336000,2191.6157142857146,2820.8156,3047.5621212121214,30.215826222454993,-274.0983223450198,-182.10725500811975,-91.99106733690007,771899.63232,-0.2674971333633901,-2.0
2026-02-07 00:00:00,2063.37,2121.7,1994.57,2087.08,1142616.4487,1770422400,2139.4914285714285,2771.2659999999996,3029.7751515151513,31.26820938034426,-277.93967842415714,-201.27373969132722,-76.66593873282991,820362.7396249999,-0.28777108536522944,-2.0
2026-02-08 00:00:00,2087.08,2152.03,2064.1,2089.74,482837.2515,1770508800,2113.718571428571,2720.6588,3011.754646464646,31.393264557752516,-277.56969041294906,-216.5329298356516,-61.03676057729746,822377.5742200001,-0.30958084030170785,-2.0
2026-02-09 00:00:00,2089.73,2147.73,2008.62,2105.02,625378.5569,1770595200,2079.1471428571426,2672.112,2993.5570707070706,32.15688265870155,-272.8977090319404,-227.80588567490938,-45.09182335703102,827738.1781300001,-0.3008389852463482,-2.0
2026-02-10 00:00:00,2105.02,2124.71,1989.38,2022.67,574321.6908,1770681600,2048.997142857143,2621.1676,2977.5857575757573,30.20559293277006,-272.6966101262278,-236.78403056517305,-35.91257956105477,827564.250265,-0.28339928930521263,-2.0
2026-02-11 00:00:00,2022.67,2032.31,1903.19,1941.18,529655.8177,1770768000,2019.4142857142856,2566.3924,2963.991111111112,28.37096769352931,-275.93202710749347,-244.61362987363717,-31.318397233856302,839464.004405,-0.2830042328745872,-2.0
2026-02-12 00:00:00,1941.19,2001.42,1897.24,1947.85,427567.1469,1770854400,2036.702857142857,2512.9452,2949.0775757575757,28.75241656699761,-274.7902936642399,-250.64896263175774,-24.141331032482185,844921.5951650001,-0.2055914680152532,-2.0
2026-02-13 00:00:00,1947.85,2073.68,1924.72,2048.72,425649.7698,1770940800,2034.6085714285714,2467.312,2936.285454545454,34.43854549766898,-262.7176501555459,-253.0627001365154,-9.654950019030537,861599.9384600001,-0.09753981014470425,-2.0
2026-02-14 00:00:00,2048.72,2107.67,2042.37,2086.59,220677.2355,1771027200,2034.5385714285715,2433.1804,2922.6545454545453,36.48791789455047,-247.24412432787358,-251.89898497478706,4.654860646913477,853624.4736050001,-0.11096198583735961,-2.0
2026-02-15 00:00:00,2086.59,2103.32,1928.88,1966.58,834778.0952,1771113600,2016.9442857142856,2392.5528,2908.160303030303,32.970641381566566,-241.87684199191517,-249.8945563782127,8.017714386297541,871104.911505,-0.11959421950826421,-2.0
2026-02-16 00:00:00,1966.59,2023.51,1937.24,1998.33,351347.9433,1771200000,2001.702857142857,2354.3784,2892.148888888889,34.76234732172179,-232.38251147807978,-246.39214739818613,14.009635920106348,864732.6887299999,-0.06979136603576863,-2.0
2026-02-17 00:00:00,1998.34,2015.33,1941.66,1991.66,406246.9427,1771286400,1997.2728571428572,2315.7884,2876.2277777777776,34.55338927005094,-222.8277794632163,-241.67927381119216,18.85149434797586,870214.6531199999,0.09022733368731628,-2.0
2026-02-18 00:00:00,1991.67,2039.05,1923.78,1955.91,393639.0086,1771372800,1999.3771428571429,2275.896,2861.461616161616,33.39471167411034,-215.65438224971058,-236.47429549889586,20.819913249185277,861832.1736549999,-0.05208444397057255,-2.0
2026-02-19 00:00:00,1955.9,1987.55,1907.0,1949.08,300257.0733,1771459200,1999.552857142857,2241.1836,2846.6551515151514,33.16589220035833,-208.12144275480227,-230.80372495007714,22.682282195274865,837181.04606,-0.06612108783563642,-2.0
2026-02-20 00:00:00,1949.08,1981.18,1922.97,1968.88,386253.5557,1771545600,1988.1471428571429,2202.7248,2833.9010101010103,34.56564164023024,-198.26832556927843,-224.2966450739174,26.028319504638972,800838.838185,-0.057834945974140184,-2.0
2026-02-21 00:00:00,1968.88,1995.56,1955.62,1973.35,179173.8456,1771632000,1971.97,2160.588,2822.3954545454544,34.89713836544122,-187.9325975684344,-217.02383557282081,29.091238004386412,758468.8331350001,-0.062550474579814,-2.0
2026-02-22 00:00:00,1973.35,1983.13,1935.0,1957.82,155325.6482,1771718400,1970.7185714285715,2118.4696,2810.1726262626257,34.24797073850249,-178.9319833504694,-209.40546512835056,30.473481777881148,703808.354975,-0.032061581968388375,-2.0
2026-02-23 00:00:00,1957.82,1958.33,1837.13,1856.3,547359.4869,1771804800,1950.4285714285713,2079.8179999999998,2797.6575757575756,30.282267056699965,-177.93957069137423,-203.11228624095529,25.172715549581056,665121.359985,-0.043725981104276834,-2.0
2026-02-24 00:00:00,1856.3,1869.58,1800.0,1851.94,438064.0284,1771891200,1930.4685714285715,2045.6003999999998,2785.7434343434343,30.120952454738045,-175.48204429816474,-197.5862378523972,22.104193554232467,623787.389905,-0.04923890443309287,-2.0
2026-02-25 00:00:00,1851.95,2148.39,1846.74,2057.48,682979.4378,1771977600,1944.9785714285715,2029.8216,2774.97393939394,44.996424703522955,-155.16048322886195,-189.10108692769015,33.9406036988282,560322.02704,0.004275840524815555,-2.0
2026-02-26 00:00:00,2057.48,2083.33,1975.35,2027.68,439783.3566,1772064000,1956.207142857143,2020.1228,2764.8951515151516,43.548965850728564,-139.84802959076,-179.25047546030413,39.402445869544124,477195.617005,-0.028232666695421793,-2.0
2026-02-27 00:00:00,2027.68,2063.52,1887.0,1929.84,428687.234,1772150400,1950.6299999999999,2003.4356,2755.7599999999998,39.10155628351409,-134.06228352568587,-170.21283707338048,36.150553547694614,441499.15627000004,-0.018682179214677297,-2.0
2026-02-28 00:00:00,1929.84,1984.99,1835.36,1964.51,461680.9835,1772236800,1949.367142857143,1992.6672,2747.6656565656563,41.385859552398365,-125.235818277828,-161.21743331427,35.98161503644201,440441.34287,-0.016924131649927676,-2.0
2026-03-01 00:00:00,1964.51,2054.8,1907.41,1939.71,529196.8464,1772323200,1946.78,1984.3252,2739.277676767677,40.22357944495064,-118.87165526850504,-152.74827770511703,33.876622436611996,435632.257345,-0.026083769318056338,-2.0
2026-03-02 00:00:00,1939.71,2090.0,1920.0,2027.35,577406.3749,1772409600,1971.2157142857143,1992.346,2731.451313131313,45.99554564396892,-105.53959985928077,-143.3065421359498,37.76694227666903,435786.49155000004,0.03652519798968257,-2.0
2026-03-03 00:00:00,2027.34,2041.48,1929.56,1982.8,509329.8534,1772496000,1989.9099999999999,1989.1228,2721.6474747474745,43.686304913508444,-97.44537297331522,-134.1343083034229,36.68893533010768,434770.19333499996,0.017300469965316978,-2.0
2026-03-04 00:00:00,1982.81,2199.0,1945.08,2127.28,737644.8152,1772582400,1999.8814285714286,1990.7307999999998,2713.2426262626263,52.08759717629383,-78.46778355584047,-123.00100335390643,44.53321979806596,450274.07675,0.08045183048230475,-2.0
2026-03-05 00:00:00,2127.28,2163.66,2054.75,2072.86,432157.8126,1772668800,2006.3357142857144,1990.0556,2703.609292929293,49.11535079981561,-67.04627864407712,-111.81005841194057,44.763779767863454,450599.47889,0.05042693896166428,-2.0
2026-03-06 00:00:00,2072.86,2093.33,1955.95,1978.68,411597.7569,1772755200,2013.3128571428572,1985.0020000000002,2693.1390909090906,44.39406561669776,-64.84668045230706,-102.41738282001387,37.570702367706815,460145.50496000005,0.010654707787232764,-2.0
2026-03-07 00:00:00,1978.68,1996.04,1948.09,1969.59,184459.82,1772841600,2014.0385714285715,1982.8787999999997,2682.416262626263,43.95488815556983,-63.109483231378135,-94.55580290228673,31.446319670908593,427629.59119999997,0.06103000592576624,-2.0
2026-03-08 00:00:00,1969.6,1979.8,1916.14,1937.1,391189.7317,1772928000,2013.6657142857143,1982.7156,2671.7893939393934,42.3425267066971,-63.62102975935272,-88.36884827369992,24.747818514347202,429621.68062000006,0.04598421115154916,-2.0
2026-03-09 00:00:00,1937.11,2053.52,1929.65,1992.98,550825.4883,1773014400,2008.7557142857145,1984.5207999999998,2661.7057575757576,46.010735178638804,-58.83912427831456,-82.46290347462285,23.62377919630829,436850.6079,-0.03134902890915103,-2.0
2026-03-10 00:00:00,1992.97,2088.19,1991.0,2036.51,463411.8739,1773100800,2016.4285714285713,1984.0324000000003,2654.0031313131312,48.74626154167824,-50.949607171765365,-76.16024421405135,25.21063704228598,440339.25116499997,0.004354730529471995,-2.0
2026-03-11 00:00:00,2036.5,2085.58,2007.17,2051.97,350061.256,1773187200,2005.6699999999998,1982.6476,2644.4667676767676,49.720642341109674,-42.95446291823782,-69.51908795488865,26.564625036650824,442829.4602999999,0.0632850391742319,-2.0
2026-03-12 00:00:00,2051.97,2095.0,2017.59,2073.52,400507.8132,1773273600,2005.7642857142855,1986.9252,2633.2057575757576,51.11570899533929,-34.48186314218947,-62.51164299234882,28.02977985015935,443542.173175,0.055489664089263924,-2.0
2026-03-13 00:00:00,2073.51,2209.03,2070.12,2092.22,599657.0399,1773360000,2021.9842857142855,1990.6808,2622.690202020202,52.351190662769966,-25.959092797511403,-55.20113295338134,29.242040155869937,464566.33289,0.07862515530672098,-2.0
2026-03-14 00:00:00,2092.21,2106.09,2061.6,2096.16,152500.5822,1773446400,2040.0657142857142,1994.8608,2613.340505050505,52.62288145928665,-18.671576512677802,-47.89522166524064,29.22364515256284,464425.0795899999,0.03394085875650488,-2.0
2026-03-15 00:00:00,2096.16,2202.87,2083.35,2178.3,280825.9377,1773532800,2074.522857142857,2003.7563999999998,2604.6560606060607,57.999623685261575,-6.196723850626313,-39.55552210231778,33.35879825169147,451098.40213,0.0985979423038128,-2.0
2026-03-16 00:00:00,2178.29,2386.02,2164.73,2352.97,845892.7756,1773619200,2125.95,2019.912,2597.5158585858585,66.66360506013544,17.58142822192758,-28.12813203746871,45.70956025939629,471489.83949,0.10609322703170232,-2.0
2026-03-17 00:00:00,2352.97,2376.66,2294.15,2317.39,493831.1016,1773705600,2166.075714285714,2033.8524,2589.3666666666663,63.77755092265841,33.17238579191235,-15.868028471592499,49.04041426350484,462032.42268,0.11796744594425079,-2.0
2026-03-18 00:00:00,2317.38,2350.0,2153.21,2203.39,488040.8887,1773792000,2187.7071428571426,2043.0539999999999,2578.107575757576,55.488542415776514,35.91547350865903,-5.511328075542192,41.42680158420123,464445.299285,0.113565609396163,-2.0
2026-03-19 00:00:00,2203.39,2233.72,2099.38,2137.81,490791.679,1773878400,2196.8914285714286,2050.2536,2566.1244444444446,51.35371085081979,32.423870169829115,2.07571157353207,30.348158596297047,467550.52153499995,0.08540863834605172,-2.0
2026-03-20 00:00:00,2137.82,2176.84,2116.88,2146.22,300156.1778,1773964800,2204.6057142857144,2061.8504,2555.1025252525255,51.84923741671796,29.98966390527812,7.65850203988128,22.33116186539684,459474.28125,0.1079551907490579,-2.0
2026-03-21 00:00:00,2146.21,2168.27,2070.78,2084.87,132559.4646,1774051200,2202.992857142857,2071.1676,2545.0016161616163,48.007484491366085,22.8467425993731,10.696150151779644,12.150592447593457,439642.41215999995,0.0461068349908178,-2.0
2026-03-22 00:00:00,2084.86,2127.21,2026.0,2053.89,313070.5572,1774137600,2185.22,2071.024,2534.2869696969697,46.148004484274004,14.518735962560186,11.460667313935753,3.058068648624433,426425.621275,0.00853420803236915,-2.0
2026-03-23 00:00:00,2053.9,2198.57,2023.04,2152.03,614508.4369,1774224000,2156.514285714286,2075.998,2525.0802020202023,52.43341770374665,15.657320666338364,12.299997984416276,3.3573226819220885,431684.55045,0.0487628961437061,-2.0
2026-03-24 00:00:00,2152.03,2175.16,2103.02,2156.23,316703.4728,1774310400,2133.4914285714285,2085.0535999999997,2516.912323232323,52.687920169144995,16.705985939482616,13.181195575429545,3.5247903640530716,410637.48333,0.039888691693352296,-2.0
2026-03-25 00:00:00,2156.22,2199.02,2146.35,2169.02,275641.5255,1774396800,2128.5814285714287,2093.234,2508.8993939393936,53.50377645465585,18.357493080100085,14.216455076363653,4.141038003736432,402811.668975,0.03670742082572587,-2.0
2026-03-26 00:00:00,2169.02,2172.19,2034.54,2060.43,338010.6238,1774483200,2117.5271428571427,2098.0628,2501.0907070707067,46.21682751368563,10.779756588217879,13.529115378734499,-2.74935879051662,399132.31231999997,-0.017045454545454586,-2.0
2026-03-27 00:00:00,2060.43,2077.19,1970.93,1992.75,394873.5248,1774569600,2095.6028571428574,2096.6788,2492.6480808080805,42.34579531437282,-0.679037034632529,10.687484896061093,-11.366521930693622,409652.99756,-0.08518110453105643,-2.0
2026-03-28 00:00:00,1992.76,2047.45,1983.17,1994.74,154831.8055,1774656000,2082.727142857143,2097.1564,2482.70101010101,42.49830054636955,-9.490239593450951,6.651939998158685,-16.142179591609636,397835.10125,-0.1522458849879088,-2.0
2026-03-29 00:00:00,1994.74,2019.65,1938.82,1984.64,166726.7382,1774742400,2072.8342857142857,2091.4508,2472.6677777777777,41.89261912590097,-17.09115054872518,1.903321888781912,-18.994472437507092,378630.16374499997,-0.1435882609314788,-2.0
2026-03-30 00:00:00,1984.65,2085.0,1980.28,2026.48,338304.4344,1774828800,2054.8985714285714,2089.5956,2462.8138383838386,45.36628774011602,-19.513845450449935,-2.380111579064457,-17.133733871385477,372374.79177,-0.08028991690077558,-2.0
2026-03-31 00:00:00,2026.48,2124.03,2012.64,2105.43,421897.9023,1774915200,2047.6414285714286,2094.6656,2453.681919191919,51.2842430478458,-14.891582533562996,-4.882405769964166,-10.00917676359883,375966.624085,-0.015146341349324799,-2.0
2026-04-01 00:00:00,2105.43,2167.85,2082.08,2140.35,399227.3779,1775001600,2043.5457142857142,2101.496,2445.351919191919,53.67446482699343,-8.31480580342577,-5.5688857766564865,-2.7459200267692836,375902.60232,-0.0027350411421009913,-2.0
2026-04-02 00:00:00,2140.35,2159.37,2017.04,2057.17,346872.8323,1775088000,2043.08,2106.2987999999996,2436.35898989899,47.67406373624563,-9.70274647578617,-6.395657916482424,-3.3070885593037467,363263.39194,-0.013286200098806988,-2.0
2026-04-03 00:00:00,2057.18,2081.76,2040.66,2053.83,136266.6393,1775174400,2051.8057142857147,2108.7327999999998,2427.771919191919,47.44470644206616,-10.946030518509815,-7.305732436887903,-3.6402980816219124,362451.694795,-2.9212859500749033e-05,-2.0
2026-04-04 00:00:00,2053.83,2084.0,2044.63,2065.52,86504.4406,1775260800,2061.9171428571426,2109.8932,2419.060101010101,48.38074733873804,-10.862836756899924,-8.017153300890307,-2.845683456009617,352735.61994,-0.040199253727875583,-2.0
2026-04-05 00:00:00,2065.51,2123.49,2021.5,2110.17,157353.3199,1775347200,2079.85,2112.2212,2410.5865656565657,51.90426580473076,-7.1120400860440895,-7.836130657921064,0.7240905718769746,318308.647155,-0.021361357554620763,-2.0
2026-04-06 00:00:00,2110.17,2174.79,2087.5,2107.16,356054.2894,1775433600,2091.3757142857144,2113.5668,2402.0638383838386,51.64831839363239,-4.332446795931446,-7.135393885523141,2.8029470895916946,311419.806545,-0.028519792348618345,-2.0
2026-04-07 00:00:00,2107.16,2273.87,2060.24,2240.01,460094.8093,1775520000,2110.6014285714286,2119.4784,2395.0144444444445,60.82929401753119,8.492390645563319,-4.009836979305849,12.502227624869167,310022.502575,0.08715656440645914,-2.0
2026-04-08 00:00:00,2240.01,2270.55,2179.78,2190.0,404717.6321,1775606400,2117.694285714286,2123.232,2387.0983838383836,56.481551200769864,14.454159118009557,-0.31703775984276783,14.771196877852324,305718.80023,0.0989838163342116,-2.0
2026-04-09 00:00:00,2190.0,2246.0,2157.31,2190.2,275317.9503,1775692800,2136.6985714285715,2123.708,2379.20505050505,56.4949432992302,18.97629499678669,3.5416287914831246,15.434666205303568,304476.888855,0.09798770767117504,-2.0
2026-04-10 00:00:00,2190.17,2257.99,2176.1,2245.05,272899.0858,1775779200,2164.0157142857142,2119.3912,2371.5369696969697,60.119593667864386,26.678523448856595,8.169007722957819,18.509515725898776,311493.869915,0.13121271364076104,-2.0
2026-04-11 00:00:00,2245.06,2329.93,2229.0,2284.99,214785.4039,1775865600,2195.368571428571,2118.0951999999997,2363.047474747475,62.56536630553941,35.59510102869626,13.65422638410551,21.940874644590753,306579.61225,0.12756602581816745,-2.0
2026-04-12 00:00:00,2285.0,2288.57,2175.0,2191.65,258156.8821,1775952000,2207.0085714285715,2117.6256,2353.5983838383836,54.199745517823,34.72945553109321,17.869272213503052,16.860183317590156,288762.03451,0.04095125461307214,-2.0
2026-04-13 00:00:00,2191.64,2394.71,2175.68,2369.46,453870.8292,1776038400,2244.48,2126.8916,2345.7676767676767,64.05870305290955,47.839739479909895,23.86336566678442,23.976373813125473,295620.40233,0.10704324059149206,-2.0
2026-04-14 00:00:00,2369.46,2415.5,2302.9,2322.44,460107.3841,1776124800,2256.255714285714,2133.9404,2336.65101010101,60.358603459407306,53.815264061120615,29.853745345651664,23.96151871546895,304843.69526,0.12894899303411966,-2.0
2026-04-15 00:00:00,2322.44,2385.61,2308.5,2359.95,268190.6377,1776211200,2280.534285714286,2144.9436,2327.187474747475,62.232734428259356,60.8759142137942,36.058179119280176,24.817735094514028,301352.695955,0.14904836330173388,-2.0
2026-04-16 00:00:00,2359.94,2369.59,2285.1,2348.17,328960.9377,1776297600,2303.1014285714286,2156.7147999999997,2318.899090909091,61.25332657862522,64.77430491217092,41.801404277858325,22.972900634312595,298057.06659999996,0.1368420543010962,-2.0
2026-04-17 00:00:00,2348.16,2464.91,2317.43,2419.0,491731.3615,1776384000,2327.9514285714286,2167.3936,2311.953131313131,64.83669168230237,72.74068731218449,47.989260884723556,24.751426427460935,314902.0444,0.1463531374249467,-2.0
2026-04-18 00:00:00,2419.0,2427.64,2339.92,2350.32,221741.3888,1776470400,2337.2842857142855,2175.1572,2304.4977777777776,59.12666965504167,72.6744548641932,52.92629968061748,19.74815518357571,317652.77693000005,0.11539702727842238,-2.0
2026-04-19 00:00:00,2350.33,2355.3,2252.72,2263.27,256086.8276,1776556800,2347.5157142857142,2178.9272,2296.1801010101008,52.78177911569544,64.850204885121,55.311080721518195,9.539124163602807,313541.89659,0.010383882214811457,-2.0
2026-04-20 00:00:00,2263.28,2346.78,2259.67,2313.85,301000.0659,1776643200,2339.5714285714284,2189.064,2288.002323232323,55.7528996094891,62.015932623624394,56.65205110193944,5.363881521684952,307497.00477,0.056552511415524975,-2.0
2026-04-21 00:00:00,2313.84,2338.75,2284.19,2327.14,226645.977,1776729600,2340.2428571428572,2202.4395999999997,2280.238585858586,56.5269366239109,60.14878560822217,57.351398003195996,2.7973876050261737,298867.934725,0.06252397041366087,-2.0
2026-04-22 00:00:00,2327.15,2423.75,2312.95,2374.07,379707.1259,1776816000,2342.2599999999998,2217.6128,2270.6249494949498,59.23860284811228,61.744168594921575,58.22995212154112,3.5142164733804577,300509.649405,0.05746865325939288,-2.0
2026-04-23 00:00:00,2374.08,2382.0,2285.42,2330.26,356645.6923,1776902400,2339.701428571429,2231.4376,2260.2748484848485,55.74306344465785,58.795660466610116,58.34309379055492,0.4525666760551985,311528.602055,0.019811902896730516,-2.0
2026-04-24 00:00:00,2330.27,2337.5,2300.22,2314.99,183887.6181,1776988800,2324.842857142857,2242.978,2250.136464646465,54.535148478744844,54.59742007586374,57.593959047616686,-2.9965389717529476,316397.76093,0.05627723404740714,-2.0
2026-04-25 00:00:00,2314.98,2323.21,2300.55,2319.5,68139.2191,1777075200,2320.44,2251.5407999999998,2240.27,54.84636342866887,51.045779654898524,56.284323169073055,-5.2385435141745305,311937.05589,-0.02108497294742262,-2.0
2026-04-26 00:00:00,2319.49,2380.0,2306.72,2369.44,154591.6219,1777161600,2335.6071428571427,2260.7044,2230.763737373737,58.25402141311619,51.66525477061077,55.360509489380604,-3.6952547187698315,301863.92251500004,0.020237336594271627,-2.0
2026-04-27 00:00:00,2369.45,2404.37,2266.09,2303.67,300363.8586,1777248000,2334.152857142857,2270.5644,2220.8611111111113,52.62164496591901,46.31521100348391,53.55144979220127,-7.236238788717358,293877.37498,-0.02384796288056945,-2.0
2026-04-28 00:00:00,2303.66,2310.88,2258.24,2289.42,187932.2201,1777334400,2328.764285714286,2279.988,2211.7688888888893,51.46069601268199,40.45902046224819,50.93296392621066,-10.47394346396247,283038.10438000003,-0.025019483257174735,-2.0
2026-04-29 00:00:00,2289.42,2346.95,2220.36,2252.9,355078.1015,1777420800,2311.4542857142856,2287.4832,2204.829696969697,48.50707749826413,32.49648917823424,47.245668976615384,-14.749179798381142,287026.11194,-0.06866473749483248,-2.0
2026-04-30 00:00:00,2252.9,2279.0,2231.64,2257.51,167194.2776,1777507200,2301.0614285714287,2293.3768,2197.5088888888886,48.90574028385288,26.255457668784857,43.047626715049276,-16.79216904626442,281740.87153,-0.03948823989924777,-2.0
2026-05-01 00:00:00,2257.51,2325.28,2257.21,2295.63,191082.555,1777593600,2298.2957142857144,2300.9156,2190.871919191919,52.20117013154925,24.107464803332732,39.259594332705966,-15.152129529373234,280555.729085,0.014297896406526789,-2.0
2026-05-02 00:00:00,2295.63,2343.6,2292.91,2316.97,85588.4724,1777680000,2297.934285714286,2303.994,2184.412929292929,53.99019571880725,23.852171648880812,36.17810979594094,-12.325938147060128,271927.3086,0.00134840201395936,-2.0
2026-05-03 00:00:00,2316.97,2356.92,2297.59,2322.65,151074.4342,1777766400,2291.2500000000005,2309.3,2178.0435353535354,54.47857111523229,23.833441437855527,33.70917612432386,-9.875734686468334,256787.48885,-0.0019294069114877965,-2.0
2026-05-04 00:00:00,2322.65,2398.93,2309.24,2347.16,453020.7985,1777852800,2297.4628571428575,2315.5784,2173.2987878787876,56.618444935909956,25.502374276079536,32.067815754674996,-6.56544147859546,256433.15957,-0.01133496484939378,-2.0
2026-05-05 00:00:00,2347.17,2399.5,2344.93,2360.77,286636.7312,1777939200,2307.655714285714,2320.2072,2167.5454545454545,57.80458782779829,27.605015396898125,31.175255683119623,-3.570240286221498,257355.464245,0.01309295958390888,-2.0
2026-05-06 00:00:00,2360.76,2423.74,2338.0,2350.84,420667.3161,1778025600,2321.6471428571426,2322.8412,2160.717878787879,56.588853727606505,28.145659974212776,30.569336541338256,-2.4236765671254794,261940.783165,0.015486028017399844,-2.0
2026-05-07 00:00:00,2350.84,2352.3,2280.1,2291.06,469521.9378,1778112000,2326.44,2326.8176000000003,2153.4479797979798,49.79861697782107,23.479718717416745,29.151412976553956,-5.671694259137212,260830.31198,-0.012261263203276584,-2.0
2026-05-08 00:00:00,2291.06,2321.22,2265.61,2307.06,421035.1582,1778198400,2328.072857142857,2324.3216,2148.2406060606063,51.47684812962293,20.83284486987077,27.48769935521732,-6.654854485346551,270795.00045,-0.02632689580660419,-2.0
2026-05-09 00:00:00,2307.07,2338.37,2300.0,2326.44,230431.157,1778284800,2329.4257142857145,2324.4816,2144.3927272727274,53.50437518454833,20.067654876838333,26.003690459541524,-5.936035582703191,269512.21692,0.00988422820976953,-2.0
2026-05-10 00:00:00,2326.43,2382.53,2311.83,2371.27,398122.8623,1778371200,2336.371428571428,2324.9344,2143.5777777777776,57.887906708735116,22.815638160054277,25.36607999964408,-2.5504418395898014,274368.35673999996,0.035751413021638534,-2.0
2026-05-11 00:00:00,2371.26,2374.92,2304.0,2339.87,236962.0552,1778457600,2335.33,2324.6024,2144.2820202020202,54.044559504798876,22.203765938526885,24.73361718742064,-2.529851248893756,274884.16065,0.03860357761107891,-2.0
2026-05-12 00:00:00,2339.88,2340.85,2256.27,2274.96,252981.1082,1778544000,2323.0714285714284,2318.8408,2143.5541414141417,47.08515020331586,16.2933388027036,23.045561510477235,-6.752222707773633,268547.859765,0.00772975534992093,-2.0
2026-05-13 00:00:00,2274.97,2323.36,2234.13,2258.65,258455.7299,1778630400,2309.901428571429,2315.1740000000004,2143.80595959596,45.499688145934144,10.175900576030472,20.471629323587884,-10.295728747557412,263638.361645,-0.016108867718229836,-2.0
2026-05-14 00:00:00,2258.66,2319.33,2238.64,2283.25,256680.8359,1778716800,2308.785714285714,2315.9732,2145.169494949495,48.325936589606236,7.22946435198719,17.823196329267745,-10.593731977280555,267278.022535,-0.014553490118559886,-2.0
2026-05-15 00:00:00,2283.26,2300.29,2205.11,2224.66,288536.5507,1778803200,2297.014285714286,2312.4056,2149.18797979798,42.65269935452206,0.1647697109051478,14.291511005595225,-14.126741294690078,278297.889115,-0.04218887908208302,-2.0
2026-05-16 00:00:00,2224.65,2231.51,2162.55,2180.77,199288.5761,1778889600,2276.2042857142856,2306.5508,2150.373737373737,38.962698560092605,-8.87332175673373,9.658544453129434,-18.531866209863164,280532.73682499997,-0.07088992654953219,-2.0
2026-05-17 00:00:00,2180.77,2198.14,2091.48,2131.0,175116.8149,1778976000,2241.88,2296.828,2150.8173737373736,35.239653357402986,-19.82358348486423,3.762118865530701,-23.585702350394932,274270.38463999995,-0.09732841403440406,-2.0
2026-05-18 00:00:00,2131.0,2157.24,2077.23,2130.08,381878.3932,1779062400,2211.91,2288.8208,2151.2248484848487,35.17274806825645,-28.250328901663124,-2.6403706879080637,-25.60995821375506,283967.693295,-0.09390685882493077,-2.0
2026-05-19 00:00:00,2130.08,2146.95,2094.47,2111.93,186945.075,1779148800,2188.62,2280.6983999999998,2151.2946464646466,33.80899853118815,-35.97840204699969,-9.307976959726389,-26.6704250872733,275561.04197,-0.07818651628503837,-2.0
2026-05-20 00:00:00,2111.93,2149.0,2103.29,2129.44,189088.294,1779235200,2170.1614285714286,2273.096,2152.373131313131,36.37212442486734,-40.22634081275328,-15.491649730331767,-24.734691082421513,276655.74279,-0.0769897618614166,-2.0
2026-05-21 00:00:00,2129.44,2157.5,2105.15,2133.76,232889.1117,1779321600,2148.805714285714,2263.6688,2154.318383838384,37.02009498035959,-42.751462742472086,-20.943612332759834,-21.807850409712252,278746.070625,-0.08282182218324985,-2.0
2026-05-22 00:00:00,2133.77,2141.39,2057.79,2065.85,221783.2548,1779408000,2126.1185714285716,2254.156,2155.510303030303,31.57627867965806,-49.65996040544269,-26.686881947296406,-22.973078458146283,285555.80974500004,-0.12880017880713712,-2.0
2026-05-23 00:00:00,2065.86,2149.95,2009.3,2117.68,350546.2289,1779494400,2117.1057142857144,2247.2864,2156.2068686868683,38.954501085616236,-50.37208865528646,-31.42392328889442,-18.94816536639204,295529.39948,-0.09495826691226439,-2.0
2026-05-24 00:00:00,2117.69,2132.14,2063.0,2099.85,197748.7605,1779580800,2112.655714285714,2241.1644,2156.340808080808,37.45810795205501,-51.77831917974754,-35.49480246706505,-16.28351671268249,282765.79758,-0.07697278193902313,-2.0
2026-05-25 00:00:00,2099.86,2141.98,2092.26,2113.01,166428.5979,1779667200,2110.217142857143,2235.3844,2157.8198989898992,39.311153824316094,-51.24019985640825,-38.64388194493369,-12.596317911474564,276755.390915,-0.06448099528479401,-2.0
2026-05-26 00:00:00,2113.01,2140.49,2055.06,2073.77,282553.3096,1779753600,2104.7657142857142,2226.51,2158.581919191919,35.89593728224541,-53.364918906710045,-41.58808933728896,-11.776829569421082,269849.69059,-0.09174641410270445,-2.0
2026-05-27 00:00:00,2073.77,2097.4,2016.0,2024.84,267963.1573,1779840000,2089.822857142857,2214.8248000000003,2158.9170707070707,32.14571937012799,-58.3246854685508,-44.93540856354133,-13.389276905009467,259771.75156499998,-0.08982046694775825,-2.0
2026-05-28 00:00:00,2024.83,2030.0,1967.0,2009.9,363834.9211,1779926400,2072.1285714285714,2202.3148,2159.4624242424243,31.078077929734974,-62.73766855297299,-48.49586056142766,-14.241807991545329,256911.73971000002,-0.07835305878198984,-2.0
2026-05-29 00:00:00,2009.89,2046.59,1976.48,2014.54,283145.695,1780012800,2064.7985714285714,2189.01,2160.1236363636363,31.83528379768987,-65.1100322965749,-51.81869490845711,-13.291337388117789,259547.46661,-0.05465039887376821,-2.0
2026-05-30 00:00:00,2014.54,2032.0,2002.0,2022.44,97977.5349,1780099200,2051.192857142857,2175.4768,2160.6646464646465,33.181294284894776,-65.59652773903645,-54.57426147457298,-11.022266264463468,244540.20024,-0.05053331330278665,-2.0
2026-05-31 00:00:00,2022.44,2038.0,1993.75,2007.01,163735.4958,1780185600,2037.93,2161.7236000000003,2161.004646464646,31.858074884584937,-66.46102955020706,-56.95161508969979,-9.509414460507266,240878.87227000002,-0.04967967688322994,-2.0
2026-06-01 00:00:00,2007.02,2021.5,1956.04,2006.73,374428.2839,1780272000,2022.7471428571428,2150.3504,2161.498686868687,31.833266611575098,-66.40329131622138,-58.841950335004114,-7.5613409812172705,246951.231055,-0.057625478999173474,-2.0
2026-06-02 00:00:00,2006.73,2006.78,1839.02,1859.84,556885.5418,1780358400,1992.185714285714,2132.4616,2161.5344444444445,22.107318397752053,-77.31904294126139,-62.53736885625557,-14.781674085005818,261872.72165000002,-0.12837432513497316,-2.0
2026-06-03 00:00:00,1859.84,1893.07,1769.62,1813.05,584760.4818,1780444800,1961.93,2111.926,2161.141616161616,20.010091939615975,-88.72267691596517,-67.7744304681975,-20.948246447767673,278276.703945,-0.12237093690248568,-2.0
2026-06-04 00:00:00,1813.05,1820.5,1717.28,1770.77,648306.1051,1780531200,1927.7685714285715,2087.906,2158.2455555555557,18.318962847902384,-100.0188268743118,-74.22330974942037,-25.795517124891433,296265.181665,-0.16381606286124428,-2.0
2026-06-05 00:00:00,1770.76,1774.99,1540.19,1583.4,1257013.1608,1780617600,1866.1771428571428,2057.6472,2153.757878787879,13.053777673745827,-122.67616570920654,-83.91388094137761,-38.76228476782893,349151.4109,-0.24594613900992923,-2.0
2026-06-06 00:00:00,1583.4,1601.22,1505.68,1569.69,558458.3672,1780704000,1801.4985714285717,2029.4363999999998,2150.12,12.764679880224861,-140.12329823558616,-95.15576440021933,-44.96753383536684,368318.488515,-0.25713082285460087,-2.0
2026-06-07 00:00:00,1569.68,1721.93,1564.1,1690.51,458280.5909,1780790400,1756.2842857142857,2006.7107999999998,2147.352323232323,27.915510772350004,-142.55779467949515,-104.6361704560745,-37.92162422342065,372138.5984,-0.1848131663588537,-2.0
2026-06-08 00:00:00,1690.5,1714.5,1645.0,1690.49,480027.3121,1780876800,1711.107142857143,1983.0004,2144.8349494949493,27.91464649710923,-142.84216887709363,-112.27737014027832,-30.564798736815305,386792.710255,-0.1651241579581596,-2.0
2026-06-09 00:00:00,1690.48,1696.88,1614.02,1639.52,384147.2349,1780963200,1679.6328571428571,1959.5948,2140.9174747474744,25.728448870295836,-145.50312109598576,-118.92252033141982,-26.580600764565943,396545.6573,-0.1842778247674014,-2.0
2026-06-10 00:00:00,1639.52,1667.96,1603.44,1621.59,290791.2819,1781049600,1652.2814285714285,1937.2275999999997,2137.268888888889,24.987098590486397,-147.36007088462202,-124.61003044206026,-22.750040442561755,399440.76581,-0.19505693607473673,-2.0
2026-06-11 00:00:00,1621.6,1693.59,1621.6,1673.46,278507.7204,1781136000,1638.3800000000003,1918.9259999999997,2132.6848484848483,31.16629030083614,-142.99785125025323,-128.28759460369886,-14.71025664655437,402276.98909,-0.17255394474001706,-2.0
2026-06-12 00:00:00,1673.46,1691.07,1652.09,1666.41,201888.0102,1781222400,1650.2385714285715,1900.3792,2128.579292929293,30.79498322123871,-138.51294582446258,-130.33266484785162,-8.180280976610959,394844.07815500005,-0.1697051833324198,-2.0
2026-06-13 00:00:00,1666.42,1697.28,1662.2,1681.18,106751.6077,1781308800,1666.1657142857143,1883.1492,2125.574242424242,32.606499311530186,-132.24240230483224,-130.71461233924776,-1.5277899655844749,390294.220515,-0.16222909908159044,-2.0
2026-06-14 00:00:00,1681.19,1732.28,1654.9,1725.62,178009.9541,1781395200,1671.1814285714286,1866.9964000000002,2123.109898989899,37.875695798085545,-122.2774761591977,-129.02718510323777,6.749708944040066,390873.288325,-0.07216749827942193,-2.0
2026-06-15 00:00:00,1725.63,1849.54,1709.66,1796.13,464135.2553,1781481600,1686.2728571428572,1853.4912,2121.6859595959595,45.197053628926305,-107.45199298345347,-124.71214667928092,17.260153695827455,399952.38561,-0.009332340531149064,-2.0
2026-06-16 00:00:00,1796.14,1839.77,1758.0,1792.99,353577.549,1781568000,1708.197142857143,1842.5767999999998,2119.6658585858586,44.94304050083275,-94.86254613085089,-118.74222656959492,23.879680438744032,404233.10519499995,0.012548213489047111,-2.0
2026-06-17 00:00:00,1793.0,1810.21,1725.34,1750.6,334498.0575,1781654400,1726.6271428571429,1827.8935999999999,2116.7778787878788,41.54821930127564,-87.29950319925797,-112.45368189552754,25.154178696269568,402766.262015,0.10559555387141573,-2.0
2026-06-18 00:00:00,1750.61,1762.99,1671.79,1711.11,312480.9656,1781740800,1732.0057142857142,1812.344,2113.3348484848484,38.62143158419288,-83.52937550984188,-106.66882061839041,23.13944510854853,404233.025545,0.09009422242608411,-2.0
2026-06-19 00:00:00,1711.11,1719.51,1679.11,1711.19,165078.1984,1781827200,1738.402857142857,1796.2712,2109.6749494949495,38.630862988469964,-79.61728828297919,-101.25851415130818,21.641225868328988,407588.05872,0.012232994776724126,-2.0
2026-06-20 00:00:00,1711.18,1749.55,1704.06,1741.08,159791.8211,1781913600,1746.9599999999998,1782.9636,2106.1280808080805,42.20421952531885,-73.26055568890752,-95.65892245882804,22.39836676992053,407390.874985,0.02992623440540898,-2.0
2026-06-21 00:00:00,1741.08,1741.45,1702.0,1706.94,123762.4689,1782000000,1744.2914285714287,1770.2475999999997,2102.196565656566,39.38348167171763,-70.16875031533118,-90.56088803012868,20.3921377147975,394857.584235,0.04112179174392505,-2.0
2026-06-22 00:00:00,1706.94,1779.9,1706.94,1728.19,262657.182,1782086400,1734.5857142857142,1758.9791999999998,2097.6499999999996,41.98270978035992,-65.25159510451977,-85.4990294450069,20.247434340487132,380146.166245,0.0657379485566636,-2.0
2026-06-23 00:00:00,1728.19,1736.25,1635.65,1667.13,248262.012,1782172800,1716.6057142857142,1745.0828,2090.722323232323,37.06462944440504,-65.52639834272122,-81.50450322454977,15.978104881828543,363321.242755,-0.003782582194973294,-2.0
2026-06-24 00:00:00,1667.13,1693.67,1552.95,1622.17,355728.3403,1782259200,1698.2585714285713,1729.0720000000001,2083.699898989899,33.91425869545117,-68.58151314937231,-78.91990520951428,10.33839206014197,348692.354515,-0.02654808840561451,-2.0
2026-06-25 00:00:00,1622.18,1660.54,1532.9,1567.84,440671.005,1782345600,1677.7914285714287,1711.5051999999998,2077.280202020202,30.53656493744427,-74.52758300473283,-78.04144076855799,3.5138577638251576,307875.24672500003,-0.06741693334443677,-2.0
2026-06-26 00:00:00,1567.86,1594.7,1512.0,1578.68,423691.4393,1782432000,1658.8614285714286,1694.3832,2071.632424242424,31.9919323239788,-77.47213821329456,-77.9275802575053,0.4554420442107414,301136.90033,-0.0851520033379306,-2.0
2026-06-27 00:00:00,1578.68,1611.02,1562.86,1573.99,131592.3598,1782518400,1634.9914285714287,1682.9491999999998,2065.8523232323228,31.68264222356919,-79.27038359648941,-78.19614092530212,-1.0742426711872923,284802.48877500003,-0.1236770166970097,-2.0
2026-06-28 00:00:00,1574.0,1588.82,1548.37,1571.96,140181.1417,1782604800,1615.7085714285713,1673.3056000000004,2060.671414141414,31.540506876549173,-79.93783643407528,-78.54448002705675,-1.3933564070185298,267810.180255,-0.12327453025393331,-2.0
2026-06-29 00:00:00,1571.96,1637.58,1550.43,1613.07,309968.9748,1782691200,1599.2628571428572,1666.9976000000001,2056.2186868686867,37.64165288635703,-76.27036687453051,-78.0896573965515,1.8192905220209923,264101.26725,-0.0785616360105107,-2.0
2026-06-30 00:00:00,1613.07,1614.41,1550.2,1572.01,222057.2042,1782777600,1585.6742857142856,1666.542,2050.359898989899,34.34898589139436,-75.80325691335406,-77.63237729991201,1.8291203865579462,260664.563365,-0.08129226057938999,-2.0
2026-07-01 00:00:00,1572.0,1646.26,1552.92,1609.58,306536.311,1782864000,1583.8757142857141,1668.1376,2044.838181818182,39.558765862966304,-71.57639575387543,-76.4211809907047,4.844785236829267,262065.992895,-0.05937972989556983,-2.0
2026-07-02 00:00:00,1609.59,1725.0,1597.22,1700.57,373453.5082,1782950400,1602.8371428571427,1668.54,2040.1063636363635,49.92331999952606,-60.19060543515161,-73.17506587959409,12.984460444442476,270644.267795,-0.023267167505226616,-2.0
2026-07-03 00:00:00,1700.57,1775.78,1694.72,1758.21,244416.868,1783036800,1628.4842857142855,1671.2488,2037.0536363636365,55.16801524024609,-45.98611894116402,-67.73727649190808,21.751157550744054,277527.53081,0.03003620513902061,-2.0
2026-07-04 00:00:00,1758.22,1807.65,1744.09,1780.64,190880.1497,1783123200,1658.0057142857142,1676.8935999999999,2034.9111111111113,57.05299876450124,-32.54390167161637,-60.69860152784974,28.15469985623337,278171.04059,0.03034967220039464,-2.0
2026-07-05 00:00:00,1780.64,1808.0,1748.79,1785.65,389673.4191,1783209600,1688.532857142857,1683.4560000000001,2032.7990909090909,57.48300552638366,-21.241721170727033,-52.8072254564252,31.565504285698168,274447.94878,0.07109223635829243,-2.0
2026-07-06 00:00:00,1785.65,1833.4,1728.95,1799.56,305879.3304,1783296000,1715.1742857142858,1688.5,2030.9295959595959,58.71886241971774,-11.035035921646113,-44.452787549469384,33.41775162782327,272063.03785,0.10935352028455703,-2.0
2026-07-07 00:00:00,1799.56,1813.16,1757.57,1771.45,241536.7253,1783382400,1743.6657142857143,1692.7016,2028.3535353535353,55.22534839559657,-5.154982966706257,-36.59322663291676,31.438243666210504,267414.97124,0.1298665680171447,-2.0
2026-07-08 00:00:00,1771.45,1785.0,1713.44,1743.54,225231.2254,1783468800,1762.8028571428572,1695.1960000000001,2024.698080808081,51.9222462466384,-2.715796372759769,-29.817740580885363,27.101944208125595,263052.48423,0.1044290166468187,-2.0
2026-07-09 00:00:00,1743.55,1762.36,1721.93,1745.16,173705.2572,1783555200,1769.1728571428573,1695.9775999999997,2020.7062626262627,52.10132616631219,-0.6445727293798882,-23.98310701058427,23.33853428120438,263483.83717,0.10874910259912718,-2.0
2026-07-10 00:00:00,1745.17,1812.0,1737.68,1796.85,215605.8045,1783641600,1774.6928571428573,1696.0063999999998,2018.0767676767675,57.53629221813622,5.108945198959191,-18.16469656867558,23.27364176763477,266274.53634,0.14306343672866983,-2.0
2026-07-11 00:00:00,1796.85,1830.0,1786.58,1787.76,178703.4183,1783728000,1775.7100000000003,1695.7972,2015.389191919192,56.32590709987802,8.83333736276927,-12.765089782386612,21.59842714515588,269021.58381000004,0.10829660213133963,-2.0
2026-07-12 00:00:00,1787.76,1826.92,1779.46,1806.8,141072.9835,1783814400,1778.7314285714285,1698.0452000000002,2012.7758585858585,58.30450951635979,13.169504016890869,-7.578171022531118,20.747675039421985,262942.373885,0.14935655625600353,-2.0
2026-07-13 00:00:00,1806.8,1846.0,1750.2,1776.72,295031.6198,1783900800,1775.4685714285713,1700.6696000000002,2009.4076767676765,54.132116403504675,14.017161606109994,-3.2591044968028955,17.27626610291289,265280.854275,0.10384075348848776,-2.0
2026-07-14 00:00:00,1776.71,1896.14,1773.41,1891.87,368913.772,1783987200,1792.6714285714286,1707.8968,2007.2330303030303,64.58137662577249,23.70729605229485,2.1341756130166534,21.5731204392782,265940.12586,0.11249169396143643,-2.0
2026-07-15 00:00:00,1891.87,1946.52,1864.38,1917.86,319800.9693,1784073600,1817.5742857142857,1714.9679999999998,2003.97898989899,66.43973409193418,33.102389466801014,8.327818383773526,24.77457108302749,259896.624075,0.09080257762155819,-2.0
2026-07-16 00:00:00,1917.86,1929.48,1857.54,1864.71,271689.0863,1784160000,1834.652857142857,1721.2788,2000.6932323232325,59.557695023101466,35.846096393074276,13.831473985633677,22.014622407440598,252296.50642500003,0.04721336148800437,-2.0
2026-07-17 00:00:00,1864.71,1871.08,1803.05,1841.93,253027.7556,1784246400,1841.0928571428572,1725.8283999999999,1997.1753535353537,56.8401329818942,35.7700138265584,18.219181953818623,17.550831872739774,258368.276215,0.03151793464564712,-2.0
2026-07-18 00:00:00,1841.94,1867.58,1837.58,1862.61,92597.9232,1784332800,1851.7857142857142,1733.6476,1993.3123232323233,58.68323507952014,36.95245610263214,21.965836783581327,14.986619319050813,255989.11529000002,0.03503634221698637,-2.0
2026-07-19 00:00:00,1862.61,1879.38,1851.71,1872.23,143922.6662,1784419200,1861.1328571428571,1743.65,1989.1430303030304,59.54862494630268,38.22516778784484,25.21770298443403,13.007464803410809,247686.79986,0.056891247283298974,-2.0
2026-07-20 00:00:00,1872.24,1918.16,1843.14,1904.77,271195.633,1784505600,1879.4257142857143,1757.1272,1986.2452525252525,62.41619111123034,41.382475600614725,28.450657507670172,12.931818092944553,250143.72129999995,0.09247278525299096,-2.0
2026-07-21 00:00:00,1904.77,1953.0,1900.74,1930.09,326965.6779,1784592000,1884.8857142857141,1771.1836,1981.8071717171717,64.52360792367622,45.40438370918764,31.841402747973667,13.562980961213974,251165.18964499998,0.10596736115886207,-2.0
2026-07-22 00:00:00,1930.09,1956.45,1910.68,1934.25,251140.8253,1784678400,1887.2271428571428,1785.5940000000003,1977.8860606060607,64.87211846725451,48.369874293292696,35.14709705703747,13.222777236255226,245049.55549999996,0.07646715084731626,-2.0
2026-07-23 00:00:00,1934.26,1941.5,1869.44,1878.38,219789.0733,1784764800,1889.18,1797.8508,1973.021717171717,56.80150834128738,45.68517461652846,37.25471256893567,8.430462047592783,243818.16576499998,0.050689130532062476,-2.0
2026-07-24 00:00:00,1878.38,1909.8,1848.09,1861.44,200795.4361,1784851200,1891.967142857143,1807.7856,1968.1052525252526,54.584157981307946,41.709809631980534,38.14573198154465,3.564077650435884,244313.93008499997,0.03024131060438351,-2.0
2026-07-25 00:00:00,1861.44,1877.07,1851.22,1874.89,88434.488,1784937600,1893.7214285714285,1819.9008000000001,1962.609191919192,56.05111005128118,39.19281644315265,38.35514887386625,0.8376675692864026,229251.98353000003,0.05525350083299574,-2.0
2026-07-26 00:00:00,1874.88,1967.36,1873.85,1954.72,153233.6949,1785024000,1905.5057142857142,1833.7064,1958.6132323232323,63.572045590967676,43.14237657790977,39.312594414674955,3.8297821632348175,221619.701755,0.03322109870128509,-2.0
2026-07-27 00:00:00,1954.72,1981.24,1882.49,1892.53,342451.48,1785110400,1903.757142857143,1841.3848,1954.8683838383838,55.59087526648186,40.78408464271479,39.60689246028292,1.1771921824318667,226665.43948999996,-0.013207429113699654,-2.0
2026-07-28 00:00:00,1892.53,1929.67,1856.88,1922.23,289225.1629,1785196800,1902.6342857142859,1847.9456,1950.9126262626264,58.284391234467826,40.84087489698959,39.853688947624256,0.9871859493653332,229865.136365,0.030846619581597068,-2.0
2026-07-29 00:00:00,1922.22,1935.68,1872.0,1910.72,298562.344,1785283200,1899.2728571428574,1853.1488,1946.7063636363637,56.84543853025585,39.5017689720255,39.78330495250451,-0.2815359804790063,236107.990705,0.037346696128517376,-2.0
2026-07-30 00:00:00,1910.72,1936.99,1893.99,1918.31,176531.6818,1785369600,1904.9771428571428,1858.4551999999999,1942.1027272727272,57.58901182234829,38.6079193844098,39.548227838885566,-0.9403084544757689,234154.28457,0.02990427410998553,-2.0
2026-07-31 00:00:00,1918.32,1936.15,1848.7,1862.6,242904.7865,1785456000,1905.142857142857,1860.9768000000001,1937.378888888889,50.685684634794214,33.02353102505958,38.24328847612037,-5.2197574510607865,237364.35297999997,-0.0051435988099752805,-2.0
2026-08-01 00:00:00,1862.6,1875.45,1822.06,1844.94,108886.9878,1785542400,1900.8642857142856,1863.9163999999998,1932.630909090909,48.69304841785584,26.863186515311327,35.96726808395856,-9.104081568647231,235755.05319500001,-0.03141061650487986,-2.0
2026-08-02 00:00:00,1844.95,1898.5,1843.67,1885.36,123655.0632,1785628800,1890.9557142857143,1869.5892,1928.2456565656564,53.22558540273468,24.95496005878158,33.76480647892316,-8.809846420141582,227186.225365,-0.0231750850996586,-2.0
2026-08-03 00:00:00,1885.36,1885.95,1828.62,1860.5,175607.0099,1785715200,1886.3799999999999,1874.2028,1923.1048484848486,50.28334084603322,21.192389928351986,31.25032316880893,-10.057933240456943,217520.88726,-0.038128473568566634,-2.0
2026-08-04 00:00:00,1860.5,1882.44,1848.38,1869.75,185254.5452,1785801600,1878.8828571428571,1877.1188,1918.7218181818182,51.36072529680121,18.740890368290366,28.74843660870522,-10.007546240414854,210793.566055,-0.004594384522833561,-2.0
2026-08-05 00:00:00,1869.74,1928.0,1855.5,1908.9,238330.3269,1785888000,1878.622857142857,1881.9644,1914.878181818182,55.73314782555603,19.729705352649034,26.944690357493982,-7.214985004844948,209125.628085,0.02549638989169667,-2.0
2026-08-06 00:00:00,1908.91,1920.51,1892.04,1904.1,177529.7135,1785974400,1876.5928571428572,1885.8564,1911.3549494949493,55.07938790411876,19.8966720172873,25.535086689452648,-5.6384146721653465,205350.72598,0.01557958066873244,-2.0
2026-08-07 00:00:00,1904.1,1943.02,1894.35,1914.18,210276.529,1786060800,1883.9614285714285,1891.3547999999998,1907.88696969697,56.24025754942691,20.604846218730017,24.549038595308122,-3.944192376578105,211234.65627,-0.020739543259392645,-2.0
2026-08-08 00:00:00,1914.19,1926.72,1912.27,1916.74,56872.3931,1786147200,1894.2185714285715,1892.3496000000002,1904.059797979798,56.54738443075741,21.129087017937536,23.865048279834006,-2.7359612618964704,206882.142615,0.01279239959208045,-2.0
2026-08-09 00:00:00,1916.75,1938.22,1907.56,1910.65,87855.3253,1786233600,1897.8314285714284,1892.0611999999999,1899.9555555555555,55.54858545725636,20.813217706570867,23.254682165181382,-2.4414644586105148,197715.12722999998,-0.006024253081056807,-2.0
2026-08-10 00:00:00,1910.65,1931.57,1867.96,1873.16,209809.0221,1786320000,1899.6399999999999,1892.3992,1895.4152525252528,49.725807356540486,17.337898813545053,22.07132549485412,-4.733426681309066,191857.29444,-0.019657511304639108,-2.0
2026-08-11 00:00:00,1873.16,1897.8,1853.62,1882.59,193300.5166,1786406400,1901.4742857142858,1894.0256,1890.7226262626264,51.11391588411914,15.169738440792344,20.691008084041766,-5.521269643249422,188965.279005,-0.018620556635788765,-2.0
2026-08-12 00:00:00,1882.58,1925.0,1873.29,1879.81,171255.9975,1786492800,1897.3185714285714,1894.7136,1885.8644444444444,50.669750337076636,13.076396400136218,19.16808574726066,-6.09168934712444,186538.62521499998,0.009239772361215426,-2.0
2026-08-13 00:00:00,1879.8,1900.0,1863.67,1886.15,154140.6308,1786579200,1894.7542857142857,1895.2703999999999,1881.170606060606,51.70055645379574,11.793049828110725,17.69307856343067,-5.900028735319946,184205.88495,0.022336769759450092,-2.0
2026-08-14 00:00:00,1886.16,1891.3,1864.28,1882.2,108123.7734,1786665600,1890.185714285714,1894.3676,1877.040707070707,50.98572314975119,10.338085421787355,16.22207993510201,-5.883994513314654,185190.34922,-0.001676072474222301,-2.0
2026-08-15 00:00:00,1882.2,1886.59,1876.01,1882.64,48197.0909,1786752000,1885.314285714286,1892.4696,1872.7536363636361,51.06688513971632,9.115442819433838,14.800752511968376,-5.685309692534538,179938.51902,0.011900026874496206,-2.0
2026-08-16 00:00:00,1882.64,1892.31,1869.17,1876.0,68574.4231,1786838400,1880.3642857142859,1890.1396,1868.203737373737,49.728636756819085,7.523965648707417,13.345395139316185,-5.821429490608768,166244.666175,0.0033426928733788497,-2.0
2026-08-17 00:00:00,1876.01,1918.71,1872.46,1913.6,175727.2871,1786924800,1886.1414285714288,1891.5484,1863.580808080808,56.65548888406847,9.190768826643307,12.51446987678161,-3.323701050138302,160569.772385,0.0024621509770024197,-2.0
2026-08-18 00:00:00,1913.59,1923.27,1885.78,1917.85,144436.9084,1787011200,1891.1785714285713,1893.8048,1859.31797979798,57.37049751904018,10.73096198512144,12.157768298449577,-1.4268063133281377,152863.500605,0.007221259387637291,-2.0
2026-08-19 00:00:00,1917.85,2333.65,1906.0,2252.8,799553.3447,1787097600,1944.462857142857,1908.9212,1859.0941414141412,82.23830082234937,38.5350339812494,17.433221435009543,21.101812546239856,184014.58375000002,0.17690081392554524,-2.0
2026-08-20 00:00:00,2252.81,2360.0,2221.54,2326.82,648620.7228,1787184000,2007.4157142857143,1923.8051999999998,1859.7827272727272,84.4035448183103,65.78443473056632,27.1034640941209,38.68097063644542,204300.380565,0.2139465968258607,-2.0
2026-08-21 00:00:00,2326.83,2546.78,2324.99,2516.3,740662.9146,1787270400,2098.0014285714287,1948.756,1862.1367676767677,88.32656120330108,101.49921383922697,41.982614043142114,59.516599796084854,235889.17690500003,0.3169863658964227,-2.0
2026-08-22 00:00:00,2516.31,2529.99,2385.0,2422.6,485164.8901,1787356800,2175.138571428571,1968.7708000000002,1864.1361616161614,77.89255547245112,120.84954831080745,57.75600089667519,63.09354741413226,253964.66825000002,0.293322513826902,-2.0
2026-08-23 00:00:00,2422.6,2484.62,2355.71,2463.41,378847.2022,1787443200,2259.0542857142855,1990.8784,1866.991111111111,79.05317440942929,137.8883625171934,73.78247322077884,64.10588929641456,264126.67786500003,0.3085217705395227,-2.0
2026-08-24 00:00:00,2463.42,2532.95,2424.73,2482.31,467435.1868,1787529600,2340.2985714285714,2013.4384000000002,1870.539696969697,79.58764536086686,151.17417578410868,89.26081373344482,61.913362050663864,278235.709945,0.3205111154850757,-2.0
2026-08-25 00:00:00,2482.31,2532.5,2414.64,2442.64,341388.961,1787616000,2415.2685714285717,2036.64,1873.6968686868686,75.2477005921335,156.69594770794174,102.74784052834421,53.94810717959753,283388.64165,0.29504016117487986,-2.0
2026-08-26 00:00:00,2442.65,2515.38,2432.32,2506.78,250583.2707,1787702400,2451.5514285714285,2063.1136,1877.6852525252525,77.39410562982303,164.35299468293397,115.06887135926218,49.28412332367179,287041.31951,0.3318350866007864,-2.0
2026-08-27 00:00:00,2506.78,2566.53,2481.74,2510.94,336914.06,1787788800,2477.8542857142857,2088.1368,1881.5387878787878,77.53020131896308,168.81098881225353,125.81729484986045,42.99369396239308,293373.19606000005,0.3337334806442016,-2.0
2026-08-28 00:00:00,2510.94,2535.05,2405.97,2442.8,361082.4672,1787875200,2467.3542857142857,2111.4288,1884.660404040404,70.08709509280122,164.94427778750696,133.64269143738977,31.30158635011719,308583.699765,0.3021321961620469,-2.0
2026-08-29 00:00:00,2442.79,2459.76,2430.45,2457.67,103523.9255,1787961600,2472.3642857142854,2134.9456,1888.618181818182,70.74709790466463,161.22130729475703,139.15841460886324,22.062892685893786,309367.129775,0.2843175167224081,-2.0
2026-08-30 00:00:00,2457.67,2534.98,2387.28,2416.88,268297.9503,1788048000,2465.717142857143,2155.2648,1891.6404040404043,66.41797190905987,153.21326708197785,141.96938510348616,11.243881978491686,312291.576185,0.2602028312954612,-2.0
2026-08-31 00:00:00,2416.89,2489.95,2401.35,2467.65,265221.8545,1788134400,2463.6228571428574,2177.8068000000003,1895.3555555555556,68.96363317210374,149.24316985450787,143.4241420536905,5.819027800817366,315887.64308,0.09537020596590895,-2.0
2026-09-01 00:00:00,2467.64,2485.5,2383.34,2418.57,276587.6824,1788220800,2460.184285714286,2197.9824000000003,1898.4420202020203,63.91925678491414,140.51670427908766,142.84265449876995,-2.3259502196822837,321154.227325,0.039431498783747854,-2.0
2026-09-02 00:00:00,2418.58,2429.0,2356.41,2391.92,285609.6463,1788307200,2443.7757142857145,2216.9896000000003,1901.6556565656565,61.29741283999346,129.95247393619047,140.26461838625406,-10.312144450063585,327727.6781,-0.04942971823709419,-2.0
2026-09-03 00:00:00,2391.91,2529.84,2370.14,2507.51,351147.3009,1788393600,2443.285714285714,2240.864,1906.5311111111114,67.52033533867458,129.4155701184086,138.09480873268498,-8.679238614276386,339878.854475,0.0350491207793282,-2.0
2026-09-04 00:00:00,2507.5,2546.66,2431.61,2455.85,412267.7587,1788480000,2445.15,2264.1716,1911.0356565656566,62.67040275154512,123.39907202620452,135.1556613913889,-11.756589365184368,358082.387865,-0.0030689166642986487,-2.0
2026-09-05 00:00:00,2455.86,2493.57,2444.47,2480.34,130096.5621,1788566400,2448.3885714285716,2288.0816,1915.7407070707072,63.99088517220574,119.23265247218478,131.97105960754809,-12.738407135363303,361158.494815,-0.000793615624156474,-2.0
2026-09-06 00:00:00,2480.33,2526.2,2460.92,2514.48,217690.0843,1788652800,2462.3314285714287,2313.4683999999997,1920.710808080808,65.80673252859543,117.33300578487888,129.04344884301426,-11.710443058135382,363256.634675,0.029410801427963262,-2.0
2026-09-07 00:00:00,2514.48,2536.64,2466.0,2475.13,198166.6444,1788739200,2463.4,2337.0276,1925.4392929292928,61.93026849790723,111.3685189981311,125.50846287403763,-14.139943875906539,365943.12147500005,-0.012625758941749998,-2.0
